2025-04-24 22:51:59,672 - INFO - Starting batch processing of all EA folders...
2025-04-24 22:51:59,672 - INFO - Processing Batch_0001
2025-04-24 22:51:59,698 - INFO - Successfully converted C:\Users\nikol\AppData\Roaming\MetaQuotes\Terminal\4B1CE69F577705455263BD980C39A82C\MQL5\Profiles\Tester\optimized\10 pips_01_opt.set to C:\Users\nikol\AppData\Roaming\MetaQuotes\Terminal\4B1CE69F577705455263BD980C39A82C\MQL5\Experts\Batch_0001\10 pips\ini\10 pips_01_opt.ini
2025-04-24 22:51:59,701 - INFO - Successfully converted C:\Users\nikol\AppData\Roaming\MetaQuotes\Terminal\4B1CE69F577705455263BD980C39A82C\MQL5\Profiles\Tester\optimized\10 pips EURUSD_01_opt.set to C:\Users\nikol\AppData\Roaming\MetaQuotes\Terminal\4B1CE69F577705455263BD980C39A82C\MQL5\Experts\Batch_0001\10 pips EURUSD\ini\10 pips EURUSD_01_opt.ini
2025-04-24 22:51:59,703 - INFO - Successfully converted C:\Users\nikol\AppData\Roaming\MetaQuotes\Terminal\4B1CE69F577705455263BD980C39A82C\MQL5\Profiles\Tester\optimized\1H EUR_USD_01_opt.set to C:\Users\nikol\AppData\Roaming\MetaQuotes\Terminal\4B1CE69F577705455263BD980C39A82C\MQL5\Experts\Batch_0001\1H EUR_USD\ini\1H EUR_USD_01_opt.ini
2025-04-24 22:51:59,706 - INFO - Successfully converted C:\Users\nikol\AppData\Roaming\MetaQuotes\Terminal\4B1CE69F577705455263BD980C39A82C\MQL5\Profiles\Tester\optimized\20011201_GBPUSD_M1_v2_01_opt.set to C:\Users\nikol\AppData\Roaming\MetaQuotes\Terminal\4B1CE69F577705455263BD980C39A82C\MQL5\Experts\Batch_0001\20011201_GBPUSD_M1_v2\ini\20011201_GBPUSD_M1_v2_01_opt.ini
2025-04-24 22:51:59,708 - INFO - Successfully converted C:\Users\nikol\AppData\Roaming\MetaQuotes\Terminal\4B1CE69F577705455263BD980C39A82C\MQL5\Profiles\Tester\optimized\21hour_01_opt.set to C:\Users\nikol\AppData\Roaming\MetaQuotes\Terminal\4B1CE69F577705455263BD980C39A82C\MQL5\Experts\Batch_0001\21hour\ini\21hour_01_opt.ini
2025-04-24 22:51:59,712 - INFO - Successfully converted C:\Users\nikol\AppData\Roaming\MetaQuotes\Terminal\4B1CE69F577705455263BD980C39A82C\MQL5\Profiles\Tester\optimized\2HR_HL_EA_v1.00_01_opt.set to C:\Users\nikol\AppData\Roaming\MetaQuotes\Terminal\4B1CE69F577705455263BD980C39A82C\MQL5\Experts\Batch_0001\2HR_HL_EA_v1.00\ini\2HR_HL_EA_v1.00_01_opt.ini
2025-04-24 22:51:59,714 - INFO - Successfully converted C:\Users\nikol\AppData\Roaming\MetaQuotes\Terminal\4B1CE69F577705455263BD980C39A82C\MQL5\Profiles\Tester\optimized\2MA Bunny Cross Expert_01_opt.set to C:\Users\nikol\AppData\Roaming\MetaQuotes\Terminal\4B1CE69F577705455263BD980C39A82C\MQL5\Experts\Batch_0001\2MA Bunny Cross Expert\ini\2MA Bunny Cross Expert_01_opt.ini
2025-04-24 22:51:59,717 - INFO - Successfully converted C:\Users\nikol\AppData\Roaming\MetaQuotes\Terminal\4B1CE69F577705455263BD980C39A82C\MQL5\Profiles\Tester\optimized\2MA_4Level_01_opt.set to C:\Users\nikol\AppData\Roaming\MetaQuotes\Terminal\4B1CE69F577705455263BD980C39A82C\MQL5\Experts\Batch_0001\2MA_4Level\ini\2MA_4Level_01_opt.ini
2025-04-24 22:51:59,720 - INFO - Successfully converted C:\Users\nikol\AppData\Roaming\MetaQuotes\Terminal\4B1CE69F577705455263BD980C39A82C\MQL5\Profiles\Tester\optimized\3-bars-high-low-indicator_01_opt.set to C:\Users\nikol\AppData\Roaming\MetaQuotes\Terminal\4B1CE69F577705455263BD980C39A82C\MQL5\Experts\Batch_0001\3-bars-high-low-indicator\ini\3-bars-high-low-indicator_01_opt.ini
2025-04-24 22:51:59,722 - INFO - Successfully converted C:\Users\nikol\AppData\Roaming\MetaQuotes\Terminal\4B1CE69F577705455263BD980C39A82C\MQL5\Profiles\Tester\optimized\3.5_Pip_Scalper_EA_01_opt.set to C:\Users\nikol\AppData\Roaming\MetaQuotes\Terminal\4B1CE69F577705455263BD980C39A82C\MQL5\Experts\Batch_0001\3.5_Pip_Scalper_EA\ini\3.5_Pip_Scalper_EA_01_opt.ini
2025-04-24 22:51:59,722 - INFO - Processing Batch_0002
2025-04-24 22:51:59,725 - INFO - Successfully converted C:\Users\nikol\AppData\Roaming\MetaQuotes\Terminal\4B1CE69F577705455263BD980C39A82C\MQL5\Profiles\Tester\optimized\3BarsHighLowEA_01_opt.set to C:\Users\nikol\AppData\Roaming\MetaQuotes\Terminal\4B1CE69F577705455263BD980C39A82C\MQL5\Experts\Batch_0002\3BarsHighLowEA\ini\3BarsHighLowEA_01_opt.ini
2025-04-24 22:51:59,728 - INFO - Successfully converted C:\Users\nikol\AppData\Roaming\MetaQuotes\Terminal\4B1CE69F577705455263BD980C39A82C\MQL5\Profiles\Tester\optimized\3sma_01_opt.set to C:\Users\nikol\AppData\Roaming\MetaQuotes\Terminal\4B1CE69F577705455263BD980C39A82C\MQL5\Experts\Batch_0002\3sma\ini\3sma_01_opt.ini
2025-04-24 22:51:59,729 - INFO - Successfully converted C:\Users\nikol\AppData\Roaming\MetaQuotes\Terminal\4B1CE69F577705455263BD980C39A82C\MQL5\Profiles\Tester\optimized\3sma_v2_01_opt.set to C:\Users\nikol\AppData\Roaming\MetaQuotes\Terminal\4B1CE69F577705455263BD980C39A82C\MQL5\Experts\Batch_0002\3sma\ini\3sma_v2_01_opt.ini
2025-04-24 22:51:59,731 - INFO - Successfully converted C:\Users\nikol\AppData\Roaming\MetaQuotes\Terminal\4B1CE69F577705455263BD980C39A82C\MQL5\Profiles\Tester\optimized\3sma_v2_01_opt.set to C:\Users\nikol\AppData\Roaming\MetaQuotes\Terminal\4B1CE69F577705455263BD980C39A82C\MQL5\Experts\Batch_0002\3sma_v2\ini\3sma_v2_01_opt.ini
2025-04-24 22:51:59,734 - INFO - Successfully converted C:\Users\nikol\AppData\Roaming\MetaQuotes\Terminal\4B1CE69F577705455263BD980C39A82C\MQL5\Profiles\Tester\optimized\500_01_opt.set to C:\Users\nikol\AppData\Roaming\MetaQuotes\Terminal\4B1CE69F577705455263BD980C39A82C\MQL5\Experts\Batch_0002\500\ini\500_01_opt.ini
2025-04-24 22:51:59,737 - INFO - Successfully converted C:\Users\nikol\AppData\Roaming\MetaQuotes\Terminal\4B1CE69F577705455263BD980C39A82C\MQL5\Profiles\Tester\optimized\55 MA_01_opt.set to C:\Users\nikol\AppData\Roaming\MetaQuotes\Terminal\4B1CE69F577705455263BD980C39A82C\MQL5\Experts\Batch_0002\55 MA\ini\55 MA_01_opt.ini
2025-04-24 22:51:59,738 - WARNING - No .set files found for EA: A
2025-04-24 22:51:59,740 - INFO - Successfully converted C:\Users\nikol\AppData\Roaming\MetaQuotes\Terminal\4B1CE69F577705455263BD980C39A82C\MQL5\Profiles\Tester\optimized\Above Below MA_01_opt.set to C:\Users\nikol\AppData\Roaming\MetaQuotes\Terminal\4B1CE69F577705455263BD980C39A82C\MQL5\Experts\Batch_0002\Above Below MA\ini\Above Below MA_01_opt.ini
2025-04-24 22:51:59,743 - INFO - Successfully converted C:\Users\nikol\AppData\Roaming\MetaQuotes\Terminal\4B1CE69F577705455263BD980C39A82C\MQL5\Profiles\Tester\optimized\Absorption_01_opt.set to C:\Users\nikol\AppData\Roaming\MetaQuotes\Terminal\4B1CE69F577705455263BD980C39A82C\MQL5\Experts\Batch_0002\Absorption\ini\Absorption_01_opt.ini
2025-04-24 22:51:59,744 - WARNING - No .set files found for EA: AC ACADEMY US30 EA MT5@YoForexPremium
2025-04-24 22:51:59,746 - WARNING - No .set files found for EA: Accumulator EA MT5@YoForexPremium
2025-04-24 22:51:59,746 - INFO - Processing Batch_0003
2025-04-24 22:51:59,748 - INFO - Successfully converted C:\Users\nikol\AppData\Roaming\MetaQuotes\Terminal\4B1CE69F577705455263BD980C39A82C\MQL5\Profiles\Tester\optimized\ADX & MA_01_opt.set to C:\Users\nikol\AppData\Roaming\MetaQuotes\Terminal\4B1CE69F577705455263BD980C39A82C\MQL5\Experts\Batch_0003\ADX & MA\ini\ADX & MA_01_opt.ini
2025-04-24 22:51:59,752 - INFO - Successfully converted C:\Users\nikol\AppData\Roaming\MetaQuotes\Terminal\4B1CE69F577705455263BD980C39A82C\MQL5\Profiles\Tester\optimized\ADX MACD Deev_01_opt.set to C:\Users\nikol\AppData\Roaming\MetaQuotes\Terminal\4B1CE69F577705455263BD980C39A82C\MQL5\Experts\Batch_0003\ADX MACD Deev\ini\ADX MACD Deev_01_opt.ini
2025-04-24 22:51:59,754 - INFO - Successfully converted C:\Users\nikol\AppData\Roaming\MetaQuotes\Terminal\4B1CE69F577705455263BD980C39A82C\MQL5\Profiles\Tester\optimized\ADX System_01_opt.set to C:\Users\nikol\AppData\Roaming\MetaQuotes\Terminal\4B1CE69F577705455263BD980C39A82C\MQL5\Experts\Batch_0003\ADX System\ini\ADX System_01_opt.ini
2025-04-24 22:51:59,756 - WARNING - No .set files found for EA: AI GOLD EA
2025-04-24 22:51:59,757 - WARNING - No .set files found for EA: AI Trader EA MT5@YoForexPremium
2025-04-24 22:51:59,758 - WARNING - No .set files found for EA: AI TUNE EA V3.0 MT5@YoforexPremium
2025-04-24 22:51:59,760 - WARNING - No .set files found for EA: AI Tune EA V3.3 MT5@YoforexPremium
2025-04-24 22:51:59,762 - WARNING - No .set files found for EA: AI TUNE FIXED@YFP
2025-04-24 22:51:59,765 - INFO - Successfully converted C:\Users\nikol\AppData\Roaming\MetaQuotes\Terminal\4B1CE69F577705455263BD980C39A82C\MQL5\Profiles\Tester\optimized\AIS1_01_opt.set to C:\Users\nikol\AppData\Roaming\MetaQuotes\Terminal\4B1CE69F577705455263BD980C39A82C\MQL5\Experts\Batch_0003\AIS1\ini\AIS1_01_opt.ini
2025-04-24 22:51:59,768 - INFO - Successfully converted C:\Users\nikol\AppData\Roaming\MetaQuotes\Terminal\4B1CE69F577705455263BD980C39A82C\MQL5\Profiles\Tester\optimized\AK-47 Scalper EA - MT5_01_opt.set to C:\Users\nikol\AppData\Roaming\MetaQuotes\Terminal\4B1CE69F577705455263BD980C39A82C\MQL5\Experts\Batch_0003\AK-47 Scalper EA - MT5\ini\AK-47 Scalper EA - MT5_01_opt.ini
2025-04-24 22:51:59,768 - INFO - Processing Batch_0004
2025-04-24 22:51:59,771 - INFO - Successfully converted C:\Users\nikol\AppData\Roaming\MetaQuotes\Terminal\4B1CE69F577705455263BD980C39A82C\MQL5\Profiles\Tester\optimized\AK-47 Scalper EA @yoforexPremium- MT5_01_opt.set to C:\Users\nikol\AppData\Roaming\MetaQuotes\Terminal\4B1CE69F577705455263BD980C39A82C\MQL5\Experts\Batch_0004\AK-47 Scalper EA @yoforexPremium- MT5\ini\AK-47 Scalper EA @yoforexPremium- MT5_01_opt.ini
2025-04-24 22:51:59,773 - WARNING - No .set files found for EA: AK-47 Scalper EA V1 MT4 with sourcecode@YoforexPremium - MT5
2025-04-24 22:51:59,775 - WARNING - No .set files found for EA: ALCHEMIST@YoforexPremium
2025-04-24 22:51:59,778 - INFO - Successfully converted C:\Users\nikol\AppData\Roaming\MetaQuotes\Terminal\4B1CE69F577705455263BD980C39A82C\MQL5\Profiles\Tester\optimized\Alexav D1 Profit GBPUSD_01_opt.set to C:\Users\nikol\AppData\Roaming\MetaQuotes\Terminal\4B1CE69F577705455263BD980C39A82C\MQL5\Experts\Batch_0004\Alexav D1 Profit GBPUSD\ini\Alexav D1 Profit GBPUSD_01_opt.ini
2025-04-24 22:51:59,780 - INFO - Successfully converted C:\Users\nikol\AppData\Roaming\MetaQuotes\Terminal\4B1CE69F577705455263BD980C39A82C\MQL5\Profiles\Tester\optimized\Alligator_01_opt.set to C:\Users\nikol\AppData\Roaming\MetaQuotes\Terminal\4B1CE69F577705455263BD980C39A82C\MQL5\Experts\Batch_0004\Alligator\ini\Alligator_01_opt.ini
2025-04-24 22:51:59,783 - INFO - Successfully converted C:\Users\nikol\AppData\Roaming\MetaQuotes\Terminal\4B1CE69F577705455263BD980C39A82C\MQL5\Profiles\Tester\optimized\Alligator Simple v1.0_01_opt.set to C:\Users\nikol\AppData\Roaming\MetaQuotes\Terminal\4B1CE69F577705455263BD980C39A82C\MQL5\Experts\Batch_0004\Alligator Simple v1.0\ini\Alligator Simple v1.0_01_opt.ini
2025-04-24 22:51:59,785 - INFO - Successfully converted C:\Users\nikol\AppData\Roaming\MetaQuotes\Terminal\4B1CE69F577705455263BD980C39A82C\MQL5\Profiles\Tester\optimized\All_Average_Ea_01_opt.set to C:\Users\nikol\AppData\Roaming\MetaQuotes\Terminal\4B1CE69F577705455263BD980C39A82C\MQL5\Experts\Batch_0004\All_Average_Ea\ini\All_Average_Ea_01_opt.ini
2025-04-24 22:51:59,787 - WARNING - No .set files found for EA: Alpha Zero AI Robot V1.0 MT5@YoForexPremium
2025-04-24 22:51:59,790 - INFO - Successfully converted C:\Users\nikol\AppData\Roaming\MetaQuotes\Terminal\4B1CE69F577705455263BD980C39A82C\MQL5\Profiles\Tester\optimized\Altarius_RSI_Stohastic_01_opt.set to C:\Users\nikol\AppData\Roaming\MetaQuotes\Terminal\4B1CE69F577705455263BD980C39A82C\MQL5\Experts\Batch_0004\Altarius_RSI_Stohastic\ini\Altarius_RSI_Stohastic_01_opt.ini
2025-04-24 22:51:59,793 - INFO - Successfully converted C:\Users\nikol\AppData\Roaming\MetaQuotes\Terminal\4B1CE69F577705455263BD980C39A82C\MQL5\Profiles\Tester\optimized\AMA Trader_01_opt.set to C:\Users\nikol\AppData\Roaming\MetaQuotes\Terminal\4B1CE69F577705455263BD980C39A82C\MQL5\Experts\Batch_0004\AMA Trader\ini\AMA Trader_01_opt.ini
2025-04-24 22:51:59,793 - INFO - Processing Batch_0005
2025-04-24 22:51:59,796 - INFO - Successfully converted C:\Users\nikol\AppData\Roaming\MetaQuotes\Terminal\4B1CE69F577705455263BD980C39A82C\MQL5\Profiles\Tester\optimized\AMA Trader 2_01_opt.set to C:\Users\nikol\AppData\Roaming\MetaQuotes\Terminal\4B1CE69F577705455263BD980C39A82C\MQL5\Experts\Batch_0005\AMA Trader 2\ini\AMA Trader 2_01_opt.ini
2025-04-24 22:51:59,799 - INFO - Successfully converted C:\Users\nikol\AppData\Roaming\MetaQuotes\Terminal\4B1CE69F577705455263BD980C39A82C\MQL5\Profiles\Tester\optimized\AOCCI_01_opt.set to C:\Users\nikol\AppData\Roaming\MetaQuotes\Terminal\4B1CE69F577705455263BD980C39A82C\MQL5\Experts\Batch_0005\AOCCI\ini\AOCCI_01_opt.ini
2025-04-24 22:51:59,801 - INFO - Successfully converted C:\Users\nikol\AppData\Roaming\MetaQuotes\Terminal\4B1CE69F577705455263BD980C39A82C\MQL5\Profiles\Tester\optimized\AO_Lightning_01_opt.set to C:\Users\nikol\AppData\Roaming\MetaQuotes\Terminal\4B1CE69F577705455263BD980C39A82C\MQL5\Experts\Batch_0005\AO_Lightning\ini\AO_Lightning_01_opt.ini
2025-04-24 22:51:59,804 - INFO - Successfully converted C:\Users\nikol\AppData\Roaming\MetaQuotes\Terminal\4B1CE69F577705455263BD980C39A82C\MQL5\Profiles\Tester\optimized\Arbitrage_01_opt.set to C:\Users\nikol\AppData\Roaming\MetaQuotes\Terminal\4B1CE69F577705455263BD980C39A82C\MQL5\Experts\Batch_0005\Arbitrage\ini\Arbitrage_01_opt.ini
2025-04-24 22:51:59,806 - INFO - Successfully converted C:\Users\nikol\AppData\Roaming\MetaQuotes\Terminal\4B1CE69F577705455263BD980C39A82C\MQL5\Profiles\Tester\optimized\ArbSint_01_opt.set to C:\Users\nikol\AppData\Roaming\MetaQuotes\Terminal\4B1CE69F577705455263BD980C39A82C\MQL5\Experts\Batch_0005\ArbSint\ini\ArbSint_01_opt.ini
2025-04-24 22:51:59,809 - INFO - Successfully converted C:\Users\nikol\AppData\Roaming\MetaQuotes\Terminal\4B1CE69F577705455263BD980C39A82C\MQL5\Profiles\Tester\optimized\Area MACD_01_opt.set to C:\Users\nikol\AppData\Roaming\MetaQuotes\Terminal\4B1CE69F577705455263BD980C39A82C\MQL5\Experts\Batch_0005\Area MACD\ini\Area MACD_01_opt.ini
2025-04-24 22:51:59,812 - INFO - Successfully converted C:\Users\nikol\AppData\Roaming\MetaQuotes\Terminal\4B1CE69F577705455263BD980C39A82C\MQL5\Profiles\Tester\optimized\Artificial Intelligence_01_opt.set to C:\Users\nikol\AppData\Roaming\MetaQuotes\Terminal\4B1CE69F577705455263BD980C39A82C\MQL5\Experts\Batch_0005\Artificial Intelligence\ini\Artificial Intelligence_01_opt.ini
2025-04-24 22:51:59,815 - INFO - Successfully converted C:\Users\nikol\AppData\Roaming\MetaQuotes\Terminal\4B1CE69F577705455263BD980C39A82C\MQL5\Profiles\Tester\optimized\At random_01_opt.set to C:\Users\nikol\AppData\Roaming\MetaQuotes\Terminal\4B1CE69F577705455263BD980C39A82C\MQL5\Experts\Batch_0005\At random\ini\At random_01_opt.ini
2025-04-24 22:51:59,818 - INFO - Successfully converted C:\Users\nikol\AppData\Roaming\MetaQuotes\Terminal\4B1CE69F577705455263BD980C39A82C\MQL5\Profiles\Tester\optimized\At random Full_01_opt.set to C:\Users\nikol\AppData\Roaming\MetaQuotes\Terminal\4B1CE69F577705455263BD980C39A82C\MQL5\Experts\Batch_0005\At random Full\ini\At random Full_01_opt.ini
2025-04-24 22:51:59,819 - WARNING - No .set files found for EA: ATR SCLAPER
2025-04-24 22:51:59,819 - INFO - Processing Batch_0006
2025-04-24 22:51:59,821 - WARNING - No .set files found for EA: ATR SCLAPER EA MT5@YoforexPremium
2025-04-24 22:51:59,824 - INFO - Successfully converted C:\Users\nikol\AppData\Roaming\MetaQuotes\Terminal\4B1CE69F577705455263BD980C39A82C\MQL5\Profiles\Tester\optimized\Auto ADX_01_opt.set to C:\Users\nikol\AppData\Roaming\MetaQuotes\Terminal\4B1CE69F577705455263BD980C39A82C\MQL5\Experts\Batch_0006\Auto ADX\ini\Auto ADX_01_opt.ini
2025-04-24 22:51:59,826 - INFO - Successfully converted C:\Users\nikol\AppData\Roaming\MetaQuotes\Terminal\4B1CE69F577705455263BD980C39A82C\MQL5\Profiles\Tester\optimized\Auto-Pivot_Plotter_%28Mid-Levels%29_V1-41_01_opt.set to C:\Users\nikol\AppData\Roaming\MetaQuotes\Terminal\4B1CE69F577705455263BD980C39A82C\MQL5\Experts\Batch_0006\Auto-Pivot_Plotter_%28Mid-Levels%29_V1-41\ini\Auto-Pivot_Plotter_%28Mid-Levels%29_V1-41_01_opt.ini
2025-04-24 22:51:59,829 - INFO - Successfully converted C:\Users\nikol\AppData\Roaming\MetaQuotes\Terminal\4B1CE69F577705455263BD980C39A82C\MQL5\Profiles\Tester\optimized\AutoLock_EA_v2_01_opt.set to C:\Users\nikol\AppData\Roaming\MetaQuotes\Terminal\4B1CE69F577705455263BD980C39A82C\MQL5\Experts\Batch_0006\AutoLock_EA_v2\ini\AutoLock_EA_v2_01_opt.ini
2025-04-24 22:51:59,832 - INFO - Successfully converted C:\Users\nikol\AppData\Roaming\MetaQuotes\Terminal\4B1CE69F577705455263BD980C39A82C\MQL5\Profiles\Tester\optimized\Autotrader Momentum_01_opt.set to C:\Users\nikol\AppData\Roaming\MetaQuotes\Terminal\4B1CE69F577705455263BD980C39A82C\MQL5\Experts\Batch_0006\Autotrader Momentum\ini\Autotrader Momentum_01_opt.ini
2025-04-24 22:51:59,834 - INFO - Successfully converted C:\Users\nikol\AppData\Roaming\MetaQuotes\Terminal\4B1CE69F577705455263BD980C39A82C\MQL5\Profiles\Tester\optimized\Avalanche AV_01_opt.set to C:\Users\nikol\AppData\Roaming\MetaQuotes\Terminal\4B1CE69F577705455263BD980C39A82C\MQL5\Experts\Batch_0006\Avalanche AV\ini\Avalanche AV_01_opt.ini
2025-04-24 22:51:59,837 - INFO - Successfully converted C:\Users\nikol\AppData\Roaming\MetaQuotes\Terminal\4B1CE69F577705455263BD980C39A82C\MQL5\Profiles\Tester\optimized\Backbone_01_opt.set to C:\Users\nikol\AppData\Roaming\MetaQuotes\Terminal\4B1CE69F577705455263BD980C39A82C\MQL5\Experts\Batch_0006\Backbone\ini\Backbone_01_opt.ini
2025-04-24 22:51:59,839 - WARNING - No .set files found for EA: backtrader-master
2025-04-24 22:51:59,841 - INFO - Successfully converted C:\Users\nikol\AppData\Roaming\MetaQuotes\Terminal\4B1CE69F577705455263BD980C39A82C\MQL5\Profiles\Tester\optimized\BADX_01_opt.set to C:\Users\nikol\AppData\Roaming\MetaQuotes\Terminal\4B1CE69F577705455263BD980C39A82C\MQL5\Experts\Batch_0006\BADX\ini\BADX_01_opt.ini
2025-04-24 22:51:59,844 - INFO - Successfully converted C:\Users\nikol\AppData\Roaming\MetaQuotes\Terminal\4B1CE69F577705455263BD980C39A82C\MQL5\Profiles\Tester\optimized\Bago EA_01_opt.set to C:\Users\nikol\AppData\Roaming\MetaQuotes\Terminal\4B1CE69F577705455263BD980C39A82C\MQL5\Experts\Batch_0006\Bago EA\ini\Bago EA_01_opt.ini
2025-04-24 22:51:59,844 - INFO - Processing Batch_0007
2025-04-24 22:51:59,847 - INFO - Successfully converted C:\Users\nikol\AppData\Roaming\MetaQuotes\Terminal\4B1CE69F577705455263BD980C39A82C\MQL5\Profiles\Tester\optimized\BalancedScalper%20EA_01_opt.set to C:\Users\nikol\AppData\Roaming\MetaQuotes\Terminal\4B1CE69F577705455263BD980C39A82C\MQL5\Experts\Batch_0007\BalancedScalper%20EA\ini\BalancedScalper%20EA_01_opt.ini
2025-04-24 22:51:59,850 - INFO - Successfully converted C:\Users\nikol\AppData\Roaming\MetaQuotes\Terminal\4B1CE69F577705455263BD980C39A82C\MQL5\Profiles\Tester\optimized\Bands 2_01_opt.set to C:\Users\nikol\AppData\Roaming\MetaQuotes\Terminal\4B1CE69F577705455263BD980C39A82C\MQL5\Experts\Batch_0007\Bands 2\ini\Bands 2_01_opt.ini
2025-04-24 22:51:59,852 - INFO - Successfully converted C:\Users\nikol\AppData\Roaming\MetaQuotes\Terminal\4B1CE69F577705455263BD980C39A82C\MQL5\Profiles\Tester\optimized\BARS Alligator_01_opt.set to C:\Users\nikol\AppData\Roaming\MetaQuotes\Terminal\4B1CE69F577705455263BD980C39A82C\MQL5\Experts\Batch_0007\BARS Alligator\ini\BARS Alligator_01_opt.ini
2025-04-24 22:51:59,855 - INFO - Successfully converted C:\Users\nikol\AppData\Roaming\MetaQuotes\Terminal\4B1CE69F577705455263BD980C39A82C\MQL5\Profiles\Tester\optimized\Basic CCI RSI_01_opt.set to C:\Users\nikol\AppData\Roaming\MetaQuotes\Terminal\4B1CE69F577705455263BD980C39A82C\MQL5\Experts\Batch_0007\Basic CCI RSI\ini\Basic CCI RSI_01_opt.ini
2025-04-24 22:51:59,857 - INFO - Successfully converted C:\Users\nikol\AppData\Roaming\MetaQuotes\Terminal\4B1CE69F577705455263BD980C39A82C\MQL5\Profiles\Tester\optimized\Basic Martingale EA 3_01_opt.set to C:\Users\nikol\AppData\Roaming\MetaQuotes\Terminal\4B1CE69F577705455263BD980C39A82C\MQL5\Experts\Batch_0007\Basic Martingale EA 3\ini\Basic Martingale EA 3_01_opt.ini
2025-04-24 22:51:59,859 - WARNING - No .set files found for EA: bb-automated
2025-04-24 22:51:59,862 - INFO - Successfully converted C:\Users\nikol\AppData\Roaming\MetaQuotes\Terminal\4B1CE69F577705455263BD980C39A82C\MQL5\Profiles\Tester\optimized\BBPercentile_01_opt.set to C:\Users\nikol\AppData\Roaming\MetaQuotes\Terminal\4B1CE69F577705455263BD980C39A82C\MQL5\Experts\Batch_0007\BBPercentile\ini\BBPercentile_01_opt.ini
2025-04-24 22:51:59,863 - INFO - Successfully converted C:\Users\nikol\AppData\Roaming\MetaQuotes\Terminal\4B1CE69F577705455263BD980C39A82C\MQL5\Profiles\Tester\optimized\BBPercentile_EA_01_opt.set to C:\Users\nikol\AppData\Roaming\MetaQuotes\Terminal\4B1CE69F577705455263BD980C39A82C\MQL5\Experts\Batch_0007\BBPercentile\ini\BBPercentile_EA_01_opt.ini
2025-04-24 22:51:59,866 - INFO - Successfully converted C:\Users\nikol\AppData\Roaming\MetaQuotes\Terminal\4B1CE69F577705455263BD980C39A82C\MQL5\Profiles\Tester\optimized\BBPercentile_EA_01_opt.set to C:\Users\nikol\AppData\Roaming\MetaQuotes\Terminal\4B1CE69F577705455263BD980C39A82C\MQL5\Experts\Batch_0007\BBPercentile_EA\ini\BBPercentile_EA_01_opt.ini
2025-04-24 22:51:59,868 - INFO - Successfully converted C:\Users\nikol\AppData\Roaming\MetaQuotes\Terminal\4B1CE69F577705455263BD980C39A82C\MQL5\Profiles\Tester\optimized\BB_stops_MT5_01_opt.set to C:\Users\nikol\AppData\Roaming\MetaQuotes\Terminal\4B1CE69F577705455263BD980C39A82C\MQL5\Experts\Batch_0007\BB_stops_MT5\ini\BB_stops_MT5_01_opt.ini
2025-04-24 22:51:59,872 - INFO - Successfully converted C:\Users\nikol\AppData\Roaming\MetaQuotes\Terminal\4B1CE69F577705455263BD980C39A82C\MQL5\Profiles\Tester\optimized\BDCrossOver%20EA_01_opt.set to C:\Users\nikol\AppData\Roaming\MetaQuotes\Terminal\4B1CE69F577705455263BD980C39A82C\MQL5\Experts\Batch_0007\BDCrossOver%20EA\ini\BDCrossOver%20EA_01_opt.ini
2025-04-24 22:51:59,872 - INFO - Processing Batch_0008
2025-04-24 22:51:59,874 - WARNING - No .set files found for EA: BEAR row full EA
2025-04-24 22:51:59,877 - INFO - Successfully converted C:\Users\nikol\AppData\Roaming\MetaQuotes\Terminal\4B1CE69F577705455263BD980C39A82C\MQL5\Profiles\Tester\optimized\BIG DOG_01_opt.set to C:\Users\nikol\AppData\Roaming\MetaQuotes\Terminal\4B1CE69F577705455263BD980C39A82C\MQL5\Experts\Batch_0008\BIG DOG\ini\BIG DOG_01_opt.ini
2025-04-24 22:51:59,878 - WARNING - No .set files found for EA: BIG RECOVERY EA MT5@YoForexPremium
2025-04-24 22:51:59,881 - INFO - Successfully converted C:\Users\nikol\AppData\Roaming\MetaQuotes\Terminal\4B1CE69F577705455263BD980C39A82C\MQL5\Profiles\Tester\optimized\Bill Williams_01_opt.set to C:\Users\nikol\AppData\Roaming\MetaQuotes\Terminal\4B1CE69F577705455263BD980C39A82C\MQL5\Experts\Batch_0008\Bill Williams\ini\Bill Williams_01_opt.ini
2025-04-24 22:51:59,884 - INFO - Successfully converted C:\Users\nikol\AppData\Roaming\MetaQuotes\Terminal\4B1CE69F577705455263BD980C39A82C\MQL5\Profiles\Tester\optimized\bollinger_01_opt.set to C:\Users\nikol\AppData\Roaming\MetaQuotes\Terminal\4B1CE69F577705455263BD980C39A82C\MQL5\Experts\Batch_0008\bollinger\ini\bollinger_01_opt.ini
2025-04-24 22:51:59,887 - INFO - Successfully converted C:\Users\nikol\AppData\Roaming\MetaQuotes\Terminal\4B1CE69F577705455263BD980C39A82C\MQL5\Profiles\Tester\optimized\Bollinger Band Two MA and Zig-Zag_01_opt.set to C:\Users\nikol\AppData\Roaming\MetaQuotes\Terminal\4B1CE69F577705455263BD980C39A82C\MQL5\Experts\Batch_0008\Bollinger Band Two MA and Zig-Zag\ini\Bollinger Band Two MA and Zig-Zag_01_opt.ini
2025-04-24 22:51:59,889 - INFO - Successfully converted C:\Users\nikol\AppData\Roaming\MetaQuotes\Terminal\4B1CE69F577705455263BD980C39A82C\MQL5\Profiles\Tester\optimized\Bollinger Bands N positions_01_opt.set to C:\Users\nikol\AppData\Roaming\MetaQuotes\Terminal\4B1CE69F577705455263BD980C39A82C\MQL5\Experts\Batch_0008\Bollinger Bands N positions\ini\Bollinger Bands N positions_01_opt.ini
2025-04-24 22:51:59,891 - INFO - Successfully converted C:\Users\nikol\AppData\Roaming\MetaQuotes\Terminal\4B1CE69F577705455263BD980C39A82C\MQL5\Profiles\Tester\optimized\Bollinger Bands RSI_01_opt.set to C:\Users\nikol\AppData\Roaming\MetaQuotes\Terminal\4B1CE69F577705455263BD980C39A82C\MQL5\Experts\Batch_0008\Bollinger Bands RSI\ini\Bollinger Bands RSI_01_opt.ini
2025-04-24 22:51:59,893 - WARNING - No .set files found for EA: BORN4PIPS EA (1)@YoForexPremium
2025-04-24 22:51:59,894 - WARNING - No .set files found for EA: BORN4PIPS EA MT5@YoForexPremium
2025-04-24 22:51:59,894 - INFO - Processing Batch_0009
2025-04-24 22:51:59,897 - INFO - Successfully converted C:\Users\nikol\AppData\Roaming\MetaQuotes\Terminal\4B1CE69F577705455263BD980C39A82C\MQL5\Profiles\Tester\optimized\Brakeout_Trader_v1_01_opt.set to C:\Users\nikol\AppData\Roaming\MetaQuotes\Terminal\4B1CE69F577705455263BD980C39A82C\MQL5\Experts\Batch_0009\Brakeout_Trader_v1\ini\Brakeout_Trader_v1_01_opt.ini
2025-04-24 22:51:59,900 - INFO - Successfully converted C:\Users\nikol\AppData\Roaming\MetaQuotes\Terminal\4B1CE69F577705455263BD980C39A82C\MQL5\Profiles\Tester\optimized\Brandy_01_opt.set to C:\Users\nikol\AppData\Roaming\MetaQuotes\Terminal\4B1CE69F577705455263BD980C39A82C\MQL5\Experts\Batch_0009\Brandy\ini\Brandy_01_opt.ini
2025-04-24 22:51:59,902 - WARNING - No .set files found for EA: Brazilian EA MT5@YoforexPremium
2025-04-24 22:51:59,904 - INFO - Successfully converted C:\Users\nikol\AppData\Roaming\MetaQuotes\Terminal\4B1CE69F577705455263BD980C39A82C\MQL5\Profiles\Tester\optimized\Breadandbutter2_01_opt.set to C:\Users\nikol\AppData\Roaming\MetaQuotes\Terminal\4B1CE69F577705455263BD980C39A82C\MQL5\Experts\Batch_0009\Breadandbutter2\ini\Breadandbutter2_01_opt.ini
2025-04-24 22:51:59,907 - INFO - Successfully converted C:\Users\nikol\AppData\Roaming\MetaQuotes\Terminal\4B1CE69F577705455263BD980C39A82C\MQL5\Profiles\Tester\optimized\breakdown_01_opt.set to C:\Users\nikol\AppData\Roaming\MetaQuotes\Terminal\4B1CE69F577705455263BD980C39A82C\MQL5\Experts\Batch_0009\breakdown\ini\breakdown_01_opt.ini
2025-04-24 22:51:59,909 - INFO - Successfully converted C:\Users\nikol\AppData\Roaming\MetaQuotes\Terminal\4B1CE69F577705455263BD980C39A82C\MQL5\Profiles\Tester\optimized\Breakdown catcher_01_opt.set to C:\Users\nikol\AppData\Roaming\MetaQuotes\Terminal\4B1CE69F577705455263BD980C39A82C\MQL5\Experts\Batch_0009\Breakdown catcher\ini\Breakdown catcher_01_opt.ini
2025-04-24 22:51:59,912 - INFO - Successfully converted C:\Users\nikol\AppData\Roaming\MetaQuotes\Terminal\4B1CE69F577705455263BD980C39A82C\MQL5\Profiles\Tester\optimized\Breakout_Str_01_opt.set to C:\Users\nikol\AppData\Roaming\MetaQuotes\Terminal\4B1CE69F577705455263BD980C39A82C\MQL5\Experts\Batch_0009\Breakout_Str\ini\Breakout_Str_01_opt.ini
2025-04-24 22:51:59,915 - INFO - Successfully converted C:\Users\nikol\AppData\Roaming\MetaQuotes\Terminal\4B1CE69F577705455263BD980C39A82C\MQL5\Profiles\Tester\optimized\Bronze Warrioir_01_opt.set to C:\Users\nikol\AppData\Roaming\MetaQuotes\Terminal\4B1CE69F577705455263BD980C39A82C\MQL5\Experts\Batch_0009\Bronze Warrioir\ini\Bronze Warrioir_01_opt.ini
2025-04-24 22:51:59,917 - INFO - Successfully converted C:\Users\nikol\AppData\Roaming\MetaQuotes\Terminal\4B1CE69F577705455263BD980C39A82C\MQL5\Profiles\Tester\optimized\Bruno_01_opt.set to C:\Users\nikol\AppData\Roaming\MetaQuotes\Terminal\4B1CE69F577705455263BD980C39A82C\MQL5\Experts\Batch_0009\Bruno\ini\Bruno_01_opt.ini
2025-04-24 22:51:59,920 - INFO - Successfully converted C:\Users\nikol\AppData\Roaming\MetaQuotes\Terminal\4B1CE69F577705455263BD980C39A82C\MQL5\Profiles\Tester\optimized\BSS 1_0_01_opt.set to C:\Users\nikol\AppData\Roaming\MetaQuotes\Terminal\4B1CE69F577705455263BD980C39A82C\MQL5\Experts\Batch_0009\BSS 1_0\ini\BSS 1_0_01_opt.ini
2025-04-24 22:51:59,920 - INFO - Processing Batch_0010
2025-04-24 22:51:59,922 - WARNING - No .set files found for EA: BTA Optimal Trade Zone EA v.1.0 MT5@YoForexPremium
2025-04-24 22:51:59,923 - WARNING - No .set files found for EA: BTA Sniper Entry v.1.0 EA MT5@YoForexPremium
2025-04-24 22:51:59,925 - WARNING - No .set files found for EA: BULL row full EA
2025-04-24 22:51:59,927 - INFO - Successfully converted C:\Users\nikol\AppData\Roaming\MetaQuotes\Terminal\4B1CE69F577705455263BD980C39A82C\MQL5\Profiles\Tester\optimized\Bullish and Bearish Engulfing_01_opt.set to C:\Users\nikol\AppData\Roaming\MetaQuotes\Terminal\4B1CE69F577705455263BD980C39A82C\MQL5\Experts\Batch_0010\Bullish and Bearish Engulfing\ini\Bullish and Bearish Engulfing_01_opt.ini
2025-04-24 22:51:59,930 - INFO - Successfully converted C:\Users\nikol\AppData\Roaming\MetaQuotes\Terminal\4B1CE69F577705455263BD980C39A82C\MQL5\Profiles\Tester\optimized\Burg Extrapolator_01_opt.set to C:\Users\nikol\AppData\Roaming\MetaQuotes\Terminal\4B1CE69F577705455263BD980C39A82C\MQL5\Experts\Batch_0010\Burg Extrapolator\ini\Burg Extrapolator_01_opt.ini
2025-04-24 22:51:59,932 - INFO - Successfully converted C:\Users\nikol\AppData\Roaming\MetaQuotes\Terminal\4B1CE69F577705455263BD980C39A82C\MQL5\Profiles\Tester\optimized\BykovTrend_EA_01_opt.set to C:\Users\nikol\AppData\Roaming\MetaQuotes\Terminal\4B1CE69F577705455263BD980C39A82C\MQL5\Experts\Batch_0010\BykovTrend_EA\ini\BykovTrend_EA_01_opt.ini
2025-04-24 22:51:59,934 - INFO - Successfully converted C:\Users\nikol\AppData\Roaming\MetaQuotes\Terminal\4B1CE69F577705455263BD980C39A82C\MQL5\Profiles\Tester\optimized\BykovTrend_EA_v3_01_opt.set to C:\Users\nikol\AppData\Roaming\MetaQuotes\Terminal\4B1CE69F577705455263BD980C39A82C\MQL5\Experts\Batch_0010\BykovTrend_EA\ini\BykovTrend_EA_v3_01_opt.ini
2025-04-24 22:51:59,936 - INFO - Successfully converted C:\Users\nikol\AppData\Roaming\MetaQuotes\Terminal\4B1CE69F577705455263BD980C39A82C\MQL5\Profiles\Tester\optimized\BykovTrend_EA_v3_01_opt.set to C:\Users\nikol\AppData\Roaming\MetaQuotes\Terminal\4B1CE69F577705455263BD980C39A82C\MQL5\Experts\Batch_0010\BykovTrend_EA_v3\ini\BykovTrend_EA_v3_01_opt.ini
2025-04-24 22:51:59,938 - INFO - Successfully converted C:\Users\nikol\AppData\Roaming\MetaQuotes\Terminal\4B1CE69F577705455263BD980C39A82C\MQL5\Profiles\Tester\optimized\Calculate lotsize and Trailling stop_01_opt.set to C:\Users\nikol\AppData\Roaming\MetaQuotes\Terminal\4B1CE69F577705455263BD980C39A82C\MQL5\Experts\Batch_0010\Calculate lotsize and Trailling stop\ini\Calculate lotsize and Trailling stop_01_opt.ini
2025-04-24 22:51:59,941 - INFO - Successfully converted C:\Users\nikol\AppData\Roaming\MetaQuotes\Terminal\4B1CE69F577705455263BD980C39A82C\MQL5\Profiles\Tester\optimized\Candle_01_opt.set to C:\Users\nikol\AppData\Roaming\MetaQuotes\Terminal\4B1CE69F577705455263BD980C39A82C\MQL5\Experts\Batch_0010\Candle\ini\Candle_01_opt.ini
2025-04-24 22:51:59,943 - INFO - Successfully converted C:\Users\nikol\AppData\Roaming\MetaQuotes\Terminal\4B1CE69F577705455263BD980C39A82C\MQL5\Profiles\Tester\optimized\candlepatternsexample_01_opt.set to C:\Users\nikol\AppData\Roaming\MetaQuotes\Terminal\4B1CE69F577705455263BD980C39A82C\MQL5\Experts\Batch_0010\candlepatternsexample\ini\candlepatternsexample_01_opt.ini
2025-04-24 22:51:59,944 - INFO - Processing Batch_0011
2025-04-24 22:51:59,946 - INFO - Successfully converted C:\Users\nikol\AppData\Roaming\MetaQuotes\Terminal\4B1CE69F577705455263BD980C39A82C\MQL5\Profiles\Tester\optimized\Carbophos_01_opt.set to C:\Users\nikol\AppData\Roaming\MetaQuotes\Terminal\4B1CE69F577705455263BD980C39A82C\MQL5\Experts\Batch_0011\Carbophos\ini\Carbophos_01_opt.ini
2025-04-24 22:51:59,949 - INFO - Successfully converted C:\Users\nikol\AppData\Roaming\MetaQuotes\Terminal\4B1CE69F577705455263BD980C39A82C\MQL5\Profiles\Tester\optimized\CashMachine_5min_01_opt.set to C:\Users\nikol\AppData\Roaming\MetaQuotes\Terminal\4B1CE69F577705455263BD980C39A82C\MQL5\Experts\Batch_0011\CashMachine_5min\ini\CashMachine_5min_01_opt.ini
2025-04-24 22:51:59,951 - INFO - Successfully converted C:\Users\nikol\AppData\Roaming\MetaQuotes\Terminal\4B1CE69F577705455263BD980C39A82C\MQL5\Profiles\Tester\optimized\CCI MACD Scalper_01_opt.set to C:\Users\nikol\AppData\Roaming\MetaQuotes\Terminal\4B1CE69F577705455263BD980C39A82C\MQL5\Experts\Batch_0011\CCI MACD Scalper\ini\CCI MACD Scalper_01_opt.ini
2025-04-24 22:51:59,954 - INFO - Successfully converted C:\Users\nikol\AppData\Roaming\MetaQuotes\Terminal\4B1CE69F577705455263BD980C39A82C\MQL5\Profiles\Tester\optimized\Cidomo_01_opt.set to C:\Users\nikol\AppData\Roaming\MetaQuotes\Terminal\4B1CE69F577705455263BD980C39A82C\MQL5\Experts\Batch_0011\Cidomo\ini\Cidomo_01_opt.ini
2025-04-24 22:51:59,956 - INFO - Successfully converted C:\Users\nikol\AppData\Roaming\MetaQuotes\Terminal\4B1CE69F577705455263BD980C39A82C\MQL5\Profiles\Tester\optimized\CloseAgent_01_opt.set to C:\Users\nikol\AppData\Roaming\MetaQuotes\Terminal\4B1CE69F577705455263BD980C39A82C\MQL5\Experts\Batch_0011\CloseAgent\ini\CloseAgent_01_opt.ini
2025-04-24 22:51:59,958 - INFO - Successfully converted C:\Users\nikol\AppData\Roaming\MetaQuotes\Terminal\4B1CE69F577705455263BD980C39A82C\MQL5\Profiles\Tester\optimized\CloseProfit v2_01_opt.set to C:\Users\nikol\AppData\Roaming\MetaQuotes\Terminal\4B1CE69F577705455263BD980C39A82C\MQL5\Experts\Batch_0011\CloseProfit v2\ini\CloseProfit v2_01_opt.ini
2025-04-24 22:51:59,961 - INFO - Successfully converted C:\Users\nikol\AppData\Roaming\MetaQuotes\Terminal\4B1CE69F577705455263BD980C39A82C\MQL5\Profiles\Tester\optimized\CLOUD_01_opt.set to C:\Users\nikol\AppData\Roaming\MetaQuotes\Terminal\4B1CE69F577705455263BD980C39A82C\MQL5\Experts\Batch_0011\CLOUD\ini\CLOUD_01_opt.ini
2025-04-24 22:51:59,964 - INFO - Successfully converted C:\Users\nikol\AppData\Roaming\MetaQuotes\Terminal\4B1CE69F577705455263BD980C39A82C\MQL5\Profiles\Tester\optimized\cloud's trade 2_01_opt.set to C:\Users\nikol\AppData\Roaming\MetaQuotes\Terminal\4B1CE69F577705455263BD980C39A82C\MQL5\Experts\Batch_0011\cloud's trade 2\ini\cloud's trade 2_01_opt.ini
2025-04-24 22:51:59,966 - INFO - Successfully converted C:\Users\nikol\AppData\Roaming\MetaQuotes\Terminal\4B1CE69F577705455263BD980C39A82C\MQL5\Profiles\Tester\optimized\Constituents EA_01_opt.set to C:\Users\nikol\AppData\Roaming\MetaQuotes\Terminal\4B1CE69F577705455263BD980C39A82C\MQL5\Experts\Batch_0011\Constituents EA\ini\Constituents EA_01_opt.ini
2025-04-24 22:51:59,969 - INFO - Successfully converted C:\Users\nikol\AppData\Roaming\MetaQuotes\Terminal\4B1CE69F577705455263BD980C39A82C\MQL5\Profiles\Tester\optimized\Contrarian trade MA_01_opt.set to C:\Users\nikol\AppData\Roaming\MetaQuotes\Terminal\4B1CE69F577705455263BD980C39A82C\MQL5\Experts\Batch_0011\Contrarian trade MA\ini\Contrarian trade MA_01_opt.ini
2025-04-24 22:51:59,970 - INFO - Processing Batch_0012
2025-04-24 22:51:59,972 - INFO - Successfully converted C:\Users\nikol\AppData\Roaming\MetaQuotes\Terminal\4B1CE69F577705455263BD980C39A82C\MQL5\Profiles\Tester\optimized\Crossing Moving Average_01_opt.set to C:\Users\nikol\AppData\Roaming\MetaQuotes\Terminal\4B1CE69F577705455263BD980C39A82C\MQL5\Experts\Batch_0012\Crossing Moving Average\ini\Crossing Moving Average_01_opt.ini
2025-04-24 22:51:59,975 - INFO - Successfully converted C:\Users\nikol\AppData\Roaming\MetaQuotes\Terminal\4B1CE69F577705455263BD980C39A82C\MQL5\Profiles\Tester\optimized\CrossMA_01_opt.set to C:\Users\nikol\AppData\Roaming\MetaQuotes\Terminal\4B1CE69F577705455263BD980C39A82C\MQL5\Experts\Batch_0012\CrossMA\ini\CrossMA_01_opt.ini
2025-04-24 22:51:59,978 - INFO - Successfully converted C:\Users\nikol\AppData\Roaming\MetaQuotes\Terminal\4B1CE69F577705455263BD980C39A82C\MQL5\Profiles\Tester\optimized\Currencyprofits_01.1_01_opt.set to C:\Users\nikol\AppData\Roaming\MetaQuotes\Terminal\4B1CE69F577705455263BD980C39A82C\MQL5\Experts\Batch_0012\Currencyprofits_01.1\ini\Currencyprofits_01.1_01_opt.ini
2025-04-24 22:51:59,980 - INFO - Successfully converted C:\Users\nikol\AppData\Roaming\MetaQuotes\Terminal\4B1CE69F577705455263BD980C39A82C\MQL5\Profiles\Tester\optimized\Daily BreakPoint_01_opt.set to C:\Users\nikol\AppData\Roaming\MetaQuotes\Terminal\4B1CE69F577705455263BD980C39A82C\MQL5\Experts\Batch_0012\Daily BreakPoint\ini\Daily BreakPoint_01_opt.ini
2025-04-24 22:51:59,981 - WARNING - No .set files found for EA: Daily Candle Scalper V2.8 EA MT5@YoForexPremium
2025-04-24 22:51:59,983 - WARNING - No .set files found for EA: Daily Candle Scalper V2.8 EA MT5@YoForexPremium (1)
2025-04-24 22:51:59,985 - INFO - Successfully converted C:\Users\nikol\AppData\Roaming\MetaQuotes\Terminal\4B1CE69F577705455263BD980C39A82C\MQL5\Profiles\Tester\optimized\Daily range_01_opt.set to C:\Users\nikol\AppData\Roaming\MetaQuotes\Terminal\4B1CE69F577705455263BD980C39A82C\MQL5\Experts\Batch_0012\Daily range\ini\Daily range_01_opt.ini
2025-04-24 22:51:59,988 - INFO - Successfully converted C:\Users\nikol\AppData\Roaming\MetaQuotes\Terminal\4B1CE69F577705455263BD980C39A82C\MQL5\Profiles\Tester\optimized\Daily%20reversal%20%20EA_01_opt.set to C:\Users\nikol\AppData\Roaming\MetaQuotes\Terminal\4B1CE69F577705455263BD980C39A82C\MQL5\Experts\Batch_0012\Daily%20reversal%20%20EA\ini\Daily%20reversal%20%20EA_01_opt.ini
2025-04-24 22:51:59,991 - INFO - Successfully converted C:\Users\nikol\AppData\Roaming\MetaQuotes\Terminal\4B1CE69F577705455263BD980C39A82C\MQL5\Profiles\Tester\optimized\Daily_Open_EA_01_opt.set to C:\Users\nikol\AppData\Roaming\MetaQuotes\Terminal\4B1CE69F577705455263BD980C39A82C\MQL5\Experts\Batch_0012\Daily_Open_EA\ini\Daily_Open_EA_01_opt.ini
2025-04-24 22:51:59,992 - WARNING - No .set files found for EA: Dark Mimas MT5
2025-04-24 22:51:59,993 - INFO - Processing Batch_0013
2025-04-24 22:51:59,995 - INFO - Successfully converted C:\Users\nikol\AppData\Roaming\MetaQuotes\Terminal\4B1CE69F577705455263BD980C39A82C\MQL5\Profiles\Tester\optimized\Day Trading PAMXA_01_opt.set to C:\Users\nikol\AppData\Roaming\MetaQuotes\Terminal\4B1CE69F577705455263BD980C39A82C\MQL5\Experts\Batch_0013\Day Trading PAMXA\ini\Day Trading PAMXA_01_opt.ini
2025-04-24 22:51:59,998 - INFO - Successfully converted C:\Users\nikol\AppData\Roaming\MetaQuotes\Terminal\4B1CE69F577705455263BD980C39A82C\MQL5\Profiles\Tester\optimized\Daydream_01_opt.set to C:\Users\nikol\AppData\Roaming\MetaQuotes\Terminal\4B1CE69F577705455263BD980C39A82C\MQL5\Experts\Batch_0013\Daydream\ini\Daydream_01_opt.ini
2025-04-24 22:52:00,001 - INFO - Successfully converted C:\Users\nikol\AppData\Roaming\MetaQuotes\Terminal\4B1CE69F577705455263BD980C39A82C\MQL5\Profiles\Tester\optimized\DayTrading_01_opt.set to C:\Users\nikol\AppData\Roaming\MetaQuotes\Terminal\4B1CE69F577705455263BD980C39A82C\MQL5\Experts\Batch_0013\DayTrading\ini\DayTrading_01_opt.ini
2025-04-24 22:52:00,003 - INFO - Successfully converted C:\Users\nikol\AppData\Roaming\MetaQuotes\Terminal\4B1CE69F577705455263BD980C39A82C\MQL5\Profiles\Tester\optimized\Dealers Trade v 7.74 MACD_01_opt.set to C:\Users\nikol\AppData\Roaming\MetaQuotes\Terminal\4B1CE69F577705455263BD980C39A82C\MQL5\Experts\Batch_0013\Dealers Trade v 7.74 MACD\ini\Dealers Trade v 7.74 MACD_01_opt.ini
2025-04-24 22:52:00,007 - INFO - Successfully converted C:\Users\nikol\AppData\Roaming\MetaQuotes\Terminal\4B1CE69F577705455263BD980C39A82C\MQL5\Profiles\Tester\optimized\Deep Drawdown MA_01_opt.set to C:\Users\nikol\AppData\Roaming\MetaQuotes\Terminal\4B1CE69F577705455263BD980C39A82C\MQL5\Experts\Batch_0013\Deep Drawdown MA\ini\Deep Drawdown MA_01_opt.ini
2025-04-24 22:52:00,011 - INFO - Successfully converted C:\Users\nikol\AppData\Roaming\MetaQuotes\Terminal\4B1CE69F577705455263BD980C39A82C\MQL5\Profiles\Tester\optimized\DeMarker gaining position volume_01_opt.set to C:\Users\nikol\AppData\Roaming\MetaQuotes\Terminal\4B1CE69F577705455263BD980C39A82C\MQL5\Experts\Batch_0013\DeMarker gaining position volume\ini\DeMarker gaining position volume_01_opt.ini
2025-04-24 22:52:00,014 - INFO - Successfully converted C:\Users\nikol\AppData\Roaming\MetaQuotes\Terminal\4B1CE69F577705455263BD980C39A82C\MQL5\Profiles\Tester\optimized\DeMarker gaining position volume 2_01_opt.set to C:\Users\nikol\AppData\Roaming\MetaQuotes\Terminal\4B1CE69F577705455263BD980C39A82C\MQL5\Experts\Batch_0013\DeMarker gaining position volume 2\ini\DeMarker gaining position volume 2_01_opt.ini
2025-04-24 22:52:00,018 - INFO - Successfully converted C:\Users\nikol\AppData\Roaming\MetaQuotes\Terminal\4B1CE69F577705455263BD980C39A82C\MQL5\Profiles\Tester\optimized\DeMarker Pending_01_opt.set to C:\Users\nikol\AppData\Roaming\MetaQuotes\Terminal\4B1CE69F577705455263BD980C39A82C\MQL5\Experts\Batch_0013\DeMarker Pending\ini\DeMarker Pending_01_opt.ini
2025-04-24 22:52:00,021 - INFO - Successfully converted C:\Users\nikol\AppData\Roaming\MetaQuotes\Terminal\4B1CE69F577705455263BD980C39A82C\MQL5\Profiles\Tester\optimized\DeMarker Pending 2_01_opt.set to C:\Users\nikol\AppData\Roaming\MetaQuotes\Terminal\4B1CE69F577705455263BD980C39A82C\MQL5\Experts\Batch_0013\DeMarker Pending 2\ini\DeMarker Pending 2_01_opt.ini
2025-04-24 22:52:00,023 - INFO - Successfully converted C:\Users\nikol\AppData\Roaming\MetaQuotes\Terminal\4B1CE69F577705455263BD980C39A82C\MQL5\Profiles\Tester\optimized\DeMarker Pending 2_5_01_opt.set to C:\Users\nikol\AppData\Roaming\MetaQuotes\Terminal\4B1CE69F577705455263BD980C39A82C\MQL5\Experts\Batch_0013\DeMarker Pending 2\ini\DeMarker Pending 2_5_01_opt.ini
2025-04-24 22:52:00,025 - INFO - Successfully converted C:\Users\nikol\AppData\Roaming\MetaQuotes\Terminal\4B1CE69F577705455263BD980C39A82C\MQL5\Profiles\Tester\optimized\DeMarker Pending 2_5_01_opt.set to C:\Users\nikol\AppData\Roaming\MetaQuotes\Terminal\4B1CE69F577705455263BD980C39A82C\MQL5\Experts\Batch_0013\DeMarker Pending 2_5\ini\DeMarker Pending 2_5_01_opt.ini
2025-04-24 22:52:00,025 - INFO - Processing Batch_0014
2025-04-24 22:52:00,028 - INFO - Successfully converted C:\Users\nikol\AppData\Roaming\MetaQuotes\Terminal\4B1CE69F577705455263BD980C39A82C\MQL5\Profiles\Tester\optimized\Dematus_01_opt.set to C:\Users\nikol\AppData\Roaming\MetaQuotes\Terminal\4B1CE69F577705455263BD980C39A82C\MQL5\Experts\Batch_0014\Dematus\ini\Dematus_01_opt.ini
2025-04-24 22:52:00,030 - WARNING - No .set files found for EA: Divergence EA BB
2025-04-24 22:52:00,032 - WARNING - No .set files found for EA: Divergence EA pip sl tp
2025-04-24 22:52:00,035 - INFO - Successfully converted C:\Users\nikol\AppData\Roaming\MetaQuotes\Terminal\4B1CE69F577705455263BD980C39A82C\MQL5\Profiles\Tester\optimized\Divergence%20for%20many%20indicator_01_opt.set to C:\Users\nikol\AppData\Roaming\MetaQuotes\Terminal\4B1CE69F577705455263BD980C39A82C\MQL5\Experts\Batch_0014\Divergence%20for%20many%20indicator\ini\Divergence%20for%20many%20indicator_01_opt.ini
2025-04-24 22:52:00,038 - INFO - Successfully converted C:\Users\nikol\AppData\Roaming\MetaQuotes\Terminal\4B1CE69F577705455263BD980C39A82C\MQL5\Profiles\Tester\optimized\Divergence_EA_01_opt.set to C:\Users\nikol\AppData\Roaming\MetaQuotes\Terminal\4B1CE69F577705455263BD980C39A82C\MQL5\Experts\Batch_0014\Divergence_EA\ini\Divergence_EA_01_opt.ini
2025-04-24 22:52:00,040 - INFO - Successfully converted C:\Users\nikol\AppData\Roaming\MetaQuotes\Terminal\4B1CE69F577705455263BD980C39A82C\MQL5\Profiles\Tester\optimized\Doji Arrows_01_opt.set to C:\Users\nikol\AppData\Roaming\MetaQuotes\Terminal\4B1CE69F577705455263BD980C39A82C\MQL5\Experts\Batch_0014\Doji Arrows\ini\Doji Arrows_01_opt.ini
2025-04-24 22:52:00,043 - INFO - Successfully converted C:\Users\nikol\AppData\Roaming\MetaQuotes\Terminal\4B1CE69F577705455263BD980C39A82C\MQL5\Profiles\Tester\optimized\DojiTrader_01_opt.set to C:\Users\nikol\AppData\Roaming\MetaQuotes\Terminal\4B1CE69F577705455263BD980C39A82C\MQL5\Experts\Batch_0014\DojiTrader\ini\DojiTrader_01_opt.ini
2025-04-24 22:52:00,046 - INFO - Successfully converted C:\Users\nikol\AppData\Roaming\MetaQuotes\Terminal\4B1CE69F577705455263BD980C39A82C\MQL5\Profiles\Tester\optimized\Donchian_Chanel_EA_01_opt.set to C:\Users\nikol\AppData\Roaming\MetaQuotes\Terminal\4B1CE69F577705455263BD980C39A82C\MQL5\Experts\Batch_0014\Donchian_Chanel_EA\ini\Donchian_Chanel_EA_01_opt.ini
2025-04-24 22:52:00,049 - INFO - Successfully converted C:\Users\nikol\AppData\Roaming\MetaQuotes\Terminal\4B1CE69F577705455263BD980C39A82C\MQL5\Profiles\Tester\optimized\DoubleHullMA_01_opt.set to C:\Users\nikol\AppData\Roaming\MetaQuotes\Terminal\4B1CE69F577705455263BD980C39A82C\MQL5\Experts\Batch_0014\DoubleHullMA\ini\DoubleHullMA_01_opt.ini
2025-04-24 22:52:00,050 - INFO - Successfully converted C:\Users\nikol\AppData\Roaming\MetaQuotes\Terminal\4B1CE69F577705455263BD980C39A82C\MQL5\Profiles\Tester\optimized\DoubleHullMA_EA_01_opt.set to C:\Users\nikol\AppData\Roaming\MetaQuotes\Terminal\4B1CE69F577705455263BD980C39A82C\MQL5\Experts\Batch_0014\DoubleHullMA\ini\DoubleHullMA_EA_01_opt.ini
2025-04-24 22:52:00,052 - INFO - Successfully converted C:\Users\nikol\AppData\Roaming\MetaQuotes\Terminal\4B1CE69F577705455263BD980C39A82C\MQL5\Profiles\Tester\optimized\DoubleHullMA_EA_01_opt.set to C:\Users\nikol\AppData\Roaming\MetaQuotes\Terminal\4B1CE69F577705455263BD980C39A82C\MQL5\Experts\Batch_0014\DoubleHullMA_EA\ini\DoubleHullMA_EA_01_opt.ini
2025-04-24 22:52:00,053 - INFO - Processing Batch_0015
2025-04-24 22:52:00,056 - INFO - Successfully converted C:\Users\nikol\AppData\Roaming\MetaQuotes\Terminal\4B1CE69F577705455263BD980C39A82C\MQL5\Profiles\Tester\optimized\DoubleMA Crossover EA_01_opt.set to C:\Users\nikol\AppData\Roaming\MetaQuotes\Terminal\4B1CE69F577705455263BD980C39A82C\MQL5\Experts\Batch_0015\DoubleMA Crossover EA\ini\DoubleMA Crossover EA_01_opt.ini
2025-04-24 22:52:00,059 - INFO - Successfully converted C:\Users\nikol\AppData\Roaming\MetaQuotes\Terminal\4B1CE69F577705455263BD980C39A82C\MQL5\Profiles\Tester\optimized\Doubler_01_opt.set to C:\Users\nikol\AppData\Roaming\MetaQuotes\Terminal\4B1CE69F577705455263BD980C39A82C\MQL5\Experts\Batch_0015\Doubler\ini\Doubler_01_opt.ini
2025-04-24 22:52:00,063 - INFO - Successfully converted C:\Users\nikol\AppData\Roaming\MetaQuotes\Terminal\4B1CE69F577705455263BD980C39A82C\MQL5\Profiles\Tester\optimized\Driver_EA_MT5_01_opt.set to C:\Users\nikol\AppData\Roaming\MetaQuotes\Terminal\4B1CE69F577705455263BD980C39A82C\MQL5\Experts\Batch_0015\Driver_EA_MT5\ini\Driver_EA_MT5_01_opt.ini
2025-04-24 22:52:00,065 - INFO - Successfully converted C:\Users\nikol\AppData\Roaming\MetaQuotes\Terminal\4B1CE69F577705455263BD980C39A82C\MQL5\Profiles\Tester\optimized\dummy_01_opt.set to C:\Users\nikol\AppData\Roaming\MetaQuotes\Terminal\4B1CE69F577705455263BD980C39A82C\MQL5\Experts\Batch_0015\dummy\ini\dummy_01_opt.ini
2025-04-24 22:52:00,069 - INFO - Successfully converted C:\Users\nikol\AppData\Roaming\MetaQuotes\Terminal\4B1CE69F577705455263BD980C39A82C\MQL5\Profiles\Tester\optimized\Dynamic averaging_01_opt.set to C:\Users\nikol\AppData\Roaming\MetaQuotes\Terminal\4B1CE69F577705455263BD980C39A82C\MQL5\Experts\Batch_0015\Dynamic averaging\ini\Dynamic averaging_01_opt.ini
2025-04-24 22:52:00,073 - INFO - Successfully converted C:\Users\nikol\AppData\Roaming\MetaQuotes\Terminal\4B1CE69F577705455263BD980C39A82C\MQL5\Profiles\Tester\optimized\E-Friday_01_opt.set to C:\Users\nikol\AppData\Roaming\MetaQuotes\Terminal\4B1CE69F577705455263BD980C39A82C\MQL5\Experts\Batch_0015\E-Friday\ini\E-Friday_01_opt.ini
2025-04-24 22:52:00,078 - INFO - Successfully converted C:\Users\nikol\AppData\Roaming\MetaQuotes\Terminal\4B1CE69F577705455263BD980C39A82C\MQL5\Profiles\Tester\optimized\e-Skoch pending orders_01_opt.set to C:\Users\nikol\AppData\Roaming\MetaQuotes\Terminal\4B1CE69F577705455263BD980C39A82C\MQL5\Experts\Batch_0015\e-Skoch pending orders\ini\e-Skoch pending orders_01_opt.ini
2025-04-24 22:52:00,082 - INFO - Successfully converted C:\Users\nikol\AppData\Roaming\MetaQuotes\Terminal\4B1CE69F577705455263BD980C39A82C\MQL5\Profiles\Tester\optimized\E-Skoch-Open_01_opt.set to C:\Users\nikol\AppData\Roaming\MetaQuotes\Terminal\4B1CE69F577705455263BD980C39A82C\MQL5\Experts\Batch_0015\E-Skoch-Open\ini\E-Skoch-Open_01_opt.ini
2025-04-24 22:52:00,087 - INFO - Successfully converted C:\Users\nikol\AppData\Roaming\MetaQuotes\Terminal\4B1CE69F577705455263BD980C39A82C\MQL5\Profiles\Tester\optimized\e-Smart_Trailing_01_opt.set to C:\Users\nikol\AppData\Roaming\MetaQuotes\Terminal\4B1CE69F577705455263BD980C39A82C\MQL5\Experts\Batch_0015\e-Smart_Trailing\ini\e-Smart_Trailing_01_opt.ini
2025-04-24 22:52:00,091 - INFO - Successfully converted C:\Users\nikol\AppData\Roaming\MetaQuotes\Terminal\4B1CE69F577705455263BD980C39A82C\MQL5\Profiles\Tester\optimized\e-TurboFx_01_opt.set to C:\Users\nikol\AppData\Roaming\MetaQuotes\Terminal\4B1CE69F577705455263BD980C39A82C\MQL5\Experts\Batch_0015\e-TurboFx\ini\e-TurboFx_01_opt.ini
2025-04-24 22:52:00,092 - INFO - Processing Batch_0016
2025-04-24 22:52:00,096 - INFO - Successfully converted C:\Users\nikol\AppData\Roaming\MetaQuotes\Terminal\4B1CE69F577705455263BD980C39A82C\MQL5\Profiles\Tester\optimized\EA Close_01_opt.set to C:\Users\nikol\AppData\Roaming\MetaQuotes\Terminal\4B1CE69F577705455263BD980C39A82C\MQL5\Experts\Batch_0016\EA Close\ini\EA Close_01_opt.ini
2025-04-24 22:52:00,099 - WARNING - No .set files found for EA: EA Gold Stuff MT5 v9.0@YoForexPremium
2025-04-24 22:52:00,104 - INFO - Successfully converted C:\Users\nikol\AppData\Roaming\MetaQuotes\Terminal\4B1CE69F577705455263BD980C39A82C\MQL5\Profiles\Tester\optimized\EA Moving Average_01_opt.set to C:\Users\nikol\AppData\Roaming\MetaQuotes\Terminal\4B1CE69F577705455263BD980C39A82C\MQL5\Experts\Batch_0016\EA Moving Average\ini\EA Moving Average_01_opt.ini
2025-04-24 22:52:00,109 - INFO - Successfully converted C:\Users\nikol\AppData\Roaming\MetaQuotes\Terminal\4B1CE69F577705455263BD980C39A82C\MQL5\Profiles\Tester\optimized\EA_MA_Stoch_RSI_01_opt.set to C:\Users\nikol\AppData\Roaming\MetaQuotes\Terminal\4B1CE69F577705455263BD980C39A82C\MQL5\Experts\Batch_0016\EA_MA_Stoch_RSI\ini\EA_MA_Stoch_RSI_01_opt.ini
2025-04-24 22:52:00,112 - WARNING - No .set files found for EA: Elevator Robot PV1.1 MT5@YoForexPremium
2025-04-24 22:52:00,116 - INFO - Successfully converted C:\Users\nikol\AppData\Roaming\MetaQuotes\Terminal\4B1CE69F577705455263BD980C39A82C\MQL5\Profiles\Tester\optimized\Elite eFibo Trader_01_opt.set to C:\Users\nikol\AppData\Roaming\MetaQuotes\Terminal\4B1CE69F577705455263BD980C39A82C\MQL5\Experts\Batch_0016\Elite eFibo Trader\ini\Elite eFibo Trader_01_opt.ini
2025-04-24 22:52:00,120 - INFO - Successfully converted C:\Users\nikol\AppData\Roaming\MetaQuotes\Terminal\4B1CE69F577705455263BD980C39A82C\MQL5\Profiles\Tester\optimized\EMA_01_opt.set to C:\Users\nikol\AppData\Roaming\MetaQuotes\Terminal\4B1CE69F577705455263BD980C39A82C\MQL5\Experts\Batch_0016\EMA\ini\EMA_01_opt.ini
2025-04-24 22:52:00,122 - INFO - Successfully converted C:\Users\nikol\AppData\Roaming\MetaQuotes\Terminal\4B1CE69F577705455263BD980C39A82C\MQL5\Profiles\Tester\optimized\EMA_CROSS_01_opt.set to C:\Users\nikol\AppData\Roaming\MetaQuotes\Terminal\4B1CE69F577705455263BD980C39A82C\MQL5\Experts\Batch_0016\EMA\ini\EMA_CROSS_01_opt.ini
2025-04-24 22:52:00,125 - INFO - Successfully converted C:\Users\nikol\AppData\Roaming\MetaQuotes\Terminal\4B1CE69F577705455263BD980C39A82C\MQL5\Profiles\Tester\optimized\EMA_RSI_EA_v1.00_01_opt.set to C:\Users\nikol\AppData\Roaming\MetaQuotes\Terminal\4B1CE69F577705455263BD980C39A82C\MQL5\Experts\Batch_0016\EMA\ini\EMA_RSI_EA_v1.00_01_opt.ini
2025-04-24 22:52:00,126 - INFO - Successfully converted C:\Users\nikol\AppData\Roaming\MetaQuotes\Terminal\4B1CE69F577705455263BD980C39A82C\MQL5\Profiles\Tester\optimized\EMA_WMA v2_01_opt.set to C:\Users\nikol\AppData\Roaming\MetaQuotes\Terminal\4B1CE69F577705455263BD980C39A82C\MQL5\Experts\Batch_0016\EMA\ini\EMA_WMA v2_01_opt.ini
2025-04-24 22:52:00,128 - INFO - Successfully converted C:\Users\nikol\AppData\Roaming\MetaQuotes\Terminal\4B1CE69F577705455263BD980C39A82C\MQL5\Profiles\Tester\optimized\EMA_WMA_01_opt.set to C:\Users\nikol\AppData\Roaming\MetaQuotes\Terminal\4B1CE69F577705455263BD980C39A82C\MQL5\Experts\Batch_0016\EMA\ini\EMA_WMA_01_opt.ini
2025-04-24 22:52:00,131 - INFO - Successfully converted C:\Users\nikol\AppData\Roaming\MetaQuotes\Terminal\4B1CE69F577705455263BD980C39A82C\MQL5\Profiles\Tester\optimized\EMA 6.12_01_opt.set to C:\Users\nikol\AppData\Roaming\MetaQuotes\Terminal\4B1CE69F577705455263BD980C39A82C\MQL5\Experts\Batch_0016\EMA 6.12\ini\EMA 6.12_01_opt.ini
2025-04-24 22:52:00,134 - INFO - Successfully converted C:\Users\nikol\AppData\Roaming\MetaQuotes\Terminal\4B1CE69F577705455263BD980C39A82C\MQL5\Profiles\Tester\optimized\EMA LWMA RSI_01_opt.set to C:\Users\nikol\AppData\Roaming\MetaQuotes\Terminal\4B1CE69F577705455263BD980C39A82C\MQL5\Experts\Batch_0016\EMA LWMA RSI\ini\EMA LWMA RSI_01_opt.ini
2025-04-24 22:52:00,136 - INFO - Successfully converted C:\Users\nikol\AppData\Roaming\MetaQuotes\Terminal\4B1CE69F577705455263BD980C39A82C\MQL5\Profiles\Tester\optimized\EMA_CROSS_01_opt.set to C:\Users\nikol\AppData\Roaming\MetaQuotes\Terminal\4B1CE69F577705455263BD980C39A82C\MQL5\Experts\Batch_0016\EMA_CROSS\ini\EMA_CROSS_01_opt.ini
2025-04-24 22:52:00,136 - INFO - Processing Batch_0017
2025-04-24 22:52:00,139 - INFO - Successfully converted C:\Users\nikol\AppData\Roaming\MetaQuotes\Terminal\4B1CE69F577705455263BD980C39A82C\MQL5\Profiles\Tester\optimized\EMA_RSI_EA_v1.00_01_opt.set to C:\Users\nikol\AppData\Roaming\MetaQuotes\Terminal\4B1CE69F577705455263BD980C39A82C\MQL5\Experts\Batch_0017\EMA_RSI_EA_v1.00\ini\EMA_RSI_EA_v1.00_01_opt.ini
2025-04-24 22:52:00,142 - INFO - Successfully converted C:\Users\nikol\AppData\Roaming\MetaQuotes\Terminal\4B1CE69F577705455263BD980C39A82C\MQL5\Profiles\Tester\optimized\EMA_WMA_01_opt.set to C:\Users\nikol\AppData\Roaming\MetaQuotes\Terminal\4B1CE69F577705455263BD980C39A82C\MQL5\Experts\Batch_0017\EMA_WMA\ini\EMA_WMA_01_opt.ini
2025-04-24 22:52:00,144 - INFO - Successfully converted C:\Users\nikol\AppData\Roaming\MetaQuotes\Terminal\4B1CE69F577705455263BD980C39A82C\MQL5\Profiles\Tester\optimized\EMA_WMA v2_01_opt.set to C:\Users\nikol\AppData\Roaming\MetaQuotes\Terminal\4B1CE69F577705455263BD980C39A82C\MQL5\Experts\Batch_0017\EMA_WMA v2\ini\EMA_WMA v2_01_opt.ini
2025-04-24 22:52:00,147 - INFO - Successfully converted C:\Users\nikol\AppData\Roaming\MetaQuotes\Terminal\4B1CE69F577705455263BD980C39A82C\MQL5\Profiles\Tester\optimized\Eugene_01_opt.set to C:\Users\nikol\AppData\Roaming\MetaQuotes\Terminal\4B1CE69F577705455263BD980C39A82C\MQL5\Experts\Batch_0017\Eugene\ini\Eugene_01_opt.ini
2025-04-24 22:52:00,151 - INFO - Successfully converted C:\Users\nikol\AppData\Roaming\MetaQuotes\Terminal\4B1CE69F577705455263BD980C39A82C\MQL5\Profiles\Tester\optimized\eur usd m5_01_opt.set to C:\Users\nikol\AppData\Roaming\MetaQuotes\Terminal\4B1CE69F577705455263BD980C39A82C\MQL5\Experts\Batch_0017\eur usd m5\ini\eur usd m5_01_opt.ini
2025-04-24 22:52:00,153 - WARNING - No .set files found for EA: Euronis Scalper EA MT5 With DLL@YoForexPremium
2025-04-24 22:52:00,157 - INFO - Successfully converted C:\Users\nikol\AppData\Roaming\MetaQuotes\Terminal\4B1CE69F577705455263BD980C39A82C\MQL5\Profiles\Tester\optimized\EURUSD breakout_01_opt.set to C:\Users\nikol\AppData\Roaming\MetaQuotes\Terminal\4B1CE69F577705455263BD980C39A82C\MQL5\Experts\Batch_0017\EURUSD breakout\ini\EURUSD breakout_01_opt.ini
2025-04-24 22:52:00,159 - WARNING - No .set files found for EA: EURUSDH1
2025-04-24 22:52:00,163 - INFO - Successfully converted C:\Users\nikol\AppData\Roaming\MetaQuotes\Terminal\4B1CE69F577705455263BD980C39A82C\MQL5\Profiles\Tester\optimized\Executer AC_01_opt.set to C:\Users\nikol\AppData\Roaming\MetaQuotes\Terminal\4B1CE69F577705455263BD980C39A82C\MQL5\Experts\Batch_0017\Executer AC\ini\Executer AC_01_opt.ini
2025-04-24 22:52:00,166 - INFO - Successfully converted C:\Users\nikol\AppData\Roaming\MetaQuotes\Terminal\4B1CE69F577705455263BD980C39A82C\MQL5\Profiles\Tester\optimized\Executor AO_01_opt.set to C:\Users\nikol\AppData\Roaming\MetaQuotes\Terminal\4B1CE69F577705455263BD980C39A82C\MQL5\Experts\Batch_0017\Executor AO\ini\Executor AO_01_opt.ini
2025-04-24 22:52:00,166 - INFO - Processing Batch_0018
2025-04-24 22:52:00,170 - INFO - Successfully converted C:\Users\nikol\AppData\Roaming\MetaQuotes\Terminal\4B1CE69F577705455263BD980C39A82C\MQL5\Profiles\Tester\optimized\Executor Candles_01_opt.set to C:\Users\nikol\AppData\Roaming\MetaQuotes\Terminal\4B1CE69F577705455263BD980C39A82C\MQL5\Experts\Batch_0018\Executor Candles\ini\Executor Candles_01_opt.ini
2025-04-24 22:52:00,173 - INFO - Successfully converted C:\Users\nikol\AppData\Roaming\MetaQuotes\Terminal\4B1CE69F577705455263BD980C39A82C\MQL5\Profiles\Tester\optimized\Expert_NEWS_01_opt.set to C:\Users\nikol\AppData\Roaming\MetaQuotes\Terminal\4B1CE69F577705455263BD980C39A82C\MQL5\Experts\Batch_0018\Expert_NEWS\ini\Expert_NEWS_01_opt.ini
2025-04-24 22:52:00,177 - INFO - Successfully converted C:\Users\nikol\AppData\Roaming\MetaQuotes\Terminal\4B1CE69F577705455263BD980C39A82C\MQL5\Profiles\Tester\optimized\Expert_RSI_Stochastic_MA_01_opt.set to C:\Users\nikol\AppData\Roaming\MetaQuotes\Terminal\4B1CE69F577705455263BD980C39A82C\MQL5\Experts\Batch_0018\Expert_RSI_Stochastic_MA\ini\Expert_RSI_Stochastic_MA_01_opt.ini
2025-04-24 22:52:00,180 - INFO - Successfully converted C:\Users\nikol\AppData\Roaming\MetaQuotes\Terminal\4B1CE69F577705455263BD980C39A82C\MQL5\Profiles\Tester\optimized\exp_Amstell_01_opt.set to C:\Users\nikol\AppData\Roaming\MetaQuotes\Terminal\4B1CE69F577705455263BD980C39A82C\MQL5\Experts\Batch_0018\exp_Amstell\ini\exp_Amstell_01_opt.ini
2025-04-24 22:52:00,184 - INFO - Successfully converted C:\Users\nikol\AppData\Roaming\MetaQuotes\Terminal\4B1CE69F577705455263BD980C39A82C\MQL5\Profiles\Tester\optimized\ExtremePrice_EA_v1.00_01_opt.set to C:\Users\nikol\AppData\Roaming\MetaQuotes\Terminal\4B1CE69F577705455263BD980C39A82C\MQL5\Experts\Batch_0018\ExtremePrice_EA_v1.00\ini\ExtremePrice_EA_v1.00_01_opt.ini
2025-04-24 22:52:00,187 - INFO - Successfully converted C:\Users\nikol\AppData\Roaming\MetaQuotes\Terminal\4B1CE69F577705455263BD980C39A82C\MQL5\Profiles\Tester\optimized\e_Breakeven_v4_01_opt.set to C:\Users\nikol\AppData\Roaming\MetaQuotes\Terminal\4B1CE69F577705455263BD980C39A82C\MQL5\Experts\Batch_0018\e_Breakeven_v4\ini\e_Breakeven_v4_01_opt.ini
2025-04-24 22:52:00,189 - WARNING - No .set files found for EA: FI TRADING ROBOT V1.0 MT5@yoforexprenium
2025-04-24 22:52:00,191 - WARNING - No .set files found for EA: Fi-Trading Robot 1.0
2025-04-24 22:52:00,193 - WARNING - No .set files found for EA: Fi-Trading Robot V2.0@YoForexPremium
2025-04-24 22:52:00,196 - INFO - Successfully converted C:\Users\nikol\AppData\Roaming\MetaQuotes\Terminal\4B1CE69F577705455263BD980C39A82C\MQL5\Profiles\Tester\optimized\FiboRetracement%20EA_01_opt.set to C:\Users\nikol\AppData\Roaming\MetaQuotes\Terminal\4B1CE69F577705455263BD980C39A82C\MQL5\Experts\Batch_0018\FiboRetracement%20EA\ini\FiboRetracement%20EA_01_opt.ini
2025-04-24 22:52:00,197 - INFO - Processing Batch_0019
2025-04-24 22:52:00,200 - INFO - Successfully converted C:\Users\nikol\AppData\Roaming\MetaQuotes\Terminal\4B1CE69F577705455263BD980C39A82C\MQL5\Profiles\Tester\optimized\Firebird v0.60_01_opt.set to C:\Users\nikol\AppData\Roaming\MetaQuotes\Terminal\4B1CE69F577705455263BD980C39A82C\MQL5\Experts\Batch_0019\Firebird v0.60\ini\Firebird v0.60_01_opt.ini
2025-04-24 22:52:00,203 - INFO - Successfully converted C:\Users\nikol\AppData\Roaming\MetaQuotes\Terminal\4B1CE69F577705455263BD980C39A82C\MQL5\Profiles\Tester\optimized\Firestorm_EA_01_opt.set to C:\Users\nikol\AppData\Roaming\MetaQuotes\Terminal\4B1CE69F577705455263BD980C39A82C\MQL5\Experts\Batch_0019\Firestorm_EA\ini\Firestorm_EA_01_opt.ini
2025-04-24 22:52:00,206 - INFO - Successfully converted C:\Users\nikol\AppData\Roaming\MetaQuotes\Terminal\4B1CE69F577705455263BD980C39A82C\MQL5\Profiles\Tester\optimized\Firestorm_indicator_01_opt.set to C:\Users\nikol\AppData\Roaming\MetaQuotes\Terminal\4B1CE69F577705455263BD980C39A82C\MQL5\Experts\Batch_0019\Firestorm_indicator\ini\Firestorm_indicator_01_opt.ini
2025-04-24 22:52:00,209 - INFO - Successfully converted C:\Users\nikol\AppData\Roaming\MetaQuotes\Terminal\4B1CE69F577705455263BD980C39A82C\MQL5\Profiles\Tester\optimized\Fluctuate_01_opt.set to C:\Users\nikol\AppData\Roaming\MetaQuotes\Terminal\4B1CE69F577705455263BD980C39A82C\MQL5\Experts\Batch_0019\Fluctuate\ini\Fluctuate_01_opt.ini
2025-04-24 22:52:00,212 - INFO - Successfully converted C:\Users\nikol\AppData\Roaming\MetaQuotes\Terminal\4B1CE69F577705455263BD980C39A82C\MQL5\Profiles\Tester\optimized\Forex Fraus M1_01_opt.set to C:\Users\nikol\AppData\Roaming\MetaQuotes\Terminal\4B1CE69F577705455263BD980C39A82C\MQL5\Experts\Batch_0019\Forex Fraus M1\ini\Forex Fraus M1_01_opt.ini
2025-04-24 22:52:00,215 - INFO - Successfully converted C:\Users\nikol\AppData\Roaming\MetaQuotes\Terminal\4B1CE69F577705455263BD980C39A82C\MQL5\Profiles\Tester\optimized\Forex Profit_01_opt.set to C:\Users\nikol\AppData\Roaming\MetaQuotes\Terminal\4B1CE69F577705455263BD980C39A82C\MQL5\Experts\Batch_0019\Forex Profit\ini\Forex Profit_01_opt.ini
2025-04-24 22:52:00,218 - INFO - Successfully converted C:\Users\nikol\AppData\Roaming\MetaQuotes\Terminal\4B1CE69F577705455263BD980C39A82C\MQL5\Profiles\Tester\optimized\Fractals minimum distance_01_opt.set to C:\Users\nikol\AppData\Roaming\MetaQuotes\Terminal\4B1CE69F577705455263BD980C39A82C\MQL5\Experts\Batch_0019\Fractals minimum distance\ini\Fractals minimum distance_01_opt.ini
2025-04-24 22:52:00,221 - INFO - Successfully converted C:\Users\nikol\AppData\Roaming\MetaQuotes\Terminal\4B1CE69F577705455263BD980C39A82C\MQL5\Profiles\Tester\optimized\Fraktrak xonax_01_opt.set to C:\Users\nikol\AppData\Roaming\MetaQuotes\Terminal\4B1CE69F577705455263BD980C39A82C\MQL5\Experts\Batch_0019\Fraktrak xonax\ini\Fraktrak xonax_01_opt.ini
2025-04-24 22:52:00,225 - INFO - Successfully converted C:\Users\nikol\AppData\Roaming\MetaQuotes\Terminal\4B1CE69F577705455263BD980C39A82C\MQL5\Profiles\Tester\optimized\Frank Ud_01_opt.set to C:\Users\nikol\AppData\Roaming\MetaQuotes\Terminal\4B1CE69F577705455263BD980C39A82C\MQL5\Experts\Batch_0019\Frank Ud\ini\Frank Ud_01_opt.ini
2025-04-24 22:52:00,228 - INFO - Successfully converted C:\Users\nikol\AppData\Roaming\MetaQuotes\Terminal\4B1CE69F577705455263BD980C39A82C\MQL5\Profiles\Tester\optimized\fratal_mt5_EA_01_opt.set to C:\Users\nikol\AppData\Roaming\MetaQuotes\Terminal\4B1CE69F577705455263BD980C39A82C\MQL5\Experts\Batch_0019\fratal_mt5_EA\ini\fratal_mt5_EA_01_opt.ini
2025-04-24 22:52:00,228 - INFO - Processing Batch_0020
2025-04-24 22:52:00,230 - WARNING - No .set files found for EA: FT Sniper GOLD MT5 (4)
2025-04-24 22:52:00,232 - INFO - Successfully converted C:\Users\nikol\AppData\Roaming\MetaQuotes\Terminal\4B1CE69F577705455263BD980C39A82C\MQL5\Profiles\Tester\optimized\FT_CCI_01_opt.set to C:\Users\nikol\AppData\Roaming\MetaQuotes\Terminal\4B1CE69F577705455263BD980C39A82C\MQL5\Experts\Batch_0020\FT_CCI\ini\FT_CCI_01_opt.ini
2025-04-24 22:52:00,236 - INFO - Successfully converted C:\Users\nikol\AppData\Roaming\MetaQuotes\Terminal\4B1CE69F577705455263BD980C39A82C\MQL5\Profiles\Tester\optimized\Fuzzy logic_01_opt.set to C:\Users\nikol\AppData\Roaming\MetaQuotes\Terminal\4B1CE69F577705455263BD980C39A82C\MQL5\Experts\Batch_0020\Fuzzy logic\ini\Fuzzy logic_01_opt.ini
2025-04-24 22:52:00,239 - INFO - Successfully converted C:\Users\nikol\AppData\Roaming\MetaQuotes\Terminal\4B1CE69F577705455263BD980C39A82C\MQL5\Profiles\Tester\optimized\GalacticExplosion_01_opt.set to C:\Users\nikol\AppData\Roaming\MetaQuotes\Terminal\4B1CE69F577705455263BD980C39A82C\MQL5\Experts\Batch_0020\GalacticExplosion\ini\GalacticExplosion_01_opt.ini
2025-04-24 22:52:00,241 - WARNING - No .set files found for EA: Galaxy 5 1.0 MT5
2025-04-24 22:52:00,244 - INFO - Successfully converted C:\Users\nikol\AppData\Roaming\MetaQuotes\Terminal\4B1CE69F577705455263BD980C39A82C\MQL5\Profiles\Tester\optimized\Gandalf_PRO_01_opt.set to C:\Users\nikol\AppData\Roaming\MetaQuotes\Terminal\4B1CE69F577705455263BD980C39A82C\MQL5\Experts\Batch_0020\Gandalf_PRO\ini\Gandalf_PRO_01_opt.ini
2025-04-24 22:52:00,247 - INFO - Successfully converted C:\Users\nikol\AppData\Roaming\MetaQuotes\Terminal\4B1CE69F577705455263BD980C39A82C\MQL5\Profiles\Tester\optimized\Gap DM_01_opt.set to C:\Users\nikol\AppData\Roaming\MetaQuotes\Terminal\4B1CE69F577705455263BD980C39A82C\MQL5\Experts\Batch_0020\Gap DM\ini\Gap DM_01_opt.ini
2025-04-24 22:52:00,250 - INFO - Successfully converted C:\Users\nikol\AppData\Roaming\MetaQuotes\Terminal\4B1CE69F577705455263BD980C39A82C\MQL5\Profiles\Tester\optimized\Gaps_01_opt.set to C:\Users\nikol\AppData\Roaming\MetaQuotes\Terminal\4B1CE69F577705455263BD980C39A82C\MQL5\Experts\Batch_0020\Gaps\ini\Gaps_01_opt.ini
2025-04-24 22:52:00,253 - INFO - Successfully converted C:\Users\nikol\AppData\Roaming\MetaQuotes\Terminal\4B1CE69F577705455263BD980C39A82C\MQL5\Profiles\Tester\optimized\GAP_EA_v1.00_01_opt.set to C:\Users\nikol\AppData\Roaming\MetaQuotes\Terminal\4B1CE69F577705455263BD980C39A82C\MQL5\Experts\Batch_0020\GAP_EA_v1.00\ini\GAP_EA_v1.00_01_opt.ini
2025-04-24 22:52:00,256 - INFO - Successfully converted C:\Users\nikol\AppData\Roaming\MetaQuotes\Terminal\4B1CE69F577705455263BD980C39A82C\MQL5\Profiles\Tester\optimized\GBP9AM_01_opt.set to C:\Users\nikol\AppData\Roaming\MetaQuotes\Terminal\4B1CE69F577705455263BD980C39A82C\MQL5\Experts\Batch_0020\GBP9AM\ini\GBP9AM_01_opt.ini
2025-04-24 22:52:00,257 - INFO - Processing Batch_0021
2025-04-24 22:52:00,259 - INFO - Successfully converted C:\Users\nikol\AppData\Roaming\MetaQuotes\Terminal\4B1CE69F577705455263BD980C39A82C\MQL5\Profiles\Tester\optimized\GbpChf_01_opt.set to C:\Users\nikol\AppData\Roaming\MetaQuotes\Terminal\4B1CE69F577705455263BD980C39A82C\MQL5\Experts\Batch_0021\GbpChf\ini\GbpChf_01_opt.ini
2025-04-24 22:52:00,262 - INFO - Successfully converted C:\Users\nikol\AppData\Roaming\MetaQuotes\Terminal\4B1CE69F577705455263BD980C39A82C\MQL5\Profiles\Tester\optimized\GO_01_opt.set to C:\Users\nikol\AppData\Roaming\MetaQuotes\Terminal\4B1CE69F577705455263BD980C39A82C\MQL5\Experts\Batch_0021\GO\ini\GO_01_opt.ini
2025-04-24 22:52:00,264 - WARNING - No .set files found for EA: Godzillar EA V4.0 Banker MT5 @FX XRACKED
2025-04-24 22:52:00,267 - INFO - Successfully converted C:\Users\nikol\AppData\Roaming\MetaQuotes\Terminal\4B1CE69F577705455263BD980C39A82C\MQL5\Profiles\Tester\optimized\Gold Dust_01_opt.set to C:\Users\nikol\AppData\Roaming\MetaQuotes\Terminal\4B1CE69F577705455263BD980C39A82C\MQL5\Experts\Batch_0021\Gold Dust\ini\Gold Dust_01_opt.ini
2025-04-24 22:52:00,269 - WARNING - No .set files found for EA: GoldHeroV4@FX Cracked
2025-04-24 22:52:00,272 - INFO - Successfully converted C:\Users\nikol\AppData\Roaming\MetaQuotes\Terminal\4B1CE69F577705455263BD980C39A82C\MQL5\Profiles\Tester\optimized\GreenTrade_01_opt.set to C:\Users\nikol\AppData\Roaming\MetaQuotes\Terminal\4B1CE69F577705455263BD980C39A82C\MQL5\Experts\Batch_0021\GreenTrade\ini\GreenTrade_01_opt.ini
2025-04-24 22:52:00,275 - INFO - Successfully converted C:\Users\nikol\AppData\Roaming\MetaQuotes\Terminal\4B1CE69F577705455263BD980C39A82C\MQL5\Profiles\Tester\optimized\Grid_01_opt.set to C:\Users\nikol\AppData\Roaming\MetaQuotes\Terminal\4B1CE69F577705455263BD980C39A82C\MQL5\Experts\Batch_0021\Grid\ini\Grid_01_opt.ini
2025-04-24 22:52:00,277 - INFO - Successfully converted C:\Users\nikol\AppData\Roaming\MetaQuotes\Terminal\4B1CE69F577705455263BD980C39A82C\MQL5\Profiles\Tester\optimized\Grid_Martingale_01_opt.set to C:\Users\nikol\AppData\Roaming\MetaQuotes\Terminal\4B1CE69F577705455263BD980C39A82C\MQL5\Experts\Batch_0021\Grid\ini\Grid_Martingale_01_opt.ini
2025-04-24 22:52:00,280 - INFO - Successfully converted C:\Users\nikol\AppData\Roaming\MetaQuotes\Terminal\4B1CE69F577705455263BD980C39A82C\MQL5\Profiles\Tester\optimized\GridEA_01_opt.set to C:\Users\nikol\AppData\Roaming\MetaQuotes\Terminal\4B1CE69F577705455263BD980C39A82C\MQL5\Experts\Batch_0021\GridEA\ini\GridEA_01_opt.ini
2025-04-24 22:52:00,283 - INFO - Successfully converted C:\Users\nikol\AppData\Roaming\MetaQuotes\Terminal\4B1CE69F577705455263BD980C39A82C\MQL5\Profiles\Tester\optimized\Grid_Martingale_01_opt.set to C:\Users\nikol\AppData\Roaming\MetaQuotes\Terminal\4B1CE69F577705455263BD980C39A82C\MQL5\Experts\Batch_0021\Grid_Martingale\ini\Grid_Martingale_01_opt.ini
2025-04-24 22:52:00,287 - INFO - Successfully converted C:\Users\nikol\AppData\Roaming\MetaQuotes\Terminal\4B1CE69F577705455263BD980C39A82C\MQL5\Profiles\Tester\optimized\HarVesteR_01_opt.set to C:\Users\nikol\AppData\Roaming\MetaQuotes\Terminal\4B1CE69F577705455263BD980C39A82C\MQL5\Experts\Batch_0021\HarVesteR\ini\HarVesteR_01_opt.ini
2025-04-24 22:52:00,287 - INFO - Processing Batch_0022
2025-04-24 22:52:00,292 - INFO - Successfully converted C:\Users\nikol\AppData\Roaming\MetaQuotes\Terminal\4B1CE69F577705455263BD980C39A82C\MQL5\Profiles\Tester\optimized\HedgeEA_01_opt.set to C:\Users\nikol\AppData\Roaming\MetaQuotes\Terminal\4B1CE69F577705455263BD980C39A82C\MQL5\Experts\Batch_0022\HedgeEA\ini\HedgeEA_01_opt.ini
2025-04-24 22:52:00,296 - INFO - Successfully converted C:\Users\nikol\AppData\Roaming\MetaQuotes\Terminal\4B1CE69F577705455263BD980C39A82C\MQL5\Profiles\Tester\optimized\hedger_01_opt.set to C:\Users\nikol\AppData\Roaming\MetaQuotes\Terminal\4B1CE69F577705455263BD980C39A82C\MQL5\Experts\Batch_0022\hedger\ini\hedger_01_opt.ini
2025-04-24 22:52:00,301 - INFO - Successfully converted C:\Users\nikol\AppData\Roaming\MetaQuotes\Terminal\4B1CE69F577705455263BD980C39A82C\MQL5\Profiles\Tester\optimized\Hedging_EA_01_opt.set to C:\Users\nikol\AppData\Roaming\MetaQuotes\Terminal\4B1CE69F577705455263BD980C39A82C\MQL5\Experts\Batch_0022\Hedging_EA\ini\Hedging_EA_01_opt.ini
2025-04-24 22:52:00,304 - WARNING - No .set files found for EA: heiken ashi engulf ea buy mt5
2025-04-24 22:52:00,307 - WARNING - No .set files found for EA: heiken ashi engulf sell ea mt5
2025-04-24 22:52:00,312 - INFO - Successfully converted C:\Users\nikol\AppData\Roaming\MetaQuotes\Terminal\4B1CE69F577705455263BD980C39A82C\MQL5\Profiles\Tester\optimized\heiken-ashi-smoothed_01_opt.set to C:\Users\nikol\AppData\Roaming\MetaQuotes\Terminal\4B1CE69F577705455263BD980C39A82C\MQL5\Experts\Batch_0022\heiken-ashi-smoothed\ini\heiken-ashi-smoothed_01_opt.ini
2025-04-24 22:52:00,316 - INFO - Successfully converted C:\Users\nikol\AppData\Roaming\MetaQuotes\Terminal\4B1CE69F577705455263BD980C39A82C\MQL5\Profiles\Tester\optimized\heiken-ashi-smoothedLine_01_opt.set to C:\Users\nikol\AppData\Roaming\MetaQuotes\Terminal\4B1CE69F577705455263BD980C39A82C\MQL5\Experts\Batch_0022\heiken-ashi-smoothedLine\ini\heiken-ashi-smoothedLine_01_opt.ini
2025-04-24 22:52:00,321 - INFO - Successfully converted C:\Users\nikol\AppData\Roaming\MetaQuotes\Terminal\4B1CE69F577705455263BD980C39A82C\MQL5\Profiles\Tester\optimized\HeikenAshi_Lines_01_opt.set to C:\Users\nikol\AppData\Roaming\MetaQuotes\Terminal\4B1CE69F577705455263BD980C39A82C\MQL5\Experts\Batch_0022\HeikenAshi_Lines\ini\HeikenAshi_Lines_01_opt.ini
2025-04-24 22:52:00,323 - INFO - Successfully converted C:\Users\nikol\AppData\Roaming\MetaQuotes\Terminal\4B1CE69F577705455263BD980C39A82C\MQL5\Profiles\Tester\optimized\HeikenAshi_Lines_EA_01_opt.set to C:\Users\nikol\AppData\Roaming\MetaQuotes\Terminal\4B1CE69F577705455263BD980C39A82C\MQL5\Experts\Batch_0022\HeikenAshi_Lines\ini\HeikenAshi_Lines_EA_01_opt.ini
2025-04-24 22:52:00,327 - INFO - Successfully converted C:\Users\nikol\AppData\Roaming\MetaQuotes\Terminal\4B1CE69F577705455263BD980C39A82C\MQL5\Profiles\Tester\optimized\HeikenAshi_Lines_EA_01_opt.set to C:\Users\nikol\AppData\Roaming\MetaQuotes\Terminal\4B1CE69F577705455263BD980C39A82C\MQL5\Experts\Batch_0022\HeikenAshi_Lines_EA\ini\HeikenAshi_Lines_EA_01_opt.ini
2025-04-24 22:52:00,332 - INFO - Successfully converted C:\Users\nikol\AppData\Roaming\MetaQuotes\Terminal\4B1CE69F577705455263BD980C39A82C\MQL5\Profiles\Tester\optimized\Heiken_Ashi_Smoothed_EA_01_opt.set to C:\Users\nikol\AppData\Roaming\MetaQuotes\Terminal\4B1CE69F577705455263BD980C39A82C\MQL5\Experts\Batch_0022\Heiken_Ashi_Smoothed_EA\ini\Heiken_Ashi_Smoothed_EA_01_opt.ini
2025-04-24 22:52:00,334 - INFO - Successfully converted C:\Users\nikol\AppData\Roaming\MetaQuotes\Terminal\4B1CE69F577705455263BD980C39A82C\MQL5\Profiles\Tester\optimized\Heiken_Ashi_Smoothed_EA_with_MA_01_opt.set to C:\Users\nikol\AppData\Roaming\MetaQuotes\Terminal\4B1CE69F577705455263BD980C39A82C\MQL5\Experts\Batch_0022\Heiken_Ashi_Smoothed_EA\ini\Heiken_Ashi_Smoothed_EA_with_MA_01_opt.ini
2025-04-24 22:52:00,335 - INFO - Processing Batch_0023
2025-04-24 22:52:00,339 - INFO - Successfully converted C:\Users\nikol\AppData\Roaming\MetaQuotes\Terminal\4B1CE69F577705455263BD980C39A82C\MQL5\Profiles\Tester\optimized\Heiken_Ashi_Smoothed_EA_with_MA_01_opt.set to C:\Users\nikol\AppData\Roaming\MetaQuotes\Terminal\4B1CE69F577705455263BD980C39A82C\MQL5\Experts\Batch_0023\Heiken_Ashi_Smoothed_EA_with_MA\ini\Heiken_Ashi_Smoothed_EA_with_MA_01_opt.ini
2025-04-24 22:52:00,343 - INFO - Successfully converted C:\Users\nikol\AppData\Roaming\MetaQuotes\Terminal\4B1CE69F577705455263BD980C39A82C\MQL5\Profiles\Tester\optimized\Heinken_Ashi_Color_Candles_01_opt.set to C:\Users\nikol\AppData\Roaming\MetaQuotes\Terminal\4B1CE69F577705455263BD980C39A82C\MQL5\Experts\Batch_0023\Heinken_Ashi_Color_Candles\ini\Heinken_Ashi_Color_Candles_01_opt.ini
2025-04-24 22:52:00,347 - INFO - Successfully converted C:\Users\nikol\AppData\Roaming\MetaQuotes\Terminal\4B1CE69F577705455263BD980C39A82C\MQL5\Profiles\Tester\optimized\HelloSmart_01_opt.set to C:\Users\nikol\AppData\Roaming\MetaQuotes\Terminal\4B1CE69F577705455263BD980C39A82C\MQL5\Experts\Batch_0023\HelloSmart\ini\HelloSmart_01_opt.ini
2025-04-24 22:52:00,351 - INFO - Successfully converted C:\Users\nikol\AppData\Roaming\MetaQuotes\Terminal\4B1CE69F577705455263BD980C39A82C\MQL5\Profiles\Tester\optimized\High_Low_EA_01_opt.set to C:\Users\nikol\AppData\Roaming\MetaQuotes\Terminal\4B1CE69F577705455263BD980C39A82C\MQL5\Experts\Batch_0023\High_Low_EA\ini\High_Low_EA_01_opt.ini
2025-04-24 22:52:00,354 - INFO - Successfully converted C:\Users\nikol\AppData\Roaming\MetaQuotes\Terminal\4B1CE69F577705455263BD980C39A82C\MQL5\Profiles\Tester\optimized\High_Low_Indicator_01_opt.set to C:\Users\nikol\AppData\Roaming\MetaQuotes\Terminal\4B1CE69F577705455263BD980C39A82C\MQL5\Experts\Batch_0023\High_Low_Indicator\ini\High_Low_Indicator_01_opt.ini
2025-04-24 22:52:00,358 - INFO - Successfully converted C:\Users\nikol\AppData\Roaming\MetaQuotes\Terminal\4B1CE69F577705455263BD980C39A82C\MQL5\Profiles\Tester\optimized\Hoop master 2_01_opt.set to C:\Users\nikol\AppData\Roaming\MetaQuotes\Terminal\4B1CE69F577705455263BD980C39A82C\MQL5\Experts\Batch_0023\Hoop master 2\ini\Hoop master 2_01_opt.ini
2025-04-24 22:52:00,360 - WARNING - No .set files found for EA: i-impulsesystem
2025-04-24 22:52:00,363 - INFO - Successfully converted C:\Users\nikol\AppData\Roaming\MetaQuotes\Terminal\4B1CE69F577705455263BD980C39A82C\MQL5\Profiles\Tester\optimized\iCCI iMA_01_opt.set to C:\Users\nikol\AppData\Roaming\MetaQuotes\Terminal\4B1CE69F577705455263BD980C39A82C\MQL5\Experts\Batch_0023\iCCI iMA\ini\iCCI iMA_01_opt.ini
2025-04-24 22:52:00,366 - INFO - Successfully converted C:\Users\nikol\AppData\Roaming\MetaQuotes\Terminal\4B1CE69F577705455263BD980C39A82C\MQL5\Profiles\Tester\optimized\ichimok2005_01_opt.set to C:\Users\nikol\AppData\Roaming\MetaQuotes\Terminal\4B1CE69F577705455263BD980C39A82C\MQL5\Experts\Batch_0023\ichimok2005\ini\ichimok2005_01_opt.ini
2025-04-24 22:52:00,369 - INFO - Successfully converted C:\Users\nikol\AppData\Roaming\MetaQuotes\Terminal\4B1CE69F577705455263BD980C39A82C\MQL5\Profiles\Tester\optimized\Ichimoku_01_opt.set to C:\Users\nikol\AppData\Roaming\MetaQuotes\Terminal\4B1CE69F577705455263BD980C39A82C\MQL5\Experts\Batch_0023\Ichimoku\ini\Ichimoku_01_opt.ini
2025-04-24 22:52:00,371 - INFO - Successfully converted C:\Users\nikol\AppData\Roaming\MetaQuotes\Terminal\4B1CE69F577705455263BD980C39A82C\MQL5\Profiles\Tester\optimized\Ichimoku_Dashboard_MT5_01_opt.set to C:\Users\nikol\AppData\Roaming\MetaQuotes\Terminal\4B1CE69F577705455263BD980C39A82C\MQL5\Experts\Batch_0023\Ichimoku\ini\Ichimoku_Dashboard_MT5_01_opt.ini
2025-04-24 22:52:00,372 - INFO - Successfully converted C:\Users\nikol\AppData\Roaming\MetaQuotes\Terminal\4B1CE69F577705455263BD980C39A82C\MQL5\Profiles\Tester\optimized\Ichimoku_Scanner_01_opt.set to C:\Users\nikol\AppData\Roaming\MetaQuotes\Terminal\4B1CE69F577705455263BD980C39A82C\MQL5\Experts\Batch_0023\Ichimoku\ini\Ichimoku_Scanner_01_opt.ini
2025-04-24 22:52:00,374 - INFO - Successfully converted C:\Users\nikol\AppData\Roaming\MetaQuotes\Terminal\4B1CE69F577705455263BD980C39A82C\MQL5\Profiles\Tester\optimized\Ichimoku_Scanner_MT5_01_opt.set to C:\Users\nikol\AppData\Roaming\MetaQuotes\Terminal\4B1CE69F577705455263BD980C39A82C\MQL5\Experts\Batch_0023\Ichimoku\ini\Ichimoku_Scanner_MT5_01_opt.ini
2025-04-24 22:52:00,375 - INFO - Successfully converted C:\Users\nikol\AppData\Roaming\MetaQuotes\Terminal\4B1CE69F577705455263BD980C39A82C\MQL5\Profiles\Tester\optimized\Ichimoku_Signals_and_Alert_01_opt.set to C:\Users\nikol\AppData\Roaming\MetaQuotes\Terminal\4B1CE69F577705455263BD980C39A82C\MQL5\Experts\Batch_0023\Ichimoku\ini\Ichimoku_Signals_and_Alert_01_opt.ini
2025-04-24 22:52:00,376 - INFO - Processing Batch_0024
2025-04-24 22:52:00,381 - INFO - Successfully converted C:\Users\nikol\AppData\Roaming\MetaQuotes\Terminal\4B1CE69F577705455263BD980C39A82C\MQL5\Profiles\Tester\optimized\Ichimoku%20Kijun%20Alert_01_opt.set to C:\Users\nikol\AppData\Roaming\MetaQuotes\Terminal\4B1CE69F577705455263BD980C39A82C\MQL5\Experts\Batch_0024\Ichimoku%20Kijun%20Alert\ini\Ichimoku%20Kijun%20Alert_01_opt.ini
2025-04-24 22:52:00,385 - INFO - Successfully converted C:\Users\nikol\AppData\Roaming\MetaQuotes\Terminal\4B1CE69F577705455263BD980C39A82C\MQL5\Profiles\Tester\optimized\Ichimoku%20Tenkan%20Alert_01_opt.set to C:\Users\nikol\AppData\Roaming\MetaQuotes\Terminal\4B1CE69F577705455263BD980C39A82C\MQL5\Experts\Batch_0024\Ichimoku%20Tenkan%20Alert\ini\Ichimoku%20Tenkan%20Alert_01_opt.ini
2025-04-24 22:52:00,388 - INFO - Successfully converted C:\Users\nikol\AppData\Roaming\MetaQuotes\Terminal\4B1CE69F577705455263BD980C39A82C\MQL5\Profiles\Tester\optimized\IchimokuMTF_EA_v1.00_01_opt.set to C:\Users\nikol\AppData\Roaming\MetaQuotes\Terminal\4B1CE69F577705455263BD980C39A82C\MQL5\Experts\Batch_0024\IchimokuMTF_EA_v1.00\ini\IchimokuMTF_EA_v1.00_01_opt.ini
2025-04-24 22:52:00,391 - INFO - Successfully converted C:\Users\nikol\AppData\Roaming\MetaQuotes\Terminal\4B1CE69F577705455263BD980C39A82C\MQL5\Profiles\Tester\optimized\Ichimoku_Dashboard_MT5_01_opt.set to C:\Users\nikol\AppData\Roaming\MetaQuotes\Terminal\4B1CE69F577705455263BD980C39A82C\MQL5\Experts\Batch_0024\Ichimoku_Dashboard_MT5\ini\Ichimoku_Dashboard_MT5_01_opt.ini
2025-04-24 22:52:00,394 - INFO - Successfully converted C:\Users\nikol\AppData\Roaming\MetaQuotes\Terminal\4B1CE69F577705455263BD980C39A82C\MQL5\Profiles\Tester\optimized\Ichimoku_Scanner_01_opt.set to C:\Users\nikol\AppData\Roaming\MetaQuotes\Terminal\4B1CE69F577705455263BD980C39A82C\MQL5\Experts\Batch_0024\Ichimoku_Scanner\ini\Ichimoku_Scanner_01_opt.ini
2025-04-24 22:52:00,395 - INFO - Successfully converted C:\Users\nikol\AppData\Roaming\MetaQuotes\Terminal\4B1CE69F577705455263BD980C39A82C\MQL5\Profiles\Tester\optimized\Ichimoku_Scanner_MT5_01_opt.set to C:\Users\nikol\AppData\Roaming\MetaQuotes\Terminal\4B1CE69F577705455263BD980C39A82C\MQL5\Experts\Batch_0024\Ichimoku_Scanner\ini\Ichimoku_Scanner_MT5_01_opt.ini
2025-04-24 22:52:00,397 - INFO - Successfully converted C:\Users\nikol\AppData\Roaming\MetaQuotes\Terminal\4B1CE69F577705455263BD980C39A82C\MQL5\Profiles\Tester\optimized\Ichimoku_Scanner_MT5_01_opt.set to C:\Users\nikol\AppData\Roaming\MetaQuotes\Terminal\4B1CE69F577705455263BD980C39A82C\MQL5\Experts\Batch_0024\Ichimoku_Scanner_MT5\ini\Ichimoku_Scanner_MT5_01_opt.ini
2025-04-24 22:52:00,401 - INFO - Successfully converted C:\Users\nikol\AppData\Roaming\MetaQuotes\Terminal\4B1CE69F577705455263BD980C39A82C\MQL5\Profiles\Tester\optimized\Ichimoku_Signals_and_Alert_01_opt.set to C:\Users\nikol\AppData\Roaming\MetaQuotes\Terminal\4B1CE69F577705455263BD980C39A82C\MQL5\Experts\Batch_0024\Ichimoku_Signals_and_Alert\ini\Ichimoku_Signals_and_Alert_01_opt.ini
2025-04-24 22:52:00,404 - INFO - Successfully converted C:\Users\nikol\AppData\Roaming\MetaQuotes\Terminal\4B1CE69F577705455263BD980C39A82C\MQL5\Profiles\Tester\optimized\ICH_With_Alert_Derekers_01_opt.set to C:\Users\nikol\AppData\Roaming\MetaQuotes\Terminal\4B1CE69F577705455263BD980C39A82C\MQL5\Experts\Batch_0024\ICH_With_Alert_Derekers\ini\ICH_With_Alert_Derekers_01_opt.ini
2025-04-24 22:52:00,405 - INFO - Successfully converted C:\Users\nikol\AppData\Roaming\MetaQuotes\Terminal\4B1CE69F577705455263BD980C39A82C\MQL5\Profiles\Tester\optimized\ICH_With_Alert_Derekers_EA_01_opt.set to C:\Users\nikol\AppData\Roaming\MetaQuotes\Terminal\4B1CE69F577705455263BD980C39A82C\MQL5\Experts\Batch_0024\ICH_With_Alert_Derekers\ini\ICH_With_Alert_Derekers_EA_01_opt.ini
2025-04-24 22:52:00,408 - INFO - Successfully converted C:\Users\nikol\AppData\Roaming\MetaQuotes\Terminal\4B1CE69F577705455263BD980C39A82C\MQL5\Profiles\Tester\optimized\ICH_With_Alert_Derekers_EA_01_opt.set to C:\Users\nikol\AppData\Roaming\MetaQuotes\Terminal\4B1CE69F577705455263BD980C39A82C\MQL5\Experts\Batch_0024\ICH_With_Alert_Derekers_EA\ini\ICH_With_Alert_Derekers_EA_01_opt.ini
2025-04-24 22:52:00,412 - INFO - Successfully converted C:\Users\nikol\AppData\Roaming\MetaQuotes\Terminal\4B1CE69F577705455263BD980C39A82C\MQL5\Profiles\Tester\optimized\Ilan iMA_01_opt.set to C:\Users\nikol\AppData\Roaming\MetaQuotes\Terminal\4B1CE69F577705455263BD980C39A82C\MQL5\Experts\Batch_0024\Ilan iMA\ini\Ilan iMA_01_opt.ini
2025-04-24 22:52:00,412 - INFO - Processing Batch_0025
2025-04-24 22:52:00,415 - INFO - Successfully converted C:\Users\nikol\AppData\Roaming\MetaQuotes\Terminal\4B1CE69F577705455263BD980C39A82C\MQL5\Profiles\Tester\optimized\Ilan1.4_01_opt.set to C:\Users\nikol\AppData\Roaming\MetaQuotes\Terminal\4B1CE69F577705455263BD980C39A82C\MQL5\Experts\Batch_0025\Ilan1.4\ini\Ilan1.4_01_opt.ini
2025-04-24 22:52:00,418 - INFO - Successfully converted C:\Users\nikol\AppData\Roaming\MetaQuotes\Terminal\4B1CE69F577705455263BD980C39A82C\MQL5\Profiles\Tester\optimized\iMA iStdDev_01_opt.set to C:\Users\nikol\AppData\Roaming\MetaQuotes\Terminal\4B1CE69F577705455263BD980C39A82C\MQL5\Experts\Batch_0025\iMA iStdDev\ini\iMA iStdDev_01_opt.ini
2025-04-24 22:52:00,421 - INFO - Successfully converted C:\Users\nikol\AppData\Roaming\MetaQuotes\Terminal\4B1CE69F577705455263BD980C39A82C\MQL5\Profiles\Tester\optimized\Indices Tester_01_opt.set to C:\Users\nikol\AppData\Roaming\MetaQuotes\Terminal\4B1CE69F577705455263BD980C39A82C\MQL5\Experts\Batch_0025\Indices Tester\ini\Indices Tester_01_opt.ini
2025-04-24 22:52:00,425 - INFO - Successfully converted C:\Users\nikol\AppData\Roaming\MetaQuotes\Terminal\4B1CE69F577705455263BD980C39A82C\MQL5\Profiles\Tester\optimized\Inka%20Edho%20EA_01_opt.set to C:\Users\nikol\AppData\Roaming\MetaQuotes\Terminal\4B1CE69F577705455263BD980C39A82C\MQL5\Experts\Batch_0025\Inka%20Edho%20EA\ini\Inka%20Edho%20EA_01_opt.ini
2025-04-24 22:52:00,429 - INFO - Successfully converted C:\Users\nikol\AppData\Roaming\MetaQuotes\Terminal\4B1CE69F577705455263BD980C39A82C\MQL5\Profiles\Tester\optimized\Intersection 2 iMA_01_opt.set to C:\Users\nikol\AppData\Roaming\MetaQuotes\Terminal\4B1CE69F577705455263BD980C39A82C\MQL5\Experts\Batch_0025\Intersection 2 iMA\ini\Intersection 2 iMA_01_opt.ini
2025-04-24 22:52:00,432 - INFO - Successfully converted C:\Users\nikol\AppData\Roaming\MetaQuotes\Terminal\4B1CE69F577705455263BD980C39A82C\MQL5\Profiles\Tester\optimized\IStochastic_Trading_01_opt.set to C:\Users\nikol\AppData\Roaming\MetaQuotes\Terminal\4B1CE69F577705455263BD980C39A82C\MQL5\Experts\Batch_0025\IStochastic_Trading\ini\IStochastic_Trading_01_opt.ini
2025-04-24 22:52:00,435 - INFO - Successfully converted C:\Users\nikol\AppData\Roaming\MetaQuotes\Terminal\4B1CE69F577705455263BD980C39A82C\MQL5\Profiles\Tester\optimized\Ivan_01_opt.set to C:\Users\nikol\AppData\Roaming\MetaQuotes\Terminal\4B1CE69F577705455263BD980C39A82C\MQL5\Experts\Batch_0025\Ivan\ini\Ivan_01_opt.ini
2025-04-24 22:52:00,439 - INFO - Successfully converted C:\Users\nikol\AppData\Roaming\MetaQuotes\Terminal\4B1CE69F577705455263BD980C39A82C\MQL5\Profiles\Tester\optimized\iVIDyA Simple_01_opt.set to C:\Users\nikol\AppData\Roaming\MetaQuotes\Terminal\4B1CE69F577705455263BD980C39A82C\MQL5\Experts\Batch_0025\iVIDyA Simple\ini\iVIDyA Simple_01_opt.ini
2025-04-24 22:52:00,442 - INFO - Successfully converted C:\Users\nikol\AppData\Roaming\MetaQuotes\Terminal\4B1CE69F577705455263BD980C39A82C\MQL5\Profiles\Tester\optimized\Jackpot_Strategy_EA_01_opt.set to C:\Users\nikol\AppData\Roaming\MetaQuotes\Terminal\4B1CE69F577705455263BD980C39A82C\MQL5\Experts\Batch_0025\Jackpot_Strategy_EA\ini\Jackpot_Strategy_EA_01_opt.ini
2025-04-24 22:52:00,445 - INFO - Successfully converted C:\Users\nikol\AppData\Roaming\MetaQuotes\Terminal\4B1CE69F577705455263BD980C39A82C\MQL5\Profiles\Tester\optimized\JackPot_Strategy_Elite_01_opt.set to C:\Users\nikol\AppData\Roaming\MetaQuotes\Terminal\4B1CE69F577705455263BD980C39A82C\MQL5\Experts\Batch_0025\JackPot_Strategy_Elite\ini\JackPot_Strategy_Elite_01_opt.ini
2025-04-24 22:52:00,446 - INFO - Processing Batch_0026
2025-04-24 22:52:00,449 - INFO - Successfully converted C:\Users\nikol\AppData\Roaming\MetaQuotes\Terminal\4B1CE69F577705455263BD980C39A82C\MQL5\Profiles\Tester\optimized\JK BullP AutoTrader_01_opt.set to C:\Users\nikol\AppData\Roaming\MetaQuotes\Terminal\4B1CE69F577705455263BD980C39A82C\MQL5\Experts\Batch_0026\JK BullP AutoTrader\ini\JK BullP AutoTrader_01_opt.ini
2025-04-24 22:52:00,453 - INFO - Successfully converted C:\Users\nikol\AppData\Roaming\MetaQuotes\Terminal\4B1CE69F577705455263BD980C39A82C\MQL5\Profiles\Tester\optimized\JS MA SAR Trades_01_opt.set to C:\Users\nikol\AppData\Roaming\MetaQuotes\Terminal\4B1CE69F577705455263BD980C39A82C\MQL5\Experts\Batch_0026\JS MA SAR Trades\ini\JS MA SAR Trades_01_opt.ini
2025-04-24 22:52:00,455 - WARNING - No .set files found for EA: JS MA SAR Trades EA MT5@YoforexPremium
2025-04-24 22:52:00,456 - WARNING - No .set files found for EA: JS MA SAR Trades@Yoforexpremium
2025-04-24 22:52:00,459 - INFO - Successfully converted C:\Users\nikol\AppData\Roaming\MetaQuotes\Terminal\4B1CE69F577705455263BD980C39A82C\MQL5\Profiles\Tester\optimized\JS-Chaos_01_opt.set to C:\Users\nikol\AppData\Roaming\MetaQuotes\Terminal\4B1CE69F577705455263BD980C39A82C\MQL5\Experts\Batch_0026\JS-Chaos\ini\JS-Chaos_01_opt.ini
2025-04-24 22:52:00,462 - INFO - Successfully converted C:\Users\nikol\AppData\Roaming\MetaQuotes\Terminal\4B1CE69F577705455263BD980C39A82C\MQL5\Profiles\Tester\optimized\JS-MA-Day_01_opt.set to C:\Users\nikol\AppData\Roaming\MetaQuotes\Terminal\4B1CE69F577705455263BD980C39A82C\MQL5\Experts\Batch_0026\JS-MA-Day\ini\JS-MA-Day_01_opt.ini
2025-04-24 22:52:00,464 - WARNING - No .set files found for EA: Juggernaut V1.3
2025-04-24 22:52:00,467 - INFO - Successfully converted C:\Users\nikol\AppData\Roaming\MetaQuotes\Terminal\4B1CE69F577705455263BD980C39A82C\MQL5\Profiles\Tester\optimized\KA-Gold Bot_01_opt.set to C:\Users\nikol\AppData\Roaming\MetaQuotes\Terminal\4B1CE69F577705455263BD980C39A82C\MQL5\Experts\Batch_0026\KA-Gold Bot\ini\KA-Gold Bot_01_opt.ini
2025-04-24 22:52:00,470 - INFO - Successfully converted C:\Users\nikol\AppData\Roaming\MetaQuotes\Terminal\4B1CE69F577705455263BD980C39A82C\MQL5\Profiles\Tester\optimized\KueFx%20Arrows_01_opt.set to C:\Users\nikol\AppData\Roaming\MetaQuotes\Terminal\4B1CE69F577705455263BD980C39A82C\MQL5\Experts\Batch_0026\KueFx%20Arrows\ini\KueFx%20Arrows_01_opt.ini
2025-04-24 22:52:00,473 - INFO - Successfully converted C:\Users\nikol\AppData\Roaming\MetaQuotes\Terminal\4B1CE69F577705455263BD980C39A82C\MQL5\Profiles\Tester\optimized\KueFx%20Baseline_01_opt.set to C:\Users\nikol\AppData\Roaming\MetaQuotes\Terminal\4B1CE69F577705455263BD980C39A82C\MQL5\Experts\Batch_0026\KueFx%20Baseline\ini\KueFx%20Baseline_01_opt.ini
2025-04-24 22:52:00,473 - INFO - Processing Batch_0027
2025-04-24 22:52:00,476 - INFO - Successfully converted C:\Users\nikol\AppData\Roaming\MetaQuotes\Terminal\4B1CE69F577705455263BD980C39A82C\MQL5\Profiles\Tester\optimized\KueFxTrend%20EA_01_opt.set to C:\Users\nikol\AppData\Roaming\MetaQuotes\Terminal\4B1CE69F577705455263BD980C39A82C\MQL5\Experts\Batch_0027\KueFxTrend%20EA\ini\KueFxTrend%20EA_01_opt.ini
2025-04-24 22:52:00,479 - INFO - Successfully converted C:\Users\nikol\AppData\Roaming\MetaQuotes\Terminal\4B1CE69F577705455263BD980C39A82C\MQL5\Profiles\Tester\optimized\KueFxTrend_EA_01_opt.set to C:\Users\nikol\AppData\Roaming\MetaQuotes\Terminal\4B1CE69F577705455263BD980C39A82C\MQL5\Experts\Batch_0027\KueFxTrend_EA\ini\KueFxTrend_EA_01_opt.ini
2025-04-24 22:52:00,484 - INFO - Successfully converted C:\Users\nikol\AppData\Roaming\MetaQuotes\Terminal\4B1CE69F577705455263BD980C39A82C\MQL5\Profiles\Tester\optimized\KueFx_Arrows_01_opt.set to C:\Users\nikol\AppData\Roaming\MetaQuotes\Terminal\4B1CE69F577705455263BD980C39A82C\MQL5\Experts\Batch_0027\KueFx_Arrows\ini\KueFx_Arrows_01_opt.ini
2025-04-24 22:52:00,486 - INFO - Successfully converted C:\Users\nikol\AppData\Roaming\MetaQuotes\Terminal\4B1CE69F577705455263BD980C39A82C\MQL5\Profiles\Tester\optimized\KueFx_Arrows_EA_v1.00_01_opt.set to C:\Users\nikol\AppData\Roaming\MetaQuotes\Terminal\4B1CE69F577705455263BD980C39A82C\MQL5\Experts\Batch_0027\KueFx_Arrows\ini\KueFx_Arrows_EA_v1.00_01_opt.ini
2025-04-24 22:52:00,488 - INFO - Successfully converted C:\Users\nikol\AppData\Roaming\MetaQuotes\Terminal\4B1CE69F577705455263BD980C39A82C\MQL5\Profiles\Tester\optimized\KueFx_Arrows_EA_v1.10_01_opt.set to C:\Users\nikol\AppData\Roaming\MetaQuotes\Terminal\4B1CE69F577705455263BD980C39A82C\MQL5\Experts\Batch_0027\KueFx_Arrows\ini\KueFx_Arrows_EA_v1.10_01_opt.ini
2025-04-24 22:52:00,494 - INFO - Successfully converted C:\Users\nikol\AppData\Roaming\MetaQuotes\Terminal\4B1CE69F577705455263BD980C39A82C\MQL5\Profiles\Tester\optimized\KueFx_Arrows%20EA_01_opt.set to C:\Users\nikol\AppData\Roaming\MetaQuotes\Terminal\4B1CE69F577705455263BD980C39A82C\MQL5\Experts\Batch_0027\KueFx_Arrows%20EA\ini\KueFx_Arrows%20EA_01_opt.ini
2025-04-24 22:52:00,500 - INFO - Successfully converted C:\Users\nikol\AppData\Roaming\MetaQuotes\Terminal\4B1CE69F577705455263BD980C39A82C\MQL5\Profiles\Tester\optimized\KueFx_Arrows_EA_v1.00_01_opt.set to C:\Users\nikol\AppData\Roaming\MetaQuotes\Terminal\4B1CE69F577705455263BD980C39A82C\MQL5\Experts\Batch_0027\KueFx_Arrows_EA_v1.00\ini\KueFx_Arrows_EA_v1.00_01_opt.ini
2025-04-24 22:52:00,505 - INFO - Successfully converted C:\Users\nikol\AppData\Roaming\MetaQuotes\Terminal\4B1CE69F577705455263BD980C39A82C\MQL5\Profiles\Tester\optimized\KueFx_Arrows_EA_v1.10_01_opt.set to C:\Users\nikol\AppData\Roaming\MetaQuotes\Terminal\4B1CE69F577705455263BD980C39A82C\MQL5\Experts\Batch_0027\KueFx_Arrows_EA_v1.10\ini\KueFx_Arrows_EA_v1.10_01_opt.ini
2025-04-24 22:52:00,513 - INFO - Successfully converted C:\Users\nikol\AppData\Roaming\MetaQuotes\Terminal\4B1CE69F577705455263BD980C39A82C\MQL5\Profiles\Tester\optimized\KueFx_Baseline_EA_v1.00_01_opt.set to C:\Users\nikol\AppData\Roaming\MetaQuotes\Terminal\4B1CE69F577705455263BD980C39A82C\MQL5\Experts\Batch_0027\KueFx_Baseline_EA_v1.00\ini\KueFx_Baseline_EA_v1.00_01_opt.ini
2025-04-24 22:52:00,519 - INFO - Successfully converted C:\Users\nikol\AppData\Roaming\MetaQuotes\Terminal\4B1CE69F577705455263BD980C39A82C\MQL5\Profiles\Tester\optimized\KueFx_Baseline_EA_v1.10_01_opt.set to C:\Users\nikol\AppData\Roaming\MetaQuotes\Terminal\4B1CE69F577705455263BD980C39A82C\MQL5\Experts\Batch_0027\KueFx_Baseline_EA_v1.10\ini\KueFx_Baseline_EA_v1.10_01_opt.ini
2025-04-24 22:52:00,524 - INFO - Successfully converted C:\Users\nikol\AppData\Roaming\MetaQuotes\Terminal\4B1CE69F577705455263BD980C39A82C\MQL5\Profiles\Tester\optimized\KueFx_Baseline_v1.10_01_opt.set to C:\Users\nikol\AppData\Roaming\MetaQuotes\Terminal\4B1CE69F577705455263BD980C39A82C\MQL5\Experts\Batch_0027\KueFx_Baseline_v1.10\ini\KueFx_Baseline_v1.10_01_opt.ini
2025-04-24 22:52:00,528 - INFO - Successfully converted C:\Users\nikol\AppData\Roaming\MetaQuotes\Terminal\4B1CE69F577705455263BD980C39A82C\MQL5\Profiles\Tester\optimized\KueFx_Clean_2025_EA_01_opt.set to C:\Users\nikol\AppData\Roaming\MetaQuotes\Terminal\4B1CE69F577705455263BD980C39A82C\MQL5\Experts\Batch_0027\KueFx_Clean_2025_EA\ini\KueFx_Clean_2025_EA_01_opt.ini
2025-04-24 22:52:00,529 - INFO - Processing Batch_0028
2025-04-24 22:52:00,535 - INFO - Successfully converted C:\Users\nikol\AppData\Roaming\MetaQuotes\Terminal\4B1CE69F577705455263BD980C39A82C\MQL5\Profiles\Tester\optimized\KueFx_Extreme_EA_01_opt.set to C:\Users\nikol\AppData\Roaming\MetaQuotes\Terminal\4B1CE69F577705455263BD980C39A82C\MQL5\Experts\Batch_0028\KueFx_Extreme_EA\ini\KueFx_Extreme_EA_01_opt.ini
2025-04-24 22:52:00,540 - INFO - Successfully converted C:\Users\nikol\AppData\Roaming\MetaQuotes\Terminal\4B1CE69F577705455263BD980C39A82C\MQL5\Profiles\Tester\optimized\KueFx_Harare_EA_01_opt.set to C:\Users\nikol\AppData\Roaming\MetaQuotes\Terminal\4B1CE69F577705455263BD980C39A82C\MQL5\Experts\Batch_0028\KueFx_Harare_EA\ini\KueFx_Harare_EA_01_opt.ini
2025-04-24 22:52:00,544 - INFO - Successfully converted C:\Users\nikol\AppData\Roaming\MetaQuotes\Terminal\4B1CE69F577705455263BD980C39A82C\MQL5\Profiles\Tester\optimized\KueFX_Money_Management_01_opt.set to C:\Users\nikol\AppData\Roaming\MetaQuotes\Terminal\4B1CE69F577705455263BD980C39A82C\MQL5\Experts\Batch_0028\KueFX_Money_Management\ini\KueFX_Money_Management_01_opt.ini
2025-04-24 22:52:00,550 - INFO - Successfully converted C:\Users\nikol\AppData\Roaming\MetaQuotes\Terminal\4B1CE69F577705455263BD980C39A82C\MQL5\Profiles\Tester\optimized\KueFx_Motor_EA_v1.00_01_opt.set to C:\Users\nikol\AppData\Roaming\MetaQuotes\Terminal\4B1CE69F577705455263BD980C39A82C\MQL5\Experts\Batch_0028\KueFx_Motor_EA_v1.00\ini\KueFx_Motor_EA_v1.00_01_opt.ini
2025-04-24 22:52:00,554 - INFO - Successfully converted C:\Users\nikol\AppData\Roaming\MetaQuotes\Terminal\4B1CE69F577705455263BD980C39A82C\MQL5\Profiles\Tester\optimized\KueFx_Motor_v1.00_01_opt.set to C:\Users\nikol\AppData\Roaming\MetaQuotes\Terminal\4B1CE69F577705455263BD980C39A82C\MQL5\Experts\Batch_0028\KueFx_Motor_v1.00\ini\KueFx_Motor_v1.00_01_opt.ini
2025-04-24 22:52:00,558 - INFO - Successfully converted C:\Users\nikol\AppData\Roaming\MetaQuotes\Terminal\4B1CE69F577705455263BD980C39A82C\MQL5\Profiles\Tester\optimized\KueFx_Trend_01_opt.set to C:\Users\nikol\AppData\Roaming\MetaQuotes\Terminal\4B1CE69F577705455263BD980C39A82C\MQL5\Experts\Batch_0028\KueFx_Trend\ini\KueFx_Trend_01_opt.ini
2025-04-24 22:52:00,562 - INFO - Successfully converted C:\Users\nikol\AppData\Roaming\MetaQuotes\Terminal\4B1CE69F577705455263BD980C39A82C\MQL5\Profiles\Tester\optimized\Kue_Electric_EA_01_opt.set to C:\Users\nikol\AppData\Roaming\MetaQuotes\Terminal\4B1CE69F577705455263BD980C39A82C\MQL5\Experts\Batch_0028\Kue_Electric_EA\ini\Kue_Electric_EA_01_opt.ini
2025-04-24 22:52:00,566 - INFO - Successfully converted C:\Users\nikol\AppData\Roaming\MetaQuotes\Terminal\4B1CE69F577705455263BD980C39A82C\MQL5\Profiles\Tester\optimized\LarryConnersRSI2_01_opt.set to C:\Users\nikol\AppData\Roaming\MetaQuotes\Terminal\4B1CE69F577705455263BD980C39A82C\MQL5\Experts\Batch_0028\LarryConnersRSI2\ini\LarryConnersRSI2_01_opt.ini
2025-04-24 22:52:00,569 - INFO - Successfully converted C:\Users\nikol\AppData\Roaming\MetaQuotes\Terminal\4B1CE69F577705455263BD980C39A82C\MQL5\Profiles\Tester\optimized\Last ZZ50_01_opt.set to C:\Users\nikol\AppData\Roaming\MetaQuotes\Terminal\4B1CE69F577705455263BD980C39A82C\MQL5\Experts\Batch_0028\Last ZZ50\ini\Last ZZ50_01_opt.ini
2025-04-24 22:52:00,573 - INFO - Successfully converted C:\Users\nikol\AppData\Roaming\MetaQuotes\Terminal\4B1CE69F577705455263BD980C39A82C\MQL5\Profiles\Tester\optimized\Lavika100_01_opt.set to C:\Users\nikol\AppData\Roaming\MetaQuotes\Terminal\4B1CE69F577705455263BD980C39A82C\MQL5\Experts\Batch_0028\Lavika100\ini\Lavika100_01_opt.ini
2025-04-24 22:52:00,573 - INFO - Processing Batch_0029
2025-04-24 22:52:00,577 - INFO - Successfully converted C:\Users\nikol\AppData\Roaming\MetaQuotes\Terminal\4B1CE69F577705455263BD980C39A82C\MQL5\Profiles\Tester\optimized\LazyBot MT5_V1_01_opt.set to C:\Users\nikol\AppData\Roaming\MetaQuotes\Terminal\4B1CE69F577705455263BD980C39A82C\MQL5\Experts\Batch_0029\LazyBot MT5_V1\ini\LazyBot MT5_V1_01_opt.ini
2025-04-24 22:52:00,582 - INFO - Successfully converted C:\Users\nikol\AppData\Roaming\MetaQuotes\Terminal\4B1CE69F577705455263BD980C39A82C\MQL5\Profiles\Tester\optimized\LBS_01_opt.set to C:\Users\nikol\AppData\Roaming\MetaQuotes\Terminal\4B1CE69F577705455263BD980C39A82C\MQL5\Experts\Batch_0029\LBS\ini\LBS_01_opt.ini
2025-04-24 22:52:00,586 - INFO - Successfully converted C:\Users\nikol\AppData\Roaming\MetaQuotes\Terminal\4B1CE69F577705455263BD980C39A82C\MQL5\Profiles\Tester\optimized\Lego EA_01_opt.set to C:\Users\nikol\AppData\Roaming\MetaQuotes\Terminal\4B1CE69F577705455263BD980C39A82C\MQL5\Experts\Batch_0029\Lego EA\ini\Lego EA_01_opt.ini
2025-04-24 22:52:00,591 - INFO - Successfully converted C:\Users\nikol\AppData\Roaming\MetaQuotes\Terminal\4B1CE69F577705455263BD980C39A82C\MQL5\Profiles\Tester\optimized\Lesson 3_ Price Action_01_opt.set to C:\Users\nikol\AppData\Roaming\MetaQuotes\Terminal\4B1CE69F577705455263BD980C39A82C\MQL5\Experts\Batch_0029\Lesson 3_ Price Action\ini\Lesson 3_ Price Action_01_opt.ini
2025-04-24 22:52:00,597 - INFO - Successfully converted C:\Users\nikol\AppData\Roaming\MetaQuotes\Terminal\4B1CE69F577705455263BD980C39A82C\MQL5\Profiles\Tester\optimized\Lesson 4_ Price Action & MA Filter_01_opt.set to C:\Users\nikol\AppData\Roaming\MetaQuotes\Terminal\4B1CE69F577705455263BD980C39A82C\MQL5\Experts\Batch_0029\Lesson 4_ Price Action & MA Filter\ini\Lesson 4_ Price Action & MA Filter_01_opt.ini
2025-04-24 22:52:00,602 - INFO - Successfully converted C:\Users\nikol\AppData\Roaming\MetaQuotes\Terminal\4B1CE69F577705455263BD980C39A82C\MQL5\Profiles\Tester\optimized\Lesson 6 Trailling ATR_01_opt.set to C:\Users\nikol\AppData\Roaming\MetaQuotes\Terminal\4B1CE69F577705455263BD980C39A82C\MQL5\Experts\Batch_0029\Lesson 6 Trailling ATR\ini\Lesson 6 Trailling ATR_01_opt.ini
2025-04-24 22:52:00,605 - INFO - Successfully converted C:\Users\nikol\AppData\Roaming\MetaQuotes\Terminal\4B1CE69F577705455263BD980C39A82C\MQL5\Profiles\Tester\optimized\Lesson 7 Price action Ket hop Volume VSA_01_opt.set to C:\Users\nikol\AppData\Roaming\MetaQuotes\Terminal\4B1CE69F577705455263BD980C39A82C\MQL5\Experts\Batch_0029\Lesson 7 Price action Ket hop Volume VSA\ini\Lesson 7 Price action Ket hop Volume VSA_01_opt.ini
2025-04-24 22:52:00,609 - INFO - Successfully converted C:\Users\nikol\AppData\Roaming\MetaQuotes\Terminal\4B1CE69F577705455263BD980C39A82C\MQL5\Profiles\Tester\optimized\Little EA_01_opt.set to C:\Users\nikol\AppData\Roaming\MetaQuotes\Terminal\4B1CE69F577705455263BD980C39A82C\MQL5\Experts\Batch_0029\Little EA\ini\Little EA_01_opt.ini
2025-04-24 22:52:00,612 - INFO - Successfully converted C:\Users\nikol\AppData\Roaming\MetaQuotes\Terminal\4B1CE69F577705455263BD980C39A82C\MQL5\Profiles\Tester\optimized\Lock_01_opt.set to C:\Users\nikol\AppData\Roaming\MetaQuotes\Terminal\4B1CE69F577705455263BD980C39A82C\MQL5\Experts\Batch_0029\Lock\ini\Lock_01_opt.ini
2025-04-24 22:52:00,615 - INFO - Successfully converted C:\Users\nikol\AppData\Roaming\MetaQuotes\Terminal\4B1CE69F577705455263BD980C39A82C\MQL5\Profiles\Tester\optimized\Locker_01_opt.set to C:\Users\nikol\AppData\Roaming\MetaQuotes\Terminal\4B1CE69F577705455263BD980C39A82C\MQL5\Experts\Batch_0029\Locker\ini\Locker_01_opt.ini
2025-04-24 22:52:00,615 - INFO - Processing Batch_0030
2025-04-24 22:52:00,618 - INFO - Successfully converted C:\Users\nikol\AppData\Roaming\MetaQuotes\Terminal\4B1CE69F577705455263BD980C39A82C\MQL5\Profiles\Tester\optimized\Lucky_01_opt.set to C:\Users\nikol\AppData\Roaming\MetaQuotes\Terminal\4B1CE69F577705455263BD980C39A82C\MQL5\Experts\Batch_0030\Lucky\ini\Lucky_01_opt.ini
2025-04-24 22:52:00,620 - WARNING - No .set files found for EA: M.A break mt5 buy
2025-04-24 22:52:00,622 - WARNING - No .set files found for EA: M.A break mt5 sell
2025-04-24 22:52:00,625 - INFO - Successfully converted C:\Users\nikol\AppData\Roaming\MetaQuotes\Terminal\4B1CE69F577705455263BD980C39A82C\MQL5\Profiles\Tester\optimized\MA Cross_01_opt.set to C:\Users\nikol\AppData\Roaming\MetaQuotes\Terminal\4B1CE69F577705455263BD980C39A82C\MQL5\Experts\Batch_0030\MA Cross\ini\MA Cross_01_opt.ini
2025-04-24 22:52:00,628 - INFO - Successfully converted C:\Users\nikol\AppData\Roaming\MetaQuotes\Terminal\4B1CE69F577705455263BD980C39A82C\MQL5\Profiles\Tester\optimized\MA Envelopes_01_opt.set to C:\Users\nikol\AppData\Roaming\MetaQuotes\Terminal\4B1CE69F577705455263BD980C39A82C\MQL5\Experts\Batch_0030\MA Envelopes\ini\MA Envelopes_01_opt.ini
2025-04-24 22:52:00,631 - INFO - Successfully converted C:\Users\nikol\AppData\Roaming\MetaQuotes\Terminal\4B1CE69F577705455263BD980C39A82C\MQL5\Profiles\Tester\optimized\MA MACD Position averaging_01_opt.set to C:\Users\nikol\AppData\Roaming\MetaQuotes\Terminal\4B1CE69F577705455263BD980C39A82C\MQL5\Experts\Batch_0030\MA MACD Position averaging\ini\MA MACD Position averaging_01_opt.ini
2025-04-24 22:52:00,635 - INFO - Successfully converted C:\Users\nikol\AppData\Roaming\MetaQuotes\Terminal\4B1CE69F577705455263BD980C39A82C\MQL5\Profiles\Tester\optimized\MA MACD Position averaging v2_01_opt.set to C:\Users\nikol\AppData\Roaming\MetaQuotes\Terminal\4B1CE69F577705455263BD980C39A82C\MQL5\Experts\Batch_0030\MA MACD Position averaging v2\ini\MA MACD Position averaging v2_01_opt.ini
2025-04-24 22:52:00,638 - INFO - Successfully converted C:\Users\nikol\AppData\Roaming\MetaQuotes\Terminal\4B1CE69F577705455263BD980C39A82C\MQL5\Profiles\Tester\optimized\MA Trend_01_opt.set to C:\Users\nikol\AppData\Roaming\MetaQuotes\Terminal\4B1CE69F577705455263BD980C39A82C\MQL5\Experts\Batch_0030\MA Trend\ini\MA Trend_01_opt.ini
2025-04-24 22:52:00,641 - INFO - Successfully converted C:\Users\nikol\AppData\Roaming\MetaQuotes\Terminal\4B1CE69F577705455263BD980C39A82C\MQL5\Profiles\Tester\optimized\MA%20Alert_01_opt.set to C:\Users\nikol\AppData\Roaming\MetaQuotes\Terminal\4B1CE69F577705455263BD980C39A82C\MQL5\Experts\Batch_0030\MA%20Alert\ini\MA%20Alert_01_opt.ini
2025-04-24 22:52:00,645 - INFO - Successfully converted C:\Users\nikol\AppData\Roaming\MetaQuotes\Terminal\4B1CE69F577705455263BD980C39A82C\MQL5\Profiles\Tester\optimized\MA%20AO%20Arrow_01_opt.set to C:\Users\nikol\AppData\Roaming\MetaQuotes\Terminal\4B1CE69F577705455263BD980C39A82C\MQL5\Experts\Batch_0030\MA%20AO%20Arrow\ini\MA%20AO%20Arrow_01_opt.ini
2025-04-24 22:52:00,645 - INFO - Processing Batch_0031
2025-04-24 22:52:00,649 - INFO - Successfully converted C:\Users\nikol\AppData\Roaming\MetaQuotes\Terminal\4B1CE69F577705455263BD980C39A82C\MQL5\Profiles\Tester\optimized\MA2CCI_01_opt.set to C:\Users\nikol\AppData\Roaming\MetaQuotes\Terminal\4B1CE69F577705455263BD980C39A82C\MQL5\Experts\Batch_0031\MA2CCI\ini\MA2CCI_01_opt.ini
2025-04-24 22:52:00,652 - INFO - Successfully converted C:\Users\nikol\AppData\Roaming\MetaQuotes\Terminal\4B1CE69F577705455263BD980C39A82C\MQL5\Profiles\Tester\optimized\MACD_01_opt.set to C:\Users\nikol\AppData\Roaming\MetaQuotes\Terminal\4B1CE69F577705455263BD980C39A82C\MQL5\Experts\Batch_0031\MACD\ini\MACD_01_opt.ini
2025-04-24 22:52:00,654 - INFO - Successfully converted C:\Users\nikol\AppData\Roaming\MetaQuotes\Terminal\4B1CE69F577705455263BD980C39A82C\MQL5\Profiles\Tester\optimized\MACD_EA_H4_01_opt.set to C:\Users\nikol\AppData\Roaming\MetaQuotes\Terminal\4B1CE69F577705455263BD980C39A82C\MQL5\Experts\Batch_0031\MACD\ini\MACD_EA_H4_01_opt.ini
2025-04-24 22:52:00,658 - INFO - Successfully converted C:\Users\nikol\AppData\Roaming\MetaQuotes\Terminal\4B1CE69F577705455263BD980C39A82C\MQL5\Profiles\Tester\optimized\MACD and SAR_01_opt.set to C:\Users\nikol\AppData\Roaming\MetaQuotes\Terminal\4B1CE69F577705455263BD980C39A82C\MQL5\Experts\Batch_0031\MACD and SAR\ini\MACD and SAR_01_opt.ini
2025-04-24 22:52:00,661 - INFO - Successfully converted C:\Users\nikol\AppData\Roaming\MetaQuotes\Terminal\4B1CE69F577705455263BD980C39A82C\MQL5\Profiles\Tester\optimized\MACD Cleaner_01_opt.set to C:\Users\nikol\AppData\Roaming\MetaQuotes\Terminal\4B1CE69F577705455263BD980C39A82C\MQL5\Experts\Batch_0031\MACD Cleaner\ini\MACD Cleaner_01_opt.ini
2025-04-24 22:52:00,662 - WARNING - No .set files found for EA: Macd diver and rsi mt5
2025-04-24 22:52:00,666 - INFO - Successfully converted C:\Users\nikol\AppData\Roaming\MetaQuotes\Terminal\4B1CE69F577705455263BD980C39A82C\MQL5\Profiles\Tester\optimized\MACD No Sample_01_opt.set to C:\Users\nikol\AppData\Roaming\MetaQuotes\Terminal\4B1CE69F577705455263BD980C39A82C\MQL5\Experts\Batch_0031\MACD No Sample\ini\MACD No Sample_01_opt.ini
2025-04-24 22:52:00,670 - INFO - Successfully converted C:\Users\nikol\AppData\Roaming\MetaQuotes\Terminal\4B1CE69F577705455263BD980C39A82C\MQL5\Profiles\Tester\optimized\MACD signal_01_opt.set to C:\Users\nikol\AppData\Roaming\MetaQuotes\Terminal\4B1CE69F577705455263BD980C39A82C\MQL5\Experts\Batch_0031\MACD signal\ini\MACD signal_01_opt.ini
2025-04-24 22:52:00,675 - INFO - Successfully converted C:\Users\nikol\AppData\Roaming\MetaQuotes\Terminal\4B1CE69F577705455263BD980C39A82C\MQL5\Profiles\Tester\optimized\MACD Stochastic_01_opt.set to C:\Users\nikol\AppData\Roaming\MetaQuotes\Terminal\4B1CE69F577705455263BD980C39A82C\MQL5\Experts\Batch_0031\MACD Stochastic\ini\MACD Stochastic_01_opt.ini
2025-04-24 22:52:00,681 - INFO - Successfully converted C:\Users\nikol\AppData\Roaming\MetaQuotes\Terminal\4B1CE69F577705455263BD980C39A82C\MQL5\Profiles\Tester\optimized\MACD Stochastic 2_01_opt.set to C:\Users\nikol\AppData\Roaming\MetaQuotes\Terminal\4B1CE69F577705455263BD980C39A82C\MQL5\Experts\Batch_0031\MACD Stochastic 2\ini\MACD Stochastic 2_01_opt.ini
2025-04-24 22:52:00,684 - WARNING - No .set files found for EA: MACD wonder
2025-04-24 22:52:00,684 - INFO - Processing Batch_0032
2025-04-24 22:52:00,687 - WARNING - No .set files found for EA: MACD wonder@YoforexPremium
2025-04-24 22:52:00,691 - INFO - Successfully converted C:\Users\nikol\AppData\Roaming\MetaQuotes\Terminal\4B1CE69F577705455263BD980C39A82C\MQL5\Profiles\Tester\optimized\MACDCCI_01_opt.set to C:\Users\nikol\AppData\Roaming\MetaQuotes\Terminal\4B1CE69F577705455263BD980C39A82C\MQL5\Experts\Batch_0032\MACDCCI\ini\MACDCCI_01_opt.ini
2025-04-24 22:52:00,696 - INFO - Successfully converted C:\Users\nikol\AppData\Roaming\MetaQuotes\Terminal\4B1CE69F577705455263BD980C39A82C\MQL5\Profiles\Tester\optimized\MacdPatternTraderAll_01_opt.set to C:\Users\nikol\AppData\Roaming\MetaQuotes\Terminal\4B1CE69F577705455263BD980C39A82C\MQL5\Experts\Batch_0032\MacdPatternTraderAll\ini\MacdPatternTraderAll_01_opt.ini
2025-04-24 22:52:00,700 - INFO - Successfully converted C:\Users\nikol\AppData\Roaming\MetaQuotes\Terminal\4B1CE69F577705455263BD980C39A82C\MQL5\Profiles\Tester\optimized\MacdPatternTraderAll0.01_01_opt.set to C:\Users\nikol\AppData\Roaming\MetaQuotes\Terminal\4B1CE69F577705455263BD980C39A82C\MQL5\Experts\Batch_0032\MacdPatternTraderAll0.01\ini\MacdPatternTraderAll0.01_01_opt.ini
2025-04-24 22:52:00,704 - INFO - Successfully converted C:\Users\nikol\AppData\Roaming\MetaQuotes\Terminal\4B1CE69F577705455263BD980C39A82C\MQL5\Profiles\Tester\optimized\MACD_EA_H4_01_opt.set to C:\Users\nikol\AppData\Roaming\MetaQuotes\Terminal\4B1CE69F577705455263BD980C39A82C\MQL5\Experts\Batch_0032\MACD_EA_H4\ini\MACD_EA_H4_01_opt.ini
2025-04-24 22:52:00,707 - WARNING - No .set files found for EA: MagneticBrake
2025-04-24 22:52:00,709 - WARNING - No .set files found for EA: MagneticStopExpert
2025-04-24 22:52:00,712 - INFO - Successfully converted C:\Users\nikol\AppData\Roaming\MetaQuotes\Terminal\4B1CE69F577705455263BD980C39A82C\MQL5\Profiles\Tester\optimized\MAGrid_01_opt.set to C:\Users\nikol\AppData\Roaming\MetaQuotes\Terminal\4B1CE69F577705455263BD980C39A82C\MQL5\Experts\Batch_0032\MAGrid\ini\MAGrid_01_opt.ini
2025-04-24 22:52:00,716 - INFO - Successfully converted C:\Users\nikol\AppData\Roaming\MetaQuotes\Terminal\4B1CE69F577705455263BD980C39A82C\MQL5\Profiles\Tester\optimized\MAMACD_01_opt.set to C:\Users\nikol\AppData\Roaming\MetaQuotes\Terminal\4B1CE69F577705455263BD980C39A82C\MQL5\Experts\Batch_0032\MAMACD\ini\MAMACD_01_opt.ini
2025-04-24 22:52:00,721 - INFO - Successfully converted C:\Users\nikol\AppData\Roaming\MetaQuotes\Terminal\4B1CE69F577705455263BD980C39A82C\MQL5\Profiles\Tester\optimized\Mariner_MT5_01_opt.set to C:\Users\nikol\AppData\Roaming\MetaQuotes\Terminal\4B1CE69F577705455263BD980C39A82C\MQL5\Experts\Batch_0032\Mariner_MT5\ini\Mariner_MT5_01_opt.ini
2025-04-24 22:52:00,722 - INFO - Processing Batch_0033
2025-04-24 22:52:00,726 - INFO - Successfully converted C:\Users\nikol\AppData\Roaming\MetaQuotes\Terminal\4B1CE69F577705455263BD980C39A82C\MQL5\Profiles\Tester\optimized\Market Capture_01_opt.set to C:\Users\nikol\AppData\Roaming\MetaQuotes\Terminal\4B1CE69F577705455263BD980C39A82C\MQL5\Experts\Batch_0033\Market Capture\ini\Market Capture_01_opt.ini
2025-04-24 22:52:00,729 - INFO - Successfully converted C:\Users\nikol\AppData\Roaming\MetaQuotes\Terminal\4B1CE69F577705455263BD980C39A82C\MQL5\Profiles\Tester\optimized\Martin_01_opt.set to C:\Users\nikol\AppData\Roaming\MetaQuotes\Terminal\4B1CE69F577705455263BD980C39A82C\MQL5\Experts\Batch_0033\Martin\ini\Martin_01_opt.ini
2025-04-24 22:52:00,732 - INFO - Successfully converted C:\Users\nikol\AppData\Roaming\MetaQuotes\Terminal\4B1CE69F577705455263BD980C39A82C\MQL5\Profiles\Tester\optimized\Martin 1_01_opt.set to C:\Users\nikol\AppData\Roaming\MetaQuotes\Terminal\4B1CE69F577705455263BD980C39A82C\MQL5\Experts\Batch_0033\Martin 1\ini\Martin 1_01_opt.ini
2025-04-24 22:52:00,735 - INFO - Successfully converted C:\Users\nikol\AppData\Roaming\MetaQuotes\Terminal\4B1CE69F577705455263BD980C39A82C\MQL5\Profiles\Tester\optimized\Martin for small deposits_01_opt.set to C:\Users\nikol\AppData\Roaming\MetaQuotes\Terminal\4B1CE69F577705455263BD980C39A82C\MQL5\Experts\Batch_0033\Martin for small deposits\ini\Martin for small deposits_01_opt.ini
2025-04-24 22:52:00,738 - INFO - Successfully converted C:\Users\nikol\AppData\Roaming\MetaQuotes\Terminal\4B1CE69F577705455263BD980C39A82C\MQL5\Profiles\Tester\optimized\MartingailExpert_01_opt.set to C:\Users\nikol\AppData\Roaming\MetaQuotes\Terminal\4B1CE69F577705455263BD980C39A82C\MQL5\Experts\Batch_0033\MartingailExpert\ini\MartingailExpert_01_opt.ini
2025-04-24 22:52:00,741 - INFO - Successfully converted C:\Users\nikol\AppData\Roaming\MetaQuotes\Terminal\4B1CE69F577705455263BD980C39A82C\MQL5\Profiles\Tester\optimized\MartinGaleBreakout_01_opt.set to C:\Users\nikol\AppData\Roaming\MetaQuotes\Terminal\4B1CE69F577705455263BD980C39A82C\MQL5\Experts\Batch_0033\MartinGaleBreakout\ini\MartinGaleBreakout_01_opt.ini
2025-04-24 22:52:00,745 - INFO - Successfully converted C:\Users\nikol\AppData\Roaming\MetaQuotes\Terminal\4B1CE69F577705455263BD980C39A82C\MQL5\Profiles\Tester\optimized\Marubozu_01_opt.set to C:\Users\nikol\AppData\Roaming\MetaQuotes\Terminal\4B1CE69F577705455263BD980C39A82C\MQL5\Experts\Batch_0033\Marubozu\ini\Marubozu_01_opt.ini
2025-04-24 22:52:00,746 - INFO - Successfully converted C:\Users\nikol\AppData\Roaming\MetaQuotes\Terminal\4B1CE69F577705455263BD980C39A82C\MQL5\Profiles\Tester\optimized\Marubozu_EA_v1.00_01_opt.set to C:\Users\nikol\AppData\Roaming\MetaQuotes\Terminal\4B1CE69F577705455263BD980C39A82C\MQL5\Experts\Batch_0033\Marubozu\ini\Marubozu_EA_v1.00_01_opt.ini
2025-04-24 22:52:00,748 - INFO - Successfully converted C:\Users\nikol\AppData\Roaming\MetaQuotes\Terminal\4B1CE69F577705455263BD980C39A82C\MQL5\Profiles\Tester\optimized\Marubozu_EA_v1.10_01_opt.set to C:\Users\nikol\AppData\Roaming\MetaQuotes\Terminal\4B1CE69F577705455263BD980C39A82C\MQL5\Experts\Batch_0033\Marubozu\ini\Marubozu_EA_v1.10_01_opt.ini
2025-04-24 22:52:00,751 - INFO - Successfully converted C:\Users\nikol\AppData\Roaming\MetaQuotes\Terminal\4B1CE69F577705455263BD980C39A82C\MQL5\Profiles\Tester\optimized\Marubozu_EA_v1.00_01_opt.set to C:\Users\nikol\AppData\Roaming\MetaQuotes\Terminal\4B1CE69F577705455263BD980C39A82C\MQL5\Experts\Batch_0033\Marubozu_EA_v1.00\ini\Marubozu_EA_v1.00_01_opt.ini
2025-04-24 22:52:00,754 - INFO - Successfully converted C:\Users\nikol\AppData\Roaming\MetaQuotes\Terminal\4B1CE69F577705455263BD980C39A82C\MQL5\Profiles\Tester\optimized\Marubozu_EA_v1.10_01_opt.set to C:\Users\nikol\AppData\Roaming\MetaQuotes\Terminal\4B1CE69F577705455263BD980C39A82C\MQL5\Experts\Batch_0033\Marubozu_EA_v1.10\ini\Marubozu_EA_v1.10_01_opt.ini
2025-04-24 22:52:00,758 - INFO - Successfully converted C:\Users\nikol\AppData\Roaming\MetaQuotes\Terminal\4B1CE69F577705455263BD980C39A82C\MQL5\Profiles\Tester\optimized\MA_AO_EA_v1.00_01_opt.set to C:\Users\nikol\AppData\Roaming\MetaQuotes\Terminal\4B1CE69F577705455263BD980C39A82C\MQL5\Experts\Batch_0033\MA_AO_EA_v1.00\ini\MA_AO_EA_v1.00_01_opt.ini
2025-04-24 22:52:00,758 - INFO - Processing Batch_0034
2025-04-24 22:52:00,762 - INFO - Successfully converted C:\Users\nikol\AppData\Roaming\MetaQuotes\Terminal\4B1CE69F577705455263BD980C39A82C\MQL5\Profiles\Tester\optimized\ma_channels_01_opt.set to C:\Users\nikol\AppData\Roaming\MetaQuotes\Terminal\4B1CE69F577705455263BD980C39A82C\MQL5\Experts\Batch_0034\ma_channels\ini\ma_channels_01_opt.ini
2025-04-24 22:52:00,766 - INFO - Successfully converted C:\Users\nikol\AppData\Roaming\MetaQuotes\Terminal\4B1CE69F577705455263BD980C39A82C\MQL5\Profiles\Tester\optimized\Ma_Crosses_MT5_01_opt.set to C:\Users\nikol\AppData\Roaming\MetaQuotes\Terminal\4B1CE69F577705455263BD980C39A82C\MQL5\Experts\Batch_0034\Ma_Crosses_MT5\ini\Ma_Crosses_MT5_01_opt.ini
2025-04-24 22:52:00,770 - INFO - Successfully converted C:\Users\nikol\AppData\Roaming\MetaQuotes\Terminal\4B1CE69F577705455263BD980C39A82C\MQL5\Profiles\Tester\optimized\MA_Crossover_mt5%20EA_01_opt.set to C:\Users\nikol\AppData\Roaming\MetaQuotes\Terminal\4B1CE69F577705455263BD980C39A82C\MQL5\Experts\Batch_0034\MA_Crossover_mt5%20EA\ini\MA_Crossover_mt5%20EA_01_opt.ini
2025-04-24 22:52:00,773 - INFO - Successfully converted C:\Users\nikol\AppData\Roaming\MetaQuotes\Terminal\4B1CE69F577705455263BD980C39A82C\MQL5\Profiles\Tester\optimized\MelBar EuSwiss 1.85_01_opt.set to C:\Users\nikol\AppData\Roaming\MetaQuotes\Terminal\4B1CE69F577705455263BD980C39A82C\MQL5\Experts\Batch_0034\MelBar EuSwiss 1.85\ini\MelBar EuSwiss 1.85_01_opt.ini
2025-04-24 22:52:00,775 - WARNING - No .set files found for EA: MelBarTTake325%T 5.5Y NZD-USD.ex5
2025-04-24 22:52:00,776 - WARNING - No .set files found for EA: MelBarTTake325%T 5.5Y NZD-USD.mq5
2025-04-24 22:52:00,780 - INFO - Successfully converted C:\Users\nikol\AppData\Roaming\MetaQuotes\Terminal\4B1CE69F577705455263BD980C39A82C\MQL5\Profiles\Tester\optimized\MelBar™Take325%™ 5.5Y NZD-USD_01_opt.set to C:\Users\nikol\AppData\Roaming\MetaQuotes\Terminal\4B1CE69F577705455263BD980C39A82C\MQL5\Experts\Batch_0034\MelBar™Take325%™ 5.5Y NZD-USD\ini\MelBar™Take325%™ 5.5Y NZD-USD_01_opt.ini
2025-04-24 22:52:00,782 - WARNING - No .set files found for EA: Minning Gold V1 MT5@Yoforexpremium
2025-04-24 22:52:00,785 - INFO - Successfully converted C:\Users\nikol\AppData\Roaming\MetaQuotes\Terminal\4B1CE69F577705455263BD980C39A82C\MQL5\Profiles\Tester\optimized\Mobo_Bands_01_opt.set to C:\Users\nikol\AppData\Roaming\MetaQuotes\Terminal\4B1CE69F577705455263BD980C39A82C\MQL5\Experts\Batch_0034\Mobo_Bands\ini\Mobo_Bands_01_opt.ini
2025-04-24 22:52:00,786 - INFO - Successfully converted C:\Users\nikol\AppData\Roaming\MetaQuotes\Terminal\4B1CE69F577705455263BD980C39A82C\MQL5\Profiles\Tester\optimized\Mobo_Bands_EA_01_opt.set to C:\Users\nikol\AppData\Roaming\MetaQuotes\Terminal\4B1CE69F577705455263BD980C39A82C\MQL5\Experts\Batch_0034\Mobo_Bands\ini\Mobo_Bands_EA_01_opt.ini
2025-04-24 22:52:00,789 - INFO - Successfully converted C:\Users\nikol\AppData\Roaming\MetaQuotes\Terminal\4B1CE69F577705455263BD980C39A82C\MQL5\Profiles\Tester\optimized\Mobo_Bands_EA_01_opt.set to C:\Users\nikol\AppData\Roaming\MetaQuotes\Terminal\4B1CE69F577705455263BD980C39A82C\MQL5\Experts\Batch_0034\Mobo_Bands_EA\ini\Mobo_Bands_EA_01_opt.ini
2025-04-24 22:52:00,789 - INFO - Processing Batch_0035
2025-04-24 22:52:00,792 - INFO - Successfully converted C:\Users\nikol\AppData\Roaming\MetaQuotes\Terminal\4B1CE69F577705455263BD980C39A82C\MQL5\Profiles\Tester\optimized\Modified Moving Averages_01_opt.set to C:\Users\nikol\AppData\Roaming\MetaQuotes\Terminal\4B1CE69F577705455263BD980C39A82C\MQL5\Experts\Batch_0035\Modified Moving Averages\ini\Modified Moving Averages_01_opt.ini
2025-04-24 22:52:00,795 - INFO - Successfully converted C:\Users\nikol\AppData\Roaming\MetaQuotes\Terminal\4B1CE69F577705455263BD980C39A82C\MQL5\Profiles\Tester\optimized\Momentum-M15_01_opt.set to C:\Users\nikol\AppData\Roaming\MetaQuotes\Terminal\4B1CE69F577705455263BD980C39A82C\MQL5\Experts\Batch_0035\Momentum-M15\ini\Momentum-M15_01_opt.ini
2025-04-24 22:52:00,798 - INFO - Successfully converted C:\Users\nikol\AppData\Roaming\MetaQuotes\Terminal\4B1CE69F577705455263BD980C39A82C\MQL5\Profiles\Tester\optimized\Momo_trades_01_opt.set to C:\Users\nikol\AppData\Roaming\MetaQuotes\Terminal\4B1CE69F577705455263BD980C39A82C\MQL5\Experts\Batch_0035\Momo_trades\ini\Momo_trades_01_opt.ini
2025-04-24 22:52:00,801 - INFO - Successfully converted C:\Users\nikol\AppData\Roaming\MetaQuotes\Terminal\4B1CE69F577705455263BD980C39A82C\MQL5\Profiles\Tester\optimized\Money Fixed Margin_01_opt.set to C:\Users\nikol\AppData\Roaming\MetaQuotes\Terminal\4B1CE69F577705455263BD980C39A82C\MQL5\Experts\Batch_0035\Money Fixed Margin\ini\Money Fixed Margin_01_opt.ini
2025-04-24 22:52:00,804 - INFO - Successfully converted C:\Users\nikol\AppData\Roaming\MetaQuotes\Terminal\4B1CE69F577705455263BD980C39A82C\MQL5\Profiles\Tester\optimized\Money Fixed Risk_01_opt.set to C:\Users\nikol\AppData\Roaming\MetaQuotes\Terminal\4B1CE69F577705455263BD980C39A82C\MQL5\Experts\Batch_0035\Money Fixed Risk\ini\Money Fixed Risk_01_opt.ini
2025-04-24 22:52:00,807 - INFO - Successfully converted C:\Users\nikol\AppData\Roaming\MetaQuotes\Terminal\4B1CE69F577705455263BD980C39A82C\MQL5\Profiles\Tester\optimized\MoneyRain_01_opt.set to C:\Users\nikol\AppData\Roaming\MetaQuotes\Terminal\4B1CE69F577705455263BD980C39A82C\MQL5\Experts\Batch_0035\MoneyRain\ini\MoneyRain_01_opt.ini
2025-04-24 22:52:00,810 - INFO - Successfully converted C:\Users\nikol\AppData\Roaming\MetaQuotes\Terminal\4B1CE69F577705455263BD980C39A82C\MQL5\Profiles\Tester\optimized\Morning-evening_star_EA_v1.00_01_opt.set to C:\Users\nikol\AppData\Roaming\MetaQuotes\Terminal\4B1CE69F577705455263BD980C39A82C\MQL5\Experts\Batch_0035\Morning-evening_star_EA_v1.00\ini\Morning-evening_star_EA_v1.00_01_opt.ini
2025-04-24 22:52:00,813 - INFO - Successfully converted C:\Users\nikol\AppData\Roaming\MetaQuotes\Terminal\4B1CE69F577705455263BD980C39A82C\MQL5\Profiles\Tester\optimized\MostasHaR15 Pivot_01_opt.set to C:\Users\nikol\AppData\Roaming\MetaQuotes\Terminal\4B1CE69F577705455263BD980C39A82C\MQL5\Experts\Batch_0035\MostasHaR15 Pivot\ini\MostasHaR15 Pivot_01_opt.ini
2025-04-24 22:52:00,816 - INFO - Successfully converted C:\Users\nikol\AppData\Roaming\MetaQuotes\Terminal\4B1CE69F577705455263BD980C39A82C\MQL5\Profiles\Tester\optimized\Moving Average Trade System_01_opt.set to C:\Users\nikol\AppData\Roaming\MetaQuotes\Terminal\4B1CE69F577705455263BD980C39A82C\MQL5\Experts\Batch_0035\Moving Average Trade System\ini\Moving Average Trade System_01_opt.ini
2025-04-24 22:52:00,819 - INFO - Successfully converted C:\Users\nikol\AppData\Roaming\MetaQuotes\Terminal\4B1CE69F577705455263BD980C39A82C\MQL5\Profiles\Tester\optimized\Moving Averages_01_opt.set to C:\Users\nikol\AppData\Roaming\MetaQuotes\Terminal\4B1CE69F577705455263BD980C39A82C\MQL5\Experts\Batch_0035\Moving Averages\ini\Moving Averages_01_opt.ini
2025-04-24 22:52:00,819 - INFO - Processing Batch_0036
2025-04-24 22:52:00,822 - INFO - Successfully converted C:\Users\nikol\AppData\Roaming\MetaQuotes\Terminal\4B1CE69F577705455263BD980C39A82C\MQL5\Profiles\Tester\optimized\Moving%20average%20and%20ichimoku%20EA_01_opt.set to C:\Users\nikol\AppData\Roaming\MetaQuotes\Terminal\4B1CE69F577705455263BD980C39A82C\MQL5\Experts\Batch_0036\Moving%20average%20and%20ichimoku%20EA\ini\Moving%20average%20and%20ichimoku%20EA_01_opt.ini
2025-04-24 22:52:00,825 - INFO - Successfully converted C:\Users\nikol\AppData\Roaming\MetaQuotes\Terminal\4B1CE69F577705455263BD980C39A82C\MQL5\Profiles\Tester\optimized\MovingAverage_01_opt.set to C:\Users\nikol\AppData\Roaming\MetaQuotes\Terminal\4B1CE69F577705455263BD980C39A82C\MQL5\Experts\Batch_0036\MovingAverage\ini\MovingAverage_01_opt.ini
2025-04-24 22:52:00,828 - INFO - Successfully converted C:\Users\nikol\AppData\Roaming\MetaQuotes\Terminal\4B1CE69F577705455263BD980C39A82C\MQL5\Profiles\Tester\optimized\MovingAverageMartinGale_01_opt.set to C:\Users\nikol\AppData\Roaming\MetaQuotes\Terminal\4B1CE69F577705455263BD980C39A82C\MQL5\Experts\Batch_0036\MovingAverageMartinGale\ini\MovingAverageMartinGale_01_opt.ini
2025-04-24 22:52:00,831 - INFO - Successfully converted C:\Users\nikol\AppData\Roaming\MetaQuotes\Terminal\4B1CE69F577705455263BD980C39A82C\MQL5\Profiles\Tester\optimized\MQL5_Wizard_MACD_Parabolic_SAR_01_opt.set to C:\Users\nikol\AppData\Roaming\MetaQuotes\Terminal\4B1CE69F577705455263BD980C39A82C\MQL5\Experts\Batch_0036\MQL5_Wizard_MACD_Parabolic_SAR\ini\MQL5_Wizard_MACD_Parabolic_SAR_01_opt.ini
2025-04-24 22:52:00,834 - INFO - Successfully converted C:\Users\nikol\AppData\Roaming\MetaQuotes\Terminal\4B1CE69F577705455263BD980C39A82C\MQL5\Profiles\Tester\optimized\MQL5_Wizard_MA_RSI_01_opt.set to C:\Users\nikol\AppData\Roaming\MetaQuotes\Terminal\4B1CE69F577705455263BD980C39A82C\MQL5\Experts\Batch_0036\MQL5_Wizard_MA_RSI\ini\MQL5_Wizard_MA_RSI_01_opt.ini
2025-04-24 22:52:00,837 - INFO - Successfully converted C:\Users\nikol\AppData\Roaming\MetaQuotes\Terminal\4B1CE69F577705455263BD980C39A82C\MQL5\Profiles\Tester\optimized\MT45_01_opt.set to C:\Users\nikol\AppData\Roaming\MetaQuotes\Terminal\4B1CE69F577705455263BD980C39A82C\MQL5\Experts\Batch_0036\MT45\ini\MT45_01_opt.ini
2025-04-24 22:52:00,840 - INFO - Successfully converted C:\Users\nikol\AppData\Roaming\MetaQuotes\Terminal\4B1CE69F577705455263BD980C39A82C\MQL5\Profiles\Tester\optimized\Mt5 williams % directional index EA_01_opt.set to C:\Users\nikol\AppData\Roaming\MetaQuotes\Terminal\4B1CE69F577705455263BD980C39A82C\MQL5\Experts\Batch_0036\Mt5 williams % directional index EA\ini\Mt5 williams % directional index EA_01_opt.ini
2025-04-24 22:52:00,843 - INFO - Successfully converted C:\Users\nikol\AppData\Roaming\MetaQuotes\Terminal\4B1CE69F577705455263BD980C39A82C\MQL5\Profiles\Tester\optimized\MT5-CoupleHedgeEA_v2.6.3_01_opt.set to C:\Users\nikol\AppData\Roaming\MetaQuotes\Terminal\4B1CE69F577705455263BD980C39A82C\MQL5\Experts\Batch_0036\MT5-CoupleHedgeEA_v2.6.3\ini\MT5-CoupleHedgeEA_v2.6.3_01_opt.ini
2025-04-24 22:52:00,848 - INFO - Successfully converted C:\Users\nikol\AppData\Roaming\MetaQuotes\Terminal\4B1CE69F577705455263BD980C39A82C\MQL5\Profiles\Tester\optimized\MT5-RingSystemEA_v3.7.3_01_opt.set to C:\Users\nikol\AppData\Roaming\MetaQuotes\Terminal\4B1CE69F577705455263BD980C39A82C\MQL5\Experts\Batch_0036\MT5-RingSystemEA_v3.7.3\ini\MT5-RingSystemEA_v3.7.3_01_opt.ini
2025-04-24 22:52:00,853 - INFO - Successfully converted C:\Users\nikol\AppData\Roaming\MetaQuotes\Terminal\4B1CE69F577705455263BD980C39A82C\MQL5\Profiles\Tester\optimized\MTC Сombo v2_01_opt.set to C:\Users\nikol\AppData\Roaming\MetaQuotes\Terminal\4B1CE69F577705455263BD980C39A82C\MQL5\Experts\Batch_0036\MTC Сombo v2\ini\MTC Сombo v2_01_opt.ini
2025-04-24 22:52:00,853 - INFO - Processing Batch_0037
2025-04-24 22:52:00,858 - INFO - Successfully converted C:\Users\nikol\AppData\Roaming\MetaQuotes\Terminal\4B1CE69F577705455263BD980C39A82C\MQL5\Profiles\Tester\optimized\Multi Stochastic_01_opt.set to C:\Users\nikol\AppData\Roaming\MetaQuotes\Terminal\4B1CE69F577705455263BD980C39A82C\MQL5\Experts\Batch_0037\Multi Stochastic\ini\Multi Stochastic_01_opt.ini
2025-04-24 22:52:00,860 - WARNING - No .set files found for EA: Multi Trader BC Robot
2025-04-24 22:52:00,864 - INFO - Successfully converted C:\Users\nikol\AppData\Roaming\MetaQuotes\Terminal\4B1CE69F577705455263BD980C39A82C\MQL5\Profiles\Tester\optimized\MultiMartin_01_opt.set to C:\Users\nikol\AppData\Roaming\MetaQuotes\Terminal\4B1CE69F577705455263BD980C39A82C\MQL5\Experts\Batch_0037\MultiMartin\ini\MultiMartin_01_opt.ini
2025-04-24 22:52:00,868 - INFO - Successfully converted C:\Users\nikol\AppData\Roaming\MetaQuotes\Terminal\4B1CE69F577705455263BD980C39A82C\MQL5\Profiles\Tester\optimized\MySystem_01_opt.set to C:\Users\nikol\AppData\Roaming\MetaQuotes\Terminal\4B1CE69F577705455263BD980C39A82C\MQL5\Experts\Batch_0037\MySystem\ini\MySystem_01_opt.ini
2025-04-24 22:52:00,873 - INFO - Successfully converted C:\Users\nikol\AppData\Roaming\MetaQuotes\Terminal\4B1CE69F577705455263BD980C39A82C\MQL5\Profiles\Tester\optimized\N Candles_01_opt.set to C:\Users\nikol\AppData\Roaming\MetaQuotes\Terminal\4B1CE69F577705455263BD980C39A82C\MQL5\Experts\Batch_0037\N Candles\ini\N Candles_01_opt.ini
2025-04-24 22:52:00,877 - INFO - Successfully converted C:\Users\nikol\AppData\Roaming\MetaQuotes\Terminal\4B1CE69F577705455263BD980C39A82C\MQL5\Profiles\Tester\optimized\N Candles v2_01_opt.set to C:\Users\nikol\AppData\Roaming\MetaQuotes\Terminal\4B1CE69F577705455263BD980C39A82C\MQL5\Experts\Batch_0037\N Candles v2\ini\N Candles v2_01_opt.ini
2025-04-24 22:52:00,881 - INFO - Successfully converted C:\Users\nikol\AppData\Roaming\MetaQuotes\Terminal\4B1CE69F577705455263BD980C39A82C\MQL5\Profiles\Tester\optimized\N Candles v3_01_opt.set to C:\Users\nikol\AppData\Roaming\MetaQuotes\Terminal\4B1CE69F577705455263BD980C39A82C\MQL5\Experts\Batch_0037\N Candles v3\ini\N Candles v3_01_opt.ini
2025-04-24 22:52:00,884 - INFO - Successfully converted C:\Users\nikol\AppData\Roaming\MetaQuotes\Terminal\4B1CE69F577705455263BD980C39A82C\MQL5\Profiles\Tester\optimized\N Candles v4_01_opt.set to C:\Users\nikol\AppData\Roaming\MetaQuotes\Terminal\4B1CE69F577705455263BD980C39A82C\MQL5\Experts\Batch_0037\N Candles v4\ini\N Candles v4_01_opt.ini
2025-04-24 22:52:00,888 - INFO - Successfully converted C:\Users\nikol\AppData\Roaming\MetaQuotes\Terminal\4B1CE69F577705455263BD980C39A82C\MQL5\Profiles\Tester\optimized\N Candles v5_01_opt.set to C:\Users\nikol\AppData\Roaming\MetaQuotes\Terminal\4B1CE69F577705455263BD980C39A82C\MQL5\Experts\Batch_0037\N Candles v5\ini\N Candles v5_01_opt.ini
2025-04-24 22:52:00,893 - INFO - Successfully converted C:\Users\nikol\AppData\Roaming\MetaQuotes\Terminal\4B1CE69F577705455263BD980C39A82C\MQL5\Profiles\Tester\optimized\N-_Candles_v7_01_opt.set to C:\Users\nikol\AppData\Roaming\MetaQuotes\Terminal\4B1CE69F577705455263BD980C39A82C\MQL5\Experts\Batch_0037\N-_Candles_v7\ini\N-_Candles_v7_01_opt.ini
2025-04-24 22:52:00,893 - INFO - Processing Batch_0038
2025-04-24 22:52:00,897 - INFO - Successfully converted C:\Users\nikol\AppData\Roaming\MetaQuotes\Terminal\4B1CE69F577705455263BD980C39A82C\MQL5\Profiles\Tester\optimized\Nevalyashka_01_opt.set to C:\Users\nikol\AppData\Roaming\MetaQuotes\Terminal\4B1CE69F577705455263BD980C39A82C\MQL5\Experts\Batch_0038\Nevalyashka\ini\Nevalyashka_01_opt.ini
2025-04-24 22:52:00,899 - INFO - Successfully converted C:\Users\nikol\AppData\Roaming\MetaQuotes\Terminal\4B1CE69F577705455263BD980C39A82C\MQL5\Profiles\Tester\optimized\Nevalyashka_BreakdownLevel_01_opt.set to C:\Users\nikol\AppData\Roaming\MetaQuotes\Terminal\4B1CE69F577705455263BD980C39A82C\MQL5\Experts\Batch_0038\Nevalyashka\ini\Nevalyashka_BreakdownLevel_01_opt.ini
2025-04-24 22:52:00,903 - INFO - Successfully converted C:\Users\nikol\AppData\Roaming\MetaQuotes\Terminal\4B1CE69F577705455263BD980C39A82C\MQL5\Profiles\Tester\optimized\Nevalyashka3_1_01_opt.set to C:\Users\nikol\AppData\Roaming\MetaQuotes\Terminal\4B1CE69F577705455263BD980C39A82C\MQL5\Experts\Batch_0038\Nevalyashka3_1\ini\Nevalyashka3_1_01_opt.ini
2025-04-24 22:52:00,907 - INFO - Successfully converted C:\Users\nikol\AppData\Roaming\MetaQuotes\Terminal\4B1CE69F577705455263BD980C39A82C\MQL5\Profiles\Tester\optimized\Nevalyashka_BreakdownLevel_01_opt.set to C:\Users\nikol\AppData\Roaming\MetaQuotes\Terminal\4B1CE69F577705455263BD980C39A82C\MQL5\Experts\Batch_0038\Nevalyashka_BreakdownLevel\ini\Nevalyashka_BreakdownLevel_01_opt.ini
2025-04-24 22:52:00,910 - INFO - Successfully converted C:\Users\nikol\AppData\Roaming\MetaQuotes\Terminal\4B1CE69F577705455263BD980C39A82C\MQL5\Profiles\Tester\optimized\New Martin_01_opt.set to C:\Users\nikol\AppData\Roaming\MetaQuotes\Terminal\4B1CE69F577705455263BD980C39A82C\MQL5\Experts\Batch_0038\New Martin\ini\New Martin_01_opt.ini
2025-04-24 22:52:00,914 - INFO - Successfully converted C:\Users\nikol\AppData\Roaming\MetaQuotes\Terminal\4B1CE69F577705455263BD980C39A82C\MQL5\Profiles\Tester\optimized\New Random_01_opt.set to C:\Users\nikol\AppData\Roaming\MetaQuotes\Terminal\4B1CE69F577705455263BD980C39A82C\MQL5\Experts\Batch_0038\New Random\ini\New Random_01_opt.ini
2025-04-24 22:52:00,916 - INFO - Successfully converted C:\Users\nikol\AppData\Roaming\MetaQuotes\Terminal\4B1CE69F577705455263BD980C39A82C\MQL5\Profiles\Tester\optimized\Nextbar_01_opt.set to C:\Users\nikol\AppData\Roaming\MetaQuotes\Terminal\4B1CE69F577705455263BD980C39A82C\MQL5\Experts\Batch_0038\Nextbar\ini\Nextbar_01_opt.ini
2025-04-24 22:52:00,919 - INFO - Successfully converted C:\Users\nikol\AppData\Roaming\MetaQuotes\Terminal\4B1CE69F577705455263BD980C39A82C\MQL5\Profiles\Tester\optimized\Night Flat Trade_01_opt.set to C:\Users\nikol\AppData\Roaming\MetaQuotes\Terminal\4B1CE69F577705455263BD980C39A82C\MQL5\Experts\Batch_0038\Night Flat Trade\ini\Night Flat Trade_01_opt.ini
2025-04-24 22:52:00,923 - INFO - Successfully converted C:\Users\nikol\AppData\Roaming\MetaQuotes\Terminal\4B1CE69F577705455263BD980C39A82C\MQL5\Profiles\Tester\optimized\NightScalper_01_opt.set to C:\Users\nikol\AppData\Roaming\MetaQuotes\Terminal\4B1CE69F577705455263BD980C39A82C\MQL5\Experts\Batch_0038\NightScalper\ini\NightScalper_01_opt.ini
2025-04-24 22:52:00,927 - INFO - Successfully converted C:\Users\nikol\AppData\Roaming\MetaQuotes\Terminal\4B1CE69F577705455263BD980C39A82C\MQL5\Profiles\Tester\optimized\NRTR_Revers_01_opt.set to C:\Users\nikol\AppData\Roaming\MetaQuotes\Terminal\4B1CE69F577705455263BD980C39A82C\MQL5\Experts\Batch_0038\NRTR_Revers\ini\NRTR_Revers_01_opt.ini
2025-04-24 22:52:00,928 - WARNING - No .set files found for EA: NSK SWING EA MT5@Yoforexpremium
2025-04-24 22:52:00,928 - INFO - Processing Batch_0039
2025-04-24 22:52:00,930 - WARNING - No .set files found for EA: NSK SWING EA@Yoforexpremium
2025-04-24 22:52:00,933 - INFO - Successfully converted C:\Users\nikol\AppData\Roaming\MetaQuotes\Terminal\4B1CE69F577705455263BD980C39A82C\MQL5\Profiles\Tester\optimized\NUp1Down_01_opt.set to C:\Users\nikol\AppData\Roaming\MetaQuotes\Terminal\4B1CE69F577705455263BD980C39A82C\MQL5\Experts\Batch_0039\NUp1Down\ini\NUp1Down_01_opt.ini
2025-04-24 22:52:00,936 - INFO - Successfully converted C:\Users\nikol\AppData\Roaming\MetaQuotes\Terminal\4B1CE69F577705455263BD980C39A82C\MQL5\Profiles\Tester\optimized\Open Close_01_opt.set to C:\Users\nikol\AppData\Roaming\MetaQuotes\Terminal\4B1CE69F577705455263BD980C39A82C\MQL5\Experts\Batch_0039\Open Close\ini\Open Close_01_opt.ini
2025-04-24 22:52:00,939 - INFO - Successfully converted C:\Users\nikol\AppData\Roaming\MetaQuotes\Terminal\4B1CE69F577705455263BD980C39A82C\MQL5\Profiles\Tester\optimized\Opening and Сlosing on time v2_01_opt.set to C:\Users\nikol\AppData\Roaming\MetaQuotes\Terminal\4B1CE69F577705455263BD980C39A82C\MQL5\Experts\Batch_0039\Opening and Сlosing on time v2\ini\Opening and Сlosing on time v2_01_opt.ini
2025-04-24 22:52:00,943 - INFO - Successfully converted C:\Users\nikol\AppData\Roaming\MetaQuotes\Terminal\4B1CE69F577705455263BD980C39A82C\MQL5\Profiles\Tester\optimized\Opening_and_ilosing_on_time_01_opt.set to C:\Users\nikol\AppData\Roaming\MetaQuotes\Terminal\4B1CE69F577705455263BD980C39A82C\MQL5\Experts\Batch_0039\Opening_and_ilosing_on_time\ini\Opening_and_ilosing_on_time_01_opt.ini
2025-04-24 22:52:00,949 - INFO - Successfully converted C:\Users\nikol\AppData\Roaming\MetaQuotes\Terminal\4B1CE69F577705455263BD980C39A82C\MQL5\Profiles\Tester\optimized\OpenPendingorderAfterPositionGetStopLoss_01_opt.set to C:\Users\nikol\AppData\Roaming\MetaQuotes\Terminal\4B1CE69F577705455263BD980C39A82C\MQL5\Experts\Batch_0039\OpenPendingorderAfterPositionGetStopLoss\ini\OpenPendingorderAfterPositionGetStopLoss_01_opt.ini
2025-04-24 22:52:00,955 - INFO - Successfully converted C:\Users\nikol\AppData\Roaming\MetaQuotes\Terminal\4B1CE69F577705455263BD980C39A82C\MQL5\Profiles\Tester\optimized\OpenTicks_01_opt.set to C:\Users\nikol\AppData\Roaming\MetaQuotes\Terminal\4B1CE69F577705455263BD980C39A82C\MQL5\Experts\Batch_0039\OpenTicks\ini\OpenTicks_01_opt.ini
2025-04-24 22:52:00,962 - INFO - Successfully converted C:\Users\nikol\AppData\Roaming\MetaQuotes\Terminal\4B1CE69F577705455263BD980C39A82C\MQL5\Profiles\Tester\optimized\Open_Candle_EA_01_opt.set to C:\Users\nikol\AppData\Roaming\MetaQuotes\Terminal\4B1CE69F577705455263BD980C39A82C\MQL5\Experts\Batch_0039\Open_Candle_EA\ini\Open_Candle_EA_01_opt.ini
2025-04-24 22:52:00,964 - WARNING - No .set files found for EA: optimization result
2025-04-24 22:52:00,968 - INFO - Successfully converted C:\Users\nikol\AppData\Roaming\MetaQuotes\Terminal\4B1CE69F577705455263BD980C39A82C\MQL5\Profiles\Tester\optimized\ORB_EA_BOX_01_opt.set to C:\Users\nikol\AppData\Roaming\MetaQuotes\Terminal\4B1CE69F577705455263BD980C39A82C\MQL5\Experts\Batch_0039\ORB_EA_BOX\ini\ORB_EA_BOX_01_opt.ini
2025-04-24 22:52:00,968 - INFO - Processing Batch_0040
2025-04-24 22:52:00,973 - INFO - Successfully converted C:\Users\nikol\AppData\Roaming\MetaQuotes\Terminal\4B1CE69F577705455263BD980C39A82C\MQL5\Profiles\Tester\optimized\OsMaSter v0_01_opt.set to C:\Users\nikol\AppData\Roaming\MetaQuotes\Terminal\4B1CE69F577705455263BD980C39A82C\MQL5\Experts\Batch_0040\OsMaSter v0\ini\OsMaSter v0_01_opt.ini
2025-04-24 22:52:00,977 - INFO - Successfully converted C:\Users\nikol\AppData\Roaming\MetaQuotes\Terminal\4B1CE69F577705455263BD980C39A82C\MQL5\Profiles\Tester\optimized\OTT%20AND%20PRICE%20CROSS%20EA_01_opt.set to C:\Users\nikol\AppData\Roaming\MetaQuotes\Terminal\4B1CE69F577705455263BD980C39A82C\MQL5\Experts\Batch_0040\OTT%20AND%20PRICE%20CROSS%20EA\ini\OTT%20AND%20PRICE%20CROSS%20EA_01_opt.ini
2025-04-24 22:52:00,980 - INFO - Successfully converted C:\Users\nikol\AppData\Roaming\MetaQuotes\Terminal\4B1CE69F577705455263BD980C39A82C\MQL5\Profiles\Tester\optimized\OverHedgeV2_01_opt.set to C:\Users\nikol\AppData\Roaming\MetaQuotes\Terminal\4B1CE69F577705455263BD980C39A82C\MQL5\Experts\Batch_0040\OverHedgeV2\ini\OverHedgeV2_01_opt.ini
2025-04-24 22:52:00,983 - INFO - Successfully converted C:\Users\nikol\AppData\Roaming\MetaQuotes\Terminal\4B1CE69F577705455263BD980C39A82C\MQL5\Profiles\Tester\optimized\OzFx_01_opt.set to C:\Users\nikol\AppData\Roaming\MetaQuotes\Terminal\4B1CE69F577705455263BD980C39A82C\MQL5\Experts\Batch_0040\OzFx\ini\OzFx_01_opt.ini
2025-04-24 22:52:00,985 - WARNING - No .set files found for EA: Par%20sar%20mt5%201
2025-04-24 22:52:00,988 - INFO - Successfully converted C:\Users\nikol\AppData\Roaming\MetaQuotes\Terminal\4B1CE69F577705455263BD980C39A82C\MQL5\Profiles\Tester\optimized\Parabolic SAR_01_opt.set to C:\Users\nikol\AppData\Roaming\MetaQuotes\Terminal\4B1CE69F577705455263BD980C39A82C\MQL5\Experts\Batch_0040\Parabolic SAR\ini\Parabolic SAR_01_opt.ini
2025-04-24 22:52:00,992 - INFO - Successfully converted C:\Users\nikol\AppData\Roaming\MetaQuotes\Terminal\4B1CE69F577705455263BD980C39A82C\MQL5\Profiles\Tester\optimized\PARSI_v2_EA_v1.00_01_opt.set to C:\Users\nikol\AppData\Roaming\MetaQuotes\Terminal\4B1CE69F577705455263BD980C39A82C\MQL5\Experts\Batch_0040\PARSI_v2_EA_v1.00\ini\PARSI_v2_EA_v1.00_01_opt.ini
2025-04-24 22:52:00,995 - INFO - Successfully converted C:\Users\nikol\AppData\Roaming\MetaQuotes\Terminal\4B1CE69F577705455263BD980C39A82C\MQL5\Profiles\Tester\optimized\Peceptron_Mult_01_opt.set to C:\Users\nikol\AppData\Roaming\MetaQuotes\Terminal\4B1CE69F577705455263BD980C39A82C\MQL5\Experts\Batch_0040\Peceptron_Mult\ini\Peceptron_Mult_01_opt.ini
2025-04-24 22:52:00,999 - INFO - Successfully converted C:\Users\nikol\AppData\Roaming\MetaQuotes\Terminal\4B1CE69F577705455263BD980C39A82C\MQL5\Profiles\Tester\optimized\Pending orders by time_01_opt.set to C:\Users\nikol\AppData\Roaming\MetaQuotes\Terminal\4B1CE69F577705455263BD980C39A82C\MQL5\Experts\Batch_0040\Pending orders by time\ini\Pending orders by time_01_opt.ini
2025-04-24 22:52:01,002 - INFO - Successfully converted C:\Users\nikol\AppData\Roaming\MetaQuotes\Terminal\4B1CE69F577705455263BD980C39A82C\MQL5\Profiles\Tester\optimized\Pending orders by time 2_01_opt.set to C:\Users\nikol\AppData\Roaming\MetaQuotes\Terminal\4B1CE69F577705455263BD980C39A82C\MQL5\Experts\Batch_0040\Pending orders by time 2\ini\Pending orders by time 2_01_opt.ini
2025-04-24 22:52:01,002 - INFO - Processing Batch_0041
2025-04-24 22:52:01,006 - INFO - Successfully converted C:\Users\nikol\AppData\Roaming\MetaQuotes\Terminal\4B1CE69F577705455263BD980C39A82C\MQL5\Profiles\Tester\optimized\Pendulum_01_opt.set to C:\Users\nikol\AppData\Roaming\MetaQuotes\Terminal\4B1CE69F577705455263BD980C39A82C\MQL5\Experts\Batch_0041\Pendulum\ini\Pendulum_01_opt.ini
2025-04-24 22:52:01,009 - INFO - Successfully converted C:\Users\nikol\AppData\Roaming\MetaQuotes\Terminal\4B1CE69F577705455263BD980C39A82C\MQL5\Profiles\Tester\optimized\Pinball machine_01_opt.set to C:\Users\nikol\AppData\Roaming\MetaQuotes\Terminal\4B1CE69F577705455263BD980C39A82C\MQL5\Experts\Batch_0041\Pinball machine\ini\Pinball machine_01_opt.ini
2025-04-24 22:52:01,014 - INFO - Successfully converted C:\Users\nikol\AppData\Roaming\MetaQuotes\Terminal\4B1CE69F577705455263BD980C39A82C\MQL5\Profiles\Tester\optimized\Pinbar_Magic_EA_01_opt.set to C:\Users\nikol\AppData\Roaming\MetaQuotes\Terminal\4B1CE69F577705455263BD980C39A82C\MQL5\Experts\Batch_0041\Pinbar_Magic_EA\ini\Pinbar_Magic_EA_01_opt.ini
2025-04-24 22:52:01,017 - INFO - Successfully converted C:\Users\nikol\AppData\Roaming\MetaQuotes\Terminal\4B1CE69F577705455263BD980C39A82C\MQL5\Profiles\Tester\optimized\PinBar_Magic_Indicator_01_opt.set to C:\Users\nikol\AppData\Roaming\MetaQuotes\Terminal\4B1CE69F577705455263BD980C39A82C\MQL5\Experts\Batch_0041\PinBar_Magic_Indicator\ini\PinBar_Magic_Indicator_01_opt.ini
2025-04-24 22:52:01,019 - INFO - Successfully converted C:\Users\nikol\AppData\Roaming\MetaQuotes\Terminal\4B1CE69F577705455263BD980C39A82C\MQL5\Profiles\Tester\optimized\Pipsover_01_opt.set to C:\Users\nikol\AppData\Roaming\MetaQuotes\Terminal\4B1CE69F577705455263BD980C39A82C\MQL5\Experts\Batch_0041\Pipsover\ini\Pipsover_01_opt.ini
2025-04-24 22:52:01,022 - INFO - Successfully converted C:\Users\nikol\AppData\Roaming\MetaQuotes\Terminal\4B1CE69F577705455263BD980C39A82C\MQL5\Profiles\Tester\optimized\Plan X_01_opt.set to C:\Users\nikol\AppData\Roaming\MetaQuotes\Terminal\4B1CE69F577705455263BD980C39A82C\MQL5\Experts\Batch_0041\Plan X\ini\Plan X_01_opt.ini
2025-04-24 22:52:01,025 - INFO - Successfully converted C:\Users\nikol\AppData\Roaming\MetaQuotes\Terminal\4B1CE69F577705455263BD980C39A82C\MQL5\Profiles\Tester\optimized\Plateau_01_opt.set to C:\Users\nikol\AppData\Roaming\MetaQuotes\Terminal\4B1CE69F577705455263BD980C39A82C\MQL5\Experts\Batch_0041\Plateau\ini\Plateau_01_opt.ini
2025-04-24 22:52:01,028 - INFO - Successfully converted C:\Users\nikol\AppData\Roaming\MetaQuotes\Terminal\4B1CE69F577705455263BD980C39A82C\MQL5\Profiles\Tester\optimized\Poker_SHOW_01_opt.set to C:\Users\nikol\AppData\Roaming\MetaQuotes\Terminal\4B1CE69F577705455263BD980C39A82C\MQL5\Experts\Batch_0041\Poker_SHOW\ini\Poker_SHOW_01_opt.ini
2025-04-24 22:52:01,030 - WARNING - No .set files found for EA: POVERTY KILLER GHOST V2.0 MT5@YoForexPremium
2025-04-24 22:52:01,031 - WARNING - No .set files found for EA: POW BANKER EA MT5 V8.44 (4170) with SetFiles@YoForexPremium
2025-04-24 22:52:01,032 - INFO - Processing Batch_0042
2025-04-24 22:52:01,035 - INFO - Successfully converted C:\Users\nikol\AppData\Roaming\MetaQuotes\Terminal\4B1CE69F577705455263BD980C39A82C\MQL5\Profiles\Tester\optimized\Precipice_01_opt.set to C:\Users\nikol\AppData\Roaming\MetaQuotes\Terminal\4B1CE69F577705455263BD980C39A82C\MQL5\Experts\Batch_0042\Precipice\ini\Precipice_01_opt.ini
2025-04-24 22:52:01,038 - INFO - Successfully converted C:\Users\nikol\AppData\Roaming\MetaQuotes\Terminal\4B1CE69F577705455263BD980C39A82C\MQL5\Profiles\Tester\optimized\Precipice MartIn_01_opt.set to C:\Users\nikol\AppData\Roaming\MetaQuotes\Terminal\4B1CE69F577705455263BD980C39A82C\MQL5\Experts\Batch_0042\Precipice MartIn\ini\Precipice MartIn_01_opt.ini
2025-04-24 22:52:01,039 - WARNING - No .set files found for EA: PrizmaL Pro EA V10.504 MT5@YoforexPremium
2025-04-24 22:52:01,043 - INFO - Successfully converted C:\Users\nikol\AppData\Roaming\MetaQuotes\Terminal\4B1CE69F577705455263BD980C39A82C\MQL5\Profiles\Tester\optimized\Probe_01_opt.set to C:\Users\nikol\AppData\Roaming\MetaQuotes\Terminal\4B1CE69F577705455263BD980C39A82C\MQL5\Experts\Batch_0042\Probe\ini\Probe_01_opt.ini
2025-04-24 22:52:01,046 - INFO - Successfully converted C:\Users\nikol\AppData\Roaming\MetaQuotes\Terminal\4B1CE69F577705455263BD980C39A82C\MQL5\Profiles\Tester\optimized\Proffessor v3_01_opt.set to C:\Users\nikol\AppData\Roaming\MetaQuotes\Terminal\4B1CE69F577705455263BD980C39A82C\MQL5\Experts\Batch_0042\Proffessor v3\ini\Proffessor v3_01_opt.ini
2025-04-24 22:52:01,051 - INFO - Successfully converted C:\Users\nikol\AppData\Roaming\MetaQuotes\Terminal\4B1CE69F577705455263BD980C39A82C\MQL5\Profiles\Tester\optimized\PropFirmHelper_01_opt.set to C:\Users\nikol\AppData\Roaming\MetaQuotes\Terminal\4B1CE69F577705455263BD980C39A82C\MQL5\Experts\Batch_0042\PropFirmHelper\ini\PropFirmHelper_01_opt.ini
2025-04-24 22:52:01,055 - INFO - Successfully converted C:\Users\nikol\AppData\Roaming\MetaQuotes\Terminal\4B1CE69F577705455263BD980C39A82C\MQL5\Profiles\Tester\optimized\PROphet_01_opt.set to C:\Users\nikol\AppData\Roaming\MetaQuotes\Terminal\4B1CE69F577705455263BD980C39A82C\MQL5\Experts\Batch_0042\PROphet\ini\PROphet_01_opt.ini
2025-04-24 22:52:01,060 - INFO - Successfully converted C:\Users\nikol\AppData\Roaming\MetaQuotes\Terminal\4B1CE69F577705455263BD980C39A82C\MQL5\Profiles\Tester\optimized\Puria method_01_opt.set to C:\Users\nikol\AppData\Roaming\MetaQuotes\Terminal\4B1CE69F577705455263BD980C39A82C\MQL5\Experts\Batch_0042\Puria method\ini\Puria method_01_opt.ini
2025-04-24 22:52:01,065 - INFO - Successfully converted C:\Users\nikol\AppData\Roaming\MetaQuotes\Terminal\4B1CE69F577705455263BD980C39A82C\MQL5\Profiles\Tester\optimized\Rabbit3_01_opt.set to C:\Users\nikol\AppData\Roaming\MetaQuotes\Terminal\4B1CE69F577705455263BD980C39A82C\MQL5\Experts\Batch_0042\Rabbit3\ini\Rabbit3_01_opt.ini
2025-04-24 22:52:01,070 - INFO - Successfully converted C:\Users\nikol\AppData\Roaming\MetaQuotes\Terminal\4B1CE69F577705455263BD980C39A82C\MQL5\Profiles\Tester\optimized\Range Breakout_01_opt.set to C:\Users\nikol\AppData\Roaming\MetaQuotes\Terminal\4B1CE69F577705455263BD980C39A82C\MQL5\Experts\Batch_0042\Range Breakout\ini\Range Breakout_01_opt.ini
2025-04-24 22:52:01,070 - INFO - Processing Batch_0043
2025-04-24 22:52:01,074 - INFO - Successfully converted C:\Users\nikol\AppData\Roaming\MetaQuotes\Terminal\4B1CE69F577705455263BD980C39A82C\MQL5\Profiles\Tester\optimized\Rapid Doji EA_01_opt.set to C:\Users\nikol\AppData\Roaming\MetaQuotes\Terminal\4B1CE69F577705455263BD980C39A82C\MQL5\Experts\Batch_0043\Rapid Doji EA\ini\Rapid Doji EA_01_opt.ini
2025-04-24 22:52:01,079 - INFO - Successfully converted C:\Users\nikol\AppData\Roaming\MetaQuotes\Terminal\4B1CE69F577705455263BD980C39A82C\MQL5\Profiles\Tester\optimized\Raymond Cloudy Day for EA_01_opt.set to C:\Users\nikol\AppData\Roaming\MetaQuotes\Terminal\4B1CE69F577705455263BD980C39A82C\MQL5\Experts\Batch_0043\Raymond Cloudy Day for EA\ini\Raymond Cloudy Day for EA_01_opt.ini
2025-04-24 22:52:01,081 - WARNING - No .set files found for EA: RedDragon_v.1.03
2025-04-24 22:52:01,086 - INFO - Successfully converted C:\Users\nikol\AppData\Roaming\MetaQuotes\Terminal\4B1CE69F577705455263BD980C39A82C\MQL5\Profiles\Tester\optimized\Reflex_01_opt.set to C:\Users\nikol\AppData\Roaming\MetaQuotes\Terminal\4B1CE69F577705455263BD980C39A82C\MQL5\Experts\Batch_0043\Reflex\ini\Reflex_01_opt.ini
2025-04-24 22:52:01,088 - INFO - Successfully converted C:\Users\nikol\AppData\Roaming\MetaQuotes\Terminal\4B1CE69F577705455263BD980C39A82C\MQL5\Profiles\Tester\optimized\Reflex_EA_01_opt.set to C:\Users\nikol\AppData\Roaming\MetaQuotes\Terminal\4B1CE69F577705455263BD980C39A82C\MQL5\Experts\Batch_0043\Reflex\ini\Reflex_EA_01_opt.ini
2025-04-24 22:52:01,089 - INFO - Successfully converted C:\Users\nikol\AppData\Roaming\MetaQuotes\Terminal\4B1CE69F577705455263BD980C39A82C\MQL5\Profiles\Tester\optimized\REFLEX_INDICATOR_01_opt.set to C:\Users\nikol\AppData\Roaming\MetaQuotes\Terminal\4B1CE69F577705455263BD980C39A82C\MQL5\Experts\Batch_0043\Reflex\ini\REFLEX_INDICATOR_01_opt.ini
2025-04-24 22:52:01,093 - INFO - Successfully converted C:\Users\nikol\AppData\Roaming\MetaQuotes\Terminal\4B1CE69F577705455263BD980C39A82C\MQL5\Profiles\Tester\optimized\Reflex_EA_01_opt.set to C:\Users\nikol\AppData\Roaming\MetaQuotes\Terminal\4B1CE69F577705455263BD980C39A82C\MQL5\Experts\Batch_0043\Reflex_EA\ini\Reflex_EA_01_opt.ini
2025-04-24 22:52:01,096 - INFO - Successfully converted C:\Users\nikol\AppData\Roaming\MetaQuotes\Terminal\4B1CE69F577705455263BD980C39A82C\MQL5\Profiles\Tester\optimized\REFLEX_INDICATOR_01_opt.set to C:\Users\nikol\AppData\Roaming\MetaQuotes\Terminal\4B1CE69F577705455263BD980C39A82C\MQL5\Experts\Batch_0043\REFLEX_INDICATOR\ini\REFLEX_INDICATOR_01_opt.ini
2025-04-24 22:52:01,099 - INFO - Successfully converted C:\Users\nikol\AppData\Roaming\MetaQuotes\Terminal\4B1CE69F577705455263BD980C39A82C\MQL5\Profiles\Tester\optimized\Reversing Martingale_01_opt.set to C:\Users\nikol\AppData\Roaming\MetaQuotes\Terminal\4B1CE69F577705455263BD980C39A82C\MQL5\Experts\Batch_0043\Reversing Martingale\ini\Reversing Martingale_01_opt.ini
2025-04-24 22:52:01,104 - INFO - Successfully converted C:\Users\nikol\AppData\Roaming\MetaQuotes\Terminal\4B1CE69F577705455263BD980C39A82C\MQL5\Profiles\Tester\optimized\RideAlligator_01_opt.set to C:\Users\nikol\AppData\Roaming\MetaQuotes\Terminal\4B1CE69F577705455263BD980C39A82C\MQL5\Experts\Batch_0043\RideAlligator\ini\RideAlligator_01_opt.ini
2025-04-24 22:52:01,108 - INFO - Successfully converted C:\Users\nikol\AppData\Roaming\MetaQuotes\Terminal\4B1CE69F577705455263BD980C39A82C\MQL5\Profiles\Tester\optimized\RNN_01_opt.set to C:\Users\nikol\AppData\Roaming\MetaQuotes\Terminal\4B1CE69F577705455263BD980C39A82C\MQL5\Experts\Batch_0043\RNN\ini\RNN_01_opt.ini
2025-04-24 22:52:01,111 - INFO - Successfully converted C:\Users\nikol\AppData\Roaming\MetaQuotes\Terminal\4B1CE69F577705455263BD980C39A82C\MQL5\Profiles\Tester\optimized\RobotPowerM5 meta4V12_01_opt.set to C:\Users\nikol\AppData\Roaming\MetaQuotes\Terminal\4B1CE69F577705455263BD980C39A82C\MQL5\Experts\Batch_0043\RobotPowerM5 meta4V12\ini\RobotPowerM5 meta4V12_01_opt.ini
2025-04-24 22:52:01,111 - INFO - Processing Batch_0044
2025-04-24 22:52:01,114 - INFO - Successfully converted C:\Users\nikol\AppData\Roaming\MetaQuotes\Terminal\4B1CE69F577705455263BD980C39A82C\MQL5\Profiles\Tester\optimized\Robot_MACD_01_opt.set to C:\Users\nikol\AppData\Roaming\MetaQuotes\Terminal\4B1CE69F577705455263BD980C39A82C\MQL5\Experts\Batch_0044\Robot_MACD\ini\Robot_MACD_01_opt.ini
2025-04-24 22:52:01,118 - INFO - Successfully converted C:\Users\nikol\AppData\Roaming\MetaQuotes\Terminal\4B1CE69F577705455263BD980C39A82C\MQL5\Profiles\Tester\optimized\Rollback system_01_opt.set to C:\Users\nikol\AppData\Roaming\MetaQuotes\Terminal\4B1CE69F577705455263BD980C39A82C\MQL5\Experts\Batch_0044\Rollback system\ini\Rollback system_01_opt.ini
2025-04-24 22:52:01,123 - INFO - Successfully converted C:\Users\nikol\AppData\Roaming\MetaQuotes\Terminal\4B1CE69F577705455263BD980C39A82C\MQL5\Profiles\Tester\optimized\RSI and Bollinger Bands_01_opt.set to C:\Users\nikol\AppData\Roaming\MetaQuotes\Terminal\4B1CE69F577705455263BD980C39A82C\MQL5\Experts\Batch_0044\RSI and Bollinger Bands\ini\RSI and Bollinger Bands_01_opt.ini
2025-04-24 22:52:01,125 - WARNING - No .set files found for EA: RSI Bollinger Bands EA
2025-04-24 22:52:01,129 - INFO - Successfully converted C:\Users\nikol\AppData\Roaming\MetaQuotes\Terminal\4B1CE69F577705455263BD980C39A82C\MQL5\Profiles\Tester\optimized\RSI EA_01_opt.set to C:\Users\nikol\AppData\Roaming\MetaQuotes\Terminal\4B1CE69F577705455263BD980C39A82C\MQL5\Experts\Batch_0044\RSI EA\ini\RSI EA_01_opt.ini
2025-04-24 22:52:01,133 - INFO - Successfully converted C:\Users\nikol\AppData\Roaming\MetaQuotes\Terminal\4B1CE69F577705455263BD980C39A82C\MQL5\Profiles\Tester\optimized\RSI EA v2_01_opt.set to C:\Users\nikol\AppData\Roaming\MetaQuotes\Terminal\4B1CE69F577705455263BD980C39A82C\MQL5\Experts\Batch_0044\RSI EA v2\ini\RSI EA v2_01_opt.ini
2025-04-24 22:52:01,136 - INFO - Successfully converted C:\Users\nikol\AppData\Roaming\MetaQuotes\Terminal\4B1CE69F577705455263BD980C39A82C\MQL5\Profiles\Tester\optimized\RSI Eraser_01_opt.set to C:\Users\nikol\AppData\Roaming\MetaQuotes\Terminal\4B1CE69F577705455263BD980C39A82C\MQL5\Experts\Batch_0044\RSI Eraser\ini\RSI Eraser_01_opt.ini
2025-04-24 22:52:01,139 - INFO - Successfully converted C:\Users\nikol\AppData\Roaming\MetaQuotes\Terminal\4B1CE69F577705455263BD980C39A82C\MQL5\Profiles\Tester\optimized\RSI Levels_01_opt.set to C:\Users\nikol\AppData\Roaming\MetaQuotes\Terminal\4B1CE69F577705455263BD980C39A82C\MQL5\Experts\Batch_0044\RSI Levels\ini\RSI Levels_01_opt.ini
2025-04-24 22:52:01,142 - INFO - Successfully converted C:\Users\nikol\AppData\Roaming\MetaQuotes\Terminal\4B1CE69F577705455263BD980C39A82C\MQL5\Profiles\Tester\optimized\RSI trader v0.15_01_opt.set to C:\Users\nikol\AppData\Roaming\MetaQuotes\Terminal\4B1CE69F577705455263BD980C39A82C\MQL5\Experts\Batch_0044\RSI trader v0.15\ini\RSI trader v0.15_01_opt.ini
2025-04-24 22:52:01,145 - INFO - Successfully converted C:\Users\nikol\AppData\Roaming\MetaQuotes\Terminal\4B1CE69F577705455263BD980C39A82C\MQL5\Profiles\Tester\optimized\RSI_Arrow_01_opt.set to C:\Users\nikol\AppData\Roaming\MetaQuotes\Terminal\4B1CE69F577705455263BD980C39A82C\MQL5\Experts\Batch_0044\RSI_Arrow\ini\RSI_Arrow_01_opt.ini
2025-04-24 22:52:01,147 - INFO - Successfully converted C:\Users\nikol\AppData\Roaming\MetaQuotes\Terminal\4B1CE69F577705455263BD980C39A82C\MQL5\Profiles\Tester\optimized\RSI_Arrow_EA_v1.00_01_opt.set to C:\Users\nikol\AppData\Roaming\MetaQuotes\Terminal\4B1CE69F577705455263BD980C39A82C\MQL5\Experts\Batch_0044\RSI_Arrow\ini\RSI_Arrow_EA_v1.00_01_opt.ini
2025-04-24 22:52:01,147 - INFO - Processing Batch_0045
2025-04-24 22:52:01,151 - INFO - Successfully converted C:\Users\nikol\AppData\Roaming\MetaQuotes\Terminal\4B1CE69F577705455263BD980C39A82C\MQL5\Profiles\Tester\optimized\RSI_Arrow_EA_v1.00_01_opt.set to C:\Users\nikol\AppData\Roaming\MetaQuotes\Terminal\4B1CE69F577705455263BD980C39A82C\MQL5\Experts\Batch_0045\RSI_Arrow_EA_v1.00\ini\RSI_Arrow_EA_v1.00_01_opt.ini
2025-04-24 22:52:01,156 - INFO - Successfully converted C:\Users\nikol\AppData\Roaming\MetaQuotes\Terminal\4B1CE69F577705455263BD980C39A82C\MQL5\Profiles\Tester\optimized\RSI_Expert_01_opt.set to C:\Users\nikol\AppData\Roaming\MetaQuotes\Terminal\4B1CE69F577705455263BD980C39A82C\MQL5\Experts\Batch_0045\RSI_Expert\ini\RSI_Expert_01_opt.ini
2025-04-24 22:52:01,158 - INFO - Successfully converted C:\Users\nikol\AppData\Roaming\MetaQuotes\Terminal\4B1CE69F577705455263BD980C39A82C\MQL5\Profiles\Tester\optimized\RSI_Expert_v2.0_01_opt.set to C:\Users\nikol\AppData\Roaming\MetaQuotes\Terminal\4B1CE69F577705455263BD980C39A82C\MQL5\Experts\Batch_0045\RSI_Expert\ini\RSI_Expert_v2.0_01_opt.ini
2025-04-24 22:52:01,163 - INFO - Successfully converted C:\Users\nikol\AppData\Roaming\MetaQuotes\Terminal\4B1CE69F577705455263BD980C39A82C\MQL5\Profiles\Tester\optimized\RSI_Expert_v2.0_01_opt.set to C:\Users\nikol\AppData\Roaming\MetaQuotes\Terminal\4B1CE69F577705455263BD980C39A82C\MQL5\Experts\Batch_0045\RSI_Expert_v2.0\ini\RSI_Expert_v2.0_01_opt.ini
2025-04-24 22:52:01,167 - INFO - Successfully converted C:\Users\nikol\AppData\Roaming\MetaQuotes\Terminal\4B1CE69F577705455263BD980C39A82C\MQL5\Profiles\Tester\optimized\RSI_Trend_v3_01_opt.set to C:\Users\nikol\AppData\Roaming\MetaQuotes\Terminal\4B1CE69F577705455263BD980C39A82C\MQL5\Experts\Batch_0045\RSI_Trend_v3\ini\RSI_Trend_v3_01_opt.ini
2025-04-24 22:52:01,170 - INFO - Successfully converted C:\Users\nikol\AppData\Roaming\MetaQuotes\Terminal\4B1CE69F577705455263BD980C39A82C\MQL5\Profiles\Tester\optimized\RSI_Trend_v3_EA_v1.00_01_opt.set to C:\Users\nikol\AppData\Roaming\MetaQuotes\Terminal\4B1CE69F577705455263BD980C39A82C\MQL5\Experts\Batch_0045\RSI_Trend_v3\ini\RSI_Trend_v3_EA_v1.00_01_opt.ini
2025-04-24 22:52:01,173 - INFO - Successfully converted C:\Users\nikol\AppData\Roaming\MetaQuotes\Terminal\4B1CE69F577705455263BD980C39A82C\MQL5\Profiles\Tester\optimized\RSI_Trend_v3_EA_v1.00_01_opt.set to C:\Users\nikol\AppData\Roaming\MetaQuotes\Terminal\4B1CE69F577705455263BD980C39A82C\MQL5\Experts\Batch_0045\RSI_Trend_v3_EA_v1.00\ini\RSI_Trend_v3_EA_v1.00_01_opt.ini
2025-04-24 22:52:01,178 - INFO - Successfully converted C:\Users\nikol\AppData\Roaming\MetaQuotes\Terminal\4B1CE69F577705455263BD980C39A82C\MQL5\Profiles\Tester\optimized\RSI_with_channels_01_opt.set to C:\Users\nikol\AppData\Roaming\MetaQuotes\Terminal\4B1CE69F577705455263BD980C39A82C\MQL5\Experts\Batch_0045\RSI_with_channels\ini\RSI_with_channels_01_opt.ini
2025-04-24 22:52:01,180 - INFO - Successfully converted C:\Users\nikol\AppData\Roaming\MetaQuotes\Terminal\4B1CE69F577705455263BD980C39A82C\MQL5\Profiles\Tester\optimized\RSI_with_channels_EA_v1.00_01_opt.set to C:\Users\nikol\AppData\Roaming\MetaQuotes\Terminal\4B1CE69F577705455263BD980C39A82C\MQL5\Experts\Batch_0045\RSI_with_channels\ini\RSI_with_channels_EA_v1.00_01_opt.ini
2025-04-24 22:52:01,183 - INFO - Successfully converted C:\Users\nikol\AppData\Roaming\MetaQuotes\Terminal\4B1CE69F577705455263BD980C39A82C\MQL5\Profiles\Tester\optimized\RSI_with_channels_EA_v1.00_01_opt.set to C:\Users\nikol\AppData\Roaming\MetaQuotes\Terminal\4B1CE69F577705455263BD980C39A82C\MQL5\Experts\Batch_0045\RSI_with_channels_EA_v1.00\ini\RSI_with_channels_EA_v1.00_01_opt.ini
2025-04-24 22:52:01,187 - INFO - Successfully converted C:\Users\nikol\AppData\Roaming\MetaQuotes\Terminal\4B1CE69F577705455263BD980C39A82C\MQL5\Profiles\Tester\optimized\Russian20-hp1_01_opt.set to C:\Users\nikol\AppData\Roaming\MetaQuotes\Terminal\4B1CE69F577705455263BD980C39A82C\MQL5\Experts\Batch_0045\Russian20-hp1\ini\Russian20-hp1_01_opt.ini
2025-04-24 22:52:01,190 - INFO - Successfully converted C:\Users\nikol\AppData\Roaming\MetaQuotes\Terminal\4B1CE69F577705455263BD980C39A82C\MQL5\Profiles\Tester\optimized\SampleCheckPendingOrder_01_opt.set to C:\Users\nikol\AppData\Roaming\MetaQuotes\Terminal\4B1CE69F577705455263BD980C39A82C\MQL5\Experts\Batch_0045\SampleCheckPendingOrder\ini\SampleCheckPendingOrder_01_opt.ini
2025-04-24 22:52:01,195 - INFO - Successfully converted C:\Users\nikol\AppData\Roaming\MetaQuotes\Terminal\4B1CE69F577705455263BD980C39A82C\MQL5\Profiles\Tester\optimized\SampleTrailingstop-MT5_01_opt.set to C:\Users\nikol\AppData\Roaming\MetaQuotes\Terminal\4B1CE69F577705455263BD980C39A82C\MQL5\Experts\Batch_0045\SampleTrailingstop-MT5\ini\SampleTrailingstop-MT5_01_opt.ini
2025-04-24 22:52:01,195 - INFO - Processing Batch_0046
2025-04-24 22:52:01,198 - INFO - Successfully converted C:\Users\nikol\AppData\Roaming\MetaQuotes\Terminal\4B1CE69F577705455263BD980C39A82C\MQL5\Profiles\Tester\optimized\SAR trading v2.0_01_opt.set to C:\Users\nikol\AppData\Roaming\MetaQuotes\Terminal\4B1CE69F577705455263BD980C39A82C\MQL5\Experts\Batch_0046\SAR trading v2.0\ini\SAR trading v2.0_01_opt.ini
2025-04-24 22:52:01,202 - INFO - Successfully converted C:\Users\nikol\AppData\Roaming\MetaQuotes\Terminal\4B1CE69F577705455263BD980C39A82C\MQL5\Profiles\Tester\optimized\Secwenta_01_opt.set to C:\Users\nikol\AppData\Roaming\MetaQuotes\Terminal\4B1CE69F577705455263BD980C39A82C\MQL5\Experts\Batch_0046\Secwenta\ini\Secwenta_01_opt.ini
2025-04-24 22:52:01,206 - INFO - Successfully converted C:\Users\nikol\AppData\Roaming\MetaQuotes\Terminal\4B1CE69F577705455263BD980C39A82C\MQL5\Profiles\Tester\optimized\Sell_Stop_01_opt.set to C:\Users\nikol\AppData\Roaming\MetaQuotes\Terminal\4B1CE69F577705455263BD980C39A82C\MQL5\Experts\Batch_0046\Sell_Stop\ini\Sell_Stop_01_opt.ini
2025-04-24 22:52:01,209 - INFO - Successfully converted C:\Users\nikol\AppData\Roaming\MetaQuotes\Terminal\4B1CE69F577705455263BD980C39A82C\MQL5\Profiles\Tester\optimized\Sensitive_01_opt.set to C:\Users\nikol\AppData\Roaming\MetaQuotes\Terminal\4B1CE69F577705455263BD980C39A82C\MQL5\Experts\Batch_0046\Sensitive\ini\Sensitive_01_opt.ini
2025-04-24 22:52:01,213 - INFO - Successfully converted C:\Users\nikol\AppData\Roaming\MetaQuotes\Terminal\4B1CE69F577705455263BD980C39A82C\MQL5\Profiles\Tester\optimized\Separate trade_01_opt.set to C:\Users\nikol\AppData\Roaming\MetaQuotes\Terminal\4B1CE69F577705455263BD980C39A82C\MQL5\Experts\Batch_0046\Separate trade\ini\Separate trade_01_opt.ini
2025-04-24 22:52:01,216 - INFO - Successfully converted C:\Users\nikol\AppData\Roaming\MetaQuotes\Terminal\4B1CE69F577705455263BD980C39A82C\MQL5\Profiles\Tester\optimized\SilverTrend v3_01_opt.set to C:\Users\nikol\AppData\Roaming\MetaQuotes\Terminal\4B1CE69F577705455263BD980C39A82C\MQL5\Experts\Batch_0046\SilverTrend v3\ini\SilverTrend v3_01_opt.ini
2025-04-24 22:52:01,221 - INFO - Successfully converted C:\Users\nikol\AppData\Roaming\MetaQuotes\Terminal\4B1CE69F577705455263BD980C39A82C\MQL5\Profiles\Tester\optimized\Simple EA MA plus MACD_01_opt.set to C:\Users\nikol\AppData\Roaming\MetaQuotes\Terminal\4B1CE69F577705455263BD980C39A82C\MQL5\Experts\Batch_0046\Simple EA MA plus MACD\ini\Simple EA MA plus MACD_01_opt.ini
2025-04-24 22:52:01,226 - INFO - Successfully converted C:\Users\nikol\AppData\Roaming\MetaQuotes\Terminal\4B1CE69F577705455263BD980C39A82C\MQL5\Profiles\Tester\optimized\Simple FX_01_opt.set to C:\Users\nikol\AppData\Roaming\MetaQuotes\Terminal\4B1CE69F577705455263BD980C39A82C\MQL5\Experts\Batch_0046\Simple FX\ini\Simple FX_01_opt.ini
2025-04-24 22:52:01,230 - INFO - Successfully converted C:\Users\nikol\AppData\Roaming\MetaQuotes\Terminal\4B1CE69F577705455263BD980C39A82C\MQL5\Profiles\Tester\optimized\Simple%20Price%20Alert%20%20EA_01_opt.set to C:\Users\nikol\AppData\Roaming\MetaQuotes\Terminal\4B1CE69F577705455263BD980C39A82C\MQL5\Experts\Batch_0046\Simple%20Price%20Alert%20%20EA\ini\Simple%20Price%20Alert%20%20EA_01_opt.ini
2025-04-24 22:52:01,236 - INFO - Successfully converted C:\Users\nikol\AppData\Roaming\MetaQuotes\Terminal\4B1CE69F577705455263BD980C39A82C\MQL5\Profiles\Tester\optimized\Simple%20Volume%20EA_01_opt.set to C:\Users\nikol\AppData\Roaming\MetaQuotes\Terminal\4B1CE69F577705455263BD980C39A82C\MQL5\Experts\Batch_0046\Simple%20Volume%20EA\ini\Simple%20Volume%20EA_01_opt.ini
2025-04-24 22:52:01,236 - INFO - Processing Batch_0047
2025-04-24 22:52:01,240 - INFO - Successfully converted C:\Users\nikol\AppData\Roaming\MetaQuotes\Terminal\4B1CE69F577705455263BD980C39A82C\MQL5\Profiles\Tester\optimized\SimplePivot_01_opt.set to C:\Users\nikol\AppData\Roaming\MetaQuotes\Terminal\4B1CE69F577705455263BD980C39A82C\MQL5\Experts\Batch_0047\SimplePivot\ini\SimplePivot_01_opt.ini
2025-04-24 22:52:01,246 - INFO - Successfully converted C:\Users\nikol\AppData\Roaming\MetaQuotes\Terminal\4B1CE69F577705455263BD980C39A82C\MQL5\Profiles\Tester\optimized\Simplest Hedging EA ever_01_opt.set to C:\Users\nikol\AppData\Roaming\MetaQuotes\Terminal\4B1CE69F577705455263BD980C39A82C\MQL5\Experts\Batch_0047\Simplest Hedging EA ever\ini\Simplest Hedging EA ever_01_opt.ini
2025-04-24 22:52:01,249 - WARNING - No .set files found for EA: SimpleTrade
2025-04-24 22:52:01,254 - INFO - Successfully converted C:\Users\nikol\AppData\Roaming\MetaQuotes\Terminal\4B1CE69F577705455263BD980C39A82C\MQL5\Profiles\Tester\optimized\Simple_MACD_01_opt.set to C:\Users\nikol\AppData\Roaming\MetaQuotes\Terminal\4B1CE69F577705455263BD980C39A82C\MQL5\Experts\Batch_0047\Simple_MACD\ini\Simple_MACD_01_opt.ini
2025-04-24 22:52:01,258 - INFO - Successfully converted C:\Users\nikol\AppData\Roaming\MetaQuotes\Terminal\4B1CE69F577705455263BD980C39A82C\MQL5\Profiles\Tester\optimized\Simple_Volume_EA_v2_01_opt.set to C:\Users\nikol\AppData\Roaming\MetaQuotes\Terminal\4B1CE69F577705455263BD980C39A82C\MQL5\Experts\Batch_0047\Simple_Volume_EA_v2\ini\Simple_Volume_EA_v2_01_opt.ini
2025-04-24 22:52:01,263 - INFO - Successfully converted C:\Users\nikol\AppData\Roaming\MetaQuotes\Terminal\4B1CE69F577705455263BD980C39A82C\MQL5\Profiles\Tester\optimized\Six_Soldiers_01_opt.set to C:\Users\nikol\AppData\Roaming\MetaQuotes\Terminal\4B1CE69F577705455263BD980C39A82C\MQL5\Experts\Batch_0047\Six_Soldiers\ini\Six_Soldiers_01_opt.ini
2025-04-24 22:52:01,266 - INFO - Successfully converted C:\Users\nikol\AppData\Roaming\MetaQuotes\Terminal\4B1CE69F577705455263BD980C39A82C\MQL5\Profiles\Tester\optimized\Six_Soldiers_EA_01_opt.set to C:\Users\nikol\AppData\Roaming\MetaQuotes\Terminal\4B1CE69F577705455263BD980C39A82C\MQL5\Experts\Batch_0047\Six_Soldiers\ini\Six_Soldiers_EA_01_opt.ini
2025-04-24 22:52:01,268 - INFO - Successfully converted C:\Users\nikol\AppData\Roaming\MetaQuotes\Terminal\4B1CE69F577705455263BD980C39A82C\MQL5\Profiles\Tester\optimized\Six_Soldiers_EA_Grid_01_opt.set to C:\Users\nikol\AppData\Roaming\MetaQuotes\Terminal\4B1CE69F577705455263BD980C39A82C\MQL5\Experts\Batch_0047\Six_Soldiers\ini\Six_Soldiers_EA_Grid_01_opt.ini
2025-04-24 22:52:01,272 - INFO - Successfully converted C:\Users\nikol\AppData\Roaming\MetaQuotes\Terminal\4B1CE69F577705455263BD980C39A82C\MQL5\Profiles\Tester\optimized\Six_Soldiers_EA_01_opt.set to C:\Users\nikol\AppData\Roaming\MetaQuotes\Terminal\4B1CE69F577705455263BD980C39A82C\MQL5\Experts\Batch_0047\Six_Soldiers_EA\ini\Six_Soldiers_EA_01_opt.ini
2025-04-24 22:52:01,273 - INFO - Successfully converted C:\Users\nikol\AppData\Roaming\MetaQuotes\Terminal\4B1CE69F577705455263BD980C39A82C\MQL5\Profiles\Tester\optimized\Six_Soldiers_EA_Grid_01_opt.set to C:\Users\nikol\AppData\Roaming\MetaQuotes\Terminal\4B1CE69F577705455263BD980C39A82C\MQL5\Experts\Batch_0047\Six_Soldiers_EA\ini\Six_Soldiers_EA_Grid_01_opt.ini
2025-04-24 22:52:01,278 - INFO - Successfully converted C:\Users\nikol\AppData\Roaming\MetaQuotes\Terminal\4B1CE69F577705455263BD980C39A82C\MQL5\Profiles\Tester\optimized\Six_Soldiers_EA_Grid_01_opt.set to C:\Users\nikol\AppData\Roaming\MetaQuotes\Terminal\4B1CE69F577705455263BD980C39A82C\MQL5\Experts\Batch_0047\Six_Soldiers_EA_Grid\ini\Six_Soldiers_EA_Grid_01_opt.ini
2025-04-24 22:52:01,283 - INFO - Successfully converted C:\Users\nikol\AppData\Roaming\MetaQuotes\Terminal\4B1CE69F577705455263BD980C39A82C\MQL5\Profiles\Tester\optimized\Small_Inside_Bar_Strategy_01_opt.set to C:\Users\nikol\AppData\Roaming\MetaQuotes\Terminal\4B1CE69F577705455263BD980C39A82C\MQL5\Experts\Batch_0047\Small_Inside_Bar_Strategy\ini\Small_Inside_Bar_Strategy_01_opt.ini
2025-04-24 22:52:01,337 - INFO - Successfully converted C:\Users\nikol\AppData\Roaming\MetaQuotes\Terminal\4B1CE69F577705455263BD980C39A82C\MQL5\Profiles\Tester\optimized\Smart_Machine%20EA_01_opt.set to C:\Users\nikol\AppData\Roaming\MetaQuotes\Terminal\4B1CE69F577705455263BD980C39A82C\MQL5\Experts\Batch_0047\Smart_Machine%20EA\ini\Smart_Machine%20EA_01_opt.ini
2025-04-24 22:52:01,337 - INFO - Processing Batch_0048
2025-04-24 22:52:01,340 - INFO - Successfully converted C:\Users\nikol\AppData\Roaming\MetaQuotes\Terminal\4B1CE69F577705455263BD980C39A82C\MQL5\Profiles\Tester\optimized\Smoothing Average_01_opt.set to C:\Users\nikol\AppData\Roaming\MetaQuotes\Terminal\4B1CE69F577705455263BD980C39A82C\MQL5\Experts\Batch_0048\Smoothing Average\ini\Smoothing Average_01_opt.ini
2025-04-24 22:52:01,342 - WARNING - No .set files found for EA: sound
2025-04-24 22:52:01,343 - WARNING - No .set files found for EA: Sound-Fx
2025-04-24 22:52:01,346 - INFO - Successfully converted C:\Users\nikol\AppData\Roaming\MetaQuotes\Terminal\4B1CE69F577705455263BD980C39A82C\MQL5\Profiles\Tester\optimized\Spasm_01_opt.set to C:\Users\nikol\AppData\Roaming\MetaQuotes\Terminal\4B1CE69F577705455263BD980C39A82C\MQL5\Experts\Batch_0048\Spasm\ini\Spasm_01_opt.ini
2025-04-24 22:52:01,349 - INFO - Successfully converted C:\Users\nikol\AppData\Roaming\MetaQuotes\Terminal\4B1CE69F577705455263BD980C39A82C\MQL5\Profiles\Tester\optimized\Sprd_mt5%20EA_01_opt.set to C:\Users\nikol\AppData\Roaming\MetaQuotes\Terminal\4B1CE69F577705455263BD980C39A82C\MQL5\Experts\Batch_0048\Sprd_mt5%20EA\ini\Sprd_mt5%20EA_01_opt.ini
2025-04-24 22:52:01,351 - WARNING - No .set files found for EA: SPYDER EA V 6.1 MT5 @YoforexPremium
2025-04-24 22:52:01,354 - INFO - Successfully converted C:\Users\nikol\AppData\Roaming\MetaQuotes\Terminal\4B1CE69F577705455263BD980C39A82C\MQL5\Profiles\Tester\optimized\ssb5_123_01_opt.set to C:\Users\nikol\AppData\Roaming\MetaQuotes\Terminal\4B1CE69F577705455263BD980C39A82C\MQL5\Experts\Batch_0048\ssb5_123\ini\ssb5_123_01_opt.ini
2025-04-24 22:52:01,356 - WARNING - No .set files found for EA: Stargogs Ghost Spike Robot EA V1.0 MT5@YoForexPremium
2025-04-24 22:52:01,357 - WARNING - No .set files found for EA: Stargogs Pay EA_MT5@YoforexPremium
2025-04-24 22:52:01,361 - INFO - Successfully converted C:\Users\nikol\AppData\Roaming\MetaQuotes\Terminal\4B1CE69F577705455263BD980C39A82C\MQL5\Profiles\Tester\optimized\Starter_01_opt.set to C:\Users\nikol\AppData\Roaming\MetaQuotes\Terminal\4B1CE69F577705455263BD980C39A82C\MQL5\Experts\Batch_0048\Starter\ini\Starter_01_opt.ini
2025-04-24 22:52:01,361 - INFO - Processing Batch_0049
2025-04-24 22:52:01,364 - INFO - Successfully converted C:\Users\nikol\AppData\Roaming\MetaQuotes\Terminal\4B1CE69F577705455263BD980C39A82C\MQL5\Profiles\Tester\optimized\Steve Cartwright Trader Camel CCI MACD_01_opt.set to C:\Users\nikol\AppData\Roaming\MetaQuotes\Terminal\4B1CE69F577705455263BD980C39A82C\MQL5\Experts\Batch_0049\Steve Cartwright Trader Camel CCI MACD\ini\Steve Cartwright Trader Camel CCI MACD_01_opt.ini
2025-04-24 22:52:01,367 - INFO - Successfully converted C:\Users\nikol\AppData\Roaming\MetaQuotes\Terminal\4B1CE69F577705455263BD980C39A82C\MQL5\Profiles\Tester\optimized\Stoch_01_opt.set to C:\Users\nikol\AppData\Roaming\MetaQuotes\Terminal\4B1CE69F577705455263BD980C39A82C\MQL5\Experts\Batch_0049\Stoch\ini\Stoch_01_opt.ini
2025-04-24 22:52:01,368 - INFO - Successfully converted C:\Users\nikol\AppData\Roaming\MetaQuotes\Terminal\4B1CE69F577705455263BD980C39A82C\MQL5\Profiles\Tester\optimized\Stoch_EA_1192_01_opt.set to C:\Users\nikol\AppData\Roaming\MetaQuotes\Terminal\4B1CE69F577705455263BD980C39A82C\MQL5\Experts\Batch_0049\Stoch\ini\Stoch_EA_1192_01_opt.ini
2025-04-24 22:52:01,370 - INFO - Successfully converted C:\Users\nikol\AppData\Roaming\MetaQuotes\Terminal\4B1CE69F577705455263BD980C39A82C\MQL5\Profiles\Tester\optimized\Stochastic%20Alert_01_opt.set to C:\Users\nikol\AppData\Roaming\MetaQuotes\Terminal\4B1CE69F577705455263BD980C39A82C\MQL5\Experts\Batch_0049\Stochastic%20Alert\ini\Stochastic%20Alert_01_opt.ini
2025-04-24 22:52:01,373 - INFO - Successfully converted C:\Users\nikol\AppData\Roaming\MetaQuotes\Terminal\4B1CE69F577705455263BD980C39A82C\MQL5\Profiles\Tester\optimized\stochasticdiffsign_01_opt.set to C:\Users\nikol\AppData\Roaming\MetaQuotes\Terminal\4B1CE69F577705455263BD980C39A82C\MQL5\Experts\Batch_0049\stochasticdiffsign\ini\stochasticdiffsign_01_opt.ini
2025-04-24 22:52:01,374 - INFO - Successfully converted C:\Users\nikol\AppData\Roaming\MetaQuotes\Terminal\4B1CE69F577705455263BD980C39A82C\MQL5\Profiles\Tester\optimized\StochasticDiffSign_EA_01_opt.set to C:\Users\nikol\AppData\Roaming\MetaQuotes\Terminal\4B1CE69F577705455263BD980C39A82C\MQL5\Experts\Batch_0049\stochasticdiffsign\ini\StochasticDiffSign_EA_01_opt.ini
2025-04-24 22:52:01,377 - INFO - Successfully converted C:\Users\nikol\AppData\Roaming\MetaQuotes\Terminal\4B1CE69F577705455263BD980C39A82C\MQL5\Profiles\Tester\optimized\StochasticDiffSign_EA_01_opt.set to C:\Users\nikol\AppData\Roaming\MetaQuotes\Terminal\4B1CE69F577705455263BD980C39A82C\MQL5\Experts\Batch_0049\StochasticDiffSign_EA\ini\StochasticDiffSign_EA_01_opt.ini
2025-04-24 22:52:01,379 - INFO - Successfully converted C:\Users\nikol\AppData\Roaming\MetaQuotes\Terminal\4B1CE69F577705455263BD980C39A82C\MQL5\Profiles\Tester\optimized\Stochastic_K_Divergence.lua_01_opt.set to C:\Users\nikol\AppData\Roaming\MetaQuotes\Terminal\4B1CE69F577705455263BD980C39A82C\MQL5\Experts\Batch_0049\Stochastic_K_Divergence.lua\ini\Stochastic_K_Divergence.lua_01_opt.ini
2025-04-24 22:52:01,382 - INFO - Successfully converted C:\Users\nikol\AppData\Roaming\MetaQuotes\Terminal\4B1CE69F577705455263BD980C39A82C\MQL5\Profiles\Tester\optimized\stochastic_three_periods_01_opt.set to C:\Users\nikol\AppData\Roaming\MetaQuotes\Terminal\4B1CE69F577705455263BD980C39A82C\MQL5\Experts\Batch_0049\stochastic_three_periods\ini\stochastic_three_periods_01_opt.ini
2025-04-24 22:52:01,385 - INFO - Successfully converted C:\Users\nikol\AppData\Roaming\MetaQuotes\Terminal\4B1CE69F577705455263BD980C39A82C\MQL5\Profiles\Tester\optimized\StochMA_01_opt.set to C:\Users\nikol\AppData\Roaming\MetaQuotes\Terminal\4B1CE69F577705455263BD980C39A82C\MQL5\Experts\Batch_0049\StochMA\ini\StochMA_01_opt.ini
2025-04-24 22:52:01,386 - INFO - Successfully converted C:\Users\nikol\AppData\Roaming\MetaQuotes\Terminal\4B1CE69F577705455263BD980C39A82C\MQL5\Profiles\Tester\optimized\StochMA_EA_v1.00_01_opt.set to C:\Users\nikol\AppData\Roaming\MetaQuotes\Terminal\4B1CE69F577705455263BD980C39A82C\MQL5\Experts\Batch_0049\StochMA\ini\StochMA_EA_v1.00_01_opt.ini
2025-04-24 22:52:01,388 - INFO - Successfully converted C:\Users\nikol\AppData\Roaming\MetaQuotes\Terminal\4B1CE69F577705455263BD980C39A82C\MQL5\Profiles\Tester\optimized\StochMA_EA_v1.00_01_opt.set to C:\Users\nikol\AppData\Roaming\MetaQuotes\Terminal\4B1CE69F577705455263BD980C39A82C\MQL5\Experts\Batch_0049\StochMA_EA_v1.00\ini\StochMA_EA_v1.00_01_opt.ini
2025-04-24 22:52:01,392 - INFO - Successfully converted C:\Users\nikol\AppData\Roaming\MetaQuotes\Terminal\4B1CE69F577705455263BD980C39A82C\MQL5\Profiles\Tester\optimized\Stoch_EA_1192_01_opt.set to C:\Users\nikol\AppData\Roaming\MetaQuotes\Terminal\4B1CE69F577705455263BD980C39A82C\MQL5\Experts\Batch_0049\Stoch_EA_1192\ini\Stoch_EA_1192_01_opt.ini
2025-04-24 22:52:01,392 - INFO - Processing Batch_0050
2025-04-24 22:52:01,397 - INFO - Successfully converted C:\Users\nikol\AppData\Roaming\MetaQuotes\Terminal\4B1CE69F577705455263BD980C39A82C\MQL5\Profiles\Tester\optimized\Stop Loss Take Profit_01_opt.set to C:\Users\nikol\AppData\Roaming\MetaQuotes\Terminal\4B1CE69F577705455263BD980C39A82C\MQL5\Experts\Batch_0050\Stop Loss Take Profit\ini\Stop Loss Take Profit_01_opt.ini
2025-04-24 22:52:01,401 - INFO - Successfully converted C:\Users\nikol\AppData\Roaming\MetaQuotes\Terminal\4B1CE69F577705455263BD980C39A82C\MQL5\Profiles\Tester\optimized\StraddleqTrail_01_opt.set to C:\Users\nikol\AppData\Roaming\MetaQuotes\Terminal\4B1CE69F577705455263BD980C39A82C\MQL5\Experts\Batch_0050\StraddleqTrail\ini\StraddleqTrail_01_opt.ini
2025-04-24 22:52:01,404 - WARNING - No .set files found for EA: Strategie Boom Crash System MT5@YoForexPremium
2025-04-24 22:52:01,407 - WARNING - No .set files found for EA: SUPER TURBO EA V2.0 MT5@YoForexPremium
2025-04-24 22:52:01,410 - INFO - Successfully converted C:\Users\nikol\AppData\Roaming\MetaQuotes\Terminal\4B1CE69F577705455263BD980C39A82C\MQL5\Profiles\Tester\optimized\Surefirething__01_opt.set to C:\Users\nikol\AppData\Roaming\MetaQuotes\Terminal\4B1CE69F577705455263BD980C39A82C\MQL5\Experts\Batch_0050\Surefirething_\ini\Surefirething__01_opt.ini
2025-04-24 22:52:01,413 - WARNING - No .set files found for EA: TAILOR EA MT5@YoForexPremium
2025-04-24 22:52:01,416 - WARNING - No .set files found for EA: TAKASHI SNIPER V2 EA MT5@yYoForexPremium
2025-04-24 22:52:01,420 - INFO - Successfully converted C:\Users\nikol\AppData\Roaming\MetaQuotes\Terminal\4B1CE69F577705455263BD980C39A82C\MQL5\Profiles\Tester\optimized\TDSGlobal_01_opt.set to C:\Users\nikol\AppData\Roaming\MetaQuotes\Terminal\4B1CE69F577705455263BD980C39A82C\MQL5\Experts\Batch_0050\TDSGlobal\ini\TDSGlobal_01_opt.ini
2025-04-24 22:52:01,425 - INFO - Successfully converted C:\Users\nikol\AppData\Roaming\MetaQuotes\Terminal\4B1CE69F577705455263BD980C39A82C\MQL5\Profiles\Tester\optimized\The MasterMind_01_opt.set to C:\Users\nikol\AppData\Roaming\MetaQuotes\Terminal\4B1CE69F577705455263BD980C39A82C\MQL5\Experts\Batch_0050\The MasterMind\ini\The MasterMind_01_opt.ini
2025-04-24 22:52:01,429 - INFO - Successfully converted C:\Users\nikol\AppData\Roaming\MetaQuotes\Terminal\4B1CE69F577705455263BD980C39A82C\MQL5\Profiles\Tester\optimized\The MasterMind 2_01_opt.set to C:\Users\nikol\AppData\Roaming\MetaQuotes\Terminal\4B1CE69F577705455263BD980C39A82C\MQL5\Experts\Batch_0050\The MasterMind 2\ini\The MasterMind 2_01_opt.ini
2025-04-24 22:52:01,429 - INFO - Processing Batch_0051
2025-04-24 22:52:01,434 - INFO - Successfully converted C:\Users\nikol\AppData\Roaming\MetaQuotes\Terminal\4B1CE69F577705455263BD980C39A82C\MQL5\Profiles\Tester\optimized\The MasterMind 3_01_opt.set to C:\Users\nikol\AppData\Roaming\MetaQuotes\Terminal\4B1CE69F577705455263BD980C39A82C\MQL5\Experts\Batch_0051\The MasterMind 3\ini\The MasterMind 3_01_opt.ini
2025-04-24 22:52:01,438 - INFO - Successfully converted C:\Users\nikol\AppData\Roaming\MetaQuotes\Terminal\4B1CE69F577705455263BD980C39A82C\MQL5\Profiles\Tester\optimized\The Puncher_01_opt.set to C:\Users\nikol\AppData\Roaming\MetaQuotes\Terminal\4B1CE69F577705455263BD980C39A82C\MQL5\Experts\Batch_0051\The Puncher\ini\The Puncher_01_opt.ini
2025-04-24 22:52:01,443 - INFO - Successfully converted C:\Users\nikol\AppData\Roaming\MetaQuotes\Terminal\4B1CE69F577705455263BD980C39A82C\MQL5\Profiles\Tester\optimized\TheClassicTurtleTrader_no_dots_01_opt.set to C:\Users\nikol\AppData\Roaming\MetaQuotes\Terminal\4B1CE69F577705455263BD980C39A82C\MQL5\Experts\Batch_0051\TheClassicTurtleTrader_no_dots\ini\TheClassicTurtleTrader_no_dots_01_opt.ini
2025-04-24 22:52:01,445 - INFO - Successfully converted C:\Users\nikol\AppData\Roaming\MetaQuotes\Terminal\4B1CE69F577705455263BD980C39A82C\MQL5\Profiles\Tester\optimized\TheClassicTurtleTrader_no_dots_EA_v1.00_01_opt.set to C:\Users\nikol\AppData\Roaming\MetaQuotes\Terminal\4B1CE69F577705455263BD980C39A82C\MQL5\Experts\Batch_0051\TheClassicTurtleTrader_no_dots\ini\TheClassicTurtleTrader_no_dots_EA_v1.00_01_opt.ini
2025-04-24 22:52:01,448 - INFO - Successfully converted C:\Users\nikol\AppData\Roaming\MetaQuotes\Terminal\4B1CE69F577705455263BD980C39A82C\MQL5\Profiles\Tester\optimized\TheClassicTurtleTrader_no_dots_EA_v1.00_01_opt.set to C:\Users\nikol\AppData\Roaming\MetaQuotes\Terminal\4B1CE69F577705455263BD980C39A82C\MQL5\Experts\Batch_0051\TheClassicTurtleTrader_no_dots_EA_v1.00\ini\TheClassicTurtleTrader_no_dots_EA_v1.00_01_opt.ini
2025-04-24 22:52:01,450 - WARNING - No .set files found for EA: Thomas EA MT5@YoForexPremium
2025-04-24 22:52:01,453 - INFO - Successfully converted C:\Users\nikol\AppData\Roaming\MetaQuotes\Terminal\4B1CE69F577705455263BD980C39A82C\MQL5\Profiles\Tester\optimized\Three indicators_01_opt.set to C:\Users\nikol\AppData\Roaming\MetaQuotes\Terminal\4B1CE69F577705455263BD980C39A82C\MQL5\Experts\Batch_0051\Three indicators\ini\Three indicators_01_opt.ini
2025-04-24 22:52:01,456 - INFO - Successfully converted C:\Users\nikol\AppData\Roaming\MetaQuotes\Terminal\4B1CE69F577705455263BD980C39A82C\MQL5\Profiles\Tester\optimized\Three neural networks_01_opt.set to C:\Users\nikol\AppData\Roaming\MetaQuotes\Terminal\4B1CE69F577705455263BD980C39A82C\MQL5\Experts\Batch_0051\Three neural networks\ini\Three neural networks_01_opt.ini
2025-04-24 22:52:01,460 - INFO - Successfully converted C:\Users\nikol\AppData\Roaming\MetaQuotes\Terminal\4B1CE69F577705455263BD980C39A82C\MQL5\Profiles\Tester\optimized\Three timeframes_01_opt.set to C:\Users\nikol\AppData\Roaming\MetaQuotes\Terminal\4B1CE69F577705455263BD980C39A82C\MQL5\Experts\Batch_0051\Three timeframes\ini\Three timeframes_01_opt.ini
2025-04-24 22:52:01,464 - INFO - Successfully converted C:\Users\nikol\AppData\Roaming\MetaQuotes\Terminal\4B1CE69F577705455263BD980C39A82C\MQL5\Profiles\Tester\optimized\Three Typical Candles_01_opt.set to C:\Users\nikol\AppData\Roaming\MetaQuotes\Terminal\4B1CE69F577705455263BD980C39A82C\MQL5\Experts\Batch_0051\Three Typical Candles\ini\Three Typical Candles_01_opt.ini
2025-04-24 22:52:01,466 - WARNING - No .set files found for EA: Time bomb mt5 (1)
2025-04-24 22:52:01,466 - INFO - Processing Batch_0052
2025-04-24 22:52:01,470 - INFO - Successfully converted C:\Users\nikol\AppData\Roaming\MetaQuotes\Terminal\4B1CE69F577705455263BD980C39A82C\MQL5\Profiles\Tester\optimized\timer_trade_01_opt.set to C:\Users\nikol\AppData\Roaming\MetaQuotes\Terminal\4B1CE69F577705455263BD980C39A82C\MQL5\Experts\Batch_0052\timer_trade\ini\timer_trade_01_opt.ini
2025-04-24 22:52:01,474 - INFO - Successfully converted C:\Users\nikol\AppData\Roaming\MetaQuotes\Terminal\4B1CE69F577705455263BD980C39A82C\MQL5\Profiles\Tester\optimized\Time_sync_forts_01_opt.set to C:\Users\nikol\AppData\Roaming\MetaQuotes\Terminal\4B1CE69F577705455263BD980C39A82C\MQL5\Experts\Batch_0052\Time_sync_forts\ini\Time_sync_forts_01_opt.ini
2025-04-24 22:52:01,476 - WARNING - No .set files found for EA: Titan X 21.18 EA MT5
2025-04-24 22:52:01,479 - INFO - Successfully converted C:\Users\nikol\AppData\Roaming\MetaQuotes\Terminal\4B1CE69F577705455263BD980C39A82C\MQL5\Profiles\Tester\optimized\TmaTrue_2.0_with_Distances_6xx_01_opt.set to C:\Users\nikol\AppData\Roaming\MetaQuotes\Terminal\4B1CE69F577705455263BD980C39A82C\MQL5\Experts\Batch_0052\TmaTrue_2.0_with_Distances_6xx\ini\TmaTrue_2.0_with_Distances_6xx_01_opt.ini
2025-04-24 22:52:01,481 - INFO - Successfully converted C:\Users\nikol\AppData\Roaming\MetaQuotes\Terminal\4B1CE69F577705455263BD980C39A82C\MQL5\Profiles\Tester\optimized\TmaTrue_3.0_with_Distances_6xx_01_opt.set to C:\Users\nikol\AppData\Roaming\MetaQuotes\Terminal\4B1CE69F577705455263BD980C39A82C\MQL5\Experts\Batch_0052\TmaTrue_3.0_with_Distances_6xx\ini\TmaTrue_3.0_with_Distances_6xx_01_opt.ini
2025-04-24 22:52:01,484 - INFO - Successfully converted C:\Users\nikol\AppData\Roaming\MetaQuotes\Terminal\4B1CE69F577705455263BD980C39A82C\MQL5\Profiles\Tester\optimized\TMA_ATR_Channel_01_opt.set to C:\Users\nikol\AppData\Roaming\MetaQuotes\Terminal\4B1CE69F577705455263BD980C39A82C\MQL5\Experts\Batch_0052\TMA_ATR_Channel\ini\TMA_ATR_Channel_01_opt.ini
2025-04-24 22:52:01,487 - INFO - Successfully converted C:\Users\nikol\AppData\Roaming\MetaQuotes\Terminal\4B1CE69F577705455263BD980C39A82C\MQL5\Profiles\Tester\optimized\TMA_ATR_EA_v1.00_01_opt.set to C:\Users\nikol\AppData\Roaming\MetaQuotes\Terminal\4B1CE69F577705455263BD980C39A82C\MQL5\Experts\Batch_0052\TMA_ATR_EA_v1.00\ini\TMA_ATR_EA_v1.00_01_opt.ini
2025-04-24 22:52:01,490 - INFO - Successfully converted C:\Users\nikol\AppData\Roaming\MetaQuotes\Terminal\4B1CE69F577705455263BD980C39A82C\MQL5\Profiles\Tester\optimized\TMA_CG_EA_01_opt.set to C:\Users\nikol\AppData\Roaming\MetaQuotes\Terminal\4B1CE69F577705455263BD980C39A82C\MQL5\Experts\Batch_0052\TMA_CG_EA\ini\TMA_CG_EA_01_opt.ini
2025-04-24 22:52:01,493 - INFO - Successfully converted C:\Users\nikol\AppData\Roaming\MetaQuotes\Terminal\4B1CE69F577705455263BD980C39A82C\MQL5\Profiles\Tester\optimized\TMA_CG_Martingale%20EA_01_opt.set to C:\Users\nikol\AppData\Roaming\MetaQuotes\Terminal\4B1CE69F577705455263BD980C39A82C\MQL5\Experts\Batch_0052\TMA_CG_Martingale%20EA\ini\TMA_CG_Martingale%20EA_01_opt.ini
2025-04-24 22:52:01,496 - INFO - Successfully converted C:\Users\nikol\AppData\Roaming\MetaQuotes\Terminal\4B1CE69F577705455263BD980C39A82C\MQL5\Profiles\Tester\optimized\TMA_CG_mladen_01_opt.set to C:\Users\nikol\AppData\Roaming\MetaQuotes\Terminal\4B1CE69F577705455263BD980C39A82C\MQL5\Experts\Batch_0052\TMA_CG_mladen\ini\TMA_CG_mladen_01_opt.ini
2025-04-24 22:52:01,496 - INFO - Processing Batch_0053
2025-04-24 22:52:01,499 - INFO - Successfully converted C:\Users\nikol\AppData\Roaming\MetaQuotes\Terminal\4B1CE69F577705455263BD980C39A82C\MQL5\Profiles\Tester\optimized\TMA_CG_special_01_opt.set to C:\Users\nikol\AppData\Roaming\MetaQuotes\Terminal\4B1CE69F577705455263BD980C39A82C\MQL5\Experts\Batch_0053\TMA_CG_special\ini\TMA_CG_special_01_opt.ini
2025-04-24 22:52:01,502 - INFO - Successfully converted C:\Users\nikol\AppData\Roaming\MetaQuotes\Terminal\4B1CE69F577705455263BD980C39A82C\MQL5\Profiles\Tester\optimized\TMA_slope_bands_01_opt.set to C:\Users\nikol\AppData\Roaming\MetaQuotes\Terminal\4B1CE69F577705455263BD980C39A82C\MQL5\Experts\Batch_0053\TMA_slope_bands\ini\TMA_slope_bands_01_opt.ini
2025-04-24 22:52:01,504 - INFO - Successfully converted C:\Users\nikol\AppData\Roaming\MetaQuotes\Terminal\4B1CE69F577705455263BD980C39A82C\MQL5\Profiles\Tester\optimized\TP_with_money_01_opt.set to C:\Users\nikol\AppData\Roaming\MetaQuotes\Terminal\4B1CE69F577705455263BD980C39A82C\MQL5\Experts\Batch_0053\TP_with_money\ini\TP_with_money_01_opt.ini
2025-04-24 22:52:01,507 - INFO - Successfully converted C:\Users\nikol\AppData\Roaming\MetaQuotes\Terminal\4B1CE69F577705455263BD980C39A82C\MQL5\Profiles\Tester\optimized\Trade in Channel_01_opt.set to C:\Users\nikol\AppData\Roaming\MetaQuotes\Terminal\4B1CE69F577705455263BD980C39A82C\MQL5\Experts\Batch_0053\Trade in Channel\ini\Trade in Channel_01_opt.ini
2025-04-24 22:52:01,509 - INFO - Successfully converted C:\Users\nikol\AppData\Roaming\MetaQuotes\Terminal\4B1CE69F577705455263BD980C39A82C\MQL5\Profiles\Tester\optimized\Trade on qualified RSI_01_opt.set to C:\Users\nikol\AppData\Roaming\MetaQuotes\Terminal\4B1CE69F577705455263BD980C39A82C\MQL5\Experts\Batch_0053\Trade on qualified RSI\ini\Trade on qualified RSI_01_opt.ini
2025-04-24 22:52:01,511 - WARNING - No .set files found for EA: Trade Republic 1.75 MT5
2025-04-24 22:52:01,514 - INFO - Successfully converted C:\Users\nikol\AppData\Roaming\MetaQuotes\Terminal\4B1CE69F577705455263BD980C39A82C\MQL5\Profiles\Tester\optimized\Trading Breakout_ MrThanhTan_01_opt.set to C:\Users\nikol\AppData\Roaming\MetaQuotes\Terminal\4B1CE69F577705455263BD980C39A82C\MQL5\Experts\Batch_0053\Trading Breakout_ MrThanhTan\ini\Trading Breakout_ MrThanhTan_01_opt.ini
2025-04-24 22:52:01,517 - INFO - Successfully converted C:\Users\nikol\AppData\Roaming\MetaQuotes\Terminal\4B1CE69F577705455263BD980C39A82C\MQL5\Profiles\Tester\optimized\Trend_Trader_Strategy_01_opt.set to C:\Users\nikol\AppData\Roaming\MetaQuotes\Terminal\4B1CE69F577705455263BD980C39A82C\MQL5\Experts\Batch_0053\Trend_Trader_Strategy\ini\Trend_Trader_Strategy_01_opt.ini
2025-04-24 22:52:01,519 - INFO - Successfully converted C:\Users\nikol\AppData\Roaming\MetaQuotes\Terminal\4B1CE69F577705455263BD980C39A82C\MQL5\Profiles\Tester\optimized\Trend_Trader_Strategy_EA_v1.00_01_opt.set to C:\Users\nikol\AppData\Roaming\MetaQuotes\Terminal\4B1CE69F577705455263BD980C39A82C\MQL5\Experts\Batch_0053\Trend_Trader_Strategy\ini\Trend_Trader_Strategy_EA_v1.00_01_opt.ini
2025-04-24 22:52:01,522 - INFO - Successfully converted C:\Users\nikol\AppData\Roaming\MetaQuotes\Terminal\4B1CE69F577705455263BD980C39A82C\MQL5\Profiles\Tester\optimized\Trend_Trader_Strategy_EA_v1.00_01_opt.set to C:\Users\nikol\AppData\Roaming\MetaQuotes\Terminal\4B1CE69F577705455263BD980C39A82C\MQL5\Experts\Batch_0053\Trend_Trader_Strategy_EA_v1.00\ini\Trend_Trader_Strategy_EA_v1.00_01_opt.ini
2025-04-24 22:52:01,525 - INFO - Successfully converted C:\Users\nikol\AppData\Roaming\MetaQuotes\Terminal\4B1CE69F577705455263BD980C39A82C\MQL5\Profiles\Tester\optimized\True Scalper Profit Lock_01_opt.set to C:\Users\nikol\AppData\Roaming\MetaQuotes\Terminal\4B1CE69F577705455263BD980C39A82C\MQL5\Experts\Batch_0053\True Scalper Profit Lock\ini\True Scalper Profit Lock_01_opt.ini
2025-04-24 22:52:01,525 - INFO - Processing Batch_0054
2025-04-24 22:52:01,528 - INFO - Successfully converted C:\Users\nikol\AppData\Roaming\MetaQuotes\Terminal\4B1CE69F577705455263BD980C39A82C\MQL5\Profiles\Tester\optimized\TrueSort_1100_01_opt.set to C:\Users\nikol\AppData\Roaming\MetaQuotes\Terminal\4B1CE69F577705455263BD980C39A82C\MQL5\Experts\Batch_0054\TrueSort_1100\ini\TrueSort_1100_01_opt.ini
2025-04-24 22:52:01,531 - INFO - Successfully converted C:\Users\nikol\AppData\Roaming\MetaQuotes\Terminal\4B1CE69F577705455263BD980C39A82C\MQL5\Profiles\Tester\optimized\Tru_EA_01_opt.set to C:\Users\nikol\AppData\Roaming\MetaQuotes\Terminal\4B1CE69F577705455263BD980C39A82C\MQL5\Experts\Batch_0054\Tru_EA\ini\Tru_EA_01_opt.ini
2025-04-24 22:52:01,534 - INFO - Successfully converted C:\Users\nikol\AppData\Roaming\MetaQuotes\Terminal\4B1CE69F577705455263BD980C39A82C\MQL5\Profiles\Tester\optimized\Tunnel gen4_01_opt.set to C:\Users\nikol\AppData\Roaming\MetaQuotes\Terminal\4B1CE69F577705455263BD980C39A82C\MQL5\Experts\Batch_0054\Tunnel gen4\ini\Tunnel gen4_01_opt.ini
2025-04-24 22:52:01,537 - INFO - Successfully converted C:\Users\nikol\AppData\Roaming\MetaQuotes\Terminal\4B1CE69F577705455263BD980C39A82C\MQL5\Profiles\Tester\optimized\Tunnel Method_01_opt.set to C:\Users\nikol\AppData\Roaming\MetaQuotes\Terminal\4B1CE69F577705455263BD980C39A82C\MQL5\Experts\Batch_0054\Tunnel Method\ini\Tunnel Method_01_opt.ini
2025-04-24 22:52:01,538 - WARNING - No .set files found for EA: Tunnel Vision 2024 EA MT5@YoForexPremium
2025-04-24 22:52:01,541 - INFO - Successfully converted C:\Users\nikol\AppData\Roaming\MetaQuotes\Terminal\4B1CE69F577705455263BD980C39A82C\MQL5\Profiles\Tester\optimized\TurnGrid_01_opt.set to C:\Users\nikol\AppData\Roaming\MetaQuotes\Terminal\4B1CE69F577705455263BD980C39A82C\MQL5\Experts\Batch_0054\TurnGrid\ini\TurnGrid_01_opt.ini
2025-04-24 22:52:01,544 - INFO - Successfully converted C:\Users\nikol\AppData\Roaming\MetaQuotes\Terminal\4B1CE69F577705455263BD980C39A82C\MQL5\Profiles\Tester\optimized\Two pending orders 2_01_opt.set to C:\Users\nikol\AppData\Roaming\MetaQuotes\Terminal\4B1CE69F577705455263BD980C39A82C\MQL5\Experts\Batch_0054\Two pending orders 2\ini\Two pending orders 2_01_opt.ini
2025-04-24 22:52:01,546 - WARNING - No .set files found for EA: Two PerBar
2025-04-24 22:52:01,549 - INFO - Successfully converted C:\Users\nikol\AppData\Roaming\MetaQuotes\Terminal\4B1CE69F577705455263BD980C39A82C\MQL5\Profiles\Tester\optimized\Two%20MA%20RSI%20ADX%20EA_01_opt.set to C:\Users\nikol\AppData\Roaming\MetaQuotes\Terminal\4B1CE69F577705455263BD980C39A82C\MQL5\Experts\Batch_0054\Two%20MA%20RSI%20ADX%20EA\ini\Two%20MA%20RSI%20ADX%20EA_01_opt.ini
2025-04-24 22:52:01,551 - INFO - Successfully converted C:\Users\nikol\AppData\Roaming\MetaQuotes\Terminal\4B1CE69F577705455263BD980C39A82C\MQL5\Profiles\Tester\optimized\Two%20Orders%20Panel_01_opt.set to C:\Users\nikol\AppData\Roaming\MetaQuotes\Terminal\4B1CE69F577705455263BD980C39A82C\MQL5\Experts\Batch_0054\Two%20Orders%20Panel\ini\Two%20Orders%20Panel_01_opt.ini
2025-04-24 22:52:01,552 - INFO - Processing Batch_0055
2025-04-24 22:52:01,554 - INFO - Successfully converted C:\Users\nikol\AppData\Roaming\MetaQuotes\Terminal\4B1CE69F577705455263BD980C39A82C\MQL5\Profiles\Tester\optimized\UnityPro_01_opt.set to C:\Users\nikol\AppData\Roaming\MetaQuotes\Terminal\4B1CE69F577705455263BD980C39A82C\MQL5\Experts\Batch_0055\UnityPro\ini\UnityPro_01_opt.ini
2025-04-24 22:52:01,557 - INFO - Successfully converted C:\Users\nikol\AppData\Roaming\MetaQuotes\Terminal\4B1CE69F577705455263BD980C39A82C\MQL5\Profiles\Tester\optimized\UniversalMACrossEA_01_opt.set to C:\Users\nikol\AppData\Roaming\MetaQuotes\Terminal\4B1CE69F577705455263BD980C39A82C\MQL5\Experts\Batch_0055\UniversalMACrossEA\ini\UniversalMACrossEA_01_opt.ini
2025-04-24 22:52:01,560 - INFO - Successfully converted C:\Users\nikol\AppData\Roaming\MetaQuotes\Terminal\4B1CE69F577705455263BD980C39A82C\MQL5\Profiles\Tester\optimized\UniversalSignalDemo_01_opt.set to C:\Users\nikol\AppData\Roaming\MetaQuotes\Terminal\4B1CE69F577705455263BD980C39A82C\MQL5\Experts\Batch_0055\UniversalSignalDemo\ini\UniversalSignalDemo_01_opt.ini
2025-04-24 22:52:01,564 - INFO - Successfully converted C:\Users\nikol\AppData\Roaming\MetaQuotes\Terminal\4B1CE69F577705455263BD980C39A82C\MQL5\Profiles\Tester\optimized\Universum 3.0_01_opt.set to C:\Users\nikol\AppData\Roaming\MetaQuotes\Terminal\4B1CE69F577705455263BD980C39A82C\MQL5\Experts\Batch_0055\Universum 3.0\ini\Universum 3.0_01_opt.ini
2025-04-24 22:52:01,568 - INFO - Successfully converted C:\Users\nikol\AppData\Roaming\MetaQuotes\Terminal\4B1CE69F577705455263BD980C39A82C\MQL5\Profiles\Tester\optimized\UnNomGuai%20EA_01_opt.set to C:\Users\nikol\AppData\Roaming\MetaQuotes\Terminal\4B1CE69F577705455263BD980C39A82C\MQL5\Experts\Batch_0055\UnNomGuai%20EA\ini\UnNomGuai%20EA_01_opt.ini
2025-04-24 22:52:01,573 - INFO - Successfully converted C:\Users\nikol\AppData\Roaming\MetaQuotes\Terminal\4B1CE69F577705455263BD980C39A82C\MQL5\Profiles\Tester\optimized\up3x1_01_opt.set to C:\Users\nikol\AppData\Roaming\MetaQuotes\Terminal\4B1CE69F577705455263BD980C39A82C\MQL5\Experts\Batch_0055\up3x1\ini\up3x1_01_opt.ini
2025-04-24 22:52:01,574 - INFO - Successfully converted C:\Users\nikol\AppData\Roaming\MetaQuotes\Terminal\4B1CE69F577705455263BD980C39A82C\MQL5\Profiles\Tester\optimized\up3x1_premium_v2M_01_opt.set to C:\Users\nikol\AppData\Roaming\MetaQuotes\Terminal\4B1CE69F577705455263BD980C39A82C\MQL5\Experts\Batch_0055\up3x1\ini\up3x1_premium_v2M_01_opt.ini
2025-04-24 22:52:01,578 - INFO - Successfully converted C:\Users\nikol\AppData\Roaming\MetaQuotes\Terminal\4B1CE69F577705455263BD980C39A82C\MQL5\Profiles\Tester\optimized\up3x1 Investor_01_opt.set to C:\Users\nikol\AppData\Roaming\MetaQuotes\Terminal\4B1CE69F577705455263BD980C39A82C\MQL5\Experts\Batch_0055\up3x1 Investor\ini\up3x1 Investor_01_opt.ini
2025-04-24 22:52:01,581 - INFO - Successfully converted C:\Users\nikol\AppData\Roaming\MetaQuotes\Terminal\4B1CE69F577705455263BD980C39A82C\MQL5\Profiles\Tester\optimized\up3x1_premium_v2M_01_opt.set to C:\Users\nikol\AppData\Roaming\MetaQuotes\Terminal\4B1CE69F577705455263BD980C39A82C\MQL5\Experts\Batch_0055\up3x1_premium_v2M\ini\up3x1_premium_v2M_01_opt.ini
2025-04-24 22:52:01,584 - WARNING - No .set files found for EA: Upgraded EA CRASH 1000 V1.3 MT5@YoforexPremium
2025-04-24 22:52:01,588 - INFO - Successfully converted C:\Users\nikol\AppData\Roaming\MetaQuotes\Terminal\4B1CE69F577705455263BD980C39A82C\MQL5\Profiles\Tester\optimized\Urdala_Trol_01_opt.set to C:\Users\nikol\AppData\Roaming\MetaQuotes\Terminal\4B1CE69F577705455263BD980C39A82C\MQL5\Experts\Batch_0055\Urdala_Trol\ini\Urdala_Trol_01_opt.ini
2025-04-24 22:52:01,588 - INFO - Processing Batch_0056
2025-04-24 22:52:01,593 - INFO - Successfully converted C:\Users\nikol\AppData\Roaming\MetaQuotes\Terminal\4B1CE69F577705455263BD980C39A82C\MQL5\Profiles\Tester\optimized\Very Blonde System_01_opt.set to C:\Users\nikol\AppData\Roaming\MetaQuotes\Terminal\4B1CE69F577705455263BD980C39A82C\MQL5\Experts\Batch_0056\Very Blonde System\ini\Very Blonde System_01_opt.ini
2025-04-24 22:52:01,597 - INFO - Successfully converted C:\Users\nikol\AppData\Roaming\MetaQuotes\Terminal\4B1CE69F577705455263BD980C39A82C\MQL5\Profiles\Tester\optimized\Virtual Trailing Stop_01_opt.set to C:\Users\nikol\AppData\Roaming\MetaQuotes\Terminal\4B1CE69F577705455263BD980C39A82C\MQL5\Experts\Batch_0056\Virtual Trailing Stop\ini\Virtual Trailing Stop_01_opt.ini
2025-04-24 22:52:01,602 - INFO - Successfully converted C:\Users\nikol\AppData\Roaming\MetaQuotes\Terminal\4B1CE69F577705455263BD980C39A82C\MQL5\Profiles\Tester\optimized\VLT_TRADER_01_opt.set to C:\Users\nikol\AppData\Roaming\MetaQuotes\Terminal\4B1CE69F577705455263BD980C39A82C\MQL5\Experts\Batch_0056\VLT_TRADER\ini\VLT_TRADER_01_opt.ini
2025-04-24 22:52:01,607 - INFO - Successfully converted C:\Users\nikol\AppData\Roaming\MetaQuotes\Terminal\4B1CE69F577705455263BD980C39A82C\MQL5\Profiles\Tester\optimized\Volume trader_01_opt.set to C:\Users\nikol\AppData\Roaming\MetaQuotes\Terminal\4B1CE69F577705455263BD980C39A82C\MQL5\Experts\Batch_0056\Volume trader\ini\Volume trader_01_opt.ini
2025-04-24 22:52:01,611 - INFO - Successfully converted C:\Users\nikol\AppData\Roaming\MetaQuotes\Terminal\4B1CE69F577705455263BD980C39A82C\MQL5\Profiles\Tester\optimized\Vortex Indicator System_01_opt.set to C:\Users\nikol\AppData\Roaming\MetaQuotes\Terminal\4B1CE69F577705455263BD980C39A82C\MQL5\Experts\Batch_0056\Vortex Indicator System\ini\Vortex Indicator System_01_opt.ini
2025-04-24 22:52:01,615 - INFO - Successfully converted C:\Users\nikol\AppData\Roaming\MetaQuotes\Terminal\4B1CE69F577705455263BD980C39A82C\MQL5\Profiles\Tester\optimized\VR---Overturn_01_opt.set to C:\Users\nikol\AppData\Roaming\MetaQuotes\Terminal\4B1CE69F577705455263BD980C39A82C\MQL5\Experts\Batch_0056\VR---Overturn\ini\VR---Overturn_01_opt.ini
2025-04-24 22:52:01,619 - INFO - Successfully converted C:\Users\nikol\AppData\Roaming\MetaQuotes\Terminal\4B1CE69F577705455263BD980C39A82C\MQL5\Profiles\Tester\optimized\VR---ZVER_01_opt.set to C:\Users\nikol\AppData\Roaming\MetaQuotes\Terminal\4B1CE69F577705455263BD980C39A82C\MQL5\Experts\Batch_0056\VR---ZVER\ini\VR---ZVER_01_opt.ini
2025-04-24 22:52:01,623 - INFO - Successfully converted C:\Users\nikol\AppData\Roaming\MetaQuotes\Terminal\4B1CE69F577705455263BD980C39A82C\MQL5\Profiles\Tester\optimized\VR---ZVER v.2_01_opt.set to C:\Users\nikol\AppData\Roaming\MetaQuotes\Terminal\4B1CE69F577705455263BD980C39A82C\MQL5\Experts\Batch_0056\VR---ZVER v.2\ini\VR---ZVER v.2_01_opt.ini
2025-04-24 22:52:01,625 - INFO - Successfully converted C:\Users\nikol\AppData\Roaming\MetaQuotes\Terminal\4B1CE69F577705455263BD980C39A82C\MQL5\Profiles\Tester\optimized\VZO_01_opt.set to C:\Users\nikol\AppData\Roaming\MetaQuotes\Terminal\4B1CE69F577705455263BD980C39A82C\MQL5\Experts\Batch_0056\VZO\ini\VZO_01_opt.ini
2025-04-24 22:52:01,628 - INFO - Successfully converted C:\Users\nikol\AppData\Roaming\MetaQuotes\Terminal\4B1CE69F577705455263BD980C39A82C\MQL5\Profiles\Tester\optimized\Waddah_Attar_Win_01_opt.set to C:\Users\nikol\AppData\Roaming\MetaQuotes\Terminal\4B1CE69F577705455263BD980C39A82C\MQL5\Experts\Batch_0056\Waddah_Attar_Win\ini\Waddah_Attar_Win_01_opt.ini
2025-04-24 22:52:01,629 - INFO - Processing Batch_0057
2025-04-24 22:52:01,630 - WARNING - No .set files found for EA: NSK Swing
2025-04-24 22:52:01,632 - WARNING - No .set files found for EA: Simple Trade
2025-04-24 22:52:01,634 - WARNING - No .set files found for EA: Two Perbar
2025-04-24 22:52:01,636 - WARNING - No .set files found for EA: wagonKing1 EA
2025-04-24 22:52:01,641 - INFO - Successfully converted C:\Users\nikol\AppData\Roaming\MetaQuotes\Terminal\4B1CE69F577705455263BD980C39A82C\MQL5\Profiles\Tester\optimized\WE TRUST_01_opt.set to C:\Users\nikol\AppData\Roaming\MetaQuotes\Terminal\4B1CE69F577705455263BD980C39A82C\MQL5\Experts\Batch_0057\WE TRUST\ini\WE TRUST_01_opt.ini
2025-04-24 22:52:01,645 - INFO - Successfully converted C:\Users\nikol\AppData\Roaming\MetaQuotes\Terminal\4B1CE69F577705455263BD980C39A82C\MQL5\Profiles\Tester\optimized\X-RSIOMA_01_opt.set to C:\Users\nikol\AppData\Roaming\MetaQuotes\Terminal\4B1CE69F577705455263BD980C39A82C\MQL5\Experts\Batch_0057\X-RSIOMA\ini\X-RSIOMA_01_opt.ini
2025-04-24 22:52:01,647 - WARNING - No .set files found for EA: XKPRMST EA MT5@YoForexPremium
2025-04-24 22:52:01,649 - WARNING - No .set files found for EA: XT EURUSD EA MT5@YoForexPremium
2025-04-24 22:52:01,652 - INFO - Successfully converted C:\Users\nikol\AppData\Roaming\MetaQuotes\Terminal\4B1CE69F577705455263BD980C39A82C\MQL5\Profiles\Tester\optimized\Yesterday Today_01_opt.set to C:\Users\nikol\AppData\Roaming\MetaQuotes\Terminal\4B1CE69F577705455263BD980C39A82C\MQL5\Experts\Batch_0057\Yesterday Today\ini\Yesterday Today_01_opt.ini
2025-04-24 22:52:01,654 - WARNING - No .set files found for EA: Yumnaa Classic EA MT5+Setfiles@YoForexPremium
2025-04-24 22:52:01,654 - INFO - Processing Batch_0058
2025-04-24 22:52:01,654 - INFO - Processing Batch_0059
2025-04-24 22:52:01,655 - INFO - Processing Batch_0060
2025-04-24 22:52:01,655 - INFO - Completed processing all batch folders
