2025-04-30 04:46:00,640 - INFO - Deleted INI directory: C:\Users\nikol\AppData\Roaming\MetaQuotes\Terminal\4B1CE69F577705455263BD980C39A82C\MQL5\Experts\Batch_0001\10-pips\ini
2025-04-30 04:46:01,073 - INFO - Deleted INI directory: C:\Users\nikol\AppData\Roaming\MetaQuotes\Terminal\4B1CE69F577705455263BD980C39A82C\MQL5\Experts\Batch_0001\10-pips-EURUSD\ini
2025-04-30 04:46:01,517 - INFO - Deleted INI directory: C:\Users\nikol\AppData\Roaming\MetaQuotes\Terminal\4B1CE69F577705455263BD980C39A82C\MQL5\Experts\Batch_0001\1H-EUR-USD\ini
2025-04-30 04:46:01,933 - INFO - Deleted INI directory: C:\Users\nikol\AppData\Roaming\MetaQuotes\Terminal\4B1CE69F577705455263BD980C39A82C\MQL5\Experts\Batch_0001\20011201-GBPUSD-M1\ini
2025-04-30 04:46:02,359 - INFO - Deleted INI directory: C:\Users\nikol\AppData\Roaming\MetaQuotes\Terminal\4B1CE69F577705455263BD980C39A82C\MQL5\Experts\Batch_0001\21hour\ini
2025-04-30 04:46:02,816 - INFO - Deleted INI directory: C:\Users\nikol\AppData\Roaming\MetaQuotes\Terminal\4B1CE69F577705455263BD980C39A82C\MQL5\Experts\Batch_0001\2HR-HL\ini
2025-04-30 04:46:03,252 - INFO - Deleted INI directory: C:\Users\nikol\AppData\Roaming\MetaQuotes\Terminal\4B1CE69F577705455263BD980C39A82C\MQL5\Experts\Batch_0001\2MA-4Level\ini
2025-04-30 04:46:03,683 - INFO - Deleted INI directory: C:\Users\nikol\AppData\Roaming\MetaQuotes\Terminal\4B1CE69F577705455263BD980C39A82C\MQL5\Experts\Batch_0001\2MA-Bunny-Cross\ini
2025-04-30 04:46:04,125 - INFO - Deleted INI directory: C:\Users\nikol\AppData\Roaming\MetaQuotes\Terminal\4B1CE69F577705455263BD980C39A82C\MQL5\Experts\Batch_0001\3-bars-high-low-indicator\ini
2025-04-30 04:46:04,541 - INFO - Deleted INI directory: C:\Users\nikol\AppData\Roaming\MetaQuotes\Terminal\4B1CE69F577705455263BD980C39A82C\MQL5\Experts\Batch_0001\35-Pip-Scalper\ini
2025-04-30 04:46:04,993 - INFO - Deleted INI directory: C:\Users\nikol\AppData\Roaming\MetaQuotes\Terminal\4B1CE69F577705455263BD980C39A82C\MQL5\Experts\Batch_0002\3BarsHighLowEA\ini
2025-04-30 04:46:05,450 - INFO - Deleted INI directory: C:\Users\nikol\AppData\Roaming\MetaQuotes\Terminal\4B1CE69F577705455263BD980C39A82C\MQL5\Experts\Batch_0002\3sma\ini
2025-04-30 04:46:05,872 - INFO - Deleted INI directory: C:\Users\nikol\AppData\Roaming\MetaQuotes\Terminal\4B1CE69F577705455263BD980C39A82C\MQL5\Experts\Batch_0002\3sma_\ini
2025-04-30 04:46:06,301 - INFO - Deleted INI directory: C:\Users\nikol\AppData\Roaming\MetaQuotes\Terminal\4B1CE69F577705455263BD980C39A82C\MQL5\Experts\Batch_0002\500\ini
2025-04-30 04:46:06,747 - INFO - Deleted INI directory: C:\Users\nikol\AppData\Roaming\MetaQuotes\Terminal\4B1CE69F577705455263BD980C39A82C\MQL5\Experts\Batch_0002\55-MA\ini
2025-04-30 04:46:07,206 - INFO - Deleted INI directory: C:\Users\nikol\AppData\Roaming\MetaQuotes\Terminal\4B1CE69F577705455263BD980C39A82C\MQL5\Experts\Batch_0002\A\ini
2025-04-30 04:46:07,679 - INFO - Deleted INI directory: C:\Users\nikol\AppData\Roaming\MetaQuotes\Terminal\4B1CE69F577705455263BD980C39A82C\MQL5\Experts\Batch_0002\Above-Below-MA\ini
2025-04-30 04:46:08,123 - INFO - Deleted INI directory: C:\Users\nikol\AppData\Roaming\MetaQuotes\Terminal\4B1CE69F577705455263BD980C39A82C\MQL5\Experts\Batch_0002\Absorption\ini
2025-04-30 04:46:08,547 - INFO - Deleted INI directory: C:\Users\nikol\AppData\Roaming\MetaQuotes\Terminal\4B1CE69F577705455263BD980C39A82C\MQL5\Experts\Batch_0002\AC-ACADEMY-US30\ini
2025-04-30 04:46:09,006 - INFO - Deleted INI directory: C:\Users\nikol\AppData\Roaming\MetaQuotes\Terminal\4B1CE69F577705455263BD980C39A82C\MQL5\Experts\Batch_0002\Accumulator\ini
2025-04-30 04:46:09,412 - INFO - Deleted INI directory: C:\Users\nikol\AppData\Roaming\MetaQuotes\Terminal\4B1CE69F577705455263BD980C39A82C\MQL5\Experts\Batch_0003\ADX-MA\ini
2025-04-30 04:46:09,866 - INFO - Deleted INI directory: C:\Users\nikol\AppData\Roaming\MetaQuotes\Terminal\4B1CE69F577705455263BD980C39A82C\MQL5\Experts\Batch_0003\ADX-MACD-Deev\ini
2025-04-30 04:46:10,307 - INFO - Deleted INI directory: C:\Users\nikol\AppData\Roaming\MetaQuotes\Terminal\4B1CE69F577705455263BD980C39A82C\MQL5\Experts\Batch_0003\ADX-System\ini
2025-04-30 04:46:10,768 - INFO - Deleted INI directory: C:\Users\nikol\AppData\Roaming\MetaQuotes\Terminal\4B1CE69F577705455263BD980C39A82C\MQL5\Experts\Batch_0003\AI-GOLD\ini
2025-04-30 04:46:11,248 - INFO - Deleted INI directory: C:\Users\nikol\AppData\Roaming\MetaQuotes\Terminal\4B1CE69F577705455263BD980C39A82C\MQL5\Experts\Batch_0003\AI-Trader\ini
2025-04-30 04:46:11,696 - INFO - Deleted INI directory: C:\Users\nikol\AppData\Roaming\MetaQuotes\Terminal\4B1CE69F577705455263BD980C39A82C\MQL5\Experts\Batch_0003\AI-TUNE\ini
2025-04-30 04:46:12,229 - INFO - Deleted INI directory: C:\Users\nikol\AppData\Roaming\MetaQuotes\Terminal\4B1CE69F577705455263BD980C39A82C\MQL5\Experts\Batch_0003\AI-Tune-EAMT5-YoforexPremium\ini
2025-04-30 04:46:12,720 - INFO - Deleted INI directory: C:\Users\nikol\AppData\Roaming\MetaQuotes\Terminal\4B1CE69F577705455263BD980C39A82C\MQL5\Experts\Batch_0003\AI-TUNE-FIXED-YFP\ini
2025-04-30 04:46:13,198 - INFO - Deleted INI directory: C:\Users\nikol\AppData\Roaming\MetaQuotes\Terminal\4B1CE69F577705455263BD980C39A82C\MQL5\Experts\Batch_0003\AIS1\ini
2025-04-30 04:46:13,671 - INFO - Deleted INI directory: C:\Users\nikol\AppData\Roaming\MetaQuotes\Terminal\4B1CE69F577705455263BD980C39A82C\MQL5\Experts\Batch_0003\AK-47-Scalper-EA-MT5\ini
2025-04-30 04:46:14,159 - INFO - Deleted INI directory: C:\Users\nikol\AppData\Roaming\MetaQuotes\Terminal\4B1CE69F577705455263BD980C39A82C\MQL5\Experts\Batch_0004\AK-47-Scalper-EA-yoforexPremium-MT5\ini
2025-04-30 04:46:14,640 - INFO - Deleted INI directory: C:\Users\nikol\AppData\Roaming\MetaQuotes\Terminal\4B1CE69F577705455263BD980C39A82C\MQL5\Experts\Batch_0004\AK-47-Scalper-EAMT4-with-sourcecode-YoforexPremium-MT5\ini
2025-04-30 04:46:15,117 - INFO - Deleted INI directory: C:\Users\nikol\AppData\Roaming\MetaQuotes\Terminal\4B1CE69F577705455263BD980C39A82C\MQL5\Experts\Batch_0004\ALCHEMIST-YoforexPremium\ini
2025-04-30 04:46:15,588 - INFO - Deleted INI directory: C:\Users\nikol\AppData\Roaming\MetaQuotes\Terminal\4B1CE69F577705455263BD980C39A82C\MQL5\Experts\Batch_0004\Alexav-D1-Profit-GBPUSD\ini
2025-04-30 04:46:16,044 - INFO - Deleted INI directory: C:\Users\nikol\AppData\Roaming\MetaQuotes\Terminal\4B1CE69F577705455263BD980C39A82C\MQL5\Experts\Batch_0004\All-Average-Ea\ini
2025-04-30 04:46:16,522 - INFO - Deleted INI directory: C:\Users\nikol\AppData\Roaming\MetaQuotes\Terminal\4B1CE69F577705455263BD980C39A82C\MQL5\Experts\Batch_0004\Alligator\ini
2025-04-30 04:46:16,978 - INFO - Deleted INI directory: C:\Users\nikol\AppData\Roaming\MetaQuotes\Terminal\4B1CE69F577705455263BD980C39A82C\MQL5\Experts\Batch_0004\Alligator-Simple\ini
2025-04-30 04:46:17,490 - INFO - Deleted INI directory: C:\Users\nikol\AppData\Roaming\MetaQuotes\Terminal\4B1CE69F577705455263BD980C39A82C\MQL5\Experts\Batch_0004\Alpha-Zero-AI-RobotMT5-YoForexPremium\ini
2025-04-30 04:46:17,958 - INFO - Deleted INI directory: C:\Users\nikol\AppData\Roaming\MetaQuotes\Terminal\4B1CE69F577705455263BD980C39A82C\MQL5\Experts\Batch_0004\Altarius-RSI-Stohastic\ini
2025-04-30 04:46:18,428 - INFO - Deleted INI directory: C:\Users\nikol\AppData\Roaming\MetaQuotes\Terminal\4B1CE69F577705455263BD980C39A82C\MQL5\Experts\Batch_0004\AMA-Trader\ini
2025-04-30 04:46:18,896 - INFO - Deleted INI directory: C:\Users\nikol\AppData\Roaming\MetaQuotes\Terminal\4B1CE69F577705455263BD980C39A82C\MQL5\Experts\Batch_0005\AMA-Trader-2\ini
2025-04-30 04:46:19,355 - INFO - Deleted INI directory: C:\Users\nikol\AppData\Roaming\MetaQuotes\Terminal\4B1CE69F577705455263BD980C39A82C\MQL5\Experts\Batch_0005\AO-Lightning\ini
2025-04-30 04:46:19,855 - INFO - Deleted INI directory: C:\Users\nikol\AppData\Roaming\MetaQuotes\Terminal\4B1CE69F577705455263BD980C39A82C\MQL5\Experts\Batch_0005\AOCCI\ini
2025-04-30 04:46:20,335 - INFO - Deleted INI directory: C:\Users\nikol\AppData\Roaming\MetaQuotes\Terminal\4B1CE69F577705455263BD980C39A82C\MQL5\Experts\Batch_0005\Arbitrage\ini
2025-04-30 04:46:20,835 - INFO - Deleted INI directory: C:\Users\nikol\AppData\Roaming\MetaQuotes\Terminal\4B1CE69F577705455263BD980C39A82C\MQL5\Experts\Batch_0005\ArbSint\ini
2025-04-30 04:46:21,298 - INFO - Deleted INI directory: C:\Users\nikol\AppData\Roaming\MetaQuotes\Terminal\4B1CE69F577705455263BD980C39A82C\MQL5\Experts\Batch_0005\Area-MACD\ini
2025-04-30 04:46:21,767 - INFO - Deleted INI directory: C:\Users\nikol\AppData\Roaming\MetaQuotes\Terminal\4B1CE69F577705455263BD980C39A82C\MQL5\Experts\Batch_0005\Artificial-Intelligence\ini
2025-04-30 04:46:22,232 - INFO - Deleted INI directory: C:\Users\nikol\AppData\Roaming\MetaQuotes\Terminal\4B1CE69F577705455263BD980C39A82C\MQL5\Experts\Batch_0005\At-random\ini
2025-04-30 04:46:22,721 - INFO - Deleted INI directory: C:\Users\nikol\AppData\Roaming\MetaQuotes\Terminal\4B1CE69F577705455263BD980C39A82C\MQL5\Experts\Batch_0005\At-random-Full\ini
2025-04-30 04:46:23,175 - INFO - Deleted INI directory: C:\Users\nikol\AppData\Roaming\MetaQuotes\Terminal\4B1CE69F577705455263BD980C39A82C\MQL5\Experts\Batch_0005\ATR-SCLAPER\ini
2025-04-30 04:46:23,669 - INFO - Deleted INI directory: C:\Users\nikol\AppData\Roaming\MetaQuotes\Terminal\4B1CE69F577705455263BD980C39A82C\MQL5\Experts\Batch_0006\ATR-SCLAPER-EA-MT5-YoforexPremium\ini
2025-04-30 04:46:24,171 - INFO - Deleted INI directory: C:\Users\nikol\AppData\Roaming\MetaQuotes\Terminal\4B1CE69F577705455263BD980C39A82C\MQL5\Experts\Batch_0006\Auto-ADX\ini
2025-04-30 04:46:24,638 - INFO - Deleted INI directory: C:\Users\nikol\AppData\Roaming\MetaQuotes\Terminal\4B1CE69F577705455263BD980C39A82C\MQL5\Experts\Batch_0006\Auto-Pivot-Plotter-28Mid-Levels-29-41\ini
2025-04-30 04:46:25,131 - INFO - Deleted INI directory: C:\Users\nikol\AppData\Roaming\MetaQuotes\Terminal\4B1CE69F577705455263BD980C39A82C\MQL5\Experts\Batch_0006\AutoLock-EA\ini
2025-04-30 04:46:25,584 - INFO - Deleted INI directory: C:\Users\nikol\AppData\Roaming\MetaQuotes\Terminal\4B1CE69F577705455263BD980C39A82C\MQL5\Experts\Batch_0006\Autotrader-Momentum\ini
2025-04-30 04:46:25,999 - INFO - Deleted INI directory: C:\Users\nikol\AppData\Roaming\MetaQuotes\Terminal\4B1CE69F577705455263BD980C39A82C\MQL5\Experts\Batch_0006\Avalanche-AV\ini
2025-04-30 04:46:26,471 - INFO - Deleted INI directory: C:\Users\nikol\AppData\Roaming\MetaQuotes\Terminal\4B1CE69F577705455263BD980C39A82C\MQL5\Experts\Batch_0006\Backbone\ini
2025-04-30 04:46:27,115 - INFO - Deleted INI directory: C:\Users\nikol\AppData\Roaming\MetaQuotes\Terminal\4B1CE69F577705455263BD980C39A82C\MQL5\Experts\Batch_0006\backtrader-master\ini
2025-04-30 04:46:27,719 - INFO - Deleted INI directory: C:\Users\nikol\AppData\Roaming\MetaQuotes\Terminal\4B1CE69F577705455263BD980C39A82C\MQL5\Experts\Batch_0006\BADX\ini
2025-04-30 04:46:28,357 - INFO - Deleted INI directory: C:\Users\nikol\AppData\Roaming\MetaQuotes\Terminal\4B1CE69F577705455263BD980C39A82C\MQL5\Experts\Batch_0006\Bago-EA\ini
2025-04-30 04:46:28,968 - INFO - Deleted INI directory: C:\Users\nikol\AppData\Roaming\MetaQuotes\Terminal\4B1CE69F577705455263BD980C39A82C\MQL5\Experts\Batch_0007\BalancedScalper-20EA\ini
2025-04-30 04:46:29,676 - INFO - Deleted INI directory: C:\Users\nikol\AppData\Roaming\MetaQuotes\Terminal\4B1CE69F577705455263BD980C39A82C\MQL5\Experts\Batch_0007\Bands-2\ini
2025-04-30 04:46:30,213 - INFO - Deleted INI directory: C:\Users\nikol\AppData\Roaming\MetaQuotes\Terminal\4B1CE69F577705455263BD980C39A82C\MQL5\Experts\Batch_0007\BARS-Alligator\ini
2025-04-30 04:46:30,679 - INFO - Deleted INI directory: C:\Users\nikol\AppData\Roaming\MetaQuotes\Terminal\4B1CE69F577705455263BD980C39A82C\MQL5\Experts\Batch_0007\Basic-CCI-RSI\ini
2025-04-30 04:46:31,149 - INFO - Deleted INI directory: C:\Users\nikol\AppData\Roaming\MetaQuotes\Terminal\4B1CE69F577705455263BD980C39A82C\MQL5\Experts\Batch_0007\Basic-Martingale-EA-3\ini
2025-04-30 04:46:31,620 - INFO - Deleted INI directory: C:\Users\nikol\AppData\Roaming\MetaQuotes\Terminal\4B1CE69F577705455263BD980C39A82C\MQL5\Experts\Batch_0007\bb-automated\ini
2025-04-30 04:46:32,055 - INFO - Deleted INI directory: C:\Users\nikol\AppData\Roaming\MetaQuotes\Terminal\4B1CE69F577705455263BD980C39A82C\MQL5\Experts\Batch_0007\BB-stops-MT5\ini
2025-04-30 04:46:32,567 - INFO - Deleted INI directory: C:\Users\nikol\AppData\Roaming\MetaQuotes\Terminal\4B1CE69F577705455263BD980C39A82C\MQL5\Experts\Batch_0007\BBPercentile\ini
2025-04-30 04:46:33,021 - INFO - Deleted INI directory: C:\Users\nikol\AppData\Roaming\MetaQuotes\Terminal\4B1CE69F577705455263BD980C39A82C\MQL5\Experts\Batch_0007\BBPercentile-EA\ini
2025-04-30 04:46:33,484 - INFO - Deleted INI directory: C:\Users\nikol\AppData\Roaming\MetaQuotes\Terminal\4B1CE69F577705455263BD980C39A82C\MQL5\Experts\Batch_0007\BDCrossOver-20EA\ini
2025-04-30 04:46:33,959 - INFO - Deleted INI directory: C:\Users\nikol\AppData\Roaming\MetaQuotes\Terminal\4B1CE69F577705455263BD980C39A82C\MQL5\Experts\Batch_0008\BEAR-row-full-EA\ini
2025-04-30 04:46:34,423 - INFO - Deleted INI directory: C:\Users\nikol\AppData\Roaming\MetaQuotes\Terminal\4B1CE69F577705455263BD980C39A82C\MQL5\Experts\Batch_0008\BIG-DOG\ini
2025-04-30 04:46:34,851 - INFO - Deleted INI directory: C:\Users\nikol\AppData\Roaming\MetaQuotes\Terminal\4B1CE69F577705455263BD980C39A82C\MQL5\Experts\Batch_0008\BIG-RECOVERY-EA-MT5-YoForexPremium\ini
2025-04-30 04:46:35,291 - INFO - Deleted INI directory: C:\Users\nikol\AppData\Roaming\MetaQuotes\Terminal\4B1CE69F577705455263BD980C39A82C\MQL5\Experts\Batch_0008\Bill-Williams\ini
2025-04-30 04:46:35,817 - INFO - Deleted INI directory: C:\Users\nikol\AppData\Roaming\MetaQuotes\Terminal\4B1CE69F577705455263BD980C39A82C\MQL5\Experts\Batch_0008\bollinger\ini
2025-04-30 04:46:36,359 - INFO - Deleted INI directory: C:\Users\nikol\AppData\Roaming\MetaQuotes\Terminal\4B1CE69F577705455263BD980C39A82C\MQL5\Experts\Batch_0008\Bollinger-Band-Two-MA-and-Zig-Zag\ini
2025-04-30 04:46:36,860 - INFO - Deleted INI directory: C:\Users\nikol\AppData\Roaming\MetaQuotes\Terminal\4B1CE69F577705455263BD980C39A82C\MQL5\Experts\Batch_0008\Bollinger-Bands-N-positions\ini
2025-04-30 04:46:37,061 - INFO - Deleted INI directory: C:\Users\nikol\AppData\Roaming\MetaQuotes\Terminal\4B1CE69F577705455263BD980C39A82C\MQL5\Experts\Batch_0008\Bollinger-Bands-RSI\ini
2025-04-30 04:46:37,218 - INFO - Deleted INI directory: C:\Users\nikol\AppData\Roaming\MetaQuotes\Terminal\4B1CE69F577705455263BD980C39A82C\MQL5\Experts\Batch_0008\BORN4PIPS-EA-1-YoForexPremium\ini
2025-04-30 04:46:37,384 - INFO - Deleted INI directory: C:\Users\nikol\AppData\Roaming\MetaQuotes\Terminal\4B1CE69F577705455263BD980C39A82C\MQL5\Experts\Batch_0008\BORN4PIPS-EA-MT5-YoForexPremium\ini
2025-04-30 04:46:37,519 - INFO - Deleted INI directory: C:\Users\nikol\AppData\Roaming\MetaQuotes\Terminal\4B1CE69F577705455263BD980C39A82C\MQL5\Experts\Batch_0009\Brakeout-Trader\ini
2025-04-30 04:46:37,643 - INFO - Deleted INI directory: C:\Users\nikol\AppData\Roaming\MetaQuotes\Terminal\4B1CE69F577705455263BD980C39A82C\MQL5\Experts\Batch_0009\Brandy\ini
2025-04-30 04:46:37,797 - INFO - Deleted INI directory: C:\Users\nikol\AppData\Roaming\MetaQuotes\Terminal\4B1CE69F577705455263BD980C39A82C\MQL5\Experts\Batch_0009\Brazilian-EA-MT5-YoforexPremium\ini
2025-04-30 04:46:37,932 - INFO - Deleted INI directory: C:\Users\nikol\AppData\Roaming\MetaQuotes\Terminal\4B1CE69F577705455263BD980C39A82C\MQL5\Experts\Batch_0009\Breadandbutter2\ini
2025-04-30 04:46:38,068 - INFO - Deleted INI directory: C:\Users\nikol\AppData\Roaming\MetaQuotes\Terminal\4B1CE69F577705455263BD980C39A82C\MQL5\Experts\Batch_0009\breakdown\ini
2025-04-30 04:46:38,203 - INFO - Deleted INI directory: C:\Users\nikol\AppData\Roaming\MetaQuotes\Terminal\4B1CE69F577705455263BD980C39A82C\MQL5\Experts\Batch_0009\Breakdown-catcher\ini
2025-04-30 04:46:38,345 - INFO - Deleted INI directory: C:\Users\nikol\AppData\Roaming\MetaQuotes\Terminal\4B1CE69F577705455263BD980C39A82C\MQL5\Experts\Batch_0009\Breakout-Str\ini
2025-04-30 04:46:38,475 - INFO - Deleted INI directory: C:\Users\nikol\AppData\Roaming\MetaQuotes\Terminal\4B1CE69F577705455263BD980C39A82C\MQL5\Experts\Batch_0009\Bronze-Warrioir\ini
2025-04-30 04:46:38,599 - INFO - Deleted INI directory: C:\Users\nikol\AppData\Roaming\MetaQuotes\Terminal\4B1CE69F577705455263BD980C39A82C\MQL5\Experts\Batch_0009\Bruno\ini
2025-04-30 04:46:38,727 - INFO - Deleted INI directory: C:\Users\nikol\AppData\Roaming\MetaQuotes\Terminal\4B1CE69F577705455263BD980C39A82C\MQL5\Experts\Batch_0009\BSS-1-0\ini
2025-04-30 04:46:38,868 - INFO - Deleted INI directory: C:\Users\nikol\AppData\Roaming\MetaQuotes\Terminal\4B1CE69F577705455263BD980C39A82C\MQL5\Experts\Batch_0010\BTA-Optimal-Trade-Zone-EA-v.1.0-MT5-YoForexPremium\ini
2025-04-30 04:46:39,028 - INFO - Deleted INI directory: C:\Users\nikol\AppData\Roaming\MetaQuotes\Terminal\4B1CE69F577705455263BD980C39A82C\MQL5\Experts\Batch_0010\BTA-Sniper-Entry-v.1.0-EA-MT5-YoForexPremium\ini
2025-04-30 04:46:39,179 - INFO - Deleted INI directory: C:\Users\nikol\AppData\Roaming\MetaQuotes\Terminal\4B1CE69F577705455263BD980C39A82C\MQL5\Experts\Batch_0010\BULL-row-full-EA\ini
2025-04-30 04:46:39,345 - INFO - Deleted INI directory: C:\Users\nikol\AppData\Roaming\MetaQuotes\Terminal\4B1CE69F577705455263BD980C39A82C\MQL5\Experts\Batch_0010\Bullish-and-Bearish-Engulfing\ini
2025-04-30 04:46:39,481 - INFO - Deleted INI directory: C:\Users\nikol\AppData\Roaming\MetaQuotes\Terminal\4B1CE69F577705455263BD980C39A82C\MQL5\Experts\Batch_0010\Burg-Extrapolator\ini
2025-04-30 04:46:39,618 - INFO - Deleted INI directory: C:\Users\nikol\AppData\Roaming\MetaQuotes\Terminal\4B1CE69F577705455263BD980C39A82C\MQL5\Experts\Batch_0010\BykovTrend-EA\ini
2025-04-30 04:46:39,776 - INFO - Deleted INI directory: C:\Users\nikol\AppData\Roaming\MetaQuotes\Terminal\4B1CE69F577705455263BD980C39A82C\MQL5\Experts\Batch_0010\BykovTrend_EA_v3\ini
2025-04-30 04:46:39,960 - INFO - Deleted INI directory: C:\Users\nikol\AppData\Roaming\MetaQuotes\Terminal\4B1CE69F577705455263BD980C39A82C\MQL5\Experts\Batch_0010\Calculate-lotsize-and-Trailling-stop\ini
2025-04-30 04:46:40,121 - INFO - Deleted INI directory: C:\Users\nikol\AppData\Roaming\MetaQuotes\Terminal\4B1CE69F577705455263BD980C39A82C\MQL5\Experts\Batch_0010\Candle\ini
2025-04-30 04:46:40,294 - INFO - Deleted INI directory: C:\Users\nikol\AppData\Roaming\MetaQuotes\Terminal\4B1CE69F577705455263BD980C39A82C\MQL5\Experts\Batch_0010\candlepatternsexample\ini
2025-04-30 04:46:40,422 - INFO - Deleted INI directory: C:\Users\nikol\AppData\Roaming\MetaQuotes\Terminal\4B1CE69F577705455263BD980C39A82C\MQL5\Experts\Batch_0011\Carbophos\ini
2025-04-30 04:46:40,544 - INFO - Deleted INI directory: C:\Users\nikol\AppData\Roaming\MetaQuotes\Terminal\4B1CE69F577705455263BD980C39A82C\MQL5\Experts\Batch_0011\CashMachine-5min\ini
2025-04-30 04:46:40,682 - INFO - Deleted INI directory: C:\Users\nikol\AppData\Roaming\MetaQuotes\Terminal\4B1CE69F577705455263BD980C39A82C\MQL5\Experts\Batch_0011\CCI-MACD-Scalper\ini
2025-04-30 04:46:40,827 - INFO - Deleted INI directory: C:\Users\nikol\AppData\Roaming\MetaQuotes\Terminal\4B1CE69F577705455263BD980C39A82C\MQL5\Experts\Batch_0011\Cidomo\ini
2025-04-30 04:46:40,966 - INFO - Deleted INI directory: C:\Users\nikol\AppData\Roaming\MetaQuotes\Terminal\4B1CE69F577705455263BD980C39A82C\MQL5\Experts\Batch_0011\CloseAgent\ini
2025-04-30 04:46:41,105 - INFO - Deleted INI directory: C:\Users\nikol\AppData\Roaming\MetaQuotes\Terminal\4B1CE69F577705455263BD980C39A82C\MQL5\Experts\Batch_0011\CloseProfit\ini
2025-04-30 04:46:41,269 - INFO - Deleted INI directory: C:\Users\nikol\AppData\Roaming\MetaQuotes\Terminal\4B1CE69F577705455263BD980C39A82C\MQL5\Experts\Batch_0011\CLOUD\ini
2025-04-30 04:46:41,420 - INFO - Deleted INI directory: C:\Users\nikol\AppData\Roaming\MetaQuotes\Terminal\4B1CE69F577705455263BD980C39A82C\MQL5\Experts\Batch_0011\cloud's-trade-2\ini
2025-04-30 04:46:41,596 - INFO - Deleted INI directory: C:\Users\nikol\AppData\Roaming\MetaQuotes\Terminal\4B1CE69F577705455263BD980C39A82C\MQL5\Experts\Batch_0011\Constituents-EA\ini
2025-04-30 04:46:41,754 - INFO - Deleted INI directory: C:\Users\nikol\AppData\Roaming\MetaQuotes\Terminal\4B1CE69F577705455263BD980C39A82C\MQL5\Experts\Batch_0011\Contrarian-trade-MA\ini
2025-04-30 04:46:41,909 - INFO - Deleted INI directory: C:\Users\nikol\AppData\Roaming\MetaQuotes\Terminal\4B1CE69F577705455263BD980C39A82C\MQL5\Experts\Batch_0012\Crossing-Moving-Average\ini
2025-04-30 04:46:42,056 - INFO - Deleted INI directory: C:\Users\nikol\AppData\Roaming\MetaQuotes\Terminal\4B1CE69F577705455263BD980C39A82C\MQL5\Experts\Batch_0012\CrossMA\ini
2025-04-30 04:46:42,217 - INFO - Deleted INI directory: C:\Users\nikol\AppData\Roaming\MetaQuotes\Terminal\4B1CE69F577705455263BD980C39A82C\MQL5\Experts\Batch_0012\Currencyprofits-01.1\ini
2025-04-30 04:46:42,380 - INFO - Deleted INI directory: C:\Users\nikol\AppData\Roaming\MetaQuotes\Terminal\4B1CE69F577705455263BD980C39A82C\MQL5\Experts\Batch_0012\Daily-20reversal-20-20EA\ini
2025-04-30 04:46:42,531 - INFO - Deleted INI directory: C:\Users\nikol\AppData\Roaming\MetaQuotes\Terminal\4B1CE69F577705455263BD980C39A82C\MQL5\Experts\Batch_0012\Daily-BreakPoint\ini
2025-04-30 04:46:42,701 - INFO - Deleted INI directory: C:\Users\nikol\AppData\Roaming\MetaQuotes\Terminal\4B1CE69F577705455263BD980C39A82C\MQL5\Experts\Batch_0012\Daily-Candle-ScalperEA-MT5-YoForexPremium\ini
2025-04-30 04:46:42,882 - INFO - Deleted INI directory: C:\Users\nikol\AppData\Roaming\MetaQuotes\Terminal\4B1CE69F577705455263BD980C39A82C\MQL5\Experts\Batch_0012\Daily-Candle-ScalperEA-MT5-YoForexPremium-1\ini
2025-04-30 04:46:43,056 - INFO - Deleted INI directory: C:\Users\nikol\AppData\Roaming\MetaQuotes\Terminal\4B1CE69F577705455263BD980C39A82C\MQL5\Experts\Batch_0012\Daily-Open-EA\ini
2025-04-30 04:46:43,226 - INFO - Deleted INI directory: C:\Users\nikol\AppData\Roaming\MetaQuotes\Terminal\4B1CE69F577705455263BD980C39A82C\MQL5\Experts\Batch_0012\Daily-range\ini
2025-04-30 04:46:43,369 - INFO - Deleted INI directory: C:\Users\nikol\AppData\Roaming\MetaQuotes\Terminal\4B1CE69F577705455263BD980C39A82C\MQL5\Experts\Batch_0012\Dark-Mimas-MT5\ini
2025-04-30 04:46:43,551 - INFO - Deleted INI directory: C:\Users\nikol\AppData\Roaming\MetaQuotes\Terminal\4B1CE69F577705455263BD980C39A82C\MQL5\Experts\Batch_0013\Day-Trading-PAMXA\ini
2025-04-30 04:46:43,696 - INFO - Deleted INI directory: C:\Users\nikol\AppData\Roaming\MetaQuotes\Terminal\4B1CE69F577705455263BD980C39A82C\MQL5\Experts\Batch_0013\Daydream\ini
2025-04-30 04:46:43,841 - INFO - Deleted INI directory: C:\Users\nikol\AppData\Roaming\MetaQuotes\Terminal\4B1CE69F577705455263BD980C39A82C\MQL5\Experts\Batch_0013\DayTrading\ini
2025-04-30 04:46:44,004 - INFO - Deleted INI directory: C:\Users\nikol\AppData\Roaming\MetaQuotes\Terminal\4B1CE69F577705455263BD980C39A82C\MQL5\Experts\Batch_0013\Dealers-Trade-v-7.74-MACD\ini
2025-04-30 04:46:44,155 - INFO - Deleted INI directory: C:\Users\nikol\AppData\Roaming\MetaQuotes\Terminal\4B1CE69F577705455263BD980C39A82C\MQL5\Experts\Batch_0013\Deep-Drawdown-MA\ini
2025-04-30 04:46:44,334 - INFO - Deleted INI directory: C:\Users\nikol\AppData\Roaming\MetaQuotes\Terminal\4B1CE69F577705455263BD980C39A82C\MQL5\Experts\Batch_0013\DeMarker-gaining-position-volume\ini
2025-04-30 04:46:44,499 - INFO - Deleted INI directory: C:\Users\nikol\AppData\Roaming\MetaQuotes\Terminal\4B1CE69F577705455263BD980C39A82C\MQL5\Experts\Batch_0013\DeMarker-gaining-position-volume-2\ini
2025-04-30 04:46:44,672 - INFO - Deleted INI directory: C:\Users\nikol\AppData\Roaming\MetaQuotes\Terminal\4B1CE69F577705455263BD980C39A82C\MQL5\Experts\Batch_0013\DeMarker-Pending\ini
2025-04-30 04:46:44,830 - INFO - Deleted INI directory: C:\Users\nikol\AppData\Roaming\MetaQuotes\Terminal\4B1CE69F577705455263BD980C39A82C\MQL5\Experts\Batch_0013\DeMarker-Pending-2\ini
2025-04-30 04:46:44,987 - INFO - Deleted INI directory: C:\Users\nikol\AppData\Roaming\MetaQuotes\Terminal\4B1CE69F577705455263BD980C39A82C\MQL5\Experts\Batch_0013\DeMarker-Pending-2-5\ini
2025-04-30 04:46:45,134 - INFO - Deleted INI directory: C:\Users\nikol\AppData\Roaming\MetaQuotes\Terminal\4B1CE69F577705455263BD980C39A82C\MQL5\Experts\Batch_0014\Dematus\ini
2025-04-30 04:46:45,315 - INFO - Deleted INI directory: C:\Users\nikol\AppData\Roaming\MetaQuotes\Terminal\4B1CE69F577705455263BD980C39A82C\MQL5\Experts\Batch_0014\Divergence-20for-20many-20indicator\ini
2025-04-30 04:46:45,500 - INFO - Deleted INI directory: C:\Users\nikol\AppData\Roaming\MetaQuotes\Terminal\4B1CE69F577705455263BD980C39A82C\MQL5\Experts\Batch_0014\Divergence-EA\ini
2025-04-30 04:46:45,669 - INFO - Deleted INI directory: C:\Users\nikol\AppData\Roaming\MetaQuotes\Terminal\4B1CE69F577705455263BD980C39A82C\MQL5\Experts\Batch_0014\Divergence-EA-BB\ini
2025-04-30 04:46:45,814 - INFO - Deleted INI directory: C:\Users\nikol\AppData\Roaming\MetaQuotes\Terminal\4B1CE69F577705455263BD980C39A82C\MQL5\Experts\Batch_0014\Divergence-EA-pip-sl-tp\ini
2025-04-30 04:46:45,958 - INFO - Deleted INI directory: C:\Users\nikol\AppData\Roaming\MetaQuotes\Terminal\4B1CE69F577705455263BD980C39A82C\MQL5\Experts\Batch_0014\Doji-Arrows\ini
2025-04-30 04:46:46,094 - INFO - Deleted INI directory: C:\Users\nikol\AppData\Roaming\MetaQuotes\Terminal\4B1CE69F577705455263BD980C39A82C\MQL5\Experts\Batch_0014\DojiTrader\ini
2025-04-30 04:46:46,239 - INFO - Deleted INI directory: C:\Users\nikol\AppData\Roaming\MetaQuotes\Terminal\4B1CE69F577705455263BD980C39A82C\MQL5\Experts\Batch_0014\Donchian-Chanel-EA\ini
2025-04-30 04:46:46,388 - INFO - Deleted INI directory: C:\Users\nikol\AppData\Roaming\MetaQuotes\Terminal\4B1CE69F577705455263BD980C39A82C\MQL5\Experts\Batch_0014\DoubleHullMA\ini
2025-04-30 04:46:46,525 - INFO - Deleted INI directory: C:\Users\nikol\AppData\Roaming\MetaQuotes\Terminal\4B1CE69F577705455263BD980C39A82C\MQL5\Experts\Batch_0014\DoubleHullMA-EA\ini
2025-04-30 04:46:46,666 - INFO - Deleted INI directory: C:\Users\nikol\AppData\Roaming\MetaQuotes\Terminal\4B1CE69F577705455263BD980C39A82C\MQL5\Experts\Batch_0015\DoubleMA-Crossover-EA\ini
2025-04-30 04:46:46,797 - INFO - Deleted INI directory: C:\Users\nikol\AppData\Roaming\MetaQuotes\Terminal\4B1CE69F577705455263BD980C39A82C\MQL5\Experts\Batch_0015\Doubler\ini
2025-04-30 04:46:46,948 - INFO - Deleted INI directory: C:\Users\nikol\AppData\Roaming\MetaQuotes\Terminal\4B1CE69F577705455263BD980C39A82C\MQL5\Experts\Batch_0015\Driver-EA-MT5\ini
2025-04-30 04:46:47,084 - INFO - Deleted INI directory: C:\Users\nikol\AppData\Roaming\MetaQuotes\Terminal\4B1CE69F577705455263BD980C39A82C\MQL5\Experts\Batch_0015\dummy\ini
2025-04-30 04:46:47,216 - INFO - Deleted INI directory: C:\Users\nikol\AppData\Roaming\MetaQuotes\Terminal\4B1CE69F577705455263BD980C39A82C\MQL5\Experts\Batch_0015\Dynamic-averaging\ini
2025-04-30 04:46:47,353 - INFO - Deleted INI directory: C:\Users\nikol\AppData\Roaming\MetaQuotes\Terminal\4B1CE69F577705455263BD980C39A82C\MQL5\Experts\Batch_0015\E-Friday\ini
2025-04-30 04:46:47,487 - INFO - Deleted INI directory: C:\Users\nikol\AppData\Roaming\MetaQuotes\Terminal\4B1CE69F577705455263BD980C39A82C\MQL5\Experts\Batch_0015\E-Skoch-Open\ini
2025-04-30 04:46:47,630 - INFO - Deleted INI directory: C:\Users\nikol\AppData\Roaming\MetaQuotes\Terminal\4B1CE69F577705455263BD980C39A82C\MQL5\Experts\Batch_0015\e-Skoch-pending-orders\ini
2025-04-30 04:46:47,758 - INFO - Deleted INI directory: C:\Users\nikol\AppData\Roaming\MetaQuotes\Terminal\4B1CE69F577705455263BD980C39A82C\MQL5\Experts\Batch_0015\e-Smart-Trailing\ini
2025-04-30 04:46:47,896 - INFO - Deleted INI directory: C:\Users\nikol\AppData\Roaming\MetaQuotes\Terminal\4B1CE69F577705455263BD980C39A82C\MQL5\Experts\Batch_0015\e-TurboFx\ini
2025-04-30 04:46:48,036 - INFO - Deleted INI directory: C:\Users\nikol\AppData\Roaming\MetaQuotes\Terminal\4B1CE69F577705455263BD980C39A82C\MQL5\Experts\Batch_0016\EA-Close\ini
2025-04-30 04:46:48,173 - INFO - Deleted INI directory: C:\Users\nikol\AppData\Roaming\MetaQuotes\Terminal\4B1CE69F577705455263BD980C39A82C\MQL5\Experts\Batch_0016\EA-Gold-Stuff-MT5-YoForexPremium\ini
2025-04-30 04:46:48,315 - INFO - Deleted INI directory: C:\Users\nikol\AppData\Roaming\MetaQuotes\Terminal\4B1CE69F577705455263BD980C39A82C\MQL5\Experts\Batch_0016\EA-MA-Stoch-RSI\ini
2025-04-30 04:46:48,454 - INFO - Deleted INI directory: C:\Users\nikol\AppData\Roaming\MetaQuotes\Terminal\4B1CE69F577705455263BD980C39A82C\MQL5\Experts\Batch_0016\EA-Moving-Average\ini
2025-04-30 04:46:48,594 - INFO - Deleted INI directory: C:\Users\nikol\AppData\Roaming\MetaQuotes\Terminal\4B1CE69F577705455263BD980C39A82C\MQL5\Experts\Batch_0016\Elevator-Robot-PMT5-YoForexPremium\ini
2025-04-30 04:46:48,744 - INFO - Deleted INI directory: C:\Users\nikol\AppData\Roaming\MetaQuotes\Terminal\4B1CE69F577705455263BD980C39A82C\MQL5\Experts\Batch_0016\Elite-eFibo-Trader\ini
2025-04-30 04:46:48,889 - INFO - Deleted INI directory: C:\Users\nikol\AppData\Roaming\MetaQuotes\Terminal\4B1CE69F577705455263BD980C39A82C\MQL5\Experts\Batch_0016\EMA\ini
2025-04-30 04:46:49,034 - INFO - Deleted INI directory: C:\Users\nikol\AppData\Roaming\MetaQuotes\Terminal\4B1CE69F577705455263BD980C39A82C\MQL5\Experts\Batch_0016\EMA-6.12\ini
2025-04-30 04:46:49,176 - INFO - Deleted INI directory: C:\Users\nikol\AppData\Roaming\MetaQuotes\Terminal\4B1CE69F577705455263BD980C39A82C\MQL5\Experts\Batch_0016\EMA-CROSS\ini
2025-04-30 04:46:49,311 - INFO - Deleted INI directory: C:\Users\nikol\AppData\Roaming\MetaQuotes\Terminal\4B1CE69F577705455263BD980C39A82C\MQL5\Experts\Batch_0016\EMA-LWMA-RSI\ini
2025-04-30 04:46:49,448 - INFO - Deleted INI directory: C:\Users\nikol\AppData\Roaming\MetaQuotes\Terminal\4B1CE69F577705455263BD980C39A82C\MQL5\Experts\Batch_0017\EMA-RSI-EA\ini
2025-04-30 04:46:49,590 - INFO - Deleted INI directory: C:\Users\nikol\AppData\Roaming\MetaQuotes\Terminal\4B1CE69F577705455263BD980C39A82C\MQL5\Experts\Batch_0017\EMA-WMA\ini
2025-04-30 04:46:49,734 - INFO - Deleted INI directory: C:\Users\nikol\AppData\Roaming\MetaQuotes\Terminal\4B1CE69F577705455263BD980C39A82C\MQL5\Experts\Batch_0017\EMA_WMA v2\ini
2025-04-30 04:46:49,869 - INFO - Deleted INI directory: C:\Users\nikol\AppData\Roaming\MetaQuotes\Terminal\4B1CE69F577705455263BD980C39A82C\MQL5\Experts\Batch_0017\Eugene\ini
2025-04-30 04:46:50,001 - INFO - Deleted INI directory: C:\Users\nikol\AppData\Roaming\MetaQuotes\Terminal\4B1CE69F577705455263BD980C39A82C\MQL5\Experts\Batch_0017\eur-usd-m5\ini
2025-04-30 04:46:50,156 - INFO - Deleted INI directory: C:\Users\nikol\AppData\Roaming\MetaQuotes\Terminal\4B1CE69F577705455263BD980C39A82C\MQL5\Experts\Batch_0017\Euronis-Scalper-EA-MT5-With-DLL-YoForexPremium\ini
2025-04-30 04:46:50,279 - INFO - Deleted INI directory: C:\Users\nikol\AppData\Roaming\MetaQuotes\Terminal\4B1CE69F577705455263BD980C39A82C\MQL5\Experts\Batch_0017\EURUSD-breakout\ini
2025-04-30 04:46:50,433 - INFO - Deleted INI directory: C:\Users\nikol\AppData\Roaming\MetaQuotes\Terminal\4B1CE69F577705455263BD980C39A82C\MQL5\Experts\Batch_0017\EURUSDH1\ini
2025-04-30 04:46:50,884 - INFO - Deleted INI directory: C:\Users\nikol\AppData\Roaming\MetaQuotes\Terminal\4B1CE69F577705455263BD980C39A82C\MQL5\Experts\Batch_0017\Executer-AC\ini
2025-04-30 04:46:51,474 - INFO - Deleted INI directory: C:\Users\nikol\AppData\Roaming\MetaQuotes\Terminal\4B1CE69F577705455263BD980C39A82C\MQL5\Experts\Batch_0017\Executor-AO\ini
2025-04-30 04:46:52,032 - INFO - Deleted INI directory: C:\Users\nikol\AppData\Roaming\MetaQuotes\Terminal\4B1CE69F577705455263BD980C39A82C\MQL5\Experts\Batch_0018\e-Breakeven\ini
2025-04-30 04:46:52,582 - INFO - Deleted INI directory: C:\Users\nikol\AppData\Roaming\MetaQuotes\Terminal\4B1CE69F577705455263BD980C39A82C\MQL5\Experts\Batch_0018\Executor-Candles\ini
2025-04-30 04:46:53,153 - INFO - Deleted INI directory: C:\Users\nikol\AppData\Roaming\MetaQuotes\Terminal\4B1CE69F577705455263BD980C39A82C\MQL5\Experts\Batch_0018\exp-Amstell\ini
2025-04-30 04:46:53,716 - INFO - Deleted INI directory: C:\Users\nikol\AppData\Roaming\MetaQuotes\Terminal\4B1CE69F577705455263BD980C39A82C\MQL5\Experts\Batch_0018\Expert-NEWS\ini
2025-04-30 04:46:54,291 - INFO - Deleted INI directory: C:\Users\nikol\AppData\Roaming\MetaQuotes\Terminal\4B1CE69F577705455263BD980C39A82C\MQL5\Experts\Batch_0018\Expert-RSI-Stochastic-MA\ini
2025-04-30 04:46:55,017 - INFO - Deleted INI directory: C:\Users\nikol\AppData\Roaming\MetaQuotes\Terminal\4B1CE69F577705455263BD980C39A82C\MQL5\Experts\Batch_0018\ExtremePrice-EA\ini
2025-04-30 04:46:55,524 - INFO - Deleted INI directory: C:\Users\nikol\AppData\Roaming\MetaQuotes\Terminal\4B1CE69F577705455263BD980C39A82C\MQL5\Experts\Batch_0018\Fi-Trading-Robot-1.0\ini
2025-04-30 04:46:56,033 - INFO - Deleted INI directory: C:\Users\nikol\AppData\Roaming\MetaQuotes\Terminal\4B1CE69F577705455263BD980C39A82C\MQL5\Experts\Batch_0018\Fi-Trading-Robot-YoForexPremium\ini
2025-04-30 04:46:56,562 - INFO - Deleted INI directory: C:\Users\nikol\AppData\Roaming\MetaQuotes\Terminal\4B1CE69F577705455263BD980C39A82C\MQL5\Experts\Batch_0018\FI-TRADING-ROBOTMT5-yoforexprenium\ini
2025-04-30 04:46:57,162 - INFO - Deleted INI directory: C:\Users\nikol\AppData\Roaming\MetaQuotes\Terminal\4B1CE69F577705455263BD980C39A82C\MQL5\Experts\Batch_0018\FiboRetracement-20EA\ini
2025-04-30 04:46:57,651 - INFO - Deleted INI directory: C:\Users\nikol\AppData\Roaming\MetaQuotes\Terminal\4B1CE69F577705455263BD980C39A82C\MQL5\Experts\Batch_0019\Firebird\ini
2025-04-30 04:46:58,118 - INFO - Deleted INI directory: C:\Users\nikol\AppData\Roaming\MetaQuotes\Terminal\4B1CE69F577705455263BD980C39A82C\MQL5\Experts\Batch_0019\Firestorm-EA\ini
2025-04-30 04:46:58,652 - INFO - Deleted INI directory: C:\Users\nikol\AppData\Roaming\MetaQuotes\Terminal\4B1CE69F577705455263BD980C39A82C\MQL5\Experts\Batch_0019\Firestorm-indicator\ini
2025-04-30 04:46:59,120 - INFO - Deleted INI directory: C:\Users\nikol\AppData\Roaming\MetaQuotes\Terminal\4B1CE69F577705455263BD980C39A82C\MQL5\Experts\Batch_0019\Fluctuate\ini
2025-04-30 04:46:59,625 - INFO - Deleted INI directory: C:\Users\nikol\AppData\Roaming\MetaQuotes\Terminal\4B1CE69F577705455263BD980C39A82C\MQL5\Experts\Batch_0019\Forex-Fraus-M1\ini
2025-04-30 04:47:00,174 - INFO - Deleted INI directory: C:\Users\nikol\AppData\Roaming\MetaQuotes\Terminal\4B1CE69F577705455263BD980C39A82C\MQL5\Experts\Batch_0019\Forex-Profit\ini
2025-04-30 04:47:00,817 - INFO - Deleted INI directory: C:\Users\nikol\AppData\Roaming\MetaQuotes\Terminal\4B1CE69F577705455263BD980C39A82C\MQL5\Experts\Batch_0019\Fractals-minimum-distance\ini
2025-04-30 04:47:01,416 - INFO - Deleted INI directory: C:\Users\nikol\AppData\Roaming\MetaQuotes\Terminal\4B1CE69F577705455263BD980C39A82C\MQL5\Experts\Batch_0019\Fraktrak-xonax\ini
2025-04-30 04:47:02,074 - INFO - Deleted INI directory: C:\Users\nikol\AppData\Roaming\MetaQuotes\Terminal\4B1CE69F577705455263BD980C39A82C\MQL5\Experts\Batch_0019\Frank-Ud\ini
2025-04-30 04:47:02,649 - INFO - Deleted INI directory: C:\Users\nikol\AppData\Roaming\MetaQuotes\Terminal\4B1CE69F577705455263BD980C39A82C\MQL5\Experts\Batch_0019\fratal-mt5-EA\ini
2025-04-30 04:47:03,165 - INFO - Deleted INI directory: C:\Users\nikol\AppData\Roaming\MetaQuotes\Terminal\4B1CE69F577705455263BD980C39A82C\MQL5\Experts\Batch_0020\FT-CCI\ini
2025-04-30 04:47:03,649 - INFO - Deleted INI directory: C:\Users\nikol\AppData\Roaming\MetaQuotes\Terminal\4B1CE69F577705455263BD980C39A82C\MQL5\Experts\Batch_0020\FT-Sniper-GOLD-MT5-4\ini
2025-04-30 04:47:04,157 - INFO - Deleted INI directory: C:\Users\nikol\AppData\Roaming\MetaQuotes\Terminal\4B1CE69F577705455263BD980C39A82C\MQL5\Experts\Batch_0020\Fuzzy-logic\ini
2025-04-30 04:47:04,678 - INFO - Deleted INI directory: C:\Users\nikol\AppData\Roaming\MetaQuotes\Terminal\4B1CE69F577705455263BD980C39A82C\MQL5\Experts\Batch_0020\GalacticExplosion\ini
2025-04-30 04:47:05,149 - INFO - Deleted INI directory: C:\Users\nikol\AppData\Roaming\MetaQuotes\Terminal\4B1CE69F577705455263BD980C39A82C\MQL5\Experts\Batch_0020\Galaxy-5-1.0-MT5\ini
2025-04-30 04:47:05,625 - INFO - Deleted INI directory: C:\Users\nikol\AppData\Roaming\MetaQuotes\Terminal\4B1CE69F577705455263BD980C39A82C\MQL5\Experts\Batch_0020\Gandalf-PRO\ini
2025-04-30 04:47:06,091 - INFO - Deleted INI directory: C:\Users\nikol\AppData\Roaming\MetaQuotes\Terminal\4B1CE69F577705455263BD980C39A82C\MQL5\Experts\Batch_0020\Gap-DM\ini
2025-04-30 04:47:06,558 - INFO - Deleted INI directory: C:\Users\nikol\AppData\Roaming\MetaQuotes\Terminal\4B1CE69F577705455263BD980C39A82C\MQL5\Experts\Batch_0020\GAP-EA\ini
2025-04-30 04:47:07,046 - INFO - Deleted INI directory: C:\Users\nikol\AppData\Roaming\MetaQuotes\Terminal\4B1CE69F577705455263BD980C39A82C\MQL5\Experts\Batch_0020\Gaps\ini
2025-04-30 04:47:07,519 - INFO - Deleted INI directory: C:\Users\nikol\AppData\Roaming\MetaQuotes\Terminal\4B1CE69F577705455263BD980C39A82C\MQL5\Experts\Batch_0020\GBP9AM\ini
2025-04-30 04:47:08,019 - INFO - Deleted INI directory: C:\Users\nikol\AppData\Roaming\MetaQuotes\Terminal\4B1CE69F577705455263BD980C39A82C\MQL5\Experts\Batch_0021\GbpChf\ini
2025-04-30 04:47:08,538 - INFO - Deleted INI directory: C:\Users\nikol\AppData\Roaming\MetaQuotes\Terminal\4B1CE69F577705455263BD980C39A82C\MQL5\Experts\Batch_0021\GO\ini
2025-04-30 04:47:09,138 - INFO - Deleted INI directory: C:\Users\nikol\AppData\Roaming\MetaQuotes\Terminal\4B1CE69F577705455263BD980C39A82C\MQL5\Experts\Batch_0021\Godzillar-EABanker-MT5-FX-XRACKED\ini
2025-04-30 04:47:09,671 - INFO - Deleted INI directory: C:\Users\nikol\AppData\Roaming\MetaQuotes\Terminal\4B1CE69F577705455263BD980C39A82C\MQL5\Experts\Batch_0021\Gold-Dust\ini
2025-04-30 04:47:10,212 - INFO - Deleted INI directory: C:\Users\nikol\AppData\Roaming\MetaQuotes\Terminal\4B1CE69F577705455263BD980C39A82C\MQL5\Experts\Batch_0021\GoldHero-FX-Cracked\ini
2025-04-30 04:47:10,804 - INFO - Deleted INI directory: C:\Users\nikol\AppData\Roaming\MetaQuotes\Terminal\4B1CE69F577705455263BD980C39A82C\MQL5\Experts\Batch_0021\GreenTrade\ini
2025-04-30 04:47:11,289 - INFO - Deleted INI directory: C:\Users\nikol\AppData\Roaming\MetaQuotes\Terminal\4B1CE69F577705455263BD980C39A82C\MQL5\Experts\Batch_0021\Grid\ini
2025-04-30 04:47:11,871 - INFO - Deleted INI directory: C:\Users\nikol\AppData\Roaming\MetaQuotes\Terminal\4B1CE69F577705455263BD980C39A82C\MQL5\Experts\Batch_0021\Grid-Martingale\ini
2025-04-30 04:47:12,434 - INFO - Deleted INI directory: C:\Users\nikol\AppData\Roaming\MetaQuotes\Terminal\4B1CE69F577705455263BD980C39A82C\MQL5\Experts\Batch_0021\GridEA\ini
2025-04-30 04:47:13,046 - INFO - Deleted INI directory: C:\Users\nikol\AppData\Roaming\MetaQuotes\Terminal\4B1CE69F577705455263BD980C39A82C\MQL5\Experts\Batch_0021\HarVesteR\ini
2025-04-30 04:47:13,652 - INFO - Deleted INI directory: C:\Users\nikol\AppData\Roaming\MetaQuotes\Terminal\4B1CE69F577705455263BD980C39A82C\MQL5\Experts\Batch_0022\HedgeEA\ini
2025-04-30 04:47:14,244 - INFO - Deleted INI directory: C:\Users\nikol\AppData\Roaming\MetaQuotes\Terminal\4B1CE69F577705455263BD980C39A82C\MQL5\Experts\Batch_0022\hedger\ini
2025-04-30 04:47:14,846 - INFO - Deleted INI directory: C:\Users\nikol\AppData\Roaming\MetaQuotes\Terminal\4B1CE69F577705455263BD980C39A82C\MQL5\Experts\Batch_0022\Hedging-EA\ini
2025-04-30 04:47:15,409 - INFO - Deleted INI directory: C:\Users\nikol\AppData\Roaming\MetaQuotes\Terminal\4B1CE69F577705455263BD980C39A82C\MQL5\Experts\Batch_0022\heiken-ashi-engulf-ea-buy-mt5\ini
2025-04-30 04:47:16,018 - INFO - Deleted INI directory: C:\Users\nikol\AppData\Roaming\MetaQuotes\Terminal\4B1CE69F577705455263BD980C39A82C\MQL5\Experts\Batch_0022\heiken-ashi-engulf-sell-ea-mt5\ini
2025-04-30 04:47:16,622 - INFO - Deleted INI directory: C:\Users\nikol\AppData\Roaming\MetaQuotes\Terminal\4B1CE69F577705455263BD980C39A82C\MQL5\Experts\Batch_0022\heiken-ashi-smoothed\ini
2025-04-30 04:47:17,229 - INFO - Deleted INI directory: C:\Users\nikol\AppData\Roaming\MetaQuotes\Terminal\4B1CE69F577705455263BD980C39A82C\MQL5\Experts\Batch_0022\Heiken-Ashi-Smoothed-EA\ini
2025-04-30 04:47:17,832 - INFO - Deleted INI directory: C:\Users\nikol\AppData\Roaming\MetaQuotes\Terminal\4B1CE69F577705455263BD980C39A82C\MQL5\Experts\Batch_0022\heiken-ashi-smoothedLine\ini
2025-04-30 04:47:18,408 - INFO - Deleted INI directory: C:\Users\nikol\AppData\Roaming\MetaQuotes\Terminal\4B1CE69F577705455263BD980C39A82C\MQL5\Experts\Batch_0022\HeikenAshi-Lines\ini
2025-04-30 04:47:18,987 - INFO - Deleted INI directory: C:\Users\nikol\AppData\Roaming\MetaQuotes\Terminal\4B1CE69F577705455263BD980C39A82C\MQL5\Experts\Batch_0022\HeikenAshi-Lines-EA\ini
2025-04-30 04:47:19,529 - INFO - Deleted INI directory: C:\Users\nikol\AppData\Roaming\MetaQuotes\Terminal\4B1CE69F577705455263BD980C39A82C\MQL5\Experts\Batch_0023\Heiken-Ashi-Smoothed-EA-with-MA\ini
2025-04-30 04:47:20,211 - INFO - Deleted INI directory: C:\Users\nikol\AppData\Roaming\MetaQuotes\Terminal\4B1CE69F577705455263BD980C39A82C\MQL5\Experts\Batch_0023\Heinken-Ashi-Color-Candles\ini
2025-04-30 04:47:22,185 - INFO - Deleted INI directory: C:\Users\nikol\AppData\Roaming\MetaQuotes\Terminal\4B1CE69F577705455263BD980C39A82C\MQL5\Experts\Batch_0023\HelloSmart\ini
2025-04-30 04:47:31,338 - INFO - Deleted INI directory: C:\Users\nikol\AppData\Roaming\MetaQuotes\Terminal\4B1CE69F577705455263BD980C39A82C\MQL5\Experts\Batch_0023\High-Low-EA\ini
2025-04-30 04:47:31,804 - INFO - Deleted INI directory: C:\Users\nikol\AppData\Roaming\MetaQuotes\Terminal\4B1CE69F577705455263BD980C39A82C\MQL5\Experts\Batch_0023\High-Low-Indicator\ini
2025-04-30 04:47:32,250 - INFO - Deleted INI directory: C:\Users\nikol\AppData\Roaming\MetaQuotes\Terminal\4B1CE69F577705455263BD980C39A82C\MQL5\Experts\Batch_0023\Hoop-master-2\ini
2025-04-30 04:47:32,708 - INFO - Deleted INI directory: C:\Users\nikol\AppData\Roaming\MetaQuotes\Terminal\4B1CE69F577705455263BD980C39A82C\MQL5\Experts\Batch_0023\i-impulsesystem\ini
2025-04-30 04:47:33,150 - INFO - Deleted INI directory: C:\Users\nikol\AppData\Roaming\MetaQuotes\Terminal\4B1CE69F577705455263BD980C39A82C\MQL5\Experts\Batch_0023\iCCI-iMA\ini
2025-04-30 04:47:33,617 - INFO - Deleted INI directory: C:\Users\nikol\AppData\Roaming\MetaQuotes\Terminal\4B1CE69F577705455263BD980C39A82C\MQL5\Experts\Batch_0023\ichimok2005\ini
2025-04-30 04:47:34,078 - INFO - Deleted INI directory: C:\Users\nikol\AppData\Roaming\MetaQuotes\Terminal\4B1CE69F577705455263BD980C39A82C\MQL5\Experts\Batch_0023\Ichimoku\ini
2025-04-30 04:47:34,528 - INFO - Deleted INI directory: C:\Users\nikol\AppData\Roaming\MetaQuotes\Terminal\4B1CE69F577705455263BD980C39A82C\MQL5\Experts\Batch_0024\ICH-With-Alert-Derekers\ini
2025-04-30 04:47:34,991 - INFO - Deleted INI directory: C:\Users\nikol\AppData\Roaming\MetaQuotes\Terminal\4B1CE69F577705455263BD980C39A82C\MQL5\Experts\Batch_0024\ICH-With-Alert-Derekers-EA\ini
2025-04-30 04:47:35,456 - INFO - Deleted INI directory: C:\Users\nikol\AppData\Roaming\MetaQuotes\Terminal\4B1CE69F577705455263BD980C39A82C\MQL5\Experts\Batch_0024\Ichimoku-20Kijun-20Alert\ini
2025-04-30 04:47:35,925 - INFO - Deleted INI directory: C:\Users\nikol\AppData\Roaming\MetaQuotes\Terminal\4B1CE69F577705455263BD980C39A82C\MQL5\Experts\Batch_0024\Ichimoku-20Tenkan-20Alert\ini
2025-04-30 04:47:36,410 - INFO - Deleted INI directory: C:\Users\nikol\AppData\Roaming\MetaQuotes\Terminal\4B1CE69F577705455263BD980C39A82C\MQL5\Experts\Batch_0024\Ichimoku-Dashboard-MT5\ini
2025-04-30 04:47:36,862 - INFO - Deleted INI directory: C:\Users\nikol\AppData\Roaming\MetaQuotes\Terminal\4B1CE69F577705455263BD980C39A82C\MQL5\Experts\Batch_0024\Ichimoku-Scanner\ini
2025-04-30 04:47:37,449 - INFO - Deleted INI directory: C:\Users\nikol\AppData\Roaming\MetaQuotes\Terminal\4B1CE69F577705455263BD980C39A82C\MQL5\Experts\Batch_0024\Ichimoku-Scanner-MT5\ini
2025-04-30 04:47:37,914 - INFO - Deleted INI directory: C:\Users\nikol\AppData\Roaming\MetaQuotes\Terminal\4B1CE69F577705455263BD980C39A82C\MQL5\Experts\Batch_0024\Ichimoku-Signals-and-Alert\ini
2025-04-30 04:47:38,374 - INFO - Deleted INI directory: C:\Users\nikol\AppData\Roaming\MetaQuotes\Terminal\4B1CE69F577705455263BD980C39A82C\MQL5\Experts\Batch_0024\IchimokuMTF-EA\ini
2025-04-30 04:47:38,823 - INFO - Deleted INI directory: C:\Users\nikol\AppData\Roaming\MetaQuotes\Terminal\4B1CE69F577705455263BD980C39A82C\MQL5\Experts\Batch_0024\Ilan-iMA\ini
2025-04-30 04:47:39,290 - INFO - Deleted INI directory: C:\Users\nikol\AppData\Roaming\MetaQuotes\Terminal\4B1CE69F577705455263BD980C39A82C\MQL5\Experts\Batch_0025\Ilan1.4\ini
2025-04-30 04:47:39,760 - INFO - Deleted INI directory: C:\Users\nikol\AppData\Roaming\MetaQuotes\Terminal\4B1CE69F577705455263BD980C39A82C\MQL5\Experts\Batch_0025\iMA-iStdDev\ini
2025-04-30 04:47:40,237 - INFO - Deleted INI directory: C:\Users\nikol\AppData\Roaming\MetaQuotes\Terminal\4B1CE69F577705455263BD980C39A82C\MQL5\Experts\Batch_0025\Indices-Tester\ini
2025-04-30 04:47:40,697 - INFO - Deleted INI directory: C:\Users\nikol\AppData\Roaming\MetaQuotes\Terminal\4B1CE69F577705455263BD980C39A82C\MQL5\Experts\Batch_0025\Inka-20Edho-20EA\ini
2025-04-30 04:47:41,154 - INFO - Deleted INI directory: C:\Users\nikol\AppData\Roaming\MetaQuotes\Terminal\4B1CE69F577705455263BD980C39A82C\MQL5\Experts\Batch_0025\Intersection-2-iMA\ini
2025-04-30 04:47:41,629 - INFO - Deleted INI directory: C:\Users\nikol\AppData\Roaming\MetaQuotes\Terminal\4B1CE69F577705455263BD980C39A82C\MQL5\Experts\Batch_0025\IStochastic-Trading\ini
2025-04-30 04:47:42,077 - INFO - Deleted INI directory: C:\Users\nikol\AppData\Roaming\MetaQuotes\Terminal\4B1CE69F577705455263BD980C39A82C\MQL5\Experts\Batch_0025\Ivan\ini
2025-04-30 04:47:42,538 - INFO - Deleted INI directory: C:\Users\nikol\AppData\Roaming\MetaQuotes\Terminal\4B1CE69F577705455263BD980C39A82C\MQL5\Experts\Batch_0025\iVIDyA-Simple\ini
2025-04-30 04:47:42,987 - INFO - Deleted INI directory: C:\Users\nikol\AppData\Roaming\MetaQuotes\Terminal\4B1CE69F577705455263BD980C39A82C\MQL5\Experts\Batch_0025\Jackpot-Strategy-EA\ini
2025-04-30 04:47:43,457 - INFO - Deleted INI directory: C:\Users\nikol\AppData\Roaming\MetaQuotes\Terminal\4B1CE69F577705455263BD980C39A82C\MQL5\Experts\Batch_0025\JackPot-Strategy-Elite\ini
2025-04-30 04:47:43,940 - INFO - Deleted INI directory: C:\Users\nikol\AppData\Roaming\MetaQuotes\Terminal\4B1CE69F577705455263BD980C39A82C\MQL5\Experts\Batch_0026\JK-BullP-AutoTrader\ini
2025-04-30 04:47:44,394 - INFO - Deleted INI directory: C:\Users\nikol\AppData\Roaming\MetaQuotes\Terminal\4B1CE69F577705455263BD980C39A82C\MQL5\Experts\Batch_0026\JS-Chaos\ini
2025-04-30 04:47:44,831 - INFO - Deleted INI directory: C:\Users\nikol\AppData\Roaming\MetaQuotes\Terminal\4B1CE69F577705455263BD980C39A82C\MQL5\Experts\Batch_0026\JS-MA-Day\ini
2025-04-30 04:47:45,294 - INFO - Deleted INI directory: C:\Users\nikol\AppData\Roaming\MetaQuotes\Terminal\4B1CE69F577705455263BD980C39A82C\MQL5\Experts\Batch_0026\JS-MA-SAR-Trades\ini
2025-04-30 04:47:45,770 - INFO - Deleted INI directory: C:\Users\nikol\AppData\Roaming\MetaQuotes\Terminal\4B1CE69F577705455263BD980C39A82C\MQL5\Experts\Batch_0026\JS-MA-SAR-Trades-EA-MT5-YoforexPremium\ini
2025-04-30 04:47:46,217 - INFO - Deleted INI directory: C:\Users\nikol\AppData\Roaming\MetaQuotes\Terminal\4B1CE69F577705455263BD980C39A82C\MQL5\Experts\Batch_0026\JS-MA-SAR-Trades-Yoforexpremium\ini
2025-04-30 04:47:46,686 - INFO - Deleted INI directory: C:\Users\nikol\AppData\Roaming\MetaQuotes\Terminal\4B1CE69F577705455263BD980C39A82C\MQL5\Experts\Batch_0026\Juggernaut\ini
2025-04-30 04:47:47,131 - INFO - Deleted INI directory: C:\Users\nikol\AppData\Roaming\MetaQuotes\Terminal\4B1CE69F577705455263BD980C39A82C\MQL5\Experts\Batch_0026\KA-Gold-Bot\ini
2025-04-30 04:47:47,596 - INFO - Deleted INI directory: C:\Users\nikol\AppData\Roaming\MetaQuotes\Terminal\4B1CE69F577705455263BD980C39A82C\MQL5\Experts\Batch_0026\KueFx-20Arrows\ini
2025-04-30 04:47:48,088 - INFO - Deleted INI directory: C:\Users\nikol\AppData\Roaming\MetaQuotes\Terminal\4B1CE69F577705455263BD980C39A82C\MQL5\Experts\Batch_0026\KueFx-20Baseline\ini
2025-04-30 04:47:48,589 - INFO - Deleted INI directory: C:\Users\nikol\AppData\Roaming\MetaQuotes\Terminal\4B1CE69F577705455263BD980C39A82C\MQL5\Experts\Batch_0027\KueFx-Arrows\ini
2025-04-30 04:47:49,104 - INFO - Deleted INI directory: C:\Users\nikol\AppData\Roaming\MetaQuotes\Terminal\4B1CE69F577705455263BD980C39A82C\MQL5\Experts\Batch_0027\KueFx-Arrows-20EA\ini
2025-04-30 04:47:49,613 - INFO - Deleted INI directory: C:\Users\nikol\AppData\Roaming\MetaQuotes\Terminal\4B1CE69F577705455263BD980C39A82C\MQL5\Experts\Batch_0027\KueFx-Arrows-EA\ini
2025-04-30 04:47:50,160 - INFO - Deleted INI directory: C:\Users\nikol\AppData\Roaming\MetaQuotes\Terminal\4B1CE69F577705455263BD980C39A82C\MQL5\Experts\Batch_0027\KueFx-Baseline\ini
2025-04-30 04:47:50,702 - INFO - Deleted INI directory: C:\Users\nikol\AppData\Roaming\MetaQuotes\Terminal\4B1CE69F577705455263BD980C39A82C\MQL5\Experts\Batch_0027\KueFx-Baseline-EA\ini
2025-04-30 04:47:51,273 - INFO - Deleted INI directory: C:\Users\nikol\AppData\Roaming\MetaQuotes\Terminal\4B1CE69F577705455263BD980C39A82C\MQL5\Experts\Batch_0027\KueFx-Clean-2025-EA\ini
2025-04-30 04:47:51,858 - INFO - Deleted INI directory: C:\Users\nikol\AppData\Roaming\MetaQuotes\Terminal\4B1CE69F577705455263BD980C39A82C\MQL5\Experts\Batch_0027\KueFxTrend-20EA\ini
2025-04-30 04:47:52,393 - INFO - Deleted INI directory: C:\Users\nikol\AppData\Roaming\MetaQuotes\Terminal\4B1CE69F577705455263BD980C39A82C\MQL5\Experts\Batch_0027\KueFxTrend-EA\ini
2025-04-30 04:47:52,900 - INFO - Deleted INI directory: C:\Users\nikol\AppData\Roaming\MetaQuotes\Terminal\4B1CE69F577705455263BD980C39A82C\MQL5\Experts\Batch_0027\KueFx_Arrows_EA_v1.10\ini
2025-04-30 04:47:53,428 - INFO - Deleted INI directory: C:\Users\nikol\AppData\Roaming\MetaQuotes\Terminal\4B1CE69F577705455263BD980C39A82C\MQL5\Experts\Batch_0027\KueFx_Baseline_EA_v1.10\ini
2025-04-30 04:47:53,948 - INFO - Deleted INI directory: C:\Users\nikol\AppData\Roaming\MetaQuotes\Terminal\4B1CE69F577705455263BD980C39A82C\MQL5\Experts\Batch_0028\Kue-Electric-EA\ini
2025-04-30 04:47:54,471 - INFO - Deleted INI directory: C:\Users\nikol\AppData\Roaming\MetaQuotes\Terminal\4B1CE69F577705455263BD980C39A82C\MQL5\Experts\Batch_0028\KueFx-Extreme-EA\ini
2025-04-30 04:47:54,998 - INFO - Deleted INI directory: C:\Users\nikol\AppData\Roaming\MetaQuotes\Terminal\4B1CE69F577705455263BD980C39A82C\MQL5\Experts\Batch_0028\KueFx-Harare-EA\ini
2025-04-30 04:47:55,449 - INFO - Deleted INI directory: C:\Users\nikol\AppData\Roaming\MetaQuotes\Terminal\4B1CE69F577705455263BD980C39A82C\MQL5\Experts\Batch_0028\KueFX-Money-Management\ini
2025-04-30 04:47:55,919 - INFO - Deleted INI directory: C:\Users\nikol\AppData\Roaming\MetaQuotes\Terminal\4B1CE69F577705455263BD980C39A82C\MQL5\Experts\Batch_0028\KueFx-Motor\ini
2025-04-30 04:47:56,409 - INFO - Deleted INI directory: C:\Users\nikol\AppData\Roaming\MetaQuotes\Terminal\4B1CE69F577705455263BD980C39A82C\MQL5\Experts\Batch_0028\KueFx-Motor-EA\ini
2025-04-30 04:47:56,900 - INFO - Deleted INI directory: C:\Users\nikol\AppData\Roaming\MetaQuotes\Terminal\4B1CE69F577705455263BD980C39A82C\MQL5\Experts\Batch_0028\KueFx-Trend\ini
2025-04-30 04:47:57,375 - INFO - Deleted INI directory: C:\Users\nikol\AppData\Roaming\MetaQuotes\Terminal\4B1CE69F577705455263BD980C39A82C\MQL5\Experts\Batch_0028\LarryConnersRSI2\ini
2025-04-30 04:47:57,868 - INFO - Deleted INI directory: C:\Users\nikol\AppData\Roaming\MetaQuotes\Terminal\4B1CE69F577705455263BD980C39A82C\MQL5\Experts\Batch_0028\Last-ZZ50\ini
2025-04-30 04:47:58,347 - INFO - Deleted INI directory: C:\Users\nikol\AppData\Roaming\MetaQuotes\Terminal\4B1CE69F577705455263BD980C39A82C\MQL5\Experts\Batch_0028\Lavika100\ini
2025-04-30 04:47:58,543 - INFO - Deleted INI directory: C:\Users\nikol\AppData\Roaming\MetaQuotes\Terminal\4B1CE69F577705455263BD980C39A82C\MQL5\Experts\Batch_0029\LazyBot-MT5\ini
2025-04-30 04:47:58,680 - INFO - Deleted INI directory: C:\Users\nikol\AppData\Roaming\MetaQuotes\Terminal\4B1CE69F577705455263BD980C39A82C\MQL5\Experts\Batch_0029\LBS\ini
2025-04-30 04:47:58,801 - INFO - Deleted INI directory: C:\Users\nikol\AppData\Roaming\MetaQuotes\Terminal\4B1CE69F577705455263BD980C39A82C\MQL5\Experts\Batch_0029\Lego-EA\ini
2025-04-30 04:47:58,913 - INFO - Deleted INI directory: C:\Users\nikol\AppData\Roaming\MetaQuotes\Terminal\4B1CE69F577705455263BD980C39A82C\MQL5\Experts\Batch_0029\Lesson-3-Price-Action\ini
2025-04-30 04:47:59,039 - INFO - Deleted INI directory: C:\Users\nikol\AppData\Roaming\MetaQuotes\Terminal\4B1CE69F577705455263BD980C39A82C\MQL5\Experts\Batch_0029\Lesson-4-Price-Action-MA-Filter\ini
2025-04-30 04:47:59,176 - INFO - Deleted INI directory: C:\Users\nikol\AppData\Roaming\MetaQuotes\Terminal\4B1CE69F577705455263BD980C39A82C\MQL5\Experts\Batch_0029\Lesson-6-Trailling-ATR\ini
2025-04-30 04:47:59,305 - INFO - Deleted INI directory: C:\Users\nikol\AppData\Roaming\MetaQuotes\Terminal\4B1CE69F577705455263BD980C39A82C\MQL5\Experts\Batch_0029\Lesson-7-Price-action-Ket-hop-Volume-VSA\ini
2025-04-30 04:47:59,417 - INFO - Deleted INI directory: C:\Users\nikol\AppData\Roaming\MetaQuotes\Terminal\4B1CE69F577705455263BD980C39A82C\MQL5\Experts\Batch_0029\Little-EA\ini
2025-04-30 04:47:59,540 - INFO - Deleted INI directory: C:\Users\nikol\AppData\Roaming\MetaQuotes\Terminal\4B1CE69F577705455263BD980C39A82C\MQL5\Experts\Batch_0029\Lock\ini
2025-04-30 04:47:59,666 - INFO - Deleted INI directory: C:\Users\nikol\AppData\Roaming\MetaQuotes\Terminal\4B1CE69F577705455263BD980C39A82C\MQL5\Experts\Batch_0029\Locker\ini
2025-04-30 04:47:59,789 - INFO - Deleted INI directory: C:\Users\nikol\AppData\Roaming\MetaQuotes\Terminal\4B1CE69F577705455263BD980C39A82C\MQL5\Experts\Batch_0030\Lucky\ini
2025-04-30 04:47:59,924 - INFO - Deleted INI directory: C:\Users\nikol\AppData\Roaming\MetaQuotes\Terminal\4B1CE69F577705455263BD980C39A82C\MQL5\Experts\Batch_0030\M.A-break-mt5-buy\ini
2025-04-30 04:48:00,053 - INFO - Deleted INI directory: C:\Users\nikol\AppData\Roaming\MetaQuotes\Terminal\4B1CE69F577705455263BD980C39A82C\MQL5\Experts\Batch_0030\M.A-break-mt5-sell\ini
2025-04-30 04:48:00,175 - INFO - Deleted INI directory: C:\Users\nikol\AppData\Roaming\MetaQuotes\Terminal\4B1CE69F577705455263BD980C39A82C\MQL5\Experts\Batch_0030\MA MACD Position averaging v2\ini
2025-04-30 04:48:00,307 - INFO - Deleted INI directory: C:\Users\nikol\AppData\Roaming\MetaQuotes\Terminal\4B1CE69F577705455263BD980C39A82C\MQL5\Experts\Batch_0030\MA-20Alert\ini
2025-04-30 04:48:00,437 - INFO - Deleted INI directory: C:\Users\nikol\AppData\Roaming\MetaQuotes\Terminal\4B1CE69F577705455263BD980C39A82C\MQL5\Experts\Batch_0030\MA-20AO-20Arrow\ini
2025-04-30 04:48:00,577 - INFO - Deleted INI directory: C:\Users\nikol\AppData\Roaming\MetaQuotes\Terminal\4B1CE69F577705455263BD980C39A82C\MQL5\Experts\Batch_0030\MA-Cross\ini
2025-04-30 04:48:00,697 - INFO - Deleted INI directory: C:\Users\nikol\AppData\Roaming\MetaQuotes\Terminal\4B1CE69F577705455263BD980C39A82C\MQL5\Experts\Batch_0030\MA-Envelopes\ini
2025-04-30 04:48:00,827 - INFO - Deleted INI directory: C:\Users\nikol\AppData\Roaming\MetaQuotes\Terminal\4B1CE69F577705455263BD980C39A82C\MQL5\Experts\Batch_0030\MA-MACD-Position-averaging\ini
2025-04-30 04:48:00,956 - INFO - Deleted INI directory: C:\Users\nikol\AppData\Roaming\MetaQuotes\Terminal\4B1CE69F577705455263BD980C39A82C\MQL5\Experts\Batch_0030\MA-Trend\ini
2025-04-30 04:48:01,085 - INFO - Deleted INI directory: C:\Users\nikol\AppData\Roaming\MetaQuotes\Terminal\4B1CE69F577705455263BD980C39A82C\MQL5\Experts\Batch_0031\MA2CCI\ini
2025-04-30 04:48:01,205 - INFO - Deleted INI directory: C:\Users\nikol\AppData\Roaming\MetaQuotes\Terminal\4B1CE69F577705455263BD980C39A82C\MQL5\Experts\Batch_0031\MACD\ini
2025-04-30 04:48:01,322 - INFO - Deleted INI directory: C:\Users\nikol\AppData\Roaming\MetaQuotes\Terminal\4B1CE69F577705455263BD980C39A82C\MQL5\Experts\Batch_0031\MACD-and-SAR\ini
2025-04-30 04:48:01,442 - INFO - Deleted INI directory: C:\Users\nikol\AppData\Roaming\MetaQuotes\Terminal\4B1CE69F577705455263BD980C39A82C\MQL5\Experts\Batch_0031\MACD-Cleaner\ini
2025-04-30 04:48:01,572 - INFO - Deleted INI directory: C:\Users\nikol\AppData\Roaming\MetaQuotes\Terminal\4B1CE69F577705455263BD980C39A82C\MQL5\Experts\Batch_0031\Macd-diver-and-rsi-mt5\ini
2025-04-30 04:48:01,701 - INFO - Deleted INI directory: C:\Users\nikol\AppData\Roaming\MetaQuotes\Terminal\4B1CE69F577705455263BD980C39A82C\MQL5\Experts\Batch_0031\MACD-No-Sample\ini
2025-04-30 04:48:01,824 - INFO - Deleted INI directory: C:\Users\nikol\AppData\Roaming\MetaQuotes\Terminal\4B1CE69F577705455263BD980C39A82C\MQL5\Experts\Batch_0031\MACD-signal\ini
2025-04-30 04:48:01,984 - INFO - Deleted INI directory: C:\Users\nikol\AppData\Roaming\MetaQuotes\Terminal\4B1CE69F577705455263BD980C39A82C\MQL5\Experts\Batch_0031\MACD-Stochastic\ini
2025-04-30 04:48:02,097 - INFO - Deleted INI directory: C:\Users\nikol\AppData\Roaming\MetaQuotes\Terminal\4B1CE69F577705455263BD980C39A82C\MQL5\Experts\Batch_0031\MACD-Stochastic-2\ini
2025-04-30 04:48:02,215 - INFO - Deleted INI directory: C:\Users\nikol\AppData\Roaming\MetaQuotes\Terminal\4B1CE69F577705455263BD980C39A82C\MQL5\Experts\Batch_0031\MACD-wonder\ini
2025-04-30 04:48:02,327 - INFO - Deleted INI directory: C:\Users\nikol\AppData\Roaming\MetaQuotes\Terminal\4B1CE69F577705455263BD980C39A82C\MQL5\Experts\Batch_0032\MACD-EA-H4\ini
2025-04-30 04:48:02,466 - INFO - Deleted INI directory: C:\Users\nikol\AppData\Roaming\MetaQuotes\Terminal\4B1CE69F577705455263BD980C39A82C\MQL5\Experts\Batch_0032\MACD-wonder-YoforexPremium\ini
2025-04-30 04:48:02,598 - INFO - Deleted INI directory: C:\Users\nikol\AppData\Roaming\MetaQuotes\Terminal\4B1CE69F577705455263BD980C39A82C\MQL5\Experts\Batch_0032\MACDCCI\ini
2025-04-30 04:48:02,735 - INFO - Deleted INI directory: C:\Users\nikol\AppData\Roaming\MetaQuotes\Terminal\4B1CE69F577705455263BD980C39A82C\MQL5\Experts\Batch_0032\MacdPatternTraderAll\ini
2025-04-30 04:48:02,865 - INFO - Deleted INI directory: C:\Users\nikol\AppData\Roaming\MetaQuotes\Terminal\4B1CE69F577705455263BD980C39A82C\MQL5\Experts\Batch_0032\MacdPatternTraderAll0.01\ini
2025-04-30 04:48:02,988 - INFO - Deleted INI directory: C:\Users\nikol\AppData\Roaming\MetaQuotes\Terminal\4B1CE69F577705455263BD980C39A82C\MQL5\Experts\Batch_0032\MagneticBrake\ini
2025-04-30 04:48:03,123 - INFO - Deleted INI directory: C:\Users\nikol\AppData\Roaming\MetaQuotes\Terminal\4B1CE69F577705455263BD980C39A82C\MQL5\Experts\Batch_0032\MagneticStopExpert\ini
2025-04-30 04:48:03,245 - INFO - Deleted INI directory: C:\Users\nikol\AppData\Roaming\MetaQuotes\Terminal\4B1CE69F577705455263BD980C39A82C\MQL5\Experts\Batch_0032\MAGrid\ini
2025-04-30 04:48:03,372 - INFO - Deleted INI directory: C:\Users\nikol\AppData\Roaming\MetaQuotes\Terminal\4B1CE69F577705455263BD980C39A82C\MQL5\Experts\Batch_0032\MAMACD\ini
2025-04-30 04:48:03,488 - INFO - Deleted INI directory: C:\Users\nikol\AppData\Roaming\MetaQuotes\Terminal\4B1CE69F577705455263BD980C39A82C\MQL5\Experts\Batch_0032\Mariner-MT5\ini
2025-04-30 04:48:03,614 - INFO - Deleted INI directory: C:\Users\nikol\AppData\Roaming\MetaQuotes\Terminal\4B1CE69F577705455263BD980C39A82C\MQL5\Experts\Batch_0033\MA-AO-EA\ini
2025-04-30 04:48:03,730 - INFO - Deleted INI directory: C:\Users\nikol\AppData\Roaming\MetaQuotes\Terminal\4B1CE69F577705455263BD980C39A82C\MQL5\Experts\Batch_0033\Market-Capture\ini
2025-04-30 04:48:03,846 - INFO - Deleted INI directory: C:\Users\nikol\AppData\Roaming\MetaQuotes\Terminal\4B1CE69F577705455263BD980C39A82C\MQL5\Experts\Batch_0033\Martin\ini
2025-04-30 04:48:03,964 - INFO - Deleted INI directory: C:\Users\nikol\AppData\Roaming\MetaQuotes\Terminal\4B1CE69F577705455263BD980C39A82C\MQL5\Experts\Batch_0033\Martin-1\ini
2025-04-30 04:48:04,085 - INFO - Deleted INI directory: C:\Users\nikol\AppData\Roaming\MetaQuotes\Terminal\4B1CE69F577705455263BD980C39A82C\MQL5\Experts\Batch_0033\Martin-for-small-deposits\ini
2025-04-30 04:48:04,197 - INFO - Deleted INI directory: C:\Users\nikol\AppData\Roaming\MetaQuotes\Terminal\4B1CE69F577705455263BD980C39A82C\MQL5\Experts\Batch_0033\MartingailExpert\ini
2025-04-30 04:48:04,370 - INFO - Deleted INI directory: C:\Users\nikol\AppData\Roaming\MetaQuotes\Terminal\4B1CE69F577705455263BD980C39A82C\MQL5\Experts\Batch_0033\MartinGaleBreakout\ini
2025-04-30 04:48:04,500 - INFO - Deleted INI directory: C:\Users\nikol\AppData\Roaming\MetaQuotes\Terminal\4B1CE69F577705455263BD980C39A82C\MQL5\Experts\Batch_0033\Marubozu\ini
2025-04-30 04:48:04,644 - INFO - Deleted INI directory: C:\Users\nikol\AppData\Roaming\MetaQuotes\Terminal\4B1CE69F577705455263BD980C39A82C\MQL5\Experts\Batch_0033\Marubozu-EA\ini
2025-04-30 04:48:04,765 - INFO - Deleted INI directory: C:\Users\nikol\AppData\Roaming\MetaQuotes\Terminal\4B1CE69F577705455263BD980C39A82C\MQL5\Experts\Batch_0033\Marubozu_EA_v1.10\ini
2025-04-30 04:48:04,884 - INFO - Deleted INI directory: C:\Users\nikol\AppData\Roaming\MetaQuotes\Terminal\4B1CE69F577705455263BD980C39A82C\MQL5\Experts\Batch_0034\Absorption\ini
2025-04-30 04:48:05,006 - INFO - Deleted INI directory: C:\Users\nikol\AppData\Roaming\MetaQuotes\Terminal\4B1CE69F577705455263BD980C39A82C\MQL5\Experts\Batch_0034\ma-channels\ini
2025-04-30 04:48:05,136 - INFO - Deleted INI directory: C:\Users\nikol\AppData\Roaming\MetaQuotes\Terminal\4B1CE69F577705455263BD980C39A82C\MQL5\Experts\Batch_0034\Ma-Crosses-MT5\ini
2025-04-30 04:48:05,260 - INFO - Deleted INI directory: C:\Users\nikol\AppData\Roaming\MetaQuotes\Terminal\4B1CE69F577705455263BD980C39A82C\MQL5\Experts\Batch_0034\MA-Crossover-mt5-20EA\ini
2025-04-30 04:48:05,383 - INFO - Deleted INI directory: C:\Users\nikol\AppData\Roaming\MetaQuotes\Terminal\4B1CE69F577705455263BD980C39A82C\MQL5\Experts\Batch_0034\MelBar-EuSwiss-1.85\ini
2025-04-30 04:48:05,502 - INFO - Deleted INI directory: C:\Users\nikol\AppData\Roaming\MetaQuotes\Terminal\4B1CE69F577705455263BD980C39A82C\MQL5\Experts\Batch_0034\MelBarTTake325-T-5.5Y-NZD-USD\ini
2025-04-30 04:48:05,631 - INFO - Deleted INI directory: C:\Users\nikol\AppData\Roaming\MetaQuotes\Terminal\4B1CE69F577705455263BD980C39A82C\MQL5\Experts\Batch_0034\MelBarTTake325-T-5.5Y-NZD-USD.ex5\ini
2025-04-30 04:48:05,753 - INFO - Deleted INI directory: C:\Users\nikol\AppData\Roaming\MetaQuotes\Terminal\4B1CE69F577705455263BD980C39A82C\MQL5\Experts\Batch_0034\MelBarTTake325-T-5.5Y-NZD-USD.mq5\ini
2025-04-30 04:48:05,876 - INFO - Deleted INI directory: C:\Users\nikol\AppData\Roaming\MetaQuotes\Terminal\4B1CE69F577705455263BD980C39A82C\MQL5\Experts\Batch_0034\MelBar™Take325-™-5.5Y-NZD-USD\ini
2025-04-30 04:48:06,072 - INFO - Deleted INI directory: C:\Users\nikol\AppData\Roaming\MetaQuotes\Terminal\4B1CE69F577705455263BD980C39A82C\MQL5\Experts\Batch_0034\Minning-GoldMT5-Yoforexpremium\ini
2025-04-30 04:48:06,197 - INFO - Deleted INI directory: C:\Users\nikol\AppData\Roaming\MetaQuotes\Terminal\4B1CE69F577705455263BD980C39A82C\MQL5\Experts\Batch_0034\Mobo-Bands\ini
2025-04-30 04:48:06,313 - INFO - Deleted INI directory: C:\Users\nikol\AppData\Roaming\MetaQuotes\Terminal\4B1CE69F577705455263BD980C39A82C\MQL5\Experts\Batch_0034\Mobo-Bands-EA\ini
2025-04-30 04:48:06,435 - INFO - Deleted INI directory: C:\Users\nikol\AppData\Roaming\MetaQuotes\Terminal\4B1CE69F577705455263BD980C39A82C\MQL5\Experts\Batch_0035\Modified-Moving-Averages\ini
2025-04-30 04:48:06,560 - INFO - Deleted INI directory: C:\Users\nikol\AppData\Roaming\MetaQuotes\Terminal\4B1CE69F577705455263BD980C39A82C\MQL5\Experts\Batch_0035\Momentum-M15\ini
2025-04-30 04:48:06,692 - INFO - Deleted INI directory: C:\Users\nikol\AppData\Roaming\MetaQuotes\Terminal\4B1CE69F577705455263BD980C39A82C\MQL5\Experts\Batch_0035\Momo-trades\ini
2025-04-30 04:48:06,824 - INFO - Deleted INI directory: C:\Users\nikol\AppData\Roaming\MetaQuotes\Terminal\4B1CE69F577705455263BD980C39A82C\MQL5\Experts\Batch_0035\Money-Fixed-Margin\ini
2025-04-30 04:48:06,943 - INFO - Deleted INI directory: C:\Users\nikol\AppData\Roaming\MetaQuotes\Terminal\4B1CE69F577705455263BD980C39A82C\MQL5\Experts\Batch_0035\Money-Fixed-Risk\ini
2025-04-30 04:48:07,062 - INFO - Deleted INI directory: C:\Users\nikol\AppData\Roaming\MetaQuotes\Terminal\4B1CE69F577705455263BD980C39A82C\MQL5\Experts\Batch_0035\MoneyRain\ini
2025-04-30 04:48:07,193 - INFO - Deleted INI directory: C:\Users\nikol\AppData\Roaming\MetaQuotes\Terminal\4B1CE69F577705455263BD980C39A82C\MQL5\Experts\Batch_0035\Morning-evening-star-EA\ini
2025-04-30 04:48:07,322 - INFO - Deleted INI directory: C:\Users\nikol\AppData\Roaming\MetaQuotes\Terminal\4B1CE69F577705455263BD980C39A82C\MQL5\Experts\Batch_0035\MostasHaR15-Pivot\ini
2025-04-30 04:48:07,465 - INFO - Deleted INI directory: C:\Users\nikol\AppData\Roaming\MetaQuotes\Terminal\4B1CE69F577705455263BD980C39A82C\MQL5\Experts\Batch_0035\Moving-Average-Trade-System\ini
2025-04-30 04:48:07,582 - INFO - Deleted INI directory: C:\Users\nikol\AppData\Roaming\MetaQuotes\Terminal\4B1CE69F577705455263BD980C39A82C\MQL5\Experts\Batch_0035\Moving-Averages\ini
2025-04-30 04:48:07,702 - INFO - Deleted INI directory: C:\Users\nikol\AppData\Roaming\MetaQuotes\Terminal\4B1CE69F577705455263BD980C39A82C\MQL5\Experts\Batch_0036\Moving-20average-20and-20ichimoku-20EA\ini
2025-04-30 04:48:07,821 - INFO - Deleted INI directory: C:\Users\nikol\AppData\Roaming\MetaQuotes\Terminal\4B1CE69F577705455263BD980C39A82C\MQL5\Experts\Batch_0036\MovingAverage\ini
2025-04-30 04:48:07,947 - INFO - Deleted INI directory: C:\Users\nikol\AppData\Roaming\MetaQuotes\Terminal\4B1CE69F577705455263BD980C39A82C\MQL5\Experts\Batch_0036\MovingAverageMartinGale\ini
2025-04-30 04:48:08,081 - INFO - Deleted INI directory: C:\Users\nikol\AppData\Roaming\MetaQuotes\Terminal\4B1CE69F577705455263BD980C39A82C\MQL5\Experts\Batch_0036\MQL5-Wizard-MA-RSI\ini
2025-04-30 04:48:08,219 - INFO - Deleted INI directory: C:\Users\nikol\AppData\Roaming\MetaQuotes\Terminal\4B1CE69F577705455263BD980C39A82C\MQL5\Experts\Batch_0036\MQL5-Wizard-MACD-Parabolic-SAR\ini
2025-04-30 04:48:08,342 - INFO - Deleted INI directory: C:\Users\nikol\AppData\Roaming\MetaQuotes\Terminal\4B1CE69F577705455263BD980C39A82C\MQL5\Experts\Batch_0036\MT45\ini
2025-04-30 04:48:08,470 - INFO - Deleted INI directory: C:\Users\nikol\AppData\Roaming\MetaQuotes\Terminal\4B1CE69F577705455263BD980C39A82C\MQL5\Experts\Batch_0036\MT5-CoupleHedgeEA\ini
2025-04-30 04:48:08,603 - INFO - Deleted INI directory: C:\Users\nikol\AppData\Roaming\MetaQuotes\Terminal\4B1CE69F577705455263BD980C39A82C\MQL5\Experts\Batch_0036\MT5-RingSystemEA\ini
2025-04-30 04:48:08,747 - INFO - Deleted INI directory: C:\Users\nikol\AppData\Roaming\MetaQuotes\Terminal\4B1CE69F577705455263BD980C39A82C\MQL5\Experts\Batch_0036\Mt5-williams-directional-index-EA\ini
2025-04-30 04:48:08,864 - INFO - Deleted INI directory: C:\Users\nikol\AppData\Roaming\MetaQuotes\Terminal\4B1CE69F577705455263BD980C39A82C\MQL5\Experts\Batch_0036\MTC-Сombo\ini
2025-04-30 04:48:08,981 - INFO - Deleted INI directory: C:\Users\nikol\AppData\Roaming\MetaQuotes\Terminal\4B1CE69F577705455263BD980C39A82C\MQL5\Experts\Batch_0037\Multi-Stochastic\ini
2025-04-30 04:48:09,105 - INFO - Deleted INI directory: C:\Users\nikol\AppData\Roaming\MetaQuotes\Terminal\4B1CE69F577705455263BD980C39A82C\MQL5\Experts\Batch_0037\Multi-Trader-BC-Robot\ini
2025-04-30 04:48:09,222 - INFO - Deleted INI directory: C:\Users\nikol\AppData\Roaming\MetaQuotes\Terminal\4B1CE69F577705455263BD980C39A82C\MQL5\Experts\Batch_0037\MultiMartin\ini
2025-04-30 04:48:09,349 - INFO - Deleted INI directory: C:\Users\nikol\AppData\Roaming\MetaQuotes\Terminal\4B1CE69F577705455263BD980C39A82C\MQL5\Experts\Batch_0037\MySystem\ini
2025-04-30 04:48:09,463 - INFO - Deleted INI directory: C:\Users\nikol\AppData\Roaming\MetaQuotes\Terminal\4B1CE69F577705455263BD980C39A82C\MQL5\Experts\Batch_0037\N Candles v2\ini
2025-04-30 04:48:09,589 - INFO - Deleted INI directory: C:\Users\nikol\AppData\Roaming\MetaQuotes\Terminal\4B1CE69F577705455263BD980C39A82C\MQL5\Experts\Batch_0037\N Candles v3\ini
2025-04-30 04:48:09,715 - INFO - Deleted INI directory: C:\Users\nikol\AppData\Roaming\MetaQuotes\Terminal\4B1CE69F577705455263BD980C39A82C\MQL5\Experts\Batch_0037\N Candles v4\ini
2025-04-30 04:48:09,838 - INFO - Deleted INI directory: C:\Users\nikol\AppData\Roaming\MetaQuotes\Terminal\4B1CE69F577705455263BD980C39A82C\MQL5\Experts\Batch_0037\N Candles v5\ini
2025-04-30 04:48:09,969 - INFO - Deleted INI directory: C:\Users\nikol\AppData\Roaming\MetaQuotes\Terminal\4B1CE69F577705455263BD980C39A82C\MQL5\Experts\Batch_0037\N-Candles\ini
2025-04-30 04:48:10,124 - INFO - Deleted INI directory: C:\Users\nikol\AppData\Roaming\MetaQuotes\Terminal\4B1CE69F577705455263BD980C39A82C\MQL5\Experts\Batch_0037\N-_Candles_v7\ini
2025-04-30 04:48:10,237 - INFO - Deleted INI directory: C:\Users\nikol\AppData\Roaming\MetaQuotes\Terminal\4B1CE69F577705455263BD980C39A82C\MQL5\Experts\Batch_0038\Nevalyashka\ini
2025-04-30 04:48:10,365 - INFO - Deleted INI directory: C:\Users\nikol\AppData\Roaming\MetaQuotes\Terminal\4B1CE69F577705455263BD980C39A82C\MQL5\Experts\Batch_0038\Nevalyashka-BreakdownLevel\ini
2025-04-30 04:48:10,498 - INFO - Deleted INI directory: C:\Users\nikol\AppData\Roaming\MetaQuotes\Terminal\4B1CE69F577705455263BD980C39A82C\MQL5\Experts\Batch_0038\Nevalyashka3-1\ini
2025-04-30 04:48:10,621 - INFO - Deleted INI directory: C:\Users\nikol\AppData\Roaming\MetaQuotes\Terminal\4B1CE69F577705455263BD980C39A82C\MQL5\Experts\Batch_0038\New-Martin\ini
2025-04-30 04:48:10,752 - INFO - Deleted INI directory: C:\Users\nikol\AppData\Roaming\MetaQuotes\Terminal\4B1CE69F577705455263BD980C39A82C\MQL5\Experts\Batch_0038\New-Random\ini
2025-04-30 04:48:10,874 - INFO - Deleted INI directory: C:\Users\nikol\AppData\Roaming\MetaQuotes\Terminal\4B1CE69F577705455263BD980C39A82C\MQL5\Experts\Batch_0038\Nextbar\ini
2025-04-30 04:48:11,001 - INFO - Deleted INI directory: C:\Users\nikol\AppData\Roaming\MetaQuotes\Terminal\4B1CE69F577705455263BD980C39A82C\MQL5\Experts\Batch_0038\Night-Flat-Trade\ini
2025-04-30 04:48:11,114 - INFO - Deleted INI directory: C:\Users\nikol\AppData\Roaming\MetaQuotes\Terminal\4B1CE69F577705455263BD980C39A82C\MQL5\Experts\Batch_0038\NightScalper\ini
2025-04-30 04:48:11,236 - INFO - Deleted INI directory: C:\Users\nikol\AppData\Roaming\MetaQuotes\Terminal\4B1CE69F577705455263BD980C39A82C\MQL5\Experts\Batch_0038\NRTR-Revers\ini
2025-04-30 04:48:11,363 - INFO - Deleted INI directory: C:\Users\nikol\AppData\Roaming\MetaQuotes\Terminal\4B1CE69F577705455263BD980C39A82C\MQL5\Experts\Batch_0038\NSK-SWING-EA-MT5-Yoforexpremium\ini
2025-04-30 04:48:11,524 - INFO - Deleted INI directory: C:\Users\nikol\AppData\Roaming\MetaQuotes\Terminal\4B1CE69F577705455263BD980C39A82C\MQL5\Experts\Batch_0039\NSK-SWING-EA-Yoforexpremium\ini
2025-04-30 04:48:11,647 - INFO - Deleted INI directory: C:\Users\nikol\AppData\Roaming\MetaQuotes\Terminal\4B1CE69F577705455263BD980C39A82C\MQL5\Experts\Batch_0039\NUp1Down\ini
2025-04-30 04:48:11,782 - INFO - Deleted INI directory: C:\Users\nikol\AppData\Roaming\MetaQuotes\Terminal\4B1CE69F577705455263BD980C39A82C\MQL5\Experts\Batch_0039\Open-Candle-EA\ini
2025-04-30 04:48:11,907 - INFO - Deleted INI directory: C:\Users\nikol\AppData\Roaming\MetaQuotes\Terminal\4B1CE69F577705455263BD980C39A82C\MQL5\Experts\Batch_0039\Open-Close\ini
2025-04-30 04:48:12,029 - INFO - Deleted INI directory: C:\Users\nikol\AppData\Roaming\MetaQuotes\Terminal\4B1CE69F577705455263BD980C39A82C\MQL5\Experts\Batch_0039\Opening-and-ilosing-on-time\ini
2025-04-30 04:48:12,149 - INFO - Deleted INI directory: C:\Users\nikol\AppData\Roaming\MetaQuotes\Terminal\4B1CE69F577705455263BD980C39A82C\MQL5\Experts\Batch_0039\Opening-and-Сlosing-on-time\ini
2025-04-30 04:48:12,280 - INFO - Deleted INI directory: C:\Users\nikol\AppData\Roaming\MetaQuotes\Terminal\4B1CE69F577705455263BD980C39A82C\MQL5\Experts\Batch_0039\OpenPendingorderAfterPositionGetStopLoss\ini
2025-04-30 04:48:12,411 - INFO - Deleted INI directory: C:\Users\nikol\AppData\Roaming\MetaQuotes\Terminal\4B1CE69F577705455263BD980C39A82C\MQL5\Experts\Batch_0039\OpenTicks\ini
2025-04-30 04:48:12,534 - INFO - Deleted INI directory: C:\Users\nikol\AppData\Roaming\MetaQuotes\Terminal\4B1CE69F577705455263BD980C39A82C\MQL5\Experts\Batch_0039\optimization-result\ini
2025-04-30 04:48:12,651 - INFO - Deleted INI directory: C:\Users\nikol\AppData\Roaming\MetaQuotes\Terminal\4B1CE69F577705455263BD980C39A82C\MQL5\Experts\Batch_0039\ORB-EA-BOX\ini
2025-04-30 04:48:12,776 - INFO - Deleted INI directory: C:\Users\nikol\AppData\Roaming\MetaQuotes\Terminal\4B1CE69F577705455263BD980C39A82C\MQL5\Experts\Batch_0040\OsMaSter\ini
2025-04-30 04:48:12,941 - INFO - Deleted INI directory: C:\Users\nikol\AppData\Roaming\MetaQuotes\Terminal\4B1CE69F577705455263BD980C39A82C\MQL5\Experts\Batch_0040\OTT-20AND-20PRICE-20CROSS-20EA\ini
2025-04-30 04:48:13,090 - INFO - Deleted INI directory: C:\Users\nikol\AppData\Roaming\MetaQuotes\Terminal\4B1CE69F577705455263BD980C39A82C\MQL5\Experts\Batch_0040\OverHedge\ini
2025-04-30 04:48:13,242 - INFO - Deleted INI directory: C:\Users\nikol\AppData\Roaming\MetaQuotes\Terminal\4B1CE69F577705455263BD980C39A82C\MQL5\Experts\Batch_0040\OzFx\ini
2025-04-30 04:48:13,394 - INFO - Deleted INI directory: C:\Users\nikol\AppData\Roaming\MetaQuotes\Terminal\4B1CE69F577705455263BD980C39A82C\MQL5\Experts\Batch_0040\Par-20sar-20mt5-201\ini
2025-04-30 04:48:13,537 - INFO - Deleted INI directory: C:\Users\nikol\AppData\Roaming\MetaQuotes\Terminal\4B1CE69F577705455263BD980C39A82C\MQL5\Experts\Batch_0040\Parabolic-SAR\ini
2025-04-30 04:48:13,669 - INFO - Deleted INI directory: C:\Users\nikol\AppData\Roaming\MetaQuotes\Terminal\4B1CE69F577705455263BD980C39A82C\MQL5\Experts\Batch_0040\PARSI-EA\ini
2025-04-30 04:48:13,835 - INFO - Deleted INI directory: C:\Users\nikol\AppData\Roaming\MetaQuotes\Terminal\4B1CE69F577705455263BD980C39A82C\MQL5\Experts\Batch_0040\Peceptron-Mult\ini
2025-04-30 04:48:14,007 - INFO - Deleted INI directory: C:\Users\nikol\AppData\Roaming\MetaQuotes\Terminal\4B1CE69F577705455263BD980C39A82C\MQL5\Experts\Batch_0040\Pending-orders-by-time\ini
2025-04-30 04:48:14,182 - INFO - Deleted INI directory: C:\Users\nikol\AppData\Roaming\MetaQuotes\Terminal\4B1CE69F577705455263BD980C39A82C\MQL5\Experts\Batch_0040\Pending-orders-by-time-2\ini
2025-04-30 04:48:14,305 - INFO - Deleted INI directory: C:\Users\nikol\AppData\Roaming\MetaQuotes\Terminal\4B1CE69F577705455263BD980C39A82C\MQL5\Experts\Batch_0041\Pendulum\ini
2025-04-30 04:48:14,449 - INFO - Deleted INI directory: C:\Users\nikol\AppData\Roaming\MetaQuotes\Terminal\4B1CE69F577705455263BD980C39A82C\MQL5\Experts\Batch_0041\Pinball-machine\ini
2025-04-30 04:48:14,599 - INFO - Deleted INI directory: C:\Users\nikol\AppData\Roaming\MetaQuotes\Terminal\4B1CE69F577705455263BD980C39A82C\MQL5\Experts\Batch_0041\Pinbar-Magic-EA\ini
2025-04-30 04:48:14,739 - INFO - Deleted INI directory: C:\Users\nikol\AppData\Roaming\MetaQuotes\Terminal\4B1CE69F577705455263BD980C39A82C\MQL5\Experts\Batch_0041\PinBar-Magic-Indicator\ini
2025-04-30 04:48:14,869 - INFO - Deleted INI directory: C:\Users\nikol\AppData\Roaming\MetaQuotes\Terminal\4B1CE69F577705455263BD980C39A82C\MQL5\Experts\Batch_0041\Pipsover\ini
2025-04-30 04:48:14,992 - INFO - Deleted INI directory: C:\Users\nikol\AppData\Roaming\MetaQuotes\Terminal\4B1CE69F577705455263BD980C39A82C\MQL5\Experts\Batch_0041\Plan-X\ini
2025-04-30 04:48:15,129 - INFO - Deleted INI directory: C:\Users\nikol\AppData\Roaming\MetaQuotes\Terminal\4B1CE69F577705455263BD980C39A82C\MQL5\Experts\Batch_0041\Plateau\ini
2025-04-30 04:48:15,261 - INFO - Deleted INI directory: C:\Users\nikol\AppData\Roaming\MetaQuotes\Terminal\4B1CE69F577705455263BD980C39A82C\MQL5\Experts\Batch_0041\Poker-SHOW\ini
2025-04-30 04:48:15,388 - INFO - Deleted INI directory: C:\Users\nikol\AppData\Roaming\MetaQuotes\Terminal\4B1CE69F577705455263BD980C39A82C\MQL5\Experts\Batch_0041\POVERTY-KILLER-GHOSTMT5-YoForexPremium\ini
2025-04-30 04:48:15,585 - INFO - Deleted INI directory: C:\Users\nikol\AppData\Roaming\MetaQuotes\Terminal\4B1CE69F577705455263BD980C39A82C\MQL5\Experts\Batch_0041\POW-BANKER-EA-MT5-4170-with-SetFiles-YoForexPremium\ini
2025-04-30 04:48:15,708 - INFO - Deleted INI directory: C:\Users\nikol\AppData\Roaming\MetaQuotes\Terminal\4B1CE69F577705455263BD980C39A82C\MQL5\Experts\Batch_0042\Precipice\ini
2025-04-30 04:48:15,841 - INFO - Deleted INI directory: C:\Users\nikol\AppData\Roaming\MetaQuotes\Terminal\4B1CE69F577705455263BD980C39A82C\MQL5\Experts\Batch_0042\Precipice-MartIn\ini
2025-04-30 04:48:15,974 - INFO - Deleted INI directory: C:\Users\nikol\AppData\Roaming\MetaQuotes\Terminal\4B1CE69F577705455263BD980C39A82C\MQL5\Experts\Batch_0042\PrizmaL-Pro-EAMT5-YoforexPremium\ini
2025-04-30 04:48:16,103 - INFO - Deleted INI directory: C:\Users\nikol\AppData\Roaming\MetaQuotes\Terminal\4B1CE69F577705455263BD980C39A82C\MQL5\Experts\Batch_0042\Probe\ini
2025-04-30 04:48:16,223 - INFO - Deleted INI directory: C:\Users\nikol\AppData\Roaming\MetaQuotes\Terminal\4B1CE69F577705455263BD980C39A82C\MQL5\Experts\Batch_0042\Proffessor\ini
2025-04-30 04:48:16,350 - INFO - Deleted INI directory: C:\Users\nikol\AppData\Roaming\MetaQuotes\Terminal\4B1CE69F577705455263BD980C39A82C\MQL5\Experts\Batch_0042\PropFirmHelper\ini
2025-04-30 04:48:16,477 - INFO - Deleted INI directory: C:\Users\nikol\AppData\Roaming\MetaQuotes\Terminal\4B1CE69F577705455263BD980C39A82C\MQL5\Experts\Batch_0042\PROphet\ini
2025-04-30 04:48:16,606 - INFO - Deleted INI directory: C:\Users\nikol\AppData\Roaming\MetaQuotes\Terminal\4B1CE69F577705455263BD980C39A82C\MQL5\Experts\Batch_0042\Puria-method\ini
2025-04-30 04:48:16,736 - INFO - Deleted INI directory: C:\Users\nikol\AppData\Roaming\MetaQuotes\Terminal\4B1CE69F577705455263BD980C39A82C\MQL5\Experts\Batch_0042\Rabbit3\ini
2025-04-30 04:48:16,872 - INFO - Deleted INI directory: C:\Users\nikol\AppData\Roaming\MetaQuotes\Terminal\4B1CE69F577705455263BD980C39A82C\MQL5\Experts\Batch_0042\Range-Breakout\ini
2025-04-30 04:48:17,011 - INFO - Deleted INI directory: C:\Users\nikol\AppData\Roaming\MetaQuotes\Terminal\4B1CE69F577705455263BD980C39A82C\MQL5\Experts\Batch_0043\Rapid-Doji-EA\ini
2025-04-30 04:48:17,145 - INFO - Deleted INI directory: C:\Users\nikol\AppData\Roaming\MetaQuotes\Terminal\4B1CE69F577705455263BD980C39A82C\MQL5\Experts\Batch_0043\Raymond-Cloudy-Day-for-EA\ini
2025-04-30 04:48:17,264 - INFO - Deleted INI directory: C:\Users\nikol\AppData\Roaming\MetaQuotes\Terminal\4B1CE69F577705455263BD980C39A82C\MQL5\Experts\Batch_0043\RedDragon-v.1.03\ini
2025-04-30 04:48:17,383 - INFO - Deleted INI directory: C:\Users\nikol\AppData\Roaming\MetaQuotes\Terminal\4B1CE69F577705455263BD980C39A82C\MQL5\Experts\Batch_0043\Reflex\ini
2025-04-30 04:48:17,512 - INFO - Deleted INI directory: C:\Users\nikol\AppData\Roaming\MetaQuotes\Terminal\4B1CE69F577705455263BD980C39A82C\MQL5\Experts\Batch_0043\Reflex-EA\ini
2025-04-30 04:48:17,657 - INFO - Deleted INI directory: C:\Users\nikol\AppData\Roaming\MetaQuotes\Terminal\4B1CE69F577705455263BD980C39A82C\MQL5\Experts\Batch_0043\REFLEX-INDICATOR\ini
2025-04-30 04:48:17,795 - INFO - Deleted INI directory: C:\Users\nikol\AppData\Roaming\MetaQuotes\Terminal\4B1CE69F577705455263BD980C39A82C\MQL5\Experts\Batch_0043\Reversing-Martingale\ini
2025-04-30 04:48:17,961 - INFO - Deleted INI directory: C:\Users\nikol\AppData\Roaming\MetaQuotes\Terminal\4B1CE69F577705455263BD980C39A82C\MQL5\Experts\Batch_0043\RideAlligator\ini
2025-04-30 04:48:18,138 - INFO - Deleted INI directory: C:\Users\nikol\AppData\Roaming\MetaQuotes\Terminal\4B1CE69F577705455263BD980C39A82C\MQL5\Experts\Batch_0043\RNN\ini
2025-04-30 04:48:18,752 - INFO - Deleted INI directory: C:\Users\nikol\AppData\Roaming\MetaQuotes\Terminal\4B1CE69F577705455263BD980C39A82C\MQL5\Experts\Batch_0043\RobotPowerM5-meta4\ini
2025-04-30 04:48:19,286 - INFO - Deleted INI directory: C:\Users\nikol\AppData\Roaming\MetaQuotes\Terminal\4B1CE69F577705455263BD980C39A82C\MQL5\Experts\Batch_0044\Robot-MACD\ini
2025-04-30 04:48:21,056 - INFO - Deleted INI directory: C:\Users\nikol\AppData\Roaming\MetaQuotes\Terminal\4B1CE69F577705455263BD980C39A82C\MQL5\Experts\Batch_0044\Rollback-system\ini
2025-04-30 04:48:30,928 - INFO - Deleted INI directory: C:\Users\nikol\AppData\Roaming\MetaQuotes\Terminal\4B1CE69F577705455263BD980C39A82C\MQL5\Experts\Batch_0044\RSI EA v2\ini
2025-04-30 04:48:31,455 - INFO - Deleted INI directory: C:\Users\nikol\AppData\Roaming\MetaQuotes\Terminal\4B1CE69F577705455263BD980C39A82C\MQL5\Experts\Batch_0044\RSI-and-Bollinger-Bands\ini
2025-04-30 04:48:31,965 - INFO - Deleted INI directory: C:\Users\nikol\AppData\Roaming\MetaQuotes\Terminal\4B1CE69F577705455263BD980C39A82C\MQL5\Experts\Batch_0044\RSI-Arrow\ini
2025-04-30 04:48:32,428 - INFO - Deleted INI directory: C:\Users\nikol\AppData\Roaming\MetaQuotes\Terminal\4B1CE69F577705455263BD980C39A82C\MQL5\Experts\Batch_0044\RSI-Bollinger-Bands-EA\ini
2025-04-30 04:48:32,898 - INFO - Deleted INI directory: C:\Users\nikol\AppData\Roaming\MetaQuotes\Terminal\4B1CE69F577705455263BD980C39A82C\MQL5\Experts\Batch_0044\RSI-EA\ini
2025-04-30 04:48:33,391 - INFO - Deleted INI directory: C:\Users\nikol\AppData\Roaming\MetaQuotes\Terminal\4B1CE69F577705455263BD980C39A82C\MQL5\Experts\Batch_0044\RSI-Eraser\ini
2025-04-30 04:48:33,842 - INFO - Deleted INI directory: C:\Users\nikol\AppData\Roaming\MetaQuotes\Terminal\4B1CE69F577705455263BD980C39A82C\MQL5\Experts\Batch_0044\RSI-Levels\ini
2025-04-30 04:48:34,331 - INFO - Deleted INI directory: C:\Users\nikol\AppData\Roaming\MetaQuotes\Terminal\4B1CE69F577705455263BD980C39A82C\MQL5\Experts\Batch_0044\RSI-trader\ini
2025-04-30 04:48:34,820 - INFO - Deleted INI directory: C:\Users\nikol\AppData\Roaming\MetaQuotes\Terminal\4B1CE69F577705455263BD980C39A82C\MQL5\Experts\Batch_0045\RSI-Arrow-EA\ini
2025-04-30 04:48:35,314 - INFO - Deleted INI directory: C:\Users\nikol\AppData\Roaming\MetaQuotes\Terminal\4B1CE69F577705455263BD980C39A82C\MQL5\Experts\Batch_0045\RSI-Expert\ini
2025-04-30 04:48:35,811 - INFO - Deleted INI directory: C:\Users\nikol\AppData\Roaming\MetaQuotes\Terminal\4B1CE69F577705455263BD980C39A82C\MQL5\Experts\Batch_0045\RSI-Trend\ini
2025-04-30 04:48:36,332 - INFO - Deleted INI directory: C:\Users\nikol\AppData\Roaming\MetaQuotes\Terminal\4B1CE69F577705455263BD980C39A82C\MQL5\Experts\Batch_0045\RSI-Trend-EA\ini
2025-04-30 04:48:36,816 - INFO - Deleted INI directory: C:\Users\nikol\AppData\Roaming\MetaQuotes\Terminal\4B1CE69F577705455263BD980C39A82C\MQL5\Experts\Batch_0045\RSI-with-channels\ini
2025-04-30 04:48:37,340 - INFO - Deleted INI directory: C:\Users\nikol\AppData\Roaming\MetaQuotes\Terminal\4B1CE69F577705455263BD980C39A82C\MQL5\Experts\Batch_0045\RSI-with-channels-EA\ini
2025-04-30 04:48:37,801 - INFO - Deleted INI directory: C:\Users\nikol\AppData\Roaming\MetaQuotes\Terminal\4B1CE69F577705455263BD980C39A82C\MQL5\Experts\Batch_0045\RSI_Expert_v2.0\ini
2025-04-30 04:48:38,248 - INFO - Deleted INI directory: C:\Users\nikol\AppData\Roaming\MetaQuotes\Terminal\4B1CE69F577705455263BD980C39A82C\MQL5\Experts\Batch_0045\Russian20-hp1\ini
2025-04-30 04:48:38,742 - INFO - Deleted INI directory: C:\Users\nikol\AppData\Roaming\MetaQuotes\Terminal\4B1CE69F577705455263BD980C39A82C\MQL5\Experts\Batch_0045\SampleCheckPendingOrder\ini
2025-04-30 04:48:39,216 - INFO - Deleted INI directory: C:\Users\nikol\AppData\Roaming\MetaQuotes\Terminal\4B1CE69F577705455263BD980C39A82C\MQL5\Experts\Batch_0045\SampleTrailingstop-MT5\ini
2025-04-30 04:48:39,671 - INFO - Deleted INI directory: C:\Users\nikol\AppData\Roaming\MetaQuotes\Terminal\4B1CE69F577705455263BD980C39A82C\MQL5\Experts\Batch_0046\SAR-trading\ini
2025-04-30 04:48:40,126 - INFO - Deleted INI directory: C:\Users\nikol\AppData\Roaming\MetaQuotes\Terminal\4B1CE69F577705455263BD980C39A82C\MQL5\Experts\Batch_0046\Secwenta\ini
2025-04-30 04:48:40,603 - INFO - Deleted INI directory: C:\Users\nikol\AppData\Roaming\MetaQuotes\Terminal\4B1CE69F577705455263BD980C39A82C\MQL5\Experts\Batch_0046\Sell-Stop\ini
2025-04-30 04:48:41,057 - INFO - Deleted INI directory: C:\Users\nikol\AppData\Roaming\MetaQuotes\Terminal\4B1CE69F577705455263BD980C39A82C\MQL5\Experts\Batch_0046\Sensitive\ini
2025-04-30 04:48:41,551 - INFO - Deleted INI directory: C:\Users\nikol\AppData\Roaming\MetaQuotes\Terminal\4B1CE69F577705455263BD980C39A82C\MQL5\Experts\Batch_0046\Separate-trade\ini
2025-04-30 04:48:42,030 - INFO - Deleted INI directory: C:\Users\nikol\AppData\Roaming\MetaQuotes\Terminal\4B1CE69F577705455263BD980C39A82C\MQL5\Experts\Batch_0046\SilverTrend\ini
2025-04-30 04:48:42,478 - INFO - Deleted INI directory: C:\Users\nikol\AppData\Roaming\MetaQuotes\Terminal\4B1CE69F577705455263BD980C39A82C\MQL5\Experts\Batch_0046\Simple-20Price-20Alert-20-20EA\ini
2025-04-30 04:48:42,980 - INFO - Deleted INI directory: C:\Users\nikol\AppData\Roaming\MetaQuotes\Terminal\4B1CE69F577705455263BD980C39A82C\MQL5\Experts\Batch_0046\Simple-20Volume-20EA\ini
2025-04-30 04:48:43,478 - INFO - Deleted INI directory: C:\Users\nikol\AppData\Roaming\MetaQuotes\Terminal\4B1CE69F577705455263BD980C39A82C\MQL5\Experts\Batch_0046\Simple-EA-MA-plus-MACD\ini
2025-04-30 04:48:44,007 - INFO - Deleted INI directory: C:\Users\nikol\AppData\Roaming\MetaQuotes\Terminal\4B1CE69F577705455263BD980C39A82C\MQL5\Experts\Batch_0046\Simple-FX\ini
2025-04-30 04:48:44,461 - INFO - Deleted INI directory: C:\Users\nikol\AppData\Roaming\MetaQuotes\Terminal\4B1CE69F577705455263BD980C39A82C\MQL5\Experts\Batch_0047\Simple-MACD\ini
2025-04-30 04:48:44,955 - INFO - Deleted INI directory: C:\Users\nikol\AppData\Roaming\MetaQuotes\Terminal\4B1CE69F577705455263BD980C39A82C\MQL5\Experts\Batch_0047\Simple-Volume-EA\ini
2025-04-30 04:48:45,443 - INFO - Deleted INI directory: C:\Users\nikol\AppData\Roaming\MetaQuotes\Terminal\4B1CE69F577705455263BD980C39A82C\MQL5\Experts\Batch_0047\SimplePivot\ini
2025-04-30 04:48:45,934 - INFO - Deleted INI directory: C:\Users\nikol\AppData\Roaming\MetaQuotes\Terminal\4B1CE69F577705455263BD980C39A82C\MQL5\Experts\Batch_0047\Simplest-Hedging-EA-ever\ini
2025-04-30 04:48:46,404 - INFO - Deleted INI directory: C:\Users\nikol\AppData\Roaming\MetaQuotes\Terminal\4B1CE69F577705455263BD980C39A82C\MQL5\Experts\Batch_0047\SimpleTrade\ini
2025-04-30 04:48:46,861 - INFO - Deleted INI directory: C:\Users\nikol\AppData\Roaming\MetaQuotes\Terminal\4B1CE69F577705455263BD980C39A82C\MQL5\Experts\Batch_0047\Six-Soldiers\ini
2025-04-30 04:48:47,400 - INFO - Deleted INI directory: C:\Users\nikol\AppData\Roaming\MetaQuotes\Terminal\4B1CE69F577705455263BD980C39A82C\MQL5\Experts\Batch_0047\Six-Soldiers-EA\ini
2025-04-30 04:48:47,905 - INFO - Deleted INI directory: C:\Users\nikol\AppData\Roaming\MetaQuotes\Terminal\4B1CE69F577705455263BD980C39A82C\MQL5\Experts\Batch_0047\Six-Soldiers-EA-Grid\ini
2025-04-30 04:48:48,430 - INFO - Deleted INI directory: C:\Users\nikol\AppData\Roaming\MetaQuotes\Terminal\4B1CE69F577705455263BD980C39A82C\MQL5\Experts\Batch_0047\Small-Inside-Bar-Strategy\ini
2025-04-30 04:48:48,935 - INFO - Deleted INI directory: C:\Users\nikol\AppData\Roaming\MetaQuotes\Terminal\4B1CE69F577705455263BD980C39A82C\MQL5\Experts\Batch_0047\Smart-Machine-20EA\ini
2025-04-30 04:48:49,473 - INFO - Deleted INI directory: C:\Users\nikol\AppData\Roaming\MetaQuotes\Terminal\4B1CE69F577705455263BD980C39A82C\MQL5\Experts\Batch_0048\Smoothing-Average\ini
2025-04-30 04:48:50,031 - INFO - Deleted INI directory: C:\Users\nikol\AppData\Roaming\MetaQuotes\Terminal\4B1CE69F577705455263BD980C39A82C\MQL5\Experts\Batch_0048\sound\ini
2025-04-30 04:48:50,582 - INFO - Deleted INI directory: C:\Users\nikol\AppData\Roaming\MetaQuotes\Terminal\4B1CE69F577705455263BD980C39A82C\MQL5\Experts\Batch_0048\Sound-Fx\ini
2025-04-30 04:48:51,154 - INFO - Deleted INI directory: C:\Users\nikol\AppData\Roaming\MetaQuotes\Terminal\4B1CE69F577705455263BD980C39A82C\MQL5\Experts\Batch_0048\Spasm\ini
2025-04-30 04:48:51,695 - INFO - Deleted INI directory: C:\Users\nikol\AppData\Roaming\MetaQuotes\Terminal\4B1CE69F577705455263BD980C39A82C\MQL5\Experts\Batch_0048\Sprd-mt5-20EA\ini
2025-04-30 04:48:52,253 - INFO - Deleted INI directory: C:\Users\nikol\AppData\Roaming\MetaQuotes\Terminal\4B1CE69F577705455263BD980C39A82C\MQL5\Experts\Batch_0048\SPYDER-EA-V-6.1-MT5-YoforexPremium\ini
2025-04-30 04:48:52,781 - INFO - Deleted INI directory: C:\Users\nikol\AppData\Roaming\MetaQuotes\Terminal\4B1CE69F577705455263BD980C39A82C\MQL5\Experts\Batch_0048\ssb5-123\ini
2025-04-30 04:48:53,340 - INFO - Deleted INI directory: C:\Users\nikol\AppData\Roaming\MetaQuotes\Terminal\4B1CE69F577705455263BD980C39A82C\MQL5\Experts\Batch_0048\Stargogs-Ghost-Spike-Robot-EAMT5-YoForexPremium\ini
2025-04-30 04:48:53,883 - INFO - Deleted INI directory: C:\Users\nikol\AppData\Roaming\MetaQuotes\Terminal\4B1CE69F577705455263BD980C39A82C\MQL5\Experts\Batch_0048\Stargogs-Pay-EA-MT5-YoforexPremium\ini
2025-04-30 04:48:54,451 - INFO - Deleted INI directory: C:\Users\nikol\AppData\Roaming\MetaQuotes\Terminal\4B1CE69F577705455263BD980C39A82C\MQL5\Experts\Batch_0048\Starter\ini
2025-04-30 04:48:55,003 - INFO - Deleted INI directory: C:\Users\nikol\AppData\Roaming\MetaQuotes\Terminal\4B1CE69F577705455263BD980C39A82C\MQL5\Experts\Batch_0049\Steve-Cartwright-Trader-Camel-CCI-MACD\ini
2025-04-30 04:48:55,508 - INFO - Deleted INI directory: C:\Users\nikol\AppData\Roaming\MetaQuotes\Terminal\4B1CE69F577705455263BD980C39A82C\MQL5\Experts\Batch_0049\Stoch\ini
2025-04-30 04:48:56,080 - INFO - Deleted INI directory: C:\Users\nikol\AppData\Roaming\MetaQuotes\Terminal\4B1CE69F577705455263BD980C39A82C\MQL5\Experts\Batch_0049\Stoch-EA-1192\ini
2025-04-30 04:48:56,621 - INFO - Deleted INI directory: C:\Users\nikol\AppData\Roaming\MetaQuotes\Terminal\4B1CE69F577705455263BD980C39A82C\MQL5\Experts\Batch_0049\Stochastic-20Alert\ini
2025-04-30 04:48:57,186 - INFO - Deleted INI directory: C:\Users\nikol\AppData\Roaming\MetaQuotes\Terminal\4B1CE69F577705455263BD980C39A82C\MQL5\Experts\Batch_0049\Stochastic-K-Divergence.lua\ini
2025-04-30 04:48:57,722 - INFO - Deleted INI directory: C:\Users\nikol\AppData\Roaming\MetaQuotes\Terminal\4B1CE69F577705455263BD980C39A82C\MQL5\Experts\Batch_0049\stochastic-three-periods\ini
2025-04-30 04:48:58,226 - INFO - Deleted INI directory: C:\Users\nikol\AppData\Roaming\MetaQuotes\Terminal\4B1CE69F577705455263BD980C39A82C\MQL5\Experts\Batch_0049\stochasticdiffsign\ini
2025-04-30 04:48:58,746 - INFO - Deleted INI directory: C:\Users\nikol\AppData\Roaming\MetaQuotes\Terminal\4B1CE69F577705455263BD980C39A82C\MQL5\Experts\Batch_0049\StochasticDiffSign-EA\ini
2025-04-30 04:48:59,293 - INFO - Deleted INI directory: C:\Users\nikol\AppData\Roaming\MetaQuotes\Terminal\4B1CE69F577705455263BD980C39A82C\MQL5\Experts\Batch_0049\StochMA\ini
2025-04-30 04:48:59,839 - INFO - Deleted INI directory: C:\Users\nikol\AppData\Roaming\MetaQuotes\Terminal\4B1CE69F577705455263BD980C39A82C\MQL5\Experts\Batch_0049\StochMA-EA\ini
2025-04-30 04:49:00,377 - INFO - Deleted INI directory: C:\Users\nikol\AppData\Roaming\MetaQuotes\Terminal\4B1CE69F577705455263BD980C39A82C\MQL5\Experts\Batch_0050\Stop-Loss-Take-Profit\ini
2025-04-30 04:49:00,934 - INFO - Deleted INI directory: C:\Users\nikol\AppData\Roaming\MetaQuotes\Terminal\4B1CE69F577705455263BD980C39A82C\MQL5\Experts\Batch_0050\StraddleqTrail\ini
2025-04-30 04:49:01,488 - INFO - Deleted INI directory: C:\Users\nikol\AppData\Roaming\MetaQuotes\Terminal\4B1CE69F577705455263BD980C39A82C\MQL5\Experts\Batch_0050\Strategie-Boom-Crash-System-MT5-YoForexPremium\ini
2025-04-30 04:49:02,104 - INFO - Deleted INI directory: C:\Users\nikol\AppData\Roaming\MetaQuotes\Terminal\4B1CE69F577705455263BD980C39A82C\MQL5\Experts\Batch_0050\SUPER-TURBO-EAMT5-YoForexPremium\ini
2025-04-30 04:49:02,658 - INFO - Deleted INI directory: C:\Users\nikol\AppData\Roaming\MetaQuotes\Terminal\4B1CE69F577705455263BD980C39A82C\MQL5\Experts\Batch_0050\Surefirething\ini
2025-04-30 04:49:03,215 - INFO - Deleted INI directory: C:\Users\nikol\AppData\Roaming\MetaQuotes\Terminal\4B1CE69F577705455263BD980C39A82C\MQL5\Experts\Batch_0050\TAILOR-EA-MT5-YoForexPremium\ini
2025-04-30 04:49:03,792 - INFO - Deleted INI directory: C:\Users\nikol\AppData\Roaming\MetaQuotes\Terminal\4B1CE69F577705455263BD980C39A82C\MQL5\Experts\Batch_0050\TAKASHI-SNIPEREA-MT5-yYoForexPremium\ini
2025-04-30 04:49:04,325 - INFO - Deleted INI directory: C:\Users\nikol\AppData\Roaming\MetaQuotes\Terminal\4B1CE69F577705455263BD980C39A82C\MQL5\Experts\Batch_0050\TDSGlobal\ini
2025-04-30 04:49:04,895 - INFO - Deleted INI directory: C:\Users\nikol\AppData\Roaming\MetaQuotes\Terminal\4B1CE69F577705455263BD980C39A82C\MQL5\Experts\Batch_0050\The-MasterMind\ini
2025-04-30 04:49:05,410 - INFO - Deleted INI directory: C:\Users\nikol\AppData\Roaming\MetaQuotes\Terminal\4B1CE69F577705455263BD980C39A82C\MQL5\Experts\Batch_0050\The-MasterMind-2\ini
2025-04-30 04:49:05,888 - INFO - Deleted INI directory: C:\Users\nikol\AppData\Roaming\MetaQuotes\Terminal\4B1CE69F577705455263BD980C39A82C\MQL5\Experts\Batch_0051\The-MasterMind-3\ini
2025-04-30 04:49:06,411 - INFO - Deleted INI directory: C:\Users\nikol\AppData\Roaming\MetaQuotes\Terminal\4B1CE69F577705455263BD980C39A82C\MQL5\Experts\Batch_0051\The-Puncher\ini
2025-04-30 04:49:06,941 - INFO - Deleted INI directory: C:\Users\nikol\AppData\Roaming\MetaQuotes\Terminal\4B1CE69F577705455263BD980C39A82C\MQL5\Experts\Batch_0051\TheClassicTurtleTrader-no-dots\ini
2025-04-30 04:49:07,475 - INFO - Deleted INI directory: C:\Users\nikol\AppData\Roaming\MetaQuotes\Terminal\4B1CE69F577705455263BD980C39A82C\MQL5\Experts\Batch_0051\TheClassicTurtleTrader-no-dots-EA\ini
2025-04-30 04:49:07,986 - INFO - Deleted INI directory: C:\Users\nikol\AppData\Roaming\MetaQuotes\Terminal\4B1CE69F577705455263BD980C39A82C\MQL5\Experts\Batch_0051\Thomas-EA-MT5-YoForexPremium\ini
2025-04-30 04:49:09,595 - INFO - Deleted INI directory: C:\Users\nikol\AppData\Roaming\MetaQuotes\Terminal\4B1CE69F577705455263BD980C39A82C\MQL5\Experts\Batch_0051\Three-indicators\ini
2025-04-30 04:49:19,008 - INFO - Deleted INI directory: C:\Users\nikol\AppData\Roaming\MetaQuotes\Terminal\4B1CE69F577705455263BD980C39A82C\MQL5\Experts\Batch_0051\Three-neural-networks\ini
2025-04-30 04:49:19,590 - INFO - Deleted INI directory: C:\Users\nikol\AppData\Roaming\MetaQuotes\Terminal\4B1CE69F577705455263BD980C39A82C\MQL5\Experts\Batch_0051\Three-timeframes\ini
2025-04-30 04:49:20,179 - INFO - Deleted INI directory: C:\Users\nikol\AppData\Roaming\MetaQuotes\Terminal\4B1CE69F577705455263BD980C39A82C\MQL5\Experts\Batch_0051\Three-Typical-Candles\ini
2025-04-30 04:49:20,691 - INFO - Deleted INI directory: C:\Users\nikol\AppData\Roaming\MetaQuotes\Terminal\4B1CE69F577705455263BD980C39A82C\MQL5\Experts\Batch_0051\Time-bomb-mt5-1\ini
2025-04-30 04:49:21,216 - INFO - Deleted INI directory: C:\Users\nikol\AppData\Roaming\MetaQuotes\Terminal\4B1CE69F577705455263BD980C39A82C\MQL5\Experts\Batch_0052\Time-sync-forts\ini
2025-04-30 04:49:21,736 - INFO - Deleted INI directory: C:\Users\nikol\AppData\Roaming\MetaQuotes\Terminal\4B1CE69F577705455263BD980C39A82C\MQL5\Experts\Batch_0052\timer-trade\ini
2025-04-30 04:49:22,242 - INFO - Deleted INI directory: C:\Users\nikol\AppData\Roaming\MetaQuotes\Terminal\4B1CE69F577705455263BD980C39A82C\MQL5\Experts\Batch_0052\Titan-X-21.18-EA-MT5\ini
2025-04-30 04:49:22,813 - INFO - Deleted INI directory: C:\Users\nikol\AppData\Roaming\MetaQuotes\Terminal\4B1CE69F577705455263BD980C39A82C\MQL5\Experts\Batch_0052\TMA-ATR-Channel\ini
2025-04-30 04:49:23,316 - INFO - Deleted INI directory: C:\Users\nikol\AppData\Roaming\MetaQuotes\Terminal\4B1CE69F577705455263BD980C39A82C\MQL5\Experts\Batch_0052\TMA-ATR-EA\ini
2025-04-30 04:49:23,900 - INFO - Deleted INI directory: C:\Users\nikol\AppData\Roaming\MetaQuotes\Terminal\4B1CE69F577705455263BD980C39A82C\MQL5\Experts\Batch_0052\TMA-CG-EA\ini
2025-04-30 04:49:24,425 - INFO - Deleted INI directory: C:\Users\nikol\AppData\Roaming\MetaQuotes\Terminal\4B1CE69F577705455263BD980C39A82C\MQL5\Experts\Batch_0052\TMA-CG-Martingale-20EA\ini
2025-04-30 04:49:24,969 - INFO - Deleted INI directory: C:\Users\nikol\AppData\Roaming\MetaQuotes\Terminal\4B1CE69F577705455263BD980C39A82C\MQL5\Experts\Batch_0052\TMA-CG-mladen\ini
2025-04-30 04:49:25,501 - INFO - Deleted INI directory: C:\Users\nikol\AppData\Roaming\MetaQuotes\Terminal\4B1CE69F577705455263BD980C39A82C\MQL5\Experts\Batch_0052\TmaTrue-2.0-with-Distances-6xx\ini
2025-04-30 04:49:26,006 - INFO - Deleted INI directory: C:\Users\nikol\AppData\Roaming\MetaQuotes\Terminal\4B1CE69F577705455263BD980C39A82C\MQL5\Experts\Batch_0052\TmaTrue-3.0-with-Distances-6xx\ini
2025-04-30 04:49:26,527 - INFO - Deleted INI directory: C:\Users\nikol\AppData\Roaming\MetaQuotes\Terminal\4B1CE69F577705455263BD980C39A82C\MQL5\Experts\Batch_0053\TMA-CG-special\ini
2025-04-30 04:49:27,051 - INFO - Deleted INI directory: C:\Users\nikol\AppData\Roaming\MetaQuotes\Terminal\4B1CE69F577705455263BD980C39A82C\MQL5\Experts\Batch_0053\TMA-slope-bands\ini
2025-04-30 04:49:27,548 - INFO - Deleted INI directory: C:\Users\nikol\AppData\Roaming\MetaQuotes\Terminal\4B1CE69F577705455263BD980C39A82C\MQL5\Experts\Batch_0053\TP-with-money\ini
2025-04-30 04:49:28,037 - INFO - Deleted INI directory: C:\Users\nikol\AppData\Roaming\MetaQuotes\Terminal\4B1CE69F577705455263BD980C39A82C\MQL5\Experts\Batch_0053\Trade-in-Channel\ini
2025-04-30 04:49:28,498 - INFO - Deleted INI directory: C:\Users\nikol\AppData\Roaming\MetaQuotes\Terminal\4B1CE69F577705455263BD980C39A82C\MQL5\Experts\Batch_0053\Trade-on-qualified-RSI\ini
2025-04-30 04:49:28,970 - INFO - Deleted INI directory: C:\Users\nikol\AppData\Roaming\MetaQuotes\Terminal\4B1CE69F577705455263BD980C39A82C\MQL5\Experts\Batch_0053\Trade-Republic-1.75-MT5\ini
2025-04-30 04:49:29,454 - INFO - Deleted INI directory: C:\Users\nikol\AppData\Roaming\MetaQuotes\Terminal\4B1CE69F577705455263BD980C39A82C\MQL5\Experts\Batch_0053\Trading-Breakout-MrThanhTan\ini
2025-04-30 04:49:29,918 - INFO - Deleted INI directory: C:\Users\nikol\AppData\Roaming\MetaQuotes\Terminal\4B1CE69F577705455263BD980C39A82C\MQL5\Experts\Batch_0053\Trend-Trader-Strategy\ini
2025-04-30 04:49:30,373 - INFO - Deleted INI directory: C:\Users\nikol\AppData\Roaming\MetaQuotes\Terminal\4B1CE69F577705455263BD980C39A82C\MQL5\Experts\Batch_0053\Trend-Trader-Strategy-EA\ini
2025-04-30 04:49:30,847 - INFO - Deleted INI directory: C:\Users\nikol\AppData\Roaming\MetaQuotes\Terminal\4B1CE69F577705455263BD980C39A82C\MQL5\Experts\Batch_0053\True-Scalper-Profit-Lock\ini
2025-04-30 04:49:31,288 - INFO - Deleted INI directory: C:\Users\nikol\AppData\Roaming\MetaQuotes\Terminal\4B1CE69F577705455263BD980C39A82C\MQL5\Experts\Batch_0054\Tru-EA\ini
2025-04-30 04:49:31,753 - INFO - Deleted INI directory: C:\Users\nikol\AppData\Roaming\MetaQuotes\Terminal\4B1CE69F577705455263BD980C39A82C\MQL5\Experts\Batch_0054\TrueSort-1100\ini
2025-04-30 04:49:32,248 - INFO - Deleted INI directory: C:\Users\nikol\AppData\Roaming\MetaQuotes\Terminal\4B1CE69F577705455263BD980C39A82C\MQL5\Experts\Batch_0054\Tunnel-gen4\ini
2025-04-30 04:49:32,737 - INFO - Deleted INI directory: C:\Users\nikol\AppData\Roaming\MetaQuotes\Terminal\4B1CE69F577705455263BD980C39A82C\MQL5\Experts\Batch_0054\Tunnel-Method\ini
2025-04-30 04:49:33,207 - INFO - Deleted INI directory: C:\Users\nikol\AppData\Roaming\MetaQuotes\Terminal\4B1CE69F577705455263BD980C39A82C\MQL5\Experts\Batch_0054\Tunnel-Vision-2024-EA-MT5-YoForexPremium\ini
2025-04-30 04:49:33,660 - INFO - Deleted INI directory: C:\Users\nikol\AppData\Roaming\MetaQuotes\Terminal\4B1CE69F577705455263BD980C39A82C\MQL5\Experts\Batch_0054\TurnGrid\ini
2025-04-30 04:49:34,135 - INFO - Deleted INI directory: C:\Users\nikol\AppData\Roaming\MetaQuotes\Terminal\4B1CE69F577705455263BD980C39A82C\MQL5\Experts\Batch_0054\Two-20MA-20RSI-20ADX-20EA\ini
2025-04-30 04:49:34,631 - INFO - Deleted INI directory: C:\Users\nikol\AppData\Roaming\MetaQuotes\Terminal\4B1CE69F577705455263BD980C39A82C\MQL5\Experts\Batch_0054\Two-20Orders-20Panel\ini
2025-04-30 04:49:35,088 - INFO - Deleted INI directory: C:\Users\nikol\AppData\Roaming\MetaQuotes\Terminal\4B1CE69F577705455263BD980C39A82C\MQL5\Experts\Batch_0054\Two-pending-orders-2\ini
2025-04-30 04:49:35,288 - INFO - Deleted INI directory: C:\Users\nikol\AppData\Roaming\MetaQuotes\Terminal\4B1CE69F577705455263BD980C39A82C\MQL5\Experts\Batch_0054\Two-PerBar\ini
2025-04-30 04:49:35,404 - INFO - Deleted INI directory: C:\Users\nikol\AppData\Roaming\MetaQuotes\Terminal\4B1CE69F577705455263BD980C39A82C\MQL5\Experts\Batch_0055\UnityPro\ini
2025-04-30 04:49:35,538 - INFO - Deleted INI directory: C:\Users\nikol\AppData\Roaming\MetaQuotes\Terminal\4B1CE69F577705455263BD980C39A82C\MQL5\Experts\Batch_0055\UniversalMACrossEA\ini
2025-04-30 04:49:35,674 - INFO - Deleted INI directory: C:\Users\nikol\AppData\Roaming\MetaQuotes\Terminal\4B1CE69F577705455263BD980C39A82C\MQL5\Experts\Batch_0055\UniversalSignalDemo\ini
2025-04-30 04:49:35,800 - INFO - Deleted INI directory: C:\Users\nikol\AppData\Roaming\MetaQuotes\Terminal\4B1CE69F577705455263BD980C39A82C\MQL5\Experts\Batch_0055\Universum-3.0\ini
2025-04-30 04:49:35,930 - INFO - Deleted INI directory: C:\Users\nikol\AppData\Roaming\MetaQuotes\Terminal\4B1CE69F577705455263BD980C39A82C\MQL5\Experts\Batch_0055\UnNomGuai-20EA\ini
2025-04-30 04:49:36,071 - INFO - Deleted INI directory: C:\Users\nikol\AppData\Roaming\MetaQuotes\Terminal\4B1CE69F577705455263BD980C39A82C\MQL5\Experts\Batch_0055\up3x1\ini
2025-04-30 04:49:36,187 - INFO - Deleted INI directory: C:\Users\nikol\AppData\Roaming\MetaQuotes\Terminal\4B1CE69F577705455263BD980C39A82C\MQL5\Experts\Batch_0055\up3x1-Investor\ini
2025-04-30 04:49:36,308 - INFO - Deleted INI directory: C:\Users\nikol\AppData\Roaming\MetaQuotes\Terminal\4B1CE69F577705455263BD980C39A82C\MQL5\Experts\Batch_0055\up3x1-premium-M\ini
2025-04-30 04:49:36,436 - INFO - Deleted INI directory: C:\Users\nikol\AppData\Roaming\MetaQuotes\Terminal\4B1CE69F577705455263BD980C39A82C\MQL5\Experts\Batch_0055\Upgraded-EA-CRASH-1000MT5-YoforexPremium\ini
2025-04-30 04:49:36,578 - INFO - Deleted INI directory: C:\Users\nikol\AppData\Roaming\MetaQuotes\Terminal\4B1CE69F577705455263BD980C39A82C\MQL5\Experts\Batch_0055\Urdala-Trol\ini
2025-04-30 04:49:36,710 - INFO - Deleted INI directory: C:\Users\nikol\AppData\Roaming\MetaQuotes\Terminal\4B1CE69F577705455263BD980C39A82C\MQL5\Experts\Batch_0056\Very-Blonde-System\ini
2025-04-30 04:49:36,850 - INFO - Deleted INI directory: C:\Users\nikol\AppData\Roaming\MetaQuotes\Terminal\4B1CE69F577705455263BD980C39A82C\MQL5\Experts\Batch_0056\Virtual-Trailing-Stop\ini
2025-04-30 04:49:36,961 - INFO - Deleted INI directory: C:\Users\nikol\AppData\Roaming\MetaQuotes\Terminal\4B1CE69F577705455263BD980C39A82C\MQL5\Experts\Batch_0056\VLT-TRADER\ini
2025-04-30 04:49:37,179 - INFO - Deleted INI directory: C:\Users\nikol\AppData\Roaming\MetaQuotes\Terminal\4B1CE69F577705455263BD980C39A82C\MQL5\Experts\Batch_0056\Volume-trader\ini
2025-04-30 04:49:37,827 - INFO - Deleted INI directory: C:\Users\nikol\AppData\Roaming\MetaQuotes\Terminal\4B1CE69F577705455263BD980C39A82C\MQL5\Experts\Batch_0056\Vortex-Indicator-System\ini
2025-04-30 04:49:38,307 - INFO - Deleted INI directory: C:\Users\nikol\AppData\Roaming\MetaQuotes\Terminal\4B1CE69F577705455263BD980C39A82C\MQL5\Experts\Batch_0056\VR-Overturn\ini
2025-04-30 04:49:38,821 - INFO - Deleted INI directory: C:\Users\nikol\AppData\Roaming\MetaQuotes\Terminal\4B1CE69F577705455263BD980C39A82C\MQL5\Experts\Batch_0056\VR-ZVER\ini
2025-04-30 04:49:39,277 - INFO - Deleted INI directory: C:\Users\nikol\AppData\Roaming\MetaQuotes\Terminal\4B1CE69F577705455263BD980C39A82C\MQL5\Experts\Batch_0056\VR-ZVER-v.2\ini
2025-04-30 04:49:39,761 - INFO - Deleted INI directory: C:\Users\nikol\AppData\Roaming\MetaQuotes\Terminal\4B1CE69F577705455263BD980C39A82C\MQL5\Experts\Batch_0056\VZO\ini
2025-04-30 04:49:40,303 - INFO - Deleted INI directory: C:\Users\nikol\AppData\Roaming\MetaQuotes\Terminal\4B1CE69F577705455263BD980C39A82C\MQL5\Experts\Batch_0056\Waddah-Attar-Win\ini
2025-04-30 04:49:40,853 - INFO - Deleted INI directory: C:\Users\nikol\AppData\Roaming\MetaQuotes\Terminal\4B1CE69F577705455263BD980C39A82C\MQL5\Experts\Batch_0057\NSK-Swing\ini
2025-04-30 04:49:41,339 - INFO - Deleted INI directory: C:\Users\nikol\AppData\Roaming\MetaQuotes\Terminal\4B1CE69F577705455263BD980C39A82C\MQL5\Experts\Batch_0057\Simple-Trade\ini
2025-04-30 04:49:41,833 - INFO - Deleted INI directory: C:\Users\nikol\AppData\Roaming\MetaQuotes\Terminal\4B1CE69F577705455263BD980C39A82C\MQL5\Experts\Batch_0057\Two-Perbar\ini
2025-04-30 04:49:42,325 - INFO - Deleted INI directory: C:\Users\nikol\AppData\Roaming\MetaQuotes\Terminal\4B1CE69F577705455263BD980C39A82C\MQL5\Experts\Batch_0057\wagonKing1-EA\ini
2025-04-30 04:49:42,857 - INFO - Deleted INI directory: C:\Users\nikol\AppData\Roaming\MetaQuotes\Terminal\4B1CE69F577705455263BD980C39A82C\MQL5\Experts\Batch_0057\WE-TRUST\ini
2025-04-30 04:49:43,364 - INFO - Deleted INI directory: C:\Users\nikol\AppData\Roaming\MetaQuotes\Terminal\4B1CE69F577705455263BD980C39A82C\MQL5\Experts\Batch_0057\X-RSIOMA\ini
2025-04-30 04:49:43,882 - INFO - Deleted INI directory: C:\Users\nikol\AppData\Roaming\MetaQuotes\Terminal\4B1CE69F577705455263BD980C39A82C\MQL5\Experts\Batch_0057\XKPRMST-EA-MT5-YoForexPremium\ini
2025-04-30 04:49:44,393 - INFO - Deleted INI directory: C:\Users\nikol\AppData\Roaming\MetaQuotes\Terminal\4B1CE69F577705455263BD980C39A82C\MQL5\Experts\Batch_0057\XT-EURUSD-EA-MT5-YoForexPremium\ini
2025-04-30 04:49:44,892 - INFO - Deleted INI directory: C:\Users\nikol\AppData\Roaming\MetaQuotes\Terminal\4B1CE69F577705455263BD980C39A82C\MQL5\Experts\Batch_0057\Yesterday-Today\ini
2025-04-30 04:49:45,506 - INFO - Deleted INI directory: C:\Users\nikol\AppData\Roaming\MetaQuotes\Terminal\4B1CE69F577705455263BD980C39A82C\MQL5\Experts\Batch_0057\Yumnaa-Classic-EA-MT5-Setfiles-YoForexPremium\ini
2025-04-30 04:49:45,508 - INFO - Successfully deleted 572 INI directories
