2025-04-25 13:59:41,748 - INFO - Deleted INI directory: C:\Users\nikol\AppData\Roaming\MetaQuotes\Terminal\4B1CE69F577705455263BD980C39A82C\MQL5\Experts\Batch_0001\10-pips\ini
2025-04-25 13:59:42,117 - INFO - Deleted INI directory: C:\Users\nikol\AppData\Roaming\MetaQuotes\Terminal\4B1CE69F577705455263BD980C39A82C\MQL5\Experts\Batch_0001\10-pips-EURUSD\ini
2025-04-25 13:59:42,420 - INFO - Deleted INI directory: C:\Users\nikol\AppData\Roaming\MetaQuotes\Terminal\4B1CE69F577705455263BD980C39A82C\MQL5\Experts\Batch_0001\1H-EUR-USD\ini
2025-04-25 13:59:42,755 - INFO - Deleted INI directory: C:\Users\nikol\AppData\Roaming\MetaQuotes\Terminal\4B1CE69F577705455263BD980C39A82C\MQL5\Experts\Batch_0001\20011201-GBPUSD-M1\ini
2025-04-25 13:59:43,049 - INFO - Deleted INI directory: C:\Users\nikol\AppData\Roaming\MetaQuotes\Terminal\4B1CE69F577705455263BD980C39A82C\MQL5\Experts\Batch_0001\21hour\ini
2025-04-25 13:59:43,358 - INFO - Deleted INI directory: C:\Users\nikol\AppData\Roaming\MetaQuotes\Terminal\4B1CE69F577705455263BD980C39A82C\MQL5\Experts\Batch_0001\2HR-HL\ini
2025-04-25 13:59:43,686 - INFO - Deleted INI directory: C:\Users\nikol\AppData\Roaming\MetaQuotes\Terminal\4B1CE69F577705455263BD980C39A82C\MQL5\Experts\Batch_0001\2MA-4Level\ini
2025-04-25 13:59:44,048 - INFO - Deleted INI directory: C:\Users\nikol\AppData\Roaming\MetaQuotes\Terminal\4B1CE69F577705455263BD980C39A82C\MQL5\Experts\Batch_0001\2MA-Bunny-Cross\ini
2025-04-25 13:59:44,397 - INFO - Deleted INI directory: C:\Users\nikol\AppData\Roaming\MetaQuotes\Terminal\4B1CE69F577705455263BD980C39A82C\MQL5\Experts\Batch_0001\3-bars-high-low-indicator\ini
2025-04-25 13:59:44,773 - INFO - Deleted INI directory: C:\Users\nikol\AppData\Roaming\MetaQuotes\Terminal\4B1CE69F577705455263BD980C39A82C\MQL5\Experts\Batch_0001\35-Pip-Scalper\ini
2025-04-25 13:59:45,068 - INFO - Deleted INI directory: C:\Users\nikol\AppData\Roaming\MetaQuotes\Terminal\4B1CE69F577705455263BD980C39A82C\MQL5\Experts\Batch_0002\3BarsHighLowEA\ini
2025-04-25 13:59:45,385 - INFO - Deleted INI directory: C:\Users\nikol\AppData\Roaming\MetaQuotes\Terminal\4B1CE69F577705455263BD980C39A82C\MQL5\Experts\Batch_0002\3sma\ini
2025-04-25 13:59:45,676 - INFO - Deleted INI directory: C:\Users\nikol\AppData\Roaming\MetaQuotes\Terminal\4B1CE69F577705455263BD980C39A82C\MQL5\Experts\Batch_0002\3sma_\ini
2025-04-25 13:59:45,985 - INFO - Deleted INI directory: C:\Users\nikol\AppData\Roaming\MetaQuotes\Terminal\4B1CE69F577705455263BD980C39A82C\MQL5\Experts\Batch_0002\500\ini
2025-04-25 13:59:46,330 - INFO - Deleted INI directory: C:\Users\nikol\AppData\Roaming\MetaQuotes\Terminal\4B1CE69F577705455263BD980C39A82C\MQL5\Experts\Batch_0002\55-MA\ini
2025-04-25 13:59:46,659 - INFO - Deleted INI directory: C:\Users\nikol\AppData\Roaming\MetaQuotes\Terminal\4B1CE69F577705455263BD980C39A82C\MQL5\Experts\Batch_0002\A\ini
2025-04-25 13:59:46,972 - INFO - Deleted INI directory: C:\Users\nikol\AppData\Roaming\MetaQuotes\Terminal\4B1CE69F577705455263BD980C39A82C\MQL5\Experts\Batch_0002\Above-Below-MA\ini
2025-04-25 13:59:47,271 - INFO - Deleted INI directory: C:\Users\nikol\AppData\Roaming\MetaQuotes\Terminal\4B1CE69F577705455263BD980C39A82C\MQL5\Experts\Batch_0002\Absorption\ini
2025-04-25 13:59:47,571 - INFO - Deleted INI directory: C:\Users\nikol\AppData\Roaming\MetaQuotes\Terminal\4B1CE69F577705455263BD980C39A82C\MQL5\Experts\Batch_0002\AC-ACADEMY-US30\ini
2025-04-25 13:59:47,867 - INFO - Deleted INI directory: C:\Users\nikol\AppData\Roaming\MetaQuotes\Terminal\4B1CE69F577705455263BD980C39A82C\MQL5\Experts\Batch_0002\Accumulator\ini
2025-04-25 13:59:48,203 - INFO - Deleted INI directory: C:\Users\nikol\AppData\Roaming\MetaQuotes\Terminal\4B1CE69F577705455263BD980C39A82C\MQL5\Experts\Batch_0002\temp_3sma-1\ini
2025-04-25 13:59:48,497 - INFO - Deleted INI directory: C:\Users\nikol\AppData\Roaming\MetaQuotes\Terminal\4B1CE69F577705455263BD980C39A82C\MQL5\Experts\Batch_0002\temp_temp-3sma-1\ini
2025-04-25 13:59:48,811 - INFO - Deleted INI directory: C:\Users\nikol\AppData\Roaming\MetaQuotes\Terminal\4B1CE69F577705455263BD980C39A82C\MQL5\Experts\Batch_0002\temp_temp-temp-3sma-1\ini
2025-04-25 13:59:49,108 - INFO - Deleted INI directory: C:\Users\nikol\AppData\Roaming\MetaQuotes\Terminal\4B1CE69F577705455263BD980C39A82C\MQL5\Experts\Batch_0003\ADX-MA\ini
2025-04-25 13:59:49,407 - INFO - Deleted INI directory: C:\Users\nikol\AppData\Roaming\MetaQuotes\Terminal\4B1CE69F577705455263BD980C39A82C\MQL5\Experts\Batch_0003\ADX-MACD-Deev\ini
2025-04-25 13:59:49,726 - INFO - Deleted INI directory: C:\Users\nikol\AppData\Roaming\MetaQuotes\Terminal\4B1CE69F577705455263BD980C39A82C\MQL5\Experts\Batch_0003\ADX-System\ini
2025-04-25 13:59:50,012 - INFO - Deleted INI directory: C:\Users\nikol\AppData\Roaming\MetaQuotes\Terminal\4B1CE69F577705455263BD980C39A82C\MQL5\Experts\Batch_0003\AI-GOLD\ini
2025-04-25 13:59:50,306 - INFO - Deleted INI directory: C:\Users\nikol\AppData\Roaming\MetaQuotes\Terminal\4B1CE69F577705455263BD980C39A82C\MQL5\Experts\Batch_0003\AI-Trader\ini
2025-04-25 13:59:50,616 - INFO - Deleted INI directory: C:\Users\nikol\AppData\Roaming\MetaQuotes\Terminal\4B1CE69F577705455263BD980C39A82C\MQL5\Experts\Batch_0003\AI-TUNE\ini
2025-04-25 13:59:50,911 - INFO - Deleted INI directory: C:\Users\nikol\AppData\Roaming\MetaQuotes\Terminal\4B1CE69F577705455263BD980C39A82C\MQL5\Experts\Batch_0003\AI-Tune-EAMT5-YoforexPremium\ini
2025-04-25 13:59:51,218 - INFO - Deleted INI directory: C:\Users\nikol\AppData\Roaming\MetaQuotes\Terminal\4B1CE69F577705455263BD980C39A82C\MQL5\Experts\Batch_0003\AI-TUNE-FIXED-YFP\ini
2025-04-25 13:59:51,522 - INFO - Deleted INI directory: C:\Users\nikol\AppData\Roaming\MetaQuotes\Terminal\4B1CE69F577705455263BD980C39A82C\MQL5\Experts\Batch_0003\AIS1\ini
2025-04-25 13:59:51,819 - INFO - Deleted INI directory: C:\Users\nikol\AppData\Roaming\MetaQuotes\Terminal\4B1CE69F577705455263BD980C39A82C\MQL5\Experts\Batch_0003\AK-47-Scalper-EA-MT5\ini
2025-04-25 13:59:52,133 - INFO - Deleted INI directory: C:\Users\nikol\AppData\Roaming\MetaQuotes\Terminal\4B1CE69F577705455263BD980C39A82C\MQL5\Experts\Batch_0003\temp-AI-Tune-EA-YoforexPremium\ini
2025-04-25 13:59:52,437 - INFO - Deleted INI directory: C:\Users\nikol\AppData\Roaming\MetaQuotes\Terminal\4B1CE69F577705455263BD980C39A82C\MQL5\Experts\Batch_0003\temp-AK-47-Scalper-EA\ini
2025-04-25 13:59:52,738 - INFO - Deleted INI directory: C:\Users\nikol\AppData\Roaming\MetaQuotes\Terminal\4B1CE69F577705455263BD980C39A82C\MQL5\Experts\Batch_0003\temp_AI-Tune-EA-YoforexPremium\ini
2025-04-25 13:59:53,080 - INFO - Deleted INI directory: C:\Users\nikol\AppData\Roaming\MetaQuotes\Terminal\4B1CE69F577705455263BD980C39A82C\MQL5\Experts\Batch_0003\temp_AK-47-Scalper-EA\ini
2025-04-25 13:59:53,403 - INFO - Deleted INI directory: C:\Users\nikol\AppData\Roaming\MetaQuotes\Terminal\4B1CE69F577705455263BD980C39A82C\MQL5\Experts\Batch_0004\AK-47-Scalper-EA-yoforexPremium-MT5\ini
2025-04-25 13:59:53,730 - INFO - Deleted INI directory: C:\Users\nikol\AppData\Roaming\MetaQuotes\Terminal\4B1CE69F577705455263BD980C39A82C\MQL5\Experts\Batch_0004\AK-47-Scalper-EAMT4-with-sourcecode-YoforexPremium-MT5\ini
2025-04-25 13:59:54,043 - INFO - Deleted INI directory: C:\Users\nikol\AppData\Roaming\MetaQuotes\Terminal\4B1CE69F577705455263BD980C39A82C\MQL5\Experts\Batch_0004\ALCHEMIST-YoforexPremium\ini
2025-04-25 13:59:54,344 - INFO - Deleted INI directory: C:\Users\nikol\AppData\Roaming\MetaQuotes\Terminal\4B1CE69F577705455263BD980C39A82C\MQL5\Experts\Batch_0004\Alexav-D1-Profit-GBPUSD\ini
2025-04-25 13:59:54,655 - INFO - Deleted INI directory: C:\Users\nikol\AppData\Roaming\MetaQuotes\Terminal\4B1CE69F577705455263BD980C39A82C\MQL5\Experts\Batch_0004\All-Average-Ea\ini
2025-04-25 13:59:54,973 - INFO - Deleted INI directory: C:\Users\nikol\AppData\Roaming\MetaQuotes\Terminal\4B1CE69F577705455263BD980C39A82C\MQL5\Experts\Batch_0004\Alligator\ini
2025-04-25 13:59:55,280 - INFO - Deleted INI directory: C:\Users\nikol\AppData\Roaming\MetaQuotes\Terminal\4B1CE69F577705455263BD980C39A82C\MQL5\Experts\Batch_0004\Alligator-Simple\ini
2025-04-25 13:59:55,632 - INFO - Deleted INI directory: C:\Users\nikol\AppData\Roaming\MetaQuotes\Terminal\4B1CE69F577705455263BD980C39A82C\MQL5\Experts\Batch_0004\Alpha-Zero-AI-RobotMT5-YoForexPremium\ini
2025-04-25 13:59:55,943 - INFO - Deleted INI directory: C:\Users\nikol\AppData\Roaming\MetaQuotes\Terminal\4B1CE69F577705455263BD980C39A82C\MQL5\Experts\Batch_0004\Altarius-RSI-Stohastic\ini
2025-04-25 13:59:56,253 - INFO - Deleted INI directory: C:\Users\nikol\AppData\Roaming\MetaQuotes\Terminal\4B1CE69F577705455263BD980C39A82C\MQL5\Experts\Batch_0004\AMA-Trader\ini
2025-04-25 13:59:56,564 - INFO - Deleted INI directory: C:\Users\nikol\AppData\Roaming\MetaQuotes\Terminal\4B1CE69F577705455263BD980C39A82C\MQL5\Experts\Batch_0004\temp-AK-47-Scalper-EA-with-sourcecode-YoforexPremium\ini
2025-04-25 13:59:56,876 - INFO - Deleted INI directory: C:\Users\nikol\AppData\Roaming\MetaQuotes\Terminal\4B1CE69F577705455263BD980C39A82C\MQL5\Experts\Batch_0004\temp-AK-47-Scalper-EA-yoforexPremium\ini
2025-04-25 13:59:57,175 - INFO - Deleted INI directory: C:\Users\nikol\AppData\Roaming\MetaQuotes\Terminal\4B1CE69F577705455263BD980C39A82C\MQL5\Experts\Batch_0004\temp-Alpha-Zero-AI-Robot-YoForexPremium\ini
2025-04-25 13:59:57,496 - INFO - Deleted INI directory: C:\Users\nikol\AppData\Roaming\MetaQuotes\Terminal\4B1CE69F577705455263BD980C39A82C\MQL5\Experts\Batch_0004\temp_AK-47-Scalper-EA-with-sourcecode-YoforexPremium\ini
2025-04-25 13:59:57,796 - INFO - Deleted INI directory: C:\Users\nikol\AppData\Roaming\MetaQuotes\Terminal\4B1CE69F577705455263BD980C39A82C\MQL5\Experts\Batch_0004\temp_AK-47-Scalper-EA-yoforexPremium\ini
2025-04-25 13:59:58,095 - INFO - Deleted INI directory: C:\Users\nikol\AppData\Roaming\MetaQuotes\Terminal\4B1CE69F577705455263BD980C39A82C\MQL5\Experts\Batch_0004\temp_Alpha-Zero-AI-Robot-YoForexPremium\ini
2025-04-25 13:59:58,415 - INFO - Deleted INI directory: C:\Users\nikol\AppData\Roaming\MetaQuotes\Terminal\4B1CE69F577705455263BD980C39A82C\MQL5\Experts\Batch_0005\AMA-Trader-2\ini
2025-04-25 13:59:58,728 - INFO - Deleted INI directory: C:\Users\nikol\AppData\Roaming\MetaQuotes\Terminal\4B1CE69F577705455263BD980C39A82C\MQL5\Experts\Batch_0005\AO-Lightning\ini
2025-04-25 13:59:59,040 - INFO - Deleted INI directory: C:\Users\nikol\AppData\Roaming\MetaQuotes\Terminal\4B1CE69F577705455263BD980C39A82C\MQL5\Experts\Batch_0005\AOCCI\ini
2025-04-25 13:59:59,352 - INFO - Deleted INI directory: C:\Users\nikol\AppData\Roaming\MetaQuotes\Terminal\4B1CE69F577705455263BD980C39A82C\MQL5\Experts\Batch_0005\Arbitrage\ini
2025-04-25 13:59:59,648 - INFO - Deleted INI directory: C:\Users\nikol\AppData\Roaming\MetaQuotes\Terminal\4B1CE69F577705455263BD980C39A82C\MQL5\Experts\Batch_0005\ArbSint\ini
2025-04-25 13:59:59,945 - INFO - Deleted INI directory: C:\Users\nikol\AppData\Roaming\MetaQuotes\Terminal\4B1CE69F577705455263BD980C39A82C\MQL5\Experts\Batch_0005\Area-MACD\ini
2025-04-25 14:00:00,259 - INFO - Deleted INI directory: C:\Users\nikol\AppData\Roaming\MetaQuotes\Terminal\4B1CE69F577705455263BD980C39A82C\MQL5\Experts\Batch_0005\Artificial-Intelligence\ini
2025-04-25 14:00:00,547 - INFO - Deleted INI directory: C:\Users\nikol\AppData\Roaming\MetaQuotes\Terminal\4B1CE69F577705455263BD980C39A82C\MQL5\Experts\Batch_0005\At-random\ini
2025-04-25 14:00:00,851 - INFO - Deleted INI directory: C:\Users\nikol\AppData\Roaming\MetaQuotes\Terminal\4B1CE69F577705455263BD980C39A82C\MQL5\Experts\Batch_0005\At-random-Full\ini
2025-04-25 14:00:01,163 - INFO - Deleted INI directory: C:\Users\nikol\AppData\Roaming\MetaQuotes\Terminal\4B1CE69F577705455263BD980C39A82C\MQL5\Experts\Batch_0005\ATR-SCLAPER\ini
2025-04-25 14:00:01,467 - INFO - Deleted INI directory: C:\Users\nikol\AppData\Roaming\MetaQuotes\Terminal\4B1CE69F577705455263BD980C39A82C\MQL5\Experts\Batch_0006\ATR-SCLAPER-EA-MT5-YoforexPremium\ini
2025-04-25 14:00:01,772 - INFO - Deleted INI directory: C:\Users\nikol\AppData\Roaming\MetaQuotes\Terminal\4B1CE69F577705455263BD980C39A82C\MQL5\Experts\Batch_0006\Auto-ADX\ini
2025-04-25 14:00:02,074 - INFO - Deleted INI directory: C:\Users\nikol\AppData\Roaming\MetaQuotes\Terminal\4B1CE69F577705455263BD980C39A82C\MQL5\Experts\Batch_0006\Auto-Pivot-Plotter-28Mid-Levels-29-41\ini
2025-04-25 14:00:02,374 - INFO - Deleted INI directory: C:\Users\nikol\AppData\Roaming\MetaQuotes\Terminal\4B1CE69F577705455263BD980C39A82C\MQL5\Experts\Batch_0006\AutoLock-EA\ini
2025-04-25 14:00:02,681 - INFO - Deleted INI directory: C:\Users\nikol\AppData\Roaming\MetaQuotes\Terminal\4B1CE69F577705455263BD980C39A82C\MQL5\Experts\Batch_0006\Autotrader-Momentum\ini
2025-04-25 14:00:02,981 - INFO - Deleted INI directory: C:\Users\nikol\AppData\Roaming\MetaQuotes\Terminal\4B1CE69F577705455263BD980C39A82C\MQL5\Experts\Batch_0006\Avalanche-AV\ini
2025-04-25 14:00:03,283 - INFO - Deleted INI directory: C:\Users\nikol\AppData\Roaming\MetaQuotes\Terminal\4B1CE69F577705455263BD980C39A82C\MQL5\Experts\Batch_0006\Backbone\ini
2025-04-25 14:00:03,595 - INFO - Deleted INI directory: C:\Users\nikol\AppData\Roaming\MetaQuotes\Terminal\4B1CE69F577705455263BD980C39A82C\MQL5\Experts\Batch_0006\backtrader-master\ini
2025-04-25 14:00:03,954 - INFO - Deleted INI directory: C:\Users\nikol\AppData\Roaming\MetaQuotes\Terminal\4B1CE69F577705455263BD980C39A82C\MQL5\Experts\Batch_0006\BADX\ini
2025-04-25 14:00:04,254 - INFO - Deleted INI directory: C:\Users\nikol\AppData\Roaming\MetaQuotes\Terminal\4B1CE69F577705455263BD980C39A82C\MQL5\Experts\Batch_0006\Bago-EA\ini
2025-04-25 14:00:04,573 - INFO - Deleted INI directory: C:\Users\nikol\AppData\Roaming\MetaQuotes\Terminal\4B1CE69F577705455263BD980C39A82C\MQL5\Experts\Batch_0006\temp-ATR-SCLAPER-EA-YoforexPremium\ini
2025-04-25 14:00:04,868 - INFO - Deleted INI directory: C:\Users\nikol\AppData\Roaming\MetaQuotes\Terminal\4B1CE69F577705455263BD980C39A82C\MQL5\Experts\Batch_0006\temp_ATR-SCLAPER-EA-YoforexPremium\ini
2025-04-25 14:00:05,183 - INFO - Deleted INI directory: C:\Users\nikol\AppData\Roaming\MetaQuotes\Terminal\4B1CE69F577705455263BD980C39A82C\MQL5\Experts\Batch_0007\BalancedScalper-20EA\ini
2025-04-25 14:00:05,492 - INFO - Deleted INI directory: C:\Users\nikol\AppData\Roaming\MetaQuotes\Terminal\4B1CE69F577705455263BD980C39A82C\MQL5\Experts\Batch_0007\Bands-2\ini
2025-04-25 14:00:05,778 - INFO - Deleted INI directory: C:\Users\nikol\AppData\Roaming\MetaQuotes\Terminal\4B1CE69F577705455263BD980C39A82C\MQL5\Experts\Batch_0007\BARS-Alligator\ini
2025-04-25 14:00:06,086 - INFO - Deleted INI directory: C:\Users\nikol\AppData\Roaming\MetaQuotes\Terminal\4B1CE69F577705455263BD980C39A82C\MQL5\Experts\Batch_0007\Basic-CCI-RSI\ini
2025-04-25 14:00:06,400 - INFO - Deleted INI directory: C:\Users\nikol\AppData\Roaming\MetaQuotes\Terminal\4B1CE69F577705455263BD980C39A82C\MQL5\Experts\Batch_0007\Basic-Martingale-EA-3\ini
2025-04-25 14:00:06,718 - INFO - Deleted INI directory: C:\Users\nikol\AppData\Roaming\MetaQuotes\Terminal\4B1CE69F577705455263BD980C39A82C\MQL5\Experts\Batch_0007\bb-automated\ini
2025-04-25 14:00:07,048 - INFO - Deleted INI directory: C:\Users\nikol\AppData\Roaming\MetaQuotes\Terminal\4B1CE69F577705455263BD980C39A82C\MQL5\Experts\Batch_0007\BB-stops-MT5\ini
2025-04-25 14:00:07,348 - INFO - Deleted INI directory: C:\Users\nikol\AppData\Roaming\MetaQuotes\Terminal\4B1CE69F577705455263BD980C39A82C\MQL5\Experts\Batch_0007\BBPercentile\ini
2025-04-25 14:00:07,641 - INFO - Deleted INI directory: C:\Users\nikol\AppData\Roaming\MetaQuotes\Terminal\4B1CE69F577705455263BD980C39A82C\MQL5\Experts\Batch_0007\BBPercentile-EA\ini
2025-04-25 14:00:07,953 - INFO - Deleted INI directory: C:\Users\nikol\AppData\Roaming\MetaQuotes\Terminal\4B1CE69F577705455263BD980C39A82C\MQL5\Experts\Batch_0007\BDCrossOver-20EA\ini
2025-04-25 14:00:08,276 - INFO - Deleted INI directory: C:\Users\nikol\AppData\Roaming\MetaQuotes\Terminal\4B1CE69F577705455263BD980C39A82C\MQL5\Experts\Batch_0007\temp-BB-stops\ini
2025-04-25 14:00:08,580 - INFO - Deleted INI directory: C:\Users\nikol\AppData\Roaming\MetaQuotes\Terminal\4B1CE69F577705455263BD980C39A82C\MQL5\Experts\Batch_0007\temp_BB-stops\ini
2025-04-25 14:00:08,904 - INFO - Deleted INI directory: C:\Users\nikol\AppData\Roaming\MetaQuotes\Terminal\4B1CE69F577705455263BD980C39A82C\MQL5\Experts\Batch_0008\BEAR-row-full-EA\ini
2025-04-25 14:00:09,274 - INFO - Deleted INI directory: C:\Users\nikol\AppData\Roaming\MetaQuotes\Terminal\4B1CE69F577705455263BD980C39A82C\MQL5\Experts\Batch_0008\BIG-DOG\ini
2025-04-25 14:00:09,587 - INFO - Deleted INI directory: C:\Users\nikol\AppData\Roaming\MetaQuotes\Terminal\4B1CE69F577705455263BD980C39A82C\MQL5\Experts\Batch_0008\BIG-RECOVERY-EA-MT5-YoForexPremium\ini
2025-04-25 14:00:09,890 - INFO - Deleted INI directory: C:\Users\nikol\AppData\Roaming\MetaQuotes\Terminal\4B1CE69F577705455263BD980C39A82C\MQL5\Experts\Batch_0008\Bill-Williams\ini
2025-04-25 14:00:10,188 - INFO - Deleted INI directory: C:\Users\nikol\AppData\Roaming\MetaQuotes\Terminal\4B1CE69F577705455263BD980C39A82C\MQL5\Experts\Batch_0008\bollinger\ini
2025-04-25 14:00:10,494 - INFO - Deleted INI directory: C:\Users\nikol\AppData\Roaming\MetaQuotes\Terminal\4B1CE69F577705455263BD980C39A82C\MQL5\Experts\Batch_0008\Bollinger-Band-Two-MA-and-Zig-Zag\ini
2025-04-25 14:00:10,795 - INFO - Deleted INI directory: C:\Users\nikol\AppData\Roaming\MetaQuotes\Terminal\4B1CE69F577705455263BD980C39A82C\MQL5\Experts\Batch_0008\Bollinger-Bands-N-positions\ini
2025-04-25 14:00:11,093 - INFO - Deleted INI directory: C:\Users\nikol\AppData\Roaming\MetaQuotes\Terminal\4B1CE69F577705455263BD980C39A82C\MQL5\Experts\Batch_0008\Bollinger-Bands-RSI\ini
2025-04-25 14:00:11,412 - INFO - Deleted INI directory: C:\Users\nikol\AppData\Roaming\MetaQuotes\Terminal\4B1CE69F577705455263BD980C39A82C\MQL5\Experts\Batch_0008\BORN4PIPS-EA-1-YoForexPremium\ini
2025-04-25 14:00:11,541 - INFO - Deleted INI directory: C:\Users\nikol\AppData\Roaming\MetaQuotes\Terminal\4B1CE69F577705455263BD980C39A82C\MQL5\Experts\Batch_0008\BORN4PIPS-EA-MT5-YoForexPremium\ini
2025-04-25 14:00:11,622 - INFO - Deleted INI directory: C:\Users\nikol\AppData\Roaming\MetaQuotes\Terminal\4B1CE69F577705455263BD980C39A82C\MQL5\Experts\Batch_0008\temp-BIG-RECOVERY-EA-YoForexPremium\ini
2025-04-25 14:00:11,709 - INFO - Deleted INI directory: C:\Users\nikol\AppData\Roaming\MetaQuotes\Terminal\4B1CE69F577705455263BD980C39A82C\MQL5\Experts\Batch_0008\temp-BORN4PIPS-EA-YoForexPremium\ini
2025-04-25 14:00:11,784 - INFO - Deleted INI directory: C:\Users\nikol\AppData\Roaming\MetaQuotes\Terminal\4B1CE69F577705455263BD980C39A82C\MQL5\Experts\Batch_0008\temp_BIG-RECOVERY-EA-YoForexPremium\ini
2025-04-25 14:00:11,869 - INFO - Deleted INI directory: C:\Users\nikol\AppData\Roaming\MetaQuotes\Terminal\4B1CE69F577705455263BD980C39A82C\MQL5\Experts\Batch_0008\temp_BORN4PIPS-EA-YoForexPremium\ini
2025-04-25 14:00:11,956 - INFO - Deleted INI directory: C:\Users\nikol\AppData\Roaming\MetaQuotes\Terminal\4B1CE69F577705455263BD980C39A82C\MQL5\Experts\Batch_0009\Brakeout-Trader\ini
2025-04-25 14:00:12,036 - INFO - Deleted INI directory: C:\Users\nikol\AppData\Roaming\MetaQuotes\Terminal\4B1CE69F577705455263BD980C39A82C\MQL5\Experts\Batch_0009\Brandy\ini
2025-04-25 14:00:12,123 - INFO - Deleted INI directory: C:\Users\nikol\AppData\Roaming\MetaQuotes\Terminal\4B1CE69F577705455263BD980C39A82C\MQL5\Experts\Batch_0009\Brazilian-EA-MT5-YoforexPremium\ini
2025-04-25 14:00:12,215 - INFO - Deleted INI directory: C:\Users\nikol\AppData\Roaming\MetaQuotes\Terminal\4B1CE69F577705455263BD980C39A82C\MQL5\Experts\Batch_0009\Breadandbutter2\ini
2025-04-25 14:00:12,291 - INFO - Deleted INI directory: C:\Users\nikol\AppData\Roaming\MetaQuotes\Terminal\4B1CE69F577705455263BD980C39A82C\MQL5\Experts\Batch_0009\breakdown\ini
2025-04-25 14:00:12,372 - INFO - Deleted INI directory: C:\Users\nikol\AppData\Roaming\MetaQuotes\Terminal\4B1CE69F577705455263BD980C39A82C\MQL5\Experts\Batch_0009\Breakdown-catcher\ini
2025-04-25 14:00:12,452 - INFO - Deleted INI directory: C:\Users\nikol\AppData\Roaming\MetaQuotes\Terminal\4B1CE69F577705455263BD980C39A82C\MQL5\Experts\Batch_0009\Breakout-Str\ini
2025-04-25 14:00:12,529 - INFO - Deleted INI directory: C:\Users\nikol\AppData\Roaming\MetaQuotes\Terminal\4B1CE69F577705455263BD980C39A82C\MQL5\Experts\Batch_0009\Bronze-Warrioir\ini
2025-04-25 14:00:12,617 - INFO - Deleted INI directory: C:\Users\nikol\AppData\Roaming\MetaQuotes\Terminal\4B1CE69F577705455263BD980C39A82C\MQL5\Experts\Batch_0009\Bruno\ini
2025-04-25 14:00:12,696 - INFO - Deleted INI directory: C:\Users\nikol\AppData\Roaming\MetaQuotes\Terminal\4B1CE69F577705455263BD980C39A82C\MQL5\Experts\Batch_0009\BSS-1-0\ini
2025-04-25 14:00:12,776 - INFO - Deleted INI directory: C:\Users\nikol\AppData\Roaming\MetaQuotes\Terminal\4B1CE69F577705455263BD980C39A82C\MQL5\Experts\Batch_0009\temp-Brazilian-EA-YoforexPremium\ini
2025-04-25 14:00:12,853 - INFO - Deleted INI directory: C:\Users\nikol\AppData\Roaming\MetaQuotes\Terminal\4B1CE69F577705455263BD980C39A82C\MQL5\Experts\Batch_0009\temp_Brazilian-EA-YoforexPremium\ini
2025-04-25 14:00:12,929 - INFO - Deleted INI directory: C:\Users\nikol\AppData\Roaming\MetaQuotes\Terminal\4B1CE69F577705455263BD980C39A82C\MQL5\Experts\Batch_0010\BTA-Optimal-Trade-Zone-EA-v.1.0-MT5-YoForexPremium\ini
2025-04-25 14:00:13,013 - INFO - Deleted INI directory: C:\Users\nikol\AppData\Roaming\MetaQuotes\Terminal\4B1CE69F577705455263BD980C39A82C\MQL5\Experts\Batch_0010\BTA-Sniper-Entry-v.1.0-EA-MT5-YoForexPremium\ini
2025-04-25 14:00:13,092 - INFO - Deleted INI directory: C:\Users\nikol\AppData\Roaming\MetaQuotes\Terminal\4B1CE69F577705455263BD980C39A82C\MQL5\Experts\Batch_0010\BULL-row-full-EA\ini
2025-04-25 14:00:13,173 - INFO - Deleted INI directory: C:\Users\nikol\AppData\Roaming\MetaQuotes\Terminal\4B1CE69F577705455263BD980C39A82C\MQL5\Experts\Batch_0010\Bullish-and-Bearish-Engulfing\ini
2025-04-25 14:00:13,257 - INFO - Deleted INI directory: C:\Users\nikol\AppData\Roaming\MetaQuotes\Terminal\4B1CE69F577705455263BD980C39A82C\MQL5\Experts\Batch_0010\Burg-Extrapolator\ini
2025-04-25 14:00:13,341 - INFO - Deleted INI directory: C:\Users\nikol\AppData\Roaming\MetaQuotes\Terminal\4B1CE69F577705455263BD980C39A82C\MQL5\Experts\Batch_0010\BykovTrend-EA\ini
2025-04-25 14:00:13,419 - INFO - Deleted INI directory: C:\Users\nikol\AppData\Roaming\MetaQuotes\Terminal\4B1CE69F577705455263BD980C39A82C\MQL5\Experts\Batch_0010\BykovTrend_EA_v3\ini
2025-04-25 14:00:13,506 - INFO - Deleted INI directory: C:\Users\nikol\AppData\Roaming\MetaQuotes\Terminal\4B1CE69F577705455263BD980C39A82C\MQL5\Experts\Batch_0010\Calculate-lotsize-and-Trailling-stop\ini
2025-04-25 14:00:13,591 - INFO - Deleted INI directory: C:\Users\nikol\AppData\Roaming\MetaQuotes\Terminal\4B1CE69F577705455263BD980C39A82C\MQL5\Experts\Batch_0010\Candle\ini
2025-04-25 14:00:13,673 - INFO - Deleted INI directory: C:\Users\nikol\AppData\Roaming\MetaQuotes\Terminal\4B1CE69F577705455263BD980C39A82C\MQL5\Experts\Batch_0010\candlepatternsexample\ini
2025-04-25 14:00:13,752 - INFO - Deleted INI directory: C:\Users\nikol\AppData\Roaming\MetaQuotes\Terminal\4B1CE69F577705455263BD980C39A82C\MQL5\Experts\Batch_0010\temp-BTA-Optimal-Trade-Zone-EA-v.1.0-YoForexPremium\ini
2025-04-25 14:00:13,838 - INFO - Deleted INI directory: C:\Users\nikol\AppData\Roaming\MetaQuotes\Terminal\4B1CE69F577705455263BD980C39A82C\MQL5\Experts\Batch_0010\temp-BTA-Sniper-Entry-v.1.0-EA-YoForexPremium\ini
2025-04-25 14:00:13,920 - INFO - Deleted INI directory: C:\Users\nikol\AppData\Roaming\MetaQuotes\Terminal\4B1CE69F577705455263BD980C39A82C\MQL5\Experts\Batch_0010\temp-BykovTrend-EA-v3\ini
2025-04-25 14:00:13,999 - INFO - Deleted INI directory: C:\Users\nikol\AppData\Roaming\MetaQuotes\Terminal\4B1CE69F577705455263BD980C39A82C\MQL5\Experts\Batch_0010\temp_BTA-Optimal-Trade-Zone-EA-v.1.0-YoForexPremium\ini
2025-04-25 14:00:14,079 - INFO - Deleted INI directory: C:\Users\nikol\AppData\Roaming\MetaQuotes\Terminal\4B1CE69F577705455263BD980C39A82C\MQL5\Experts\Batch_0010\temp_BTA-Sniper-Entry-v.1.0-EA-YoForexPremium\ini
2025-04-25 14:00:14,164 - INFO - Deleted INI directory: C:\Users\nikol\AppData\Roaming\MetaQuotes\Terminal\4B1CE69F577705455263BD980C39A82C\MQL5\Experts\Batch_0010\temp_BykovTrend-EA-v3\ini
2025-04-25 14:00:14,243 - INFO - Deleted INI directory: C:\Users\nikol\AppData\Roaming\MetaQuotes\Terminal\4B1CE69F577705455263BD980C39A82C\MQL5\Experts\Batch_0011\Carbophos\ini
2025-04-25 14:00:14,321 - INFO - Deleted INI directory: C:\Users\nikol\AppData\Roaming\MetaQuotes\Terminal\4B1CE69F577705455263BD980C39A82C\MQL5\Experts\Batch_0011\CashMachine-5min\ini
2025-04-25 14:00:14,416 - INFO - Deleted INI directory: C:\Users\nikol\AppData\Roaming\MetaQuotes\Terminal\4B1CE69F577705455263BD980C39A82C\MQL5\Experts\Batch_0011\CCI-MACD-Scalper\ini
2025-04-25 14:00:14,533 - INFO - Deleted INI directory: C:\Users\nikol\AppData\Roaming\MetaQuotes\Terminal\4B1CE69F577705455263BD980C39A82C\MQL5\Experts\Batch_0011\Cidomo\ini
2025-04-25 14:00:14,610 - INFO - Deleted INI directory: C:\Users\nikol\AppData\Roaming\MetaQuotes\Terminal\4B1CE69F577705455263BD980C39A82C\MQL5\Experts\Batch_0011\CloseAgent\ini
2025-04-25 14:00:14,722 - INFO - Deleted INI directory: C:\Users\nikol\AppData\Roaming\MetaQuotes\Terminal\4B1CE69F577705455263BD980C39A82C\MQL5\Experts\Batch_0011\CloseProfit\ini
2025-04-25 14:00:14,846 - INFO - Deleted INI directory: C:\Users\nikol\AppData\Roaming\MetaQuotes\Terminal\4B1CE69F577705455263BD980C39A82C\MQL5\Experts\Batch_0011\CLOUD\ini
2025-04-25 14:00:14,926 - INFO - Deleted INI directory: C:\Users\nikol\AppData\Roaming\MetaQuotes\Terminal\4B1CE69F577705455263BD980C39A82C\MQL5\Experts\Batch_0011\cloud's-trade-2\ini
2025-04-25 14:00:15,007 - INFO - Deleted INI directory: C:\Users\nikol\AppData\Roaming\MetaQuotes\Terminal\4B1CE69F577705455263BD980C39A82C\MQL5\Experts\Batch_0011\Constituents-EA\ini
2025-04-25 14:00:15,083 - INFO - Deleted INI directory: C:\Users\nikol\AppData\Roaming\MetaQuotes\Terminal\4B1CE69F577705455263BD980C39A82C\MQL5\Experts\Batch_0011\Contrarian-trade-MA\ini
2025-04-25 14:00:15,166 - INFO - Deleted INI directory: C:\Users\nikol\AppData\Roaming\MetaQuotes\Terminal\4B1CE69F577705455263BD980C39A82C\MQL5\Experts\Batch_0012\Crossing-Moving-Average\ini
2025-04-25 14:00:15,255 - INFO - Deleted INI directory: C:\Users\nikol\AppData\Roaming\MetaQuotes\Terminal\4B1CE69F577705455263BD980C39A82C\MQL5\Experts\Batch_0012\CrossMA\ini
2025-04-25 14:00:15,331 - INFO - Deleted INI directory: C:\Users\nikol\AppData\Roaming\MetaQuotes\Terminal\4B1CE69F577705455263BD980C39A82C\MQL5\Experts\Batch_0012\Currencyprofits-01.1\ini
2025-04-25 14:00:15,410 - INFO - Deleted INI directory: C:\Users\nikol\AppData\Roaming\MetaQuotes\Terminal\4B1CE69F577705455263BD980C39A82C\MQL5\Experts\Batch_0012\Daily-20reversal-20-20EA\ini
2025-04-25 14:00:15,492 - INFO - Deleted INI directory: C:\Users\nikol\AppData\Roaming\MetaQuotes\Terminal\4B1CE69F577705455263BD980C39A82C\MQL5\Experts\Batch_0012\Daily-BreakPoint\ini
2025-04-25 14:00:15,571 - INFO - Deleted INI directory: C:\Users\nikol\AppData\Roaming\MetaQuotes\Terminal\4B1CE69F577705455263BD980C39A82C\MQL5\Experts\Batch_0012\Daily-Candle-ScalperEA-MT5-YoForexPremium\ini
2025-04-25 14:00:15,658 - INFO - Deleted INI directory: C:\Users\nikol\AppData\Roaming\MetaQuotes\Terminal\4B1CE69F577705455263BD980C39A82C\MQL5\Experts\Batch_0012\Daily-Candle-ScalperEA-MT5-YoForexPremium-1\ini
2025-04-25 14:00:15,757 - INFO - Deleted INI directory: C:\Users\nikol\AppData\Roaming\MetaQuotes\Terminal\4B1CE69F577705455263BD980C39A82C\MQL5\Experts\Batch_0012\Daily-Open-EA\ini
2025-04-25 14:00:15,830 - INFO - Deleted INI directory: C:\Users\nikol\AppData\Roaming\MetaQuotes\Terminal\4B1CE69F577705455263BD980C39A82C\MQL5\Experts\Batch_0012\Daily-range\ini
2025-04-25 14:00:15,907 - INFO - Deleted INI directory: C:\Users\nikol\AppData\Roaming\MetaQuotes\Terminal\4B1CE69F577705455263BD980C39A82C\MQL5\Experts\Batch_0012\Dark-Mimas-MT5\ini
2025-04-25 14:00:15,991 - INFO - Deleted INI directory: C:\Users\nikol\AppData\Roaming\MetaQuotes\Terminal\4B1CE69F577705455263BD980C39A82C\MQL5\Experts\Batch_0012\temp-Daily-Candle-ScalperEA-YoForexPremium\ini
2025-04-25 14:00:16,073 - INFO - Deleted INI directory: C:\Users\nikol\AppData\Roaming\MetaQuotes\Terminal\4B1CE69F577705455263BD980C39A82C\MQL5\Experts\Batch_0012\temp-Daily-Candle-ScalperEA-YoForexPremium-1\ini
2025-04-25 14:00:16,147 - INFO - Deleted INI directory: C:\Users\nikol\AppData\Roaming\MetaQuotes\Terminal\4B1CE69F577705455263BD980C39A82C\MQL5\Experts\Batch_0012\temp-Dark-Mimas\ini
2025-04-25 14:00:16,227 - INFO - Deleted INI directory: C:\Users\nikol\AppData\Roaming\MetaQuotes\Terminal\4B1CE69F577705455263BD980C39A82C\MQL5\Experts\Batch_0012\temp_Daily-Candle-ScalperEA-YoForexPremium\ini
2025-04-25 14:00:16,310 - INFO - Deleted INI directory: C:\Users\nikol\AppData\Roaming\MetaQuotes\Terminal\4B1CE69F577705455263BD980C39A82C\MQL5\Experts\Batch_0012\temp_Daily-Candle-ScalperEA-YoForexPremium-1\ini
2025-04-25 14:00:16,393 - INFO - Deleted INI directory: C:\Users\nikol\AppData\Roaming\MetaQuotes\Terminal\4B1CE69F577705455263BD980C39A82C\MQL5\Experts\Batch_0012\temp_Dark-Mimas\ini
2025-04-25 14:00:16,517 - INFO - Deleted INI directory: C:\Users\nikol\AppData\Roaming\MetaQuotes\Terminal\4B1CE69F577705455263BD980C39A82C\MQL5\Experts\Batch_0013\Day-Trading-PAMXA\ini
2025-04-25 14:00:16,597 - INFO - Deleted INI directory: C:\Users\nikol\AppData\Roaming\MetaQuotes\Terminal\4B1CE69F577705455263BD980C39A82C\MQL5\Experts\Batch_0013\Daydream\ini
2025-04-25 14:00:16,678 - INFO - Deleted INI directory: C:\Users\nikol\AppData\Roaming\MetaQuotes\Terminal\4B1CE69F577705455263BD980C39A82C\MQL5\Experts\Batch_0013\DayTrading\ini
2025-04-25 14:00:16,762 - INFO - Deleted INI directory: C:\Users\nikol\AppData\Roaming\MetaQuotes\Terminal\4B1CE69F577705455263BD980C39A82C\MQL5\Experts\Batch_0013\Dealers-Trade-v-7.74-MACD\ini
2025-04-25 14:00:16,848 - INFO - Deleted INI directory: C:\Users\nikol\AppData\Roaming\MetaQuotes\Terminal\4B1CE69F577705455263BD980C39A82C\MQL5\Experts\Batch_0013\Deep-Drawdown-MA\ini
2025-04-25 14:00:16,941 - INFO - Deleted INI directory: C:\Users\nikol\AppData\Roaming\MetaQuotes\Terminal\4B1CE69F577705455263BD980C39A82C\MQL5\Experts\Batch_0013\DeMarker-gaining-position-volume\ini
2025-04-25 14:00:17,039 - INFO - Deleted INI directory: C:\Users\nikol\AppData\Roaming\MetaQuotes\Terminal\4B1CE69F577705455263BD980C39A82C\MQL5\Experts\Batch_0013\DeMarker-gaining-position-volume-2\ini
2025-04-25 14:00:17,123 - INFO - Deleted INI directory: C:\Users\nikol\AppData\Roaming\MetaQuotes\Terminal\4B1CE69F577705455263BD980C39A82C\MQL5\Experts\Batch_0013\DeMarker-Pending\ini
2025-04-25 14:00:17,203 - INFO - Deleted INI directory: C:\Users\nikol\AppData\Roaming\MetaQuotes\Terminal\4B1CE69F577705455263BD980C39A82C\MQL5\Experts\Batch_0013\DeMarker-Pending-2\ini
2025-04-25 14:00:17,285 - INFO - Deleted INI directory: C:\Users\nikol\AppData\Roaming\MetaQuotes\Terminal\4B1CE69F577705455263BD980C39A82C\MQL5\Experts\Batch_0013\DeMarker-Pending-2-5\ini
2025-04-25 14:00:17,382 - INFO - Deleted INI directory: C:\Users\nikol\AppData\Roaming\MetaQuotes\Terminal\4B1CE69F577705455263BD980C39A82C\MQL5\Experts\Batch_0014\Dematus\ini
2025-04-25 14:00:17,470 - INFO - Deleted INI directory: C:\Users\nikol\AppData\Roaming\MetaQuotes\Terminal\4B1CE69F577705455263BD980C39A82C\MQL5\Experts\Batch_0014\Divergence-20for-20many-20indicator\ini
2025-04-25 14:00:17,558 - INFO - Deleted INI directory: C:\Users\nikol\AppData\Roaming\MetaQuotes\Terminal\4B1CE69F577705455263BD980C39A82C\MQL5\Experts\Batch_0014\Divergence-EA\ini
2025-04-25 14:00:17,637 - INFO - Deleted INI directory: C:\Users\nikol\AppData\Roaming\MetaQuotes\Terminal\4B1CE69F577705455263BD980C39A82C\MQL5\Experts\Batch_0014\Divergence-EA-BB\ini
2025-04-25 14:00:17,715 - INFO - Deleted INI directory: C:\Users\nikol\AppData\Roaming\MetaQuotes\Terminal\4B1CE69F577705455263BD980C39A82C\MQL5\Experts\Batch_0014\Divergence-EA-pip-sl-tp\ini
2025-04-25 14:00:17,794 - INFO - Deleted INI directory: C:\Users\nikol\AppData\Roaming\MetaQuotes\Terminal\4B1CE69F577705455263BD980C39A82C\MQL5\Experts\Batch_0014\Doji-Arrows\ini
2025-04-25 14:00:17,875 - INFO - Deleted INI directory: C:\Users\nikol\AppData\Roaming\MetaQuotes\Terminal\4B1CE69F577705455263BD980C39A82C\MQL5\Experts\Batch_0014\DojiTrader\ini
2025-04-25 14:00:17,949 - INFO - Deleted INI directory: C:\Users\nikol\AppData\Roaming\MetaQuotes\Terminal\4B1CE69F577705455263BD980C39A82C\MQL5\Experts\Batch_0014\Donchian-Chanel-EA\ini
2025-04-25 14:00:18,031 - INFO - Deleted INI directory: C:\Users\nikol\AppData\Roaming\MetaQuotes\Terminal\4B1CE69F577705455263BD980C39A82C\MQL5\Experts\Batch_0014\DoubleHullMA\ini
2025-04-25 14:00:18,109 - INFO - Deleted INI directory: C:\Users\nikol\AppData\Roaming\MetaQuotes\Terminal\4B1CE69F577705455263BD980C39A82C\MQL5\Experts\Batch_0014\DoubleHullMA-EA\ini
2025-04-25 14:00:18,188 - INFO - Deleted INI directory: C:\Users\nikol\AppData\Roaming\MetaQuotes\Terminal\4B1CE69F577705455263BD980C39A82C\MQL5\Experts\Batch_0015\DoubleMA-Crossover-EA\ini
2025-04-25 14:00:18,264 - INFO - Deleted INI directory: C:\Users\nikol\AppData\Roaming\MetaQuotes\Terminal\4B1CE69F577705455263BD980C39A82C\MQL5\Experts\Batch_0015\Doubler\ini
2025-04-25 14:00:18,338 - INFO - Deleted INI directory: C:\Users\nikol\AppData\Roaming\MetaQuotes\Terminal\4B1CE69F577705455263BD980C39A82C\MQL5\Experts\Batch_0015\Driver-EA-MT5\ini
2025-04-25 14:00:18,419 - INFO - Deleted INI directory: C:\Users\nikol\AppData\Roaming\MetaQuotes\Terminal\4B1CE69F577705455263BD980C39A82C\MQL5\Experts\Batch_0015\dummy\ini
2025-04-25 14:00:18,510 - INFO - Deleted INI directory: C:\Users\nikol\AppData\Roaming\MetaQuotes\Terminal\4B1CE69F577705455263BD980C39A82C\MQL5\Experts\Batch_0015\Dynamic-averaging\ini
2025-04-25 14:00:18,591 - INFO - Deleted INI directory: C:\Users\nikol\AppData\Roaming\MetaQuotes\Terminal\4B1CE69F577705455263BD980C39A82C\MQL5\Experts\Batch_0015\E-Friday\ini
2025-04-25 14:00:18,672 - INFO - Deleted INI directory: C:\Users\nikol\AppData\Roaming\MetaQuotes\Terminal\4B1CE69F577705455263BD980C39A82C\MQL5\Experts\Batch_0015\E-Skoch-Open\ini
2025-04-25 14:00:18,760 - INFO - Deleted INI directory: C:\Users\nikol\AppData\Roaming\MetaQuotes\Terminal\4B1CE69F577705455263BD980C39A82C\MQL5\Experts\Batch_0015\e-Skoch-pending-orders\ini
2025-04-25 14:00:18,847 - INFO - Deleted INI directory: C:\Users\nikol\AppData\Roaming\MetaQuotes\Terminal\4B1CE69F577705455263BD980C39A82C\MQL5\Experts\Batch_0015\e-Smart-Trailing\ini
2025-04-25 14:00:18,926 - INFO - Deleted INI directory: C:\Users\nikol\AppData\Roaming\MetaQuotes\Terminal\4B1CE69F577705455263BD980C39A82C\MQL5\Experts\Batch_0015\e-TurboFx\ini
2025-04-25 14:00:18,999 - INFO - Deleted INI directory: C:\Users\nikol\AppData\Roaming\MetaQuotes\Terminal\4B1CE69F577705455263BD980C39A82C\MQL5\Experts\Batch_0015\temp-Driver-EA\ini
2025-04-25 14:00:19,074 - INFO - Deleted INI directory: C:\Users\nikol\AppData\Roaming\MetaQuotes\Terminal\4B1CE69F577705455263BD980C39A82C\MQL5\Experts\Batch_0015\temp_Driver-EA\ini
2025-04-25 14:00:19,162 - INFO - Deleted INI directory: C:\Users\nikol\AppData\Roaming\MetaQuotes\Terminal\4B1CE69F577705455263BD980C39A82C\MQL5\Experts\Batch_0016\EA-Close\ini
2025-04-25 14:00:19,240 - INFO - Deleted INI directory: C:\Users\nikol\AppData\Roaming\MetaQuotes\Terminal\4B1CE69F577705455263BD980C39A82C\MQL5\Experts\Batch_0016\EA-Gold-Stuff-MT5-YoForexPremium\ini
2025-04-25 14:00:19,315 - INFO - Deleted INI directory: C:\Users\nikol\AppData\Roaming\MetaQuotes\Terminal\4B1CE69F577705455263BD980C39A82C\MQL5\Experts\Batch_0016\EA-MA-Stoch-RSI\ini
2025-04-25 14:00:19,391 - INFO - Deleted INI directory: C:\Users\nikol\AppData\Roaming\MetaQuotes\Terminal\4B1CE69F577705455263BD980C39A82C\MQL5\Experts\Batch_0016\EA-Moving-Average\ini
2025-04-25 14:00:19,486 - INFO - Deleted INI directory: C:\Users\nikol\AppData\Roaming\MetaQuotes\Terminal\4B1CE69F577705455263BD980C39A82C\MQL5\Experts\Batch_0016\Elevator-Robot-PMT5-YoForexPremium\ini
2025-04-25 14:00:19,569 - INFO - Deleted INI directory: C:\Users\nikol\AppData\Roaming\MetaQuotes\Terminal\4B1CE69F577705455263BD980C39A82C\MQL5\Experts\Batch_0016\Elite-eFibo-Trader\ini
2025-04-25 14:00:19,650 - INFO - Deleted INI directory: C:\Users\nikol\AppData\Roaming\MetaQuotes\Terminal\4B1CE69F577705455263BD980C39A82C\MQL5\Experts\Batch_0016\EMA\ini
2025-04-25 14:00:19,732 - INFO - Deleted INI directory: C:\Users\nikol\AppData\Roaming\MetaQuotes\Terminal\4B1CE69F577705455263BD980C39A82C\MQL5\Experts\Batch_0016\EMA-6.12\ini
2025-04-25 14:00:19,806 - INFO - Deleted INI directory: C:\Users\nikol\AppData\Roaming\MetaQuotes\Terminal\4B1CE69F577705455263BD980C39A82C\MQL5\Experts\Batch_0016\EMA-CROSS\ini
2025-04-25 14:00:19,888 - INFO - Deleted INI directory: C:\Users\nikol\AppData\Roaming\MetaQuotes\Terminal\4B1CE69F577705455263BD980C39A82C\MQL5\Experts\Batch_0016\EMA-LWMA-RSI\ini
2025-04-25 14:00:19,969 - INFO - Deleted INI directory: C:\Users\nikol\AppData\Roaming\MetaQuotes\Terminal\4B1CE69F577705455263BD980C39A82C\MQL5\Experts\Batch_0016\temp-EA-Gold-Stuff-YoForexPremium\ini
2025-04-25 14:00:20,053 - INFO - Deleted INI directory: C:\Users\nikol\AppData\Roaming\MetaQuotes\Terminal\4B1CE69F577705455263BD980C39A82C\MQL5\Experts\Batch_0016\temp-Elevator-Robot-P-YoForexPremium\ini
2025-04-25 14:00:20,133 - INFO - Deleted INI directory: C:\Users\nikol\AppData\Roaming\MetaQuotes\Terminal\4B1CE69F577705455263BD980C39A82C\MQL5\Experts\Batch_0016\temp_EA-Gold-Stuff-YoForexPremium\ini
2025-04-25 14:00:20,216 - INFO - Deleted INI directory: C:\Users\nikol\AppData\Roaming\MetaQuotes\Terminal\4B1CE69F577705455263BD980C39A82C\MQL5\Experts\Batch_0016\temp_Elevator-Robot-P-YoForexPremium\ini
2025-04-25 14:00:20,294 - INFO - Deleted INI directory: C:\Users\nikol\AppData\Roaming\MetaQuotes\Terminal\4B1CE69F577705455263BD980C39A82C\MQL5\Experts\Batch_0017\EMA-RSI-EA\ini
2025-04-25 14:00:20,374 - INFO - Deleted INI directory: C:\Users\nikol\AppData\Roaming\MetaQuotes\Terminal\4B1CE69F577705455263BD980C39A82C\MQL5\Experts\Batch_0017\EMA-WMA\ini
2025-04-25 14:00:20,453 - INFO - Deleted INI directory: C:\Users\nikol\AppData\Roaming\MetaQuotes\Terminal\4B1CE69F577705455263BD980C39A82C\MQL5\Experts\Batch_0017\EMA_WMA v2\ini
2025-04-25 14:00:20,538 - INFO - Deleted INI directory: C:\Users\nikol\AppData\Roaming\MetaQuotes\Terminal\4B1CE69F577705455263BD980C39A82C\MQL5\Experts\Batch_0017\Eugene\ini
2025-04-25 14:00:20,632 - INFO - Deleted INI directory: C:\Users\nikol\AppData\Roaming\MetaQuotes\Terminal\4B1CE69F577705455263BD980C39A82C\MQL5\Experts\Batch_0017\eur-usd-m5\ini
2025-04-25 14:00:20,715 - INFO - Deleted INI directory: C:\Users\nikol\AppData\Roaming\MetaQuotes\Terminal\4B1CE69F577705455263BD980C39A82C\MQL5\Experts\Batch_0017\Euronis-Scalper-EA-MT5-With-DLL-YoForexPremium\ini
2025-04-25 14:00:20,835 - INFO - Deleted INI directory: C:\Users\nikol\AppData\Roaming\MetaQuotes\Terminal\4B1CE69F577705455263BD980C39A82C\MQL5\Experts\Batch_0017\EURUSD-breakout\ini
2025-04-25 14:00:20,932 - INFO - Deleted INI directory: C:\Users\nikol\AppData\Roaming\MetaQuotes\Terminal\4B1CE69F577705455263BD980C39A82C\MQL5\Experts\Batch_0017\EURUSDH1\ini
2025-04-25 14:00:21,007 - INFO - Deleted INI directory: C:\Users\nikol\AppData\Roaming\MetaQuotes\Terminal\4B1CE69F577705455263BD980C39A82C\MQL5\Experts\Batch_0017\Executer-AC\ini
2025-04-25 14:00:21,085 - INFO - Deleted INI directory: C:\Users\nikol\AppData\Roaming\MetaQuotes\Terminal\4B1CE69F577705455263BD980C39A82C\MQL5\Experts\Batch_0017\Executor-AO\ini
2025-04-25 14:00:21,166 - INFO - Deleted INI directory: C:\Users\nikol\AppData\Roaming\MetaQuotes\Terminal\4B1CE69F577705455263BD980C39A82C\MQL5\Experts\Batch_0017\temp-EMA-WMA-v2\ini
2025-04-25 14:00:21,247 - INFO - Deleted INI directory: C:\Users\nikol\AppData\Roaming\MetaQuotes\Terminal\4B1CE69F577705455263BD980C39A82C\MQL5\Experts\Batch_0017\temp-Euronis-Scalper-EA-With-DLL-YoForexPremium\ini
2025-04-25 14:00:21,332 - INFO - Deleted INI directory: C:\Users\nikol\AppData\Roaming\MetaQuotes\Terminal\4B1CE69F577705455263BD980C39A82C\MQL5\Experts\Batch_0017\temp_EMA-WMA-v2\ini
2025-04-25 14:00:21,412 - INFO - Deleted INI directory: C:\Users\nikol\AppData\Roaming\MetaQuotes\Terminal\4B1CE69F577705455263BD980C39A82C\MQL5\Experts\Batch_0017\temp_Euronis-Scalper-EA-With-DLL-YoForexPremium\ini
2025-04-25 14:00:21,493 - INFO - Deleted INI directory: C:\Users\nikol\AppData\Roaming\MetaQuotes\Terminal\4B1CE69F577705455263BD980C39A82C\MQL5\Experts\Batch_0018\e-Breakeven\ini
2025-04-25 14:00:21,574 - INFO - Deleted INI directory: C:\Users\nikol\AppData\Roaming\MetaQuotes\Terminal\4B1CE69F577705455263BD980C39A82C\MQL5\Experts\Batch_0018\Executor-Candles\ini
2025-04-25 14:00:21,652 - INFO - Deleted INI directory: C:\Users\nikol\AppData\Roaming\MetaQuotes\Terminal\4B1CE69F577705455263BD980C39A82C\MQL5\Experts\Batch_0018\exp-Amstell\ini
2025-04-25 14:00:21,731 - INFO - Deleted INI directory: C:\Users\nikol\AppData\Roaming\MetaQuotes\Terminal\4B1CE69F577705455263BD980C39A82C\MQL5\Experts\Batch_0018\Expert-NEWS\ini
2025-04-25 14:00:21,815 - INFO - Deleted INI directory: C:\Users\nikol\AppData\Roaming\MetaQuotes\Terminal\4B1CE69F577705455263BD980C39A82C\MQL5\Experts\Batch_0018\Expert-RSI-Stochastic-MA\ini
2025-04-25 14:00:21,894 - INFO - Deleted INI directory: C:\Users\nikol\AppData\Roaming\MetaQuotes\Terminal\4B1CE69F577705455263BD980C39A82C\MQL5\Experts\Batch_0018\ExtremePrice-EA\ini
2025-04-25 14:00:21,971 - INFO - Deleted INI directory: C:\Users\nikol\AppData\Roaming\MetaQuotes\Terminal\4B1CE69F577705455263BD980C39A82C\MQL5\Experts\Batch_0018\Fi-Trading-Robot-1.0\ini
2025-04-25 14:00:22,052 - INFO - Deleted INI directory: C:\Users\nikol\AppData\Roaming\MetaQuotes\Terminal\4B1CE69F577705455263BD980C39A82C\MQL5\Experts\Batch_0018\Fi-Trading-Robot-YoForexPremium\ini
2025-04-25 14:00:22,131 - INFO - Deleted INI directory: C:\Users\nikol\AppData\Roaming\MetaQuotes\Terminal\4B1CE69F577705455263BD980C39A82C\MQL5\Experts\Batch_0018\FI-TRADING-ROBOTMT5-yoforexprenium\ini
2025-04-25 14:00:22,209 - INFO - Deleted INI directory: C:\Users\nikol\AppData\Roaming\MetaQuotes\Terminal\4B1CE69F577705455263BD980C39A82C\MQL5\Experts\Batch_0018\FiboRetracement-20EA\ini
2025-04-25 14:00:22,285 - INFO - Deleted INI directory: C:\Users\nikol\AppData\Roaming\MetaQuotes\Terminal\4B1CE69F577705455263BD980C39A82C\MQL5\Experts\Batch_0018\temp-FI-TRADING-ROBOT-yoforexprenium\ini
2025-04-25 14:00:22,358 - INFO - Deleted INI directory: C:\Users\nikol\AppData\Roaming\MetaQuotes\Terminal\4B1CE69F577705455263BD980C39A82C\MQL5\Experts\Batch_0018\temp_FI-TRADING-ROBOT-yoforexprenium\ini
2025-04-25 14:00:22,437 - INFO - Deleted INI directory: C:\Users\nikol\AppData\Roaming\MetaQuotes\Terminal\4B1CE69F577705455263BD980C39A82C\MQL5\Experts\Batch_0019\Firebird\ini
2025-04-25 14:00:22,513 - INFO - Deleted INI directory: C:\Users\nikol\AppData\Roaming\MetaQuotes\Terminal\4B1CE69F577705455263BD980C39A82C\MQL5\Experts\Batch_0019\Firestorm-EA\ini
2025-04-25 14:00:22,589 - INFO - Deleted INI directory: C:\Users\nikol\AppData\Roaming\MetaQuotes\Terminal\4B1CE69F577705455263BD980C39A82C\MQL5\Experts\Batch_0019\Firestorm-indicator\ini
2025-04-25 14:00:22,675 - INFO - Deleted INI directory: C:\Users\nikol\AppData\Roaming\MetaQuotes\Terminal\4B1CE69F577705455263BD980C39A82C\MQL5\Experts\Batch_0019\Fluctuate\ini
2025-04-25 14:00:22,769 - INFO - Deleted INI directory: C:\Users\nikol\AppData\Roaming\MetaQuotes\Terminal\4B1CE69F577705455263BD980C39A82C\MQL5\Experts\Batch_0019\Forex-Fraus-M1\ini
2025-04-25 14:00:22,851 - INFO - Deleted INI directory: C:\Users\nikol\AppData\Roaming\MetaQuotes\Terminal\4B1CE69F577705455263BD980C39A82C\MQL5\Experts\Batch_0019\Forex-Profit\ini
2025-04-25 14:00:22,929 - INFO - Deleted INI directory: C:\Users\nikol\AppData\Roaming\MetaQuotes\Terminal\4B1CE69F577705455263BD980C39A82C\MQL5\Experts\Batch_0019\Fractals-minimum-distance\ini
2025-04-25 14:00:23,013 - INFO - Deleted INI directory: C:\Users\nikol\AppData\Roaming\MetaQuotes\Terminal\4B1CE69F577705455263BD980C39A82C\MQL5\Experts\Batch_0019\Fraktrak-xonax\ini
2025-04-25 14:00:23,090 - INFO - Deleted INI directory: C:\Users\nikol\AppData\Roaming\MetaQuotes\Terminal\4B1CE69F577705455263BD980C39A82C\MQL5\Experts\Batch_0019\Frank-Ud\ini
2025-04-25 14:00:23,164 - INFO - Deleted INI directory: C:\Users\nikol\AppData\Roaming\MetaQuotes\Terminal\4B1CE69F577705455263BD980C39A82C\MQL5\Experts\Batch_0019\fratal-mt5-EA\ini
2025-04-25 14:00:23,242 - INFO - Deleted INI directory: C:\Users\nikol\AppData\Roaming\MetaQuotes\Terminal\4B1CE69F577705455263BD980C39A82C\MQL5\Experts\Batch_0019\temp-fratal-EA\ini
2025-04-25 14:00:23,326 - INFO - Deleted INI directory: C:\Users\nikol\AppData\Roaming\MetaQuotes\Terminal\4B1CE69F577705455263BD980C39A82C\MQL5\Experts\Batch_0019\temp_fratal-EA\ini
2025-04-25 14:00:23,404 - INFO - Deleted INI directory: C:\Users\nikol\AppData\Roaming\MetaQuotes\Terminal\4B1CE69F577705455263BD980C39A82C\MQL5\Experts\Batch_0020\FT-CCI\ini
2025-04-25 14:00:23,479 - INFO - Deleted INI directory: C:\Users\nikol\AppData\Roaming\MetaQuotes\Terminal\4B1CE69F577705455263BD980C39A82C\MQL5\Experts\Batch_0020\FT-Sniper-GOLD-MT5-4\ini
2025-04-25 14:00:23,555 - INFO - Deleted INI directory: C:\Users\nikol\AppData\Roaming\MetaQuotes\Terminal\4B1CE69F577705455263BD980C39A82C\MQL5\Experts\Batch_0020\Fuzzy-logic\ini
2025-04-25 14:00:23,633 - INFO - Deleted INI directory: C:\Users\nikol\AppData\Roaming\MetaQuotes\Terminal\4B1CE69F577705455263BD980C39A82C\MQL5\Experts\Batch_0020\GalacticExplosion\ini
2025-04-25 14:00:23,724 - INFO - Deleted INI directory: C:\Users\nikol\AppData\Roaming\MetaQuotes\Terminal\4B1CE69F577705455263BD980C39A82C\MQL5\Experts\Batch_0020\Galaxy-5-1.0-MT5\ini
2025-04-25 14:00:23,800 - INFO - Deleted INI directory: C:\Users\nikol\AppData\Roaming\MetaQuotes\Terminal\4B1CE69F577705455263BD980C39A82C\MQL5\Experts\Batch_0020\Gandalf-PRO\ini
2025-04-25 14:00:23,876 - INFO - Deleted INI directory: C:\Users\nikol\AppData\Roaming\MetaQuotes\Terminal\4B1CE69F577705455263BD980C39A82C\MQL5\Experts\Batch_0020\Gap-DM\ini
2025-04-25 14:00:23,956 - INFO - Deleted INI directory: C:\Users\nikol\AppData\Roaming\MetaQuotes\Terminal\4B1CE69F577705455263BD980C39A82C\MQL5\Experts\Batch_0020\GAP-EA\ini
2025-04-25 14:00:24,033 - INFO - Deleted INI directory: C:\Users\nikol\AppData\Roaming\MetaQuotes\Terminal\4B1CE69F577705455263BD980C39A82C\MQL5\Experts\Batch_0020\Gaps\ini
2025-04-25 14:00:24,107 - INFO - Deleted INI directory: C:\Users\nikol\AppData\Roaming\MetaQuotes\Terminal\4B1CE69F577705455263BD980C39A82C\MQL5\Experts\Batch_0020\GBP9AM\ini
2025-04-25 14:00:24,198 - INFO - Deleted INI directory: C:\Users\nikol\AppData\Roaming\MetaQuotes\Terminal\4B1CE69F577705455263BD980C39A82C\MQL5\Experts\Batch_0020\temp-FT-Sniper-GOLD-4\ini
2025-04-25 14:00:24,274 - INFO - Deleted INI directory: C:\Users\nikol\AppData\Roaming\MetaQuotes\Terminal\4B1CE69F577705455263BD980C39A82C\MQL5\Experts\Batch_0020\temp-Galaxy-5-1.0\ini
2025-04-25 14:00:24,356 - INFO - Deleted INI directory: C:\Users\nikol\AppData\Roaming\MetaQuotes\Terminal\4B1CE69F577705455263BD980C39A82C\MQL5\Experts\Batch_0020\temp_FT-Sniper-GOLD-4\ini
2025-04-25 14:00:24,433 - INFO - Deleted INI directory: C:\Users\nikol\AppData\Roaming\MetaQuotes\Terminal\4B1CE69F577705455263BD980C39A82C\MQL5\Experts\Batch_0020\temp_Galaxy-5-1.0\ini
2025-04-25 14:00:24,513 - INFO - Deleted INI directory: C:\Users\nikol\AppData\Roaming\MetaQuotes\Terminal\4B1CE69F577705455263BD980C39A82C\MQL5\Experts\Batch_0021\GbpChf\ini
2025-04-25 14:00:24,592 - INFO - Deleted INI directory: C:\Users\nikol\AppData\Roaming\MetaQuotes\Terminal\4B1CE69F577705455263BD980C39A82C\MQL5\Experts\Batch_0021\GO\ini
2025-04-25 14:00:24,674 - INFO - Deleted INI directory: C:\Users\nikol\AppData\Roaming\MetaQuotes\Terminal\4B1CE69F577705455263BD980C39A82C\MQL5\Experts\Batch_0021\Godzillar-EABanker-MT5-FX-XRACKED\ini
2025-04-25 14:00:24,757 - INFO - Deleted INI directory: C:\Users\nikol\AppData\Roaming\MetaQuotes\Terminal\4B1CE69F577705455263BD980C39A82C\MQL5\Experts\Batch_0021\Gold-Dust\ini
2025-04-25 14:00:24,846 - INFO - Deleted INI directory: C:\Users\nikol\AppData\Roaming\MetaQuotes\Terminal\4B1CE69F577705455263BD980C39A82C\MQL5\Experts\Batch_0021\GoldHero-FX-Cracked\ini
2025-04-25 14:00:24,924 - INFO - Deleted INI directory: C:\Users\nikol\AppData\Roaming\MetaQuotes\Terminal\4B1CE69F577705455263BD980C39A82C\MQL5\Experts\Batch_0021\GreenTrade\ini
2025-04-25 14:00:25,001 - INFO - Deleted INI directory: C:\Users\nikol\AppData\Roaming\MetaQuotes\Terminal\4B1CE69F577705455263BD980C39A82C\MQL5\Experts\Batch_0021\Grid\ini
2025-04-25 14:00:25,073 - INFO - Deleted INI directory: C:\Users\nikol\AppData\Roaming\MetaQuotes\Terminal\4B1CE69F577705455263BD980C39A82C\MQL5\Experts\Batch_0021\Grid-Martingale\ini
2025-04-25 14:00:25,167 - INFO - Deleted INI directory: C:\Users\nikol\AppData\Roaming\MetaQuotes\Terminal\4B1CE69F577705455263BD980C39A82C\MQL5\Experts\Batch_0021\GridEA\ini
2025-04-25 14:00:25,235 - INFO - Deleted INI directory: C:\Users\nikol\AppData\Roaming\MetaQuotes\Terminal\4B1CE69F577705455263BD980C39A82C\MQL5\Experts\Batch_0021\HarVesteR\ini
2025-04-25 14:00:25,318 - INFO - Deleted INI directory: C:\Users\nikol\AppData\Roaming\MetaQuotes\Terminal\4B1CE69F577705455263BD980C39A82C\MQL5\Experts\Batch_0021\temp-Godzillar-EABanker-FX-XRACKED\ini
2025-04-25 14:00:25,398 - INFO - Deleted INI directory: C:\Users\nikol\AppData\Roaming\MetaQuotes\Terminal\4B1CE69F577705455263BD980C39A82C\MQL5\Experts\Batch_0021\temp_Godzillar-EABanker-FX-XRACKED\ini
2025-04-25 14:00:25,475 - INFO - Deleted INI directory: C:\Users\nikol\AppData\Roaming\MetaQuotes\Terminal\4B1CE69F577705455263BD980C39A82C\MQL5\Experts\Batch_0022\HedgeEA\ini
2025-04-25 14:00:25,556 - INFO - Deleted INI directory: C:\Users\nikol\AppData\Roaming\MetaQuotes\Terminal\4B1CE69F577705455263BD980C39A82C\MQL5\Experts\Batch_0022\hedger\ini
2025-04-25 14:00:25,637 - INFO - Deleted INI directory: C:\Users\nikol\AppData\Roaming\MetaQuotes\Terminal\4B1CE69F577705455263BD980C39A82C\MQL5\Experts\Batch_0022\Hedging-EA\ini
2025-04-25 14:00:25,719 - INFO - Deleted INI directory: C:\Users\nikol\AppData\Roaming\MetaQuotes\Terminal\4B1CE69F577705455263BD980C39A82C\MQL5\Experts\Batch_0022\heiken-ashi-engulf-ea-buy-mt5\ini
2025-04-25 14:00:25,793 - INFO - Deleted INI directory: C:\Users\nikol\AppData\Roaming\MetaQuotes\Terminal\4B1CE69F577705455263BD980C39A82C\MQL5\Experts\Batch_0022\heiken-ashi-engulf-sell-ea-mt5\ini
2025-04-25 14:00:25,871 - INFO - Deleted INI directory: C:\Users\nikol\AppData\Roaming\MetaQuotes\Terminal\4B1CE69F577705455263BD980C39A82C\MQL5\Experts\Batch_0022\heiken-ashi-smoothed\ini
2025-04-25 14:00:25,955 - INFO - Deleted INI directory: C:\Users\nikol\AppData\Roaming\MetaQuotes\Terminal\4B1CE69F577705455263BD980C39A82C\MQL5\Experts\Batch_0022\Heiken-Ashi-Smoothed-EA\ini
2025-04-25 14:00:26,033 - INFO - Deleted INI directory: C:\Users\nikol\AppData\Roaming\MetaQuotes\Terminal\4B1CE69F577705455263BD980C39A82C\MQL5\Experts\Batch_0022\heiken-ashi-smoothedLine\ini
2025-04-25 14:00:26,114 - INFO - Deleted INI directory: C:\Users\nikol\AppData\Roaming\MetaQuotes\Terminal\4B1CE69F577705455263BD980C39A82C\MQL5\Experts\Batch_0022\HeikenAshi-Lines\ini
2025-04-25 14:00:26,191 - INFO - Deleted INI directory: C:\Users\nikol\AppData\Roaming\MetaQuotes\Terminal\4B1CE69F577705455263BD980C39A82C\MQL5\Experts\Batch_0022\HeikenAshi-Lines-EA\ini
2025-04-25 14:00:26,268 - INFO - Deleted INI directory: C:\Users\nikol\AppData\Roaming\MetaQuotes\Terminal\4B1CE69F577705455263BD980C39A82C\MQL5\Experts\Batch_0022\temp-heiken-ashi-engulf-ea-buy\ini
2025-04-25 14:00:26,346 - INFO - Deleted INI directory: C:\Users\nikol\AppData\Roaming\MetaQuotes\Terminal\4B1CE69F577705455263BD980C39A82C\MQL5\Experts\Batch_0022\temp-heiken-ashi-engulf-sell-ea\ini
2025-04-25 14:00:26,429 - INFO - Deleted INI directory: C:\Users\nikol\AppData\Roaming\MetaQuotes\Terminal\4B1CE69F577705455263BD980C39A82C\MQL5\Experts\Batch_0022\temp_heiken-ashi-engulf-ea-buy\ini
2025-04-25 14:00:26,506 - INFO - Deleted INI directory: C:\Users\nikol\AppData\Roaming\MetaQuotes\Terminal\4B1CE69F577705455263BD980C39A82C\MQL5\Experts\Batch_0022\temp_heiken-ashi-engulf-sell-ea\ini
2025-04-25 14:00:26,584 - INFO - Deleted INI directory: C:\Users\nikol\AppData\Roaming\MetaQuotes\Terminal\4B1CE69F577705455263BD980C39A82C\MQL5\Experts\Batch_0023\Heiken-Ashi-Smoothed-EA-with-MA\ini
2025-04-25 14:00:26,664 - INFO - Deleted INI directory: C:\Users\nikol\AppData\Roaming\MetaQuotes\Terminal\4B1CE69F577705455263BD980C39A82C\MQL5\Experts\Batch_0023\Heinken-Ashi-Color-Candles\ini
2025-04-25 14:00:26,755 - INFO - Deleted INI directory: C:\Users\nikol\AppData\Roaming\MetaQuotes\Terminal\4B1CE69F577705455263BD980C39A82C\MQL5\Experts\Batch_0023\HelloSmart\ini
2025-04-25 14:00:26,842 - INFO - Deleted INI directory: C:\Users\nikol\AppData\Roaming\MetaQuotes\Terminal\4B1CE69F577705455263BD980C39A82C\MQL5\Experts\Batch_0023\High-Low-EA\ini
2025-04-25 14:00:26,927 - INFO - Deleted INI directory: C:\Users\nikol\AppData\Roaming\MetaQuotes\Terminal\4B1CE69F577705455263BD980C39A82C\MQL5\Experts\Batch_0023\High-Low-Indicator\ini
2025-04-25 14:00:27,006 - INFO - Deleted INI directory: C:\Users\nikol\AppData\Roaming\MetaQuotes\Terminal\4B1CE69F577705455263BD980C39A82C\MQL5\Experts\Batch_0023\Hoop-master-2\ini
2025-04-25 14:00:27,101 - INFO - Deleted INI directory: C:\Users\nikol\AppData\Roaming\MetaQuotes\Terminal\4B1CE69F577705455263BD980C39A82C\MQL5\Experts\Batch_0023\i-impulsesystem\ini
2025-04-25 14:00:27,237 - INFO - Deleted INI directory: C:\Users\nikol\AppData\Roaming\MetaQuotes\Terminal\4B1CE69F577705455263BD980C39A82C\MQL5\Experts\Batch_0023\iCCI-iMA\ini
2025-04-25 14:00:27,323 - INFO - Deleted INI directory: C:\Users\nikol\AppData\Roaming\MetaQuotes\Terminal\4B1CE69F577705455263BD980C39A82C\MQL5\Experts\Batch_0023\ichimok2005\ini
2025-04-25 14:00:27,400 - INFO - Deleted INI directory: C:\Users\nikol\AppData\Roaming\MetaQuotes\Terminal\4B1CE69F577705455263BD980C39A82C\MQL5\Experts\Batch_0023\Ichimoku\ini
2025-04-25 14:00:27,478 - INFO - Deleted INI directory: C:\Users\nikol\AppData\Roaming\MetaQuotes\Terminal\4B1CE69F577705455263BD980C39A82C\MQL5\Experts\Batch_0024\ICH-With-Alert-Derekers\ini
2025-04-25 14:00:27,554 - INFO - Deleted INI directory: C:\Users\nikol\AppData\Roaming\MetaQuotes\Terminal\4B1CE69F577705455263BD980C39A82C\MQL5\Experts\Batch_0024\ICH-With-Alert-Derekers-EA\ini
2025-04-25 14:00:27,633 - INFO - Deleted INI directory: C:\Users\nikol\AppData\Roaming\MetaQuotes\Terminal\4B1CE69F577705455263BD980C39A82C\MQL5\Experts\Batch_0024\Ichimoku-20Kijun-20Alert\ini
2025-04-25 14:00:27,711 - INFO - Deleted INI directory: C:\Users\nikol\AppData\Roaming\MetaQuotes\Terminal\4B1CE69F577705455263BD980C39A82C\MQL5\Experts\Batch_0024\Ichimoku-20Tenkan-20Alert\ini
2025-04-25 14:00:27,792 - INFO - Deleted INI directory: C:\Users\nikol\AppData\Roaming\MetaQuotes\Terminal\4B1CE69F577705455263BD980C39A82C\MQL5\Experts\Batch_0024\Ichimoku-Dashboard-MT5\ini
2025-04-25 14:00:27,870 - INFO - Deleted INI directory: C:\Users\nikol\AppData\Roaming\MetaQuotes\Terminal\4B1CE69F577705455263BD980C39A82C\MQL5\Experts\Batch_0024\Ichimoku-Scanner\ini
2025-04-25 14:00:27,944 - INFO - Deleted INI directory: C:\Users\nikol\AppData\Roaming\MetaQuotes\Terminal\4B1CE69F577705455263BD980C39A82C\MQL5\Experts\Batch_0024\Ichimoku-Scanner-MT5\ini
2025-04-25 14:00:28,017 - INFO - Deleted INI directory: C:\Users\nikol\AppData\Roaming\MetaQuotes\Terminal\4B1CE69F577705455263BD980C39A82C\MQL5\Experts\Batch_0024\Ichimoku-Signals-and-Alert\ini
2025-04-25 14:00:28,090 - INFO - Deleted INI directory: C:\Users\nikol\AppData\Roaming\MetaQuotes\Terminal\4B1CE69F577705455263BD980C39A82C\MQL5\Experts\Batch_0024\IchimokuMTF-EA\ini
2025-04-25 14:00:28,172 - INFO - Deleted INI directory: C:\Users\nikol\AppData\Roaming\MetaQuotes\Terminal\4B1CE69F577705455263BD980C39A82C\MQL5\Experts\Batch_0024\Ilan-iMA\ini
2025-04-25 14:00:28,259 - INFO - Deleted INI directory: C:\Users\nikol\AppData\Roaming\MetaQuotes\Terminal\4B1CE69F577705455263BD980C39A82C\MQL5\Experts\Batch_0024\temp-Ichimoku-Dashboard\ini
2025-04-25 14:00:28,336 - INFO - Deleted INI directory: C:\Users\nikol\AppData\Roaming\MetaQuotes\Terminal\4B1CE69F577705455263BD980C39A82C\MQL5\Experts\Batch_0024\temp-Ichimoku-Scanner-1\ini
2025-04-25 14:00:28,409 - INFO - Deleted INI directory: C:\Users\nikol\AppData\Roaming\MetaQuotes\Terminal\4B1CE69F577705455263BD980C39A82C\MQL5\Experts\Batch_0024\temp_Ichimoku-Dashboard\ini
2025-04-25 14:00:28,492 - INFO - Deleted INI directory: C:\Users\nikol\AppData\Roaming\MetaQuotes\Terminal\4B1CE69F577705455263BD980C39A82C\MQL5\Experts\Batch_0024\temp_Ichimoku-Scanner-1\ini
2025-04-25 14:00:28,574 - INFO - Deleted INI directory: C:\Users\nikol\AppData\Roaming\MetaQuotes\Terminal\4B1CE69F577705455263BD980C39A82C\MQL5\Experts\Batch_0025\Ilan1.4\ini
2025-04-25 14:00:28,660 - INFO - Deleted INI directory: C:\Users\nikol\AppData\Roaming\MetaQuotes\Terminal\4B1CE69F577705455263BD980C39A82C\MQL5\Experts\Batch_0025\iMA-iStdDev\ini
2025-04-25 14:00:28,738 - INFO - Deleted INI directory: C:\Users\nikol\AppData\Roaming\MetaQuotes\Terminal\4B1CE69F577705455263BD980C39A82C\MQL5\Experts\Batch_0025\Indices-Tester\ini
2025-04-25 14:00:28,814 - INFO - Deleted INI directory: C:\Users\nikol\AppData\Roaming\MetaQuotes\Terminal\4B1CE69F577705455263BD980C39A82C\MQL5\Experts\Batch_0025\Inka-20Edho-20EA\ini
2025-04-25 14:00:28,888 - INFO - Deleted INI directory: C:\Users\nikol\AppData\Roaming\MetaQuotes\Terminal\4B1CE69F577705455263BD980C39A82C\MQL5\Experts\Batch_0025\Intersection-2-iMA\ini
2025-04-25 14:00:29,006 - INFO - Deleted INI directory: C:\Users\nikol\AppData\Roaming\MetaQuotes\Terminal\4B1CE69F577705455263BD980C39A82C\MQL5\Experts\Batch_0025\IStochastic-Trading\ini
2025-04-25 14:00:29,084 - INFO - Deleted INI directory: C:\Users\nikol\AppData\Roaming\MetaQuotes\Terminal\4B1CE69F577705455263BD980C39A82C\MQL5\Experts\Batch_0025\Ivan\ini
2025-04-25 14:00:29,168 - INFO - Deleted INI directory: C:\Users\nikol\AppData\Roaming\MetaQuotes\Terminal\4B1CE69F577705455263BD980C39A82C\MQL5\Experts\Batch_0025\iVIDyA-Simple\ini
2025-04-25 14:00:29,250 - INFO - Deleted INI directory: C:\Users\nikol\AppData\Roaming\MetaQuotes\Terminal\4B1CE69F577705455263BD980C39A82C\MQL5\Experts\Batch_0025\Jackpot-Strategy-EA\ini
2025-04-25 14:00:29,330 - INFO - Deleted INI directory: C:\Users\nikol\AppData\Roaming\MetaQuotes\Terminal\4B1CE69F577705455263BD980C39A82C\MQL5\Experts\Batch_0025\JackPot-Strategy-Elite\ini
2025-04-25 14:00:29,410 - INFO - Deleted INI directory: C:\Users\nikol\AppData\Roaming\MetaQuotes\Terminal\4B1CE69F577705455263BD980C39A82C\MQL5\Experts\Batch_0026\JK-BullP-AutoTrader\ini
2025-04-25 14:00:29,482 - INFO - Deleted INI directory: C:\Users\nikol\AppData\Roaming\MetaQuotes\Terminal\4B1CE69F577705455263BD980C39A82C\MQL5\Experts\Batch_0026\JS-Chaos\ini
2025-04-25 14:00:29,553 - INFO - Deleted INI directory: C:\Users\nikol\AppData\Roaming\MetaQuotes\Terminal\4B1CE69F577705455263BD980C39A82C\MQL5\Experts\Batch_0026\JS-MA-Day\ini
2025-04-25 14:00:29,636 - INFO - Deleted INI directory: C:\Users\nikol\AppData\Roaming\MetaQuotes\Terminal\4B1CE69F577705455263BD980C39A82C\MQL5\Experts\Batch_0026\JS-MA-SAR-Trades\ini
2025-04-25 14:00:29,722 - INFO - Deleted INI directory: C:\Users\nikol\AppData\Roaming\MetaQuotes\Terminal\4B1CE69F577705455263BD980C39A82C\MQL5\Experts\Batch_0026\JS-MA-SAR-Trades-EA-MT5-YoforexPremium\ini
2025-04-25 14:00:29,807 - INFO - Deleted INI directory: C:\Users\nikol\AppData\Roaming\MetaQuotes\Terminal\4B1CE69F577705455263BD980C39A82C\MQL5\Experts\Batch_0026\JS-MA-SAR-Trades-Yoforexpremium\ini
2025-04-25 14:00:29,890 - INFO - Deleted INI directory: C:\Users\nikol\AppData\Roaming\MetaQuotes\Terminal\4B1CE69F577705455263BD980C39A82C\MQL5\Experts\Batch_0026\Juggernaut\ini
2025-04-25 14:00:29,970 - INFO - Deleted INI directory: C:\Users\nikol\AppData\Roaming\MetaQuotes\Terminal\4B1CE69F577705455263BD980C39A82C\MQL5\Experts\Batch_0026\KA-Gold-Bot\ini
2025-04-25 14:00:30,053 - INFO - Deleted INI directory: C:\Users\nikol\AppData\Roaming\MetaQuotes\Terminal\4B1CE69F577705455263BD980C39A82C\MQL5\Experts\Batch_0026\KueFx-20Arrows\ini
2025-04-25 14:00:30,132 - INFO - Deleted INI directory: C:\Users\nikol\AppData\Roaming\MetaQuotes\Terminal\4B1CE69F577705455263BD980C39A82C\MQL5\Experts\Batch_0026\KueFx-20Baseline\ini
2025-04-25 14:00:30,209 - INFO - Deleted INI directory: C:\Users\nikol\AppData\Roaming\MetaQuotes\Terminal\4B1CE69F577705455263BD980C39A82C\MQL5\Experts\Batch_0026\temp-JS-MA-SAR-Trades-EA-YoforexPremium\ini
2025-04-25 14:00:30,301 - INFO - Deleted INI directory: C:\Users\nikol\AppData\Roaming\MetaQuotes\Terminal\4B1CE69F577705455263BD980C39A82C\MQL5\Experts\Batch_0026\temp_JS-MA-SAR-Trades-EA-YoforexPremium\ini
2025-04-25 14:00:30,386 - INFO - Deleted INI directory: C:\Users\nikol\AppData\Roaming\MetaQuotes\Terminal\4B1CE69F577705455263BD980C39A82C\MQL5\Experts\Batch_0027\KueFx-Arrows\ini
2025-04-25 14:00:30,463 - INFO - Deleted INI directory: C:\Users\nikol\AppData\Roaming\MetaQuotes\Terminal\4B1CE69F577705455263BD980C39A82C\MQL5\Experts\Batch_0027\KueFx-Arrows-20EA\ini
2025-04-25 14:00:30,536 - INFO - Deleted INI directory: C:\Users\nikol\AppData\Roaming\MetaQuotes\Terminal\4B1CE69F577705455263BD980C39A82C\MQL5\Experts\Batch_0027\KueFx-Arrows-EA\ini
2025-04-25 14:00:30,613 - INFO - Deleted INI directory: C:\Users\nikol\AppData\Roaming\MetaQuotes\Terminal\4B1CE69F577705455263BD980C39A82C\MQL5\Experts\Batch_0027\KueFx-Baseline\ini
2025-04-25 14:00:30,687 - INFO - Deleted INI directory: C:\Users\nikol\AppData\Roaming\MetaQuotes\Terminal\4B1CE69F577705455263BD980C39A82C\MQL5\Experts\Batch_0027\KueFx-Baseline-EA\ini
2025-04-25 14:00:30,768 - INFO - Deleted INI directory: C:\Users\nikol\AppData\Roaming\MetaQuotes\Terminal\4B1CE69F577705455263BD980C39A82C\MQL5\Experts\Batch_0027\KueFx-Clean-2025-EA\ini
2025-04-25 14:00:30,848 - INFO - Deleted INI directory: C:\Users\nikol\AppData\Roaming\MetaQuotes\Terminal\4B1CE69F577705455263BD980C39A82C\MQL5\Experts\Batch_0027\KueFxTrend-20EA\ini
2025-04-25 14:00:30,923 - INFO - Deleted INI directory: C:\Users\nikol\AppData\Roaming\MetaQuotes\Terminal\4B1CE69F577705455263BD980C39A82C\MQL5\Experts\Batch_0027\KueFxTrend-EA\ini
2025-04-25 14:00:30,999 - INFO - Deleted INI directory: C:\Users\nikol\AppData\Roaming\MetaQuotes\Terminal\4B1CE69F577705455263BD980C39A82C\MQL5\Experts\Batch_0027\KueFx_Arrows_EA_v1.10\ini
2025-04-25 14:00:31,073 - INFO - Deleted INI directory: C:\Users\nikol\AppData\Roaming\MetaQuotes\Terminal\4B1CE69F577705455263BD980C39A82C\MQL5\Experts\Batch_0027\KueFx_Baseline_EA_v1.10\ini
2025-04-25 14:00:31,157 - INFO - Deleted INI directory: C:\Users\nikol\AppData\Roaming\MetaQuotes\Terminal\4B1CE69F577705455263BD980C39A82C\MQL5\Experts\Batch_0027\temp-KueFx-Arrows-EA-v1.10\ini
2025-04-25 14:00:31,226 - INFO - Deleted INI directory: C:\Users\nikol\AppData\Roaming\MetaQuotes\Terminal\4B1CE69F577705455263BD980C39A82C\MQL5\Experts\Batch_0027\temp-KueFx-Baseline-EA-v1.10\ini
2025-04-25 14:00:31,303 - INFO - Deleted INI directory: C:\Users\nikol\AppData\Roaming\MetaQuotes\Terminal\4B1CE69F577705455263BD980C39A82C\MQL5\Experts\Batch_0027\temp_KueFx-Arrows-EA-v1.10\ini
2025-04-25 14:00:31,387 - INFO - Deleted INI directory: C:\Users\nikol\AppData\Roaming\MetaQuotes\Terminal\4B1CE69F577705455263BD980C39A82C\MQL5\Experts\Batch_0027\temp_KueFx-Baseline-EA-v1.10\ini
2025-04-25 14:00:31,468 - INFO - Deleted INI directory: C:\Users\nikol\AppData\Roaming\MetaQuotes\Terminal\4B1CE69F577705455263BD980C39A82C\MQL5\Experts\Batch_0028\Kue-Electric-EA\ini
2025-04-25 14:00:31,587 - INFO - Deleted INI directory: C:\Users\nikol\AppData\Roaming\MetaQuotes\Terminal\4B1CE69F577705455263BD980C39A82C\MQL5\Experts\Batch_0028\KueFx-Extreme-EA\ini
2025-04-25 14:00:31,690 - INFO - Deleted INI directory: C:\Users\nikol\AppData\Roaming\MetaQuotes\Terminal\4B1CE69F577705455263BD980C39A82C\MQL5\Experts\Batch_0028\KueFx-Harare-EA\ini
2025-04-25 14:00:31,780 - INFO - Deleted INI directory: C:\Users\nikol\AppData\Roaming\MetaQuotes\Terminal\4B1CE69F577705455263BD980C39A82C\MQL5\Experts\Batch_0028\KueFX-Money-Management\ini
2025-04-25 14:00:31,869 - INFO - Deleted INI directory: C:\Users\nikol\AppData\Roaming\MetaQuotes\Terminal\4B1CE69F577705455263BD980C39A82C\MQL5\Experts\Batch_0028\KueFx-Motor\ini
2025-04-25 14:00:31,954 - INFO - Deleted INI directory: C:\Users\nikol\AppData\Roaming\MetaQuotes\Terminal\4B1CE69F577705455263BD980C39A82C\MQL5\Experts\Batch_0028\KueFx-Motor-EA\ini
2025-04-25 14:00:32,031 - INFO - Deleted INI directory: C:\Users\nikol\AppData\Roaming\MetaQuotes\Terminal\4B1CE69F577705455263BD980C39A82C\MQL5\Experts\Batch_0028\KueFx-Trend\ini
2025-04-25 14:00:32,115 - INFO - Deleted INI directory: C:\Users\nikol\AppData\Roaming\MetaQuotes\Terminal\4B1CE69F577705455263BD980C39A82C\MQL5\Experts\Batch_0028\LarryConnersRSI2\ini
2025-04-25 14:00:32,185 - INFO - Deleted INI directory: C:\Users\nikol\AppData\Roaming\MetaQuotes\Terminal\4B1CE69F577705455263BD980C39A82C\MQL5\Experts\Batch_0028\Last-ZZ50\ini
2025-04-25 14:00:32,261 - INFO - Deleted INI directory: C:\Users\nikol\AppData\Roaming\MetaQuotes\Terminal\4B1CE69F577705455263BD980C39A82C\MQL5\Experts\Batch_0028\Lavika100\ini
2025-04-25 14:00:32,348 - INFO - Deleted INI directory: C:\Users\nikol\AppData\Roaming\MetaQuotes\Terminal\4B1CE69F577705455263BD980C39A82C\MQL5\Experts\Batch_0029\LazyBot-MT5\ini
2025-04-25 14:00:32,430 - INFO - Deleted INI directory: C:\Users\nikol\AppData\Roaming\MetaQuotes\Terminal\4B1CE69F577705455263BD980C39A82C\MQL5\Experts\Batch_0029\LBS\ini
2025-04-25 14:00:32,518 - INFO - Deleted INI directory: C:\Users\nikol\AppData\Roaming\MetaQuotes\Terminal\4B1CE69F577705455263BD980C39A82C\MQL5\Experts\Batch_0029\Lego-EA\ini
2025-04-25 14:00:32,646 - INFO - Deleted INI directory: C:\Users\nikol\AppData\Roaming\MetaQuotes\Terminal\4B1CE69F577705455263BD980C39A82C\MQL5\Experts\Batch_0029\Lesson-3-Price-Action\ini
2025-04-25 14:00:32,743 - INFO - Deleted INI directory: C:\Users\nikol\AppData\Roaming\MetaQuotes\Terminal\4B1CE69F577705455263BD980C39A82C\MQL5\Experts\Batch_0029\Lesson-4-Price-Action-MA-Filter\ini
2025-04-25 14:00:32,835 - INFO - Deleted INI directory: C:\Users\nikol\AppData\Roaming\MetaQuotes\Terminal\4B1CE69F577705455263BD980C39A82C\MQL5\Experts\Batch_0029\Lesson-6-Trailling-ATR\ini
2025-04-25 14:00:32,937 - INFO - Deleted INI directory: C:\Users\nikol\AppData\Roaming\MetaQuotes\Terminal\4B1CE69F577705455263BD980C39A82C\MQL5\Experts\Batch_0029\Lesson-7-Price-action-Ket-hop-Volume-VSA\ini
2025-04-25 14:00:33,050 - INFO - Deleted INI directory: C:\Users\nikol\AppData\Roaming\MetaQuotes\Terminal\4B1CE69F577705455263BD980C39A82C\MQL5\Experts\Batch_0029\Little-EA\ini
2025-04-25 14:00:33,135 - INFO - Deleted INI directory: C:\Users\nikol\AppData\Roaming\MetaQuotes\Terminal\4B1CE69F577705455263BD980C39A82C\MQL5\Experts\Batch_0029\Lock\ini
2025-04-25 14:00:33,216 - INFO - Deleted INI directory: C:\Users\nikol\AppData\Roaming\MetaQuotes\Terminal\4B1CE69F577705455263BD980C39A82C\MQL5\Experts\Batch_0029\Locker\ini
2025-04-25 14:00:33,292 - INFO - Deleted INI directory: C:\Users\nikol\AppData\Roaming\MetaQuotes\Terminal\4B1CE69F577705455263BD980C39A82C\MQL5\Experts\Batch_0029\temp-LazyBot\ini
2025-04-25 14:00:33,365 - INFO - Deleted INI directory: C:\Users\nikol\AppData\Roaming\MetaQuotes\Terminal\4B1CE69F577705455263BD980C39A82C\MQL5\Experts\Batch_0029\temp_LazyBot\ini
2025-04-25 14:00:33,460 - INFO - Deleted INI directory: C:\Users\nikol\AppData\Roaming\MetaQuotes\Terminal\4B1CE69F577705455263BD980C39A82C\MQL5\Experts\Batch_0030\Lucky\ini
2025-04-25 14:00:33,536 - INFO - Deleted INI directory: C:\Users\nikol\AppData\Roaming\MetaQuotes\Terminal\4B1CE69F577705455263BD980C39A82C\MQL5\Experts\Batch_0030\M.A-break-mt5-buy\ini
2025-04-25 14:00:33,610 - INFO - Deleted INI directory: C:\Users\nikol\AppData\Roaming\MetaQuotes\Terminal\4B1CE69F577705455263BD980C39A82C\MQL5\Experts\Batch_0030\M.A-break-mt5-sell\ini
2025-04-25 14:00:33,690 - INFO - Deleted INI directory: C:\Users\nikol\AppData\Roaming\MetaQuotes\Terminal\4B1CE69F577705455263BD980C39A82C\MQL5\Experts\Batch_0030\MA MACD Position averaging v2\ini
2025-04-25 14:00:33,815 - INFO - Deleted INI directory: C:\Users\nikol\AppData\Roaming\MetaQuotes\Terminal\4B1CE69F577705455263BD980C39A82C\MQL5\Experts\Batch_0030\MA-20Alert\ini
2025-04-25 14:00:33,907 - INFO - Deleted INI directory: C:\Users\nikol\AppData\Roaming\MetaQuotes\Terminal\4B1CE69F577705455263BD980C39A82C\MQL5\Experts\Batch_0030\MA-20AO-20Arrow\ini
2025-04-25 14:00:34,023 - INFO - Deleted INI directory: C:\Users\nikol\AppData\Roaming\MetaQuotes\Terminal\4B1CE69F577705455263BD980C39A82C\MQL5\Experts\Batch_0030\MA-Cross\ini
2025-04-25 14:00:34,098 - INFO - Deleted INI directory: C:\Users\nikol\AppData\Roaming\MetaQuotes\Terminal\4B1CE69F577705455263BD980C39A82C\MQL5\Experts\Batch_0030\MA-Envelopes\ini
2025-04-25 14:00:34,181 - INFO - Deleted INI directory: C:\Users\nikol\AppData\Roaming\MetaQuotes\Terminal\4B1CE69F577705455263BD980C39A82C\MQL5\Experts\Batch_0030\MA-MACD-Position-averaging\ini
2025-04-25 14:00:34,255 - INFO - Deleted INI directory: C:\Users\nikol\AppData\Roaming\MetaQuotes\Terminal\4B1CE69F577705455263BD980C39A82C\MQL5\Experts\Batch_0030\MA-Trend\ini
2025-04-25 14:00:34,332 - INFO - Deleted INI directory: C:\Users\nikol\AppData\Roaming\MetaQuotes\Terminal\4B1CE69F577705455263BD980C39A82C\MQL5\Experts\Batch_0030\temp-M.A-break-buy\ini
2025-04-25 14:00:34,410 - INFO - Deleted INI directory: C:\Users\nikol\AppData\Roaming\MetaQuotes\Terminal\4B1CE69F577705455263BD980C39A82C\MQL5\Experts\Batch_0030\temp-M.A-break-sell\ini
2025-04-25 14:00:34,488 - INFO - Deleted INI directory: C:\Users\nikol\AppData\Roaming\MetaQuotes\Terminal\4B1CE69F577705455263BD980C39A82C\MQL5\Experts\Batch_0030\temp-MA-MACD-Position-averaging-v2\ini
2025-04-25 14:00:34,570 - INFO - Deleted INI directory: C:\Users\nikol\AppData\Roaming\MetaQuotes\Terminal\4B1CE69F577705455263BD980C39A82C\MQL5\Experts\Batch_0030\temp_M.A-break-buy\ini
2025-04-25 14:00:34,659 - INFO - Deleted INI directory: C:\Users\nikol\AppData\Roaming\MetaQuotes\Terminal\4B1CE69F577705455263BD980C39A82C\MQL5\Experts\Batch_0030\temp_M.A-break-sell\ini
2025-04-25 14:00:34,747 - INFO - Deleted INI directory: C:\Users\nikol\AppData\Roaming\MetaQuotes\Terminal\4B1CE69F577705455263BD980C39A82C\MQL5\Experts\Batch_0030\temp_MA-MACD-Position-averaging-v2\ini
2025-04-25 14:00:34,831 - INFO - Deleted INI directory: C:\Users\nikol\AppData\Roaming\MetaQuotes\Terminal\4B1CE69F577705455263BD980C39A82C\MQL5\Experts\Batch_0031\MA2CCI\ini
2025-04-25 14:00:34,917 - INFO - Deleted INI directory: C:\Users\nikol\AppData\Roaming\MetaQuotes\Terminal\4B1CE69F577705455263BD980C39A82C\MQL5\Experts\Batch_0031\MACD\ini
2025-04-25 14:00:34,995 - INFO - Deleted INI directory: C:\Users\nikol\AppData\Roaming\MetaQuotes\Terminal\4B1CE69F577705455263BD980C39A82C\MQL5\Experts\Batch_0031\MACD-and-SAR\ini
2025-04-25 14:00:35,074 - INFO - Deleted INI directory: C:\Users\nikol\AppData\Roaming\MetaQuotes\Terminal\4B1CE69F577705455263BD980C39A82C\MQL5\Experts\Batch_0031\MACD-Cleaner\ini
2025-04-25 14:00:35,145 - INFO - Deleted INI directory: C:\Users\nikol\AppData\Roaming\MetaQuotes\Terminal\4B1CE69F577705455263BD980C39A82C\MQL5\Experts\Batch_0031\Macd-diver-and-rsi-mt5\ini
2025-04-25 14:00:35,231 - INFO - Deleted INI directory: C:\Users\nikol\AppData\Roaming\MetaQuotes\Terminal\4B1CE69F577705455263BD980C39A82C\MQL5\Experts\Batch_0031\MACD-No-Sample\ini
2025-04-25 14:00:35,307 - INFO - Deleted INI directory: C:\Users\nikol\AppData\Roaming\MetaQuotes\Terminal\4B1CE69F577705455263BD980C39A82C\MQL5\Experts\Batch_0031\MACD-signal\ini
2025-04-25 14:00:35,384 - INFO - Deleted INI directory: C:\Users\nikol\AppData\Roaming\MetaQuotes\Terminal\4B1CE69F577705455263BD980C39A82C\MQL5\Experts\Batch_0031\MACD-Stochastic\ini
2025-04-25 14:00:35,468 - INFO - Deleted INI directory: C:\Users\nikol\AppData\Roaming\MetaQuotes\Terminal\4B1CE69F577705455263BD980C39A82C\MQL5\Experts\Batch_0031\MACD-Stochastic-2\ini
2025-04-25 14:00:35,546 - INFO - Deleted INI directory: C:\Users\nikol\AppData\Roaming\MetaQuotes\Terminal\4B1CE69F577705455263BD980C39A82C\MQL5\Experts\Batch_0031\MACD-wonder\ini
2025-04-25 14:00:35,620 - INFO - Deleted INI directory: C:\Users\nikol\AppData\Roaming\MetaQuotes\Terminal\4B1CE69F577705455263BD980C39A82C\MQL5\Experts\Batch_0031\temp-Macd-diver-and-rsi\ini
2025-04-25 14:00:35,695 - INFO - Deleted INI directory: C:\Users\nikol\AppData\Roaming\MetaQuotes\Terminal\4B1CE69F577705455263BD980C39A82C\MQL5\Experts\Batch_0031\temp_Macd-diver-and-rsi\ini
2025-04-25 14:00:35,772 - INFO - Deleted INI directory: C:\Users\nikol\AppData\Roaming\MetaQuotes\Terminal\4B1CE69F577705455263BD980C39A82C\MQL5\Experts\Batch_0032\MACD-EA-H4\ini
2025-04-25 14:00:35,847 - INFO - Deleted INI directory: C:\Users\nikol\AppData\Roaming\MetaQuotes\Terminal\4B1CE69F577705455263BD980C39A82C\MQL5\Experts\Batch_0032\MACD-wonder-YoforexPremium\ini
2025-04-25 14:00:35,924 - INFO - Deleted INI directory: C:\Users\nikol\AppData\Roaming\MetaQuotes\Terminal\4B1CE69F577705455263BD980C39A82C\MQL5\Experts\Batch_0032\MACDCCI\ini
2025-04-25 14:00:36,012 - INFO - Deleted INI directory: C:\Users\nikol\AppData\Roaming\MetaQuotes\Terminal\4B1CE69F577705455263BD980C39A82C\MQL5\Experts\Batch_0032\MacdPatternTraderAll\ini
2025-04-25 14:00:36,088 - INFO - Deleted INI directory: C:\Users\nikol\AppData\Roaming\MetaQuotes\Terminal\4B1CE69F577705455263BD980C39A82C\MQL5\Experts\Batch_0032\MacdPatternTraderAll0.01\ini
2025-04-25 14:00:36,165 - INFO - Deleted INI directory: C:\Users\nikol\AppData\Roaming\MetaQuotes\Terminal\4B1CE69F577705455263BD980C39A82C\MQL5\Experts\Batch_0032\MagneticBrake\ini
2025-04-25 14:00:36,241 - INFO - Deleted INI directory: C:\Users\nikol\AppData\Roaming\MetaQuotes\Terminal\4B1CE69F577705455263BD980C39A82C\MQL5\Experts\Batch_0032\MagneticStopExpert\ini
2025-04-25 14:00:36,323 - INFO - Deleted INI directory: C:\Users\nikol\AppData\Roaming\MetaQuotes\Terminal\4B1CE69F577705455263BD980C39A82C\MQL5\Experts\Batch_0032\MAGrid\ini
2025-04-25 14:00:36,408 - INFO - Deleted INI directory: C:\Users\nikol\AppData\Roaming\MetaQuotes\Terminal\4B1CE69F577705455263BD980C39A82C\MQL5\Experts\Batch_0032\MAMACD\ini
2025-04-25 14:00:36,489 - INFO - Deleted INI directory: C:\Users\nikol\AppData\Roaming\MetaQuotes\Terminal\4B1CE69F577705455263BD980C39A82C\MQL5\Experts\Batch_0032\Mariner-MT5\ini
2025-04-25 14:00:36,564 - INFO - Deleted INI directory: C:\Users\nikol\AppData\Roaming\MetaQuotes\Terminal\4B1CE69F577705455263BD980C39A82C\MQL5\Experts\Batch_0032\temp-Mariner\ini
2025-04-25 14:00:36,636 - INFO - Deleted INI directory: C:\Users\nikol\AppData\Roaming\MetaQuotes\Terminal\4B1CE69F577705455263BD980C39A82C\MQL5\Experts\Batch_0032\temp_Mariner\ini
2025-04-25 14:00:36,712 - INFO - Deleted INI directory: C:\Users\nikol\AppData\Roaming\MetaQuotes\Terminal\4B1CE69F577705455263BD980C39A82C\MQL5\Experts\Batch_0033\MA-AO-EA\ini
2025-04-25 14:00:36,784 - INFO - Deleted INI directory: C:\Users\nikol\AppData\Roaming\MetaQuotes\Terminal\4B1CE69F577705455263BD980C39A82C\MQL5\Experts\Batch_0033\Market-Capture\ini
2025-04-25 14:00:36,864 - INFO - Deleted INI directory: C:\Users\nikol\AppData\Roaming\MetaQuotes\Terminal\4B1CE69F577705455263BD980C39A82C\MQL5\Experts\Batch_0033\Martin\ini
2025-04-25 14:00:36,938 - INFO - Deleted INI directory: C:\Users\nikol\AppData\Roaming\MetaQuotes\Terminal\4B1CE69F577705455263BD980C39A82C\MQL5\Experts\Batch_0033\Martin-1\ini
2025-04-25 14:00:37,012 - INFO - Deleted INI directory: C:\Users\nikol\AppData\Roaming\MetaQuotes\Terminal\4B1CE69F577705455263BD980C39A82C\MQL5\Experts\Batch_0033\Martin-for-small-deposits\ini
2025-04-25 14:00:37,087 - INFO - Deleted INI directory: C:\Users\nikol\AppData\Roaming\MetaQuotes\Terminal\4B1CE69F577705455263BD980C39A82C\MQL5\Experts\Batch_0033\MartingailExpert\ini
2025-04-25 14:00:37,163 - INFO - Deleted INI directory: C:\Users\nikol\AppData\Roaming\MetaQuotes\Terminal\4B1CE69F577705455263BD980C39A82C\MQL5\Experts\Batch_0033\MartinGaleBreakout\ini
2025-04-25 14:00:37,236 - INFO - Deleted INI directory: C:\Users\nikol\AppData\Roaming\MetaQuotes\Terminal\4B1CE69F577705455263BD980C39A82C\MQL5\Experts\Batch_0033\Marubozu\ini
2025-04-25 14:00:37,311 - INFO - Deleted INI directory: C:\Users\nikol\AppData\Roaming\MetaQuotes\Terminal\4B1CE69F577705455263BD980C39A82C\MQL5\Experts\Batch_0033\Marubozu-EA\ini
2025-04-25 14:00:37,391 - INFO - Deleted INI directory: C:\Users\nikol\AppData\Roaming\MetaQuotes\Terminal\4B1CE69F577705455263BD980C39A82C\MQL5\Experts\Batch_0033\Marubozu_EA_v1.10\ini
2025-04-25 14:00:37,467 - INFO - Deleted INI directory: C:\Users\nikol\AppData\Roaming\MetaQuotes\Terminal\4B1CE69F577705455263BD980C39A82C\MQL5\Experts\Batch_0033\temp-Marubozu-EA-v1.10\ini
2025-04-25 14:00:37,547 - INFO - Deleted INI directory: C:\Users\nikol\AppData\Roaming\MetaQuotes\Terminal\4B1CE69F577705455263BD980C39A82C\MQL5\Experts\Batch_0033\temp_Marubozu-EA-v1.10\ini
2025-04-25 14:00:37,626 - INFO - Deleted INI directory: C:\Users\nikol\AppData\Roaming\MetaQuotes\Terminal\4B1CE69F577705455263BD980C39A82C\MQL5\Experts\Batch_0034\ma-channels\ini
2025-04-25 14:00:37,699 - INFO - Deleted INI directory: C:\Users\nikol\AppData\Roaming\MetaQuotes\Terminal\4B1CE69F577705455263BD980C39A82C\MQL5\Experts\Batch_0034\Ma-Crosses-MT5\ini
2025-04-25 14:00:37,774 - INFO - Deleted INI directory: C:\Users\nikol\AppData\Roaming\MetaQuotes\Terminal\4B1CE69F577705455263BD980C39A82C\MQL5\Experts\Batch_0034\MA-Crossover-mt5-20EA\ini
2025-04-25 14:00:37,861 - INFO - Deleted INI directory: C:\Users\nikol\AppData\Roaming\MetaQuotes\Terminal\4B1CE69F577705455263BD980C39A82C\MQL5\Experts\Batch_0034\MelBar-EuSwiss-1.85\ini
2025-04-25 14:00:37,938 - INFO - Deleted INI directory: C:\Users\nikol\AppData\Roaming\MetaQuotes\Terminal\4B1CE69F577705455263BD980C39A82C\MQL5\Experts\Batch_0034\MelBarTTake325-T-5.5Y-NZD-USD.ex5\ini
2025-04-25 14:00:38,013 - INFO - Deleted INI directory: C:\Users\nikol\AppData\Roaming\MetaQuotes\Terminal\4B1CE69F577705455263BD980C39A82C\MQL5\Experts\Batch_0034\MelBarTTake325-T-5.5Y-NZD-USD.mq5\ini
2025-04-25 14:00:38,093 - INFO - Deleted INI directory: C:\Users\nikol\AppData\Roaming\MetaQuotes\Terminal\4B1CE69F577705455263BD980C39A82C\MQL5\Experts\Batch_0034\MelBar™Take325-™-5.5Y-NZD-USD\ini
2025-04-25 14:00:38,177 - INFO - Deleted INI directory: C:\Users\nikol\AppData\Roaming\MetaQuotes\Terminal\4B1CE69F577705455263BD980C39A82C\MQL5\Experts\Batch_0034\Minning-GoldMT5-Yoforexpremium\ini
2025-04-25 14:00:38,252 - INFO - Deleted INI directory: C:\Users\nikol\AppData\Roaming\MetaQuotes\Terminal\4B1CE69F577705455263BD980C39A82C\MQL5\Experts\Batch_0034\Mobo-Bands\ini
2025-04-25 14:00:38,330 - INFO - Deleted INI directory: C:\Users\nikol\AppData\Roaming\MetaQuotes\Terminal\4B1CE69F577705455263BD980C39A82C\MQL5\Experts\Batch_0034\Mobo-Bands-EA\ini
2025-04-25 14:00:38,403 - INFO - Deleted INI directory: C:\Users\nikol\AppData\Roaming\MetaQuotes\Terminal\4B1CE69F577705455263BD980C39A82C\MQL5\Experts\Batch_0034\temp-Ma-Crosses\ini
2025-04-25 14:00:38,479 - INFO - Deleted INI directory: C:\Users\nikol\AppData\Roaming\MetaQuotes\Terminal\4B1CE69F577705455263BD980C39A82C\MQL5\Experts\Batch_0034\temp-MA-Crossover-20EA\ini
2025-04-25 14:00:38,559 - INFO - Deleted INI directory: C:\Users\nikol\AppData\Roaming\MetaQuotes\Terminal\4B1CE69F577705455263BD980C39A82C\MQL5\Experts\Batch_0034\temp-Minning-Gold-Yoforexpremium\ini
2025-04-25 14:00:38,634 - INFO - Deleted INI directory: C:\Users\nikol\AppData\Roaming\MetaQuotes\Terminal\4B1CE69F577705455263BD980C39A82C\MQL5\Experts\Batch_0034\temp_Ma-Crosses\ini
2025-04-25 14:00:38,708 - INFO - Deleted INI directory: C:\Users\nikol\AppData\Roaming\MetaQuotes\Terminal\4B1CE69F577705455263BD980C39A82C\MQL5\Experts\Batch_0034\temp_MA-Crossover-20EA\ini
2025-04-25 14:00:38,794 - INFO - Deleted INI directory: C:\Users\nikol\AppData\Roaming\MetaQuotes\Terminal\4B1CE69F577705455263BD980C39A82C\MQL5\Experts\Batch_0034\temp_Minning-Gold-Yoforexpremium\ini
2025-04-25 14:00:38,877 - INFO - Deleted INI directory: C:\Users\nikol\AppData\Roaming\MetaQuotes\Terminal\4B1CE69F577705455263BD980C39A82C\MQL5\Experts\Batch_0035\Modified-Moving-Averages\ini
2025-04-25 14:00:38,959 - INFO - Deleted INI directory: C:\Users\nikol\AppData\Roaming\MetaQuotes\Terminal\4B1CE69F577705455263BD980C39A82C\MQL5\Experts\Batch_0035\Momentum-M15\ini
2025-04-25 14:00:39,042 - INFO - Deleted INI directory: C:\Users\nikol\AppData\Roaming\MetaQuotes\Terminal\4B1CE69F577705455263BD980C39A82C\MQL5\Experts\Batch_0035\Momo-trades\ini
2025-04-25 14:00:39,125 - INFO - Deleted INI directory: C:\Users\nikol\AppData\Roaming\MetaQuotes\Terminal\4B1CE69F577705455263BD980C39A82C\MQL5\Experts\Batch_0035\Money-Fixed-Margin\ini
2025-04-25 14:00:39,204 - INFO - Deleted INI directory: C:\Users\nikol\AppData\Roaming\MetaQuotes\Terminal\4B1CE69F577705455263BD980C39A82C\MQL5\Experts\Batch_0035\Money-Fixed-Risk\ini
2025-04-25 14:00:39,288 - INFO - Deleted INI directory: C:\Users\nikol\AppData\Roaming\MetaQuotes\Terminal\4B1CE69F577705455263BD980C39A82C\MQL5\Experts\Batch_0035\MoneyRain\ini
2025-04-25 14:00:39,371 - INFO - Deleted INI directory: C:\Users\nikol\AppData\Roaming\MetaQuotes\Terminal\4B1CE69F577705455263BD980C39A82C\MQL5\Experts\Batch_0035\Morning-evening-star-EA\ini
2025-04-25 14:00:39,451 - INFO - Deleted INI directory: C:\Users\nikol\AppData\Roaming\MetaQuotes\Terminal\4B1CE69F577705455263BD980C39A82C\MQL5\Experts\Batch_0035\MostasHaR15-Pivot\ini
2025-04-25 14:00:39,534 - INFO - Deleted INI directory: C:\Users\nikol\AppData\Roaming\MetaQuotes\Terminal\4B1CE69F577705455263BD980C39A82C\MQL5\Experts\Batch_0035\Moving-Average-Trade-System\ini
2025-04-25 14:00:39,624 - INFO - Deleted INI directory: C:\Users\nikol\AppData\Roaming\MetaQuotes\Terminal\4B1CE69F577705455263BD980C39A82C\MQL5\Experts\Batch_0035\Moving-Averages\ini
2025-04-25 14:00:39,714 - INFO - Deleted INI directory: C:\Users\nikol\AppData\Roaming\MetaQuotes\Terminal\4B1CE69F577705455263BD980C39A82C\MQL5\Experts\Batch_0036\Moving-20average-20and-20ichimoku-20EA\ini
2025-04-25 14:00:39,795 - INFO - Deleted INI directory: C:\Users\nikol\AppData\Roaming\MetaQuotes\Terminal\4B1CE69F577705455263BD980C39A82C\MQL5\Experts\Batch_0036\MovingAverage\ini
2025-04-25 14:00:39,880 - INFO - Deleted INI directory: C:\Users\nikol\AppData\Roaming\MetaQuotes\Terminal\4B1CE69F577705455263BD980C39A82C\MQL5\Experts\Batch_0036\MovingAverageMartinGale\ini
2025-04-25 14:00:39,957 - INFO - Deleted INI directory: C:\Users\nikol\AppData\Roaming\MetaQuotes\Terminal\4B1CE69F577705455263BD980C39A82C\MQL5\Experts\Batch_0036\MQL5-Wizard-MA-RSI\ini
2025-04-25 14:00:40,043 - INFO - Deleted INI directory: C:\Users\nikol\AppData\Roaming\MetaQuotes\Terminal\4B1CE69F577705455263BD980C39A82C\MQL5\Experts\Batch_0036\MQL5-Wizard-MACD-Parabolic-SAR\ini
2025-04-25 14:00:40,140 - INFO - Deleted INI directory: C:\Users\nikol\AppData\Roaming\MetaQuotes\Terminal\4B1CE69F577705455263BD980C39A82C\MQL5\Experts\Batch_0036\MT45\ini
2025-04-25 14:00:40,275 - INFO - Deleted INI directory: C:\Users\nikol\AppData\Roaming\MetaQuotes\Terminal\4B1CE69F577705455263BD980C39A82C\MQL5\Experts\Batch_0036\MT5-CoupleHedgeEA\ini
2025-04-25 14:00:40,361 - INFO - Deleted INI directory: C:\Users\nikol\AppData\Roaming\MetaQuotes\Terminal\4B1CE69F577705455263BD980C39A82C\MQL5\Experts\Batch_0036\MT5-RingSystemEA\ini
2025-04-25 14:00:40,439 - INFO - Deleted INI directory: C:\Users\nikol\AppData\Roaming\MetaQuotes\Terminal\4B1CE69F577705455263BD980C39A82C\MQL5\Experts\Batch_0036\Mt5-williams-directional-index-EA\ini
2025-04-25 14:00:40,528 - INFO - Deleted INI directory: C:\Users\nikol\AppData\Roaming\MetaQuotes\Terminal\4B1CE69F577705455263BD980C39A82C\MQL5\Experts\Batch_0036\MTC-Сombo\ini
2025-04-25 14:00:40,598 - INFO - Deleted INI directory: C:\Users\nikol\AppData\Roaming\MetaQuotes\Terminal\4B1CE69F577705455263BD980C39A82C\MQL5\Experts\Batch_0036\temp-5\ini
2025-04-25 14:00:40,665 - INFO - Deleted INI directory: C:\Users\nikol\AppData\Roaming\MetaQuotes\Terminal\4B1CE69F577705455263BD980C39A82C\MQL5\Experts\Batch_0036\temp-CoupleHedgeEA\ini
2025-04-25 14:00:40,742 - INFO - Deleted INI directory: C:\Users\nikol\AppData\Roaming\MetaQuotes\Terminal\4B1CE69F577705455263BD980C39A82C\MQL5\Experts\Batch_0036\temp-RingSystemEA\ini
2025-04-25 14:00:40,816 - INFO - Deleted INI directory: C:\Users\nikol\AppData\Roaming\MetaQuotes\Terminal\4B1CE69F577705455263BD980C39A82C\MQL5\Experts\Batch_0036\temp-williams-directional-index-EA\ini
2025-04-25 14:00:40,897 - INFO - Deleted INI directory: C:\Users\nikol\AppData\Roaming\MetaQuotes\Terminal\4B1CE69F577705455263BD980C39A82C\MQL5\Experts\Batch_0036\temp_-CoupleHedgeEA\ini
2025-04-25 14:00:40,968 - INFO - Deleted INI directory: C:\Users\nikol\AppData\Roaming\MetaQuotes\Terminal\4B1CE69F577705455263BD980C39A82C\MQL5\Experts\Batch_0036\temp_-RingSystemEA\ini
2025-04-25 14:00:41,050 - INFO - Deleted INI directory: C:\Users\nikol\AppData\Roaming\MetaQuotes\Terminal\4B1CE69F577705455263BD980C39A82C\MQL5\Experts\Batch_0036\temp_-williams-directional-index-EA\ini
2025-04-25 14:00:41,128 - INFO - Deleted INI directory: C:\Users\nikol\AppData\Roaming\MetaQuotes\Terminal\4B1CE69F577705455263BD980C39A82C\MQL5\Experts\Batch_0036\temp_5\ini
2025-04-25 14:00:41,207 - INFO - Deleted INI directory: C:\Users\nikol\AppData\Roaming\MetaQuotes\Terminal\4B1CE69F577705455263BD980C39A82C\MQL5\Experts\Batch_0037\Multi-Stochastic\ini
2025-04-25 14:00:41,282 - INFO - Deleted INI directory: C:\Users\nikol\AppData\Roaming\MetaQuotes\Terminal\4B1CE69F577705455263BD980C39A82C\MQL5\Experts\Batch_0037\Multi-Trader-BC-Robot\ini
2025-04-25 14:00:41,364 - INFO - Deleted INI directory: C:\Users\nikol\AppData\Roaming\MetaQuotes\Terminal\4B1CE69F577705455263BD980C39A82C\MQL5\Experts\Batch_0037\MultiMartin\ini
2025-04-25 14:00:41,440 - INFO - Deleted INI directory: C:\Users\nikol\AppData\Roaming\MetaQuotes\Terminal\4B1CE69F577705455263BD980C39A82C\MQL5\Experts\Batch_0037\MySystem\ini
2025-04-25 14:00:41,518 - INFO - Deleted INI directory: C:\Users\nikol\AppData\Roaming\MetaQuotes\Terminal\4B1CE69F577705455263BD980C39A82C\MQL5\Experts\Batch_0037\N Candles v2\ini
2025-04-25 14:00:41,619 - INFO - Deleted INI directory: C:\Users\nikol\AppData\Roaming\MetaQuotes\Terminal\4B1CE69F577705455263BD980C39A82C\MQL5\Experts\Batch_0037\N Candles v3\ini
2025-04-25 14:00:41,696 - INFO - Deleted INI directory: C:\Users\nikol\AppData\Roaming\MetaQuotes\Terminal\4B1CE69F577705455263BD980C39A82C\MQL5\Experts\Batch_0037\N Candles v4\ini
2025-04-25 14:00:41,777 - INFO - Deleted INI directory: C:\Users\nikol\AppData\Roaming\MetaQuotes\Terminal\4B1CE69F577705455263BD980C39A82C\MQL5\Experts\Batch_0037\N Candles v5\ini
2025-04-25 14:00:41,851 - INFO - Deleted INI directory: C:\Users\nikol\AppData\Roaming\MetaQuotes\Terminal\4B1CE69F577705455263BD980C39A82C\MQL5\Experts\Batch_0037\N-Candles\ini
2025-04-25 14:00:41,939 - INFO - Deleted INI directory: C:\Users\nikol\AppData\Roaming\MetaQuotes\Terminal\4B1CE69F577705455263BD980C39A82C\MQL5\Experts\Batch_0037\N-_Candles_v7\ini
2025-04-25 14:00:42,023 - INFO - Deleted INI directory: C:\Users\nikol\AppData\Roaming\MetaQuotes\Terminal\4B1CE69F577705455263BD980C39A82C\MQL5\Experts\Batch_0037\temp-N-Candles-v2\ini
2025-04-25 14:00:42,105 - INFO - Deleted INI directory: C:\Users\nikol\AppData\Roaming\MetaQuotes\Terminal\4B1CE69F577705455263BD980C39A82C\MQL5\Experts\Batch_0037\temp-N-Candles-v3\ini
2025-04-25 14:00:42,221 - INFO - Deleted INI directory: C:\Users\nikol\AppData\Roaming\MetaQuotes\Terminal\4B1CE69F577705455263BD980C39A82C\MQL5\Experts\Batch_0037\temp-N-Candles-v4\ini
2025-04-25 14:00:42,298 - INFO - Deleted INI directory: C:\Users\nikol\AppData\Roaming\MetaQuotes\Terminal\4B1CE69F577705455263BD980C39A82C\MQL5\Experts\Batch_0037\temp-N-Candles-v5\ini
2025-04-25 14:00:42,373 - INFO - Deleted INI directory: C:\Users\nikol\AppData\Roaming\MetaQuotes\Terminal\4B1CE69F577705455263BD980C39A82C\MQL5\Experts\Batch_0037\temp-N-Candles-v7\ini
2025-04-25 14:00:42,451 - INFO - Deleted INI directory: C:\Users\nikol\AppData\Roaming\MetaQuotes\Terminal\4B1CE69F577705455263BD980C39A82C\MQL5\Experts\Batch_0037\temp_N-Candles-v2\ini
2025-04-25 14:00:42,529 - INFO - Deleted INI directory: C:\Users\nikol\AppData\Roaming\MetaQuotes\Terminal\4B1CE69F577705455263BD980C39A82C\MQL5\Experts\Batch_0037\temp_N-Candles-v3\ini
2025-04-25 14:00:42,602 - INFO - Deleted INI directory: C:\Users\nikol\AppData\Roaming\MetaQuotes\Terminal\4B1CE69F577705455263BD980C39A82C\MQL5\Experts\Batch_0037\temp_N-Candles-v4\ini
2025-04-25 14:00:42,674 - INFO - Deleted INI directory: C:\Users\nikol\AppData\Roaming\MetaQuotes\Terminal\4B1CE69F577705455263BD980C39A82C\MQL5\Experts\Batch_0037\temp_N-Candles-v5\ini
2025-04-25 14:00:42,752 - INFO - Deleted INI directory: C:\Users\nikol\AppData\Roaming\MetaQuotes\Terminal\4B1CE69F577705455263BD980C39A82C\MQL5\Experts\Batch_0037\temp_N-Candles-v7\ini
2025-04-25 14:00:42,820 - INFO - Deleted INI directory: C:\Users\nikol\AppData\Roaming\MetaQuotes\Terminal\4B1CE69F577705455263BD980C39A82C\MQL5\Experts\Batch_0038\Nevalyashka\ini
2025-04-25 14:00:42,935 - INFO - Deleted INI directory: C:\Users\nikol\AppData\Roaming\MetaQuotes\Terminal\4B1CE69F577705455263BD980C39A82C\MQL5\Experts\Batch_0038\Nevalyashka-BreakdownLevel\ini
2025-04-25 14:00:43,011 - INFO - Deleted INI directory: C:\Users\nikol\AppData\Roaming\MetaQuotes\Terminal\4B1CE69F577705455263BD980C39A82C\MQL5\Experts\Batch_0038\Nevalyashka3-1\ini
2025-04-25 14:00:43,086 - INFO - Deleted INI directory: C:\Users\nikol\AppData\Roaming\MetaQuotes\Terminal\4B1CE69F577705455263BD980C39A82C\MQL5\Experts\Batch_0038\New-Martin\ini
2025-04-25 14:00:43,160 - INFO - Deleted INI directory: C:\Users\nikol\AppData\Roaming\MetaQuotes\Terminal\4B1CE69F577705455263BD980C39A82C\MQL5\Experts\Batch_0038\New-Random\ini
2025-04-25 14:00:43,240 - INFO - Deleted INI directory: C:\Users\nikol\AppData\Roaming\MetaQuotes\Terminal\4B1CE69F577705455263BD980C39A82C\MQL5\Experts\Batch_0038\Nextbar\ini
2025-04-25 14:00:43,321 - INFO - Deleted INI directory: C:\Users\nikol\AppData\Roaming\MetaQuotes\Terminal\4B1CE69F577705455263BD980C39A82C\MQL5\Experts\Batch_0038\Night-Flat-Trade\ini
2025-04-25 14:00:43,397 - INFO - Deleted INI directory: C:\Users\nikol\AppData\Roaming\MetaQuotes\Terminal\4B1CE69F577705455263BD980C39A82C\MQL5\Experts\Batch_0038\NightScalper\ini
2025-04-25 14:00:43,480 - INFO - Deleted INI directory: C:\Users\nikol\AppData\Roaming\MetaQuotes\Terminal\4B1CE69F577705455263BD980C39A82C\MQL5\Experts\Batch_0038\NRTR-Revers\ini
2025-04-25 14:00:43,562 - INFO - Deleted INI directory: C:\Users\nikol\AppData\Roaming\MetaQuotes\Terminal\4B1CE69F577705455263BD980C39A82C\MQL5\Experts\Batch_0038\NSK-SWING-EA-MT5-Yoforexpremium\ini
2025-04-25 14:00:43,639 - INFO - Deleted INI directory: C:\Users\nikol\AppData\Roaming\MetaQuotes\Terminal\4B1CE69F577705455263BD980C39A82C\MQL5\Experts\Batch_0038\temp-NSK-SWING-EA-Yoforexpremium\ini
2025-04-25 14:00:43,721 - INFO - Deleted INI directory: C:\Users\nikol\AppData\Roaming\MetaQuotes\Terminal\4B1CE69F577705455263BD980C39A82C\MQL5\Experts\Batch_0038\temp_NSK-SWING-EA-Yoforexpremium\ini
2025-04-25 14:00:43,796 - INFO - Deleted INI directory: C:\Users\nikol\AppData\Roaming\MetaQuotes\Terminal\4B1CE69F577705455263BD980C39A82C\MQL5\Experts\Batch_0039\NSK-SWING-EA-Yoforexpremium\ini
2025-04-25 14:00:43,870 - INFO - Deleted INI directory: C:\Users\nikol\AppData\Roaming\MetaQuotes\Terminal\4B1CE69F577705455263BD980C39A82C\MQL5\Experts\Batch_0039\NUp1Down\ini
2025-04-25 14:00:43,951 - INFO - Deleted INI directory: C:\Users\nikol\AppData\Roaming\MetaQuotes\Terminal\4B1CE69F577705455263BD980C39A82C\MQL5\Experts\Batch_0039\Open-Candle-EA\ini
2025-04-25 14:00:44,031 - INFO - Deleted INI directory: C:\Users\nikol\AppData\Roaming\MetaQuotes\Terminal\4B1CE69F577705455263BD980C39A82C\MQL5\Experts\Batch_0039\Open-Close\ini
2025-04-25 14:00:44,128 - INFO - Deleted INI directory: C:\Users\nikol\AppData\Roaming\MetaQuotes\Terminal\4B1CE69F577705455263BD980C39A82C\MQL5\Experts\Batch_0039\Opening-and-ilosing-on-time\ini
2025-04-25 14:00:44,480 - INFO - Deleted INI directory: C:\Users\nikol\AppData\Roaming\MetaQuotes\Terminal\4B1CE69F577705455263BD980C39A82C\MQL5\Experts\Batch_0039\Opening-and-Сlosing-on-time\ini
2025-04-25 14:00:44,807 - INFO - Deleted INI directory: C:\Users\nikol\AppData\Roaming\MetaQuotes\Terminal\4B1CE69F577705455263BD980C39A82C\MQL5\Experts\Batch_0039\OpenPendingorderAfterPositionGetStopLoss\ini
2025-04-25 14:00:45,137 - INFO - Deleted INI directory: C:\Users\nikol\AppData\Roaming\MetaQuotes\Terminal\4B1CE69F577705455263BD980C39A82C\MQL5\Experts\Batch_0039\OpenTicks\ini
2025-04-25 14:00:45,508 - INFO - Deleted INI directory: C:\Users\nikol\AppData\Roaming\MetaQuotes\Terminal\4B1CE69F577705455263BD980C39A82C\MQL5\Experts\Batch_0039\optimization-result\ini
2025-04-25 14:00:45,818 - INFO - Deleted INI directory: C:\Users\nikol\AppData\Roaming\MetaQuotes\Terminal\4B1CE69F577705455263BD980C39A82C\MQL5\Experts\Batch_0039\ORB-EA-BOX\ini
2025-04-25 14:00:46,138 - INFO - Deleted INI directory: C:\Users\nikol\AppData\Roaming\MetaQuotes\Terminal\4B1CE69F577705455263BD980C39A82C\MQL5\Experts\Batch_0040\OsMaSter\ini
2025-04-25 14:00:46,511 - INFO - Deleted INI directory: C:\Users\nikol\AppData\Roaming\MetaQuotes\Terminal\4B1CE69F577705455263BD980C39A82C\MQL5\Experts\Batch_0040\OTT-20AND-20PRICE-20CROSS-20EA\ini
2025-04-25 14:00:46,853 - INFO - Deleted INI directory: C:\Users\nikol\AppData\Roaming\MetaQuotes\Terminal\4B1CE69F577705455263BD980C39A82C\MQL5\Experts\Batch_0040\OverHedge\ini
2025-04-25 14:00:47,179 - INFO - Deleted INI directory: C:\Users\nikol\AppData\Roaming\MetaQuotes\Terminal\4B1CE69F577705455263BD980C39A82C\MQL5\Experts\Batch_0040\OzFx\ini
2025-04-25 14:00:47,505 - INFO - Deleted INI directory: C:\Users\nikol\AppData\Roaming\MetaQuotes\Terminal\4B1CE69F577705455263BD980C39A82C\MQL5\Experts\Batch_0040\Par-20sar-20mt5-201\ini
2025-04-25 14:00:47,841 - INFO - Deleted INI directory: C:\Users\nikol\AppData\Roaming\MetaQuotes\Terminal\4B1CE69F577705455263BD980C39A82C\MQL5\Experts\Batch_0040\Parabolic-SAR\ini
2025-04-25 14:00:48,178 - INFO - Deleted INI directory: C:\Users\nikol\AppData\Roaming\MetaQuotes\Terminal\4B1CE69F577705455263BD980C39A82C\MQL5\Experts\Batch_0040\PARSI-EA\ini
2025-04-25 14:00:48,514 - INFO - Deleted INI directory: C:\Users\nikol\AppData\Roaming\MetaQuotes\Terminal\4B1CE69F577705455263BD980C39A82C\MQL5\Experts\Batch_0040\Peceptron-Mult\ini
2025-04-25 14:00:48,832 - INFO - Deleted INI directory: C:\Users\nikol\AppData\Roaming\MetaQuotes\Terminal\4B1CE69F577705455263BD980C39A82C\MQL5\Experts\Batch_0040\Pending-orders-by-time\ini
2025-04-25 14:00:49,145 - INFO - Deleted INI directory: C:\Users\nikol\AppData\Roaming\MetaQuotes\Terminal\4B1CE69F577705455263BD980C39A82C\MQL5\Experts\Batch_0040\Pending-orders-by-time-2\ini
2025-04-25 14:00:49,434 - INFO - Deleted INI directory: C:\Users\nikol\AppData\Roaming\MetaQuotes\Terminal\4B1CE69F577705455263BD980C39A82C\MQL5\Experts\Batch_0040\temp-Par-20sar-20-201\ini
2025-04-25 14:00:49,732 - INFO - Deleted INI directory: C:\Users\nikol\AppData\Roaming\MetaQuotes\Terminal\4B1CE69F577705455263BD980C39A82C\MQL5\Experts\Batch_0040\temp_Par-20sar-20-201\ini
2025-04-25 14:00:50,030 - INFO - Deleted INI directory: C:\Users\nikol\AppData\Roaming\MetaQuotes\Terminal\4B1CE69F577705455263BD980C39A82C\MQL5\Experts\Batch_0041\Pendulum\ini
2025-04-25 14:00:50,350 - INFO - Deleted INI directory: C:\Users\nikol\AppData\Roaming\MetaQuotes\Terminal\4B1CE69F577705455263BD980C39A82C\MQL5\Experts\Batch_0041\Pinball-machine\ini
2025-04-25 14:00:50,639 - INFO - Deleted INI directory: C:\Users\nikol\AppData\Roaming\MetaQuotes\Terminal\4B1CE69F577705455263BD980C39A82C\MQL5\Experts\Batch_0041\Pinbar-Magic-EA\ini
2025-04-25 14:00:50,950 - INFO - Deleted INI directory: C:\Users\nikol\AppData\Roaming\MetaQuotes\Terminal\4B1CE69F577705455263BD980C39A82C\MQL5\Experts\Batch_0041\PinBar-Magic-Indicator\ini
2025-04-25 14:00:51,228 - INFO - Deleted INI directory: C:\Users\nikol\AppData\Roaming\MetaQuotes\Terminal\4B1CE69F577705455263BD980C39A82C\MQL5\Experts\Batch_0041\Pipsover\ini
2025-04-25 14:00:51,527 - INFO - Deleted INI directory: C:\Users\nikol\AppData\Roaming\MetaQuotes\Terminal\4B1CE69F577705455263BD980C39A82C\MQL5\Experts\Batch_0041\Plan-X\ini
2025-04-25 14:00:51,825 - INFO - Deleted INI directory: C:\Users\nikol\AppData\Roaming\MetaQuotes\Terminal\4B1CE69F577705455263BD980C39A82C\MQL5\Experts\Batch_0041\Plateau\ini
2025-04-25 14:00:52,113 - INFO - Deleted INI directory: C:\Users\nikol\AppData\Roaming\MetaQuotes\Terminal\4B1CE69F577705455263BD980C39A82C\MQL5\Experts\Batch_0041\Poker-SHOW\ini
2025-04-25 14:00:52,421 - INFO - Deleted INI directory: C:\Users\nikol\AppData\Roaming\MetaQuotes\Terminal\4B1CE69F577705455263BD980C39A82C\MQL5\Experts\Batch_0041\POVERTY-KILLER-GHOSTMT5-YoForexPremium\ini
2025-04-25 14:00:52,737 - INFO - Deleted INI directory: C:\Users\nikol\AppData\Roaming\MetaQuotes\Terminal\4B1CE69F577705455263BD980C39A82C\MQL5\Experts\Batch_0041\POW-BANKER-EA-MT5-4170-with-SetFiles-YoForexPremium\ini
2025-04-25 14:00:53,050 - INFO - Deleted INI directory: C:\Users\nikol\AppData\Roaming\MetaQuotes\Terminal\4B1CE69F577705455263BD980C39A82C\MQL5\Experts\Batch_0041\temp-POVERTY-KILLER-GHOST-YoForexPremium\ini
2025-04-25 14:00:53,388 - INFO - Deleted INI directory: C:\Users\nikol\AppData\Roaming\MetaQuotes\Terminal\4B1CE69F577705455263BD980C39A82C\MQL5\Experts\Batch_0041\temp-POW-BANKER-EA-4170-with-SetFiles-YoForexPremium\ini
2025-04-25 14:00:53,699 - INFO - Deleted INI directory: C:\Users\nikol\AppData\Roaming\MetaQuotes\Terminal\4B1CE69F577705455263BD980C39A82C\MQL5\Experts\Batch_0041\temp_POVERTY-KILLER-GHOST-YoForexPremium\ini
2025-04-25 14:00:54,006 - INFO - Deleted INI directory: C:\Users\nikol\AppData\Roaming\MetaQuotes\Terminal\4B1CE69F577705455263BD980C39A82C\MQL5\Experts\Batch_0041\temp_POW-BANKER-EA-4170-with-SetFiles-YoForexPremium\ini
2025-04-25 14:00:54,342 - INFO - Deleted INI directory: C:\Users\nikol\AppData\Roaming\MetaQuotes\Terminal\4B1CE69F577705455263BD980C39A82C\MQL5\Experts\Batch_0042\Precipice\ini
2025-04-25 14:00:54,636 - INFO - Deleted INI directory: C:\Users\nikol\AppData\Roaming\MetaQuotes\Terminal\4B1CE69F577705455263BD980C39A82C\MQL5\Experts\Batch_0042\Precipice-MartIn\ini
2025-04-25 14:00:54,935 - INFO - Deleted INI directory: C:\Users\nikol\AppData\Roaming\MetaQuotes\Terminal\4B1CE69F577705455263BD980C39A82C\MQL5\Experts\Batch_0042\PrizmaL-Pro-EAMT5-YoforexPremium\ini
2025-04-25 14:00:55,237 - INFO - Deleted INI directory: C:\Users\nikol\AppData\Roaming\MetaQuotes\Terminal\4B1CE69F577705455263BD980C39A82C\MQL5\Experts\Batch_0042\Probe\ini
2025-04-25 14:00:55,523 - INFO - Deleted INI directory: C:\Users\nikol\AppData\Roaming\MetaQuotes\Terminal\4B1CE69F577705455263BD980C39A82C\MQL5\Experts\Batch_0042\Proffessor\ini
2025-04-25 14:00:55,824 - INFO - Deleted INI directory: C:\Users\nikol\AppData\Roaming\MetaQuotes\Terminal\4B1CE69F577705455263BD980C39A82C\MQL5\Experts\Batch_0042\PropFirmHelper\ini
2025-04-25 14:00:56,133 - INFO - Deleted INI directory: C:\Users\nikol\AppData\Roaming\MetaQuotes\Terminal\4B1CE69F577705455263BD980C39A82C\MQL5\Experts\Batch_0042\PROphet\ini
2025-04-25 14:00:56,416 - INFO - Deleted INI directory: C:\Users\nikol\AppData\Roaming\MetaQuotes\Terminal\4B1CE69F577705455263BD980C39A82C\MQL5\Experts\Batch_0042\Puria-method\ini
2025-04-25 14:00:56,712 - INFO - Deleted INI directory: C:\Users\nikol\AppData\Roaming\MetaQuotes\Terminal\4B1CE69F577705455263BD980C39A82C\MQL5\Experts\Batch_0042\Rabbit3\ini
2025-04-25 14:00:57,012 - INFO - Deleted INI directory: C:\Users\nikol\AppData\Roaming\MetaQuotes\Terminal\4B1CE69F577705455263BD980C39A82C\MQL5\Experts\Batch_0042\Range-Breakout\ini
2025-04-25 14:00:57,301 - INFO - Deleted INI directory: C:\Users\nikol\AppData\Roaming\MetaQuotes\Terminal\4B1CE69F577705455263BD980C39A82C\MQL5\Experts\Batch_0042\temp-PrizmaL-Pro-EA-YoforexPremium\ini
2025-04-25 14:00:57,619 - INFO - Deleted INI directory: C:\Users\nikol\AppData\Roaming\MetaQuotes\Terminal\4B1CE69F577705455263BD980C39A82C\MQL5\Experts\Batch_0042\temp_PrizmaL-Pro-EA-YoforexPremium\ini
2025-04-25 14:00:57,910 - INFO - Deleted INI directory: C:\Users\nikol\AppData\Roaming\MetaQuotes\Terminal\4B1CE69F577705455263BD980C39A82C\MQL5\Experts\Batch_0043\Rapid-Doji-EA\ini
2025-04-25 14:00:58,197 - INFO - Deleted INI directory: C:\Users\nikol\AppData\Roaming\MetaQuotes\Terminal\4B1CE69F577705455263BD980C39A82C\MQL5\Experts\Batch_0043\Raymond-Cloudy-Day-for-EA\ini
2025-04-25 14:00:58,529 - INFO - Deleted INI directory: C:\Users\nikol\AppData\Roaming\MetaQuotes\Terminal\4B1CE69F577705455263BD980C39A82C\MQL5\Experts\Batch_0043\RedDragon-v.1.03\ini
2025-04-25 14:00:58,816 - INFO - Deleted INI directory: C:\Users\nikol\AppData\Roaming\MetaQuotes\Terminal\4B1CE69F577705455263BD980C39A82C\MQL5\Experts\Batch_0043\Reflex\ini
2025-04-25 14:00:59,108 - INFO - Deleted INI directory: C:\Users\nikol\AppData\Roaming\MetaQuotes\Terminal\4B1CE69F577705455263BD980C39A82C\MQL5\Experts\Batch_0043\Reflex-EA\ini
2025-04-25 14:00:59,420 - INFO - Deleted INI directory: C:\Users\nikol\AppData\Roaming\MetaQuotes\Terminal\4B1CE69F577705455263BD980C39A82C\MQL5\Experts\Batch_0043\REFLEX-INDICATOR\ini
2025-04-25 14:00:59,705 - INFO - Deleted INI directory: C:\Users\nikol\AppData\Roaming\MetaQuotes\Terminal\4B1CE69F577705455263BD980C39A82C\MQL5\Experts\Batch_0043\Reversing-Martingale\ini
2025-04-25 14:00:59,997 - INFO - Deleted INI directory: C:\Users\nikol\AppData\Roaming\MetaQuotes\Terminal\4B1CE69F577705455263BD980C39A82C\MQL5\Experts\Batch_0043\RideAlligator\ini
2025-04-25 14:01:00,298 - INFO - Deleted INI directory: C:\Users\nikol\AppData\Roaming\MetaQuotes\Terminal\4B1CE69F577705455263BD980C39A82C\MQL5\Experts\Batch_0043\RNN\ini
2025-04-25 14:01:00,590 - INFO - Deleted INI directory: C:\Users\nikol\AppData\Roaming\MetaQuotes\Terminal\4B1CE69F577705455263BD980C39A82C\MQL5\Experts\Batch_0043\RobotPowerM5-meta4\ini
2025-04-25 14:01:00,885 - INFO - Deleted INI directory: C:\Users\nikol\AppData\Roaming\MetaQuotes\Terminal\4B1CE69F577705455263BD980C39A82C\MQL5\Experts\Batch_0044\Robot-MACD\ini
2025-04-25 14:01:01,197 - INFO - Deleted INI directory: C:\Users\nikol\AppData\Roaming\MetaQuotes\Terminal\4B1CE69F577705455263BD980C39A82C\MQL5\Experts\Batch_0044\Rollback-system\ini
2025-04-25 14:01:01,498 - INFO - Deleted INI directory: C:\Users\nikol\AppData\Roaming\MetaQuotes\Terminal\4B1CE69F577705455263BD980C39A82C\MQL5\Experts\Batch_0044\RSI EA v2\ini
2025-04-25 14:01:01,808 - INFO - Deleted INI directory: C:\Users\nikol\AppData\Roaming\MetaQuotes\Terminal\4B1CE69F577705455263BD980C39A82C\MQL5\Experts\Batch_0044\RSI-and-Bollinger-Bands\ini
2025-04-25 14:01:02,102 - INFO - Deleted INI directory: C:\Users\nikol\AppData\Roaming\MetaQuotes\Terminal\4B1CE69F577705455263BD980C39A82C\MQL5\Experts\Batch_0044\RSI-Arrow\ini
2025-04-25 14:01:02,398 - INFO - Deleted INI directory: C:\Users\nikol\AppData\Roaming\MetaQuotes\Terminal\4B1CE69F577705455263BD980C39A82C\MQL5\Experts\Batch_0044\RSI-Bollinger-Bands-EA\ini
2025-04-25 14:01:02,708 - INFO - Deleted INI directory: C:\Users\nikol\AppData\Roaming\MetaQuotes\Terminal\4B1CE69F577705455263BD980C39A82C\MQL5\Experts\Batch_0044\RSI-EA\ini
2025-04-25 14:01:03,003 - INFO - Deleted INI directory: C:\Users\nikol\AppData\Roaming\MetaQuotes\Terminal\4B1CE69F577705455263BD980C39A82C\MQL5\Experts\Batch_0044\RSI-Eraser\ini
2025-04-25 14:01:03,303 - INFO - Deleted INI directory: C:\Users\nikol\AppData\Roaming\MetaQuotes\Terminal\4B1CE69F577705455263BD980C39A82C\MQL5\Experts\Batch_0044\RSI-Levels\ini
2025-04-25 14:01:03,616 - INFO - Deleted INI directory: C:\Users\nikol\AppData\Roaming\MetaQuotes\Terminal\4B1CE69F577705455263BD980C39A82C\MQL5\Experts\Batch_0044\RSI-trader\ini
2025-04-25 14:01:03,972 - INFO - Deleted INI directory: C:\Users\nikol\AppData\Roaming\MetaQuotes\Terminal\4B1CE69F577705455263BD980C39A82C\MQL5\Experts\Batch_0044\temp-RSI-EA-v2\ini
2025-04-25 14:01:04,280 - INFO - Deleted INI directory: C:\Users\nikol\AppData\Roaming\MetaQuotes\Terminal\4B1CE69F577705455263BD980C39A82C\MQL5\Experts\Batch_0044\temp_RSI-EA-v2\ini
2025-04-25 14:01:04,580 - INFO - Deleted INI directory: C:\Users\nikol\AppData\Roaming\MetaQuotes\Terminal\4B1CE69F577705455263BD980C39A82C\MQL5\Experts\Batch_0045\RSI-Arrow-EA\ini
2025-04-25 14:01:04,863 - INFO - Deleted INI directory: C:\Users\nikol\AppData\Roaming\MetaQuotes\Terminal\4B1CE69F577705455263BD980C39A82C\MQL5\Experts\Batch_0045\RSI-Expert\ini
2025-04-25 14:01:05,161 - INFO - Deleted INI directory: C:\Users\nikol\AppData\Roaming\MetaQuotes\Terminal\4B1CE69F577705455263BD980C39A82C\MQL5\Experts\Batch_0045\RSI-Trend\ini
2025-04-25 14:01:05,455 - INFO - Deleted INI directory: C:\Users\nikol\AppData\Roaming\MetaQuotes\Terminal\4B1CE69F577705455263BD980C39A82C\MQL5\Experts\Batch_0045\RSI-Trend-EA\ini
2025-04-25 14:01:05,742 - INFO - Deleted INI directory: C:\Users\nikol\AppData\Roaming\MetaQuotes\Terminal\4B1CE69F577705455263BD980C39A82C\MQL5\Experts\Batch_0045\RSI-with-channels\ini
2025-04-25 14:01:06,043 - INFO - Deleted INI directory: C:\Users\nikol\AppData\Roaming\MetaQuotes\Terminal\4B1CE69F577705455263BD980C39A82C\MQL5\Experts\Batch_0045\RSI-with-channels-EA\ini
2025-04-25 14:01:06,344 - INFO - Deleted INI directory: C:\Users\nikol\AppData\Roaming\MetaQuotes\Terminal\4B1CE69F577705455263BD980C39A82C\MQL5\Experts\Batch_0045\RSI_Expert_v2.0\ini
2025-04-25 14:01:06,640 - INFO - Deleted INI directory: C:\Users\nikol\AppData\Roaming\MetaQuotes\Terminal\4B1CE69F577705455263BD980C39A82C\MQL5\Experts\Batch_0045\Russian20-hp1\ini
2025-04-25 14:01:06,953 - INFO - Deleted INI directory: C:\Users\nikol\AppData\Roaming\MetaQuotes\Terminal\4B1CE69F577705455263BD980C39A82C\MQL5\Experts\Batch_0045\SampleCheckPendingOrder\ini
2025-04-25 14:01:07,275 - INFO - Deleted INI directory: C:\Users\nikol\AppData\Roaming\MetaQuotes\Terminal\4B1CE69F577705455263BD980C39A82C\MQL5\Experts\Batch_0045\SampleTrailingstop-MT5\ini
2025-04-25 14:01:07,575 - INFO - Deleted INI directory: C:\Users\nikol\AppData\Roaming\MetaQuotes\Terminal\4B1CE69F577705455263BD980C39A82C\MQL5\Experts\Batch_0045\temp-RSI-Expert-v2.0\ini
2025-04-25 14:01:07,892 - INFO - Deleted INI directory: C:\Users\nikol\AppData\Roaming\MetaQuotes\Terminal\4B1CE69F577705455263BD980C39A82C\MQL5\Experts\Batch_0045\temp-SampleTrailingstop\ini
2025-04-25 14:01:08,183 - INFO - Deleted INI directory: C:\Users\nikol\AppData\Roaming\MetaQuotes\Terminal\4B1CE69F577705455263BD980C39A82C\MQL5\Experts\Batch_0045\temp_RSI-Expert-v2.0\ini
2025-04-25 14:01:08,481 - INFO - Deleted INI directory: C:\Users\nikol\AppData\Roaming\MetaQuotes\Terminal\4B1CE69F577705455263BD980C39A82C\MQL5\Experts\Batch_0045\temp_SampleTrailingstop\ini
2025-04-25 14:01:08,788 - INFO - Deleted INI directory: C:\Users\nikol\AppData\Roaming\MetaQuotes\Terminal\4B1CE69F577705455263BD980C39A82C\MQL5\Experts\Batch_0046\SAR-trading\ini
2025-04-25 14:01:09,072 - INFO - Deleted INI directory: C:\Users\nikol\AppData\Roaming\MetaQuotes\Terminal\4B1CE69F577705455263BD980C39A82C\MQL5\Experts\Batch_0046\Secwenta\ini
2025-04-25 14:01:09,378 - INFO - Deleted INI directory: C:\Users\nikol\AppData\Roaming\MetaQuotes\Terminal\4B1CE69F577705455263BD980C39A82C\MQL5\Experts\Batch_0046\Sell-Stop\ini
2025-04-25 14:01:09,676 - INFO - Deleted INI directory: C:\Users\nikol\AppData\Roaming\MetaQuotes\Terminal\4B1CE69F577705455263BD980C39A82C\MQL5\Experts\Batch_0046\Sensitive\ini
2025-04-25 14:01:09,975 - INFO - Deleted INI directory: C:\Users\nikol\AppData\Roaming\MetaQuotes\Terminal\4B1CE69F577705455263BD980C39A82C\MQL5\Experts\Batch_0046\Separate-trade\ini
2025-04-25 14:01:10,296 - INFO - Deleted INI directory: C:\Users\nikol\AppData\Roaming\MetaQuotes\Terminal\4B1CE69F577705455263BD980C39A82C\MQL5\Experts\Batch_0046\SilverTrend\ini
2025-04-25 14:01:10,597 - INFO - Deleted INI directory: C:\Users\nikol\AppData\Roaming\MetaQuotes\Terminal\4B1CE69F577705455263BD980C39A82C\MQL5\Experts\Batch_0046\Simple-20Price-20Alert-20-20EA\ini
2025-04-25 14:01:10,886 - INFO - Deleted INI directory: C:\Users\nikol\AppData\Roaming\MetaQuotes\Terminal\4B1CE69F577705455263BD980C39A82C\MQL5\Experts\Batch_0046\Simple-20Volume-20EA\ini
2025-04-25 14:01:11,195 - INFO - Deleted INI directory: C:\Users\nikol\AppData\Roaming\MetaQuotes\Terminal\4B1CE69F577705455263BD980C39A82C\MQL5\Experts\Batch_0046\Simple-EA-MA-plus-MACD\ini
2025-04-25 14:01:11,508 - INFO - Deleted INI directory: C:\Users\nikol\AppData\Roaming\MetaQuotes\Terminal\4B1CE69F577705455263BD980C39A82C\MQL5\Experts\Batch_0046\Simple-FX\ini
2025-04-25 14:01:11,807 - INFO - Deleted INI directory: C:\Users\nikol\AppData\Roaming\MetaQuotes\Terminal\4B1CE69F577705455263BD980C39A82C\MQL5\Experts\Batch_0047\Simple-MACD\ini
2025-04-25 14:01:12,112 - INFO - Deleted INI directory: C:\Users\nikol\AppData\Roaming\MetaQuotes\Terminal\4B1CE69F577705455263BD980C39A82C\MQL5\Experts\Batch_0047\Simple-Volume-EA\ini
2025-04-25 14:01:12,401 - INFO - Deleted INI directory: C:\Users\nikol\AppData\Roaming\MetaQuotes\Terminal\4B1CE69F577705455263BD980C39A82C\MQL5\Experts\Batch_0047\SimplePivot\ini
2025-04-25 14:01:12,701 - INFO - Deleted INI directory: C:\Users\nikol\AppData\Roaming\MetaQuotes\Terminal\4B1CE69F577705455263BD980C39A82C\MQL5\Experts\Batch_0047\Simplest-Hedging-EA-ever\ini
2025-04-25 14:01:13,009 - INFO - Deleted INI directory: C:\Users\nikol\AppData\Roaming\MetaQuotes\Terminal\4B1CE69F577705455263BD980C39A82C\MQL5\Experts\Batch_0047\SimpleTrade\ini
2025-04-25 14:01:13,299 - INFO - Deleted INI directory: C:\Users\nikol\AppData\Roaming\MetaQuotes\Terminal\4B1CE69F577705455263BD980C39A82C\MQL5\Experts\Batch_0047\Six-Soldiers\ini
2025-04-25 14:01:13,600 - INFO - Deleted INI directory: C:\Users\nikol\AppData\Roaming\MetaQuotes\Terminal\4B1CE69F577705455263BD980C39A82C\MQL5\Experts\Batch_0047\Six-Soldiers-EA\ini
2025-04-25 14:01:13,912 - INFO - Deleted INI directory: C:\Users\nikol\AppData\Roaming\MetaQuotes\Terminal\4B1CE69F577705455263BD980C39A82C\MQL5\Experts\Batch_0047\Six-Soldiers-EA-Grid\ini
2025-04-25 14:01:14,216 - INFO - Deleted INI directory: C:\Users\nikol\AppData\Roaming\MetaQuotes\Terminal\4B1CE69F577705455263BD980C39A82C\MQL5\Experts\Batch_0047\Small-Inside-Bar-Strategy\ini
2025-04-25 14:01:14,521 - INFO - Deleted INI directory: C:\Users\nikol\AppData\Roaming\MetaQuotes\Terminal\4B1CE69F577705455263BD980C39A82C\MQL5\Experts\Batch_0047\Smart-Machine-20EA\ini
2025-04-25 14:01:14,821 - INFO - Deleted INI directory: C:\Users\nikol\AppData\Roaming\MetaQuotes\Terminal\4B1CE69F577705455263BD980C39A82C\MQL5\Experts\Batch_0048\Smoothing-Average\ini
2025-04-25 14:01:15,116 - INFO - Deleted INI directory: C:\Users\nikol\AppData\Roaming\MetaQuotes\Terminal\4B1CE69F577705455263BD980C39A82C\MQL5\Experts\Batch_0048\sound\ini
2025-04-25 14:01:15,416 - INFO - Deleted INI directory: C:\Users\nikol\AppData\Roaming\MetaQuotes\Terminal\4B1CE69F577705455263BD980C39A82C\MQL5\Experts\Batch_0048\Sound-Fx\ini
2025-04-25 14:01:15,711 - INFO - Deleted INI directory: C:\Users\nikol\AppData\Roaming\MetaQuotes\Terminal\4B1CE69F577705455263BD980C39A82C\MQL5\Experts\Batch_0048\Spasm\ini
2025-04-25 14:01:16,011 - INFO - Deleted INI directory: C:\Users\nikol\AppData\Roaming\MetaQuotes\Terminal\4B1CE69F577705455263BD980C39A82C\MQL5\Experts\Batch_0048\Sprd-mt5-20EA\ini
2025-04-25 14:01:16,327 - INFO - Deleted INI directory: C:\Users\nikol\AppData\Roaming\MetaQuotes\Terminal\4B1CE69F577705455263BD980C39A82C\MQL5\Experts\Batch_0048\SPYDER-EA-V-6.1-MT5-YoforexPremium\ini
2025-04-25 14:01:16,630 - INFO - Deleted INI directory: C:\Users\nikol\AppData\Roaming\MetaQuotes\Terminal\4B1CE69F577705455263BD980C39A82C\MQL5\Experts\Batch_0048\ssb5-123\ini
2025-04-25 14:01:16,938 - INFO - Deleted INI directory: C:\Users\nikol\AppData\Roaming\MetaQuotes\Terminal\4B1CE69F577705455263BD980C39A82C\MQL5\Experts\Batch_0048\Stargogs-Ghost-Spike-Robot-EAMT5-YoForexPremium\ini
2025-04-25 14:01:17,259 - INFO - Deleted INI directory: C:\Users\nikol\AppData\Roaming\MetaQuotes\Terminal\4B1CE69F577705455263BD980C39A82C\MQL5\Experts\Batch_0048\Stargogs-Pay-EA-MT5-YoforexPremium\ini
2025-04-25 14:01:17,542 - INFO - Deleted INI directory: C:\Users\nikol\AppData\Roaming\MetaQuotes\Terminal\4B1CE69F577705455263BD980C39A82C\MQL5\Experts\Batch_0048\Starter\ini
2025-04-25 14:01:17,843 - INFO - Deleted INI directory: C:\Users\nikol\AppData\Roaming\MetaQuotes\Terminal\4B1CE69F577705455263BD980C39A82C\MQL5\Experts\Batch_0048\temp-Sprd-20EA\ini
2025-04-25 14:01:18,203 - INFO - Deleted INI directory: C:\Users\nikol\AppData\Roaming\MetaQuotes\Terminal\4B1CE69F577705455263BD980C39A82C\MQL5\Experts\Batch_0048\temp-SPYDER-EA-V-6.1-YoforexPremium\ini
2025-04-25 14:01:18,516 - INFO - Deleted INI directory: C:\Users\nikol\AppData\Roaming\MetaQuotes\Terminal\4B1CE69F577705455263BD980C39A82C\MQL5\Experts\Batch_0048\temp-Stargogs-Ghost-Spike-Robot-EA-YoForexPremium\ini
2025-04-25 14:01:18,820 - INFO - Deleted INI directory: C:\Users\nikol\AppData\Roaming\MetaQuotes\Terminal\4B1CE69F577705455263BD980C39A82C\MQL5\Experts\Batch_0048\temp-Stargogs-Pay-EA-YoforexPremium\ini
2025-04-25 14:01:19,120 - INFO - Deleted INI directory: C:\Users\nikol\AppData\Roaming\MetaQuotes\Terminal\4B1CE69F577705455263BD980C39A82C\MQL5\Experts\Batch_0048\temp_Sprd-20EA\ini
2025-04-25 14:01:19,442 - INFO - Deleted INI directory: C:\Users\nikol\AppData\Roaming\MetaQuotes\Terminal\4B1CE69F577705455263BD980C39A82C\MQL5\Experts\Batch_0048\temp_SPYDER-EA-V-6.1-YoforexPremium\ini
2025-04-25 14:01:19,748 - INFO - Deleted INI directory: C:\Users\nikol\AppData\Roaming\MetaQuotes\Terminal\4B1CE69F577705455263BD980C39A82C\MQL5\Experts\Batch_0048\temp_Stargogs-Ghost-Spike-Robot-EA-YoForexPremium\ini
2025-04-25 14:01:20,045 - INFO - Deleted INI directory: C:\Users\nikol\AppData\Roaming\MetaQuotes\Terminal\4B1CE69F577705455263BD980C39A82C\MQL5\Experts\Batch_0048\temp_Stargogs-Pay-EA-YoforexPremium\ini
2025-04-25 14:01:20,341 - INFO - Deleted INI directory: C:\Users\nikol\AppData\Roaming\MetaQuotes\Terminal\4B1CE69F577705455263BD980C39A82C\MQL5\Experts\Batch_0049\Steve-Cartwright-Trader-Camel-CCI-MACD\ini
2025-04-25 14:01:20,645 - INFO - Deleted INI directory: C:\Users\nikol\AppData\Roaming\MetaQuotes\Terminal\4B1CE69F577705455263BD980C39A82C\MQL5\Experts\Batch_0049\Stoch\ini
2025-04-25 14:01:20,938 - INFO - Deleted INI directory: C:\Users\nikol\AppData\Roaming\MetaQuotes\Terminal\4B1CE69F577705455263BD980C39A82C\MQL5\Experts\Batch_0049\Stoch-EA-1192\ini
2025-04-25 14:01:21,231 - INFO - Deleted INI directory: C:\Users\nikol\AppData\Roaming\MetaQuotes\Terminal\4B1CE69F577705455263BD980C39A82C\MQL5\Experts\Batch_0049\Stochastic-20Alert\ini
2025-04-25 14:01:21,533 - INFO - Deleted INI directory: C:\Users\nikol\AppData\Roaming\MetaQuotes\Terminal\4B1CE69F577705455263BD980C39A82C\MQL5\Experts\Batch_0049\Stochastic-K-Divergence.lua\ini
2025-04-25 14:01:22,306 - INFO - Deleted INI directory: C:\Users\nikol\AppData\Roaming\MetaQuotes\Terminal\4B1CE69F577705455263BD980C39A82C\MQL5\Experts\Batch_0049\stochastic-three-periods\ini
2025-04-25 14:01:32,124 - INFO - Deleted INI directory: C:\Users\nikol\AppData\Roaming\MetaQuotes\Terminal\4B1CE69F577705455263BD980C39A82C\MQL5\Experts\Batch_0049\stochasticdiffsign\ini
2025-04-25 14:01:32,438 - INFO - Deleted INI directory: C:\Users\nikol\AppData\Roaming\MetaQuotes\Terminal\4B1CE69F577705455263BD980C39A82C\MQL5\Experts\Batch_0049\StochasticDiffSign-EA\ini
2025-04-25 14:01:32,745 - INFO - Deleted INI directory: C:\Users\nikol\AppData\Roaming\MetaQuotes\Terminal\4B1CE69F577705455263BD980C39A82C\MQL5\Experts\Batch_0049\StochMA\ini
2025-04-25 14:01:33,056 - INFO - Deleted INI directory: C:\Users\nikol\AppData\Roaming\MetaQuotes\Terminal\4B1CE69F577705455263BD980C39A82C\MQL5\Experts\Batch_0049\StochMA-EA\ini
2025-04-25 14:01:33,356 - INFO - Deleted INI directory: C:\Users\nikol\AppData\Roaming\MetaQuotes\Terminal\4B1CE69F577705455263BD980C39A82C\MQL5\Experts\Batch_0050\Stop-Loss-Take-Profit\ini
2025-04-25 14:01:33,641 - INFO - Deleted INI directory: C:\Users\nikol\AppData\Roaming\MetaQuotes\Terminal\4B1CE69F577705455263BD980C39A82C\MQL5\Experts\Batch_0050\StraddleqTrail\ini
2025-04-25 14:01:33,965 - INFO - Deleted INI directory: C:\Users\nikol\AppData\Roaming\MetaQuotes\Terminal\4B1CE69F577705455263BD980C39A82C\MQL5\Experts\Batch_0050\Strategie-Boom-Crash-System-MT5-YoForexPremium\ini
2025-04-25 14:01:34,283 - INFO - Deleted INI directory: C:\Users\nikol\AppData\Roaming\MetaQuotes\Terminal\4B1CE69F577705455263BD980C39A82C\MQL5\Experts\Batch_0050\SUPER-TURBO-EAMT5-YoForexPremium\ini
2025-04-25 14:01:34,588 - INFO - Deleted INI directory: C:\Users\nikol\AppData\Roaming\MetaQuotes\Terminal\4B1CE69F577705455263BD980C39A82C\MQL5\Experts\Batch_0050\Surefirething\ini
2025-04-25 14:01:34,918 - INFO - Deleted INI directory: C:\Users\nikol\AppData\Roaming\MetaQuotes\Terminal\4B1CE69F577705455263BD980C39A82C\MQL5\Experts\Batch_0050\TAILOR-EA-MT5-YoForexPremium\ini
2025-04-25 14:01:35,252 - INFO - Deleted INI directory: C:\Users\nikol\AppData\Roaming\MetaQuotes\Terminal\4B1CE69F577705455263BD980C39A82C\MQL5\Experts\Batch_0050\TAKASHI-SNIPEREA-MT5-yYoForexPremium\ini
2025-04-25 14:01:35,551 - INFO - Deleted INI directory: C:\Users\nikol\AppData\Roaming\MetaQuotes\Terminal\4B1CE69F577705455263BD980C39A82C\MQL5\Experts\Batch_0050\TDSGlobal\ini
2025-04-25 14:01:35,876 - INFO - Deleted INI directory: C:\Users\nikol\AppData\Roaming\MetaQuotes\Terminal\4B1CE69F577705455263BD980C39A82C\MQL5\Experts\Batch_0050\temp-Strategie-Boom-Crash-System-YoForexPremium\ini
2025-04-25 14:01:36,241 - INFO - Deleted INI directory: C:\Users\nikol\AppData\Roaming\MetaQuotes\Terminal\4B1CE69F577705455263BD980C39A82C\MQL5\Experts\Batch_0050\temp-SUPER-TURBO-EA-YoForexPremium\ini
2025-04-25 14:01:36,551 - INFO - Deleted INI directory: C:\Users\nikol\AppData\Roaming\MetaQuotes\Terminal\4B1CE69F577705455263BD980C39A82C\MQL5\Experts\Batch_0050\temp-TAILOR-EA-YoForexPremium\ini
2025-04-25 14:01:36,871 - INFO - Deleted INI directory: C:\Users\nikol\AppData\Roaming\MetaQuotes\Terminal\4B1CE69F577705455263BD980C39A82C\MQL5\Experts\Batch_0050\temp-TAKASHI-SNIPEREA-yYoForexPremium\ini
2025-04-25 14:01:37,199 - INFO - Deleted INI directory: C:\Users\nikol\AppData\Roaming\MetaQuotes\Terminal\4B1CE69F577705455263BD980C39A82C\MQL5\Experts\Batch_0050\temp_Strategie-Boom-Crash-System-YoForexPremium\ini
2025-04-25 14:01:37,544 - INFO - Deleted INI directory: C:\Users\nikol\AppData\Roaming\MetaQuotes\Terminal\4B1CE69F577705455263BD980C39A82C\MQL5\Experts\Batch_0050\temp_SUPER-TURBO-EA-YoForexPremium\ini
2025-04-25 14:01:37,867 - INFO - Deleted INI directory: C:\Users\nikol\AppData\Roaming\MetaQuotes\Terminal\4B1CE69F577705455263BD980C39A82C\MQL5\Experts\Batch_0050\temp_TAILOR-EA-YoForexPremium\ini
2025-04-25 14:01:38,219 - INFO - Deleted INI directory: C:\Users\nikol\AppData\Roaming\MetaQuotes\Terminal\4B1CE69F577705455263BD980C39A82C\MQL5\Experts\Batch_0050\temp_TAKASHI-SNIPEREA-yYoForexPremium\ini
2025-04-25 14:01:38,583 - INFO - Deleted INI directory: C:\Users\nikol\AppData\Roaming\MetaQuotes\Terminal\4B1CE69F577705455263BD980C39A82C\MQL5\Experts\Batch_0050\The-MasterMind\ini
2025-04-25 14:01:38,871 - INFO - Deleted INI directory: C:\Users\nikol\AppData\Roaming\MetaQuotes\Terminal\4B1CE69F577705455263BD980C39A82C\MQL5\Experts\Batch_0050\The-MasterMind-2\ini
2025-04-25 14:01:39,186 - INFO - Deleted INI directory: C:\Users\nikol\AppData\Roaming\MetaQuotes\Terminal\4B1CE69F577705455263BD980C39A82C\MQL5\Experts\Batch_0051\temp-Thomas-EA-YoForexPremium\ini
2025-04-25 14:01:39,493 - INFO - Deleted INI directory: C:\Users\nikol\AppData\Roaming\MetaQuotes\Terminal\4B1CE69F577705455263BD980C39A82C\MQL5\Experts\Batch_0051\temp-Thomas-EA-YoForexPremium-1\ini
2025-04-25 14:01:39,781 - INFO - Deleted INI directory: C:\Users\nikol\AppData\Roaming\MetaQuotes\Terminal\4B1CE69F577705455263BD980C39A82C\MQL5\Experts\Batch_0051\temp-Time-bomb-1\ini
2025-04-25 14:01:40,101 - INFO - Deleted INI directory: C:\Users\nikol\AppData\Roaming\MetaQuotes\Terminal\4B1CE69F577705455263BD980C39A82C\MQL5\Experts\Batch_0051\temp-Time-bomb-1-1\ini
2025-04-25 14:01:40,411 - INFO - Deleted INI directory: C:\Users\nikol\AppData\Roaming\MetaQuotes\Terminal\4B1CE69F577705455263BD980C39A82C\MQL5\Experts\Batch_0051\temp_Thomas-EA-YoForexPremium\ini
2025-04-25 14:01:40,727 - INFO - Deleted INI directory: C:\Users\nikol\AppData\Roaming\MetaQuotes\Terminal\4B1CE69F577705455263BD980C39A82C\MQL5\Experts\Batch_0051\temp_Time-bomb-1\ini
2025-04-25 14:01:41,042 - INFO - Deleted INI directory: C:\Users\nikol\AppData\Roaming\MetaQuotes\Terminal\4B1CE69F577705455263BD980C39A82C\MQL5\Experts\Batch_0051\The-MasterMind-3\ini
2025-04-25 14:01:41,376 - INFO - Deleted INI directory: C:\Users\nikol\AppData\Roaming\MetaQuotes\Terminal\4B1CE69F577705455263BD980C39A82C\MQL5\Experts\Batch_0051\The-Puncher\ini
2025-04-25 14:01:41,672 - INFO - Deleted INI directory: C:\Users\nikol\AppData\Roaming\MetaQuotes\Terminal\4B1CE69F577705455263BD980C39A82C\MQL5\Experts\Batch_0051\TheClassicTurtleTrader-no-dots\ini
2025-04-25 14:01:41,993 - INFO - Deleted INI directory: C:\Users\nikol\AppData\Roaming\MetaQuotes\Terminal\4B1CE69F577705455263BD980C39A82C\MQL5\Experts\Batch_0051\TheClassicTurtleTrader-no-dots-EA\ini
2025-04-25 14:01:42,342 - INFO - Deleted INI directory: C:\Users\nikol\AppData\Roaming\MetaQuotes\Terminal\4B1CE69F577705455263BD980C39A82C\MQL5\Experts\Batch_0051\Thomas-EA-MT5-YoForexPremium\ini
2025-04-25 14:01:42,652 - INFO - Deleted INI directory: C:\Users\nikol\AppData\Roaming\MetaQuotes\Terminal\4B1CE69F577705455263BD980C39A82C\MQL5\Experts\Batch_0051\Three-indicators\ini
2025-04-25 14:01:42,962 - INFO - Deleted INI directory: C:\Users\nikol\AppData\Roaming\MetaQuotes\Terminal\4B1CE69F577705455263BD980C39A82C\MQL5\Experts\Batch_0051\Three-neural-networks\ini
2025-04-25 14:01:43,269 - INFO - Deleted INI directory: C:\Users\nikol\AppData\Roaming\MetaQuotes\Terminal\4B1CE69F577705455263BD980C39A82C\MQL5\Experts\Batch_0051\Three-timeframes\ini
2025-04-25 14:01:43,616 - INFO - Deleted INI directory: C:\Users\nikol\AppData\Roaming\MetaQuotes\Terminal\4B1CE69F577705455263BD980C39A82C\MQL5\Experts\Batch_0051\Three-Typical-Candles\ini
2025-04-25 14:01:43,915 - INFO - Deleted INI directory: C:\Users\nikol\AppData\Roaming\MetaQuotes\Terminal\4B1CE69F577705455263BD980C39A82C\MQL5\Experts\Batch_0051\Time-bomb-mt5-1\ini
2025-04-25 14:01:44,223 - INFO - Deleted INI directory: C:\Users\nikol\AppData\Roaming\MetaQuotes\Terminal\4B1CE69F577705455263BD980C39A82C\MQL5\Experts\Batch_0052\temp-Titan-X-21.18-EA\ini
2025-04-25 14:01:44,528 - INFO - Deleted INI directory: C:\Users\nikol\AppData\Roaming\MetaQuotes\Terminal\4B1CE69F577705455263BD980C39A82C\MQL5\Experts\Batch_0052\temp-Titan-X-21.18-EA-1\ini
2025-04-25 14:01:44,604 - INFO - Deleted INI directory: C:\Users\nikol\AppData\Roaming\MetaQuotes\Terminal\4B1CE69F577705455263BD980C39A82C\MQL5\Experts\Batch_0052\temp_Titan-X-21.18-EA\ini
2025-04-25 14:01:44,689 - INFO - Deleted INI directory: C:\Users\nikol\AppData\Roaming\MetaQuotes\Terminal\4B1CE69F577705455263BD980C39A82C\MQL5\Experts\Batch_0052\Time-sync-forts\ini
2025-04-25 14:01:44,770 - INFO - Deleted INI directory: C:\Users\nikol\AppData\Roaming\MetaQuotes\Terminal\4B1CE69F577705455263BD980C39A82C\MQL5\Experts\Batch_0052\timer-trade\ini
2025-04-25 14:01:44,854 - INFO - Deleted INI directory: C:\Users\nikol\AppData\Roaming\MetaQuotes\Terminal\4B1CE69F577705455263BD980C39A82C\MQL5\Experts\Batch_0052\Titan-X-21.18-EA-MT5\ini
2025-04-25 14:01:44,936 - INFO - Deleted INI directory: C:\Users\nikol\AppData\Roaming\MetaQuotes\Terminal\4B1CE69F577705455263BD980C39A82C\MQL5\Experts\Batch_0052\TMA-ATR-Channel\ini
2025-04-25 14:01:45,027 - INFO - Deleted INI directory: C:\Users\nikol\AppData\Roaming\MetaQuotes\Terminal\4B1CE69F577705455263BD980C39A82C\MQL5\Experts\Batch_0052\TMA-ATR-EA\ini
2025-04-25 14:01:45,119 - INFO - Deleted INI directory: C:\Users\nikol\AppData\Roaming\MetaQuotes\Terminal\4B1CE69F577705455263BD980C39A82C\MQL5\Experts\Batch_0052\TMA-CG-EA\ini
2025-04-25 14:01:45,201 - INFO - Deleted INI directory: C:\Users\nikol\AppData\Roaming\MetaQuotes\Terminal\4B1CE69F577705455263BD980C39A82C\MQL5\Experts\Batch_0052\TMA-CG-Martingale-20EA\ini
2025-04-25 14:01:45,293 - INFO - Deleted INI directory: C:\Users\nikol\AppData\Roaming\MetaQuotes\Terminal\4B1CE69F577705455263BD980C39A82C\MQL5\Experts\Batch_0052\TMA-CG-mladen\ini
2025-04-25 14:01:45,381 - INFO - Deleted INI directory: C:\Users\nikol\AppData\Roaming\MetaQuotes\Terminal\4B1CE69F577705455263BD980C39A82C\MQL5\Experts\Batch_0052\TmaTrue-2.0-with-Distances-6xx\ini
2025-04-25 14:01:45,476 - INFO - Deleted INI directory: C:\Users\nikol\AppData\Roaming\MetaQuotes\Terminal\4B1CE69F577705455263BD980C39A82C\MQL5\Experts\Batch_0052\TmaTrue-3.0-with-Distances-6xx\ini
2025-04-25 14:01:45,569 - INFO - Deleted INI directory: C:\Users\nikol\AppData\Roaming\MetaQuotes\Terminal\4B1CE69F577705455263BD980C39A82C\MQL5\Experts\Batch_0053\temp-Trade-Republic-1.75\ini
2025-04-25 14:01:45,651 - INFO - Deleted INI directory: C:\Users\nikol\AppData\Roaming\MetaQuotes\Terminal\4B1CE69F577705455263BD980C39A82C\MQL5\Experts\Batch_0053\temp-Trade-Republic-1.75-1\ini
2025-04-25 14:01:45,742 - INFO - Deleted INI directory: C:\Users\nikol\AppData\Roaming\MetaQuotes\Terminal\4B1CE69F577705455263BD980C39A82C\MQL5\Experts\Batch_0053\temp_Trade-Republic-1.75\ini
2025-04-25 14:01:45,828 - INFO - Deleted INI directory: C:\Users\nikol\AppData\Roaming\MetaQuotes\Terminal\4B1CE69F577705455263BD980C39A82C\MQL5\Experts\Batch_0053\TMA-CG-special\ini
2025-04-25 14:01:45,903 - INFO - Deleted INI directory: C:\Users\nikol\AppData\Roaming\MetaQuotes\Terminal\4B1CE69F577705455263BD980C39A82C\MQL5\Experts\Batch_0053\TMA-slope-bands\ini
2025-04-25 14:01:45,996 - INFO - Deleted INI directory: C:\Users\nikol\AppData\Roaming\MetaQuotes\Terminal\4B1CE69F577705455263BD980C39A82C\MQL5\Experts\Batch_0053\TP-with-money\ini
2025-04-25 14:01:46,068 - INFO - Deleted INI directory: C:\Users\nikol\AppData\Roaming\MetaQuotes\Terminal\4B1CE69F577705455263BD980C39A82C\MQL5\Experts\Batch_0053\Trade-in-Channel\ini
2025-04-25 14:01:46,142 - INFO - Deleted INI directory: C:\Users\nikol\AppData\Roaming\MetaQuotes\Terminal\4B1CE69F577705455263BD980C39A82C\MQL5\Experts\Batch_0053\Trade-on-qualified-RSI\ini
2025-04-25 14:01:46,213 - INFO - Deleted INI directory: C:\Users\nikol\AppData\Roaming\MetaQuotes\Terminal\4B1CE69F577705455263BD980C39A82C\MQL5\Experts\Batch_0053\Trade-Republic-1.75-MT5\ini
2025-04-25 14:01:46,289 - INFO - Deleted INI directory: C:\Users\nikol\AppData\Roaming\MetaQuotes\Terminal\4B1CE69F577705455263BD980C39A82C\MQL5\Experts\Batch_0053\Trading-Breakout-MrThanhTan\ini
2025-04-25 14:01:46,366 - INFO - Deleted INI directory: C:\Users\nikol\AppData\Roaming\MetaQuotes\Terminal\4B1CE69F577705455263BD980C39A82C\MQL5\Experts\Batch_0053\Trend-Trader-Strategy\ini
2025-04-25 14:01:46,446 - INFO - Deleted INI directory: C:\Users\nikol\AppData\Roaming\MetaQuotes\Terminal\4B1CE69F577705455263BD980C39A82C\MQL5\Experts\Batch_0053\Trend-Trader-Strategy-EA\ini
2025-04-25 14:01:46,562 - INFO - Deleted INI directory: C:\Users\nikol\AppData\Roaming\MetaQuotes\Terminal\4B1CE69F577705455263BD980C39A82C\MQL5\Experts\Batch_0053\True-Scalper-Profit-Lock\ini
2025-04-25 14:01:46,659 - INFO - Deleted INI directory: C:\Users\nikol\AppData\Roaming\MetaQuotes\Terminal\4B1CE69F577705455263BD980C39A82C\MQL5\Experts\Batch_0054\temp-Tunnel-Vision-2024-EA-YoForexPremium\ini
2025-04-25 14:01:46,747 - INFO - Deleted INI directory: C:\Users\nikol\AppData\Roaming\MetaQuotes\Terminal\4B1CE69F577705455263BD980C39A82C\MQL5\Experts\Batch_0054\temp-Tunnel-Vision-2024-EA-YoForexPremium-1\ini
2025-04-25 14:01:46,828 - INFO - Deleted INI directory: C:\Users\nikol\AppData\Roaming\MetaQuotes\Terminal\4B1CE69F577705455263BD980C39A82C\MQL5\Experts\Batch_0054\temp_Tunnel-Vision-2024-EA-YoForexPremium\ini
2025-04-25 14:01:46,904 - INFO - Deleted INI directory: C:\Users\nikol\AppData\Roaming\MetaQuotes\Terminal\4B1CE69F577705455263BD980C39A82C\MQL5\Experts\Batch_0054\Tru-EA\ini
2025-04-25 14:01:46,980 - INFO - Deleted INI directory: C:\Users\nikol\AppData\Roaming\MetaQuotes\Terminal\4B1CE69F577705455263BD980C39A82C\MQL5\Experts\Batch_0054\TrueSort-1100\ini
2025-04-25 14:01:47,065 - INFO - Deleted INI directory: C:\Users\nikol\AppData\Roaming\MetaQuotes\Terminal\4B1CE69F577705455263BD980C39A82C\MQL5\Experts\Batch_0054\Tunnel-gen4\ini
2025-04-25 14:01:47,149 - INFO - Deleted INI directory: C:\Users\nikol\AppData\Roaming\MetaQuotes\Terminal\4B1CE69F577705455263BD980C39A82C\MQL5\Experts\Batch_0054\Tunnel-Method\ini
2025-04-25 14:01:47,225 - INFO - Deleted INI directory: C:\Users\nikol\AppData\Roaming\MetaQuotes\Terminal\4B1CE69F577705455263BD980C39A82C\MQL5\Experts\Batch_0054\Tunnel-Vision-2024-EA-MT5-YoForexPremium\ini
2025-04-25 14:01:47,302 - INFO - Deleted INI directory: C:\Users\nikol\AppData\Roaming\MetaQuotes\Terminal\4B1CE69F577705455263BD980C39A82C\MQL5\Experts\Batch_0054\TurnGrid\ini
2025-04-25 14:01:47,382 - INFO - Deleted INI directory: C:\Users\nikol\AppData\Roaming\MetaQuotes\Terminal\4B1CE69F577705455263BD980C39A82C\MQL5\Experts\Batch_0054\Two-20MA-20RSI-20ADX-20EA\ini
2025-04-25 14:01:47,612 - INFO - Deleted INI directory: C:\Users\nikol\AppData\Roaming\MetaQuotes\Terminal\4B1CE69F577705455263BD980C39A82C\MQL5\Experts\Batch_0054\Two-20Orders-20Panel\ini
2025-04-25 14:01:47,946 - INFO - Deleted INI directory: C:\Users\nikol\AppData\Roaming\MetaQuotes\Terminal\4B1CE69F577705455263BD980C39A82C\MQL5\Experts\Batch_0054\Two-pending-orders-2\ini
2025-04-25 14:01:48,245 - INFO - Deleted INI directory: C:\Users\nikol\AppData\Roaming\MetaQuotes\Terminal\4B1CE69F577705455263BD980C39A82C\MQL5\Experts\Batch_0054\Two-PerBar\ini
2025-04-25 14:01:48,539 - INFO - Deleted INI directory: C:\Users\nikol\AppData\Roaming\MetaQuotes\Terminal\4B1CE69F577705455263BD980C39A82C\MQL5\Experts\Batch_0055\temp-Upgraded-EA-CRASH-1000-YoforexPremium\ini
2025-04-25 14:01:48,952 - INFO - Deleted INI directory: C:\Users\nikol\AppData\Roaming\MetaQuotes\Terminal\4B1CE69F577705455263BD980C39A82C\MQL5\Experts\Batch_0055\temp-Upgraded-EA-CRASH-1000-YoforexPremium-1\ini
2025-04-25 14:01:49,308 - INFO - Deleted INI directory: C:\Users\nikol\AppData\Roaming\MetaQuotes\Terminal\4B1CE69F577705455263BD980C39A82C\MQL5\Experts\Batch_0055\temp_Upgraded-EA-CRASH-1000-YoforexPremium\ini
2025-04-25 14:01:49,624 - INFO - Deleted INI directory: C:\Users\nikol\AppData\Roaming\MetaQuotes\Terminal\4B1CE69F577705455263BD980C39A82C\MQL5\Experts\Batch_0055\UnityPro\ini
2025-04-25 14:01:49,950 - INFO - Deleted INI directory: C:\Users\nikol\AppData\Roaming\MetaQuotes\Terminal\4B1CE69F577705455263BD980C39A82C\MQL5\Experts\Batch_0055\UniversalMACrossEA\ini
2025-04-25 14:01:50,295 - INFO - Deleted INI directory: C:\Users\nikol\AppData\Roaming\MetaQuotes\Terminal\4B1CE69F577705455263BD980C39A82C\MQL5\Experts\Batch_0055\UniversalSignalDemo\ini
2025-04-25 14:01:50,612 - INFO - Deleted INI directory: C:\Users\nikol\AppData\Roaming\MetaQuotes\Terminal\4B1CE69F577705455263BD980C39A82C\MQL5\Experts\Batch_0055\Universum-3.0\ini
2025-04-25 14:01:50,963 - INFO - Deleted INI directory: C:\Users\nikol\AppData\Roaming\MetaQuotes\Terminal\4B1CE69F577705455263BD980C39A82C\MQL5\Experts\Batch_0055\UnNomGuai-20EA\ini
2025-04-25 14:01:51,353 - INFO - Deleted INI directory: C:\Users\nikol\AppData\Roaming\MetaQuotes\Terminal\4B1CE69F577705455263BD980C39A82C\MQL5\Experts\Batch_0055\up3x1\ini
2025-04-25 14:01:51,763 - INFO - Deleted INI directory: C:\Users\nikol\AppData\Roaming\MetaQuotes\Terminal\4B1CE69F577705455263BD980C39A82C\MQL5\Experts\Batch_0055\up3x1-Investor\ini
2025-04-25 14:01:52,064 - INFO - Deleted INI directory: C:\Users\nikol\AppData\Roaming\MetaQuotes\Terminal\4B1CE69F577705455263BD980C39A82C\MQL5\Experts\Batch_0055\up3x1-premium-M\ini
2025-04-25 14:01:52,387 - INFO - Deleted INI directory: C:\Users\nikol\AppData\Roaming\MetaQuotes\Terminal\4B1CE69F577705455263BD980C39A82C\MQL5\Experts\Batch_0055\Upgraded-EA-CRASH-1000MT5-YoforexPremium\ini
2025-04-25 14:01:52,715 - INFO - Deleted INI directory: C:\Users\nikol\AppData\Roaming\MetaQuotes\Terminal\4B1CE69F577705455263BD980C39A82C\MQL5\Experts\Batch_0055\Urdala-Trol\ini
2025-04-25 14:01:53,043 - INFO - Deleted INI directory: C:\Users\nikol\AppData\Roaming\MetaQuotes\Terminal\4B1CE69F577705455263BD980C39A82C\MQL5\Experts\Batch_0056\Very-Blonde-System\ini
2025-04-25 14:01:53,395 - INFO - Deleted INI directory: C:\Users\nikol\AppData\Roaming\MetaQuotes\Terminal\4B1CE69F577705455263BD980C39A82C\MQL5\Experts\Batch_0056\Virtual-Trailing-Stop\ini
2025-04-25 14:01:53,728 - INFO - Deleted INI directory: C:\Users\nikol\AppData\Roaming\MetaQuotes\Terminal\4B1CE69F577705455263BD980C39A82C\MQL5\Experts\Batch_0056\VLT-TRADER\ini
2025-04-25 14:01:54,038 - INFO - Deleted INI directory: C:\Users\nikol\AppData\Roaming\MetaQuotes\Terminal\4B1CE69F577705455263BD980C39A82C\MQL5\Experts\Batch_0056\Volume-trader\ini
2025-04-25 14:01:54,375 - INFO - Deleted INI directory: C:\Users\nikol\AppData\Roaming\MetaQuotes\Terminal\4B1CE69F577705455263BD980C39A82C\MQL5\Experts\Batch_0056\Vortex-Indicator-System\ini
2025-04-25 14:01:54,701 - INFO - Deleted INI directory: C:\Users\nikol\AppData\Roaming\MetaQuotes\Terminal\4B1CE69F577705455263BD980C39A82C\MQL5\Experts\Batch_0056\VR-Overturn\ini
2025-04-25 14:01:55,016 - INFO - Deleted INI directory: C:\Users\nikol\AppData\Roaming\MetaQuotes\Terminal\4B1CE69F577705455263BD980C39A82C\MQL5\Experts\Batch_0056\VR-ZVER\ini
2025-04-25 14:01:55,380 - INFO - Deleted INI directory: C:\Users\nikol\AppData\Roaming\MetaQuotes\Terminal\4B1CE69F577705455263BD980C39A82C\MQL5\Experts\Batch_0056\VR-ZVER-v.2\ini
2025-04-25 14:01:55,772 - INFO - Deleted INI directory: C:\Users\nikol\AppData\Roaming\MetaQuotes\Terminal\4B1CE69F577705455263BD980C39A82C\MQL5\Experts\Batch_0056\VZO\ini
2025-04-25 14:01:56,076 - INFO - Deleted INI directory: C:\Users\nikol\AppData\Roaming\MetaQuotes\Terminal\4B1CE69F577705455263BD980C39A82C\MQL5\Experts\Batch_0056\Waddah-Attar-Win\ini
2025-04-25 14:01:56,393 - INFO - Deleted INI directory: C:\Users\nikol\AppData\Roaming\MetaQuotes\Terminal\4B1CE69F577705455263BD980C39A82C\MQL5\Experts\Batch_0057\NSK-Swing\ini
2025-04-25 14:01:56,671 - INFO - Deleted INI directory: C:\Users\nikol\AppData\Roaming\MetaQuotes\Terminal\4B1CE69F577705455263BD980C39A82C\MQL5\Experts\Batch_0057\Simple-Trade\ini
2025-04-25 14:01:56,966 - INFO - Deleted INI directory: C:\Users\nikol\AppData\Roaming\MetaQuotes\Terminal\4B1CE69F577705455263BD980C39A82C\MQL5\Experts\Batch_0057\temp-XKPRMST-EA-YoForexPremium\ini
2025-04-25 14:01:57,276 - INFO - Deleted INI directory: C:\Users\nikol\AppData\Roaming\MetaQuotes\Terminal\4B1CE69F577705455263BD980C39A82C\MQL5\Experts\Batch_0057\temp-XKPRMST-EA-YoForexPremium-1\ini
2025-04-25 14:01:57,571 - INFO - Deleted INI directory: C:\Users\nikol\AppData\Roaming\MetaQuotes\Terminal\4B1CE69F577705455263BD980C39A82C\MQL5\Experts\Batch_0057\temp-XT-EURUSD-EA-YoForexPremium\ini
2025-04-25 14:01:57,870 - INFO - Deleted INI directory: C:\Users\nikol\AppData\Roaming\MetaQuotes\Terminal\4B1CE69F577705455263BD980C39A82C\MQL5\Experts\Batch_0057\temp-XT-EURUSD-EA-YoForexPremium-1\ini
2025-04-25 14:01:58,187 - INFO - Deleted INI directory: C:\Users\nikol\AppData\Roaming\MetaQuotes\Terminal\4B1CE69F577705455263BD980C39A82C\MQL5\Experts\Batch_0057\temp-Yumnaa-Classic-EA-Setfiles-YoForexPremium\ini
2025-04-25 14:01:58,502 - INFO - Deleted INI directory: C:\Users\nikol\AppData\Roaming\MetaQuotes\Terminal\4B1CE69F577705455263BD980C39A82C\MQL5\Experts\Batch_0057\temp-Yumnaa-Classic-EA-Setfiles-YoForexPremium-1\ini
2025-04-25 14:01:58,852 - INFO - Deleted INI directory: C:\Users\nikol\AppData\Roaming\MetaQuotes\Terminal\4B1CE69F577705455263BD980C39A82C\MQL5\Experts\Batch_0057\temp_XKPRMST-EA-YoForexPremium\ini
2025-04-25 14:01:59,283 - INFO - Deleted INI directory: C:\Users\nikol\AppData\Roaming\MetaQuotes\Terminal\4B1CE69F577705455263BD980C39A82C\MQL5\Experts\Batch_0057\temp_XT-EURUSD-EA-YoForexPremium\ini
2025-04-25 14:01:59,615 - INFO - Deleted INI directory: C:\Users\nikol\AppData\Roaming\MetaQuotes\Terminal\4B1CE69F577705455263BD980C39A82C\MQL5\Experts\Batch_0057\temp_Yumnaa-Classic-EA-Setfiles-YoForexPremium\ini
2025-04-25 14:01:59,954 - INFO - Deleted INI directory: C:\Users\nikol\AppData\Roaming\MetaQuotes\Terminal\4B1CE69F577705455263BD980C39A82C\MQL5\Experts\Batch_0057\Two-Perbar\ini
2025-04-25 14:02:00,261 - INFO - Deleted INI directory: C:\Users\nikol\AppData\Roaming\MetaQuotes\Terminal\4B1CE69F577705455263BD980C39A82C\MQL5\Experts\Batch_0057\wagonKing1-EA\ini
2025-04-25 14:02:00,616 - INFO - Deleted INI directory: C:\Users\nikol\AppData\Roaming\MetaQuotes\Terminal\4B1CE69F577705455263BD980C39A82C\MQL5\Experts\Batch_0057\WE-TRUST\ini
2025-04-25 14:02:00,920 - INFO - Deleted INI directory: C:\Users\nikol\AppData\Roaming\MetaQuotes\Terminal\4B1CE69F577705455263BD980C39A82C\MQL5\Experts\Batch_0057\X-RSIOMA\ini
2025-04-25 14:02:01,360 - INFO - Deleted INI directory: C:\Users\nikol\AppData\Roaming\MetaQuotes\Terminal\4B1CE69F577705455263BD980C39A82C\MQL5\Experts\Batch_0057\XKPRMST-EA-MT5-YoForexPremium\ini
2025-04-25 14:02:01,760 - INFO - Deleted INI directory: C:\Users\nikol\AppData\Roaming\MetaQuotes\Terminal\4B1CE69F577705455263BD980C39A82C\MQL5\Experts\Batch_0057\XT-EURUSD-EA-MT5-YoForexPremium\ini
2025-04-25 14:02:02,132 - INFO - Deleted INI directory: C:\Users\nikol\AppData\Roaming\MetaQuotes\Terminal\4B1CE69F577705455263BD980C39A82C\MQL5\Experts\Batch_0057\Yesterday-Today\ini
2025-04-25 14:02:02,493 - INFO - Deleted INI directory: C:\Users\nikol\AppData\Roaming\MetaQuotes\Terminal\4B1CE69F577705455263BD980C39A82C\MQL5\Experts\Batch_0057\Yumnaa-Classic-EA-MT5-Setfiles-YoForexPremium\ini
2025-04-25 14:02:02,495 - INFO - Successfully deleted 736 INI directories
