2025-04-27 12:09:25,867 - INFO - Deleted INI directory: C:\Users\nikol\AppData\Roaming\MetaQuotes\Terminal\4B1CE69F577705455263BD980C39A82C\MQL5\Experts\Batch_0001\10-pips\ini
2025-04-27 12:09:26,317 - INFO - Deleted INI directory: C:\Users\nikol\AppData\Roaming\MetaQuotes\Terminal\4B1CE69F577705455263BD980C39A82C\MQL5\Experts\Batch_0001\10-pips-EURUSD\ini
2025-04-27 12:09:26,729 - INFO - Deleted INI directory: C:\Users\nikol\AppData\Roaming\MetaQuotes\Terminal\4B1CE69F577705455263BD980C39A82C\MQL5\Experts\Batch_0001\1H-EUR-USD\ini
2025-04-27 12:09:27,143 - INFO - Deleted INI directory: C:\Users\nikol\AppData\Roaming\MetaQuotes\Terminal\4B1CE69F577705455263BD980C39A82C\MQL5\Experts\Batch_0001\20011201-GBPUSD-M1\ini
2025-04-27 12:09:27,546 - INFO - Deleted INI directory: C:\Users\nikol\AppData\Roaming\MetaQuotes\Terminal\4B1CE69F577705455263BD980C39A82C\MQL5\Experts\Batch_0001\21hour\ini
2025-04-27 12:09:27,966 - INFO - Deleted INI directory: C:\Users\nikol\AppData\Roaming\MetaQuotes\Terminal\4B1CE69F577705455263BD980C39A82C\MQL5\Experts\Batch_0001\2HR-HL\ini
2025-04-27 12:09:28,366 - INFO - Deleted INI directory: C:\Users\nikol\AppData\Roaming\MetaQuotes\Terminal\4B1CE69F577705455263BD980C39A82C\MQL5\Experts\Batch_0001\2MA-4Level\ini
2025-04-27 12:09:28,781 - INFO - Deleted INI directory: C:\Users\nikol\AppData\Roaming\MetaQuotes\Terminal\4B1CE69F577705455263BD980C39A82C\MQL5\Experts\Batch_0001\2MA-Bunny-Cross\ini
2025-04-27 12:09:29,195 - INFO - Deleted INI directory: C:\Users\nikol\AppData\Roaming\MetaQuotes\Terminal\4B1CE69F577705455263BD980C39A82C\MQL5\Experts\Batch_0001\3-bars-high-low-indicator\ini
2025-04-27 12:09:29,631 - INFO - Deleted INI directory: C:\Users\nikol\AppData\Roaming\MetaQuotes\Terminal\4B1CE69F577705455263BD980C39A82C\MQL5\Experts\Batch_0001\35-Pip-Scalper\ini
2025-04-27 12:09:30,033 - INFO - Deleted INI directory: C:\Users\nikol\AppData\Roaming\MetaQuotes\Terminal\4B1CE69F577705455263BD980C39A82C\MQL5\Experts\Batch_0002\3BarsHighLowEA\ini
2025-04-27 12:09:30,451 - INFO - Deleted INI directory: C:\Users\nikol\AppData\Roaming\MetaQuotes\Terminal\4B1CE69F577705455263BD980C39A82C\MQL5\Experts\Batch_0002\3sma\ini
2025-04-27 12:09:30,860 - INFO - Deleted INI directory: C:\Users\nikol\AppData\Roaming\MetaQuotes\Terminal\4B1CE69F577705455263BD980C39A82C\MQL5\Experts\Batch_0002\3sma_\ini
2025-04-27 12:09:31,286 - INFO - Deleted INI directory: C:\Users\nikol\AppData\Roaming\MetaQuotes\Terminal\4B1CE69F577705455263BD980C39A82C\MQL5\Experts\Batch_0002\500\ini
2025-04-27 12:09:31,702 - INFO - Deleted INI directory: C:\Users\nikol\AppData\Roaming\MetaQuotes\Terminal\4B1CE69F577705455263BD980C39A82C\MQL5\Experts\Batch_0002\55-MA\ini
2025-04-27 12:09:32,154 - INFO - Deleted INI directory: C:\Users\nikol\AppData\Roaming\MetaQuotes\Terminal\4B1CE69F577705455263BD980C39A82C\MQL5\Experts\Batch_0002\A\ini
2025-04-27 12:09:32,566 - INFO - Deleted INI directory: C:\Users\nikol\AppData\Roaming\MetaQuotes\Terminal\4B1CE69F577705455263BD980C39A82C\MQL5\Experts\Batch_0002\Above-Below-MA\ini
2025-04-27 12:09:32,989 - INFO - Deleted INI directory: C:\Users\nikol\AppData\Roaming\MetaQuotes\Terminal\4B1CE69F577705455263BD980C39A82C\MQL5\Experts\Batch_0002\Absorption\ini
2025-04-27 12:09:33,426 - INFO - Deleted INI directory: C:\Users\nikol\AppData\Roaming\MetaQuotes\Terminal\4B1CE69F577705455263BD980C39A82C\MQL5\Experts\Batch_0002\AC-ACADEMY-US30\ini
2025-04-27 12:09:33,833 - INFO - Deleted INI directory: C:\Users\nikol\AppData\Roaming\MetaQuotes\Terminal\4B1CE69F577705455263BD980C39A82C\MQL5\Experts\Batch_0002\Accumulator\ini
2025-04-27 12:09:34,235 - INFO - Deleted INI directory: C:\Users\nikol\AppData\Roaming\MetaQuotes\Terminal\4B1CE69F577705455263BD980C39A82C\MQL5\Experts\Batch_0003\ADX-MA\ini
2025-04-27 12:09:34,649 - INFO - Deleted INI directory: C:\Users\nikol\AppData\Roaming\MetaQuotes\Terminal\4B1CE69F577705455263BD980C39A82C\MQL5\Experts\Batch_0003\ADX-MACD-Deev\ini
2025-04-27 12:09:35,060 - INFO - Deleted INI directory: C:\Users\nikol\AppData\Roaming\MetaQuotes\Terminal\4B1CE69F577705455263BD980C39A82C\MQL5\Experts\Batch_0003\ADX-System\ini
2025-04-27 12:09:35,467 - INFO - Deleted INI directory: C:\Users\nikol\AppData\Roaming\MetaQuotes\Terminal\4B1CE69F577705455263BD980C39A82C\MQL5\Experts\Batch_0003\AI-GOLD\ini
2025-04-27 12:09:35,857 - INFO - Deleted INI directory: C:\Users\nikol\AppData\Roaming\MetaQuotes\Terminal\4B1CE69F577705455263BD980C39A82C\MQL5\Experts\Batch_0003\AI-Trader\ini
2025-04-27 12:09:36,274 - INFO - Deleted INI directory: C:\Users\nikol\AppData\Roaming\MetaQuotes\Terminal\4B1CE69F577705455263BD980C39A82C\MQL5\Experts\Batch_0003\AI-TUNE\ini
2025-04-27 12:09:36,672 - INFO - Deleted INI directory: C:\Users\nikol\AppData\Roaming\MetaQuotes\Terminal\4B1CE69F577705455263BD980C39A82C\MQL5\Experts\Batch_0003\AI-Tune-EAMT5-YoforexPremium\ini
2025-04-27 12:09:37,111 - INFO - Deleted INI directory: C:\Users\nikol\AppData\Roaming\MetaQuotes\Terminal\4B1CE69F577705455263BD980C39A82C\MQL5\Experts\Batch_0003\AI-TUNE-FIXED-YFP\ini
2025-04-27 12:09:37,493 - INFO - Deleted INI directory: C:\Users\nikol\AppData\Roaming\MetaQuotes\Terminal\4B1CE69F577705455263BD980C39A82C\MQL5\Experts\Batch_0003\AIS1\ini
2025-04-27 12:09:37,956 - INFO - Deleted INI directory: C:\Users\nikol\AppData\Roaming\MetaQuotes\Terminal\4B1CE69F577705455263BD980C39A82C\MQL5\Experts\Batch_0003\AK-47-Scalper-EA-MT5\ini
2025-04-27 12:09:38,357 - INFO - Deleted INI directory: C:\Users\nikol\AppData\Roaming\MetaQuotes\Terminal\4B1CE69F577705455263BD980C39A82C\MQL5\Experts\Batch_0004\AK-47-Scalper-EA-yoforexPremium-MT5\ini
2025-04-27 12:09:38,776 - INFO - Deleted INI directory: C:\Users\nikol\AppData\Roaming\MetaQuotes\Terminal\4B1CE69F577705455263BD980C39A82C\MQL5\Experts\Batch_0004\AK-47-Scalper-EAMT4-with-sourcecode-YoforexPremium-MT5\ini
2025-04-27 12:09:39,191 - INFO - Deleted INI directory: C:\Users\nikol\AppData\Roaming\MetaQuotes\Terminal\4B1CE69F577705455263BD980C39A82C\MQL5\Experts\Batch_0004\ALCHEMIST-YoforexPremium\ini
2025-04-27 12:09:39,689 - INFO - Deleted INI directory: C:\Users\nikol\AppData\Roaming\MetaQuotes\Terminal\4B1CE69F577705455263BD980C39A82C\MQL5\Experts\Batch_0004\Alexav-D1-Profit-GBPUSD\ini
2025-04-27 12:09:40,093 - INFO - Deleted INI directory: C:\Users\nikol\AppData\Roaming\MetaQuotes\Terminal\4B1CE69F577705455263BD980C39A82C\MQL5\Experts\Batch_0004\All-Average-Ea\ini
2025-04-27 12:09:40,508 - INFO - Deleted INI directory: C:\Users\nikol\AppData\Roaming\MetaQuotes\Terminal\4B1CE69F577705455263BD980C39A82C\MQL5\Experts\Batch_0004\Alligator\ini
2025-04-27 12:09:40,958 - INFO - Deleted INI directory: C:\Users\nikol\AppData\Roaming\MetaQuotes\Terminal\4B1CE69F577705455263BD980C39A82C\MQL5\Experts\Batch_0004\Alligator-Simple\ini
2025-04-27 12:09:41,354 - INFO - Deleted INI directory: C:\Users\nikol\AppData\Roaming\MetaQuotes\Terminal\4B1CE69F577705455263BD980C39A82C\MQL5\Experts\Batch_0004\Alpha-Zero-AI-RobotMT5-YoForexPremium\ini
2025-04-27 12:09:41,765 - INFO - Deleted INI directory: C:\Users\nikol\AppData\Roaming\MetaQuotes\Terminal\4B1CE69F577705455263BD980C39A82C\MQL5\Experts\Batch_0004\Altarius-RSI-Stohastic\ini
2025-04-27 12:09:42,169 - INFO - Deleted INI directory: C:\Users\nikol\AppData\Roaming\MetaQuotes\Terminal\4B1CE69F577705455263BD980C39A82C\MQL5\Experts\Batch_0004\AMA-Trader\ini
2025-04-27 12:09:42,611 - INFO - Deleted INI directory: C:\Users\nikol\AppData\Roaming\MetaQuotes\Terminal\4B1CE69F577705455263BD980C39A82C\MQL5\Experts\Batch_0005\AMA-Trader-2\ini
2025-04-27 12:09:43,061 - INFO - Deleted INI directory: C:\Users\nikol\AppData\Roaming\MetaQuotes\Terminal\4B1CE69F577705455263BD980C39A82C\MQL5\Experts\Batch_0005\AO-Lightning\ini
2025-04-27 12:09:43,476 - INFO - Deleted INI directory: C:\Users\nikol\AppData\Roaming\MetaQuotes\Terminal\4B1CE69F577705455263BD980C39A82C\MQL5\Experts\Batch_0005\AOCCI\ini
2025-04-27 12:09:43,922 - INFO - Deleted INI directory: C:\Users\nikol\AppData\Roaming\MetaQuotes\Terminal\4B1CE69F577705455263BD980C39A82C\MQL5\Experts\Batch_0005\Arbitrage\ini
2025-04-27 12:09:44,335 - INFO - Deleted INI directory: C:\Users\nikol\AppData\Roaming\MetaQuotes\Terminal\4B1CE69F577705455263BD980C39A82C\MQL5\Experts\Batch_0005\ArbSint\ini
2025-04-27 12:09:44,761 - INFO - Deleted INI directory: C:\Users\nikol\AppData\Roaming\MetaQuotes\Terminal\4B1CE69F577705455263BD980C39A82C\MQL5\Experts\Batch_0005\Area-MACD\ini
2025-04-27 12:09:45,187 - INFO - Deleted INI directory: C:\Users\nikol\AppData\Roaming\MetaQuotes\Terminal\4B1CE69F577705455263BD980C39A82C\MQL5\Experts\Batch_0005\Artificial-Intelligence\ini
2025-04-27 12:09:45,604 - INFO - Deleted INI directory: C:\Users\nikol\AppData\Roaming\MetaQuotes\Terminal\4B1CE69F577705455263BD980C39A82C\MQL5\Experts\Batch_0005\At-random\ini
2025-04-27 12:09:46,006 - INFO - Deleted INI directory: C:\Users\nikol\AppData\Roaming\MetaQuotes\Terminal\4B1CE69F577705455263BD980C39A82C\MQL5\Experts\Batch_0005\At-random-Full\ini
2025-04-27 12:09:46,439 - INFO - Deleted INI directory: C:\Users\nikol\AppData\Roaming\MetaQuotes\Terminal\4B1CE69F577705455263BD980C39A82C\MQL5\Experts\Batch_0005\ATR-SCLAPER\ini
2025-04-27 12:09:46,869 - INFO - Deleted INI directory: C:\Users\nikol\AppData\Roaming\MetaQuotes\Terminal\4B1CE69F577705455263BD980C39A82C\MQL5\Experts\Batch_0006\ATR-SCLAPER-EA-MT5-YoforexPremium\ini
2025-04-27 12:09:47,292 - INFO - Deleted INI directory: C:\Users\nikol\AppData\Roaming\MetaQuotes\Terminal\4B1CE69F577705455263BD980C39A82C\MQL5\Experts\Batch_0006\Auto-ADX\ini
2025-04-27 12:09:47,755 - INFO - Deleted INI directory: C:\Users\nikol\AppData\Roaming\MetaQuotes\Terminal\4B1CE69F577705455263BD980C39A82C\MQL5\Experts\Batch_0006\Auto-Pivot-Plotter-28Mid-Levels-29-41\ini
2025-04-27 12:09:48,147 - INFO - Deleted INI directory: C:\Users\nikol\AppData\Roaming\MetaQuotes\Terminal\4B1CE69F577705455263BD980C39A82C\MQL5\Experts\Batch_0006\AutoLock-EA\ini
2025-04-27 12:09:48,569 - INFO - Deleted INI directory: C:\Users\nikol\AppData\Roaming\MetaQuotes\Terminal\4B1CE69F577705455263BD980C39A82C\MQL5\Experts\Batch_0006\Autotrader-Momentum\ini
2025-04-27 12:09:48,965 - INFO - Deleted INI directory: C:\Users\nikol\AppData\Roaming\MetaQuotes\Terminal\4B1CE69F577705455263BD980C39A82C\MQL5\Experts\Batch_0006\Avalanche-AV\ini
2025-04-27 12:09:49,394 - INFO - Deleted INI directory: C:\Users\nikol\AppData\Roaming\MetaQuotes\Terminal\4B1CE69F577705455263BD980C39A82C\MQL5\Experts\Batch_0006\Backbone\ini
2025-04-27 12:09:49,790 - INFO - Deleted INI directory: C:\Users\nikol\AppData\Roaming\MetaQuotes\Terminal\4B1CE69F577705455263BD980C39A82C\MQL5\Experts\Batch_0006\backtrader-master\ini
2025-04-27 12:09:50,183 - INFO - Deleted INI directory: C:\Users\nikol\AppData\Roaming\MetaQuotes\Terminal\4B1CE69F577705455263BD980C39A82C\MQL5\Experts\Batch_0006\BADX\ini
2025-04-27 12:09:50,609 - INFO - Deleted INI directory: C:\Users\nikol\AppData\Roaming\MetaQuotes\Terminal\4B1CE69F577705455263BD980C39A82C\MQL5\Experts\Batch_0006\Bago-EA\ini
2025-04-27 12:09:51,022 - INFO - Deleted INI directory: C:\Users\nikol\AppData\Roaming\MetaQuotes\Terminal\4B1CE69F577705455263BD980C39A82C\MQL5\Experts\Batch_0007\BalancedScalper-20EA\ini
2025-04-27 12:09:51,424 - INFO - Deleted INI directory: C:\Users\nikol\AppData\Roaming\MetaQuotes\Terminal\4B1CE69F577705455263BD980C39A82C\MQL5\Experts\Batch_0007\Bands-2\ini
2025-04-27 12:09:51,802 - INFO - Deleted INI directory: C:\Users\nikol\AppData\Roaming\MetaQuotes\Terminal\4B1CE69F577705455263BD980C39A82C\MQL5\Experts\Batch_0007\BARS-Alligator\ini
2025-04-27 12:09:52,232 - INFO - Deleted INI directory: C:\Users\nikol\AppData\Roaming\MetaQuotes\Terminal\4B1CE69F577705455263BD980C39A82C\MQL5\Experts\Batch_0007\Basic-CCI-RSI\ini
2025-04-27 12:09:52,651 - INFO - Deleted INI directory: C:\Users\nikol\AppData\Roaming\MetaQuotes\Terminal\4B1CE69F577705455263BD980C39A82C\MQL5\Experts\Batch_0007\Basic-Martingale-EA-3\ini
2025-04-27 12:09:53,082 - INFO - Deleted INI directory: C:\Users\nikol\AppData\Roaming\MetaQuotes\Terminal\4B1CE69F577705455263BD980C39A82C\MQL5\Experts\Batch_0007\bb-automated\ini
2025-04-27 12:09:53,474 - INFO - Deleted INI directory: C:\Users\nikol\AppData\Roaming\MetaQuotes\Terminal\4B1CE69F577705455263BD980C39A82C\MQL5\Experts\Batch_0007\BB-stops-MT5\ini
2025-04-27 12:09:53,885 - INFO - Deleted INI directory: C:\Users\nikol\AppData\Roaming\MetaQuotes\Terminal\4B1CE69F577705455263BD980C39A82C\MQL5\Experts\Batch_0007\BBPercentile\ini
2025-04-27 12:09:54,295 - INFO - Deleted INI directory: C:\Users\nikol\AppData\Roaming\MetaQuotes\Terminal\4B1CE69F577705455263BD980C39A82C\MQL5\Experts\Batch_0007\BBPercentile-EA\ini
2025-04-27 12:09:54,705 - INFO - Deleted INI directory: C:\Users\nikol\AppData\Roaming\MetaQuotes\Terminal\4B1CE69F577705455263BD980C39A82C\MQL5\Experts\Batch_0007\BDCrossOver-20EA\ini
2025-04-27 12:09:55,141 - INFO - Deleted INI directory: C:\Users\nikol\AppData\Roaming\MetaQuotes\Terminal\4B1CE69F577705455263BD980C39A82C\MQL5\Experts\Batch_0008\BEAR-row-full-EA\ini
2025-04-27 12:09:55,559 - INFO - Deleted INI directory: C:\Users\nikol\AppData\Roaming\MetaQuotes\Terminal\4B1CE69F577705455263BD980C39A82C\MQL5\Experts\Batch_0008\BIG-DOG\ini
2025-04-27 12:09:56,007 - INFO - Deleted INI directory: C:\Users\nikol\AppData\Roaming\MetaQuotes\Terminal\4B1CE69F577705455263BD980C39A82C\MQL5\Experts\Batch_0008\BIG-RECOVERY-EA-MT5-YoForexPremium\ini
2025-04-27 12:09:56,416 - INFO - Deleted INI directory: C:\Users\nikol\AppData\Roaming\MetaQuotes\Terminal\4B1CE69F577705455263BD980C39A82C\MQL5\Experts\Batch_0008\Bill-Williams\ini
2025-04-27 12:09:56,820 - INFO - Deleted INI directory: C:\Users\nikol\AppData\Roaming\MetaQuotes\Terminal\4B1CE69F577705455263BD980C39A82C\MQL5\Experts\Batch_0008\bollinger\ini
2025-04-27 12:09:57,242 - INFO - Deleted INI directory: C:\Users\nikol\AppData\Roaming\MetaQuotes\Terminal\4B1CE69F577705455263BD980C39A82C\MQL5\Experts\Batch_0008\Bollinger-Band-Two-MA-and-Zig-Zag\ini
2025-04-27 12:09:57,675 - INFO - Deleted INI directory: C:\Users\nikol\AppData\Roaming\MetaQuotes\Terminal\4B1CE69F577705455263BD980C39A82C\MQL5\Experts\Batch_0008\Bollinger-Bands-N-positions\ini
2025-04-27 12:09:58,137 - INFO - Deleted INI directory: C:\Users\nikol\AppData\Roaming\MetaQuotes\Terminal\4B1CE69F577705455263BD980C39A82C\MQL5\Experts\Batch_0008\Bollinger-Bands-RSI\ini
2025-04-27 12:09:58,561 - INFO - Deleted INI directory: C:\Users\nikol\AppData\Roaming\MetaQuotes\Terminal\4B1CE69F577705455263BD980C39A82C\MQL5\Experts\Batch_0008\BORN4PIPS-EA-1-YoForexPremium\ini
2025-04-27 12:09:58,964 - INFO - Deleted INI directory: C:\Users\nikol\AppData\Roaming\MetaQuotes\Terminal\4B1CE69F577705455263BD980C39A82C\MQL5\Experts\Batch_0008\BORN4PIPS-EA-MT5-YoForexPremium\ini
2025-04-27 12:09:59,391 - INFO - Deleted INI directory: C:\Users\nikol\AppData\Roaming\MetaQuotes\Terminal\4B1CE69F577705455263BD980C39A82C\MQL5\Experts\Batch_0009\Brakeout-Trader\ini
2025-04-27 12:09:59,834 - INFO - Deleted INI directory: C:\Users\nikol\AppData\Roaming\MetaQuotes\Terminal\4B1CE69F577705455263BD980C39A82C\MQL5\Experts\Batch_0009\Brandy\ini
2025-04-27 12:10:00,280 - INFO - Deleted INI directory: C:\Users\nikol\AppData\Roaming\MetaQuotes\Terminal\4B1CE69F577705455263BD980C39A82C\MQL5\Experts\Batch_0009\Brazilian-EA-MT5-YoforexPremium\ini
2025-04-27 12:10:00,706 - INFO - Deleted INI directory: C:\Users\nikol\AppData\Roaming\MetaQuotes\Terminal\4B1CE69F577705455263BD980C39A82C\MQL5\Experts\Batch_0009\Breadandbutter2\ini
2025-04-27 12:10:01,105 - INFO - Deleted INI directory: C:\Users\nikol\AppData\Roaming\MetaQuotes\Terminal\4B1CE69F577705455263BD980C39A82C\MQL5\Experts\Batch_0009\breakdown\ini
2025-04-27 12:10:01,531 - INFO - Deleted INI directory: C:\Users\nikol\AppData\Roaming\MetaQuotes\Terminal\4B1CE69F577705455263BD980C39A82C\MQL5\Experts\Batch_0009\Breakdown-catcher\ini
2025-04-27 12:10:01,946 - INFO - Deleted INI directory: C:\Users\nikol\AppData\Roaming\MetaQuotes\Terminal\4B1CE69F577705455263BD980C39A82C\MQL5\Experts\Batch_0009\Breakout-Str\ini
2025-04-27 12:10:02,398 - INFO - Deleted INI directory: C:\Users\nikol\AppData\Roaming\MetaQuotes\Terminal\4B1CE69F577705455263BD980C39A82C\MQL5\Experts\Batch_0009\Bronze-Warrioir\ini
2025-04-27 12:10:02,838 - INFO - Deleted INI directory: C:\Users\nikol\AppData\Roaming\MetaQuotes\Terminal\4B1CE69F577705455263BD980C39A82C\MQL5\Experts\Batch_0009\Bruno\ini
2025-04-27 12:10:03,236 - INFO - Deleted INI directory: C:\Users\nikol\AppData\Roaming\MetaQuotes\Terminal\4B1CE69F577705455263BD980C39A82C\MQL5\Experts\Batch_0009\BSS-1-0\ini
2025-04-27 12:10:03,654 - INFO - Deleted INI directory: C:\Users\nikol\AppData\Roaming\MetaQuotes\Terminal\4B1CE69F577705455263BD980C39A82C\MQL5\Experts\Batch_0010\BTA-Optimal-Trade-Zone-EA-v.1.0-MT5-YoForexPremium\ini
2025-04-27 12:10:04,070 - INFO - Deleted INI directory: C:\Users\nikol\AppData\Roaming\MetaQuotes\Terminal\4B1CE69F577705455263BD980C39A82C\MQL5\Experts\Batch_0010\BTA-Sniper-Entry-v.1.0-EA-MT5-YoForexPremium\ini
2025-04-27 12:10:04,489 - INFO - Deleted INI directory: C:\Users\nikol\AppData\Roaming\MetaQuotes\Terminal\4B1CE69F577705455263BD980C39A82C\MQL5\Experts\Batch_0010\BULL-row-full-EA\ini
2025-04-27 12:10:04,919 - INFO - Deleted INI directory: C:\Users\nikol\AppData\Roaming\MetaQuotes\Terminal\4B1CE69F577705455263BD980C39A82C\MQL5\Experts\Batch_0010\Bullish-and-Bearish-Engulfing\ini
2025-04-27 12:10:05,332 - INFO - Deleted INI directory: C:\Users\nikol\AppData\Roaming\MetaQuotes\Terminal\4B1CE69F577705455263BD980C39A82C\MQL5\Experts\Batch_0010\Burg-Extrapolator\ini
2025-04-27 12:10:05,731 - INFO - Deleted INI directory: C:\Users\nikol\AppData\Roaming\MetaQuotes\Terminal\4B1CE69F577705455263BD980C39A82C\MQL5\Experts\Batch_0010\BykovTrend-EA\ini
2025-04-27 12:10:06,162 - INFO - Deleted INI directory: C:\Users\nikol\AppData\Roaming\MetaQuotes\Terminal\4B1CE69F577705455263BD980C39A82C\MQL5\Experts\Batch_0010\BykovTrend_EA_v3\ini
2025-04-27 12:10:06,591 - INFO - Deleted INI directory: C:\Users\nikol\AppData\Roaming\MetaQuotes\Terminal\4B1CE69F577705455263BD980C39A82C\MQL5\Experts\Batch_0010\Calculate-lotsize-and-Trailling-stop\ini
2025-04-27 12:10:07,016 - INFO - Deleted INI directory: C:\Users\nikol\AppData\Roaming\MetaQuotes\Terminal\4B1CE69F577705455263BD980C39A82C\MQL5\Experts\Batch_0010\Candle\ini
2025-04-27 12:10:07,425 - INFO - Deleted INI directory: C:\Users\nikol\AppData\Roaming\MetaQuotes\Terminal\4B1CE69F577705455263BD980C39A82C\MQL5\Experts\Batch_0010\candlepatternsexample\ini
2025-04-27 12:10:07,828 - INFO - Deleted INI directory: C:\Users\nikol\AppData\Roaming\MetaQuotes\Terminal\4B1CE69F577705455263BD980C39A82C\MQL5\Experts\Batch_0011\Carbophos\ini
2025-04-27 12:10:08,301 - INFO - Deleted INI directory: C:\Users\nikol\AppData\Roaming\MetaQuotes\Terminal\4B1CE69F577705455263BD980C39A82C\MQL5\Experts\Batch_0011\CashMachine-5min\ini
2025-04-27 12:10:08,700 - INFO - Deleted INI directory: C:\Users\nikol\AppData\Roaming\MetaQuotes\Terminal\4B1CE69F577705455263BD980C39A82C\MQL5\Experts\Batch_0011\CCI-MACD-Scalper\ini
2025-04-27 12:10:09,133 - INFO - Deleted INI directory: C:\Users\nikol\AppData\Roaming\MetaQuotes\Terminal\4B1CE69F577705455263BD980C39A82C\MQL5\Experts\Batch_0011\Cidomo\ini
2025-04-27 12:10:09,585 - INFO - Deleted INI directory: C:\Users\nikol\AppData\Roaming\MetaQuotes\Terminal\4B1CE69F577705455263BD980C39A82C\MQL5\Experts\Batch_0011\CloseAgent\ini
2025-04-27 12:10:10,021 - INFO - Deleted INI directory: C:\Users\nikol\AppData\Roaming\MetaQuotes\Terminal\4B1CE69F577705455263BD980C39A82C\MQL5\Experts\Batch_0011\CloseProfit\ini
2025-04-27 12:10:10,454 - INFO - Deleted INI directory: C:\Users\nikol\AppData\Roaming\MetaQuotes\Terminal\4B1CE69F577705455263BD980C39A82C\MQL5\Experts\Batch_0011\CLOUD\ini
2025-04-27 12:10:10,891 - INFO - Deleted INI directory: C:\Users\nikol\AppData\Roaming\MetaQuotes\Terminal\4B1CE69F577705455263BD980C39A82C\MQL5\Experts\Batch_0011\cloud's-trade-2\ini
2025-04-27 12:10:11,293 - INFO - Deleted INI directory: C:\Users\nikol\AppData\Roaming\MetaQuotes\Terminal\4B1CE69F577705455263BD980C39A82C\MQL5\Experts\Batch_0011\Constituents-EA\ini
2025-04-27 12:10:11,718 - INFO - Deleted INI directory: C:\Users\nikol\AppData\Roaming\MetaQuotes\Terminal\4B1CE69F577705455263BD980C39A82C\MQL5\Experts\Batch_0011\Contrarian-trade-MA\ini
2025-04-27 12:10:12,135 - INFO - Deleted INI directory: C:\Users\nikol\AppData\Roaming\MetaQuotes\Terminal\4B1CE69F577705455263BD980C39A82C\MQL5\Experts\Batch_0012\Crossing-Moving-Average\ini
2025-04-27 12:10:12,540 - INFO - Deleted INI directory: C:\Users\nikol\AppData\Roaming\MetaQuotes\Terminal\4B1CE69F577705455263BD980C39A82C\MQL5\Experts\Batch_0012\CrossMA\ini
2025-04-27 12:10:12,963 - INFO - Deleted INI directory: C:\Users\nikol\AppData\Roaming\MetaQuotes\Terminal\4B1CE69F577705455263BD980C39A82C\MQL5\Experts\Batch_0012\Currencyprofits-01.1\ini
2025-04-27 12:10:13,388 - INFO - Deleted INI directory: C:\Users\nikol\AppData\Roaming\MetaQuotes\Terminal\4B1CE69F577705455263BD980C39A82C\MQL5\Experts\Batch_0012\Daily-20reversal-20-20EA\ini
2025-04-27 12:10:13,806 - INFO - Deleted INI directory: C:\Users\nikol\AppData\Roaming\MetaQuotes\Terminal\4B1CE69F577705455263BD980C39A82C\MQL5\Experts\Batch_0012\Daily-BreakPoint\ini
2025-04-27 12:10:14,288 - INFO - Deleted INI directory: C:\Users\nikol\AppData\Roaming\MetaQuotes\Terminal\4B1CE69F577705455263BD980C39A82C\MQL5\Experts\Batch_0012\Daily-Candle-ScalperEA-MT5-YoForexPremium\ini
2025-04-27 12:10:14,759 - INFO - Deleted INI directory: C:\Users\nikol\AppData\Roaming\MetaQuotes\Terminal\4B1CE69F577705455263BD980C39A82C\MQL5\Experts\Batch_0012\Daily-Candle-ScalperEA-MT5-YoForexPremium-1\ini
2025-04-27 12:10:15,193 - INFO - Deleted INI directory: C:\Users\nikol\AppData\Roaming\MetaQuotes\Terminal\4B1CE69F577705455263BD980C39A82C\MQL5\Experts\Batch_0012\Daily-Open-EA\ini
2025-04-27 12:10:15,609 - INFO - Deleted INI directory: C:\Users\nikol\AppData\Roaming\MetaQuotes\Terminal\4B1CE69F577705455263BD980C39A82C\MQL5\Experts\Batch_0012\Daily-range\ini
2025-04-27 12:10:16,045 - INFO - Deleted INI directory: C:\Users\nikol\AppData\Roaming\MetaQuotes\Terminal\4B1CE69F577705455263BD980C39A82C\MQL5\Experts\Batch_0012\Dark-Mimas-MT5\ini
2025-04-27 12:10:16,499 - INFO - Deleted INI directory: C:\Users\nikol\AppData\Roaming\MetaQuotes\Terminal\4B1CE69F577705455263BD980C39A82C\MQL5\Experts\Batch_0013\Day-Trading-PAMXA\ini
2025-04-27 12:10:16,905 - INFO - Deleted INI directory: C:\Users\nikol\AppData\Roaming\MetaQuotes\Terminal\4B1CE69F577705455263BD980C39A82C\MQL5\Experts\Batch_0013\Daydream\ini
2025-04-27 12:10:17,348 - INFO - Deleted INI directory: C:\Users\nikol\AppData\Roaming\MetaQuotes\Terminal\4B1CE69F577705455263BD980C39A82C\MQL5\Experts\Batch_0013\DayTrading\ini
2025-04-27 12:10:17,756 - INFO - Deleted INI directory: C:\Users\nikol\AppData\Roaming\MetaQuotes\Terminal\4B1CE69F577705455263BD980C39A82C\MQL5\Experts\Batch_0013\Dealers-Trade-v-7.74-MACD\ini
2025-04-27 12:10:18,162 - INFO - Deleted INI directory: C:\Users\nikol\AppData\Roaming\MetaQuotes\Terminal\4B1CE69F577705455263BD980C39A82C\MQL5\Experts\Batch_0013\Deep-Drawdown-MA\ini
2025-04-27 12:10:18,576 - INFO - Deleted INI directory: C:\Users\nikol\AppData\Roaming\MetaQuotes\Terminal\4B1CE69F577705455263BD980C39A82C\MQL5\Experts\Batch_0013\DeMarker-gaining-position-volume\ini
2025-04-27 12:10:19,010 - INFO - Deleted INI directory: C:\Users\nikol\AppData\Roaming\MetaQuotes\Terminal\4B1CE69F577705455263BD980C39A82C\MQL5\Experts\Batch_0013\DeMarker-gaining-position-volume-2\ini
2025-04-27 12:10:19,429 - INFO - Deleted INI directory: C:\Users\nikol\AppData\Roaming\MetaQuotes\Terminal\4B1CE69F577705455263BD980C39A82C\MQL5\Experts\Batch_0013\DeMarker-Pending\ini
2025-04-27 12:10:19,850 - INFO - Deleted INI directory: C:\Users\nikol\AppData\Roaming\MetaQuotes\Terminal\4B1CE69F577705455263BD980C39A82C\MQL5\Experts\Batch_0013\DeMarker-Pending-2\ini
2025-04-27 12:10:20,293 - INFO - Deleted INI directory: C:\Users\nikol\AppData\Roaming\MetaQuotes\Terminal\4B1CE69F577705455263BD980C39A82C\MQL5\Experts\Batch_0013\DeMarker-Pending-2-5\ini
2025-04-27 12:10:20,706 - INFO - Deleted INI directory: C:\Users\nikol\AppData\Roaming\MetaQuotes\Terminal\4B1CE69F577705455263BD980C39A82C\MQL5\Experts\Batch_0014\Dematus\ini
2025-04-27 12:10:21,139 - INFO - Deleted INI directory: C:\Users\nikol\AppData\Roaming\MetaQuotes\Terminal\4B1CE69F577705455263BD980C39A82C\MQL5\Experts\Batch_0014\Divergence-20for-20many-20indicator\ini
2025-04-27 12:10:21,569 - INFO - Deleted INI directory: C:\Users\nikol\AppData\Roaming\MetaQuotes\Terminal\4B1CE69F577705455263BD980C39A82C\MQL5\Experts\Batch_0014\Divergence-EA\ini
2025-04-27 12:10:22,009 - INFO - Deleted INI directory: C:\Users\nikol\AppData\Roaming\MetaQuotes\Terminal\4B1CE69F577705455263BD980C39A82C\MQL5\Experts\Batch_0014\Divergence-EA-BB\ini
2025-04-27 12:10:22,425 - INFO - Deleted INI directory: C:\Users\nikol\AppData\Roaming\MetaQuotes\Terminal\4B1CE69F577705455263BD980C39A82C\MQL5\Experts\Batch_0014\Divergence-EA-pip-sl-tp\ini
2025-04-27 12:10:22,860 - INFO - Deleted INI directory: C:\Users\nikol\AppData\Roaming\MetaQuotes\Terminal\4B1CE69F577705455263BD980C39A82C\MQL5\Experts\Batch_0014\Doji-Arrows\ini
2025-04-27 12:10:23,267 - INFO - Deleted INI directory: C:\Users\nikol\AppData\Roaming\MetaQuotes\Terminal\4B1CE69F577705455263BD980C39A82C\MQL5\Experts\Batch_0014\DojiTrader\ini
2025-04-27 12:10:23,692 - INFO - Deleted INI directory: C:\Users\nikol\AppData\Roaming\MetaQuotes\Terminal\4B1CE69F577705455263BD980C39A82C\MQL5\Experts\Batch_0014\Donchian-Chanel-EA\ini
2025-04-27 12:10:24,108 - INFO - Deleted INI directory: C:\Users\nikol\AppData\Roaming\MetaQuotes\Terminal\4B1CE69F577705455263BD980C39A82C\MQL5\Experts\Batch_0014\DoubleHullMA\ini
2025-04-27 12:10:24,520 - INFO - Deleted INI directory: C:\Users\nikol\AppData\Roaming\MetaQuotes\Terminal\4B1CE69F577705455263BD980C39A82C\MQL5\Experts\Batch_0014\DoubleHullMA-EA\ini
2025-04-27 12:10:24,937 - INFO - Deleted INI directory: C:\Users\nikol\AppData\Roaming\MetaQuotes\Terminal\4B1CE69F577705455263BD980C39A82C\MQL5\Experts\Batch_0015\DoubleMA-Crossover-EA\ini
2025-04-27 12:10:25,372 - INFO - Deleted INI directory: C:\Users\nikol\AppData\Roaming\MetaQuotes\Terminal\4B1CE69F577705455263BD980C39A82C\MQL5\Experts\Batch_0015\Doubler\ini
2025-04-27 12:10:25,794 - INFO - Deleted INI directory: C:\Users\nikol\AppData\Roaming\MetaQuotes\Terminal\4B1CE69F577705455263BD980C39A82C\MQL5\Experts\Batch_0015\Driver-EA-MT5\ini
2025-04-27 12:10:26,210 - INFO - Deleted INI directory: C:\Users\nikol\AppData\Roaming\MetaQuotes\Terminal\4B1CE69F577705455263BD980C39A82C\MQL5\Experts\Batch_0015\dummy\ini
2025-04-27 12:10:26,618 - INFO - Deleted INI directory: C:\Users\nikol\AppData\Roaming\MetaQuotes\Terminal\4B1CE69F577705455263BD980C39A82C\MQL5\Experts\Batch_0015\Dynamic-averaging\ini
2025-04-27 12:10:27,037 - INFO - Deleted INI directory: C:\Users\nikol\AppData\Roaming\MetaQuotes\Terminal\4B1CE69F577705455263BD980C39A82C\MQL5\Experts\Batch_0015\E-Friday\ini
2025-04-27 12:10:27,486 - INFO - Deleted INI directory: C:\Users\nikol\AppData\Roaming\MetaQuotes\Terminal\4B1CE69F577705455263BD980C39A82C\MQL5\Experts\Batch_0015\E-Skoch-Open\ini
2025-04-27 12:10:27,899 - INFO - Deleted INI directory: C:\Users\nikol\AppData\Roaming\MetaQuotes\Terminal\4B1CE69F577705455263BD980C39A82C\MQL5\Experts\Batch_0015\e-Skoch-pending-orders\ini
2025-04-27 12:10:28,314 - INFO - Deleted INI directory: C:\Users\nikol\AppData\Roaming\MetaQuotes\Terminal\4B1CE69F577705455263BD980C39A82C\MQL5\Experts\Batch_0015\e-Smart-Trailing\ini
2025-04-27 12:10:28,733 - INFO - Deleted INI directory: C:\Users\nikol\AppData\Roaming\MetaQuotes\Terminal\4B1CE69F577705455263BD980C39A82C\MQL5\Experts\Batch_0015\e-TurboFx\ini
2025-04-27 12:10:29,138 - INFO - Deleted INI directory: C:\Users\nikol\AppData\Roaming\MetaQuotes\Terminal\4B1CE69F577705455263BD980C39A82C\MQL5\Experts\Batch_0016\EA-Close\ini
2025-04-27 12:10:29,575 - INFO - Deleted INI directory: C:\Users\nikol\AppData\Roaming\MetaQuotes\Terminal\4B1CE69F577705455263BD980C39A82C\MQL5\Experts\Batch_0016\EA-Gold-Stuff-MT5-YoForexPremium\ini
2025-04-27 12:10:30,022 - INFO - Deleted INI directory: C:\Users\nikol\AppData\Roaming\MetaQuotes\Terminal\4B1CE69F577705455263BD980C39A82C\MQL5\Experts\Batch_0016\EA-MA-Stoch-RSI\ini
2025-04-27 12:10:30,477 - INFO - Deleted INI directory: C:\Users\nikol\AppData\Roaming\MetaQuotes\Terminal\4B1CE69F577705455263BD980C39A82C\MQL5\Experts\Batch_0016\EA-Moving-Average\ini
2025-04-27 12:10:30,918 - INFO - Deleted INI directory: C:\Users\nikol\AppData\Roaming\MetaQuotes\Terminal\4B1CE69F577705455263BD980C39A82C\MQL5\Experts\Batch_0016\Elevator-Robot-PMT5-YoForexPremium\ini
2025-04-27 12:10:31,311 - INFO - Deleted INI directory: C:\Users\nikol\AppData\Roaming\MetaQuotes\Terminal\4B1CE69F577705455263BD980C39A82C\MQL5\Experts\Batch_0016\Elite-eFibo-Trader\ini
2025-04-27 12:10:31,721 - INFO - Deleted INI directory: C:\Users\nikol\AppData\Roaming\MetaQuotes\Terminal\4B1CE69F577705455263BD980C39A82C\MQL5\Experts\Batch_0016\EMA\ini
2025-04-27 12:10:32,128 - INFO - Deleted INI directory: C:\Users\nikol\AppData\Roaming\MetaQuotes\Terminal\4B1CE69F577705455263BD980C39A82C\MQL5\Experts\Batch_0016\EMA-6.12\ini
2025-04-27 12:10:32,557 - INFO - Deleted INI directory: C:\Users\nikol\AppData\Roaming\MetaQuotes\Terminal\4B1CE69F577705455263BD980C39A82C\MQL5\Experts\Batch_0016\EMA-CROSS\ini
2025-04-27 12:10:33,003 - INFO - Deleted INI directory: C:\Users\nikol\AppData\Roaming\MetaQuotes\Terminal\4B1CE69F577705455263BD980C39A82C\MQL5\Experts\Batch_0016\EMA-LWMA-RSI\ini
2025-04-27 12:10:33,416 - INFO - Deleted INI directory: C:\Users\nikol\AppData\Roaming\MetaQuotes\Terminal\4B1CE69F577705455263BD980C39A82C\MQL5\Experts\Batch_0017\EMA-RSI-EA\ini
2025-04-27 12:10:33,850 - INFO - Deleted INI directory: C:\Users\nikol\AppData\Roaming\MetaQuotes\Terminal\4B1CE69F577705455263BD980C39A82C\MQL5\Experts\Batch_0017\EMA-WMA\ini
2025-04-27 12:10:34,280 - INFO - Deleted INI directory: C:\Users\nikol\AppData\Roaming\MetaQuotes\Terminal\4B1CE69F577705455263BD980C39A82C\MQL5\Experts\Batch_0017\EMA_WMA v2\ini
2025-04-27 12:10:34,702 - INFO - Deleted INI directory: C:\Users\nikol\AppData\Roaming\MetaQuotes\Terminal\4B1CE69F577705455263BD980C39A82C\MQL5\Experts\Batch_0017\Eugene\ini
2025-04-27 12:10:35,116 - INFO - Deleted INI directory: C:\Users\nikol\AppData\Roaming\MetaQuotes\Terminal\4B1CE69F577705455263BD980C39A82C\MQL5\Experts\Batch_0017\eur-usd-m5\ini
2025-04-27 12:10:35,599 - INFO - Deleted INI directory: C:\Users\nikol\AppData\Roaming\MetaQuotes\Terminal\4B1CE69F577705455263BD980C39A82C\MQL5\Experts\Batch_0017\Euronis-Scalper-EA-MT5-With-DLL-YoForexPremium\ini
2025-04-27 12:10:36,021 - INFO - Deleted INI directory: C:\Users\nikol\AppData\Roaming\MetaQuotes\Terminal\4B1CE69F577705455263BD980C39A82C\MQL5\Experts\Batch_0017\EURUSD-breakout\ini
2025-04-27 12:10:36,438 - INFO - Deleted INI directory: C:\Users\nikol\AppData\Roaming\MetaQuotes\Terminal\4B1CE69F577705455263BD980C39A82C\MQL5\Experts\Batch_0017\EURUSDH1\ini
2025-04-27 12:10:36,842 - INFO - Deleted INI directory: C:\Users\nikol\AppData\Roaming\MetaQuotes\Terminal\4B1CE69F577705455263BD980C39A82C\MQL5\Experts\Batch_0017\Executer-AC\ini
2025-04-27 12:10:37,266 - INFO - Deleted INI directory: C:\Users\nikol\AppData\Roaming\MetaQuotes\Terminal\4B1CE69F577705455263BD980C39A82C\MQL5\Experts\Batch_0017\Executor-AO\ini
2025-04-27 12:10:37,687 - INFO - Deleted INI directory: C:\Users\nikol\AppData\Roaming\MetaQuotes\Terminal\4B1CE69F577705455263BD980C39A82C\MQL5\Experts\Batch_0018\e-Breakeven\ini
2025-04-27 12:10:38,095 - INFO - Deleted INI directory: C:\Users\nikol\AppData\Roaming\MetaQuotes\Terminal\4B1CE69F577705455263BD980C39A82C\MQL5\Experts\Batch_0018\Executor-Candles\ini
2025-04-27 12:10:38,510 - INFO - Deleted INI directory: C:\Users\nikol\AppData\Roaming\MetaQuotes\Terminal\4B1CE69F577705455263BD980C39A82C\MQL5\Experts\Batch_0018\exp-Amstell\ini
2025-04-27 12:10:38,939 - INFO - Deleted INI directory: C:\Users\nikol\AppData\Roaming\MetaQuotes\Terminal\4B1CE69F577705455263BD980C39A82C\MQL5\Experts\Batch_0018\Expert-NEWS\ini
2025-04-27 12:10:39,368 - INFO - Deleted INI directory: C:\Users\nikol\AppData\Roaming\MetaQuotes\Terminal\4B1CE69F577705455263BD980C39A82C\MQL5\Experts\Batch_0018\Expert-RSI-Stochastic-MA\ini
2025-04-27 12:10:39,763 - INFO - Deleted INI directory: C:\Users\nikol\AppData\Roaming\MetaQuotes\Terminal\4B1CE69F577705455263BD980C39A82C\MQL5\Experts\Batch_0018\ExtremePrice-EA\ini
2025-04-27 12:10:40,202 - INFO - Deleted INI directory: C:\Users\nikol\AppData\Roaming\MetaQuotes\Terminal\4B1CE69F577705455263BD980C39A82C\MQL5\Experts\Batch_0018\Fi-Trading-Robot-1.0\ini
2025-04-27 12:10:40,605 - INFO - Deleted INI directory: C:\Users\nikol\AppData\Roaming\MetaQuotes\Terminal\4B1CE69F577705455263BD980C39A82C\MQL5\Experts\Batch_0018\Fi-Trading-Robot-YoForexPremium\ini
2025-04-27 12:10:41,046 - INFO - Deleted INI directory: C:\Users\nikol\AppData\Roaming\MetaQuotes\Terminal\4B1CE69F577705455263BD980C39A82C\MQL5\Experts\Batch_0018\FI-TRADING-ROBOTMT5-yoforexprenium\ini
2025-04-27 12:10:41,452 - INFO - Deleted INI directory: C:\Users\nikol\AppData\Roaming\MetaQuotes\Terminal\4B1CE69F577705455263BD980C39A82C\MQL5\Experts\Batch_0018\FiboRetracement-20EA\ini
2025-04-27 12:10:41,878 - INFO - Deleted INI directory: C:\Users\nikol\AppData\Roaming\MetaQuotes\Terminal\4B1CE69F577705455263BD980C39A82C\MQL5\Experts\Batch_0019\Firebird\ini
2025-04-27 12:10:42,334 - INFO - Deleted INI directory: C:\Users\nikol\AppData\Roaming\MetaQuotes\Terminal\4B1CE69F577705455263BD980C39A82C\MQL5\Experts\Batch_0019\Firestorm-EA\ini
2025-04-27 12:10:42,753 - INFO - Deleted INI directory: C:\Users\nikol\AppData\Roaming\MetaQuotes\Terminal\4B1CE69F577705455263BD980C39A82C\MQL5\Experts\Batch_0019\Firestorm-indicator\ini
2025-04-27 12:10:43,185 - INFO - Deleted INI directory: C:\Users\nikol\AppData\Roaming\MetaQuotes\Terminal\4B1CE69F577705455263BD980C39A82C\MQL5\Experts\Batch_0019\Fluctuate\ini
2025-04-27 12:10:43,597 - INFO - Deleted INI directory: C:\Users\nikol\AppData\Roaming\MetaQuotes\Terminal\4B1CE69F577705455263BD980C39A82C\MQL5\Experts\Batch_0019\Forex-Fraus-M1\ini
2025-04-27 12:10:44,046 - INFO - Deleted INI directory: C:\Users\nikol\AppData\Roaming\MetaQuotes\Terminal\4B1CE69F577705455263BD980C39A82C\MQL5\Experts\Batch_0019\Forex-Profit\ini
2025-04-27 12:10:44,448 - INFO - Deleted INI directory: C:\Users\nikol\AppData\Roaming\MetaQuotes\Terminal\4B1CE69F577705455263BD980C39A82C\MQL5\Experts\Batch_0019\Fractals-minimum-distance\ini
2025-04-27 12:10:44,873 - INFO - Deleted INI directory: C:\Users\nikol\AppData\Roaming\MetaQuotes\Terminal\4B1CE69F577705455263BD980C39A82C\MQL5\Experts\Batch_0019\Fraktrak-xonax\ini
2025-04-27 12:10:45,287 - INFO - Deleted INI directory: C:\Users\nikol\AppData\Roaming\MetaQuotes\Terminal\4B1CE69F577705455263BD980C39A82C\MQL5\Experts\Batch_0019\Frank-Ud\ini
2025-04-27 12:10:45,733 - INFO - Deleted INI directory: C:\Users\nikol\AppData\Roaming\MetaQuotes\Terminal\4B1CE69F577705455263BD980C39A82C\MQL5\Experts\Batch_0019\fratal-mt5-EA\ini
2025-04-27 12:10:46,123 - INFO - Deleted INI directory: C:\Users\nikol\AppData\Roaming\MetaQuotes\Terminal\4B1CE69F577705455263BD980C39A82C\MQL5\Experts\Batch_0020\FT-CCI\ini
2025-04-27 12:10:46,575 - INFO - Deleted INI directory: C:\Users\nikol\AppData\Roaming\MetaQuotes\Terminal\4B1CE69F577705455263BD980C39A82C\MQL5\Experts\Batch_0020\FT-Sniper-GOLD-MT5-4\ini
2025-04-27 12:10:46,992 - INFO - Deleted INI directory: C:\Users\nikol\AppData\Roaming\MetaQuotes\Terminal\4B1CE69F577705455263BD980C39A82C\MQL5\Experts\Batch_0020\Fuzzy-logic\ini
2025-04-27 12:10:47,472 - INFO - Deleted INI directory: C:\Users\nikol\AppData\Roaming\MetaQuotes\Terminal\4B1CE69F577705455263BD980C39A82C\MQL5\Experts\Batch_0020\GalacticExplosion\ini
2025-04-27 12:10:47,900 - INFO - Deleted INI directory: C:\Users\nikol\AppData\Roaming\MetaQuotes\Terminal\4B1CE69F577705455263BD980C39A82C\MQL5\Experts\Batch_0020\Galaxy-5-1.0-MT5\ini
2025-04-27 12:10:48,318 - INFO - Deleted INI directory: C:\Users\nikol\AppData\Roaming\MetaQuotes\Terminal\4B1CE69F577705455263BD980C39A82C\MQL5\Experts\Batch_0020\Gandalf-PRO\ini
2025-04-27 12:10:48,737 - INFO - Deleted INI directory: C:\Users\nikol\AppData\Roaming\MetaQuotes\Terminal\4B1CE69F577705455263BD980C39A82C\MQL5\Experts\Batch_0020\Gap-DM\ini
2025-04-27 12:10:49,150 - INFO - Deleted INI directory: C:\Users\nikol\AppData\Roaming\MetaQuotes\Terminal\4B1CE69F577705455263BD980C39A82C\MQL5\Experts\Batch_0020\GAP-EA\ini
2025-04-27 12:10:49,564 - INFO - Deleted INI directory: C:\Users\nikol\AppData\Roaming\MetaQuotes\Terminal\4B1CE69F577705455263BD980C39A82C\MQL5\Experts\Batch_0020\Gaps\ini
2025-04-27 12:10:49,995 - INFO - Deleted INI directory: C:\Users\nikol\AppData\Roaming\MetaQuotes\Terminal\4B1CE69F577705455263BD980C39A82C\MQL5\Experts\Batch_0020\GBP9AM\ini
2025-04-27 12:10:50,412 - INFO - Deleted INI directory: C:\Users\nikol\AppData\Roaming\MetaQuotes\Terminal\4B1CE69F577705455263BD980C39A82C\MQL5\Experts\Batch_0021\GbpChf\ini
2025-04-27 12:10:50,815 - INFO - Deleted INI directory: C:\Users\nikol\AppData\Roaming\MetaQuotes\Terminal\4B1CE69F577705455263BD980C39A82C\MQL5\Experts\Batch_0021\GO\ini
2025-04-27 12:10:51,233 - INFO - Deleted INI directory: C:\Users\nikol\AppData\Roaming\MetaQuotes\Terminal\4B1CE69F577705455263BD980C39A82C\MQL5\Experts\Batch_0021\Godzillar-EABanker-MT5-FX-XRACKED\ini
2025-04-27 12:10:51,654 - INFO - Deleted INI directory: C:\Users\nikol\AppData\Roaming\MetaQuotes\Terminal\4B1CE69F577705455263BD980C39A82C\MQL5\Experts\Batch_0021\Gold-Dust\ini
2025-04-27 12:10:52,104 - INFO - Deleted INI directory: C:\Users\nikol\AppData\Roaming\MetaQuotes\Terminal\4B1CE69F577705455263BD980C39A82C\MQL5\Experts\Batch_0021\GoldHero-FX-Cracked\ini
2025-04-27 12:10:52,535 - INFO - Deleted INI directory: C:\Users\nikol\AppData\Roaming\MetaQuotes\Terminal\4B1CE69F577705455263BD980C39A82C\MQL5\Experts\Batch_0021\GreenTrade\ini
2025-04-27 12:10:52,938 - INFO - Deleted INI directory: C:\Users\nikol\AppData\Roaming\MetaQuotes\Terminal\4B1CE69F577705455263BD980C39A82C\MQL5\Experts\Batch_0021\Grid\ini
2025-04-27 12:10:53,359 - INFO - Deleted INI directory: C:\Users\nikol\AppData\Roaming\MetaQuotes\Terminal\4B1CE69F577705455263BD980C39A82C\MQL5\Experts\Batch_0021\Grid-Martingale\ini
2025-04-27 12:10:53,771 - INFO - Deleted INI directory: C:\Users\nikol\AppData\Roaming\MetaQuotes\Terminal\4B1CE69F577705455263BD980C39A82C\MQL5\Experts\Batch_0021\GridEA\ini
2025-04-27 12:10:54,171 - INFO - Deleted INI directory: C:\Users\nikol\AppData\Roaming\MetaQuotes\Terminal\4B1CE69F577705455263BD980C39A82C\MQL5\Experts\Batch_0021\HarVesteR\ini
2025-04-27 12:10:54,615 - INFO - Deleted INI directory: C:\Users\nikol\AppData\Roaming\MetaQuotes\Terminal\4B1CE69F577705455263BD980C39A82C\MQL5\Experts\Batch_0022\HedgeEA\ini
2025-04-27 12:10:55,023 - INFO - Deleted INI directory: C:\Users\nikol\AppData\Roaming\MetaQuotes\Terminal\4B1CE69F577705455263BD980C39A82C\MQL5\Experts\Batch_0022\hedger\ini
2025-04-27 12:10:55,427 - INFO - Deleted INI directory: C:\Users\nikol\AppData\Roaming\MetaQuotes\Terminal\4B1CE69F577705455263BD980C39A82C\MQL5\Experts\Batch_0022\Hedging-EA\ini
2025-04-27 12:10:55,851 - INFO - Deleted INI directory: C:\Users\nikol\AppData\Roaming\MetaQuotes\Terminal\4B1CE69F577705455263BD980C39A82C\MQL5\Experts\Batch_0022\heiken-ashi-engulf-ea-buy-mt5\ini
2025-04-27 12:10:56,097 - INFO - Deleted INI directory: C:\Users\nikol\AppData\Roaming\MetaQuotes\Terminal\4B1CE69F577705455263BD980C39A82C\MQL5\Experts\Batch_0022\heiken-ashi-engulf-sell-ea-mt5\ini
2025-04-27 12:10:56,191 - INFO - Deleted INI directory: C:\Users\nikol\AppData\Roaming\MetaQuotes\Terminal\4B1CE69F577705455263BD980C39A82C\MQL5\Experts\Batch_0022\heiken-ashi-smoothed\ini
2025-04-27 12:10:56,294 - INFO - Deleted INI directory: C:\Users\nikol\AppData\Roaming\MetaQuotes\Terminal\4B1CE69F577705455263BD980C39A82C\MQL5\Experts\Batch_0022\Heiken-Ashi-Smoothed-EA\ini
2025-04-27 12:10:56,398 - INFO - Deleted INI directory: C:\Users\nikol\AppData\Roaming\MetaQuotes\Terminal\4B1CE69F577705455263BD980C39A82C\MQL5\Experts\Batch_0022\heiken-ashi-smoothedLine\ini
2025-04-27 12:10:56,499 - INFO - Deleted INI directory: C:\Users\nikol\AppData\Roaming\MetaQuotes\Terminal\4B1CE69F577705455263BD980C39A82C\MQL5\Experts\Batch_0022\HeikenAshi-Lines\ini
2025-04-27 12:10:56,596 - INFO - Deleted INI directory: C:\Users\nikol\AppData\Roaming\MetaQuotes\Terminal\4B1CE69F577705455263BD980C39A82C\MQL5\Experts\Batch_0022\HeikenAshi-Lines-EA\ini
2025-04-27 12:10:56,698 - INFO - Deleted INI directory: C:\Users\nikol\AppData\Roaming\MetaQuotes\Terminal\4B1CE69F577705455263BD980C39A82C\MQL5\Experts\Batch_0023\Heiken-Ashi-Smoothed-EA-with-MA\ini
2025-04-27 12:10:56,816 - INFO - Deleted INI directory: C:\Users\nikol\AppData\Roaming\MetaQuotes\Terminal\4B1CE69F577705455263BD980C39A82C\MQL5\Experts\Batch_0023\Heinken-Ashi-Color-Candles\ini
2025-04-27 12:10:56,911 - INFO - Deleted INI directory: C:\Users\nikol\AppData\Roaming\MetaQuotes\Terminal\4B1CE69F577705455263BD980C39A82C\MQL5\Experts\Batch_0023\HelloSmart\ini
2025-04-27 12:10:57,005 - INFO - Deleted INI directory: C:\Users\nikol\AppData\Roaming\MetaQuotes\Terminal\4B1CE69F577705455263BD980C39A82C\MQL5\Experts\Batch_0023\High-Low-EA\ini
2025-04-27 12:10:57,102 - INFO - Deleted INI directory: C:\Users\nikol\AppData\Roaming\MetaQuotes\Terminal\4B1CE69F577705455263BD980C39A82C\MQL5\Experts\Batch_0023\High-Low-Indicator\ini
2025-04-27 12:10:57,195 - INFO - Deleted INI directory: C:\Users\nikol\AppData\Roaming\MetaQuotes\Terminal\4B1CE69F577705455263BD980C39A82C\MQL5\Experts\Batch_0023\Hoop-master-2\ini
2025-04-27 12:10:57,288 - INFO - Deleted INI directory: C:\Users\nikol\AppData\Roaming\MetaQuotes\Terminal\4B1CE69F577705455263BD980C39A82C\MQL5\Experts\Batch_0023\i-impulsesystem\ini
2025-04-27 12:10:57,386 - INFO - Deleted INI directory: C:\Users\nikol\AppData\Roaming\MetaQuotes\Terminal\4B1CE69F577705455263BD980C39A82C\MQL5\Experts\Batch_0023\iCCI-iMA\ini
2025-04-27 12:10:57,486 - INFO - Deleted INI directory: C:\Users\nikol\AppData\Roaming\MetaQuotes\Terminal\4B1CE69F577705455263BD980C39A82C\MQL5\Experts\Batch_0023\ichimok2005\ini
2025-04-27 12:10:57,581 - INFO - Deleted INI directory: C:\Users\nikol\AppData\Roaming\MetaQuotes\Terminal\4B1CE69F577705455263BD980C39A82C\MQL5\Experts\Batch_0023\Ichimoku\ini
2025-04-27 12:10:57,677 - INFO - Deleted INI directory: C:\Users\nikol\AppData\Roaming\MetaQuotes\Terminal\4B1CE69F577705455263BD980C39A82C\MQL5\Experts\Batch_0024\ICH-With-Alert-Derekers\ini
2025-04-27 12:10:57,774 - INFO - Deleted INI directory: C:\Users\nikol\AppData\Roaming\MetaQuotes\Terminal\4B1CE69F577705455263BD980C39A82C\MQL5\Experts\Batch_0024\ICH-With-Alert-Derekers-EA\ini
2025-04-27 12:10:57,877 - INFO - Deleted INI directory: C:\Users\nikol\AppData\Roaming\MetaQuotes\Terminal\4B1CE69F577705455263BD980C39A82C\MQL5\Experts\Batch_0024\Ichimoku-20Kijun-20Alert\ini
2025-04-27 12:10:57,975 - INFO - Deleted INI directory: C:\Users\nikol\AppData\Roaming\MetaQuotes\Terminal\4B1CE69F577705455263BD980C39A82C\MQL5\Experts\Batch_0024\Ichimoku-20Tenkan-20Alert\ini
2025-04-27 12:10:58,069 - INFO - Deleted INI directory: C:\Users\nikol\AppData\Roaming\MetaQuotes\Terminal\4B1CE69F577705455263BD980C39A82C\MQL5\Experts\Batch_0024\Ichimoku-Dashboard-MT5\ini
2025-04-27 12:10:58,170 - INFO - Deleted INI directory: C:\Users\nikol\AppData\Roaming\MetaQuotes\Terminal\4B1CE69F577705455263BD980C39A82C\MQL5\Experts\Batch_0024\Ichimoku-Scanner\ini
2025-04-27 12:10:58,266 - INFO - Deleted INI directory: C:\Users\nikol\AppData\Roaming\MetaQuotes\Terminal\4B1CE69F577705455263BD980C39A82C\MQL5\Experts\Batch_0024\Ichimoku-Scanner-MT5\ini
2025-04-27 12:10:58,367 - INFO - Deleted INI directory: C:\Users\nikol\AppData\Roaming\MetaQuotes\Terminal\4B1CE69F577705455263BD980C39A82C\MQL5\Experts\Batch_0024\Ichimoku-Signals-and-Alert\ini
2025-04-27 12:10:58,457 - INFO - Deleted INI directory: C:\Users\nikol\AppData\Roaming\MetaQuotes\Terminal\4B1CE69F577705455263BD980C39A82C\MQL5\Experts\Batch_0024\IchimokuMTF-EA\ini
2025-04-27 12:10:58,552 - INFO - Deleted INI directory: C:\Users\nikol\AppData\Roaming\MetaQuotes\Terminal\4B1CE69F577705455263BD980C39A82C\MQL5\Experts\Batch_0024\Ilan-iMA\ini
2025-04-27 12:10:58,648 - INFO - Deleted INI directory: C:\Users\nikol\AppData\Roaming\MetaQuotes\Terminal\4B1CE69F577705455263BD980C39A82C\MQL5\Experts\Batch_0025\Ilan1.4\ini
2025-04-27 12:10:58,750 - INFO - Deleted INI directory: C:\Users\nikol\AppData\Roaming\MetaQuotes\Terminal\4B1CE69F577705455263BD980C39A82C\MQL5\Experts\Batch_0025\iMA-iStdDev\ini
2025-04-27 12:10:58,854 - INFO - Deleted INI directory: C:\Users\nikol\AppData\Roaming\MetaQuotes\Terminal\4B1CE69F577705455263BD980C39A82C\MQL5\Experts\Batch_0025\Indices-Tester\ini
2025-04-27 12:10:58,952 - INFO - Deleted INI directory: C:\Users\nikol\AppData\Roaming\MetaQuotes\Terminal\4B1CE69F577705455263BD980C39A82C\MQL5\Experts\Batch_0025\Inka-20Edho-20EA\ini
2025-04-27 12:10:59,057 - INFO - Deleted INI directory: C:\Users\nikol\AppData\Roaming\MetaQuotes\Terminal\4B1CE69F577705455263BD980C39A82C\MQL5\Experts\Batch_0025\Intersection-2-iMA\ini
2025-04-27 12:10:59,159 - INFO - Deleted INI directory: C:\Users\nikol\AppData\Roaming\MetaQuotes\Terminal\4B1CE69F577705455263BD980C39A82C\MQL5\Experts\Batch_0025\IStochastic-Trading\ini
2025-04-27 12:10:59,260 - INFO - Deleted INI directory: C:\Users\nikol\AppData\Roaming\MetaQuotes\Terminal\4B1CE69F577705455263BD980C39A82C\MQL5\Experts\Batch_0025\Ivan\ini
2025-04-27 12:10:59,354 - INFO - Deleted INI directory: C:\Users\nikol\AppData\Roaming\MetaQuotes\Terminal\4B1CE69F577705455263BD980C39A82C\MQL5\Experts\Batch_0025\iVIDyA-Simple\ini
2025-04-27 12:10:59,450 - INFO - Deleted INI directory: C:\Users\nikol\AppData\Roaming\MetaQuotes\Terminal\4B1CE69F577705455263BD980C39A82C\MQL5\Experts\Batch_0025\Jackpot-Strategy-EA\ini
2025-04-27 12:10:59,549 - INFO - Deleted INI directory: C:\Users\nikol\AppData\Roaming\MetaQuotes\Terminal\4B1CE69F577705455263BD980C39A82C\MQL5\Experts\Batch_0025\JackPot-Strategy-Elite\ini
2025-04-27 12:10:59,640 - INFO - Deleted INI directory: C:\Users\nikol\AppData\Roaming\MetaQuotes\Terminal\4B1CE69F577705455263BD980C39A82C\MQL5\Experts\Batch_0026\JK-BullP-AutoTrader\ini
2025-04-27 12:10:59,734 - INFO - Deleted INI directory: C:\Users\nikol\AppData\Roaming\MetaQuotes\Terminal\4B1CE69F577705455263BD980C39A82C\MQL5\Experts\Batch_0026\JS-Chaos\ini
2025-04-27 12:10:59,822 - INFO - Deleted INI directory: C:\Users\nikol\AppData\Roaming\MetaQuotes\Terminal\4B1CE69F577705455263BD980C39A82C\MQL5\Experts\Batch_0026\JS-MA-Day\ini
2025-04-27 12:10:59,916 - INFO - Deleted INI directory: C:\Users\nikol\AppData\Roaming\MetaQuotes\Terminal\4B1CE69F577705455263BD980C39A82C\MQL5\Experts\Batch_0026\JS-MA-SAR-Trades\ini
2025-04-27 12:11:00,018 - INFO - Deleted INI directory: C:\Users\nikol\AppData\Roaming\MetaQuotes\Terminal\4B1CE69F577705455263BD980C39A82C\MQL5\Experts\Batch_0026\JS-MA-SAR-Trades-EA-MT5-YoforexPremium\ini
2025-04-27 12:11:00,119 - INFO - Deleted INI directory: C:\Users\nikol\AppData\Roaming\MetaQuotes\Terminal\4B1CE69F577705455263BD980C39A82C\MQL5\Experts\Batch_0026\JS-MA-SAR-Trades-Yoforexpremium\ini
2025-04-27 12:11:00,215 - INFO - Deleted INI directory: C:\Users\nikol\AppData\Roaming\MetaQuotes\Terminal\4B1CE69F577705455263BD980C39A82C\MQL5\Experts\Batch_0026\Juggernaut\ini
2025-04-27 12:11:00,308 - INFO - Deleted INI directory: C:\Users\nikol\AppData\Roaming\MetaQuotes\Terminal\4B1CE69F577705455263BD980C39A82C\MQL5\Experts\Batch_0026\KA-Gold-Bot\ini
2025-04-27 12:11:00,403 - INFO - Deleted INI directory: C:\Users\nikol\AppData\Roaming\MetaQuotes\Terminal\4B1CE69F577705455263BD980C39A82C\MQL5\Experts\Batch_0026\KueFx-20Arrows\ini
2025-04-27 12:11:00,497 - INFO - Deleted INI directory: C:\Users\nikol\AppData\Roaming\MetaQuotes\Terminal\4B1CE69F577705455263BD980C39A82C\MQL5\Experts\Batch_0026\KueFx-20Baseline\ini
2025-04-27 12:11:00,590 - INFO - Deleted INI directory: C:\Users\nikol\AppData\Roaming\MetaQuotes\Terminal\4B1CE69F577705455263BD980C39A82C\MQL5\Experts\Batch_0027\KueFx-Arrows\ini
2025-04-27 12:11:00,679 - INFO - Deleted INI directory: C:\Users\nikol\AppData\Roaming\MetaQuotes\Terminal\4B1CE69F577705455263BD980C39A82C\MQL5\Experts\Batch_0027\KueFx-Arrows-20EA\ini
2025-04-27 12:11:00,771 - INFO - Deleted INI directory: C:\Users\nikol\AppData\Roaming\MetaQuotes\Terminal\4B1CE69F577705455263BD980C39A82C\MQL5\Experts\Batch_0027\KueFx-Arrows-EA\ini
2025-04-27 12:11:00,881 - INFO - Deleted INI directory: C:\Users\nikol\AppData\Roaming\MetaQuotes\Terminal\4B1CE69F577705455263BD980C39A82C\MQL5\Experts\Batch_0027\KueFx-Baseline\ini
2025-04-27 12:11:00,975 - INFO - Deleted INI directory: C:\Users\nikol\AppData\Roaming\MetaQuotes\Terminal\4B1CE69F577705455263BD980C39A82C\MQL5\Experts\Batch_0027\KueFx-Baseline-EA\ini
2025-04-27 12:11:01,071 - INFO - Deleted INI directory: C:\Users\nikol\AppData\Roaming\MetaQuotes\Terminal\4B1CE69F577705455263BD980C39A82C\MQL5\Experts\Batch_0027\KueFx-Clean-2025-EA\ini
2025-04-27 12:11:01,158 - INFO - Deleted INI directory: C:\Users\nikol\AppData\Roaming\MetaQuotes\Terminal\4B1CE69F577705455263BD980C39A82C\MQL5\Experts\Batch_0027\KueFxTrend-20EA\ini
2025-04-27 12:11:01,253 - INFO - Deleted INI directory: C:\Users\nikol\AppData\Roaming\MetaQuotes\Terminal\4B1CE69F577705455263BD980C39A82C\MQL5\Experts\Batch_0027\KueFxTrend-EA\ini
2025-04-27 12:11:01,350 - INFO - Deleted INI directory: C:\Users\nikol\AppData\Roaming\MetaQuotes\Terminal\4B1CE69F577705455263BD980C39A82C\MQL5\Experts\Batch_0027\KueFx_Arrows_EA_v1.10\ini
2025-04-27 12:11:01,451 - INFO - Deleted INI directory: C:\Users\nikol\AppData\Roaming\MetaQuotes\Terminal\4B1CE69F577705455263BD980C39A82C\MQL5\Experts\Batch_0027\KueFx_Baseline_EA_v1.10\ini
2025-04-27 12:11:01,547 - INFO - Deleted INI directory: C:\Users\nikol\AppData\Roaming\MetaQuotes\Terminal\4B1CE69F577705455263BD980C39A82C\MQL5\Experts\Batch_0028\Kue-Electric-EA\ini
2025-04-27 12:11:01,649 - INFO - Deleted INI directory: C:\Users\nikol\AppData\Roaming\MetaQuotes\Terminal\4B1CE69F577705455263BD980C39A82C\MQL5\Experts\Batch_0028\KueFx-Extreme-EA\ini
2025-04-27 12:11:01,752 - INFO - Deleted INI directory: C:\Users\nikol\AppData\Roaming\MetaQuotes\Terminal\4B1CE69F577705455263BD980C39A82C\MQL5\Experts\Batch_0028\KueFx-Harare-EA\ini
2025-04-27 12:11:01,848 - INFO - Deleted INI directory: C:\Users\nikol\AppData\Roaming\MetaQuotes\Terminal\4B1CE69F577705455263BD980C39A82C\MQL5\Experts\Batch_0028\KueFX-Money-Management\ini
2025-04-27 12:11:01,941 - INFO - Deleted INI directory: C:\Users\nikol\AppData\Roaming\MetaQuotes\Terminal\4B1CE69F577705455263BD980C39A82C\MQL5\Experts\Batch_0028\KueFx-Motor\ini
2025-04-27 12:11:02,037 - INFO - Deleted INI directory: C:\Users\nikol\AppData\Roaming\MetaQuotes\Terminal\4B1CE69F577705455263BD980C39A82C\MQL5\Experts\Batch_0028\KueFx-Motor-EA\ini
2025-04-27 12:11:02,127 - INFO - Deleted INI directory: C:\Users\nikol\AppData\Roaming\MetaQuotes\Terminal\4B1CE69F577705455263BD980C39A82C\MQL5\Experts\Batch_0028\KueFx-Trend\ini
2025-04-27 12:11:02,232 - INFO - Deleted INI directory: C:\Users\nikol\AppData\Roaming\MetaQuotes\Terminal\4B1CE69F577705455263BD980C39A82C\MQL5\Experts\Batch_0028\LarryConnersRSI2\ini
2025-04-27 12:11:02,321 - INFO - Deleted INI directory: C:\Users\nikol\AppData\Roaming\MetaQuotes\Terminal\4B1CE69F577705455263BD980C39A82C\MQL5\Experts\Batch_0028\Last-ZZ50\ini
2025-04-27 12:11:02,407 - INFO - Deleted INI directory: C:\Users\nikol\AppData\Roaming\MetaQuotes\Terminal\4B1CE69F577705455263BD980C39A82C\MQL5\Experts\Batch_0028\Lavika100\ini
2025-04-27 12:11:02,493 - INFO - Deleted INI directory: C:\Users\nikol\AppData\Roaming\MetaQuotes\Terminal\4B1CE69F577705455263BD980C39A82C\MQL5\Experts\Batch_0029\LazyBot-MT5\ini
2025-04-27 12:11:02,582 - INFO - Deleted INI directory: C:\Users\nikol\AppData\Roaming\MetaQuotes\Terminal\4B1CE69F577705455263BD980C39A82C\MQL5\Experts\Batch_0029\LBS\ini
2025-04-27 12:11:02,669 - INFO - Deleted INI directory: C:\Users\nikol\AppData\Roaming\MetaQuotes\Terminal\4B1CE69F577705455263BD980C39A82C\MQL5\Experts\Batch_0029\Lego-EA\ini
2025-04-27 12:11:02,758 - INFO - Deleted INI directory: C:\Users\nikol\AppData\Roaming\MetaQuotes\Terminal\4B1CE69F577705455263BD980C39A82C\MQL5\Experts\Batch_0029\Lesson-3-Price-Action\ini
2025-04-27 12:11:02,883 - INFO - Deleted INI directory: C:\Users\nikol\AppData\Roaming\MetaQuotes\Terminal\4B1CE69F577705455263BD980C39A82C\MQL5\Experts\Batch_0029\Lesson-4-Price-Action-MA-Filter\ini
2025-04-27 12:11:02,993 - INFO - Deleted INI directory: C:\Users\nikol\AppData\Roaming\MetaQuotes\Terminal\4B1CE69F577705455263BD980C39A82C\MQL5\Experts\Batch_0029\Lesson-6-Trailling-ATR\ini
2025-04-27 12:11:03,095 - INFO - Deleted INI directory: C:\Users\nikol\AppData\Roaming\MetaQuotes\Terminal\4B1CE69F577705455263BD980C39A82C\MQL5\Experts\Batch_0029\Lesson-7-Price-action-Ket-hop-Volume-VSA\ini
2025-04-27 12:11:03,185 - INFO - Deleted INI directory: C:\Users\nikol\AppData\Roaming\MetaQuotes\Terminal\4B1CE69F577705455263BD980C39A82C\MQL5\Experts\Batch_0029\Little-EA\ini
2025-04-27 12:11:03,277 - INFO - Deleted INI directory: C:\Users\nikol\AppData\Roaming\MetaQuotes\Terminal\4B1CE69F577705455263BD980C39A82C\MQL5\Experts\Batch_0029\Lock\ini
2025-04-27 12:11:03,369 - INFO - Deleted INI directory: C:\Users\nikol\AppData\Roaming\MetaQuotes\Terminal\4B1CE69F577705455263BD980C39A82C\MQL5\Experts\Batch_0029\Locker\ini
2025-04-27 12:11:03,465 - INFO - Deleted INI directory: C:\Users\nikol\AppData\Roaming\MetaQuotes\Terminal\4B1CE69F577705455263BD980C39A82C\MQL5\Experts\Batch_0030\Lucky\ini
2025-04-27 12:11:03,563 - INFO - Deleted INI directory: C:\Users\nikol\AppData\Roaming\MetaQuotes\Terminal\4B1CE69F577705455263BD980C39A82C\MQL5\Experts\Batch_0030\M.A-break-mt5-buy\ini
2025-04-27 12:11:03,666 - INFO - Deleted INI directory: C:\Users\nikol\AppData\Roaming\MetaQuotes\Terminal\4B1CE69F577705455263BD980C39A82C\MQL5\Experts\Batch_0030\M.A-break-mt5-sell\ini
2025-04-27 12:11:03,764 - INFO - Deleted INI directory: C:\Users\nikol\AppData\Roaming\MetaQuotes\Terminal\4B1CE69F577705455263BD980C39A82C\MQL5\Experts\Batch_0030\MA MACD Position averaging v2\ini
2025-04-27 12:11:03,868 - INFO - Deleted INI directory: C:\Users\nikol\AppData\Roaming\MetaQuotes\Terminal\4B1CE69F577705455263BD980C39A82C\MQL5\Experts\Batch_0030\MA-20Alert\ini
2025-04-27 12:11:03,957 - INFO - Deleted INI directory: C:\Users\nikol\AppData\Roaming\MetaQuotes\Terminal\4B1CE69F577705455263BD980C39A82C\MQL5\Experts\Batch_0030\MA-20AO-20Arrow\ini
2025-04-27 12:11:04,040 - INFO - Deleted INI directory: C:\Users\nikol\AppData\Roaming\MetaQuotes\Terminal\4B1CE69F577705455263BD980C39A82C\MQL5\Experts\Batch_0030\MA-Cross\ini
2025-04-27 12:11:04,128 - INFO - Deleted INI directory: C:\Users\nikol\AppData\Roaming\MetaQuotes\Terminal\4B1CE69F577705455263BD980C39A82C\MQL5\Experts\Batch_0030\MA-Envelopes\ini
2025-04-27 12:11:04,225 - INFO - Deleted INI directory: C:\Users\nikol\AppData\Roaming\MetaQuotes\Terminal\4B1CE69F577705455263BD980C39A82C\MQL5\Experts\Batch_0030\MA-MACD-Position-averaging\ini
2025-04-27 12:11:04,330 - INFO - Deleted INI directory: C:\Users\nikol\AppData\Roaming\MetaQuotes\Terminal\4B1CE69F577705455263BD980C39A82C\MQL5\Experts\Batch_0030\MA-Trend\ini
2025-04-27 12:11:04,430 - INFO - Deleted INI directory: C:\Users\nikol\AppData\Roaming\MetaQuotes\Terminal\4B1CE69F577705455263BD980C39A82C\MQL5\Experts\Batch_0031\MA2CCI\ini
2025-04-27 12:11:04,533 - INFO - Deleted INI directory: C:\Users\nikol\AppData\Roaming\MetaQuotes\Terminal\4B1CE69F577705455263BD980C39A82C\MQL5\Experts\Batch_0031\MACD\ini
2025-04-27 12:11:04,639 - INFO - Deleted INI directory: C:\Users\nikol\AppData\Roaming\MetaQuotes\Terminal\4B1CE69F577705455263BD980C39A82C\MQL5\Experts\Batch_0031\MACD-and-SAR\ini
2025-04-27 12:11:04,740 - INFO - Deleted INI directory: C:\Users\nikol\AppData\Roaming\MetaQuotes\Terminal\4B1CE69F577705455263BD980C39A82C\MQL5\Experts\Batch_0031\MACD-Cleaner\ini
2025-04-27 12:11:04,845 - INFO - Deleted INI directory: C:\Users\nikol\AppData\Roaming\MetaQuotes\Terminal\4B1CE69F577705455263BD980C39A82C\MQL5\Experts\Batch_0031\Macd-diver-and-rsi-mt5\ini
2025-04-27 12:11:04,956 - INFO - Deleted INI directory: C:\Users\nikol\AppData\Roaming\MetaQuotes\Terminal\4B1CE69F577705455263BD980C39A82C\MQL5\Experts\Batch_0031\MACD-No-Sample\ini
2025-04-27 12:11:05,057 - INFO - Deleted INI directory: C:\Users\nikol\AppData\Roaming\MetaQuotes\Terminal\4B1CE69F577705455263BD980C39A82C\MQL5\Experts\Batch_0031\MACD-signal\ini
2025-04-27 12:11:05,151 - INFO - Deleted INI directory: C:\Users\nikol\AppData\Roaming\MetaQuotes\Terminal\4B1CE69F577705455263BD980C39A82C\MQL5\Experts\Batch_0031\MACD-Stochastic\ini
2025-04-27 12:11:05,241 - INFO - Deleted INI directory: C:\Users\nikol\AppData\Roaming\MetaQuotes\Terminal\4B1CE69F577705455263BD980C39A82C\MQL5\Experts\Batch_0031\MACD-Stochastic-2\ini
2025-04-27 12:11:05,329 - INFO - Deleted INI directory: C:\Users\nikol\AppData\Roaming\MetaQuotes\Terminal\4B1CE69F577705455263BD980C39A82C\MQL5\Experts\Batch_0031\MACD-wonder\ini
2025-04-27 12:11:05,418 - INFO - Deleted INI directory: C:\Users\nikol\AppData\Roaming\MetaQuotes\Terminal\4B1CE69F577705455263BD980C39A82C\MQL5\Experts\Batch_0032\MACD-EA-H4\ini
2025-04-27 12:11:05,517 - INFO - Deleted INI directory: C:\Users\nikol\AppData\Roaming\MetaQuotes\Terminal\4B1CE69F577705455263BD980C39A82C\MQL5\Experts\Batch_0032\MACD-wonder-YoforexPremium\ini
2025-04-27 12:11:05,616 - INFO - Deleted INI directory: C:\Users\nikol\AppData\Roaming\MetaQuotes\Terminal\4B1CE69F577705455263BD980C39A82C\MQL5\Experts\Batch_0032\MACDCCI\ini
2025-04-27 12:11:05,714 - INFO - Deleted INI directory: C:\Users\nikol\AppData\Roaming\MetaQuotes\Terminal\4B1CE69F577705455263BD980C39A82C\MQL5\Experts\Batch_0032\MacdPatternTraderAll\ini
2025-04-27 12:11:05,817 - INFO - Deleted INI directory: C:\Users\nikol\AppData\Roaming\MetaQuotes\Terminal\4B1CE69F577705455263BD980C39A82C\MQL5\Experts\Batch_0032\MacdPatternTraderAll0.01\ini
2025-04-27 12:11:05,915 - INFO - Deleted INI directory: C:\Users\nikol\AppData\Roaming\MetaQuotes\Terminal\4B1CE69F577705455263BD980C39A82C\MQL5\Experts\Batch_0032\MagneticBrake\ini
2025-04-27 12:11:06,009 - INFO - Deleted INI directory: C:\Users\nikol\AppData\Roaming\MetaQuotes\Terminal\4B1CE69F577705455263BD980C39A82C\MQL5\Experts\Batch_0032\MagneticStopExpert\ini
2025-04-27 12:11:06,100 - INFO - Deleted INI directory: C:\Users\nikol\AppData\Roaming\MetaQuotes\Terminal\4B1CE69F577705455263BD980C39A82C\MQL5\Experts\Batch_0032\MAGrid\ini
2025-04-27 12:11:06,194 - INFO - Deleted INI directory: C:\Users\nikol\AppData\Roaming\MetaQuotes\Terminal\4B1CE69F577705455263BD980C39A82C\MQL5\Experts\Batch_0032\MAMACD\ini
2025-04-27 12:11:06,290 - INFO - Deleted INI directory: C:\Users\nikol\AppData\Roaming\MetaQuotes\Terminal\4B1CE69F577705455263BD980C39A82C\MQL5\Experts\Batch_0032\Mariner-MT5\ini
2025-04-27 12:11:06,391 - INFO - Deleted INI directory: C:\Users\nikol\AppData\Roaming\MetaQuotes\Terminal\4B1CE69F577705455263BD980C39A82C\MQL5\Experts\Batch_0033\MA-AO-EA\ini
2025-04-27 12:11:06,484 - INFO - Deleted INI directory: C:\Users\nikol\AppData\Roaming\MetaQuotes\Terminal\4B1CE69F577705455263BD980C39A82C\MQL5\Experts\Batch_0033\Market-Capture\ini
2025-04-27 12:11:06,576 - INFO - Deleted INI directory: C:\Users\nikol\AppData\Roaming\MetaQuotes\Terminal\4B1CE69F577705455263BD980C39A82C\MQL5\Experts\Batch_0033\Martin\ini
2025-04-27 12:11:06,662 - INFO - Deleted INI directory: C:\Users\nikol\AppData\Roaming\MetaQuotes\Terminal\4B1CE69F577705455263BD980C39A82C\MQL5\Experts\Batch_0033\Martin-1\ini
2025-04-27 12:11:06,755 - INFO - Deleted INI directory: C:\Users\nikol\AppData\Roaming\MetaQuotes\Terminal\4B1CE69F577705455263BD980C39A82C\MQL5\Experts\Batch_0033\Martin-for-small-deposits\ini
2025-04-27 12:11:06,844 - INFO - Deleted INI directory: C:\Users\nikol\AppData\Roaming\MetaQuotes\Terminal\4B1CE69F577705455263BD980C39A82C\MQL5\Experts\Batch_0033\MartingailExpert\ini
2025-04-27 12:11:06,943 - INFO - Deleted INI directory: C:\Users\nikol\AppData\Roaming\MetaQuotes\Terminal\4B1CE69F577705455263BD980C39A82C\MQL5\Experts\Batch_0033\MartinGaleBreakout\ini
2025-04-27 12:11:07,038 - INFO - Deleted INI directory: C:\Users\nikol\AppData\Roaming\MetaQuotes\Terminal\4B1CE69F577705455263BD980C39A82C\MQL5\Experts\Batch_0033\Marubozu\ini
2025-04-27 12:11:07,126 - INFO - Deleted INI directory: C:\Users\nikol\AppData\Roaming\MetaQuotes\Terminal\4B1CE69F577705455263BD980C39A82C\MQL5\Experts\Batch_0033\Marubozu-EA\ini
2025-04-27 12:11:07,215 - INFO - Deleted INI directory: C:\Users\nikol\AppData\Roaming\MetaQuotes\Terminal\4B1CE69F577705455263BD980C39A82C\MQL5\Experts\Batch_0033\Marubozu_EA_v1.10\ini
2025-04-27 12:11:07,299 - INFO - Deleted INI directory: C:\Users\nikol\AppData\Roaming\MetaQuotes\Terminal\4B1CE69F577705455263BD980C39A82C\MQL5\Experts\Batch_0034\ma-channels\ini
2025-04-27 12:11:07,383 - INFO - Deleted INI directory: C:\Users\nikol\AppData\Roaming\MetaQuotes\Terminal\4B1CE69F577705455263BD980C39A82C\MQL5\Experts\Batch_0034\Ma-Crosses-MT5\ini
2025-04-27 12:11:07,481 - INFO - Deleted INI directory: C:\Users\nikol\AppData\Roaming\MetaQuotes\Terminal\4B1CE69F577705455263BD980C39A82C\MQL5\Experts\Batch_0034\MA-Crossover-mt5-20EA\ini
2025-04-27 12:11:07,569 - INFO - Deleted INI directory: C:\Users\nikol\AppData\Roaming\MetaQuotes\Terminal\4B1CE69F577705455263BD980C39A82C\MQL5\Experts\Batch_0034\MelBar-EuSwiss-1.85\ini
2025-04-27 12:11:07,672 - INFO - Deleted INI directory: C:\Users\nikol\AppData\Roaming\MetaQuotes\Terminal\4B1CE69F577705455263BD980C39A82C\MQL5\Experts\Batch_0034\MelBarTTake325-T-5.5Y-NZD-USD.ex5\ini
2025-04-27 12:11:07,775 - INFO - Deleted INI directory: C:\Users\nikol\AppData\Roaming\MetaQuotes\Terminal\4B1CE69F577705455263BD980C39A82C\MQL5\Experts\Batch_0034\MelBarTTake325-T-5.5Y-NZD-USD.mq5\ini
2025-04-27 12:11:07,877 - INFO - Deleted INI directory: C:\Users\nikol\AppData\Roaming\MetaQuotes\Terminal\4B1CE69F577705455263BD980C39A82C\MQL5\Experts\Batch_0034\MelBar™Take325-™-5.5Y-NZD-USD\ini
2025-04-27 12:11:07,982 - INFO - Deleted INI directory: C:\Users\nikol\AppData\Roaming\MetaQuotes\Terminal\4B1CE69F577705455263BD980C39A82C\MQL5\Experts\Batch_0034\Minning-GoldMT5-Yoforexpremium\ini
2025-04-27 12:11:08,082 - INFO - Deleted INI directory: C:\Users\nikol\AppData\Roaming\MetaQuotes\Terminal\4B1CE69F577705455263BD980C39A82C\MQL5\Experts\Batch_0034\Mobo-Bands\ini
2025-04-27 12:11:08,178 - INFO - Deleted INI directory: C:\Users\nikol\AppData\Roaming\MetaQuotes\Terminal\4B1CE69F577705455263BD980C39A82C\MQL5\Experts\Batch_0034\Mobo-Bands-EA\ini
2025-04-27 12:11:08,278 - INFO - Deleted INI directory: C:\Users\nikol\AppData\Roaming\MetaQuotes\Terminal\4B1CE69F577705455263BD980C39A82C\MQL5\Experts\Batch_0035\Modified-Moving-Averages\ini
2025-04-27 12:11:08,374 - INFO - Deleted INI directory: C:\Users\nikol\AppData\Roaming\MetaQuotes\Terminal\4B1CE69F577705455263BD980C39A82C\MQL5\Experts\Batch_0035\Momentum-M15\ini
2025-04-27 12:11:08,469 - INFO - Deleted INI directory: C:\Users\nikol\AppData\Roaming\MetaQuotes\Terminal\4B1CE69F577705455263BD980C39A82C\MQL5\Experts\Batch_0035\Momo-trades\ini
2025-04-27 12:11:08,563 - INFO - Deleted INI directory: C:\Users\nikol\AppData\Roaming\MetaQuotes\Terminal\4B1CE69F577705455263BD980C39A82C\MQL5\Experts\Batch_0035\Money-Fixed-Margin\ini
2025-04-27 12:11:08,666 - INFO - Deleted INI directory: C:\Users\nikol\AppData\Roaming\MetaQuotes\Terminal\4B1CE69F577705455263BD980C39A82C\MQL5\Experts\Batch_0035\Money-Fixed-Risk\ini
2025-04-27 12:11:08,761 - INFO - Deleted INI directory: C:\Users\nikol\AppData\Roaming\MetaQuotes\Terminal\4B1CE69F577705455263BD980C39A82C\MQL5\Experts\Batch_0035\MoneyRain\ini
2025-04-27 12:11:08,857 - INFO - Deleted INI directory: C:\Users\nikol\AppData\Roaming\MetaQuotes\Terminal\4B1CE69F577705455263BD980C39A82C\MQL5\Experts\Batch_0035\Morning-evening-star-EA\ini
2025-04-27 12:11:08,957 - INFO - Deleted INI directory: C:\Users\nikol\AppData\Roaming\MetaQuotes\Terminal\4B1CE69F577705455263BD980C39A82C\MQL5\Experts\Batch_0035\MostasHaR15-Pivot\ini
2025-04-27 12:11:09,049 - INFO - Deleted INI directory: C:\Users\nikol\AppData\Roaming\MetaQuotes\Terminal\4B1CE69F577705455263BD980C39A82C\MQL5\Experts\Batch_0035\Moving-Average-Trade-System\ini
2025-04-27 12:11:09,142 - INFO - Deleted INI directory: C:\Users\nikol\AppData\Roaming\MetaQuotes\Terminal\4B1CE69F577705455263BD980C39A82C\MQL5\Experts\Batch_0035\Moving-Averages\ini
2025-04-27 12:11:09,237 - INFO - Deleted INI directory: C:\Users\nikol\AppData\Roaming\MetaQuotes\Terminal\4B1CE69F577705455263BD980C39A82C\MQL5\Experts\Batch_0036\Moving-20average-20and-20ichimoku-20EA\ini
2025-04-27 12:11:09,325 - INFO - Deleted INI directory: C:\Users\nikol\AppData\Roaming\MetaQuotes\Terminal\4B1CE69F577705455263BD980C39A82C\MQL5\Experts\Batch_0036\MovingAverage\ini
2025-04-27 12:11:09,414 - INFO - Deleted INI directory: C:\Users\nikol\AppData\Roaming\MetaQuotes\Terminal\4B1CE69F577705455263BD980C39A82C\MQL5\Experts\Batch_0036\MovingAverageMartinGale\ini
2025-04-27 12:11:09,513 - INFO - Deleted INI directory: C:\Users\nikol\AppData\Roaming\MetaQuotes\Terminal\4B1CE69F577705455263BD980C39A82C\MQL5\Experts\Batch_0036\MQL5-Wizard-MA-RSI\ini
2025-04-27 12:11:09,613 - INFO - Deleted INI directory: C:\Users\nikol\AppData\Roaming\MetaQuotes\Terminal\4B1CE69F577705455263BD980C39A82C\MQL5\Experts\Batch_0036\MQL5-Wizard-MACD-Parabolic-SAR\ini
2025-04-27 12:11:09,705 - INFO - Deleted INI directory: C:\Users\nikol\AppData\Roaming\MetaQuotes\Terminal\4B1CE69F577705455263BD980C39A82C\MQL5\Experts\Batch_0036\MT45\ini
2025-04-27 12:11:09,792 - INFO - Deleted INI directory: C:\Users\nikol\AppData\Roaming\MetaQuotes\Terminal\4B1CE69F577705455263BD980C39A82C\MQL5\Experts\Batch_0036\MT5-CoupleHedgeEA\ini
2025-04-27 12:11:09,885 - INFO - Deleted INI directory: C:\Users\nikol\AppData\Roaming\MetaQuotes\Terminal\4B1CE69F577705455263BD980C39A82C\MQL5\Experts\Batch_0036\MT5-RingSystemEA\ini
2025-04-27 12:11:09,982 - INFO - Deleted INI directory: C:\Users\nikol\AppData\Roaming\MetaQuotes\Terminal\4B1CE69F577705455263BD980C39A82C\MQL5\Experts\Batch_0036\Mt5-williams-directional-index-EA\ini
2025-04-27 12:11:10,079 - INFO - Deleted INI directory: C:\Users\nikol\AppData\Roaming\MetaQuotes\Terminal\4B1CE69F577705455263BD980C39A82C\MQL5\Experts\Batch_0036\MTC-Сombo\ini
2025-04-27 12:11:10,180 - INFO - Deleted INI directory: C:\Users\nikol\AppData\Roaming\MetaQuotes\Terminal\4B1CE69F577705455263BD980C39A82C\MQL5\Experts\Batch_0037\Multi-Stochastic\ini
2025-04-27 12:11:10,274 - INFO - Deleted INI directory: C:\Users\nikol\AppData\Roaming\MetaQuotes\Terminal\4B1CE69F577705455263BD980C39A82C\MQL5\Experts\Batch_0037\Multi-Trader-BC-Robot\ini
2025-04-27 12:11:10,368 - INFO - Deleted INI directory: C:\Users\nikol\AppData\Roaming\MetaQuotes\Terminal\4B1CE69F577705455263BD980C39A82C\MQL5\Experts\Batch_0037\MultiMartin\ini
2025-04-27 12:11:10,461 - INFO - Deleted INI directory: C:\Users\nikol\AppData\Roaming\MetaQuotes\Terminal\4B1CE69F577705455263BD980C39A82C\MQL5\Experts\Batch_0037\MySystem\ini
2025-04-27 12:11:10,554 - INFO - Deleted INI directory: C:\Users\nikol\AppData\Roaming\MetaQuotes\Terminal\4B1CE69F577705455263BD980C39A82C\MQL5\Experts\Batch_0037\N Candles v2\ini
2025-04-27 12:11:10,649 - INFO - Deleted INI directory: C:\Users\nikol\AppData\Roaming\MetaQuotes\Terminal\4B1CE69F577705455263BD980C39A82C\MQL5\Experts\Batch_0037\N Candles v3\ini
2025-04-27 12:11:10,743 - INFO - Deleted INI directory: C:\Users\nikol\AppData\Roaming\MetaQuotes\Terminal\4B1CE69F577705455263BD980C39A82C\MQL5\Experts\Batch_0037\N Candles v4\ini
2025-04-27 12:11:10,831 - INFO - Deleted INI directory: C:\Users\nikol\AppData\Roaming\MetaQuotes\Terminal\4B1CE69F577705455263BD980C39A82C\MQL5\Experts\Batch_0037\N Candles v5\ini
2025-04-27 12:11:10,922 - INFO - Deleted INI directory: C:\Users\nikol\AppData\Roaming\MetaQuotes\Terminal\4B1CE69F577705455263BD980C39A82C\MQL5\Experts\Batch_0037\N-Candles\ini
2025-04-27 12:11:11,014 - INFO - Deleted INI directory: C:\Users\nikol\AppData\Roaming\MetaQuotes\Terminal\4B1CE69F577705455263BD980C39A82C\MQL5\Experts\Batch_0037\N-_Candles_v7\ini
2025-04-27 12:11:11,151 - INFO - Deleted INI directory: C:\Users\nikol\AppData\Roaming\MetaQuotes\Terminal\4B1CE69F577705455263BD980C39A82C\MQL5\Experts\Batch_0038\Nevalyashka\ini
2025-04-27 12:11:11,264 - INFO - Deleted INI directory: C:\Users\nikol\AppData\Roaming\MetaQuotes\Terminal\4B1CE69F577705455263BD980C39A82C\MQL5\Experts\Batch_0038\Nevalyashka-BreakdownLevel\ini
2025-04-27 12:11:11,364 - INFO - Deleted INI directory: C:\Users\nikol\AppData\Roaming\MetaQuotes\Terminal\4B1CE69F577705455263BD980C39A82C\MQL5\Experts\Batch_0038\Nevalyashka3-1\ini
2025-04-27 12:11:11,462 - INFO - Deleted INI directory: C:\Users\nikol\AppData\Roaming\MetaQuotes\Terminal\4B1CE69F577705455263BD980C39A82C\MQL5\Experts\Batch_0038\New-Martin\ini
2025-04-27 12:11:11,554 - INFO - Deleted INI directory: C:\Users\nikol\AppData\Roaming\MetaQuotes\Terminal\4B1CE69F577705455263BD980C39A82C\MQL5\Experts\Batch_0038\New-Random\ini
2025-04-27 12:11:11,651 - INFO - Deleted INI directory: C:\Users\nikol\AppData\Roaming\MetaQuotes\Terminal\4B1CE69F577705455263BD980C39A82C\MQL5\Experts\Batch_0038\Nextbar\ini
2025-04-27 12:11:11,751 - INFO - Deleted INI directory: C:\Users\nikol\AppData\Roaming\MetaQuotes\Terminal\4B1CE69F577705455263BD980C39A82C\MQL5\Experts\Batch_0038\Night-Flat-Trade\ini
2025-04-27 12:11:11,839 - INFO - Deleted INI directory: C:\Users\nikol\AppData\Roaming\MetaQuotes\Terminal\4B1CE69F577705455263BD980C39A82C\MQL5\Experts\Batch_0038\NightScalper\ini
2025-04-27 12:11:11,926 - INFO - Deleted INI directory: C:\Users\nikol\AppData\Roaming\MetaQuotes\Terminal\4B1CE69F577705455263BD980C39A82C\MQL5\Experts\Batch_0038\NRTR-Revers\ini
2025-04-27 12:11:12,022 - INFO - Deleted INI directory: C:\Users\nikol\AppData\Roaming\MetaQuotes\Terminal\4B1CE69F577705455263BD980C39A82C\MQL5\Experts\Batch_0038\NSK-SWING-EA-MT5-Yoforexpremium\ini
2025-04-27 12:11:12,116 - INFO - Deleted INI directory: C:\Users\nikol\AppData\Roaming\MetaQuotes\Terminal\4B1CE69F577705455263BD980C39A82C\MQL5\Experts\Batch_0039\NSK-SWING-EA-Yoforexpremium\ini
2025-04-27 12:11:12,203 - INFO - Deleted INI directory: C:\Users\nikol\AppData\Roaming\MetaQuotes\Terminal\4B1CE69F577705455263BD980C39A82C\MQL5\Experts\Batch_0039\NUp1Down\ini
2025-04-27 12:11:12,291 - INFO - Deleted INI directory: C:\Users\nikol\AppData\Roaming\MetaQuotes\Terminal\4B1CE69F577705455263BD980C39A82C\MQL5\Experts\Batch_0039\Open-Candle-EA\ini
2025-04-27 12:11:12,392 - INFO - Deleted INI directory: C:\Users\nikol\AppData\Roaming\MetaQuotes\Terminal\4B1CE69F577705455263BD980C39A82C\MQL5\Experts\Batch_0039\Open-Close\ini
2025-04-27 12:11:12,486 - INFO - Deleted INI directory: C:\Users\nikol\AppData\Roaming\MetaQuotes\Terminal\4B1CE69F577705455263BD980C39A82C\MQL5\Experts\Batch_0039\Opening-and-ilosing-on-time\ini
2025-04-27 12:11:12,578 - INFO - Deleted INI directory: C:\Users\nikol\AppData\Roaming\MetaQuotes\Terminal\4B1CE69F577705455263BD980C39A82C\MQL5\Experts\Batch_0039\Opening-and-Сlosing-on-time\ini
2025-04-27 12:11:12,674 - INFO - Deleted INI directory: C:\Users\nikol\AppData\Roaming\MetaQuotes\Terminal\4B1CE69F577705455263BD980C39A82C\MQL5\Experts\Batch_0039\OpenPendingorderAfterPositionGetStopLoss\ini
2025-04-27 12:11:12,770 - INFO - Deleted INI directory: C:\Users\nikol\AppData\Roaming\MetaQuotes\Terminal\4B1CE69F577705455263BD980C39A82C\MQL5\Experts\Batch_0039\OpenTicks\ini
2025-04-27 12:11:12,869 - INFO - Deleted INI directory: C:\Users\nikol\AppData\Roaming\MetaQuotes\Terminal\4B1CE69F577705455263BD980C39A82C\MQL5\Experts\Batch_0039\optimization-result\ini
2025-04-27 12:11:12,963 - INFO - Deleted INI directory: C:\Users\nikol\AppData\Roaming\MetaQuotes\Terminal\4B1CE69F577705455263BD980C39A82C\MQL5\Experts\Batch_0039\ORB-EA-BOX\ini
2025-04-27 12:11:13,059 - INFO - Deleted INI directory: C:\Users\nikol\AppData\Roaming\MetaQuotes\Terminal\4B1CE69F577705455263BD980C39A82C\MQL5\Experts\Batch_0040\OsMaSter\ini
2025-04-27 12:11:13,158 - INFO - Deleted INI directory: C:\Users\nikol\AppData\Roaming\MetaQuotes\Terminal\4B1CE69F577705455263BD980C39A82C\MQL5\Experts\Batch_0040\OTT-20AND-20PRICE-20CROSS-20EA\ini
2025-04-27 12:11:13,251 - INFO - Deleted INI directory: C:\Users\nikol\AppData\Roaming\MetaQuotes\Terminal\4B1CE69F577705455263BD980C39A82C\MQL5\Experts\Batch_0040\OverHedge\ini
2025-04-27 12:11:13,354 - INFO - Deleted INI directory: C:\Users\nikol\AppData\Roaming\MetaQuotes\Terminal\4B1CE69F577705455263BD980C39A82C\MQL5\Experts\Batch_0040\OzFx\ini
2025-04-27 12:11:13,451 - INFO - Deleted INI directory: C:\Users\nikol\AppData\Roaming\MetaQuotes\Terminal\4B1CE69F577705455263BD980C39A82C\MQL5\Experts\Batch_0040\Par-20sar-20mt5-201\ini
2025-04-27 12:11:13,548 - INFO - Deleted INI directory: C:\Users\nikol\AppData\Roaming\MetaQuotes\Terminal\4B1CE69F577705455263BD980C39A82C\MQL5\Experts\Batch_0040\Parabolic-SAR\ini
2025-04-27 12:11:13,633 - INFO - Deleted INI directory: C:\Users\nikol\AppData\Roaming\MetaQuotes\Terminal\4B1CE69F577705455263BD980C39A82C\MQL5\Experts\Batch_0040\PARSI-EA\ini
2025-04-27 12:11:13,723 - INFO - Deleted INI directory: C:\Users\nikol\AppData\Roaming\MetaQuotes\Terminal\4B1CE69F577705455263BD980C39A82C\MQL5\Experts\Batch_0040\Peceptron-Mult\ini
2025-04-27 12:11:13,817 - INFO - Deleted INI directory: C:\Users\nikol\AppData\Roaming\MetaQuotes\Terminal\4B1CE69F577705455263BD980C39A82C\MQL5\Experts\Batch_0040\Pending-orders-by-time\ini
2025-04-27 12:11:13,912 - INFO - Deleted INI directory: C:\Users\nikol\AppData\Roaming\MetaQuotes\Terminal\4B1CE69F577705455263BD980C39A82C\MQL5\Experts\Batch_0040\Pending-orders-by-time-2\ini
2025-04-27 12:11:14,009 - INFO - Deleted INI directory: C:\Users\nikol\AppData\Roaming\MetaQuotes\Terminal\4B1CE69F577705455263BD980C39A82C\MQL5\Experts\Batch_0041\Pendulum\ini
2025-04-27 12:11:14,110 - INFO - Deleted INI directory: C:\Users\nikol\AppData\Roaming\MetaQuotes\Terminal\4B1CE69F577705455263BD980C39A82C\MQL5\Experts\Batch_0041\Pinball-machine\ini
2025-04-27 12:11:14,209 - INFO - Deleted INI directory: C:\Users\nikol\AppData\Roaming\MetaQuotes\Terminal\4B1CE69F577705455263BD980C39A82C\MQL5\Experts\Batch_0041\Pinbar-Magic-EA\ini
2025-04-27 12:11:14,308 - INFO - Deleted INI directory: C:\Users\nikol\AppData\Roaming\MetaQuotes\Terminal\4B1CE69F577705455263BD980C39A82C\MQL5\Experts\Batch_0041\PinBar-Magic-Indicator\ini
2025-04-27 12:11:14,402 - INFO - Deleted INI directory: C:\Users\nikol\AppData\Roaming\MetaQuotes\Terminal\4B1CE69F577705455263BD980C39A82C\MQL5\Experts\Batch_0041\Pipsover\ini
2025-04-27 12:11:14,499 - INFO - Deleted INI directory: C:\Users\nikol\AppData\Roaming\MetaQuotes\Terminal\4B1CE69F577705455263BD980C39A82C\MQL5\Experts\Batch_0041\Plan-X\ini
2025-04-27 12:11:14,584 - INFO - Deleted INI directory: C:\Users\nikol\AppData\Roaming\MetaQuotes\Terminal\4B1CE69F577705455263BD980C39A82C\MQL5\Experts\Batch_0041\Plateau\ini
2025-04-27 12:11:14,672 - INFO - Deleted INI directory: C:\Users\nikol\AppData\Roaming\MetaQuotes\Terminal\4B1CE69F577705455263BD980C39A82C\MQL5\Experts\Batch_0041\Poker-SHOW\ini
2025-04-27 12:11:14,771 - INFO - Deleted INI directory: C:\Users\nikol\AppData\Roaming\MetaQuotes\Terminal\4B1CE69F577705455263BD980C39A82C\MQL5\Experts\Batch_0041\POVERTY-KILLER-GHOSTMT5-YoForexPremium\ini
2025-04-27 12:11:14,871 - INFO - Deleted INI directory: C:\Users\nikol\AppData\Roaming\MetaQuotes\Terminal\4B1CE69F577705455263BD980C39A82C\MQL5\Experts\Batch_0041\POW-BANKER-EA-MT5-4170-with-SetFiles-YoForexPremium\ini
2025-04-27 12:11:14,960 - INFO - Deleted INI directory: C:\Users\nikol\AppData\Roaming\MetaQuotes\Terminal\4B1CE69F577705455263BD980C39A82C\MQL5\Experts\Batch_0042\Precipice\ini
2025-04-27 12:11:15,058 - INFO - Deleted INI directory: C:\Users\nikol\AppData\Roaming\MetaQuotes\Terminal\4B1CE69F577705455263BD980C39A82C\MQL5\Experts\Batch_0042\Precipice-MartIn\ini
2025-04-27 12:11:15,160 - INFO - Deleted INI directory: C:\Users\nikol\AppData\Roaming\MetaQuotes\Terminal\4B1CE69F577705455263BD980C39A82C\MQL5\Experts\Batch_0042\PrizmaL-Pro-EAMT5-YoforexPremium\ini
2025-04-27 12:11:15,254 - INFO - Deleted INI directory: C:\Users\nikol\AppData\Roaming\MetaQuotes\Terminal\4B1CE69F577705455263BD980C39A82C\MQL5\Experts\Batch_0042\Probe\ini
2025-04-27 12:11:15,349 - INFO - Deleted INI directory: C:\Users\nikol\AppData\Roaming\MetaQuotes\Terminal\4B1CE69F577705455263BD980C39A82C\MQL5\Experts\Batch_0042\Proffessor\ini
2025-04-27 12:11:15,443 - INFO - Deleted INI directory: C:\Users\nikol\AppData\Roaming\MetaQuotes\Terminal\4B1CE69F577705455263BD980C39A82C\MQL5\Experts\Batch_0042\PropFirmHelper\ini
2025-04-27 12:11:15,534 - INFO - Deleted INI directory: C:\Users\nikol\AppData\Roaming\MetaQuotes\Terminal\4B1CE69F577705455263BD980C39A82C\MQL5\Experts\Batch_0042\PROphet\ini
2025-04-27 12:11:15,624 - INFO - Deleted INI directory: C:\Users\nikol\AppData\Roaming\MetaQuotes\Terminal\4B1CE69F577705455263BD980C39A82C\MQL5\Experts\Batch_0042\Puria-method\ini
2025-04-27 12:11:15,712 - INFO - Deleted INI directory: C:\Users\nikol\AppData\Roaming\MetaQuotes\Terminal\4B1CE69F577705455263BD980C39A82C\MQL5\Experts\Batch_0042\Rabbit3\ini
2025-04-27 12:11:15,803 - INFO - Deleted INI directory: C:\Users\nikol\AppData\Roaming\MetaQuotes\Terminal\4B1CE69F577705455263BD980C39A82C\MQL5\Experts\Batch_0042\Range-Breakout\ini
2025-04-27 12:11:15,901 - INFO - Deleted INI directory: C:\Users\nikol\AppData\Roaming\MetaQuotes\Terminal\4B1CE69F577705455263BD980C39A82C\MQL5\Experts\Batch_0043\Rapid-Doji-EA\ini
2025-04-27 12:11:15,992 - INFO - Deleted INI directory: C:\Users\nikol\AppData\Roaming\MetaQuotes\Terminal\4B1CE69F577705455263BD980C39A82C\MQL5\Experts\Batch_0043\Raymond-Cloudy-Day-for-EA\ini
2025-04-27 12:11:16,083 - INFO - Deleted INI directory: C:\Users\nikol\AppData\Roaming\MetaQuotes\Terminal\4B1CE69F577705455263BD980C39A82C\MQL5\Experts\Batch_0043\RedDragon-v.1.03\ini
2025-04-27 12:11:16,178 - INFO - Deleted INI directory: C:\Users\nikol\AppData\Roaming\MetaQuotes\Terminal\4B1CE69F577705455263BD980C39A82C\MQL5\Experts\Batch_0043\Reflex\ini
2025-04-27 12:11:16,268 - INFO - Deleted INI directory: C:\Users\nikol\AppData\Roaming\MetaQuotes\Terminal\4B1CE69F577705455263BD980C39A82C\MQL5\Experts\Batch_0043\Reflex-EA\ini
2025-04-27 12:11:16,364 - INFO - Deleted INI directory: C:\Users\nikol\AppData\Roaming\MetaQuotes\Terminal\4B1CE69F577705455263BD980C39A82C\MQL5\Experts\Batch_0043\REFLEX-INDICATOR\ini
2025-04-27 12:11:16,456 - INFO - Deleted INI directory: C:\Users\nikol\AppData\Roaming\MetaQuotes\Terminal\4B1CE69F577705455263BD980C39A82C\MQL5\Experts\Batch_0043\Reversing-Martingale\ini
2025-04-27 12:11:16,825 - INFO - Deleted INI directory: C:\Users\nikol\AppData\Roaming\MetaQuotes\Terminal\4B1CE69F577705455263BD980C39A82C\MQL5\Experts\Batch_0043\RideAlligator\ini
2025-04-27 12:11:17,287 - INFO - Deleted INI directory: C:\Users\nikol\AppData\Roaming\MetaQuotes\Terminal\4B1CE69F577705455263BD980C39A82C\MQL5\Experts\Batch_0043\RNN\ini
2025-04-27 12:11:17,735 - INFO - Deleted INI directory: C:\Users\nikol\AppData\Roaming\MetaQuotes\Terminal\4B1CE69F577705455263BD980C39A82C\MQL5\Experts\Batch_0043\RobotPowerM5-meta4\ini
2025-04-27 12:11:18,182 - INFO - Deleted INI directory: C:\Users\nikol\AppData\Roaming\MetaQuotes\Terminal\4B1CE69F577705455263BD980C39A82C\MQL5\Experts\Batch_0044\Robot-MACD\ini
2025-04-27 12:11:18,609 - INFO - Deleted INI directory: C:\Users\nikol\AppData\Roaming\MetaQuotes\Terminal\4B1CE69F577705455263BD980C39A82C\MQL5\Experts\Batch_0044\Rollback-system\ini
2025-04-27 12:11:19,055 - INFO - Deleted INI directory: C:\Users\nikol\AppData\Roaming\MetaQuotes\Terminal\4B1CE69F577705455263BD980C39A82C\MQL5\Experts\Batch_0044\RSI EA v2\ini
2025-04-27 12:11:29,430 - INFO - Deleted INI directory: C:\Users\nikol\AppData\Roaming\MetaQuotes\Terminal\4B1CE69F577705455263BD980C39A82C\MQL5\Experts\Batch_0044\RSI-and-Bollinger-Bands\ini
2025-04-27 12:11:29,863 - INFO - Deleted INI directory: C:\Users\nikol\AppData\Roaming\MetaQuotes\Terminal\4B1CE69F577705455263BD980C39A82C\MQL5\Experts\Batch_0044\RSI-Arrow\ini
2025-04-27 12:11:30,283 - INFO - Deleted INI directory: C:\Users\nikol\AppData\Roaming\MetaQuotes\Terminal\4B1CE69F577705455263BD980C39A82C\MQL5\Experts\Batch_0044\RSI-Bollinger-Bands-EA\ini
2025-04-27 12:11:30,713 - INFO - Deleted INI directory: C:\Users\nikol\AppData\Roaming\MetaQuotes\Terminal\4B1CE69F577705455263BD980C39A82C\MQL5\Experts\Batch_0044\RSI-EA\ini
2025-04-27 12:11:31,126 - INFO - Deleted INI directory: C:\Users\nikol\AppData\Roaming\MetaQuotes\Terminal\4B1CE69F577705455263BD980C39A82C\MQL5\Experts\Batch_0044\RSI-Eraser\ini
2025-04-27 12:11:31,578 - INFO - Deleted INI directory: C:\Users\nikol\AppData\Roaming\MetaQuotes\Terminal\4B1CE69F577705455263BD980C39A82C\MQL5\Experts\Batch_0044\RSI-Levels\ini
2025-04-27 12:11:31,990 - INFO - Deleted INI directory: C:\Users\nikol\AppData\Roaming\MetaQuotes\Terminal\4B1CE69F577705455263BD980C39A82C\MQL5\Experts\Batch_0044\RSI-trader\ini
2025-04-27 12:11:32,429 - INFO - Deleted INI directory: C:\Users\nikol\AppData\Roaming\MetaQuotes\Terminal\4B1CE69F577705455263BD980C39A82C\MQL5\Experts\Batch_0045\RSI-Arrow-EA\ini
2025-04-27 12:11:32,836 - INFO - Deleted INI directory: C:\Users\nikol\AppData\Roaming\MetaQuotes\Terminal\4B1CE69F577705455263BD980C39A82C\MQL5\Experts\Batch_0045\RSI-Expert\ini
2025-04-27 12:11:33,253 - INFO - Deleted INI directory: C:\Users\nikol\AppData\Roaming\MetaQuotes\Terminal\4B1CE69F577705455263BD980C39A82C\MQL5\Experts\Batch_0045\RSI-Trend\ini
2025-04-27 12:11:33,682 - INFO - Deleted INI directory: C:\Users\nikol\AppData\Roaming\MetaQuotes\Terminal\4B1CE69F577705455263BD980C39A82C\MQL5\Experts\Batch_0045\RSI-Trend-EA\ini
2025-04-27 12:11:34,131 - INFO - Deleted INI directory: C:\Users\nikol\AppData\Roaming\MetaQuotes\Terminal\4B1CE69F577705455263BD980C39A82C\MQL5\Experts\Batch_0045\RSI-with-channels\ini
2025-04-27 12:11:34,556 - INFO - Deleted INI directory: C:\Users\nikol\AppData\Roaming\MetaQuotes\Terminal\4B1CE69F577705455263BD980C39A82C\MQL5\Experts\Batch_0045\RSI-with-channels-EA\ini
2025-04-27 12:11:34,971 - INFO - Deleted INI directory: C:\Users\nikol\AppData\Roaming\MetaQuotes\Terminal\4B1CE69F577705455263BD980C39A82C\MQL5\Experts\Batch_0045\RSI_Expert_v2.0\ini
2025-04-27 12:11:35,397 - INFO - Deleted INI directory: C:\Users\nikol\AppData\Roaming\MetaQuotes\Terminal\4B1CE69F577705455263BD980C39A82C\MQL5\Experts\Batch_0045\Russian20-hp1\ini
2025-04-27 12:11:35,798 - INFO - Deleted INI directory: C:\Users\nikol\AppData\Roaming\MetaQuotes\Terminal\4B1CE69F577705455263BD980C39A82C\MQL5\Experts\Batch_0045\SampleCheckPendingOrder\ini
2025-04-27 12:11:36,218 - INFO - Deleted INI directory: C:\Users\nikol\AppData\Roaming\MetaQuotes\Terminal\4B1CE69F577705455263BD980C39A82C\MQL5\Experts\Batch_0045\SampleTrailingstop-MT5\ini
2025-04-27 12:11:36,655 - INFO - Deleted INI directory: C:\Users\nikol\AppData\Roaming\MetaQuotes\Terminal\4B1CE69F577705455263BD980C39A82C\MQL5\Experts\Batch_0046\SAR-trading\ini
2025-04-27 12:11:37,098 - INFO - Deleted INI directory: C:\Users\nikol\AppData\Roaming\MetaQuotes\Terminal\4B1CE69F577705455263BD980C39A82C\MQL5\Experts\Batch_0046\Secwenta\ini
2025-04-27 12:11:37,501 - INFO - Deleted INI directory: C:\Users\nikol\AppData\Roaming\MetaQuotes\Terminal\4B1CE69F577705455263BD980C39A82C\MQL5\Experts\Batch_0046\Sell-Stop\ini
2025-04-27 12:11:37,937 - INFO - Deleted INI directory: C:\Users\nikol\AppData\Roaming\MetaQuotes\Terminal\4B1CE69F577705455263BD980C39A82C\MQL5\Experts\Batch_0046\Sensitive\ini
2025-04-27 12:11:38,358 - INFO - Deleted INI directory: C:\Users\nikol\AppData\Roaming\MetaQuotes\Terminal\4B1CE69F577705455263BD980C39A82C\MQL5\Experts\Batch_0046\Separate-trade\ini
2025-04-27 12:11:38,792 - INFO - Deleted INI directory: C:\Users\nikol\AppData\Roaming\MetaQuotes\Terminal\4B1CE69F577705455263BD980C39A82C\MQL5\Experts\Batch_0046\SilverTrend\ini
2025-04-27 12:11:39,231 - INFO - Deleted INI directory: C:\Users\nikol\AppData\Roaming\MetaQuotes\Terminal\4B1CE69F577705455263BD980C39A82C\MQL5\Experts\Batch_0046\Simple-20Price-20Alert-20-20EA\ini
2025-04-27 12:11:39,677 - INFO - Deleted INI directory: C:\Users\nikol\AppData\Roaming\MetaQuotes\Terminal\4B1CE69F577705455263BD980C39A82C\MQL5\Experts\Batch_0046\Simple-20Volume-20EA\ini
2025-04-27 12:11:40,125 - INFO - Deleted INI directory: C:\Users\nikol\AppData\Roaming\MetaQuotes\Terminal\4B1CE69F577705455263BD980C39A82C\MQL5\Experts\Batch_0046\Simple-EA-MA-plus-MACD\ini
2025-04-27 12:11:40,550 - INFO - Deleted INI directory: C:\Users\nikol\AppData\Roaming\MetaQuotes\Terminal\4B1CE69F577705455263BD980C39A82C\MQL5\Experts\Batch_0046\Simple-FX\ini
2025-04-27 12:11:40,976 - INFO - Deleted INI directory: C:\Users\nikol\AppData\Roaming\MetaQuotes\Terminal\4B1CE69F577705455263BD980C39A82C\MQL5\Experts\Batch_0047\Simple-MACD\ini
2025-04-27 12:11:41,386 - INFO - Deleted INI directory: C:\Users\nikol\AppData\Roaming\MetaQuotes\Terminal\4B1CE69F577705455263BD980C39A82C\MQL5\Experts\Batch_0047\Simple-Volume-EA\ini
2025-04-27 12:11:41,817 - INFO - Deleted INI directory: C:\Users\nikol\AppData\Roaming\MetaQuotes\Terminal\4B1CE69F577705455263BD980C39A82C\MQL5\Experts\Batch_0047\SimplePivot\ini
2025-04-27 12:11:42,240 - INFO - Deleted INI directory: C:\Users\nikol\AppData\Roaming\MetaQuotes\Terminal\4B1CE69F577705455263BD980C39A82C\MQL5\Experts\Batch_0047\Simplest-Hedging-EA-ever\ini
2025-04-27 12:11:42,661 - INFO - Deleted INI directory: C:\Users\nikol\AppData\Roaming\MetaQuotes\Terminal\4B1CE69F577705455263BD980C39A82C\MQL5\Experts\Batch_0047\SimpleTrade\ini
2025-04-27 12:11:43,091 - INFO - Deleted INI directory: C:\Users\nikol\AppData\Roaming\MetaQuotes\Terminal\4B1CE69F577705455263BD980C39A82C\MQL5\Experts\Batch_0047\Six-Soldiers\ini
2025-04-27 12:11:43,547 - INFO - Deleted INI directory: C:\Users\nikol\AppData\Roaming\MetaQuotes\Terminal\4B1CE69F577705455263BD980C39A82C\MQL5\Experts\Batch_0047\Six-Soldiers-EA\ini
2025-04-27 12:11:43,966 - INFO - Deleted INI directory: C:\Users\nikol\AppData\Roaming\MetaQuotes\Terminal\4B1CE69F577705455263BD980C39A82C\MQL5\Experts\Batch_0047\Six-Soldiers-EA-Grid\ini
2025-04-27 12:11:44,414 - INFO - Deleted INI directory: C:\Users\nikol\AppData\Roaming\MetaQuotes\Terminal\4B1CE69F577705455263BD980C39A82C\MQL5\Experts\Batch_0047\Small-Inside-Bar-Strategy\ini
2025-04-27 12:11:44,887 - INFO - Deleted INI directory: C:\Users\nikol\AppData\Roaming\MetaQuotes\Terminal\4B1CE69F577705455263BD980C39A82C\MQL5\Experts\Batch_0047\Smart-Machine-20EA\ini
2025-04-27 12:11:45,294 - INFO - Deleted INI directory: C:\Users\nikol\AppData\Roaming\MetaQuotes\Terminal\4B1CE69F577705455263BD980C39A82C\MQL5\Experts\Batch_0048\Smoothing-Average\ini
2025-04-27 12:11:45,725 - INFO - Deleted INI directory: C:\Users\nikol\AppData\Roaming\MetaQuotes\Terminal\4B1CE69F577705455263BD980C39A82C\MQL5\Experts\Batch_0048\sound\ini
2025-04-27 12:11:46,162 - INFO - Deleted INI directory: C:\Users\nikol\AppData\Roaming\MetaQuotes\Terminal\4B1CE69F577705455263BD980C39A82C\MQL5\Experts\Batch_0048\Sound-Fx\ini
2025-04-27 12:11:46,595 - INFO - Deleted INI directory: C:\Users\nikol\AppData\Roaming\MetaQuotes\Terminal\4B1CE69F577705455263BD980C39A82C\MQL5\Experts\Batch_0048\Spasm\ini
2025-04-27 12:11:47,018 - INFO - Deleted INI directory: C:\Users\nikol\AppData\Roaming\MetaQuotes\Terminal\4B1CE69F577705455263BD980C39A82C\MQL5\Experts\Batch_0048\Sprd-mt5-20EA\ini
2025-04-27 12:11:47,461 - INFO - Deleted INI directory: C:\Users\nikol\AppData\Roaming\MetaQuotes\Terminal\4B1CE69F577705455263BD980C39A82C\MQL5\Experts\Batch_0048\SPYDER-EA-V-6.1-MT5-YoforexPremium\ini
2025-04-27 12:11:47,879 - INFO - Deleted INI directory: C:\Users\nikol\AppData\Roaming\MetaQuotes\Terminal\4B1CE69F577705455263BD980C39A82C\MQL5\Experts\Batch_0048\ssb5-123\ini
2025-04-27 12:11:48,339 - INFO - Deleted INI directory: C:\Users\nikol\AppData\Roaming\MetaQuotes\Terminal\4B1CE69F577705455263BD980C39A82C\MQL5\Experts\Batch_0048\Stargogs-Ghost-Spike-Robot-EAMT5-YoForexPremium\ini
2025-04-27 12:11:48,783 - INFO - Deleted INI directory: C:\Users\nikol\AppData\Roaming\MetaQuotes\Terminal\4B1CE69F577705455263BD980C39A82C\MQL5\Experts\Batch_0048\Stargogs-Pay-EA-MT5-YoforexPremium\ini
2025-04-27 12:11:49,205 - INFO - Deleted INI directory: C:\Users\nikol\AppData\Roaming\MetaQuotes\Terminal\4B1CE69F577705455263BD980C39A82C\MQL5\Experts\Batch_0048\Starter\ini
2025-04-27 12:11:49,626 - INFO - Deleted INI directory: C:\Users\nikol\AppData\Roaming\MetaQuotes\Terminal\4B1CE69F577705455263BD980C39A82C\MQL5\Experts\Batch_0049\Steve-Cartwright-Trader-Camel-CCI-MACD\ini
2025-04-27 12:11:50,064 - INFO - Deleted INI directory: C:\Users\nikol\AppData\Roaming\MetaQuotes\Terminal\4B1CE69F577705455263BD980C39A82C\MQL5\Experts\Batch_0049\Stoch\ini
2025-04-27 12:11:50,491 - INFO - Deleted INI directory: C:\Users\nikol\AppData\Roaming\MetaQuotes\Terminal\4B1CE69F577705455263BD980C39A82C\MQL5\Experts\Batch_0049\Stoch-EA-1192\ini
2025-04-27 12:11:50,952 - INFO - Deleted INI directory: C:\Users\nikol\AppData\Roaming\MetaQuotes\Terminal\4B1CE69F577705455263BD980C39A82C\MQL5\Experts\Batch_0049\Stochastic-20Alert\ini
2025-04-27 12:11:51,389 - INFO - Deleted INI directory: C:\Users\nikol\AppData\Roaming\MetaQuotes\Terminal\4B1CE69F577705455263BD980C39A82C\MQL5\Experts\Batch_0049\Stochastic-K-Divergence.lua\ini
2025-04-27 12:11:51,819 - INFO - Deleted INI directory: C:\Users\nikol\AppData\Roaming\MetaQuotes\Terminal\4B1CE69F577705455263BD980C39A82C\MQL5\Experts\Batch_0049\stochastic-three-periods\ini
2025-04-27 12:11:52,248 - INFO - Deleted INI directory: C:\Users\nikol\AppData\Roaming\MetaQuotes\Terminal\4B1CE69F577705455263BD980C39A82C\MQL5\Experts\Batch_0049\stochasticdiffsign\ini
2025-04-27 12:11:52,645 - INFO - Deleted INI directory: C:\Users\nikol\AppData\Roaming\MetaQuotes\Terminal\4B1CE69F577705455263BD980C39A82C\MQL5\Experts\Batch_0049\StochasticDiffSign-EA\ini
2025-04-27 12:11:53,135 - INFO - Deleted INI directory: C:\Users\nikol\AppData\Roaming\MetaQuotes\Terminal\4B1CE69F577705455263BD980C39A82C\MQL5\Experts\Batch_0049\StochMA\ini
2025-04-27 12:11:53,560 - INFO - Deleted INI directory: C:\Users\nikol\AppData\Roaming\MetaQuotes\Terminal\4B1CE69F577705455263BD980C39A82C\MQL5\Experts\Batch_0049\StochMA-EA\ini
2025-04-27 12:11:54,000 - INFO - Deleted INI directory: C:\Users\nikol\AppData\Roaming\MetaQuotes\Terminal\4B1CE69F577705455263BD980C39A82C\MQL5\Experts\Batch_0050\Stop-Loss-Take-Profit\ini
2025-04-27 12:11:54,441 - INFO - Deleted INI directory: C:\Users\nikol\AppData\Roaming\MetaQuotes\Terminal\4B1CE69F577705455263BD980C39A82C\MQL5\Experts\Batch_0050\StraddleqTrail\ini
2025-04-27 12:11:54,884 - INFO - Deleted INI directory: C:\Users\nikol\AppData\Roaming\MetaQuotes\Terminal\4B1CE69F577705455263BD980C39A82C\MQL5\Experts\Batch_0050\Strategie-Boom-Crash-System-MT5-YoForexPremium\ini
2025-04-27 12:11:55,328 - INFO - Deleted INI directory: C:\Users\nikol\AppData\Roaming\MetaQuotes\Terminal\4B1CE69F577705455263BD980C39A82C\MQL5\Experts\Batch_0050\SUPER-TURBO-EAMT5-YoForexPremium\ini
2025-04-27 12:11:55,748 - INFO - Deleted INI directory: C:\Users\nikol\AppData\Roaming\MetaQuotes\Terminal\4B1CE69F577705455263BD980C39A82C\MQL5\Experts\Batch_0050\Surefirething\ini
2025-04-27 12:11:56,190 - INFO - Deleted INI directory: C:\Users\nikol\AppData\Roaming\MetaQuotes\Terminal\4B1CE69F577705455263BD980C39A82C\MQL5\Experts\Batch_0050\TAILOR-EA-MT5-YoForexPremium\ini
2025-04-27 12:11:56,651 - INFO - Deleted INI directory: C:\Users\nikol\AppData\Roaming\MetaQuotes\Terminal\4B1CE69F577705455263BD980C39A82C\MQL5\Experts\Batch_0050\TAKASHI-SNIPEREA-MT5-yYoForexPremium\ini
2025-04-27 12:11:57,108 - INFO - Deleted INI directory: C:\Users\nikol\AppData\Roaming\MetaQuotes\Terminal\4B1CE69F577705455263BD980C39A82C\MQL5\Experts\Batch_0050\TDSGlobal\ini
2025-04-27 12:11:57,534 - INFO - Deleted INI directory: C:\Users\nikol\AppData\Roaming\MetaQuotes\Terminal\4B1CE69F577705455263BD980C39A82C\MQL5\Experts\Batch_0050\The-MasterMind\ini
2025-04-27 12:11:57,979 - INFO - Deleted INI directory: C:\Users\nikol\AppData\Roaming\MetaQuotes\Terminal\4B1CE69F577705455263BD980C39A82C\MQL5\Experts\Batch_0050\The-MasterMind-2\ini
2025-04-27 12:11:58,437 - INFO - Deleted INI directory: C:\Users\nikol\AppData\Roaming\MetaQuotes\Terminal\4B1CE69F577705455263BD980C39A82C\MQL5\Experts\Batch_0051\The-MasterMind-3\ini
2025-04-27 12:11:58,866 - INFO - Deleted INI directory: C:\Users\nikol\AppData\Roaming\MetaQuotes\Terminal\4B1CE69F577705455263BD980C39A82C\MQL5\Experts\Batch_0051\The-Puncher\ini
2025-04-27 12:11:59,273 - INFO - Deleted INI directory: C:\Users\nikol\AppData\Roaming\MetaQuotes\Terminal\4B1CE69F577705455263BD980C39A82C\MQL5\Experts\Batch_0051\TheClassicTurtleTrader-no-dots\ini
2025-04-27 12:11:59,733 - INFO - Deleted INI directory: C:\Users\nikol\AppData\Roaming\MetaQuotes\Terminal\4B1CE69F577705455263BD980C39A82C\MQL5\Experts\Batch_0051\TheClassicTurtleTrader-no-dots-EA\ini
2025-04-27 12:12:00,178 - INFO - Deleted INI directory: C:\Users\nikol\AppData\Roaming\MetaQuotes\Terminal\4B1CE69F577705455263BD980C39A82C\MQL5\Experts\Batch_0051\Thomas-EA-MT5-YoForexPremium\ini
2025-04-27 12:12:00,617 - INFO - Deleted INI directory: C:\Users\nikol\AppData\Roaming\MetaQuotes\Terminal\4B1CE69F577705455263BD980C39A82C\MQL5\Experts\Batch_0051\Three-indicators\ini
2025-04-27 12:12:01,060 - INFO - Deleted INI directory: C:\Users\nikol\AppData\Roaming\MetaQuotes\Terminal\4B1CE69F577705455263BD980C39A82C\MQL5\Experts\Batch_0051\Three-neural-networks\ini
2025-04-27 12:12:01,473 - INFO - Deleted INI directory: C:\Users\nikol\AppData\Roaming\MetaQuotes\Terminal\4B1CE69F577705455263BD980C39A82C\MQL5\Experts\Batch_0051\Three-timeframes\ini
2025-04-27 12:12:01,928 - INFO - Deleted INI directory: C:\Users\nikol\AppData\Roaming\MetaQuotes\Terminal\4B1CE69F577705455263BD980C39A82C\MQL5\Experts\Batch_0051\Three-Typical-Candles\ini
2025-04-27 12:12:02,406 - INFO - Deleted INI directory: C:\Users\nikol\AppData\Roaming\MetaQuotes\Terminal\4B1CE69F577705455263BD980C39A82C\MQL5\Experts\Batch_0051\Time-bomb-mt5-1\ini
2025-04-27 12:12:02,830 - INFO - Deleted INI directory: C:\Users\nikol\AppData\Roaming\MetaQuotes\Terminal\4B1CE69F577705455263BD980C39A82C\MQL5\Experts\Batch_0052\Time-sync-forts\ini
2025-04-27 12:12:13,177 - INFO - Deleted INI directory: C:\Users\nikol\AppData\Roaming\MetaQuotes\Terminal\4B1CE69F577705455263BD980C39A82C\MQL5\Experts\Batch_0052\timer-trade\ini
2025-04-27 12:12:13,631 - INFO - Deleted INI directory: C:\Users\nikol\AppData\Roaming\MetaQuotes\Terminal\4B1CE69F577705455263BD980C39A82C\MQL5\Experts\Batch_0052\Titan-X-21.18-EA-MT5\ini
2025-04-27 12:12:14,067 - INFO - Deleted INI directory: C:\Users\nikol\AppData\Roaming\MetaQuotes\Terminal\4B1CE69F577705455263BD980C39A82C\MQL5\Experts\Batch_0052\TMA-ATR-Channel\ini
2025-04-27 12:12:14,519 - INFO - Deleted INI directory: C:\Users\nikol\AppData\Roaming\MetaQuotes\Terminal\4B1CE69F577705455263BD980C39A82C\MQL5\Experts\Batch_0052\TMA-ATR-EA\ini
2025-04-27 12:12:14,922 - INFO - Deleted INI directory: C:\Users\nikol\AppData\Roaming\MetaQuotes\Terminal\4B1CE69F577705455263BD980C39A82C\MQL5\Experts\Batch_0052\TMA-CG-EA\ini
2025-04-27 12:12:15,367 - INFO - Deleted INI directory: C:\Users\nikol\AppData\Roaming\MetaQuotes\Terminal\4B1CE69F577705455263BD980C39A82C\MQL5\Experts\Batch_0052\TMA-CG-Martingale-20EA\ini
2025-04-27 12:12:15,790 - INFO - Deleted INI directory: C:\Users\nikol\AppData\Roaming\MetaQuotes\Terminal\4B1CE69F577705455263BD980C39A82C\MQL5\Experts\Batch_0052\TMA-CG-mladen\ini
2025-04-27 12:12:16,250 - INFO - Deleted INI directory: C:\Users\nikol\AppData\Roaming\MetaQuotes\Terminal\4B1CE69F577705455263BD980C39A82C\MQL5\Experts\Batch_0052\TmaTrue-2.0-with-Distances-6xx\ini
2025-04-27 12:12:16,673 - INFO - Deleted INI directory: C:\Users\nikol\AppData\Roaming\MetaQuotes\Terminal\4B1CE69F577705455263BD980C39A82C\MQL5\Experts\Batch_0052\TmaTrue-3.0-with-Distances-6xx\ini
2025-04-27 12:12:17,082 - INFO - Deleted INI directory: C:\Users\nikol\AppData\Roaming\MetaQuotes\Terminal\4B1CE69F577705455263BD980C39A82C\MQL5\Experts\Batch_0053\TMA-CG-special\ini
2025-04-27 12:12:17,516 - INFO - Deleted INI directory: C:\Users\nikol\AppData\Roaming\MetaQuotes\Terminal\4B1CE69F577705455263BD980C39A82C\MQL5\Experts\Batch_0053\TMA-slope-bands\ini
2025-04-27 12:12:17,939 - INFO - Deleted INI directory: C:\Users\nikol\AppData\Roaming\MetaQuotes\Terminal\4B1CE69F577705455263BD980C39A82C\MQL5\Experts\Batch_0053\TP-with-money\ini
2025-04-27 12:12:18,386 - INFO - Deleted INI directory: C:\Users\nikol\AppData\Roaming\MetaQuotes\Terminal\4B1CE69F577705455263BD980C39A82C\MQL5\Experts\Batch_0053\Trade-in-Channel\ini
2025-04-27 12:12:18,806 - INFO - Deleted INI directory: C:\Users\nikol\AppData\Roaming\MetaQuotes\Terminal\4B1CE69F577705455263BD980C39A82C\MQL5\Experts\Batch_0053\Trade-on-qualified-RSI\ini
2025-04-27 12:12:19,230 - INFO - Deleted INI directory: C:\Users\nikol\AppData\Roaming\MetaQuotes\Terminal\4B1CE69F577705455263BD980C39A82C\MQL5\Experts\Batch_0053\Trade-Republic-1.75-MT5\ini
2025-04-27 12:12:19,635 - INFO - Deleted INI directory: C:\Users\nikol\AppData\Roaming\MetaQuotes\Terminal\4B1CE69F577705455263BD980C39A82C\MQL5\Experts\Batch_0053\Trading-Breakout-MrThanhTan\ini
2025-04-27 12:12:20,086 - INFO - Deleted INI directory: C:\Users\nikol\AppData\Roaming\MetaQuotes\Terminal\4B1CE69F577705455263BD980C39A82C\MQL5\Experts\Batch_0053\Trend-Trader-Strategy\ini
2025-04-27 12:12:20,494 - INFO - Deleted INI directory: C:\Users\nikol\AppData\Roaming\MetaQuotes\Terminal\4B1CE69F577705455263BD980C39A82C\MQL5\Experts\Batch_0053\Trend-Trader-Strategy-EA\ini
2025-04-27 12:12:20,976 - INFO - Deleted INI directory: C:\Users\nikol\AppData\Roaming\MetaQuotes\Terminal\4B1CE69F577705455263BD980C39A82C\MQL5\Experts\Batch_0053\True-Scalper-Profit-Lock\ini
2025-04-27 12:12:21,416 - INFO - Deleted INI directory: C:\Users\nikol\AppData\Roaming\MetaQuotes\Terminal\4B1CE69F577705455263BD980C39A82C\MQL5\Experts\Batch_0054\Tru-EA\ini
2025-04-27 12:12:21,824 - INFO - Deleted INI directory: C:\Users\nikol\AppData\Roaming\MetaQuotes\Terminal\4B1CE69F577705455263BD980C39A82C\MQL5\Experts\Batch_0054\TrueSort-1100\ini
2025-04-27 12:12:22,253 - INFO - Deleted INI directory: C:\Users\nikol\AppData\Roaming\MetaQuotes\Terminal\4B1CE69F577705455263BD980C39A82C\MQL5\Experts\Batch_0054\Tunnel-gen4\ini
2025-04-27 12:12:22,704 - INFO - Deleted INI directory: C:\Users\nikol\AppData\Roaming\MetaQuotes\Terminal\4B1CE69F577705455263BD980C39A82C\MQL5\Experts\Batch_0054\Tunnel-Method\ini
2025-04-27 12:12:23,159 - INFO - Deleted INI directory: C:\Users\nikol\AppData\Roaming\MetaQuotes\Terminal\4B1CE69F577705455263BD980C39A82C\MQL5\Experts\Batch_0054\Tunnel-Vision-2024-EA-MT5-YoForexPremium\ini
2025-04-27 12:12:23,585 - INFO - Deleted INI directory: C:\Users\nikol\AppData\Roaming\MetaQuotes\Terminal\4B1CE69F577705455263BD980C39A82C\MQL5\Experts\Batch_0054\TurnGrid\ini
2025-04-27 12:12:24,026 - INFO - Deleted INI directory: C:\Users\nikol\AppData\Roaming\MetaQuotes\Terminal\4B1CE69F577705455263BD980C39A82C\MQL5\Experts\Batch_0054\Two-20MA-20RSI-20ADX-20EA\ini
2025-04-27 12:12:24,446 - INFO - Deleted INI directory: C:\Users\nikol\AppData\Roaming\MetaQuotes\Terminal\4B1CE69F577705455263BD980C39A82C\MQL5\Experts\Batch_0054\Two-20Orders-20Panel\ini
2025-04-27 12:12:24,576 - INFO - Deleted INI directory: C:\Users\nikol\AppData\Roaming\MetaQuotes\Terminal\4B1CE69F577705455263BD980C39A82C\MQL5\Experts\Batch_0054\Two-pending-orders-2\ini
2025-04-27 12:12:24,672 - INFO - Deleted INI directory: C:\Users\nikol\AppData\Roaming\MetaQuotes\Terminal\4B1CE69F577705455263BD980C39A82C\MQL5\Experts\Batch_0054\Two-PerBar\ini
2025-04-27 12:12:24,758 - INFO - Deleted INI directory: C:\Users\nikol\AppData\Roaming\MetaQuotes\Terminal\4B1CE69F577705455263BD980C39A82C\MQL5\Experts\Batch_0055\UnityPro\ini
2025-04-27 12:12:24,856 - INFO - Deleted INI directory: C:\Users\nikol\AppData\Roaming\MetaQuotes\Terminal\4B1CE69F577705455263BD980C39A82C\MQL5\Experts\Batch_0055\UniversalMACrossEA\ini
2025-04-27 12:12:24,954 - INFO - Deleted INI directory: C:\Users\nikol\AppData\Roaming\MetaQuotes\Terminal\4B1CE69F577705455263BD980C39A82C\MQL5\Experts\Batch_0055\UniversalSignalDemo\ini
2025-04-27 12:12:25,045 - INFO - Deleted INI directory: C:\Users\nikol\AppData\Roaming\MetaQuotes\Terminal\4B1CE69F577705455263BD980C39A82C\MQL5\Experts\Batch_0055\Universum-3.0\ini
2025-04-27 12:12:25,135 - INFO - Deleted INI directory: C:\Users\nikol\AppData\Roaming\MetaQuotes\Terminal\4B1CE69F577705455263BD980C39A82C\MQL5\Experts\Batch_0055\UnNomGuai-20EA\ini
2025-04-27 12:12:25,226 - INFO - Deleted INI directory: C:\Users\nikol\AppData\Roaming\MetaQuotes\Terminal\4B1CE69F577705455263BD980C39A82C\MQL5\Experts\Batch_0055\up3x1\ini
2025-04-27 12:12:25,316 - INFO - Deleted INI directory: C:\Users\nikol\AppData\Roaming\MetaQuotes\Terminal\4B1CE69F577705455263BD980C39A82C\MQL5\Experts\Batch_0055\up3x1-Investor\ini
2025-04-27 12:12:25,427 - INFO - Deleted INI directory: C:\Users\nikol\AppData\Roaming\MetaQuotes\Terminal\4B1CE69F577705455263BD980C39A82C\MQL5\Experts\Batch_0055\up3x1-premium-M\ini
2025-04-27 12:12:25,523 - INFO - Deleted INI directory: C:\Users\nikol\AppData\Roaming\MetaQuotes\Terminal\4B1CE69F577705455263BD980C39A82C\MQL5\Experts\Batch_0055\Upgraded-EA-CRASH-1000MT5-YoforexPremium\ini
2025-04-27 12:12:25,631 - INFO - Deleted INI directory: C:\Users\nikol\AppData\Roaming\MetaQuotes\Terminal\4B1CE69F577705455263BD980C39A82C\MQL5\Experts\Batch_0055\Urdala-Trol\ini
2025-04-27 12:12:25,720 - INFO - Deleted INI directory: C:\Users\nikol\AppData\Roaming\MetaQuotes\Terminal\4B1CE69F577705455263BD980C39A82C\MQL5\Experts\Batch_0056\Very-Blonde-System\ini
2025-04-27 12:12:25,809 - INFO - Deleted INI directory: C:\Users\nikol\AppData\Roaming\MetaQuotes\Terminal\4B1CE69F577705455263BD980C39A82C\MQL5\Experts\Batch_0056\Virtual-Trailing-Stop\ini
2025-04-27 12:12:25,897 - INFO - Deleted INI directory: C:\Users\nikol\AppData\Roaming\MetaQuotes\Terminal\4B1CE69F577705455263BD980C39A82C\MQL5\Experts\Batch_0056\VLT-TRADER\ini
2025-04-27 12:12:25,987 - INFO - Deleted INI directory: C:\Users\nikol\AppData\Roaming\MetaQuotes\Terminal\4B1CE69F577705455263BD980C39A82C\MQL5\Experts\Batch_0056\Volume-trader\ini
2025-04-27 12:12:26,075 - INFO - Deleted INI directory: C:\Users\nikol\AppData\Roaming\MetaQuotes\Terminal\4B1CE69F577705455263BD980C39A82C\MQL5\Experts\Batch_0056\Vortex-Indicator-System\ini
2025-04-27 12:12:26,167 - INFO - Deleted INI directory: C:\Users\nikol\AppData\Roaming\MetaQuotes\Terminal\4B1CE69F577705455263BD980C39A82C\MQL5\Experts\Batch_0056\VR-Overturn\ini
2025-04-27 12:12:26,263 - INFO - Deleted INI directory: C:\Users\nikol\AppData\Roaming\MetaQuotes\Terminal\4B1CE69F577705455263BD980C39A82C\MQL5\Experts\Batch_0056\VR-ZVER\ini
2025-04-27 12:12:26,361 - INFO - Deleted INI directory: C:\Users\nikol\AppData\Roaming\MetaQuotes\Terminal\4B1CE69F577705455263BD980C39A82C\MQL5\Experts\Batch_0056\VR-ZVER-v.2\ini
2025-04-27 12:12:26,461 - INFO - Deleted INI directory: C:\Users\nikol\AppData\Roaming\MetaQuotes\Terminal\4B1CE69F577705455263BD980C39A82C\MQL5\Experts\Batch_0056\VZO\ini
2025-04-27 12:12:26,558 - INFO - Deleted INI directory: C:\Users\nikol\AppData\Roaming\MetaQuotes\Terminal\4B1CE69F577705455263BD980C39A82C\MQL5\Experts\Batch_0056\Waddah-Attar-Win\ini
2025-04-27 12:12:26,653 - INFO - Deleted INI directory: C:\Users\nikol\AppData\Roaming\MetaQuotes\Terminal\4B1CE69F577705455263BD980C39A82C\MQL5\Experts\Batch_0057\NSK-Swing\ini
2025-04-27 12:12:26,756 - INFO - Deleted INI directory: C:\Users\nikol\AppData\Roaming\MetaQuotes\Terminal\4B1CE69F577705455263BD980C39A82C\MQL5\Experts\Batch_0057\Simple-Trade\ini
2025-04-27 12:12:26,860 - INFO - Deleted INI directory: C:\Users\nikol\AppData\Roaming\MetaQuotes\Terminal\4B1CE69F577705455263BD980C39A82C\MQL5\Experts\Batch_0057\Two-Perbar\ini
2025-04-27 12:12:26,989 - INFO - Deleted INI directory: C:\Users\nikol\AppData\Roaming\MetaQuotes\Terminal\4B1CE69F577705455263BD980C39A82C\MQL5\Experts\Batch_0057\wagonKing1-EA\ini
2025-04-27 12:12:27,096 - INFO - Deleted INI directory: C:\Users\nikol\AppData\Roaming\MetaQuotes\Terminal\4B1CE69F577705455263BD980C39A82C\MQL5\Experts\Batch_0057\WE-TRUST\ini
2025-04-27 12:12:27,199 - INFO - Deleted INI directory: C:\Users\nikol\AppData\Roaming\MetaQuotes\Terminal\4B1CE69F577705455263BD980C39A82C\MQL5\Experts\Batch_0057\X-RSIOMA\ini
2025-04-27 12:12:27,301 - INFO - Deleted INI directory: C:\Users\nikol\AppData\Roaming\MetaQuotes\Terminal\4B1CE69F577705455263BD980C39A82C\MQL5\Experts\Batch_0057\XKPRMST-EA-MT5-YoForexPremium\ini
2025-04-27 12:12:27,407 - INFO - Deleted INI directory: C:\Users\nikol\AppData\Roaming\MetaQuotes\Terminal\4B1CE69F577705455263BD980C39A82C\MQL5\Experts\Batch_0057\XT-EURUSD-EA-MT5-YoForexPremium\ini
2025-04-27 12:12:27,502 - INFO - Deleted INI directory: C:\Users\nikol\AppData\Roaming\MetaQuotes\Terminal\4B1CE69F577705455263BD980C39A82C\MQL5\Experts\Batch_0057\Yesterday-Today\ini
2025-04-27 12:12:27,607 - INFO - Deleted INI directory: C:\Users\nikol\AppData\Roaming\MetaQuotes\Terminal\4B1CE69F577705455263BD980C39A82C\MQL5\Experts\Batch_0057\Yumnaa-Classic-EA-MT5-Setfiles-YoForexPremium\ini
2025-04-27 12:12:27,609 - INFO - Successfully deleted 570 INI directories
