2025-04-27 14:54:04,695 - INFO - Deleted INI directory: C:\Users\nikol\AppData\Roaming\MetaQuotes\Terminal\4B1CE69F577705455263BD980C39A82C\MQL5\Experts\Batch_0001\10-pips\ini
2025-04-27 14:54:05,248 - INFO - Deleted INI directory: C:\Users\nikol\AppData\Roaming\MetaQuotes\Terminal\4B1CE69F577705455263BD980C39A82C\MQL5\Experts\Batch_0001\10-pips-EURUSD\ini
2025-04-27 14:54:05,765 - INFO - Deleted INI directory: C:\Users\nikol\AppData\Roaming\MetaQuotes\Terminal\4B1CE69F577705455263BD980C39A82C\MQL5\Experts\Batch_0001\1H-EUR-USD\ini
2025-04-27 14:54:06,301 - INFO - Deleted INI directory: C:\Users\nikol\AppData\Roaming\MetaQuotes\Terminal\4B1CE69F577705455263BD980C39A82C\MQL5\Experts\Batch_0001\20011201-GBPUSD-M1\ini
2025-04-27 14:54:06,798 - INFO - Deleted INI directory: C:\Users\nikol\AppData\Roaming\MetaQuotes\Terminal\4B1CE69F577705455263BD980C39A82C\MQL5\Experts\Batch_0001\21hour\ini
2025-04-27 14:54:07,295 - INFO - Deleted INI directory: C:\Users\nikol\AppData\Roaming\MetaQuotes\Terminal\4B1CE69F577705455263BD980C39A82C\MQL5\Experts\Batch_0001\2HR-HL\ini
2025-04-27 14:54:07,758 - INFO - Deleted INI directory: C:\Users\nikol\AppData\Roaming\MetaQuotes\Terminal\4B1CE69F577705455263BD980C39A82C\MQL5\Experts\Batch_0001\2MA-4Level\ini
2025-04-27 14:54:08,286 - INFO - Deleted INI directory: C:\Users\nikol\AppData\Roaming\MetaQuotes\Terminal\4B1CE69F577705455263BD980C39A82C\MQL5\Experts\Batch_0001\2MA-Bunny-Cross\ini
2025-04-27 14:54:08,846 - INFO - Deleted INI directory: C:\Users\nikol\AppData\Roaming\MetaQuotes\Terminal\4B1CE69F577705455263BD980C39A82C\MQL5\Experts\Batch_0001\3-bars-high-low-indicator\ini
2025-04-27 14:54:09,440 - INFO - Deleted INI directory: C:\Users\nikol\AppData\Roaming\MetaQuotes\Terminal\4B1CE69F577705455263BD980C39A82C\MQL5\Experts\Batch_0001\35-Pip-Scalper\ini
2025-04-27 14:54:09,956 - INFO - Deleted INI directory: C:\Users\nikol\AppData\Roaming\MetaQuotes\Terminal\4B1CE69F577705455263BD980C39A82C\MQL5\Experts\Batch_0002\3BarsHighLowEA\ini
2025-04-27 14:54:10,432 - INFO - Deleted INI directory: C:\Users\nikol\AppData\Roaming\MetaQuotes\Terminal\4B1CE69F577705455263BD980C39A82C\MQL5\Experts\Batch_0002\3sma\ini
2025-04-27 14:54:10,915 - INFO - Deleted INI directory: C:\Users\nikol\AppData\Roaming\MetaQuotes\Terminal\4B1CE69F577705455263BD980C39A82C\MQL5\Experts\Batch_0002\3sma_\ini
2025-04-27 14:54:11,476 - INFO - Deleted INI directory: C:\Users\nikol\AppData\Roaming\MetaQuotes\Terminal\4B1CE69F577705455263BD980C39A82C\MQL5\Experts\Batch_0002\500\ini
2025-04-27 14:54:11,970 - INFO - Deleted INI directory: C:\Users\nikol\AppData\Roaming\MetaQuotes\Terminal\4B1CE69F577705455263BD980C39A82C\MQL5\Experts\Batch_0002\55-MA\ini
2025-04-27 14:54:12,416 - INFO - Deleted INI directory: C:\Users\nikol\AppData\Roaming\MetaQuotes\Terminal\4B1CE69F577705455263BD980C39A82C\MQL5\Experts\Batch_0002\A\ini
2025-04-27 14:54:12,844 - INFO - Deleted INI directory: C:\Users\nikol\AppData\Roaming\MetaQuotes\Terminal\4B1CE69F577705455263BD980C39A82C\MQL5\Experts\Batch_0002\Above-Below-MA\ini
2025-04-27 14:54:13,276 - INFO - Deleted INI directory: C:\Users\nikol\AppData\Roaming\MetaQuotes\Terminal\4B1CE69F577705455263BD980C39A82C\MQL5\Experts\Batch_0002\Absorption\ini
2025-04-27 14:54:13,735 - INFO - Deleted INI directory: C:\Users\nikol\AppData\Roaming\MetaQuotes\Terminal\4B1CE69F577705455263BD980C39A82C\MQL5\Experts\Batch_0002\AC-ACADEMY-US30\ini
2025-04-27 14:54:14,228 - INFO - Deleted INI directory: C:\Users\nikol\AppData\Roaming\MetaQuotes\Terminal\4B1CE69F577705455263BD980C39A82C\MQL5\Experts\Batch_0002\Accumulator\ini
2025-04-27 14:54:14,725 - INFO - Deleted INI directory: C:\Users\nikol\AppData\Roaming\MetaQuotes\Terminal\4B1CE69F577705455263BD980C39A82C\MQL5\Experts\Batch_0003\ADX-MA\ini
2025-04-27 14:54:15,162 - INFO - Deleted INI directory: C:\Users\nikol\AppData\Roaming\MetaQuotes\Terminal\4B1CE69F577705455263BD980C39A82C\MQL5\Experts\Batch_0003\ADX-MACD-Deev\ini
2025-04-27 14:54:15,613 - INFO - Deleted INI directory: C:\Users\nikol\AppData\Roaming\MetaQuotes\Terminal\4B1CE69F577705455263BD980C39A82C\MQL5\Experts\Batch_0003\ADX-System\ini
2025-04-27 14:54:16,042 - INFO - Deleted INI directory: C:\Users\nikol\AppData\Roaming\MetaQuotes\Terminal\4B1CE69F577705455263BD980C39A82C\MQL5\Experts\Batch_0003\AI-GOLD\ini
2025-04-27 14:54:16,551 - INFO - Deleted INI directory: C:\Users\nikol\AppData\Roaming\MetaQuotes\Terminal\4B1CE69F577705455263BD980C39A82C\MQL5\Experts\Batch_0003\AI-Trader\ini
2025-04-27 14:54:16,973 - INFO - Deleted INI directory: C:\Users\nikol\AppData\Roaming\MetaQuotes\Terminal\4B1CE69F577705455263BD980C39A82C\MQL5\Experts\Batch_0003\AI-TUNE\ini
2025-04-27 14:54:17,434 - INFO - Deleted INI directory: C:\Users\nikol\AppData\Roaming\MetaQuotes\Terminal\4B1CE69F577705455263BD980C39A82C\MQL5\Experts\Batch_0003\AI-Tune-EAMT5-YoforexPremium\ini
2025-04-27 14:54:17,876 - INFO - Deleted INI directory: C:\Users\nikol\AppData\Roaming\MetaQuotes\Terminal\4B1CE69F577705455263BD980C39A82C\MQL5\Experts\Batch_0003\AI-TUNE-FIXED-YFP\ini
2025-04-27 14:54:18,325 - INFO - Deleted INI directory: C:\Users\nikol\AppData\Roaming\MetaQuotes\Terminal\4B1CE69F577705455263BD980C39A82C\MQL5\Experts\Batch_0003\AIS1\ini
2025-04-27 14:54:18,833 - INFO - Deleted INI directory: C:\Users\nikol\AppData\Roaming\MetaQuotes\Terminal\4B1CE69F577705455263BD980C39A82C\MQL5\Experts\Batch_0003\AK-47-Scalper-EA-MT5\ini
2025-04-27 14:54:19,302 - INFO - Deleted INI directory: C:\Users\nikol\AppData\Roaming\MetaQuotes\Terminal\4B1CE69F577705455263BD980C39A82C\MQL5\Experts\Batch_0004\AK-47-Scalper-EA-yoforexPremium-MT5\ini
2025-04-27 14:54:19,779 - INFO - Deleted INI directory: C:\Users\nikol\AppData\Roaming\MetaQuotes\Terminal\4B1CE69F577705455263BD980C39A82C\MQL5\Experts\Batch_0004\AK-47-Scalper-EAMT4-with-sourcecode-YoforexPremium-MT5\ini
2025-04-27 14:54:20,251 - INFO - Deleted INI directory: C:\Users\nikol\AppData\Roaming\MetaQuotes\Terminal\4B1CE69F577705455263BD980C39A82C\MQL5\Experts\Batch_0004\ALCHEMIST-YoforexPremium\ini
2025-04-27 14:54:20,745 - INFO - Deleted INI directory: C:\Users\nikol\AppData\Roaming\MetaQuotes\Terminal\4B1CE69F577705455263BD980C39A82C\MQL5\Experts\Batch_0004\Alexav-D1-Profit-GBPUSD\ini
2025-04-27 14:54:21,171 - INFO - Deleted INI directory: C:\Users\nikol\AppData\Roaming\MetaQuotes\Terminal\4B1CE69F577705455263BD980C39A82C\MQL5\Experts\Batch_0004\All-Average-Ea\ini
2025-04-27 14:54:21,673 - INFO - Deleted INI directory: C:\Users\nikol\AppData\Roaming\MetaQuotes\Terminal\4B1CE69F577705455263BD980C39A82C\MQL5\Experts\Batch_0004\Alligator\ini
2025-04-27 14:54:22,154 - INFO - Deleted INI directory: C:\Users\nikol\AppData\Roaming\MetaQuotes\Terminal\4B1CE69F577705455263BD980C39A82C\MQL5\Experts\Batch_0004\Alligator-Simple\ini
2025-04-27 14:54:22,629 - INFO - Deleted INI directory: C:\Users\nikol\AppData\Roaming\MetaQuotes\Terminal\4B1CE69F577705455263BD980C39A82C\MQL5\Experts\Batch_0004\Alpha-Zero-AI-RobotMT5-YoForexPremium\ini
2025-04-27 14:54:23,196 - INFO - Deleted INI directory: C:\Users\nikol\AppData\Roaming\MetaQuotes\Terminal\4B1CE69F577705455263BD980C39A82C\MQL5\Experts\Batch_0004\Altarius-RSI-Stohastic\ini
2025-04-27 14:54:23,759 - INFO - Deleted INI directory: C:\Users\nikol\AppData\Roaming\MetaQuotes\Terminal\4B1CE69F577705455263BD980C39A82C\MQL5\Experts\Batch_0004\AMA-Trader\ini
2025-04-27 14:54:24,290 - INFO - Deleted INI directory: C:\Users\nikol\AppData\Roaming\MetaQuotes\Terminal\4B1CE69F577705455263BD980C39A82C\MQL5\Experts\Batch_0005\AMA-Trader-2\ini
2025-04-27 14:54:24,814 - INFO - Deleted INI directory: C:\Users\nikol\AppData\Roaming\MetaQuotes\Terminal\4B1CE69F577705455263BD980C39A82C\MQL5\Experts\Batch_0005\AO-Lightning\ini
2025-04-27 14:54:25,291 - INFO - Deleted INI directory: C:\Users\nikol\AppData\Roaming\MetaQuotes\Terminal\4B1CE69F577705455263BD980C39A82C\MQL5\Experts\Batch_0005\AOCCI\ini
2025-04-27 14:54:25,795 - INFO - Deleted INI directory: C:\Users\nikol\AppData\Roaming\MetaQuotes\Terminal\4B1CE69F577705455263BD980C39A82C\MQL5\Experts\Batch_0005\Arbitrage\ini
2025-04-27 14:54:26,314 - INFO - Deleted INI directory: C:\Users\nikol\AppData\Roaming\MetaQuotes\Terminal\4B1CE69F577705455263BD980C39A82C\MQL5\Experts\Batch_0005\ArbSint\ini
2025-04-27 14:54:26,837 - INFO - Deleted INI directory: C:\Users\nikol\AppData\Roaming\MetaQuotes\Terminal\4B1CE69F577705455263BD980C39A82C\MQL5\Experts\Batch_0005\Area-MACD\ini
2025-04-27 14:54:27,334 - INFO - Deleted INI directory: C:\Users\nikol\AppData\Roaming\MetaQuotes\Terminal\4B1CE69F577705455263BD980C39A82C\MQL5\Experts\Batch_0005\Artificial-Intelligence\ini
2025-04-27 14:54:32,250 - INFO - Deleted INI directory: C:\Users\nikol\AppData\Roaming\MetaQuotes\Terminal\4B1CE69F577705455263BD980C39A82C\MQL5\Experts\Batch_0005\At-random\ini
2025-04-27 14:54:38,768 - INFO - Deleted INI directory: C:\Users\nikol\AppData\Roaming\MetaQuotes\Terminal\4B1CE69F577705455263BD980C39A82C\MQL5\Experts\Batch_0005\At-random-Full\ini
2025-04-27 14:54:39,845 - INFO - Deleted INI directory: C:\Users\nikol\AppData\Roaming\MetaQuotes\Terminal\4B1CE69F577705455263BD980C39A82C\MQL5\Experts\Batch_0005\ATR-SCLAPER\ini
2025-04-27 14:54:40,287 - INFO - Deleted INI directory: C:\Users\nikol\AppData\Roaming\MetaQuotes\Terminal\4B1CE69F577705455263BD980C39A82C\MQL5\Experts\Batch_0006\ATR-SCLAPER-EA-MT5-YoforexPremium\ini
2025-04-27 14:54:40,761 - INFO - Deleted INI directory: C:\Users\nikol\AppData\Roaming\MetaQuotes\Terminal\4B1CE69F577705455263BD980C39A82C\MQL5\Experts\Batch_0006\Auto-ADX\ini
2025-04-27 14:54:41,250 - INFO - Deleted INI directory: C:\Users\nikol\AppData\Roaming\MetaQuotes\Terminal\4B1CE69F577705455263BD980C39A82C\MQL5\Experts\Batch_0006\Auto-Pivot-Plotter-28Mid-Levels-29-41\ini
2025-04-27 14:54:41,724 - INFO - Deleted INI directory: C:\Users\nikol\AppData\Roaming\MetaQuotes\Terminal\4B1CE69F577705455263BD980C39A82C\MQL5\Experts\Batch_0006\AutoLock-EA\ini
2025-04-27 14:54:42,162 - INFO - Deleted INI directory: C:\Users\nikol\AppData\Roaming\MetaQuotes\Terminal\4B1CE69F577705455263BD980C39A82C\MQL5\Experts\Batch_0006\Autotrader-Momentum\ini
2025-04-27 14:54:42,579 - INFO - Deleted INI directory: C:\Users\nikol\AppData\Roaming\MetaQuotes\Terminal\4B1CE69F577705455263BD980C39A82C\MQL5\Experts\Batch_0006\Avalanche-AV\ini
2025-04-27 14:54:43,061 - INFO - Deleted INI directory: C:\Users\nikol\AppData\Roaming\MetaQuotes\Terminal\4B1CE69F577705455263BD980C39A82C\MQL5\Experts\Batch_0006\Backbone\ini
2025-04-27 14:54:43,524 - INFO - Deleted INI directory: C:\Users\nikol\AppData\Roaming\MetaQuotes\Terminal\4B1CE69F577705455263BD980C39A82C\MQL5\Experts\Batch_0006\backtrader-master\ini
2025-04-27 14:54:43,980 - INFO - Deleted INI directory: C:\Users\nikol\AppData\Roaming\MetaQuotes\Terminal\4B1CE69F577705455263BD980C39A82C\MQL5\Experts\Batch_0006\BADX\ini
2025-04-27 14:54:44,421 - INFO - Deleted INI directory: C:\Users\nikol\AppData\Roaming\MetaQuotes\Terminal\4B1CE69F577705455263BD980C39A82C\MQL5\Experts\Batch_0006\Bago-EA\ini
2025-04-27 14:54:44,858 - INFO - Deleted INI directory: C:\Users\nikol\AppData\Roaming\MetaQuotes\Terminal\4B1CE69F577705455263BD980C39A82C\MQL5\Experts\Batch_0007\BalancedScalper-20EA\ini
2025-04-27 14:54:45,323 - INFO - Deleted INI directory: C:\Users\nikol\AppData\Roaming\MetaQuotes\Terminal\4B1CE69F577705455263BD980C39A82C\MQL5\Experts\Batch_0007\Bands-2\ini
2025-04-27 14:54:45,748 - INFO - Deleted INI directory: C:\Users\nikol\AppData\Roaming\MetaQuotes\Terminal\4B1CE69F577705455263BD980C39A82C\MQL5\Experts\Batch_0007\BARS-Alligator\ini
2025-04-27 14:54:46,184 - INFO - Deleted INI directory: C:\Users\nikol\AppData\Roaming\MetaQuotes\Terminal\4B1CE69F577705455263BD980C39A82C\MQL5\Experts\Batch_0007\Basic-CCI-RSI\ini
2025-04-27 14:54:46,610 - INFO - Deleted INI directory: C:\Users\nikol\AppData\Roaming\MetaQuotes\Terminal\4B1CE69F577705455263BD980C39A82C\MQL5\Experts\Batch_0007\Basic-Martingale-EA-3\ini
2025-04-27 14:54:47,067 - INFO - Deleted INI directory: C:\Users\nikol\AppData\Roaming\MetaQuotes\Terminal\4B1CE69F577705455263BD980C39A82C\MQL5\Experts\Batch_0007\bb-automated\ini
2025-04-27 14:54:47,491 - INFO - Deleted INI directory: C:\Users\nikol\AppData\Roaming\MetaQuotes\Terminal\4B1CE69F577705455263BD980C39A82C\MQL5\Experts\Batch_0007\BB-stops-MT5\ini
2025-04-27 14:54:47,969 - INFO - Deleted INI directory: C:\Users\nikol\AppData\Roaming\MetaQuotes\Terminal\4B1CE69F577705455263BD980C39A82C\MQL5\Experts\Batch_0007\BBPercentile\ini
2025-04-27 14:54:48,076 - INFO - Deleted INI directory: C:\Users\nikol\AppData\Roaming\MetaQuotes\Terminal\4B1CE69F577705455263BD980C39A82C\MQL5\Experts\Batch_0007\BBPercentile-EA\ini
2025-04-27 14:54:48,205 - INFO - Deleted INI directory: C:\Users\nikol\AppData\Roaming\MetaQuotes\Terminal\4B1CE69F577705455263BD980C39A82C\MQL5\Experts\Batch_0007\BDCrossOver-20EA\ini
2025-04-27 14:54:48,326 - INFO - Deleted INI directory: C:\Users\nikol\AppData\Roaming\MetaQuotes\Terminal\4B1CE69F577705455263BD980C39A82C\MQL5\Experts\Batch_0008\BEAR-row-full-EA\ini
2025-04-27 14:54:48,450 - INFO - Deleted INI directory: C:\Users\nikol\AppData\Roaming\MetaQuotes\Terminal\4B1CE69F577705455263BD980C39A82C\MQL5\Experts\Batch_0008\BIG-DOG\ini
2025-04-27 14:54:48,564 - INFO - Deleted INI directory: C:\Users\nikol\AppData\Roaming\MetaQuotes\Terminal\4B1CE69F577705455263BD980C39A82C\MQL5\Experts\Batch_0008\BIG-RECOVERY-EA-MT5-YoForexPremium\ini
2025-04-27 14:54:48,675 - INFO - Deleted INI directory: C:\Users\nikol\AppData\Roaming\MetaQuotes\Terminal\4B1CE69F577705455263BD980C39A82C\MQL5\Experts\Batch_0008\Bill-Williams\ini
2025-04-27 14:54:48,790 - INFO - Deleted INI directory: C:\Users\nikol\AppData\Roaming\MetaQuotes\Terminal\4B1CE69F577705455263BD980C39A82C\MQL5\Experts\Batch_0008\bollinger\ini
2025-04-27 14:54:48,912 - INFO - Deleted INI directory: C:\Users\nikol\AppData\Roaming\MetaQuotes\Terminal\4B1CE69F577705455263BD980C39A82C\MQL5\Experts\Batch_0008\Bollinger-Band-Two-MA-and-Zig-Zag\ini
2025-04-27 14:54:49,033 - INFO - Deleted INI directory: C:\Users\nikol\AppData\Roaming\MetaQuotes\Terminal\4B1CE69F577705455263BD980C39A82C\MQL5\Experts\Batch_0008\Bollinger-Bands-N-positions\ini
2025-04-27 14:54:49,155 - INFO - Deleted INI directory: C:\Users\nikol\AppData\Roaming\MetaQuotes\Terminal\4B1CE69F577705455263BD980C39A82C\MQL5\Experts\Batch_0008\Bollinger-Bands-RSI\ini
2025-04-27 14:54:49,274 - INFO - Deleted INI directory: C:\Users\nikol\AppData\Roaming\MetaQuotes\Terminal\4B1CE69F577705455263BD980C39A82C\MQL5\Experts\Batch_0008\BORN4PIPS-EA-1-YoForexPremium\ini
2025-04-27 14:54:49,398 - INFO - Deleted INI directory: C:\Users\nikol\AppData\Roaming\MetaQuotes\Terminal\4B1CE69F577705455263BD980C39A82C\MQL5\Experts\Batch_0008\BORN4PIPS-EA-MT5-YoForexPremium\ini
2025-04-27 14:54:49,528 - INFO - Deleted INI directory: C:\Users\nikol\AppData\Roaming\MetaQuotes\Terminal\4B1CE69F577705455263BD980C39A82C\MQL5\Experts\Batch_0009\Brakeout-Trader\ini
2025-04-27 14:54:49,636 - INFO - Deleted INI directory: C:\Users\nikol\AppData\Roaming\MetaQuotes\Terminal\4B1CE69F577705455263BD980C39A82C\MQL5\Experts\Batch_0009\Brandy\ini
2025-04-27 14:54:49,788 - INFO - Deleted INI directory: C:\Users\nikol\AppData\Roaming\MetaQuotes\Terminal\4B1CE69F577705455263BD980C39A82C\MQL5\Experts\Batch_0009\Brazilian-EA-MT5-YoforexPremium\ini
2025-04-27 14:54:49,909 - INFO - Deleted INI directory: C:\Users\nikol\AppData\Roaming\MetaQuotes\Terminal\4B1CE69F577705455263BD980C39A82C\MQL5\Experts\Batch_0009\Breadandbutter2\ini
2025-04-27 14:54:50,023 - INFO - Deleted INI directory: C:\Users\nikol\AppData\Roaming\MetaQuotes\Terminal\4B1CE69F577705455263BD980C39A82C\MQL5\Experts\Batch_0009\breakdown\ini
2025-04-27 14:54:50,144 - INFO - Deleted INI directory: C:\Users\nikol\AppData\Roaming\MetaQuotes\Terminal\4B1CE69F577705455263BD980C39A82C\MQL5\Experts\Batch_0009\Breakdown-catcher\ini
2025-04-27 14:54:50,261 - INFO - Deleted INI directory: C:\Users\nikol\AppData\Roaming\MetaQuotes\Terminal\4B1CE69F577705455263BD980C39A82C\MQL5\Experts\Batch_0009\Breakout-Str\ini
2025-04-27 14:54:50,380 - INFO - Deleted INI directory: C:\Users\nikol\AppData\Roaming\MetaQuotes\Terminal\4B1CE69F577705455263BD980C39A82C\MQL5\Experts\Batch_0009\Bronze-Warrioir\ini
2025-04-27 14:54:50,489 - INFO - Deleted INI directory: C:\Users\nikol\AppData\Roaming\MetaQuotes\Terminal\4B1CE69F577705455263BD980C39A82C\MQL5\Experts\Batch_0009\Bruno\ini
2025-04-27 14:54:50,586 - INFO - Deleted INI directory: C:\Users\nikol\AppData\Roaming\MetaQuotes\Terminal\4B1CE69F577705455263BD980C39A82C\MQL5\Experts\Batch_0009\BSS-1-0\ini
2025-04-27 14:54:50,705 - INFO - Deleted INI directory: C:\Users\nikol\AppData\Roaming\MetaQuotes\Terminal\4B1CE69F577705455263BD980C39A82C\MQL5\Experts\Batch_0010\BTA-Optimal-Trade-Zone-EA-v.1.0-MT5-YoForexPremium\ini
2025-04-27 14:54:50,833 - INFO - Deleted INI directory: C:\Users\nikol\AppData\Roaming\MetaQuotes\Terminal\4B1CE69F577705455263BD980C39A82C\MQL5\Experts\Batch_0010\BTA-Sniper-Entry-v.1.0-EA-MT5-YoForexPremium\ini
2025-04-27 14:54:50,946 - INFO - Deleted INI directory: C:\Users\nikol\AppData\Roaming\MetaQuotes\Terminal\4B1CE69F577705455263BD980C39A82C\MQL5\Experts\Batch_0010\BULL-row-full-EA\ini
2025-04-27 14:54:51,055 - INFO - Deleted INI directory: C:\Users\nikol\AppData\Roaming\MetaQuotes\Terminal\4B1CE69F577705455263BD980C39A82C\MQL5\Experts\Batch_0010\Bullish-and-Bearish-Engulfing\ini
2025-04-27 14:54:51,164 - INFO - Deleted INI directory: C:\Users\nikol\AppData\Roaming\MetaQuotes\Terminal\4B1CE69F577705455263BD980C39A82C\MQL5\Experts\Batch_0010\Burg-Extrapolator\ini
2025-04-27 14:54:51,283 - INFO - Deleted INI directory: C:\Users\nikol\AppData\Roaming\MetaQuotes\Terminal\4B1CE69F577705455263BD980C39A82C\MQL5\Experts\Batch_0010\BykovTrend-EA\ini
2025-04-27 14:54:51,395 - INFO - Deleted INI directory: C:\Users\nikol\AppData\Roaming\MetaQuotes\Terminal\4B1CE69F577705455263BD980C39A82C\MQL5\Experts\Batch_0010\BykovTrend_EA_v3\ini
2025-04-27 14:54:51,518 - INFO - Deleted INI directory: C:\Users\nikol\AppData\Roaming\MetaQuotes\Terminal\4B1CE69F577705455263BD980C39A82C\MQL5\Experts\Batch_0010\Calculate-lotsize-and-Trailling-stop\ini
2025-04-27 14:54:51,627 - INFO - Deleted INI directory: C:\Users\nikol\AppData\Roaming\MetaQuotes\Terminal\4B1CE69F577705455263BD980C39A82C\MQL5\Experts\Batch_0010\Candle\ini
2025-04-27 14:54:51,753 - INFO - Deleted INI directory: C:\Users\nikol\AppData\Roaming\MetaQuotes\Terminal\4B1CE69F577705455263BD980C39A82C\MQL5\Experts\Batch_0010\candlepatternsexample\ini
2025-04-27 14:54:51,870 - INFO - Deleted INI directory: C:\Users\nikol\AppData\Roaming\MetaQuotes\Terminal\4B1CE69F577705455263BD980C39A82C\MQL5\Experts\Batch_0011\Carbophos\ini
2025-04-27 14:54:51,995 - INFO - Deleted INI directory: C:\Users\nikol\AppData\Roaming\MetaQuotes\Terminal\4B1CE69F577705455263BD980C39A82C\MQL5\Experts\Batch_0011\CashMachine-5min\ini
2025-04-27 14:54:52,101 - INFO - Deleted INI directory: C:\Users\nikol\AppData\Roaming\MetaQuotes\Terminal\4B1CE69F577705455263BD980C39A82C\MQL5\Experts\Batch_0011\CCI-MACD-Scalper\ini
2025-04-27 14:54:52,207 - INFO - Deleted INI directory: C:\Users\nikol\AppData\Roaming\MetaQuotes\Terminal\4B1CE69F577705455263BD980C39A82C\MQL5\Experts\Batch_0011\Cidomo\ini
2025-04-27 14:54:52,321 - INFO - Deleted INI directory: C:\Users\nikol\AppData\Roaming\MetaQuotes\Terminal\4B1CE69F577705455263BD980C39A82C\MQL5\Experts\Batch_0011\CloseAgent\ini
2025-04-27 14:54:52,441 - INFO - Deleted INI directory: C:\Users\nikol\AppData\Roaming\MetaQuotes\Terminal\4B1CE69F577705455263BD980C39A82C\MQL5\Experts\Batch_0011\CloseProfit\ini
2025-04-27 14:54:52,556 - INFO - Deleted INI directory: C:\Users\nikol\AppData\Roaming\MetaQuotes\Terminal\4B1CE69F577705455263BD980C39A82C\MQL5\Experts\Batch_0011\CLOUD\ini
2025-04-27 14:54:52,673 - INFO - Deleted INI directory: C:\Users\nikol\AppData\Roaming\MetaQuotes\Terminal\4B1CE69F577705455263BD980C39A82C\MQL5\Experts\Batch_0011\cloud's-trade-2\ini
2025-04-27 14:54:52,790 - INFO - Deleted INI directory: C:\Users\nikol\AppData\Roaming\MetaQuotes\Terminal\4B1CE69F577705455263BD980C39A82C\MQL5\Experts\Batch_0011\Constituents-EA\ini
2025-04-27 14:54:52,954 - INFO - Deleted INI directory: C:\Users\nikol\AppData\Roaming\MetaQuotes\Terminal\4B1CE69F577705455263BD980C39A82C\MQL5\Experts\Batch_0011\Contrarian-trade-MA\ini
2025-04-27 14:54:53,117 - INFO - Deleted INI directory: C:\Users\nikol\AppData\Roaming\MetaQuotes\Terminal\4B1CE69F577705455263BD980C39A82C\MQL5\Experts\Batch_0012\Crossing-Moving-Average\ini
2025-04-27 14:54:53,235 - INFO - Deleted INI directory: C:\Users\nikol\AppData\Roaming\MetaQuotes\Terminal\4B1CE69F577705455263BD980C39A82C\MQL5\Experts\Batch_0012\CrossMA\ini
2025-04-27 14:54:53,358 - INFO - Deleted INI directory: C:\Users\nikol\AppData\Roaming\MetaQuotes\Terminal\4B1CE69F577705455263BD980C39A82C\MQL5\Experts\Batch_0012\Currencyprofits-01.1\ini
2025-04-27 14:54:53,477 - INFO - Deleted INI directory: C:\Users\nikol\AppData\Roaming\MetaQuotes\Terminal\4B1CE69F577705455263BD980C39A82C\MQL5\Experts\Batch_0012\Daily-20reversal-20-20EA\ini
2025-04-27 14:54:53,581 - INFO - Deleted INI directory: C:\Users\nikol\AppData\Roaming\MetaQuotes\Terminal\4B1CE69F577705455263BD980C39A82C\MQL5\Experts\Batch_0012\Daily-BreakPoint\ini
2025-04-27 14:54:53,694 - INFO - Deleted INI directory: C:\Users\nikol\AppData\Roaming\MetaQuotes\Terminal\4B1CE69F577705455263BD980C39A82C\MQL5\Experts\Batch_0012\Daily-Candle-ScalperEA-MT5-YoForexPremium\ini
2025-04-27 14:54:53,817 - INFO - Deleted INI directory: C:\Users\nikol\AppData\Roaming\MetaQuotes\Terminal\4B1CE69F577705455263BD980C39A82C\MQL5\Experts\Batch_0012\Daily-Candle-ScalperEA-MT5-YoForexPremium-1\ini
2025-04-27 14:54:53,944 - INFO - Deleted INI directory: C:\Users\nikol\AppData\Roaming\MetaQuotes\Terminal\4B1CE69F577705455263BD980C39A82C\MQL5\Experts\Batch_0012\Daily-Open-EA\ini
2025-04-27 14:54:54,066 - INFO - Deleted INI directory: C:\Users\nikol\AppData\Roaming\MetaQuotes\Terminal\4B1CE69F577705455263BD980C39A82C\MQL5\Experts\Batch_0012\Daily-range\ini
2025-04-27 14:54:54,185 - INFO - Deleted INI directory: C:\Users\nikol\AppData\Roaming\MetaQuotes\Terminal\4B1CE69F577705455263BD980C39A82C\MQL5\Experts\Batch_0012\Dark-Mimas-MT5\ini
2025-04-27 14:54:54,307 - INFO - Deleted INI directory: C:\Users\nikol\AppData\Roaming\MetaQuotes\Terminal\4B1CE69F577705455263BD980C39A82C\MQL5\Experts\Batch_0013\Day-Trading-PAMXA\ini
2025-04-27 14:54:54,425 - INFO - Deleted INI directory: C:\Users\nikol\AppData\Roaming\MetaQuotes\Terminal\4B1CE69F577705455263BD980C39A82C\MQL5\Experts\Batch_0013\Daydream\ini
2025-04-27 14:54:54,538 - INFO - Deleted INI directory: C:\Users\nikol\AppData\Roaming\MetaQuotes\Terminal\4B1CE69F577705455263BD980C39A82C\MQL5\Experts\Batch_0013\DayTrading\ini
2025-04-27 14:54:54,653 - INFO - Deleted INI directory: C:\Users\nikol\AppData\Roaming\MetaQuotes\Terminal\4B1CE69F577705455263BD980C39A82C\MQL5\Experts\Batch_0013\Dealers-Trade-v-7.74-MACD\ini
2025-04-27 14:54:54,772 - INFO - Deleted INI directory: C:\Users\nikol\AppData\Roaming\MetaQuotes\Terminal\4B1CE69F577705455263BD980C39A82C\MQL5\Experts\Batch_0013\Deep-Drawdown-MA\ini
2025-04-27 14:54:54,902 - INFO - Deleted INI directory: C:\Users\nikol\AppData\Roaming\MetaQuotes\Terminal\4B1CE69F577705455263BD980C39A82C\MQL5\Experts\Batch_0013\DeMarker-gaining-position-volume\ini
2025-04-27 14:54:55,029 - INFO - Deleted INI directory: C:\Users\nikol\AppData\Roaming\MetaQuotes\Terminal\4B1CE69F577705455263BD980C39A82C\MQL5\Experts\Batch_0013\DeMarker-gaining-position-volume-2\ini
2025-04-27 14:54:55,145 - INFO - Deleted INI directory: C:\Users\nikol\AppData\Roaming\MetaQuotes\Terminal\4B1CE69F577705455263BD980C39A82C\MQL5\Experts\Batch_0013\DeMarker-Pending\ini
2025-04-27 14:54:55,274 - INFO - Deleted INI directory: C:\Users\nikol\AppData\Roaming\MetaQuotes\Terminal\4B1CE69F577705455263BD980C39A82C\MQL5\Experts\Batch_0013\DeMarker-Pending-2\ini
2025-04-27 14:54:55,424 - INFO - Deleted INI directory: C:\Users\nikol\AppData\Roaming\MetaQuotes\Terminal\4B1CE69F577705455263BD980C39A82C\MQL5\Experts\Batch_0013\DeMarker-Pending-2-5\ini
2025-04-27 14:54:55,535 - INFO - Deleted INI directory: C:\Users\nikol\AppData\Roaming\MetaQuotes\Terminal\4B1CE69F577705455263BD980C39A82C\MQL5\Experts\Batch_0014\Dematus\ini
2025-04-27 14:54:55,661 - INFO - Deleted INI directory: C:\Users\nikol\AppData\Roaming\MetaQuotes\Terminal\4B1CE69F577705455263BD980C39A82C\MQL5\Experts\Batch_0014\Divergence-20for-20many-20indicator\ini
2025-04-27 14:54:55,794 - INFO - Deleted INI directory: C:\Users\nikol\AppData\Roaming\MetaQuotes\Terminal\4B1CE69F577705455263BD980C39A82C\MQL5\Experts\Batch_0014\Divergence-EA\ini
2025-04-27 14:54:55,930 - INFO - Deleted INI directory: C:\Users\nikol\AppData\Roaming\MetaQuotes\Terminal\4B1CE69F577705455263BD980C39A82C\MQL5\Experts\Batch_0014\Divergence-EA-BB\ini
2025-04-27 14:54:56,061 - INFO - Deleted INI directory: C:\Users\nikol\AppData\Roaming\MetaQuotes\Terminal\4B1CE69F577705455263BD980C39A82C\MQL5\Experts\Batch_0014\Divergence-EA-pip-sl-tp\ini
2025-04-27 14:54:56,191 - INFO - Deleted INI directory: C:\Users\nikol\AppData\Roaming\MetaQuotes\Terminal\4B1CE69F577705455263BD980C39A82C\MQL5\Experts\Batch_0014\Doji-Arrows\ini
2025-04-27 14:54:56,309 - INFO - Deleted INI directory: C:\Users\nikol\AppData\Roaming\MetaQuotes\Terminal\4B1CE69F577705455263BD980C39A82C\MQL5\Experts\Batch_0014\DojiTrader\ini
2025-04-27 14:54:56,425 - INFO - Deleted INI directory: C:\Users\nikol\AppData\Roaming\MetaQuotes\Terminal\4B1CE69F577705455263BD980C39A82C\MQL5\Experts\Batch_0014\Donchian-Chanel-EA\ini
2025-04-27 14:54:56,542 - INFO - Deleted INI directory: C:\Users\nikol\AppData\Roaming\MetaQuotes\Terminal\4B1CE69F577705455263BD980C39A82C\MQL5\Experts\Batch_0014\DoubleHullMA\ini
2025-04-27 14:54:56,661 - INFO - Deleted INI directory: C:\Users\nikol\AppData\Roaming\MetaQuotes\Terminal\4B1CE69F577705455263BD980C39A82C\MQL5\Experts\Batch_0014\DoubleHullMA-EA\ini
2025-04-27 14:54:56,800 - INFO - Deleted INI directory: C:\Users\nikol\AppData\Roaming\MetaQuotes\Terminal\4B1CE69F577705455263BD980C39A82C\MQL5\Experts\Batch_0015\DoubleMA-Crossover-EA\ini
2025-04-27 14:54:56,934 - INFO - Deleted INI directory: C:\Users\nikol\AppData\Roaming\MetaQuotes\Terminal\4B1CE69F577705455263BD980C39A82C\MQL5\Experts\Batch_0015\Doubler\ini
2025-04-27 14:54:57,069 - INFO - Deleted INI directory: C:\Users\nikol\AppData\Roaming\MetaQuotes\Terminal\4B1CE69F577705455263BD980C39A82C\MQL5\Experts\Batch_0015\Driver-EA-MT5\ini
2025-04-27 14:54:57,196 - INFO - Deleted INI directory: C:\Users\nikol\AppData\Roaming\MetaQuotes\Terminal\4B1CE69F577705455263BD980C39A82C\MQL5\Experts\Batch_0015\dummy\ini
2025-04-27 14:54:57,324 - INFO - Deleted INI directory: C:\Users\nikol\AppData\Roaming\MetaQuotes\Terminal\4B1CE69F577705455263BD980C39A82C\MQL5\Experts\Batch_0015\Dynamic-averaging\ini
2025-04-27 14:54:57,439 - INFO - Deleted INI directory: C:\Users\nikol\AppData\Roaming\MetaQuotes\Terminal\4B1CE69F577705455263BD980C39A82C\MQL5\Experts\Batch_0015\E-Friday\ini
2025-04-27 14:54:57,563 - INFO - Deleted INI directory: C:\Users\nikol\AppData\Roaming\MetaQuotes\Terminal\4B1CE69F577705455263BD980C39A82C\MQL5\Experts\Batch_0015\E-Skoch-Open\ini
2025-04-27 14:54:57,678 - INFO - Deleted INI directory: C:\Users\nikol\AppData\Roaming\MetaQuotes\Terminal\4B1CE69F577705455263BD980C39A82C\MQL5\Experts\Batch_0015\e-Skoch-pending-orders\ini
2025-04-27 14:54:57,807 - INFO - Deleted INI directory: C:\Users\nikol\AppData\Roaming\MetaQuotes\Terminal\4B1CE69F577705455263BD980C39A82C\MQL5\Experts\Batch_0015\e-Smart-Trailing\ini
2025-04-27 14:54:57,926 - INFO - Deleted INI directory: C:\Users\nikol\AppData\Roaming\MetaQuotes\Terminal\4B1CE69F577705455263BD980C39A82C\MQL5\Experts\Batch_0015\e-TurboFx\ini
2025-04-27 14:54:58,052 - INFO - Deleted INI directory: C:\Users\nikol\AppData\Roaming\MetaQuotes\Terminal\4B1CE69F577705455263BD980C39A82C\MQL5\Experts\Batch_0016\EA-Close\ini
2025-04-27 14:54:58,178 - INFO - Deleted INI directory: C:\Users\nikol\AppData\Roaming\MetaQuotes\Terminal\4B1CE69F577705455263BD980C39A82C\MQL5\Experts\Batch_0016\EA-Gold-Stuff-MT5-YoForexPremium\ini
2025-04-27 14:54:58,310 - INFO - Deleted INI directory: C:\Users\nikol\AppData\Roaming\MetaQuotes\Terminal\4B1CE69F577705455263BD980C39A82C\MQL5\Experts\Batch_0016\EA-MA-Stoch-RSI\ini
2025-04-27 14:54:58,434 - INFO - Deleted INI directory: C:\Users\nikol\AppData\Roaming\MetaQuotes\Terminal\4B1CE69F577705455263BD980C39A82C\MQL5\Experts\Batch_0016\EA-Moving-Average\ini
2025-04-27 14:54:58,562 - INFO - Deleted INI directory: C:\Users\nikol\AppData\Roaming\MetaQuotes\Terminal\4B1CE69F577705455263BD980C39A82C\MQL5\Experts\Batch_0016\Elevator-Robot-PMT5-YoForexPremium\ini
2025-04-27 14:54:58,705 - INFO - Deleted INI directory: C:\Users\nikol\AppData\Roaming\MetaQuotes\Terminal\4B1CE69F577705455263BD980C39A82C\MQL5\Experts\Batch_0016\Elite-eFibo-Trader\ini
2025-04-27 14:54:58,816 - INFO - Deleted INI directory: C:\Users\nikol\AppData\Roaming\MetaQuotes\Terminal\4B1CE69F577705455263BD980C39A82C\MQL5\Experts\Batch_0016\EMA\ini
2025-04-27 14:54:58,938 - INFO - Deleted INI directory: C:\Users\nikol\AppData\Roaming\MetaQuotes\Terminal\4B1CE69F577705455263BD980C39A82C\MQL5\Experts\Batch_0016\EMA-6.12\ini
2025-04-27 14:54:59,044 - INFO - Deleted INI directory: C:\Users\nikol\AppData\Roaming\MetaQuotes\Terminal\4B1CE69F577705455263BD980C39A82C\MQL5\Experts\Batch_0016\EMA-CROSS\ini
2025-04-27 14:54:59,160 - INFO - Deleted INI directory: C:\Users\nikol\AppData\Roaming\MetaQuotes\Terminal\4B1CE69F577705455263BD980C39A82C\MQL5\Experts\Batch_0016\EMA-LWMA-RSI\ini
2025-04-27 14:54:59,277 - INFO - Deleted INI directory: C:\Users\nikol\AppData\Roaming\MetaQuotes\Terminal\4B1CE69F577705455263BD980C39A82C\MQL5\Experts\Batch_0017\EMA-RSI-EA\ini
2025-04-27 14:54:59,397 - INFO - Deleted INI directory: C:\Users\nikol\AppData\Roaming\MetaQuotes\Terminal\4B1CE69F577705455263BD980C39A82C\MQL5\Experts\Batch_0017\EMA-WMA\ini
2025-04-27 14:54:59,521 - INFO - Deleted INI directory: C:\Users\nikol\AppData\Roaming\MetaQuotes\Terminal\4B1CE69F577705455263BD980C39A82C\MQL5\Experts\Batch_0017\EMA_WMA v2\ini
2025-04-27 14:54:59,679 - INFO - Deleted INI directory: C:\Users\nikol\AppData\Roaming\MetaQuotes\Terminal\4B1CE69F577705455263BD980C39A82C\MQL5\Experts\Batch_0017\Eugene\ini
2025-04-27 14:54:59,796 - INFO - Deleted INI directory: C:\Users\nikol\AppData\Roaming\MetaQuotes\Terminal\4B1CE69F577705455263BD980C39A82C\MQL5\Experts\Batch_0017\eur-usd-m5\ini
2025-04-27 14:54:59,917 - INFO - Deleted INI directory: C:\Users\nikol\AppData\Roaming\MetaQuotes\Terminal\4B1CE69F577705455263BD980C39A82C\MQL5\Experts\Batch_0017\Euronis-Scalper-EA-MT5-With-DLL-YoForexPremium\ini
2025-04-27 14:55:00,044 - INFO - Deleted INI directory: C:\Users\nikol\AppData\Roaming\MetaQuotes\Terminal\4B1CE69F577705455263BD980C39A82C\MQL5\Experts\Batch_0017\EURUSD-breakout\ini
2025-04-27 14:55:00,157 - INFO - Deleted INI directory: C:\Users\nikol\AppData\Roaming\MetaQuotes\Terminal\4B1CE69F577705455263BD980C39A82C\MQL5\Experts\Batch_0017\EURUSDH1\ini
2025-04-27 14:55:00,271 - INFO - Deleted INI directory: C:\Users\nikol\AppData\Roaming\MetaQuotes\Terminal\4B1CE69F577705455263BD980C39A82C\MQL5\Experts\Batch_0017\Executer-AC\ini
2025-04-27 14:55:00,384 - INFO - Deleted INI directory: C:\Users\nikol\AppData\Roaming\MetaQuotes\Terminal\4B1CE69F577705455263BD980C39A82C\MQL5\Experts\Batch_0017\Executor-AO\ini
2025-04-27 14:55:00,488 - INFO - Deleted INI directory: C:\Users\nikol\AppData\Roaming\MetaQuotes\Terminal\4B1CE69F577705455263BD980C39A82C\MQL5\Experts\Batch_0018\e-Breakeven\ini
2025-04-27 14:55:00,595 - INFO - Deleted INI directory: C:\Users\nikol\AppData\Roaming\MetaQuotes\Terminal\4B1CE69F577705455263BD980C39A82C\MQL5\Experts\Batch_0018\Executor-Candles\ini
2025-04-27 14:55:00,699 - INFO - Deleted INI directory: C:\Users\nikol\AppData\Roaming\MetaQuotes\Terminal\4B1CE69F577705455263BD980C39A82C\MQL5\Experts\Batch_0018\exp-Amstell\ini
2025-04-27 14:55:00,812 - INFO - Deleted INI directory: C:\Users\nikol\AppData\Roaming\MetaQuotes\Terminal\4B1CE69F577705455263BD980C39A82C\MQL5\Experts\Batch_0018\Expert-NEWS\ini
2025-04-27 14:55:00,922 - INFO - Deleted INI directory: C:\Users\nikol\AppData\Roaming\MetaQuotes\Terminal\4B1CE69F577705455263BD980C39A82C\MQL5\Experts\Batch_0018\Expert-RSI-Stochastic-MA\ini
2025-04-27 14:55:01,031 - INFO - Deleted INI directory: C:\Users\nikol\AppData\Roaming\MetaQuotes\Terminal\4B1CE69F577705455263BD980C39A82C\MQL5\Experts\Batch_0018\ExtremePrice-EA\ini
2025-04-27 14:55:01,136 - INFO - Deleted INI directory: C:\Users\nikol\AppData\Roaming\MetaQuotes\Terminal\4B1CE69F577705455263BD980C39A82C\MQL5\Experts\Batch_0018\Fi-Trading-Robot-1.0\ini
2025-04-27 14:55:01,257 - INFO - Deleted INI directory: C:\Users\nikol\AppData\Roaming\MetaQuotes\Terminal\4B1CE69F577705455263BD980C39A82C\MQL5\Experts\Batch_0018\Fi-Trading-Robot-YoForexPremium\ini
2025-04-27 14:55:01,379 - INFO - Deleted INI directory: C:\Users\nikol\AppData\Roaming\MetaQuotes\Terminal\4B1CE69F577705455263BD980C39A82C\MQL5\Experts\Batch_0018\FI-TRADING-ROBOTMT5-yoforexprenium\ini
2025-04-27 14:55:01,498 - INFO - Deleted INI directory: C:\Users\nikol\AppData\Roaming\MetaQuotes\Terminal\4B1CE69F577705455263BD980C39A82C\MQL5\Experts\Batch_0018\FiboRetracement-20EA\ini
2025-04-27 14:55:01,613 - INFO - Deleted INI directory: C:\Users\nikol\AppData\Roaming\MetaQuotes\Terminal\4B1CE69F577705455263BD980C39A82C\MQL5\Experts\Batch_0019\Firebird\ini
2025-04-27 14:55:01,733 - INFO - Deleted INI directory: C:\Users\nikol\AppData\Roaming\MetaQuotes\Terminal\4B1CE69F577705455263BD980C39A82C\MQL5\Experts\Batch_0019\Firestorm-EA\ini
2025-04-27 14:55:01,856 - INFO - Deleted INI directory: C:\Users\nikol\AppData\Roaming\MetaQuotes\Terminal\4B1CE69F577705455263BD980C39A82C\MQL5\Experts\Batch_0019\Firestorm-indicator\ini
2025-04-27 14:55:01,975 - INFO - Deleted INI directory: C:\Users\nikol\AppData\Roaming\MetaQuotes\Terminal\4B1CE69F577705455263BD980C39A82C\MQL5\Experts\Batch_0019\Fluctuate\ini
2025-04-27 14:55:02,075 - INFO - Deleted INI directory: C:\Users\nikol\AppData\Roaming\MetaQuotes\Terminal\4B1CE69F577705455263BD980C39A82C\MQL5\Experts\Batch_0019\Forex-Fraus-M1\ini
2025-04-27 14:55:02,181 - INFO - Deleted INI directory: C:\Users\nikol\AppData\Roaming\MetaQuotes\Terminal\4B1CE69F577705455263BD980C39A82C\MQL5\Experts\Batch_0019\Forex-Profit\ini
2025-04-27 14:55:02,286 - INFO - Deleted INI directory: C:\Users\nikol\AppData\Roaming\MetaQuotes\Terminal\4B1CE69F577705455263BD980C39A82C\MQL5\Experts\Batch_0019\Fractals-minimum-distance\ini
2025-04-27 14:55:02,395 - INFO - Deleted INI directory: C:\Users\nikol\AppData\Roaming\MetaQuotes\Terminal\4B1CE69F577705455263BD980C39A82C\MQL5\Experts\Batch_0019\Fraktrak-xonax\ini
2025-04-27 14:55:02,508 - INFO - Deleted INI directory: C:\Users\nikol\AppData\Roaming\MetaQuotes\Terminal\4B1CE69F577705455263BD980C39A82C\MQL5\Experts\Batch_0019\Frank-Ud\ini
2025-04-27 14:55:02,629 - INFO - Deleted INI directory: C:\Users\nikol\AppData\Roaming\MetaQuotes\Terminal\4B1CE69F577705455263BD980C39A82C\MQL5\Experts\Batch_0019\fratal-mt5-EA\ini
2025-04-27 14:55:02,739 - INFO - Deleted INI directory: C:\Users\nikol\AppData\Roaming\MetaQuotes\Terminal\4B1CE69F577705455263BD980C39A82C\MQL5\Experts\Batch_0020\FT-CCI\ini
2025-04-27 14:55:02,856 - INFO - Deleted INI directory: C:\Users\nikol\AppData\Roaming\MetaQuotes\Terminal\4B1CE69F577705455263BD980C39A82C\MQL5\Experts\Batch_0020\FT-Sniper-GOLD-MT5-4\ini
2025-04-27 14:55:02,977 - INFO - Deleted INI directory: C:\Users\nikol\AppData\Roaming\MetaQuotes\Terminal\4B1CE69F577705455263BD980C39A82C\MQL5\Experts\Batch_0020\Fuzzy-logic\ini
2025-04-27 14:55:03,088 - INFO - Deleted INI directory: C:\Users\nikol\AppData\Roaming\MetaQuotes\Terminal\4B1CE69F577705455263BD980C39A82C\MQL5\Experts\Batch_0020\GalacticExplosion\ini
2025-04-27 14:55:03,205 - INFO - Deleted INI directory: C:\Users\nikol\AppData\Roaming\MetaQuotes\Terminal\4B1CE69F577705455263BD980C39A82C\MQL5\Experts\Batch_0020\Galaxy-5-1.0-MT5\ini
2025-04-27 14:55:03,316 - INFO - Deleted INI directory: C:\Users\nikol\AppData\Roaming\MetaQuotes\Terminal\4B1CE69F577705455263BD980C39A82C\MQL5\Experts\Batch_0020\Gandalf-PRO\ini
2025-04-27 14:55:03,426 - INFO - Deleted INI directory: C:\Users\nikol\AppData\Roaming\MetaQuotes\Terminal\4B1CE69F577705455263BD980C39A82C\MQL5\Experts\Batch_0020\Gap-DM\ini
2025-04-27 14:55:03,536 - INFO - Deleted INI directory: C:\Users\nikol\AppData\Roaming\MetaQuotes\Terminal\4B1CE69F577705455263BD980C39A82C\MQL5\Experts\Batch_0020\GAP-EA\ini
2025-04-27 14:55:03,650 - INFO - Deleted INI directory: C:\Users\nikol\AppData\Roaming\MetaQuotes\Terminal\4B1CE69F577705455263BD980C39A82C\MQL5\Experts\Batch_0020\Gaps\ini
2025-04-27 14:55:03,757 - INFO - Deleted INI directory: C:\Users\nikol\AppData\Roaming\MetaQuotes\Terminal\4B1CE69F577705455263BD980C39A82C\MQL5\Experts\Batch_0020\GBP9AM\ini
2025-04-27 14:55:03,872 - INFO - Deleted INI directory: C:\Users\nikol\AppData\Roaming\MetaQuotes\Terminal\4B1CE69F577705455263BD980C39A82C\MQL5\Experts\Batch_0021\GbpChf\ini
2025-04-27 14:55:03,990 - INFO - Deleted INI directory: C:\Users\nikol\AppData\Roaming\MetaQuotes\Terminal\4B1CE69F577705455263BD980C39A82C\MQL5\Experts\Batch_0021\GO\ini
2025-04-27 14:55:04,109 - INFO - Deleted INI directory: C:\Users\nikol\AppData\Roaming\MetaQuotes\Terminal\4B1CE69F577705455263BD980C39A82C\MQL5\Experts\Batch_0021\Godzillar-EABanker-MT5-FX-XRACKED\ini
2025-04-27 14:55:04,229 - INFO - Deleted INI directory: C:\Users\nikol\AppData\Roaming\MetaQuotes\Terminal\4B1CE69F577705455263BD980C39A82C\MQL5\Experts\Batch_0021\Gold-Dust\ini
2025-04-27 14:55:04,420 - INFO - Deleted INI directory: C:\Users\nikol\AppData\Roaming\MetaQuotes\Terminal\4B1CE69F577705455263BD980C39A82C\MQL5\Experts\Batch_0021\GoldHero-FX-Cracked\ini
2025-04-27 14:55:04,538 - INFO - Deleted INI directory: C:\Users\nikol\AppData\Roaming\MetaQuotes\Terminal\4B1CE69F577705455263BD980C39A82C\MQL5\Experts\Batch_0021\GreenTrade\ini
2025-04-27 14:55:04,659 - INFO - Deleted INI directory: C:\Users\nikol\AppData\Roaming\MetaQuotes\Terminal\4B1CE69F577705455263BD980C39A82C\MQL5\Experts\Batch_0021\Grid\ini
2025-04-27 14:55:04,772 - INFO - Deleted INI directory: C:\Users\nikol\AppData\Roaming\MetaQuotes\Terminal\4B1CE69F577705455263BD980C39A82C\MQL5\Experts\Batch_0021\Grid-Martingale\ini
2025-04-27 14:55:04,922 - INFO - Deleted INI directory: C:\Users\nikol\AppData\Roaming\MetaQuotes\Terminal\4B1CE69F577705455263BD980C39A82C\MQL5\Experts\Batch_0021\GridEA\ini
2025-04-27 14:55:05,035 - INFO - Deleted INI directory: C:\Users\nikol\AppData\Roaming\MetaQuotes\Terminal\4B1CE69F577705455263BD980C39A82C\MQL5\Experts\Batch_0021\HarVesteR\ini
2025-04-27 14:55:05,154 - INFO - Deleted INI directory: C:\Users\nikol\AppData\Roaming\MetaQuotes\Terminal\4B1CE69F577705455263BD980C39A82C\MQL5\Experts\Batch_0022\HedgeEA\ini
2025-04-27 14:55:05,268 - INFO - Deleted INI directory: C:\Users\nikol\AppData\Roaming\MetaQuotes\Terminal\4B1CE69F577705455263BD980C39A82C\MQL5\Experts\Batch_0022\hedger\ini
2025-04-27 14:55:05,396 - INFO - Deleted INI directory: C:\Users\nikol\AppData\Roaming\MetaQuotes\Terminal\4B1CE69F577705455263BD980C39A82C\MQL5\Experts\Batch_0022\Hedging-EA\ini
2025-04-27 14:55:05,531 - INFO - Deleted INI directory: C:\Users\nikol\AppData\Roaming\MetaQuotes\Terminal\4B1CE69F577705455263BD980C39A82C\MQL5\Experts\Batch_0022\heiken-ashi-engulf-ea-buy-mt5\ini
2025-04-27 14:55:05,667 - INFO - Deleted INI directory: C:\Users\nikol\AppData\Roaming\MetaQuotes\Terminal\4B1CE69F577705455263BD980C39A82C\MQL5\Experts\Batch_0022\heiken-ashi-engulf-sell-ea-mt5\ini
2025-04-27 14:55:05,790 - INFO - Deleted INI directory: C:\Users\nikol\AppData\Roaming\MetaQuotes\Terminal\4B1CE69F577705455263BD980C39A82C\MQL5\Experts\Batch_0022\heiken-ashi-smoothed\ini
2025-04-27 14:55:05,916 - INFO - Deleted INI directory: C:\Users\nikol\AppData\Roaming\MetaQuotes\Terminal\4B1CE69F577705455263BD980C39A82C\MQL5\Experts\Batch_0022\Heiken-Ashi-Smoothed-EA\ini
2025-04-27 14:55:06,047 - INFO - Deleted INI directory: C:\Users\nikol\AppData\Roaming\MetaQuotes\Terminal\4B1CE69F577705455263BD980C39A82C\MQL5\Experts\Batch_0022\heiken-ashi-smoothedLine\ini
2025-04-27 14:55:06,173 - INFO - Deleted INI directory: C:\Users\nikol\AppData\Roaming\MetaQuotes\Terminal\4B1CE69F577705455263BD980C39A82C\MQL5\Experts\Batch_0022\HeikenAshi-Lines\ini
2025-04-27 14:55:06,323 - INFO - Deleted INI directory: C:\Users\nikol\AppData\Roaming\MetaQuotes\Terminal\4B1CE69F577705455263BD980C39A82C\MQL5\Experts\Batch_0022\HeikenAshi-Lines-EA\ini
2025-04-27 14:55:06,457 - INFO - Deleted INI directory: C:\Users\nikol\AppData\Roaming\MetaQuotes\Terminal\4B1CE69F577705455263BD980C39A82C\MQL5\Experts\Batch_0023\Heiken-Ashi-Smoothed-EA-with-MA\ini
2025-04-27 14:55:06,591 - INFO - Deleted INI directory: C:\Users\nikol\AppData\Roaming\MetaQuotes\Terminal\4B1CE69F577705455263BD980C39A82C\MQL5\Experts\Batch_0023\Heinken-Ashi-Color-Candles\ini
2025-04-27 14:55:06,789 - INFO - Deleted INI directory: C:\Users\nikol\AppData\Roaming\MetaQuotes\Terminal\4B1CE69F577705455263BD980C39A82C\MQL5\Experts\Batch_0023\HelloSmart\ini
2025-04-27 14:55:06,913 - INFO - Deleted INI directory: C:\Users\nikol\AppData\Roaming\MetaQuotes\Terminal\4B1CE69F577705455263BD980C39A82C\MQL5\Experts\Batch_0023\High-Low-EA\ini
2025-04-27 14:55:07,044 - INFO - Deleted INI directory: C:\Users\nikol\AppData\Roaming\MetaQuotes\Terminal\4B1CE69F577705455263BD980C39A82C\MQL5\Experts\Batch_0023\High-Low-Indicator\ini
2025-04-27 14:55:07,214 - INFO - Deleted INI directory: C:\Users\nikol\AppData\Roaming\MetaQuotes\Terminal\4B1CE69F577705455263BD980C39A82C\MQL5\Experts\Batch_0023\Hoop-master-2\ini
2025-04-27 14:55:07,377 - INFO - Deleted INI directory: C:\Users\nikol\AppData\Roaming\MetaQuotes\Terminal\4B1CE69F577705455263BD980C39A82C\MQL5\Experts\Batch_0023\i-impulsesystem\ini
2025-04-27 14:55:07,527 - INFO - Deleted INI directory: C:\Users\nikol\AppData\Roaming\MetaQuotes\Terminal\4B1CE69F577705455263BD980C39A82C\MQL5\Experts\Batch_0023\iCCI-iMA\ini
2025-04-27 14:55:07,674 - INFO - Deleted INI directory: C:\Users\nikol\AppData\Roaming\MetaQuotes\Terminal\4B1CE69F577705455263BD980C39A82C\MQL5\Experts\Batch_0023\ichimok2005\ini
2025-04-27 14:55:07,798 - INFO - Deleted INI directory: C:\Users\nikol\AppData\Roaming\MetaQuotes\Terminal\4B1CE69F577705455263BD980C39A82C\MQL5\Experts\Batch_0023\Ichimoku\ini
2025-04-27 14:55:07,981 - INFO - Deleted INI directory: C:\Users\nikol\AppData\Roaming\MetaQuotes\Terminal\4B1CE69F577705455263BD980C39A82C\MQL5\Experts\Batch_0024\ICH-With-Alert-Derekers\ini
2025-04-27 14:55:08,139 - INFO - Deleted INI directory: C:\Users\nikol\AppData\Roaming\MetaQuotes\Terminal\4B1CE69F577705455263BD980C39A82C\MQL5\Experts\Batch_0024\ICH-With-Alert-Derekers-EA\ini
2025-04-27 14:55:08,275 - INFO - Deleted INI directory: C:\Users\nikol\AppData\Roaming\MetaQuotes\Terminal\4B1CE69F577705455263BD980C39A82C\MQL5\Experts\Batch_0024\Ichimoku-20Kijun-20Alert\ini
2025-04-27 14:55:08,447 - INFO - Deleted INI directory: C:\Users\nikol\AppData\Roaming\MetaQuotes\Terminal\4B1CE69F577705455263BD980C39A82C\MQL5\Experts\Batch_0024\Ichimoku-20Tenkan-20Alert\ini
2025-04-27 14:55:08,594 - INFO - Deleted INI directory: C:\Users\nikol\AppData\Roaming\MetaQuotes\Terminal\4B1CE69F577705455263BD980C39A82C\MQL5\Experts\Batch_0024\Ichimoku-Dashboard-MT5\ini
2025-04-27 14:55:08,735 - INFO - Deleted INI directory: C:\Users\nikol\AppData\Roaming\MetaQuotes\Terminal\4B1CE69F577705455263BD980C39A82C\MQL5\Experts\Batch_0024\Ichimoku-Scanner\ini
2025-04-27 14:55:08,883 - INFO - Deleted INI directory: C:\Users\nikol\AppData\Roaming\MetaQuotes\Terminal\4B1CE69F577705455263BD980C39A82C\MQL5\Experts\Batch_0024\Ichimoku-Scanner-MT5\ini
2025-04-27 14:55:09,010 - INFO - Deleted INI directory: C:\Users\nikol\AppData\Roaming\MetaQuotes\Terminal\4B1CE69F577705455263BD980C39A82C\MQL5\Experts\Batch_0024\Ichimoku-Signals-and-Alert\ini
2025-04-27 14:55:09,132 - INFO - Deleted INI directory: C:\Users\nikol\AppData\Roaming\MetaQuotes\Terminal\4B1CE69F577705455263BD980C39A82C\MQL5\Experts\Batch_0024\IchimokuMTF-EA\ini
2025-04-27 14:55:09,271 - INFO - Deleted INI directory: C:\Users\nikol\AppData\Roaming\MetaQuotes\Terminal\4B1CE69F577705455263BD980C39A82C\MQL5\Experts\Batch_0024\Ilan-iMA\ini
2025-04-27 14:55:09,399 - INFO - Deleted INI directory: C:\Users\nikol\AppData\Roaming\MetaQuotes\Terminal\4B1CE69F577705455263BD980C39A82C\MQL5\Experts\Batch_0025\Ilan1.4\ini
2025-04-27 14:55:09,537 - INFO - Deleted INI directory: C:\Users\nikol\AppData\Roaming\MetaQuotes\Terminal\4B1CE69F577705455263BD980C39A82C\MQL5\Experts\Batch_0025\iMA-iStdDev\ini
2025-04-27 14:55:09,648 - INFO - Deleted INI directory: C:\Users\nikol\AppData\Roaming\MetaQuotes\Terminal\4B1CE69F577705455263BD980C39A82C\MQL5\Experts\Batch_0025\Indices-Tester\ini
2025-04-27 14:55:09,767 - INFO - Deleted INI directory: C:\Users\nikol\AppData\Roaming\MetaQuotes\Terminal\4B1CE69F577705455263BD980C39A82C\MQL5\Experts\Batch_0025\Inka-20Edho-20EA\ini
2025-04-27 14:55:09,918 - INFO - Deleted INI directory: C:\Users\nikol\AppData\Roaming\MetaQuotes\Terminal\4B1CE69F577705455263BD980C39A82C\MQL5\Experts\Batch_0025\Intersection-2-iMA\ini
2025-04-27 14:55:10,050 - INFO - Deleted INI directory: C:\Users\nikol\AppData\Roaming\MetaQuotes\Terminal\4B1CE69F577705455263BD980C39A82C\MQL5\Experts\Batch_0025\IStochastic-Trading\ini
2025-04-27 14:55:10,190 - INFO - Deleted INI directory: C:\Users\nikol\AppData\Roaming\MetaQuotes\Terminal\4B1CE69F577705455263BD980C39A82C\MQL5\Experts\Batch_0025\Ivan\ini
2025-04-27 14:55:10,332 - INFO - Deleted INI directory: C:\Users\nikol\AppData\Roaming\MetaQuotes\Terminal\4B1CE69F577705455263BD980C39A82C\MQL5\Experts\Batch_0025\iVIDyA-Simple\ini
2025-04-27 14:55:10,454 - INFO - Deleted INI directory: C:\Users\nikol\AppData\Roaming\MetaQuotes\Terminal\4B1CE69F577705455263BD980C39A82C\MQL5\Experts\Batch_0025\Jackpot-Strategy-EA\ini
2025-04-27 14:55:10,588 - INFO - Deleted INI directory: C:\Users\nikol\AppData\Roaming\MetaQuotes\Terminal\4B1CE69F577705455263BD980C39A82C\MQL5\Experts\Batch_0025\JackPot-Strategy-Elite\ini
2025-04-27 14:55:10,724 - INFO - Deleted INI directory: C:\Users\nikol\AppData\Roaming\MetaQuotes\Terminal\4B1CE69F577705455263BD980C39A82C\MQL5\Experts\Batch_0026\JK-BullP-AutoTrader\ini
2025-04-27 14:55:10,837 - INFO - Deleted INI directory: C:\Users\nikol\AppData\Roaming\MetaQuotes\Terminal\4B1CE69F577705455263BD980C39A82C\MQL5\Experts\Batch_0026\JS-Chaos\ini
2025-04-27 14:55:10,962 - INFO - Deleted INI directory: C:\Users\nikol\AppData\Roaming\MetaQuotes\Terminal\4B1CE69F577705455263BD980C39A82C\MQL5\Experts\Batch_0026\JS-MA-Day\ini
2025-04-27 14:55:11,081 - INFO - Deleted INI directory: C:\Users\nikol\AppData\Roaming\MetaQuotes\Terminal\4B1CE69F577705455263BD980C39A82C\MQL5\Experts\Batch_0026\JS-MA-SAR-Trades\ini
2025-04-27 14:55:11,214 - INFO - Deleted INI directory: C:\Users\nikol\AppData\Roaming\MetaQuotes\Terminal\4B1CE69F577705455263BD980C39A82C\MQL5\Experts\Batch_0026\JS-MA-SAR-Trades-EA-MT5-YoforexPremium\ini
2025-04-27 14:55:11,349 - INFO - Deleted INI directory: C:\Users\nikol\AppData\Roaming\MetaQuotes\Terminal\4B1CE69F577705455263BD980C39A82C\MQL5\Experts\Batch_0026\JS-MA-SAR-Trades-Yoforexpremium\ini
2025-04-27 14:55:11,476 - INFO - Deleted INI directory: C:\Users\nikol\AppData\Roaming\MetaQuotes\Terminal\4B1CE69F577705455263BD980C39A82C\MQL5\Experts\Batch_0026\Juggernaut\ini
2025-04-27 14:55:11,596 - INFO - Deleted INI directory: C:\Users\nikol\AppData\Roaming\MetaQuotes\Terminal\4B1CE69F577705455263BD980C39A82C\MQL5\Experts\Batch_0026\KA-Gold-Bot\ini
2025-04-27 14:55:11,728 - INFO - Deleted INI directory: C:\Users\nikol\AppData\Roaming\MetaQuotes\Terminal\4B1CE69F577705455263BD980C39A82C\MQL5\Experts\Batch_0026\KueFx-20Arrows\ini
2025-04-27 14:55:11,852 - INFO - Deleted INI directory: C:\Users\nikol\AppData\Roaming\MetaQuotes\Terminal\4B1CE69F577705455263BD980C39A82C\MQL5\Experts\Batch_0026\KueFx-20Baseline\ini
2025-04-27 14:55:11,981 - INFO - Deleted INI directory: C:\Users\nikol\AppData\Roaming\MetaQuotes\Terminal\4B1CE69F577705455263BD980C39A82C\MQL5\Experts\Batch_0027\KueFx-Arrows\ini
2025-04-27 14:55:12,109 - INFO - Deleted INI directory: C:\Users\nikol\AppData\Roaming\MetaQuotes\Terminal\4B1CE69F577705455263BD980C39A82C\MQL5\Experts\Batch_0027\KueFx-Arrows-20EA\ini
2025-04-27 14:55:12,211 - INFO - Deleted INI directory: C:\Users\nikol\AppData\Roaming\MetaQuotes\Terminal\4B1CE69F577705455263BD980C39A82C\MQL5\Experts\Batch_0027\KueFx-Arrows-EA\ini
2025-04-27 14:55:12,321 - INFO - Deleted INI directory: C:\Users\nikol\AppData\Roaming\MetaQuotes\Terminal\4B1CE69F577705455263BD980C39A82C\MQL5\Experts\Batch_0027\KueFx-Baseline\ini
2025-04-27 14:55:12,440 - INFO - Deleted INI directory: C:\Users\nikol\AppData\Roaming\MetaQuotes\Terminal\4B1CE69F577705455263BD980C39A82C\MQL5\Experts\Batch_0027\KueFx-Baseline-EA\ini
2025-04-27 14:55:12,568 - INFO - Deleted INI directory: C:\Users\nikol\AppData\Roaming\MetaQuotes\Terminal\4B1CE69F577705455263BD980C39A82C\MQL5\Experts\Batch_0027\KueFx-Clean-2025-EA\ini
2025-04-27 14:55:12,677 - INFO - Deleted INI directory: C:\Users\nikol\AppData\Roaming\MetaQuotes\Terminal\4B1CE69F577705455263BD980C39A82C\MQL5\Experts\Batch_0027\KueFxTrend-20EA\ini
2025-04-27 14:55:12,786 - INFO - Deleted INI directory: C:\Users\nikol\AppData\Roaming\MetaQuotes\Terminal\4B1CE69F577705455263BD980C39A82C\MQL5\Experts\Batch_0027\KueFxTrend-EA\ini
2025-04-27 14:55:12,904 - INFO - Deleted INI directory: C:\Users\nikol\AppData\Roaming\MetaQuotes\Terminal\4B1CE69F577705455263BD980C39A82C\MQL5\Experts\Batch_0027\KueFx_Arrows_EA_v1.10\ini
2025-04-27 14:55:13,016 - INFO - Deleted INI directory: C:\Users\nikol\AppData\Roaming\MetaQuotes\Terminal\4B1CE69F577705455263BD980C39A82C\MQL5\Experts\Batch_0027\KueFx_Baseline_EA_v1.10\ini
2025-04-27 14:55:13,134 - INFO - Deleted INI directory: C:\Users\nikol\AppData\Roaming\MetaQuotes\Terminal\4B1CE69F577705455263BD980C39A82C\MQL5\Experts\Batch_0028\Kue-Electric-EA\ini
2025-04-27 14:55:13,239 - INFO - Deleted INI directory: C:\Users\nikol\AppData\Roaming\MetaQuotes\Terminal\4B1CE69F577705455263BD980C39A82C\MQL5\Experts\Batch_0028\KueFx-Extreme-EA\ini
2025-04-27 14:55:13,347 - INFO - Deleted INI directory: C:\Users\nikol\AppData\Roaming\MetaQuotes\Terminal\4B1CE69F577705455263BD980C39A82C\MQL5\Experts\Batch_0028\KueFx-Harare-EA\ini
2025-04-27 14:55:13,463 - INFO - Deleted INI directory: C:\Users\nikol\AppData\Roaming\MetaQuotes\Terminal\4B1CE69F577705455263BD980C39A82C\MQL5\Experts\Batch_0028\KueFX-Money-Management\ini
2025-04-27 14:55:13,582 - INFO - Deleted INI directory: C:\Users\nikol\AppData\Roaming\MetaQuotes\Terminal\4B1CE69F577705455263BD980C39A82C\MQL5\Experts\Batch_0028\KueFx-Motor\ini
2025-04-27 14:55:13,704 - INFO - Deleted INI directory: C:\Users\nikol\AppData\Roaming\MetaQuotes\Terminal\4B1CE69F577705455263BD980C39A82C\MQL5\Experts\Batch_0028\KueFx-Motor-EA\ini
2025-04-27 14:55:13,823 - INFO - Deleted INI directory: C:\Users\nikol\AppData\Roaming\MetaQuotes\Terminal\4B1CE69F577705455263BD980C39A82C\MQL5\Experts\Batch_0028\KueFx-Trend\ini
2025-04-27 14:55:13,946 - INFO - Deleted INI directory: C:\Users\nikol\AppData\Roaming\MetaQuotes\Terminal\4B1CE69F577705455263BD980C39A82C\MQL5\Experts\Batch_0028\LarryConnersRSI2\ini
2025-04-27 14:55:14,061 - INFO - Deleted INI directory: C:\Users\nikol\AppData\Roaming\MetaQuotes\Terminal\4B1CE69F577705455263BD980C39A82C\MQL5\Experts\Batch_0028\Last-ZZ50\ini
2025-04-27 14:55:14,183 - INFO - Deleted INI directory: C:\Users\nikol\AppData\Roaming\MetaQuotes\Terminal\4B1CE69F577705455263BD980C39A82C\MQL5\Experts\Batch_0028\Lavika100\ini
2025-04-27 14:55:14,301 - INFO - Deleted INI directory: C:\Users\nikol\AppData\Roaming\MetaQuotes\Terminal\4B1CE69F577705455263BD980C39A82C\MQL5\Experts\Batch_0029\LazyBot-MT5\ini
2025-04-27 14:55:14,416 - INFO - Deleted INI directory: C:\Users\nikol\AppData\Roaming\MetaQuotes\Terminal\4B1CE69F577705455263BD980C39A82C\MQL5\Experts\Batch_0029\LBS\ini
2025-04-27 14:55:14,529 - INFO - Deleted INI directory: C:\Users\nikol\AppData\Roaming\MetaQuotes\Terminal\4B1CE69F577705455263BD980C39A82C\MQL5\Experts\Batch_0029\Lego-EA\ini
2025-04-27 14:55:14,638 - INFO - Deleted INI directory: C:\Users\nikol\AppData\Roaming\MetaQuotes\Terminal\4B1CE69F577705455263BD980C39A82C\MQL5\Experts\Batch_0029\Lesson-3-Price-Action\ini
2025-04-27 14:55:14,752 - INFO - Deleted INI directory: C:\Users\nikol\AppData\Roaming\MetaQuotes\Terminal\4B1CE69F577705455263BD980C39A82C\MQL5\Experts\Batch_0029\Lesson-4-Price-Action-MA-Filter\ini
2025-04-27 14:55:14,853 - INFO - Deleted INI directory: C:\Users\nikol\AppData\Roaming\MetaQuotes\Terminal\4B1CE69F577705455263BD980C39A82C\MQL5\Experts\Batch_0029\Lesson-6-Trailling-ATR\ini
2025-04-27 14:55:14,977 - INFO - Deleted INI directory: C:\Users\nikol\AppData\Roaming\MetaQuotes\Terminal\4B1CE69F577705455263BD980C39A82C\MQL5\Experts\Batch_0029\Lesson-7-Price-action-Ket-hop-Volume-VSA\ini
2025-04-27 14:55:15,101 - INFO - Deleted INI directory: C:\Users\nikol\AppData\Roaming\MetaQuotes\Terminal\4B1CE69F577705455263BD980C39A82C\MQL5\Experts\Batch_0029\Little-EA\ini
2025-04-27 14:55:15,228 - INFO - Deleted INI directory: C:\Users\nikol\AppData\Roaming\MetaQuotes\Terminal\4B1CE69F577705455263BD980C39A82C\MQL5\Experts\Batch_0029\Lock\ini
2025-04-27 14:55:15,394 - INFO - Deleted INI directory: C:\Users\nikol\AppData\Roaming\MetaQuotes\Terminal\4B1CE69F577705455263BD980C39A82C\MQL5\Experts\Batch_0029\Locker\ini
2025-04-27 14:55:15,578 - INFO - Deleted INI directory: C:\Users\nikol\AppData\Roaming\MetaQuotes\Terminal\4B1CE69F577705455263BD980C39A82C\MQL5\Experts\Batch_0030\Lucky\ini
2025-04-27 14:55:15,699 - INFO - Deleted INI directory: C:\Users\nikol\AppData\Roaming\MetaQuotes\Terminal\4B1CE69F577705455263BD980C39A82C\MQL5\Experts\Batch_0030\M.A-break-mt5-buy\ini
2025-04-27 14:55:15,810 - INFO - Deleted INI directory: C:\Users\nikol\AppData\Roaming\MetaQuotes\Terminal\4B1CE69F577705455263BD980C39A82C\MQL5\Experts\Batch_0030\M.A-break-mt5-sell\ini
2025-04-27 14:55:15,936 - INFO - Deleted INI directory: C:\Users\nikol\AppData\Roaming\MetaQuotes\Terminal\4B1CE69F577705455263BD980C39A82C\MQL5\Experts\Batch_0030\MA MACD Position averaging v2\ini
2025-04-27 14:55:16,048 - INFO - Deleted INI directory: C:\Users\nikol\AppData\Roaming\MetaQuotes\Terminal\4B1CE69F577705455263BD980C39A82C\MQL5\Experts\Batch_0030\MA-20Alert\ini
2025-04-27 14:55:16,176 - INFO - Deleted INI directory: C:\Users\nikol\AppData\Roaming\MetaQuotes\Terminal\4B1CE69F577705455263BD980C39A82C\MQL5\Experts\Batch_0030\MA-20AO-20Arrow\ini
2025-04-27 14:55:16,301 - INFO - Deleted INI directory: C:\Users\nikol\AppData\Roaming\MetaQuotes\Terminal\4B1CE69F577705455263BD980C39A82C\MQL5\Experts\Batch_0030\MA-Cross\ini
2025-04-27 14:55:16,420 - INFO - Deleted INI directory: C:\Users\nikol\AppData\Roaming\MetaQuotes\Terminal\4B1CE69F577705455263BD980C39A82C\MQL5\Experts\Batch_0030\MA-Envelopes\ini
2025-04-27 14:55:16,538 - INFO - Deleted INI directory: C:\Users\nikol\AppData\Roaming\MetaQuotes\Terminal\4B1CE69F577705455263BD980C39A82C\MQL5\Experts\Batch_0030\MA-MACD-Position-averaging\ini
2025-04-27 14:55:16,644 - INFO - Deleted INI directory: C:\Users\nikol\AppData\Roaming\MetaQuotes\Terminal\4B1CE69F577705455263BD980C39A82C\MQL5\Experts\Batch_0030\MA-Trend\ini
2025-04-27 14:55:16,747 - INFO - Deleted INI directory: C:\Users\nikol\AppData\Roaming\MetaQuotes\Terminal\4B1CE69F577705455263BD980C39A82C\MQL5\Experts\Batch_0031\MA2CCI\ini
2025-04-27 14:55:16,867 - INFO - Deleted INI directory: C:\Users\nikol\AppData\Roaming\MetaQuotes\Terminal\4B1CE69F577705455263BD980C39A82C\MQL5\Experts\Batch_0031\MACD\ini
2025-04-27 14:55:16,985 - INFO - Deleted INI directory: C:\Users\nikol\AppData\Roaming\MetaQuotes\Terminal\4B1CE69F577705455263BD980C39A82C\MQL5\Experts\Batch_0031\MACD-and-SAR\ini
2025-04-27 14:55:17,088 - INFO - Deleted INI directory: C:\Users\nikol\AppData\Roaming\MetaQuotes\Terminal\4B1CE69F577705455263BD980C39A82C\MQL5\Experts\Batch_0031\MACD-Cleaner\ini
2025-04-27 14:55:17,209 - INFO - Deleted INI directory: C:\Users\nikol\AppData\Roaming\MetaQuotes\Terminal\4B1CE69F577705455263BD980C39A82C\MQL5\Experts\Batch_0031\Macd-diver-and-rsi-mt5\ini
2025-04-27 14:55:17,332 - INFO - Deleted INI directory: C:\Users\nikol\AppData\Roaming\MetaQuotes\Terminal\4B1CE69F577705455263BD980C39A82C\MQL5\Experts\Batch_0031\MACD-No-Sample\ini
2025-04-27 14:55:17,443 - INFO - Deleted INI directory: C:\Users\nikol\AppData\Roaming\MetaQuotes\Terminal\4B1CE69F577705455263BD980C39A82C\MQL5\Experts\Batch_0031\MACD-signal\ini
2025-04-27 14:55:17,557 - INFO - Deleted INI directory: C:\Users\nikol\AppData\Roaming\MetaQuotes\Terminal\4B1CE69F577705455263BD980C39A82C\MQL5\Experts\Batch_0031\MACD-Stochastic\ini
2025-04-27 14:55:17,677 - INFO - Deleted INI directory: C:\Users\nikol\AppData\Roaming\MetaQuotes\Terminal\4B1CE69F577705455263BD980C39A82C\MQL5\Experts\Batch_0031\MACD-Stochastic-2\ini
2025-04-27 14:55:17,790 - INFO - Deleted INI directory: C:\Users\nikol\AppData\Roaming\MetaQuotes\Terminal\4B1CE69F577705455263BD980C39A82C\MQL5\Experts\Batch_0031\MACD-wonder\ini
2025-04-27 14:55:17,908 - INFO - Deleted INI directory: C:\Users\nikol\AppData\Roaming\MetaQuotes\Terminal\4B1CE69F577705455263BD980C39A82C\MQL5\Experts\Batch_0032\MACD-EA-H4\ini
2025-04-27 14:55:18,039 - INFO - Deleted INI directory: C:\Users\nikol\AppData\Roaming\MetaQuotes\Terminal\4B1CE69F577705455263BD980C39A82C\MQL5\Experts\Batch_0032\MACD-wonder-YoforexPremium\ini
2025-04-27 14:55:18,170 - INFO - Deleted INI directory: C:\Users\nikol\AppData\Roaming\MetaQuotes\Terminal\4B1CE69F577705455263BD980C39A82C\MQL5\Experts\Batch_0032\MACDCCI\ini
2025-04-27 14:55:18,290 - INFO - Deleted INI directory: C:\Users\nikol\AppData\Roaming\MetaQuotes\Terminal\4B1CE69F577705455263BD980C39A82C\MQL5\Experts\Batch_0032\MacdPatternTraderAll\ini
2025-04-27 14:55:18,416 - INFO - Deleted INI directory: C:\Users\nikol\AppData\Roaming\MetaQuotes\Terminal\4B1CE69F577705455263BD980C39A82C\MQL5\Experts\Batch_0032\MacdPatternTraderAll0.01\ini
2025-04-27 14:55:18,534 - INFO - Deleted INI directory: C:\Users\nikol\AppData\Roaming\MetaQuotes\Terminal\4B1CE69F577705455263BD980C39A82C\MQL5\Experts\Batch_0032\MagneticBrake\ini
2025-04-27 14:55:18,652 - INFO - Deleted INI directory: C:\Users\nikol\AppData\Roaming\MetaQuotes\Terminal\4B1CE69F577705455263BD980C39A82C\MQL5\Experts\Batch_0032\MagneticStopExpert\ini
2025-04-27 14:55:18,773 - INFO - Deleted INI directory: C:\Users\nikol\AppData\Roaming\MetaQuotes\Terminal\4B1CE69F577705455263BD980C39A82C\MQL5\Experts\Batch_0032\MAGrid\ini
2025-04-27 14:55:18,897 - INFO - Deleted INI directory: C:\Users\nikol\AppData\Roaming\MetaQuotes\Terminal\4B1CE69F577705455263BD980C39A82C\MQL5\Experts\Batch_0032\MAMACD\ini
2025-04-27 14:55:19,024 - INFO - Deleted INI directory: C:\Users\nikol\AppData\Roaming\MetaQuotes\Terminal\4B1CE69F577705455263BD980C39A82C\MQL5\Experts\Batch_0032\Mariner-MT5\ini
2025-04-27 14:55:19,143 - INFO - Deleted INI directory: C:\Users\nikol\AppData\Roaming\MetaQuotes\Terminal\4B1CE69F577705455263BD980C39A82C\MQL5\Experts\Batch_0033\MA-AO-EA\ini
2025-04-27 14:55:19,255 - INFO - Deleted INI directory: C:\Users\nikol\AppData\Roaming\MetaQuotes\Terminal\4B1CE69F577705455263BD980C39A82C\MQL5\Experts\Batch_0033\Market-Capture\ini
2025-04-27 14:55:19,367 - INFO - Deleted INI directory: C:\Users\nikol\AppData\Roaming\MetaQuotes\Terminal\4B1CE69F577705455263BD980C39A82C\MQL5\Experts\Batch_0033\Martin\ini
2025-04-27 14:55:19,497 - INFO - Deleted INI directory: C:\Users\nikol\AppData\Roaming\MetaQuotes\Terminal\4B1CE69F577705455263BD980C39A82C\MQL5\Experts\Batch_0033\Martin-1\ini
2025-04-27 14:55:19,614 - INFO - Deleted INI directory: C:\Users\nikol\AppData\Roaming\MetaQuotes\Terminal\4B1CE69F577705455263BD980C39A82C\MQL5\Experts\Batch_0033\Martin-for-small-deposits\ini
2025-04-27 14:55:19,730 - INFO - Deleted INI directory: C:\Users\nikol\AppData\Roaming\MetaQuotes\Terminal\4B1CE69F577705455263BD980C39A82C\MQL5\Experts\Batch_0033\MartingailExpert\ini
2025-04-27 14:55:19,847 - INFO - Deleted INI directory: C:\Users\nikol\AppData\Roaming\MetaQuotes\Terminal\4B1CE69F577705455263BD980C39A82C\MQL5\Experts\Batch_0033\MartinGaleBreakout\ini
2025-04-27 14:55:19,967 - INFO - Deleted INI directory: C:\Users\nikol\AppData\Roaming\MetaQuotes\Terminal\4B1CE69F577705455263BD980C39A82C\MQL5\Experts\Batch_0033\Marubozu\ini
2025-04-27 14:55:20,092 - INFO - Deleted INI directory: C:\Users\nikol\AppData\Roaming\MetaQuotes\Terminal\4B1CE69F577705455263BD980C39A82C\MQL5\Experts\Batch_0033\Marubozu-EA\ini
2025-04-27 14:55:20,216 - INFO - Deleted INI directory: C:\Users\nikol\AppData\Roaming\MetaQuotes\Terminal\4B1CE69F577705455263BD980C39A82C\MQL5\Experts\Batch_0033\Marubozu_EA_v1.10\ini
2025-04-27 14:55:20,337 - INFO - Deleted INI directory: C:\Users\nikol\AppData\Roaming\MetaQuotes\Terminal\4B1CE69F577705455263BD980C39A82C\MQL5\Experts\Batch_0034\ma-channels\ini
2025-04-27 14:55:20,451 - INFO - Deleted INI directory: C:\Users\nikol\AppData\Roaming\MetaQuotes\Terminal\4B1CE69F577705455263BD980C39A82C\MQL5\Experts\Batch_0034\Ma-Crosses-MT5\ini
2025-04-27 14:55:20,563 - INFO - Deleted INI directory: C:\Users\nikol\AppData\Roaming\MetaQuotes\Terminal\4B1CE69F577705455263BD980C39A82C\MQL5\Experts\Batch_0034\MA-Crossover-mt5-20EA\ini
2025-04-27 14:55:20,680 - INFO - Deleted INI directory: C:\Users\nikol\AppData\Roaming\MetaQuotes\Terminal\4B1CE69F577705455263BD980C39A82C\MQL5\Experts\Batch_0034\MelBar-EuSwiss-1.85\ini
2025-04-27 14:55:20,808 - INFO - Deleted INI directory: C:\Users\nikol\AppData\Roaming\MetaQuotes\Terminal\4B1CE69F577705455263BD980C39A82C\MQL5\Experts\Batch_0034\MelBarTTake325-T-5.5Y-NZD-USD.ex5\ini
2025-04-27 14:55:20,932 - INFO - Deleted INI directory: C:\Users\nikol\AppData\Roaming\MetaQuotes\Terminal\4B1CE69F577705455263BD980C39A82C\MQL5\Experts\Batch_0034\MelBarTTake325-T-5.5Y-NZD-USD.mq5\ini
2025-04-27 14:55:21,093 - INFO - Deleted INI directory: C:\Users\nikol\AppData\Roaming\MetaQuotes\Terminal\4B1CE69F577705455263BD980C39A82C\MQL5\Experts\Batch_0034\MelBar™Take325-™-5.5Y-NZD-USD\ini
2025-04-27 14:55:21,236 - INFO - Deleted INI directory: C:\Users\nikol\AppData\Roaming\MetaQuotes\Terminal\4B1CE69F577705455263BD980C39A82C\MQL5\Experts\Batch_0034\Minning-GoldMT5-Yoforexpremium\ini
2025-04-27 14:55:21,344 - INFO - Deleted INI directory: C:\Users\nikol\AppData\Roaming\MetaQuotes\Terminal\4B1CE69F577705455263BD980C39A82C\MQL5\Experts\Batch_0034\Mobo-Bands\ini
2025-04-27 14:55:21,456 - INFO - Deleted INI directory: C:\Users\nikol\AppData\Roaming\MetaQuotes\Terminal\4B1CE69F577705455263BD980C39A82C\MQL5\Experts\Batch_0034\Mobo-Bands-EA\ini
2025-04-27 14:55:21,578 - INFO - Deleted INI directory: C:\Users\nikol\AppData\Roaming\MetaQuotes\Terminal\4B1CE69F577705455263BD980C39A82C\MQL5\Experts\Batch_0035\Modified-Moving-Averages\ini
2025-04-27 14:55:21,686 - INFO - Deleted INI directory: C:\Users\nikol\AppData\Roaming\MetaQuotes\Terminal\4B1CE69F577705455263BD980C39A82C\MQL5\Experts\Batch_0035\Momentum-M15\ini
2025-04-27 14:55:21,797 - INFO - Deleted INI directory: C:\Users\nikol\AppData\Roaming\MetaQuotes\Terminal\4B1CE69F577705455263BD980C39A82C\MQL5\Experts\Batch_0035\Momo-trades\ini
2025-04-27 14:55:21,912 - INFO - Deleted INI directory: C:\Users\nikol\AppData\Roaming\MetaQuotes\Terminal\4B1CE69F577705455263BD980C39A82C\MQL5\Experts\Batch_0035\Money-Fixed-Margin\ini
2025-04-27 14:55:22,023 - INFO - Deleted INI directory: C:\Users\nikol\AppData\Roaming\MetaQuotes\Terminal\4B1CE69F577705455263BD980C39A82C\MQL5\Experts\Batch_0035\Money-Fixed-Risk\ini
2025-04-27 14:55:22,142 - INFO - Deleted INI directory: C:\Users\nikol\AppData\Roaming\MetaQuotes\Terminal\4B1CE69F577705455263BD980C39A82C\MQL5\Experts\Batch_0035\MoneyRain\ini
2025-04-27 14:55:22,262 - INFO - Deleted INI directory: C:\Users\nikol\AppData\Roaming\MetaQuotes\Terminal\4B1CE69F577705455263BD980C39A82C\MQL5\Experts\Batch_0035\Morning-evening-star-EA\ini
2025-04-27 14:55:22,376 - INFO - Deleted INI directory: C:\Users\nikol\AppData\Roaming\MetaQuotes\Terminal\4B1CE69F577705455263BD980C39A82C\MQL5\Experts\Batch_0035\MostasHaR15-Pivot\ini
2025-04-27 14:55:22,499 - INFO - Deleted INI directory: C:\Users\nikol\AppData\Roaming\MetaQuotes\Terminal\4B1CE69F577705455263BD980C39A82C\MQL5\Experts\Batch_0035\Moving-Average-Trade-System\ini
2025-04-27 14:55:22,613 - INFO - Deleted INI directory: C:\Users\nikol\AppData\Roaming\MetaQuotes\Terminal\4B1CE69F577705455263BD980C39A82C\MQL5\Experts\Batch_0035\Moving-Averages\ini
2025-04-27 14:55:22,733 - INFO - Deleted INI directory: C:\Users\nikol\AppData\Roaming\MetaQuotes\Terminal\4B1CE69F577705455263BD980C39A82C\MQL5\Experts\Batch_0036\Moving-20average-20and-20ichimoku-20EA\ini
2025-04-27 14:55:22,848 - INFO - Deleted INI directory: C:\Users\nikol\AppData\Roaming\MetaQuotes\Terminal\4B1CE69F577705455263BD980C39A82C\MQL5\Experts\Batch_0036\MovingAverage\ini
2025-04-27 14:55:22,962 - INFO - Deleted INI directory: C:\Users\nikol\AppData\Roaming\MetaQuotes\Terminal\4B1CE69F577705455263BD980C39A82C\MQL5\Experts\Batch_0036\MovingAverageMartinGale\ini
2025-04-27 14:55:23,074 - INFO - Deleted INI directory: C:\Users\nikol\AppData\Roaming\MetaQuotes\Terminal\4B1CE69F577705455263BD980C39A82C\MQL5\Experts\Batch_0036\MQL5-Wizard-MA-RSI\ini
2025-04-27 14:55:23,189 - INFO - Deleted INI directory: C:\Users\nikol\AppData\Roaming\MetaQuotes\Terminal\4B1CE69F577705455263BD980C39A82C\MQL5\Experts\Batch_0036\MQL5-Wizard-MACD-Parabolic-SAR\ini
2025-04-27 14:55:23,300 - INFO - Deleted INI directory: C:\Users\nikol\AppData\Roaming\MetaQuotes\Terminal\4B1CE69F577705455263BD980C39A82C\MQL5\Experts\Batch_0036\MT45\ini
2025-04-27 14:55:23,416 - INFO - Deleted INI directory: C:\Users\nikol\AppData\Roaming\MetaQuotes\Terminal\4B1CE69F577705455263BD980C39A82C\MQL5\Experts\Batch_0036\MT5-CoupleHedgeEA\ini
2025-04-27 14:55:23,543 - INFO - Deleted INI directory: C:\Users\nikol\AppData\Roaming\MetaQuotes\Terminal\4B1CE69F577705455263BD980C39A82C\MQL5\Experts\Batch_0036\MT5-RingSystemEA\ini
2025-04-27 14:55:23,662 - INFO - Deleted INI directory: C:\Users\nikol\AppData\Roaming\MetaQuotes\Terminal\4B1CE69F577705455263BD980C39A82C\MQL5\Experts\Batch_0036\Mt5-williams-directional-index-EA\ini
2025-04-27 14:55:23,780 - INFO - Deleted INI directory: C:\Users\nikol\AppData\Roaming\MetaQuotes\Terminal\4B1CE69F577705455263BD980C39A82C\MQL5\Experts\Batch_0036\MTC-Сombo\ini
2025-04-27 14:55:23,893 - INFO - Deleted INI directory: C:\Users\nikol\AppData\Roaming\MetaQuotes\Terminal\4B1CE69F577705455263BD980C39A82C\MQL5\Experts\Batch_0037\Multi-Stochastic\ini
2025-04-27 14:55:24,010 - INFO - Deleted INI directory: C:\Users\nikol\AppData\Roaming\MetaQuotes\Terminal\4B1CE69F577705455263BD980C39A82C\MQL5\Experts\Batch_0037\Multi-Trader-BC-Robot\ini
2025-04-27 14:55:24,126 - INFO - Deleted INI directory: C:\Users\nikol\AppData\Roaming\MetaQuotes\Terminal\4B1CE69F577705455263BD980C39A82C\MQL5\Experts\Batch_0037\MultiMartin\ini
2025-04-27 14:55:24,241 - INFO - Deleted INI directory: C:\Users\nikol\AppData\Roaming\MetaQuotes\Terminal\4B1CE69F577705455263BD980C39A82C\MQL5\Experts\Batch_0037\MySystem\ini
2025-04-27 14:55:24,346 - INFO - Deleted INI directory: C:\Users\nikol\AppData\Roaming\MetaQuotes\Terminal\4B1CE69F577705455263BD980C39A82C\MQL5\Experts\Batch_0037\N Candles v2\ini
2025-04-27 14:55:24,448 - INFO - Deleted INI directory: C:\Users\nikol\AppData\Roaming\MetaQuotes\Terminal\4B1CE69F577705455263BD980C39A82C\MQL5\Experts\Batch_0037\N Candles v3\ini
2025-04-27 14:55:24,556 - INFO - Deleted INI directory: C:\Users\nikol\AppData\Roaming\MetaQuotes\Terminal\4B1CE69F577705455263BD980C39A82C\MQL5\Experts\Batch_0037\N Candles v4\ini
2025-04-27 14:55:24,667 - INFO - Deleted INI directory: C:\Users\nikol\AppData\Roaming\MetaQuotes\Terminal\4B1CE69F577705455263BD980C39A82C\MQL5\Experts\Batch_0037\N Candles v5\ini
2025-04-27 14:55:24,772 - INFO - Deleted INI directory: C:\Users\nikol\AppData\Roaming\MetaQuotes\Terminal\4B1CE69F577705455263BD980C39A82C\MQL5\Experts\Batch_0037\N-Candles\ini
2025-04-27 14:55:24,878 - INFO - Deleted INI directory: C:\Users\nikol\AppData\Roaming\MetaQuotes\Terminal\4B1CE69F577705455263BD980C39A82C\MQL5\Experts\Batch_0037\N-_Candles_v7\ini
2025-04-27 14:55:24,986 - INFO - Deleted INI directory: C:\Users\nikol\AppData\Roaming\MetaQuotes\Terminal\4B1CE69F577705455263BD980C39A82C\MQL5\Experts\Batch_0038\Nevalyashka\ini
2025-04-27 14:55:25,108 - INFO - Deleted INI directory: C:\Users\nikol\AppData\Roaming\MetaQuotes\Terminal\4B1CE69F577705455263BD980C39A82C\MQL5\Experts\Batch_0038\Nevalyashka-BreakdownLevel\ini
2025-04-27 14:55:25,211 - INFO - Deleted INI directory: C:\Users\nikol\AppData\Roaming\MetaQuotes\Terminal\4B1CE69F577705455263BD980C39A82C\MQL5\Experts\Batch_0038\Nevalyashka3-1\ini
2025-04-27 14:55:25,321 - INFO - Deleted INI directory: C:\Users\nikol\AppData\Roaming\MetaQuotes\Terminal\4B1CE69F577705455263BD980C39A82C\MQL5\Experts\Batch_0038\New-Martin\ini
2025-04-27 14:55:25,434 - INFO - Deleted INI directory: C:\Users\nikol\AppData\Roaming\MetaQuotes\Terminal\4B1CE69F577705455263BD980C39A82C\MQL5\Experts\Batch_0038\New-Random\ini
2025-04-27 14:55:25,549 - INFO - Deleted INI directory: C:\Users\nikol\AppData\Roaming\MetaQuotes\Terminal\4B1CE69F577705455263BD980C39A82C\MQL5\Experts\Batch_0038\Nextbar\ini
2025-04-27 14:55:25,666 - INFO - Deleted INI directory: C:\Users\nikol\AppData\Roaming\MetaQuotes\Terminal\4B1CE69F577705455263BD980C39A82C\MQL5\Experts\Batch_0038\Night-Flat-Trade\ini
2025-04-27 14:55:25,777 - INFO - Deleted INI directory: C:\Users\nikol\AppData\Roaming\MetaQuotes\Terminal\4B1CE69F577705455263BD980C39A82C\MQL5\Experts\Batch_0038\NightScalper\ini
2025-04-27 14:55:25,892 - INFO - Deleted INI directory: C:\Users\nikol\AppData\Roaming\MetaQuotes\Terminal\4B1CE69F577705455263BD980C39A82C\MQL5\Experts\Batch_0038\NRTR-Revers\ini
2025-04-27 14:55:26,008 - INFO - Deleted INI directory: C:\Users\nikol\AppData\Roaming\MetaQuotes\Terminal\4B1CE69F577705455263BD980C39A82C\MQL5\Experts\Batch_0038\NSK-SWING-EA-MT5-Yoforexpremium\ini
2025-04-27 14:55:26,121 - INFO - Deleted INI directory: C:\Users\nikol\AppData\Roaming\MetaQuotes\Terminal\4B1CE69F577705455263BD980C39A82C\MQL5\Experts\Batch_0039\NSK-SWING-EA-Yoforexpremium\ini
2025-04-27 14:55:26,225 - INFO - Deleted INI directory: C:\Users\nikol\AppData\Roaming\MetaQuotes\Terminal\4B1CE69F577705455263BD980C39A82C\MQL5\Experts\Batch_0039\NUp1Down\ini
2025-04-27 14:55:26,338 - INFO - Deleted INI directory: C:\Users\nikol\AppData\Roaming\MetaQuotes\Terminal\4B1CE69F577705455263BD980C39A82C\MQL5\Experts\Batch_0039\Open-Candle-EA\ini
2025-04-27 14:55:26,456 - INFO - Deleted INI directory: C:\Users\nikol\AppData\Roaming\MetaQuotes\Terminal\4B1CE69F577705455263BD980C39A82C\MQL5\Experts\Batch_0039\Open-Close\ini
2025-04-27 14:55:26,576 - INFO - Deleted INI directory: C:\Users\nikol\AppData\Roaming\MetaQuotes\Terminal\4B1CE69F577705455263BD980C39A82C\MQL5\Experts\Batch_0039\Opening-and-ilosing-on-time\ini
2025-04-27 14:55:26,757 - INFO - Deleted INI directory: C:\Users\nikol\AppData\Roaming\MetaQuotes\Terminal\4B1CE69F577705455263BD980C39A82C\MQL5\Experts\Batch_0039\Opening-and-Сlosing-on-time\ini
2025-04-27 14:55:26,873 - INFO - Deleted INI directory: C:\Users\nikol\AppData\Roaming\MetaQuotes\Terminal\4B1CE69F577705455263BD980C39A82C\MQL5\Experts\Batch_0039\OpenPendingorderAfterPositionGetStopLoss\ini
2025-04-27 14:55:26,972 - INFO - Deleted INI directory: C:\Users\nikol\AppData\Roaming\MetaQuotes\Terminal\4B1CE69F577705455263BD980C39A82C\MQL5\Experts\Batch_0039\OpenTicks\ini
2025-04-27 14:55:27,077 - INFO - Deleted INI directory: C:\Users\nikol\AppData\Roaming\MetaQuotes\Terminal\4B1CE69F577705455263BD980C39A82C\MQL5\Experts\Batch_0039\optimization-result\ini
2025-04-27 14:55:27,179 - INFO - Deleted INI directory: C:\Users\nikol\AppData\Roaming\MetaQuotes\Terminal\4B1CE69F577705455263BD980C39A82C\MQL5\Experts\Batch_0039\ORB-EA-BOX\ini
2025-04-27 14:55:27,267 - INFO - Deleted INI directory: C:\Users\nikol\AppData\Roaming\MetaQuotes\Terminal\4B1CE69F577705455263BD980C39A82C\MQL5\Experts\Batch_0040\OsMaSter\ini
2025-04-27 14:55:27,383 - INFO - Deleted INI directory: C:\Users\nikol\AppData\Roaming\MetaQuotes\Terminal\4B1CE69F577705455263BD980C39A82C\MQL5\Experts\Batch_0040\OTT-20AND-20PRICE-20CROSS-20EA\ini
2025-04-27 14:55:27,495 - INFO - Deleted INI directory: C:\Users\nikol\AppData\Roaming\MetaQuotes\Terminal\4B1CE69F577705455263BD980C39A82C\MQL5\Experts\Batch_0040\OverHedge\ini
2025-04-27 14:55:27,593 - INFO - Deleted INI directory: C:\Users\nikol\AppData\Roaming\MetaQuotes\Terminal\4B1CE69F577705455263BD980C39A82C\MQL5\Experts\Batch_0040\OzFx\ini
2025-04-27 14:55:27,684 - INFO - Deleted INI directory: C:\Users\nikol\AppData\Roaming\MetaQuotes\Terminal\4B1CE69F577705455263BD980C39A82C\MQL5\Experts\Batch_0040\Par-20sar-20mt5-201\ini
2025-04-27 14:55:27,792 - INFO - Deleted INI directory: C:\Users\nikol\AppData\Roaming\MetaQuotes\Terminal\4B1CE69F577705455263BD980C39A82C\MQL5\Experts\Batch_0040\Parabolic-SAR\ini
2025-04-27 14:55:27,898 - INFO - Deleted INI directory: C:\Users\nikol\AppData\Roaming\MetaQuotes\Terminal\4B1CE69F577705455263BD980C39A82C\MQL5\Experts\Batch_0040\PARSI-EA\ini
2025-04-27 14:55:28,049 - INFO - Deleted INI directory: C:\Users\nikol\AppData\Roaming\MetaQuotes\Terminal\4B1CE69F577705455263BD980C39A82C\MQL5\Experts\Batch_0040\Peceptron-Mult\ini
2025-04-27 14:55:28,188 - INFO - Deleted INI directory: C:\Users\nikol\AppData\Roaming\MetaQuotes\Terminal\4B1CE69F577705455263BD980C39A82C\MQL5\Experts\Batch_0040\Pending-orders-by-time\ini
2025-04-27 14:55:28,302 - INFO - Deleted INI directory: C:\Users\nikol\AppData\Roaming\MetaQuotes\Terminal\4B1CE69F577705455263BD980C39A82C\MQL5\Experts\Batch_0040\Pending-orders-by-time-2\ini
2025-04-27 14:55:28,400 - INFO - Deleted INI directory: C:\Users\nikol\AppData\Roaming\MetaQuotes\Terminal\4B1CE69F577705455263BD980C39A82C\MQL5\Experts\Batch_0041\Pendulum\ini
2025-04-27 14:55:28,506 - INFO - Deleted INI directory: C:\Users\nikol\AppData\Roaming\MetaQuotes\Terminal\4B1CE69F577705455263BD980C39A82C\MQL5\Experts\Batch_0041\Pinball-machine\ini
2025-04-27 14:55:28,609 - INFO - Deleted INI directory: C:\Users\nikol\AppData\Roaming\MetaQuotes\Terminal\4B1CE69F577705455263BD980C39A82C\MQL5\Experts\Batch_0041\Pinbar-Magic-EA\ini
2025-04-27 14:55:28,721 - INFO - Deleted INI directory: C:\Users\nikol\AppData\Roaming\MetaQuotes\Terminal\4B1CE69F577705455263BD980C39A82C\MQL5\Experts\Batch_0041\PinBar-Magic-Indicator\ini
2025-04-27 14:55:28,829 - INFO - Deleted INI directory: C:\Users\nikol\AppData\Roaming\MetaQuotes\Terminal\4B1CE69F577705455263BD980C39A82C\MQL5\Experts\Batch_0041\Pipsover\ini
2025-04-27 14:55:28,933 - INFO - Deleted INI directory: C:\Users\nikol\AppData\Roaming\MetaQuotes\Terminal\4B1CE69F577705455263BD980C39A82C\MQL5\Experts\Batch_0041\Plan-X\ini
2025-04-27 14:55:29,048 - INFO - Deleted INI directory: C:\Users\nikol\AppData\Roaming\MetaQuotes\Terminal\4B1CE69F577705455263BD980C39A82C\MQL5\Experts\Batch_0041\Plateau\ini
2025-04-27 14:55:29,160 - INFO - Deleted INI directory: C:\Users\nikol\AppData\Roaming\MetaQuotes\Terminal\4B1CE69F577705455263BD980C39A82C\MQL5\Experts\Batch_0041\Poker-SHOW\ini
2025-04-27 14:55:29,279 - INFO - Deleted INI directory: C:\Users\nikol\AppData\Roaming\MetaQuotes\Terminal\4B1CE69F577705455263BD980C39A82C\MQL5\Experts\Batch_0041\POVERTY-KILLER-GHOSTMT5-YoForexPremium\ini
2025-04-27 14:55:29,405 - INFO - Deleted INI directory: C:\Users\nikol\AppData\Roaming\MetaQuotes\Terminal\4B1CE69F577705455263BD980C39A82C\MQL5\Experts\Batch_0041\POW-BANKER-EA-MT5-4170-with-SetFiles-YoForexPremium\ini
2025-04-27 14:55:29,513 - INFO - Deleted INI directory: C:\Users\nikol\AppData\Roaming\MetaQuotes\Terminal\4B1CE69F577705455263BD980C39A82C\MQL5\Experts\Batch_0042\Precipice\ini
2025-04-27 14:55:29,619 - INFO - Deleted INI directory: C:\Users\nikol\AppData\Roaming\MetaQuotes\Terminal\4B1CE69F577705455263BD980C39A82C\MQL5\Experts\Batch_0042\Precipice-MartIn\ini
2025-04-27 14:55:29,732 - INFO - Deleted INI directory: C:\Users\nikol\AppData\Roaming\MetaQuotes\Terminal\4B1CE69F577705455263BD980C39A82C\MQL5\Experts\Batch_0042\PrizmaL-Pro-EAMT5-YoforexPremium\ini
2025-04-27 14:55:29,845 - INFO - Deleted INI directory: C:\Users\nikol\AppData\Roaming\MetaQuotes\Terminal\4B1CE69F577705455263BD980C39A82C\MQL5\Experts\Batch_0042\Probe\ini
2025-04-27 14:55:29,950 - INFO - Deleted INI directory: C:\Users\nikol\AppData\Roaming\MetaQuotes\Terminal\4B1CE69F577705455263BD980C39A82C\MQL5\Experts\Batch_0042\Proffessor\ini
2025-04-27 14:55:30,062 - INFO - Deleted INI directory: C:\Users\nikol\AppData\Roaming\MetaQuotes\Terminal\4B1CE69F577705455263BD980C39A82C\MQL5\Experts\Batch_0042\PropFirmHelper\ini
2025-04-27 14:55:30,171 - INFO - Deleted INI directory: C:\Users\nikol\AppData\Roaming\MetaQuotes\Terminal\4B1CE69F577705455263BD980C39A82C\MQL5\Experts\Batch_0042\PROphet\ini
2025-04-27 14:55:30,285 - INFO - Deleted INI directory: C:\Users\nikol\AppData\Roaming\MetaQuotes\Terminal\4B1CE69F577705455263BD980C39A82C\MQL5\Experts\Batch_0042\Puria-method\ini
2025-04-27 14:55:30,387 - INFO - Deleted INI directory: C:\Users\nikol\AppData\Roaming\MetaQuotes\Terminal\4B1CE69F577705455263BD980C39A82C\MQL5\Experts\Batch_0042\Rabbit3\ini
2025-04-27 14:55:30,496 - INFO - Deleted INI directory: C:\Users\nikol\AppData\Roaming\MetaQuotes\Terminal\4B1CE69F577705455263BD980C39A82C\MQL5\Experts\Batch_0042\Range-Breakout\ini
2025-04-27 14:55:30,608 - INFO - Deleted INI directory: C:\Users\nikol\AppData\Roaming\MetaQuotes\Terminal\4B1CE69F577705455263BD980C39A82C\MQL5\Experts\Batch_0043\Rapid-Doji-EA\ini
2025-04-27 14:55:30,725 - INFO - Deleted INI directory: C:\Users\nikol\AppData\Roaming\MetaQuotes\Terminal\4B1CE69F577705455263BD980C39A82C\MQL5\Experts\Batch_0043\Raymond-Cloudy-Day-for-EA\ini
2025-04-27 14:55:30,834 - INFO - Deleted INI directory: C:\Users\nikol\AppData\Roaming\MetaQuotes\Terminal\4B1CE69F577705455263BD980C39A82C\MQL5\Experts\Batch_0043\RedDragon-v.1.03\ini
2025-04-27 14:55:30,949 - INFO - Deleted INI directory: C:\Users\nikol\AppData\Roaming\MetaQuotes\Terminal\4B1CE69F577705455263BD980C39A82C\MQL5\Experts\Batch_0043\Reflex\ini
2025-04-27 14:55:31,065 - INFO - Deleted INI directory: C:\Users\nikol\AppData\Roaming\MetaQuotes\Terminal\4B1CE69F577705455263BD980C39A82C\MQL5\Experts\Batch_0043\Reflex-EA\ini
2025-04-27 14:55:31,177 - INFO - Deleted INI directory: C:\Users\nikol\AppData\Roaming\MetaQuotes\Terminal\4B1CE69F577705455263BD980C39A82C\MQL5\Experts\Batch_0043\REFLEX-INDICATOR\ini
2025-04-27 14:55:31,278 - INFO - Deleted INI directory: C:\Users\nikol\AppData\Roaming\MetaQuotes\Terminal\4B1CE69F577705455263BD980C39A82C\MQL5\Experts\Batch_0043\Reversing-Martingale\ini
2025-04-27 14:55:31,385 - INFO - Deleted INI directory: C:\Users\nikol\AppData\Roaming\MetaQuotes\Terminal\4B1CE69F577705455263BD980C39A82C\MQL5\Experts\Batch_0043\RideAlligator\ini
2025-04-27 14:55:31,497 - INFO - Deleted INI directory: C:\Users\nikol\AppData\Roaming\MetaQuotes\Terminal\4B1CE69F577705455263BD980C39A82C\MQL5\Experts\Batch_0043\RNN\ini
2025-04-27 14:55:31,605 - INFO - Deleted INI directory: C:\Users\nikol\AppData\Roaming\MetaQuotes\Terminal\4B1CE69F577705455263BD980C39A82C\MQL5\Experts\Batch_0043\RobotPowerM5-meta4\ini
2025-04-27 14:55:31,711 - INFO - Deleted INI directory: C:\Users\nikol\AppData\Roaming\MetaQuotes\Terminal\4B1CE69F577705455263BD980C39A82C\MQL5\Experts\Batch_0044\Robot-MACD\ini
2025-04-27 14:55:31,815 - INFO - Deleted INI directory: C:\Users\nikol\AppData\Roaming\MetaQuotes\Terminal\4B1CE69F577705455263BD980C39A82C\MQL5\Experts\Batch_0044\Rollback-system\ini
2025-04-27 14:55:31,926 - INFO - Deleted INI directory: C:\Users\nikol\AppData\Roaming\MetaQuotes\Terminal\4B1CE69F577705455263BD980C39A82C\MQL5\Experts\Batch_0044\RSI EA v2\ini
2025-04-27 14:55:32,043 - INFO - Deleted INI directory: C:\Users\nikol\AppData\Roaming\MetaQuotes\Terminal\4B1CE69F577705455263BD980C39A82C\MQL5\Experts\Batch_0044\RSI-and-Bollinger-Bands\ini
2025-04-27 14:55:32,160 - INFO - Deleted INI directory: C:\Users\nikol\AppData\Roaming\MetaQuotes\Terminal\4B1CE69F577705455263BD980C39A82C\MQL5\Experts\Batch_0044\RSI-Arrow\ini
2025-04-27 14:55:32,337 - INFO - Deleted INI directory: C:\Users\nikol\AppData\Roaming\MetaQuotes\Terminal\4B1CE69F577705455263BD980C39A82C\MQL5\Experts\Batch_0044\RSI-Bollinger-Bands-EA\ini
2025-04-27 14:55:32,516 - INFO - Deleted INI directory: C:\Users\nikol\AppData\Roaming\MetaQuotes\Terminal\4B1CE69F577705455263BD980C39A82C\MQL5\Experts\Batch_0044\RSI-EA\ini
2025-04-27 14:55:32,614 - INFO - Deleted INI directory: C:\Users\nikol\AppData\Roaming\MetaQuotes\Terminal\4B1CE69F577705455263BD980C39A82C\MQL5\Experts\Batch_0044\RSI-Eraser\ini
2025-04-27 14:55:32,721 - INFO - Deleted INI directory: C:\Users\nikol\AppData\Roaming\MetaQuotes\Terminal\4B1CE69F577705455263BD980C39A82C\MQL5\Experts\Batch_0044\RSI-Levels\ini
2025-04-27 14:55:32,825 - INFO - Deleted INI directory: C:\Users\nikol\AppData\Roaming\MetaQuotes\Terminal\4B1CE69F577705455263BD980C39A82C\MQL5\Experts\Batch_0044\RSI-trader\ini
2025-04-27 14:55:32,938 - INFO - Deleted INI directory: C:\Users\nikol\AppData\Roaming\MetaQuotes\Terminal\4B1CE69F577705455263BD980C39A82C\MQL5\Experts\Batch_0045\RSI-Arrow-EA\ini
2025-04-27 14:55:33,047 - INFO - Deleted INI directory: C:\Users\nikol\AppData\Roaming\MetaQuotes\Terminal\4B1CE69F577705455263BD980C39A82C\MQL5\Experts\Batch_0045\RSI-Expert\ini
2025-04-27 14:55:33,157 - INFO - Deleted INI directory: C:\Users\nikol\AppData\Roaming\MetaQuotes\Terminal\4B1CE69F577705455263BD980C39A82C\MQL5\Experts\Batch_0045\RSI-Trend\ini
2025-04-27 14:55:33,258 - INFO - Deleted INI directory: C:\Users\nikol\AppData\Roaming\MetaQuotes\Terminal\4B1CE69F577705455263BD980C39A82C\MQL5\Experts\Batch_0045\RSI-Trend-EA\ini
2025-04-27 14:55:33,373 - INFO - Deleted INI directory: C:\Users\nikol\AppData\Roaming\MetaQuotes\Terminal\4B1CE69F577705455263BD980C39A82C\MQL5\Experts\Batch_0045\RSI-with-channels\ini
2025-04-27 14:55:33,484 - INFO - Deleted INI directory: C:\Users\nikol\AppData\Roaming\MetaQuotes\Terminal\4B1CE69F577705455263BD980C39A82C\MQL5\Experts\Batch_0045\RSI-with-channels-EA\ini
2025-04-27 14:55:33,591 - INFO - Deleted INI directory: C:\Users\nikol\AppData\Roaming\MetaQuotes\Terminal\4B1CE69F577705455263BD980C39A82C\MQL5\Experts\Batch_0045\RSI_Expert_v2.0\ini
2025-04-27 14:55:33,704 - INFO - Deleted INI directory: C:\Users\nikol\AppData\Roaming\MetaQuotes\Terminal\4B1CE69F577705455263BD980C39A82C\MQL5\Experts\Batch_0045\Russian20-hp1\ini
2025-04-27 14:55:33,822 - INFO - Deleted INI directory: C:\Users\nikol\AppData\Roaming\MetaQuotes\Terminal\4B1CE69F577705455263BD980C39A82C\MQL5\Experts\Batch_0045\SampleCheckPendingOrder\ini
2025-04-27 14:55:33,943 - INFO - Deleted INI directory: C:\Users\nikol\AppData\Roaming\MetaQuotes\Terminal\4B1CE69F577705455263BD980C39A82C\MQL5\Experts\Batch_0045\SampleTrailingstop-MT5\ini
2025-04-27 14:55:34,064 - INFO - Deleted INI directory: C:\Users\nikol\AppData\Roaming\MetaQuotes\Terminal\4B1CE69F577705455263BD980C39A82C\MQL5\Experts\Batch_0046\SAR-trading\ini
2025-04-27 14:55:34,176 - INFO - Deleted INI directory: C:\Users\nikol\AppData\Roaming\MetaQuotes\Terminal\4B1CE69F577705455263BD980C39A82C\MQL5\Experts\Batch_0046\Secwenta\ini
2025-04-27 14:55:34,290 - INFO - Deleted INI directory: C:\Users\nikol\AppData\Roaming\MetaQuotes\Terminal\4B1CE69F577705455263BD980C39A82C\MQL5\Experts\Batch_0046\Sell-Stop\ini
2025-04-27 14:55:34,384 - INFO - Deleted INI directory: C:\Users\nikol\AppData\Roaming\MetaQuotes\Terminal\4B1CE69F577705455263BD980C39A82C\MQL5\Experts\Batch_0046\Sensitive\ini
2025-04-27 14:55:34,493 - INFO - Deleted INI directory: C:\Users\nikol\AppData\Roaming\MetaQuotes\Terminal\4B1CE69F577705455263BD980C39A82C\MQL5\Experts\Batch_0046\Separate-trade\ini
2025-04-27 14:55:34,606 - INFO - Deleted INI directory: C:\Users\nikol\AppData\Roaming\MetaQuotes\Terminal\4B1CE69F577705455263BD980C39A82C\MQL5\Experts\Batch_0046\SilverTrend\ini
2025-04-27 14:55:34,729 - INFO - Deleted INI directory: C:\Users\nikol\AppData\Roaming\MetaQuotes\Terminal\4B1CE69F577705455263BD980C39A82C\MQL5\Experts\Batch_0046\Simple-20Price-20Alert-20-20EA\ini
2025-04-27 14:55:34,838 - INFO - Deleted INI directory: C:\Users\nikol\AppData\Roaming\MetaQuotes\Terminal\4B1CE69F577705455263BD980C39A82C\MQL5\Experts\Batch_0046\Simple-20Volume-20EA\ini
2025-04-27 14:55:35,013 - INFO - Deleted INI directory: C:\Users\nikol\AppData\Roaming\MetaQuotes\Terminal\4B1CE69F577705455263BD980C39A82C\MQL5\Experts\Batch_0046\Simple-EA-MA-plus-MACD\ini
2025-04-27 14:55:35,109 - INFO - Deleted INI directory: C:\Users\nikol\AppData\Roaming\MetaQuotes\Terminal\4B1CE69F577705455263BD980C39A82C\MQL5\Experts\Batch_0046\Simple-FX\ini
2025-04-27 14:55:35,202 - INFO - Deleted INI directory: C:\Users\nikol\AppData\Roaming\MetaQuotes\Terminal\4B1CE69F577705455263BD980C39A82C\MQL5\Experts\Batch_0047\Simple-MACD\ini
2025-04-27 14:55:35,299 - INFO - Deleted INI directory: C:\Users\nikol\AppData\Roaming\MetaQuotes\Terminal\4B1CE69F577705455263BD980C39A82C\MQL5\Experts\Batch_0047\Simple-Volume-EA\ini
2025-04-27 14:55:35,393 - INFO - Deleted INI directory: C:\Users\nikol\AppData\Roaming\MetaQuotes\Terminal\4B1CE69F577705455263BD980C39A82C\MQL5\Experts\Batch_0047\SimplePivot\ini
2025-04-27 14:55:35,500 - INFO - Deleted INI directory: C:\Users\nikol\AppData\Roaming\MetaQuotes\Terminal\4B1CE69F577705455263BD980C39A82C\MQL5\Experts\Batch_0047\Simplest-Hedging-EA-ever\ini
2025-04-27 14:55:35,601 - INFO - Deleted INI directory: C:\Users\nikol\AppData\Roaming\MetaQuotes\Terminal\4B1CE69F577705455263BD980C39A82C\MQL5\Experts\Batch_0047\SimpleTrade\ini
2025-04-27 14:55:35,694 - INFO - Deleted INI directory: C:\Users\nikol\AppData\Roaming\MetaQuotes\Terminal\4B1CE69F577705455263BD980C39A82C\MQL5\Experts\Batch_0047\Six-Soldiers\ini
2025-04-27 14:55:35,792 - INFO - Deleted INI directory: C:\Users\nikol\AppData\Roaming\MetaQuotes\Terminal\4B1CE69F577705455263BD980C39A82C\MQL5\Experts\Batch_0047\Six-Soldiers-EA\ini
2025-04-27 14:55:35,893 - INFO - Deleted INI directory: C:\Users\nikol\AppData\Roaming\MetaQuotes\Terminal\4B1CE69F577705455263BD980C39A82C\MQL5\Experts\Batch_0047\Six-Soldiers-EA-Grid\ini
2025-04-27 14:55:36,364 - INFO - Deleted INI directory: C:\Users\nikol\AppData\Roaming\MetaQuotes\Terminal\4B1CE69F577705455263BD980C39A82C\MQL5\Experts\Batch_0047\Small-Inside-Bar-Strategy\ini
2025-04-27 14:55:36,824 - INFO - Deleted INI directory: C:\Users\nikol\AppData\Roaming\MetaQuotes\Terminal\4B1CE69F577705455263BD980C39A82C\MQL5\Experts\Batch_0047\Smart-Machine-20EA\ini
2025-04-27 14:55:37,292 - INFO - Deleted INI directory: C:\Users\nikol\AppData\Roaming\MetaQuotes\Terminal\4B1CE69F577705455263BD980C39A82C\MQL5\Experts\Batch_0048\Smoothing-Average\ini
2025-04-27 14:55:37,700 - INFO - Deleted INI directory: C:\Users\nikol\AppData\Roaming\MetaQuotes\Terminal\4B1CE69F577705455263BD980C39A82C\MQL5\Experts\Batch_0048\sound\ini
2025-04-27 14:55:38,191 - INFO - Deleted INI directory: C:\Users\nikol\AppData\Roaming\MetaQuotes\Terminal\4B1CE69F577705455263BD980C39A82C\MQL5\Experts\Batch_0048\Sound-Fx\ini
2025-04-27 14:55:38,604 - INFO - Deleted INI directory: C:\Users\nikol\AppData\Roaming\MetaQuotes\Terminal\4B1CE69F577705455263BD980C39A82C\MQL5\Experts\Batch_0048\Spasm\ini
2025-04-27 14:55:39,014 - INFO - Deleted INI directory: C:\Users\nikol\AppData\Roaming\MetaQuotes\Terminal\4B1CE69F577705455263BD980C39A82C\MQL5\Experts\Batch_0048\Sprd-mt5-20EA\ini
2025-04-27 14:55:39,471 - INFO - Deleted INI directory: C:\Users\nikol\AppData\Roaming\MetaQuotes\Terminal\4B1CE69F577705455263BD980C39A82C\MQL5\Experts\Batch_0048\SPYDER-EA-V-6.1-MT5-YoforexPremium\ini
2025-04-27 14:55:39,913 - INFO - Deleted INI directory: C:\Users\nikol\AppData\Roaming\MetaQuotes\Terminal\4B1CE69F577705455263BD980C39A82C\MQL5\Experts\Batch_0048\ssb5-123\ini
2025-04-27 14:55:40,368 - INFO - Deleted INI directory: C:\Users\nikol\AppData\Roaming\MetaQuotes\Terminal\4B1CE69F577705455263BD980C39A82C\MQL5\Experts\Batch_0048\Stargogs-Ghost-Spike-Robot-EAMT5-YoForexPremium\ini
2025-04-27 14:55:40,771 - INFO - Deleted INI directory: C:\Users\nikol\AppData\Roaming\MetaQuotes\Terminal\4B1CE69F577705455263BD980C39A82C\MQL5\Experts\Batch_0048\Stargogs-Pay-EA-MT5-YoforexPremium\ini
2025-04-27 14:55:41,395 - INFO - Deleted INI directory: C:\Users\nikol\AppData\Roaming\MetaQuotes\Terminal\4B1CE69F577705455263BD980C39A82C\MQL5\Experts\Batch_0048\Starter\ini
2025-04-27 14:55:42,898 - INFO - Deleted INI directory: C:\Users\nikol\AppData\Roaming\MetaQuotes\Terminal\4B1CE69F577705455263BD980C39A82C\MQL5\Experts\Batch_0049\Steve-Cartwright-Trader-Camel-CCI-MACD\ini
2025-04-27 14:55:52,361 - INFO - Deleted INI directory: C:\Users\nikol\AppData\Roaming\MetaQuotes\Terminal\4B1CE69F577705455263BD980C39A82C\MQL5\Experts\Batch_0049\Stoch\ini
2025-04-27 14:55:52,813 - INFO - Deleted INI directory: C:\Users\nikol\AppData\Roaming\MetaQuotes\Terminal\4B1CE69F577705455263BD980C39A82C\MQL5\Experts\Batch_0049\Stoch-EA-1192\ini
2025-04-27 14:55:53,245 - INFO - Deleted INI directory: C:\Users\nikol\AppData\Roaming\MetaQuotes\Terminal\4B1CE69F577705455263BD980C39A82C\MQL5\Experts\Batch_0049\Stochastic-20Alert\ini
2025-04-27 14:55:53,665 - INFO - Deleted INI directory: C:\Users\nikol\AppData\Roaming\MetaQuotes\Terminal\4B1CE69F577705455263BD980C39A82C\MQL5\Experts\Batch_0049\Stochastic-K-Divergence.lua\ini
2025-04-27 14:55:54,120 - INFO - Deleted INI directory: C:\Users\nikol\AppData\Roaming\MetaQuotes\Terminal\4B1CE69F577705455263BD980C39A82C\MQL5\Experts\Batch_0049\stochastic-three-periods\ini
2025-04-27 14:55:54,595 - INFO - Deleted INI directory: C:\Users\nikol\AppData\Roaming\MetaQuotes\Terminal\4B1CE69F577705455263BD980C39A82C\MQL5\Experts\Batch_0049\stochasticdiffsign\ini
2025-04-27 14:55:55,055 - INFO - Deleted INI directory: C:\Users\nikol\AppData\Roaming\MetaQuotes\Terminal\4B1CE69F577705455263BD980C39A82C\MQL5\Experts\Batch_0049\StochasticDiffSign-EA\ini
2025-04-27 14:55:55,495 - INFO - Deleted INI directory: C:\Users\nikol\AppData\Roaming\MetaQuotes\Terminal\4B1CE69F577705455263BD980C39A82C\MQL5\Experts\Batch_0049\StochMA\ini
2025-04-27 14:55:55,913 - INFO - Deleted INI directory: C:\Users\nikol\AppData\Roaming\MetaQuotes\Terminal\4B1CE69F577705455263BD980C39A82C\MQL5\Experts\Batch_0049\StochMA-EA\ini
2025-04-27 14:55:56,367 - INFO - Deleted INI directory: C:\Users\nikol\AppData\Roaming\MetaQuotes\Terminal\4B1CE69F577705455263BD980C39A82C\MQL5\Experts\Batch_0050\Stop-Loss-Take-Profit\ini
2025-04-27 14:55:56,842 - INFO - Deleted INI directory: C:\Users\nikol\AppData\Roaming\MetaQuotes\Terminal\4B1CE69F577705455263BD980C39A82C\MQL5\Experts\Batch_0050\StraddleqTrail\ini
2025-04-27 14:55:57,303 - INFO - Deleted INI directory: C:\Users\nikol\AppData\Roaming\MetaQuotes\Terminal\4B1CE69F577705455263BD980C39A82C\MQL5\Experts\Batch_0050\Strategie-Boom-Crash-System-MT5-YoForexPremium\ini
2025-04-27 14:55:57,709 - INFO - Deleted INI directory: C:\Users\nikol\AppData\Roaming\MetaQuotes\Terminal\4B1CE69F577705455263BD980C39A82C\MQL5\Experts\Batch_0050\SUPER-TURBO-EAMT5-YoForexPremium\ini
2025-04-27 14:55:58,129 - INFO - Deleted INI directory: C:\Users\nikol\AppData\Roaming\MetaQuotes\Terminal\4B1CE69F577705455263BD980C39A82C\MQL5\Experts\Batch_0050\Surefirething\ini
2025-04-27 14:55:58,598 - INFO - Deleted INI directory: C:\Users\nikol\AppData\Roaming\MetaQuotes\Terminal\4B1CE69F577705455263BD980C39A82C\MQL5\Experts\Batch_0050\TAILOR-EA-MT5-YoForexPremium\ini
2025-04-27 14:55:59,036 - INFO - Deleted INI directory: C:\Users\nikol\AppData\Roaming\MetaQuotes\Terminal\4B1CE69F577705455263BD980C39A82C\MQL5\Experts\Batch_0050\TAKASHI-SNIPEREA-MT5-yYoForexPremium\ini
2025-04-27 14:55:59,477 - INFO - Deleted INI directory: C:\Users\nikol\AppData\Roaming\MetaQuotes\Terminal\4B1CE69F577705455263BD980C39A82C\MQL5\Experts\Batch_0050\TDSGlobal\ini
2025-04-27 14:55:59,936 - INFO - Deleted INI directory: C:\Users\nikol\AppData\Roaming\MetaQuotes\Terminal\4B1CE69F577705455263BD980C39A82C\MQL5\Experts\Batch_0050\The-MasterMind\ini
2025-04-27 14:56:00,378 - INFO - Deleted INI directory: C:\Users\nikol\AppData\Roaming\MetaQuotes\Terminal\4B1CE69F577705455263BD980C39A82C\MQL5\Experts\Batch_0050\The-MasterMind-2\ini
2025-04-27 14:56:00,821 - INFO - Deleted INI directory: C:\Users\nikol\AppData\Roaming\MetaQuotes\Terminal\4B1CE69F577705455263BD980C39A82C\MQL5\Experts\Batch_0051\The-MasterMind-3\ini
2025-04-27 14:56:01,275 - INFO - Deleted INI directory: C:\Users\nikol\AppData\Roaming\MetaQuotes\Terminal\4B1CE69F577705455263BD980C39A82C\MQL5\Experts\Batch_0051\The-Puncher\ini
2025-04-27 14:56:01,750 - INFO - Deleted INI directory: C:\Users\nikol\AppData\Roaming\MetaQuotes\Terminal\4B1CE69F577705455263BD980C39A82C\MQL5\Experts\Batch_0051\TheClassicTurtleTrader-no-dots\ini
2025-04-27 14:56:02,192 - INFO - Deleted INI directory: C:\Users\nikol\AppData\Roaming\MetaQuotes\Terminal\4B1CE69F577705455263BD980C39A82C\MQL5\Experts\Batch_0051\TheClassicTurtleTrader-no-dots-EA\ini
2025-04-27 14:56:02,609 - INFO - Deleted INI directory: C:\Users\nikol\AppData\Roaming\MetaQuotes\Terminal\4B1CE69F577705455263BD980C39A82C\MQL5\Experts\Batch_0051\Thomas-EA-MT5-YoForexPremium\ini
2025-04-27 14:56:03,054 - INFO - Deleted INI directory: C:\Users\nikol\AppData\Roaming\MetaQuotes\Terminal\4B1CE69F577705455263BD980C39A82C\MQL5\Experts\Batch_0051\Three-indicators\ini
2025-04-27 14:56:03,474 - INFO - Deleted INI directory: C:\Users\nikol\AppData\Roaming\MetaQuotes\Terminal\4B1CE69F577705455263BD980C39A82C\MQL5\Experts\Batch_0051\Three-neural-networks\ini
2025-04-27 14:56:03,911 - INFO - Deleted INI directory: C:\Users\nikol\AppData\Roaming\MetaQuotes\Terminal\4B1CE69F577705455263BD980C39A82C\MQL5\Experts\Batch_0051\Three-timeframes\ini
2025-04-27 14:56:04,364 - INFO - Deleted INI directory: C:\Users\nikol\AppData\Roaming\MetaQuotes\Terminal\4B1CE69F577705455263BD980C39A82C\MQL5\Experts\Batch_0051\Three-Typical-Candles\ini
2025-04-27 14:56:04,826 - INFO - Deleted INI directory: C:\Users\nikol\AppData\Roaming\MetaQuotes\Terminal\4B1CE69F577705455263BD980C39A82C\MQL5\Experts\Batch_0051\Time-bomb-mt5-1\ini
2025-04-27 14:56:05,242 - INFO - Deleted INI directory: C:\Users\nikol\AppData\Roaming\MetaQuotes\Terminal\4B1CE69F577705455263BD980C39A82C\MQL5\Experts\Batch_0052\Time-sync-forts\ini
2025-04-27 14:56:05,699 - INFO - Deleted INI directory: C:\Users\nikol\AppData\Roaming\MetaQuotes\Terminal\4B1CE69F577705455263BD980C39A82C\MQL5\Experts\Batch_0052\timer-trade\ini
2025-04-27 14:56:06,135 - INFO - Deleted INI directory: C:\Users\nikol\AppData\Roaming\MetaQuotes\Terminal\4B1CE69F577705455263BD980C39A82C\MQL5\Experts\Batch_0052\Titan-X-21.18-EA-MT5\ini
2025-04-27 14:56:06,555 - INFO - Deleted INI directory: C:\Users\nikol\AppData\Roaming\MetaQuotes\Terminal\4B1CE69F577705455263BD980C39A82C\MQL5\Experts\Batch_0052\TMA-ATR-Channel\ini
2025-04-27 14:56:07,023 - INFO - Deleted INI directory: C:\Users\nikol\AppData\Roaming\MetaQuotes\Terminal\4B1CE69F577705455263BD980C39A82C\MQL5\Experts\Batch_0052\TMA-ATR-EA\ini
2025-04-27 14:56:07,431 - INFO - Deleted INI directory: C:\Users\nikol\AppData\Roaming\MetaQuotes\Terminal\4B1CE69F577705455263BD980C39A82C\MQL5\Experts\Batch_0052\TMA-CG-EA\ini
2025-04-27 14:56:07,843 - INFO - Deleted INI directory: C:\Users\nikol\AppData\Roaming\MetaQuotes\Terminal\4B1CE69F577705455263BD980C39A82C\MQL5\Experts\Batch_0052\TMA-CG-Martingale-20EA\ini
2025-04-27 14:56:08,319 - INFO - Deleted INI directory: C:\Users\nikol\AppData\Roaming\MetaQuotes\Terminal\4B1CE69F577705455263BD980C39A82C\MQL5\Experts\Batch_0052\TMA-CG-mladen\ini
2025-04-27 14:56:08,794 - INFO - Deleted INI directory: C:\Users\nikol\AppData\Roaming\MetaQuotes\Terminal\4B1CE69F577705455263BD980C39A82C\MQL5\Experts\Batch_0052\TmaTrue-2.0-with-Distances-6xx\ini
2025-04-27 14:56:09,244 - INFO - Deleted INI directory: C:\Users\nikol\AppData\Roaming\MetaQuotes\Terminal\4B1CE69F577705455263BD980C39A82C\MQL5\Experts\Batch_0052\TmaTrue-3.0-with-Distances-6xx\ini
2025-04-27 14:56:09,707 - INFO - Deleted INI directory: C:\Users\nikol\AppData\Roaming\MetaQuotes\Terminal\4B1CE69F577705455263BD980C39A82C\MQL5\Experts\Batch_0053\TMA-CG-special\ini
2025-04-27 14:56:10,121 - INFO - Deleted INI directory: C:\Users\nikol\AppData\Roaming\MetaQuotes\Terminal\4B1CE69F577705455263BD980C39A82C\MQL5\Experts\Batch_0053\TMA-slope-bands\ini
2025-04-27 14:56:10,581 - INFO - Deleted INI directory: C:\Users\nikol\AppData\Roaming\MetaQuotes\Terminal\4B1CE69F577705455263BD980C39A82C\MQL5\Experts\Batch_0053\TP-with-money\ini
2025-04-27 14:56:11,070 - INFO - Deleted INI directory: C:\Users\nikol\AppData\Roaming\MetaQuotes\Terminal\4B1CE69F577705455263BD980C39A82C\MQL5\Experts\Batch_0053\Trade-in-Channel\ini
2025-04-27 14:56:14,381 - INFO - Deleted INI directory: C:\Users\nikol\AppData\Roaming\MetaQuotes\Terminal\4B1CE69F577705455263BD980C39A82C\MQL5\Experts\Batch_0053\Trade-on-qualified-RSI\ini
2025-04-27 14:56:21,353 - INFO - Deleted INI directory: C:\Users\nikol\AppData\Roaming\MetaQuotes\Terminal\4B1CE69F577705455263BD980C39A82C\MQL5\Experts\Batch_0053\Trade-Republic-1.75-MT5\ini
2025-04-27 14:56:23,747 - INFO - Deleted INI directory: C:\Users\nikol\AppData\Roaming\MetaQuotes\Terminal\4B1CE69F577705455263BD980C39A82C\MQL5\Experts\Batch_0053\Trading-Breakout-MrThanhTan\ini
2025-04-27 14:56:24,238 - INFO - Deleted INI directory: C:\Users\nikol\AppData\Roaming\MetaQuotes\Terminal\4B1CE69F577705455263BD980C39A82C\MQL5\Experts\Batch_0053\Trend-Trader-Strategy\ini
2025-04-27 14:56:24,787 - INFO - Deleted INI directory: C:\Users\nikol\AppData\Roaming\MetaQuotes\Terminal\4B1CE69F577705455263BD980C39A82C\MQL5\Experts\Batch_0053\Trend-Trader-Strategy-EA\ini
2025-04-27 14:56:25,257 - INFO - Deleted INI directory: C:\Users\nikol\AppData\Roaming\MetaQuotes\Terminal\4B1CE69F577705455263BD980C39A82C\MQL5\Experts\Batch_0053\True-Scalper-Profit-Lock\ini
2025-04-27 14:56:25,767 - INFO - Deleted INI directory: C:\Users\nikol\AppData\Roaming\MetaQuotes\Terminal\4B1CE69F577705455263BD980C39A82C\MQL5\Experts\Batch_0054\Tru-EA\ini
2025-04-27 14:56:26,247 - INFO - Deleted INI directory: C:\Users\nikol\AppData\Roaming\MetaQuotes\Terminal\4B1CE69F577705455263BD980C39A82C\MQL5\Experts\Batch_0054\TrueSort-1100\ini
2025-04-27 14:56:26,736 - INFO - Deleted INI directory: C:\Users\nikol\AppData\Roaming\MetaQuotes\Terminal\4B1CE69F577705455263BD980C39A82C\MQL5\Experts\Batch_0054\Tunnel-gen4\ini
2025-04-27 14:56:27,289 - INFO - Deleted INI directory: C:\Users\nikol\AppData\Roaming\MetaQuotes\Terminal\4B1CE69F577705455263BD980C39A82C\MQL5\Experts\Batch_0054\Tunnel-Method\ini
2025-04-27 14:56:27,777 - INFO - Deleted INI directory: C:\Users\nikol\AppData\Roaming\MetaQuotes\Terminal\4B1CE69F577705455263BD980C39A82C\MQL5\Experts\Batch_0054\Tunnel-Vision-2024-EA-MT5-YoForexPremium\ini
2025-04-27 14:56:28,277 - INFO - Deleted INI directory: C:\Users\nikol\AppData\Roaming\MetaQuotes\Terminal\4B1CE69F577705455263BD980C39A82C\MQL5\Experts\Batch_0054\TurnGrid\ini
2025-04-27 14:56:28,781 - INFO - Deleted INI directory: C:\Users\nikol\AppData\Roaming\MetaQuotes\Terminal\4B1CE69F577705455263BD980C39A82C\MQL5\Experts\Batch_0054\Two-20MA-20RSI-20ADX-20EA\ini
2025-04-27 14:56:29,264 - INFO - Deleted INI directory: C:\Users\nikol\AppData\Roaming\MetaQuotes\Terminal\4B1CE69F577705455263BD980C39A82C\MQL5\Experts\Batch_0054\Two-20Orders-20Panel\ini
2025-04-27 14:56:29,733 - INFO - Deleted INI directory: C:\Users\nikol\AppData\Roaming\MetaQuotes\Terminal\4B1CE69F577705455263BD980C39A82C\MQL5\Experts\Batch_0054\Two-pending-orders-2\ini
2025-04-27 14:56:30,259 - INFO - Deleted INI directory: C:\Users\nikol\AppData\Roaming\MetaQuotes\Terminal\4B1CE69F577705455263BD980C39A82C\MQL5\Experts\Batch_0054\Two-PerBar\ini
2025-04-27 14:56:30,814 - INFO - Deleted INI directory: C:\Users\nikol\AppData\Roaming\MetaQuotes\Terminal\4B1CE69F577705455263BD980C39A82C\MQL5\Experts\Batch_0055\UnityPro\ini
2025-04-27 14:56:31,360 - INFO - Deleted INI directory: C:\Users\nikol\AppData\Roaming\MetaQuotes\Terminal\4B1CE69F577705455263BD980C39A82C\MQL5\Experts\Batch_0055\UniversalMACrossEA\ini
2025-04-27 14:56:31,831 - INFO - Deleted INI directory: C:\Users\nikol\AppData\Roaming\MetaQuotes\Terminal\4B1CE69F577705455263BD980C39A82C\MQL5\Experts\Batch_0055\UniversalSignalDemo\ini
2025-04-27 14:56:32,271 - INFO - Deleted INI directory: C:\Users\nikol\AppData\Roaming\MetaQuotes\Terminal\4B1CE69F577705455263BD980C39A82C\MQL5\Experts\Batch_0055\Universum-3.0\ini
2025-04-27 14:56:32,808 - INFO - Deleted INI directory: C:\Users\nikol\AppData\Roaming\MetaQuotes\Terminal\4B1CE69F577705455263BD980C39A82C\MQL5\Experts\Batch_0055\UnNomGuai-20EA\ini
2025-04-27 14:56:33,267 - INFO - Deleted INI directory: C:\Users\nikol\AppData\Roaming\MetaQuotes\Terminal\4B1CE69F577705455263BD980C39A82C\MQL5\Experts\Batch_0055\up3x1\ini
2025-04-27 14:56:33,784 - INFO - Deleted INI directory: C:\Users\nikol\AppData\Roaming\MetaQuotes\Terminal\4B1CE69F577705455263BD980C39A82C\MQL5\Experts\Batch_0055\up3x1-Investor\ini
2025-04-27 14:56:34,275 - INFO - Deleted INI directory: C:\Users\nikol\AppData\Roaming\MetaQuotes\Terminal\4B1CE69F577705455263BD980C39A82C\MQL5\Experts\Batch_0055\up3x1-premium-M\ini
2025-04-27 14:56:34,804 - INFO - Deleted INI directory: C:\Users\nikol\AppData\Roaming\MetaQuotes\Terminal\4B1CE69F577705455263BD980C39A82C\MQL5\Experts\Batch_0055\Upgraded-EA-CRASH-1000MT5-YoforexPremium\ini
2025-04-27 14:56:35,307 - INFO - Deleted INI directory: C:\Users\nikol\AppData\Roaming\MetaQuotes\Terminal\4B1CE69F577705455263BD980C39A82C\MQL5\Experts\Batch_0055\Urdala-Trol\ini
2025-04-27 14:56:35,836 - INFO - Deleted INI directory: C:\Users\nikol\AppData\Roaming\MetaQuotes\Terminal\4B1CE69F577705455263BD980C39A82C\MQL5\Experts\Batch_0056\Very-Blonde-System\ini
2025-04-27 14:56:36,339 - INFO - Deleted INI directory: C:\Users\nikol\AppData\Roaming\MetaQuotes\Terminal\4B1CE69F577705455263BD980C39A82C\MQL5\Experts\Batch_0056\Virtual-Trailing-Stop\ini
2025-04-27 14:56:36,857 - INFO - Deleted INI directory: C:\Users\nikol\AppData\Roaming\MetaQuotes\Terminal\4B1CE69F577705455263BD980C39A82C\MQL5\Experts\Batch_0056\VLT-TRADER\ini
2025-04-27 14:56:37,323 - INFO - Deleted INI directory: C:\Users\nikol\AppData\Roaming\MetaQuotes\Terminal\4B1CE69F577705455263BD980C39A82C\MQL5\Experts\Batch_0056\Volume-trader\ini
2025-04-27 14:56:37,807 - INFO - Deleted INI directory: C:\Users\nikol\AppData\Roaming\MetaQuotes\Terminal\4B1CE69F577705455263BD980C39A82C\MQL5\Experts\Batch_0056\Vortex-Indicator-System\ini
2025-04-27 14:56:38,340 - INFO - Deleted INI directory: C:\Users\nikol\AppData\Roaming\MetaQuotes\Terminal\4B1CE69F577705455263BD980C39A82C\MQL5\Experts\Batch_0056\VR-Overturn\ini
2025-04-27 14:56:48,891 - INFO - Deleted INI directory: C:\Users\nikol\AppData\Roaming\MetaQuotes\Terminal\4B1CE69F577705455263BD980C39A82C\MQL5\Experts\Batch_0056\VR-ZVER\ini
2025-04-27 14:56:49,386 - INFO - Deleted INI directory: C:\Users\nikol\AppData\Roaming\MetaQuotes\Terminal\4B1CE69F577705455263BD980C39A82C\MQL5\Experts\Batch_0056\VR-ZVER-v.2\ini
2025-04-27 14:56:49,882 - INFO - Deleted INI directory: C:\Users\nikol\AppData\Roaming\MetaQuotes\Terminal\4B1CE69F577705455263BD980C39A82C\MQL5\Experts\Batch_0056\VZO\ini
2025-04-27 14:56:50,373 - INFO - Deleted INI directory: C:\Users\nikol\AppData\Roaming\MetaQuotes\Terminal\4B1CE69F577705455263BD980C39A82C\MQL5\Experts\Batch_0056\Waddah-Attar-Win\ini
2025-04-27 14:56:50,801 - INFO - Deleted INI directory: C:\Users\nikol\AppData\Roaming\MetaQuotes\Terminal\4B1CE69F577705455263BD980C39A82C\MQL5\Experts\Batch_0057\NSK-Swing\ini
2025-04-27 14:56:51,259 - INFO - Deleted INI directory: C:\Users\nikol\AppData\Roaming\MetaQuotes\Terminal\4B1CE69F577705455263BD980C39A82C\MQL5\Experts\Batch_0057\Simple-Trade\ini
2025-04-27 14:56:51,704 - INFO - Deleted INI directory: C:\Users\nikol\AppData\Roaming\MetaQuotes\Terminal\4B1CE69F577705455263BD980C39A82C\MQL5\Experts\Batch_0057\Two-Perbar\ini
2025-04-27 14:56:52,159 - INFO - Deleted INI directory: C:\Users\nikol\AppData\Roaming\MetaQuotes\Terminal\4B1CE69F577705455263BD980C39A82C\MQL5\Experts\Batch_0057\wagonKing1-EA\ini
2025-04-27 14:56:52,610 - INFO - Deleted INI directory: C:\Users\nikol\AppData\Roaming\MetaQuotes\Terminal\4B1CE69F577705455263BD980C39A82C\MQL5\Experts\Batch_0057\WE-TRUST\ini
2025-04-27 14:56:53,090 - INFO - Deleted INI directory: C:\Users\nikol\AppData\Roaming\MetaQuotes\Terminal\4B1CE69F577705455263BD980C39A82C\MQL5\Experts\Batch_0057\X-RSIOMA\ini
2025-04-27 14:56:53,532 - INFO - Deleted INI directory: C:\Users\nikol\AppData\Roaming\MetaQuotes\Terminal\4B1CE69F577705455263BD980C39A82C\MQL5\Experts\Batch_0057\XKPRMST-EA-MT5-YoForexPremium\ini
2025-04-27 14:56:57,697 - INFO - Deleted INI directory: C:\Users\nikol\AppData\Roaming\MetaQuotes\Terminal\4B1CE69F577705455263BD980C39A82C\MQL5\Experts\Batch_0057\XT-EURUSD-EA-MT5-YoForexPremium\ini
2025-04-27 14:57:03,949 - INFO - Deleted INI directory: C:\Users\nikol\AppData\Roaming\MetaQuotes\Terminal\4B1CE69F577705455263BD980C39A82C\MQL5\Experts\Batch_0057\Yesterday-Today\ini
2025-04-27 14:57:06,207 - INFO - Deleted INI directory: C:\Users\nikol\AppData\Roaming\MetaQuotes\Terminal\4B1CE69F577705455263BD980C39A82C\MQL5\Experts\Batch_0057\Yumnaa-Classic-EA-MT5-Setfiles-YoForexPremium\ini
2025-04-27 14:57:06,208 - INFO - Successfully deleted 570 INI directories
