2025-04-25 13:33:47,376 - INFO - Deleted INI directory: C:\Users\nikol\AppData\Roaming\MetaQuotes\Terminal\4B1CE69F577705455263BD980C39A82C\MQL5\Experts\Batch_0001\10-pips\ini
2025-04-25 13:33:48,194 - INFO - Deleted INI directory: C:\Users\nikol\AppData\Roaming\MetaQuotes\Terminal\4B1CE69F577705455263BD980C39A82C\MQL5\Experts\Batch_0001\10-pips-EURUSD\ini
2025-04-25 13:33:48,998 - INFO - Deleted INI directory: C:\Users\nikol\AppData\Roaming\MetaQuotes\Terminal\4B1CE69F577705455263BD980C39A82C\MQL5\Experts\Batch_0001\1H-EUR-USD\ini
2025-04-25 13:33:49,810 - INFO - Deleted INI directory: C:\Users\nikol\AppData\Roaming\MetaQuotes\Terminal\4B1CE69F577705455263BD980C39A82C\MQL5\Experts\Batch_0001\20011201-GBPUSD-M1\ini
2025-04-25 13:33:50,229 - INFO - Deleted INI directory: C:\Users\nikol\AppData\Roaming\MetaQuotes\Terminal\4B1CE69F577705455263BD980C39A82C\MQL5\Experts\Batch_0001\21hour\ini
2025-04-25 13:33:51,075 - INFO - Deleted INI directory: C:\Users\nikol\AppData\Roaming\MetaQuotes\Terminal\4B1CE69F577705455263BD980C39A82C\MQL5\Experts\Batch_0001\2HR-HL\ini
2025-04-25 13:33:51,891 - INFO - Deleted INI directory: C:\Users\nikol\AppData\Roaming\MetaQuotes\Terminal\4B1CE69F577705455263BD980C39A82C\MQL5\Experts\Batch_0001\2MA-4Level\ini
2025-04-25 13:33:52,713 - INFO - Deleted INI directory: C:\Users\nikol\AppData\Roaming\MetaQuotes\Terminal\4B1CE69F577705455263BD980C39A82C\MQL5\Experts\Batch_0001\2MA-Bunny-Cross\ini
2025-04-25 13:33:53,254 - INFO - Deleted INI directory: C:\Users\nikol\AppData\Roaming\MetaQuotes\Terminal\4B1CE69F577705455263BD980C39A82C\MQL5\Experts\Batch_0001\3-bars-high-low-indicator\ini
2025-04-25 13:33:54,085 - INFO - Deleted INI directory: C:\Users\nikol\AppData\Roaming\MetaQuotes\Terminal\4B1CE69F577705455263BD980C39A82C\MQL5\Experts\Batch_0001\35-Pip-Scalper\ini
2025-04-25 13:33:54,532 - INFO - Deleted INI directory: C:\Users\nikol\AppData\Roaming\MetaQuotes\Terminal\4B1CE69F577705455263BD980C39A82C\MQL5\Experts\Batch_0002\3BarsHighLowEA\ini
2025-04-25 13:33:54,955 - INFO - Deleted INI directory: C:\Users\nikol\AppData\Roaming\MetaQuotes\Terminal\4B1CE69F577705455263BD980C39A82C\MQL5\Experts\Batch_0002\3sma\ini
2025-04-25 13:33:55,513 - INFO - Deleted INI directory: C:\Users\nikol\AppData\Roaming\MetaQuotes\Terminal\4B1CE69F577705455263BD980C39A82C\MQL5\Experts\Batch_0002\3sma_\ini
2025-04-25 13:33:55,924 - INFO - Deleted INI directory: C:\Users\nikol\AppData\Roaming\MetaQuotes\Terminal\4B1CE69F577705455263BD980C39A82C\MQL5\Experts\Batch_0002\500\ini
2025-04-25 13:33:56,462 - INFO - Deleted INI directory: C:\Users\nikol\AppData\Roaming\MetaQuotes\Terminal\4B1CE69F577705455263BD980C39A82C\MQL5\Experts\Batch_0002\55-MA\ini
2025-04-25 13:33:56,897 - INFO - Deleted INI directory: C:\Users\nikol\AppData\Roaming\MetaQuotes\Terminal\4B1CE69F577705455263BD980C39A82C\MQL5\Experts\Batch_0002\A\ini
2025-04-25 13:33:57,409 - INFO - Deleted INI directory: C:\Users\nikol\AppData\Roaming\MetaQuotes\Terminal\4B1CE69F577705455263BD980C39A82C\MQL5\Experts\Batch_0002\Above-Below-MA\ini
2025-04-25 13:33:57,846 - INFO - Deleted INI directory: C:\Users\nikol\AppData\Roaming\MetaQuotes\Terminal\4B1CE69F577705455263BD980C39A82C\MQL5\Experts\Batch_0002\Absorption\ini
2025-04-25 13:33:58,353 - INFO - Deleted INI directory: C:\Users\nikol\AppData\Roaming\MetaQuotes\Terminal\4B1CE69F577705455263BD980C39A82C\MQL5\Experts\Batch_0002\AC-ACADEMY-US30\ini
2025-04-25 13:33:58,786 - INFO - Deleted INI directory: C:\Users\nikol\AppData\Roaming\MetaQuotes\Terminal\4B1CE69F577705455263BD980C39A82C\MQL5\Experts\Batch_0002\Accumulator\ini
2025-04-25 13:33:59,304 - INFO - Deleted INI directory: C:\Users\nikol\AppData\Roaming\MetaQuotes\Terminal\4B1CE69F577705455263BD980C39A82C\MQL5\Experts\Batch_0002\temp_3sma-1\ini
2025-04-25 13:33:59,837 - INFO - Deleted INI directory: C:\Users\nikol\AppData\Roaming\MetaQuotes\Terminal\4B1CE69F577705455263BD980C39A82C\MQL5\Experts\Batch_0002\temp_temp-3sma-1\ini
2025-04-25 13:34:00,660 - INFO - Deleted INI directory: C:\Users\nikol\AppData\Roaming\MetaQuotes\Terminal\4B1CE69F577705455263BD980C39A82C\MQL5\Experts\Batch_0002\temp_temp-temp-3sma-1\ini
2025-04-25 13:34:01,186 - INFO - Deleted INI directory: C:\Users\nikol\AppData\Roaming\MetaQuotes\Terminal\4B1CE69F577705455263BD980C39A82C\MQL5\Experts\Batch_0003\ADX-MA\ini
2025-04-25 13:34:01,710 - INFO - Deleted INI directory: C:\Users\nikol\AppData\Roaming\MetaQuotes\Terminal\4B1CE69F577705455263BD980C39A82C\MQL5\Experts\Batch_0003\ADX-MACD-Deev\ini
2025-04-25 13:34:02,216 - INFO - Deleted INI directory: C:\Users\nikol\AppData\Roaming\MetaQuotes\Terminal\4B1CE69F577705455263BD980C39A82C\MQL5\Experts\Batch_0003\ADX-System\ini
2025-04-25 13:34:02,729 - INFO - Deleted INI directory: C:\Users\nikol\AppData\Roaming\MetaQuotes\Terminal\4B1CE69F577705455263BD980C39A82C\MQL5\Experts\Batch_0003\AI-GOLD\ini
2025-04-25 13:34:03,271 - INFO - Deleted INI directory: C:\Users\nikol\AppData\Roaming\MetaQuotes\Terminal\4B1CE69F577705455263BD980C39A82C\MQL5\Experts\Batch_0003\AI-Trader\ini
2025-04-25 13:34:03,786 - INFO - Deleted INI directory: C:\Users\nikol\AppData\Roaming\MetaQuotes\Terminal\4B1CE69F577705455263BD980C39A82C\MQL5\Experts\Batch_0003\AI-TUNE\ini
2025-04-25 13:34:04,309 - INFO - Deleted INI directory: C:\Users\nikol\AppData\Roaming\MetaQuotes\Terminal\4B1CE69F577705455263BD980C39A82C\MQL5\Experts\Batch_0003\AI-Tune-EAMT5-YoforexPremium\ini
2025-04-25 13:34:04,837 - INFO - Deleted INI directory: C:\Users\nikol\AppData\Roaming\MetaQuotes\Terminal\4B1CE69F577705455263BD980C39A82C\MQL5\Experts\Batch_0003\AI-TUNE-FIXED-YFP\ini
2025-04-25 13:34:05,297 - INFO - Deleted INI directory: C:\Users\nikol\AppData\Roaming\MetaQuotes\Terminal\4B1CE69F577705455263BD980C39A82C\MQL5\Experts\Batch_0003\AIS1\ini
2025-04-25 13:34:05,816 - INFO - Deleted INI directory: C:\Users\nikol\AppData\Roaming\MetaQuotes\Terminal\4B1CE69F577705455263BD980C39A82C\MQL5\Experts\Batch_0003\AK-47-Scalper-EA-MT5\ini
2025-04-25 13:34:06,360 - INFO - Deleted INI directory: C:\Users\nikol\AppData\Roaming\MetaQuotes\Terminal\4B1CE69F577705455263BD980C39A82C\MQL5\Experts\Batch_0003\temp-AI-Tune-EA-YoforexPremium\ini
2025-04-25 13:34:06,871 - INFO - Deleted INI directory: C:\Users\nikol\AppData\Roaming\MetaQuotes\Terminal\4B1CE69F577705455263BD980C39A82C\MQL5\Experts\Batch_0003\temp-AK-47-Scalper-EA\ini
2025-04-25 13:34:07,400 - INFO - Deleted INI directory: C:\Users\nikol\AppData\Roaming\MetaQuotes\Terminal\4B1CE69F577705455263BD980C39A82C\MQL5\Experts\Batch_0003\temp_AI-Tune-EA-YoforexPremium\ini
2025-04-25 13:34:07,922 - INFO - Deleted INI directory: C:\Users\nikol\AppData\Roaming\MetaQuotes\Terminal\4B1CE69F577705455263BD980C39A82C\MQL5\Experts\Batch_0003\temp_AK-47-Scalper-EA\ini
2025-04-25 13:34:08,437 - INFO - Deleted INI directory: C:\Users\nikol\AppData\Roaming\MetaQuotes\Terminal\4B1CE69F577705455263BD980C39A82C\MQL5\Experts\Batch_0004\AK-47-Scalper-EA-yoforexPremium-MT5\ini
2025-04-25 13:34:08,812 - INFO - Deleted INI directory: C:\Users\nikol\AppData\Roaming\MetaQuotes\Terminal\4B1CE69F577705455263BD980C39A82C\MQL5\Experts\Batch_0004\AK-47-Scalper-EAMT4-with-sourcecode-YoforexPremium-MT5\ini
2025-04-25 13:34:08,934 - INFO - Deleted INI directory: C:\Users\nikol\AppData\Roaming\MetaQuotes\Terminal\4B1CE69F577705455263BD980C39A82C\MQL5\Experts\Batch_0004\ALCHEMIST-YoforexPremium\ini
2025-04-25 13:34:09,048 - INFO - Deleted INI directory: C:\Users\nikol\AppData\Roaming\MetaQuotes\Terminal\4B1CE69F577705455263BD980C39A82C\MQL5\Experts\Batch_0004\Alexav-D1-Profit-GBPUSD\ini
2025-04-25 13:34:09,162 - INFO - Deleted INI directory: C:\Users\nikol\AppData\Roaming\MetaQuotes\Terminal\4B1CE69F577705455263BD980C39A82C\MQL5\Experts\Batch_0004\All-Average-Ea\ini
2025-04-25 13:34:09,254 - INFO - Deleted INI directory: C:\Users\nikol\AppData\Roaming\MetaQuotes\Terminal\4B1CE69F577705455263BD980C39A82C\MQL5\Experts\Batch_0004\Alligator\ini
2025-04-25 13:34:09,366 - INFO - Deleted INI directory: C:\Users\nikol\AppData\Roaming\MetaQuotes\Terminal\4B1CE69F577705455263BD980C39A82C\MQL5\Experts\Batch_0004\Alligator-Simple\ini
2025-04-25 13:34:09,490 - INFO - Deleted INI directory: C:\Users\nikol\AppData\Roaming\MetaQuotes\Terminal\4B1CE69F577705455263BD980C39A82C\MQL5\Experts\Batch_0004\Alpha-Zero-AI-RobotMT5-YoForexPremium\ini
2025-04-25 13:34:09,610 - INFO - Deleted INI directory: C:\Users\nikol\AppData\Roaming\MetaQuotes\Terminal\4B1CE69F577705455263BD980C39A82C\MQL5\Experts\Batch_0004\Altarius-RSI-Stohastic\ini
2025-04-25 13:34:09,726 - INFO - Deleted INI directory: C:\Users\nikol\AppData\Roaming\MetaQuotes\Terminal\4B1CE69F577705455263BD980C39A82C\MQL5\Experts\Batch_0004\AMA-Trader\ini
2025-04-25 13:34:09,832 - INFO - Deleted INI directory: C:\Users\nikol\AppData\Roaming\MetaQuotes\Terminal\4B1CE69F577705455263BD980C39A82C\MQL5\Experts\Batch_0004\temp-AK-47-Scalper-EA-with-sourcecode-YoforexPremium\ini
2025-04-25 13:34:09,940 - INFO - Deleted INI directory: C:\Users\nikol\AppData\Roaming\MetaQuotes\Terminal\4B1CE69F577705455263BD980C39A82C\MQL5\Experts\Batch_0004\temp-AK-47-Scalper-EA-yoforexPremium\ini
2025-04-25 13:34:10,055 - INFO - Deleted INI directory: C:\Users\nikol\AppData\Roaming\MetaQuotes\Terminal\4B1CE69F577705455263BD980C39A82C\MQL5\Experts\Batch_0004\temp-Alpha-Zero-AI-Robot-YoForexPremium\ini
2025-04-25 13:34:10,166 - INFO - Deleted INI directory: C:\Users\nikol\AppData\Roaming\MetaQuotes\Terminal\4B1CE69F577705455263BD980C39A82C\MQL5\Experts\Batch_0004\temp_AK-47-Scalper-EA-with-sourcecode-YoforexPremium\ini
2025-04-25 13:34:10,282 - INFO - Deleted INI directory: C:\Users\nikol\AppData\Roaming\MetaQuotes\Terminal\4B1CE69F577705455263BD980C39A82C\MQL5\Experts\Batch_0004\temp_AK-47-Scalper-EA-yoforexPremium\ini
2025-04-25 13:34:10,400 - INFO - Deleted INI directory: C:\Users\nikol\AppData\Roaming\MetaQuotes\Terminal\4B1CE69F577705455263BD980C39A82C\MQL5\Experts\Batch_0004\temp_Alpha-Zero-AI-Robot-YoForexPremium\ini
2025-04-25 13:34:10,513 - INFO - Deleted INI directory: C:\Users\nikol\AppData\Roaming\MetaQuotes\Terminal\4B1CE69F577705455263BD980C39A82C\MQL5\Experts\Batch_0005\AMA-Trader-2\ini
2025-04-25 13:34:10,624 - INFO - Deleted INI directory: C:\Users\nikol\AppData\Roaming\MetaQuotes\Terminal\4B1CE69F577705455263BD980C39A82C\MQL5\Experts\Batch_0005\AO-Lightning\ini
2025-04-25 13:34:10,719 - INFO - Deleted INI directory: C:\Users\nikol\AppData\Roaming\MetaQuotes\Terminal\4B1CE69F577705455263BD980C39A82C\MQL5\Experts\Batch_0005\AOCCI\ini
2025-04-25 13:34:10,815 - INFO - Deleted INI directory: C:\Users\nikol\AppData\Roaming\MetaQuotes\Terminal\4B1CE69F577705455263BD980C39A82C\MQL5\Experts\Batch_0005\Arbitrage\ini
2025-04-25 13:34:10,909 - INFO - Deleted INI directory: C:\Users\nikol\AppData\Roaming\MetaQuotes\Terminal\4B1CE69F577705455263BD980C39A82C\MQL5\Experts\Batch_0005\ArbSint\ini
2025-04-25 13:34:11,021 - INFO - Deleted INI directory: C:\Users\nikol\AppData\Roaming\MetaQuotes\Terminal\4B1CE69F577705455263BD980C39A82C\MQL5\Experts\Batch_0005\Area-MACD\ini
2025-04-25 13:34:11,129 - INFO - Deleted INI directory: C:\Users\nikol\AppData\Roaming\MetaQuotes\Terminal\4B1CE69F577705455263BD980C39A82C\MQL5\Experts\Batch_0005\Artificial-Intelligence\ini
2025-04-25 13:34:11,246 - INFO - Deleted INI directory: C:\Users\nikol\AppData\Roaming\MetaQuotes\Terminal\4B1CE69F577705455263BD980C39A82C\MQL5\Experts\Batch_0005\At-random\ini
2025-04-25 13:34:11,360 - INFO - Deleted INI directory: C:\Users\nikol\AppData\Roaming\MetaQuotes\Terminal\4B1CE69F577705455263BD980C39A82C\MQL5\Experts\Batch_0005\At-random-Full\ini
2025-04-25 13:34:11,504 - INFO - Deleted INI directory: C:\Users\nikol\AppData\Roaming\MetaQuotes\Terminal\4B1CE69F577705455263BD980C39A82C\MQL5\Experts\Batch_0005\ATR-SCLAPER\ini
2025-04-25 13:34:11,621 - INFO - Deleted INI directory: C:\Users\nikol\AppData\Roaming\MetaQuotes\Terminal\4B1CE69F577705455263BD980C39A82C\MQL5\Experts\Batch_0006\ATR-SCLAPER-EA-MT5-YoforexPremium\ini
2025-04-25 13:34:11,736 - INFO - Deleted INI directory: C:\Users\nikol\AppData\Roaming\MetaQuotes\Terminal\4B1CE69F577705455263BD980C39A82C\MQL5\Experts\Batch_0006\Auto-ADX\ini
2025-04-25 13:34:11,856 - INFO - Deleted INI directory: C:\Users\nikol\AppData\Roaming\MetaQuotes\Terminal\4B1CE69F577705455263BD980C39A82C\MQL5\Experts\Batch_0006\Auto-Pivot-Plotter-28Mid-Levels-29-41\ini
2025-04-25 13:34:11,969 - INFO - Deleted INI directory: C:\Users\nikol\AppData\Roaming\MetaQuotes\Terminal\4B1CE69F577705455263BD980C39A82C\MQL5\Experts\Batch_0006\AutoLock-EA\ini
2025-04-25 13:34:12,083 - INFO - Deleted INI directory: C:\Users\nikol\AppData\Roaming\MetaQuotes\Terminal\4B1CE69F577705455263BD980C39A82C\MQL5\Experts\Batch_0006\Autotrader-Momentum\ini
2025-04-25 13:34:12,191 - INFO - Deleted INI directory: C:\Users\nikol\AppData\Roaming\MetaQuotes\Terminal\4B1CE69F577705455263BD980C39A82C\MQL5\Experts\Batch_0006\Avalanche-AV\ini
2025-04-25 13:34:12,280 - INFO - Deleted INI directory: C:\Users\nikol\AppData\Roaming\MetaQuotes\Terminal\4B1CE69F577705455263BD980C39A82C\MQL5\Experts\Batch_0006\Backbone\ini
2025-04-25 13:34:12,393 - INFO - Deleted INI directory: C:\Users\nikol\AppData\Roaming\MetaQuotes\Terminal\4B1CE69F577705455263BD980C39A82C\MQL5\Experts\Batch_0006\backtrader-master\ini
2025-04-25 13:34:12,484 - INFO - Deleted INI directory: C:\Users\nikol\AppData\Roaming\MetaQuotes\Terminal\4B1CE69F577705455263BD980C39A82C\MQL5\Experts\Batch_0006\BADX\ini
2025-04-25 13:34:12,595 - INFO - Deleted INI directory: C:\Users\nikol\AppData\Roaming\MetaQuotes\Terminal\4B1CE69F577705455263BD980C39A82C\MQL5\Experts\Batch_0006\Bago-EA\ini
2025-04-25 13:34:12,713 - INFO - Deleted INI directory: C:\Users\nikol\AppData\Roaming\MetaQuotes\Terminal\4B1CE69F577705455263BD980C39A82C\MQL5\Experts\Batch_0006\temp-ATR-SCLAPER-EA-YoforexPremium\ini
2025-04-25 13:34:12,827 - INFO - Deleted INI directory: C:\Users\nikol\AppData\Roaming\MetaQuotes\Terminal\4B1CE69F577705455263BD980C39A82C\MQL5\Experts\Batch_0006\temp_ATR-SCLAPER-EA-YoforexPremium\ini
2025-04-25 13:34:12,959 - INFO - Deleted INI directory: C:\Users\nikol\AppData\Roaming\MetaQuotes\Terminal\4B1CE69F577705455263BD980C39A82C\MQL5\Experts\Batch_0007\BalancedScalper-20EA\ini
2025-04-25 13:34:13,075 - INFO - Deleted INI directory: C:\Users\nikol\AppData\Roaming\MetaQuotes\Terminal\4B1CE69F577705455263BD980C39A82C\MQL5\Experts\Batch_0007\Bands-2\ini
2025-04-25 13:34:13,177 - INFO - Deleted INI directory: C:\Users\nikol\AppData\Roaming\MetaQuotes\Terminal\4B1CE69F577705455263BD980C39A82C\MQL5\Experts\Batch_0007\BARS-Alligator\ini
2025-04-25 13:34:13,281 - INFO - Deleted INI directory: C:\Users\nikol\AppData\Roaming\MetaQuotes\Terminal\4B1CE69F577705455263BD980C39A82C\MQL5\Experts\Batch_0007\Basic-CCI-RSI\ini
2025-04-25 13:34:13,397 - INFO - Deleted INI directory: C:\Users\nikol\AppData\Roaming\MetaQuotes\Terminal\4B1CE69F577705455263BD980C39A82C\MQL5\Experts\Batch_0007\Basic-Martingale-EA-3\ini
2025-04-25 13:34:13,513 - INFO - Deleted INI directory: C:\Users\nikol\AppData\Roaming\MetaQuotes\Terminal\4B1CE69F577705455263BD980C39A82C\MQL5\Experts\Batch_0007\bb-automated\ini
2025-04-25 13:34:13,622 - INFO - Deleted INI directory: C:\Users\nikol\AppData\Roaming\MetaQuotes\Terminal\4B1CE69F577705455263BD980C39A82C\MQL5\Experts\Batch_0007\BB-stops-MT5\ini
2025-04-25 13:34:13,716 - INFO - Deleted INI directory: C:\Users\nikol\AppData\Roaming\MetaQuotes\Terminal\4B1CE69F577705455263BD980C39A82C\MQL5\Experts\Batch_0007\BBPercentile\ini
2025-04-25 13:34:13,827 - INFO - Deleted INI directory: C:\Users\nikol\AppData\Roaming\MetaQuotes\Terminal\4B1CE69F577705455263BD980C39A82C\MQL5\Experts\Batch_0007\BBPercentile-EA\ini
2025-04-25 13:34:13,950 - INFO - Deleted INI directory: C:\Users\nikol\AppData\Roaming\MetaQuotes\Terminal\4B1CE69F577705455263BD980C39A82C\MQL5\Experts\Batch_0007\BDCrossOver-20EA\ini
2025-04-25 13:34:14,059 - INFO - Deleted INI directory: C:\Users\nikol\AppData\Roaming\MetaQuotes\Terminal\4B1CE69F577705455263BD980C39A82C\MQL5\Experts\Batch_0007\temp-BB-stops\ini
2025-04-25 13:34:14,170 - INFO - Deleted INI directory: C:\Users\nikol\AppData\Roaming\MetaQuotes\Terminal\4B1CE69F577705455263BD980C39A82C\MQL5\Experts\Batch_0007\temp_BB-stops\ini
2025-04-25 13:34:14,284 - INFO - Deleted INI directory: C:\Users\nikol\AppData\Roaming\MetaQuotes\Terminal\4B1CE69F577705455263BD980C39A82C\MQL5\Experts\Batch_0008\BEAR-row-full-EA\ini
2025-04-25 13:34:14,387 - INFO - Deleted INI directory: C:\Users\nikol\AppData\Roaming\MetaQuotes\Terminal\4B1CE69F577705455263BD980C39A82C\MQL5\Experts\Batch_0008\BIG-DOG\ini
2025-04-25 13:34:14,500 - INFO - Deleted INI directory: C:\Users\nikol\AppData\Roaming\MetaQuotes\Terminal\4B1CE69F577705455263BD980C39A82C\MQL5\Experts\Batch_0008\BIG-RECOVERY-EA-MT5-YoForexPremium\ini
2025-04-25 13:34:14,622 - INFO - Deleted INI directory: C:\Users\nikol\AppData\Roaming\MetaQuotes\Terminal\4B1CE69F577705455263BD980C39A82C\MQL5\Experts\Batch_0008\Bill-Williams\ini
2025-04-25 13:34:14,712 - INFO - Deleted INI directory: C:\Users\nikol\AppData\Roaming\MetaQuotes\Terminal\4B1CE69F577705455263BD980C39A82C\MQL5\Experts\Batch_0008\bollinger\ini
2025-04-25 13:34:14,835 - INFO - Deleted INI directory: C:\Users\nikol\AppData\Roaming\MetaQuotes\Terminal\4B1CE69F577705455263BD980C39A82C\MQL5\Experts\Batch_0008\Bollinger-Band-Two-MA-and-Zig-Zag\ini
2025-04-25 13:34:14,950 - INFO - Deleted INI directory: C:\Users\nikol\AppData\Roaming\MetaQuotes\Terminal\4B1CE69F577705455263BD980C39A82C\MQL5\Experts\Batch_0008\Bollinger-Bands-N-positions\ini
2025-04-25 13:34:15,059 - INFO - Deleted INI directory: C:\Users\nikol\AppData\Roaming\MetaQuotes\Terminal\4B1CE69F577705455263BD980C39A82C\MQL5\Experts\Batch_0008\Bollinger-Bands-RSI\ini
2025-04-25 13:34:15,170 - INFO - Deleted INI directory: C:\Users\nikol\AppData\Roaming\MetaQuotes\Terminal\4B1CE69F577705455263BD980C39A82C\MQL5\Experts\Batch_0008\BORN4PIPS-EA-1-YoForexPremium\ini
2025-04-25 13:34:15,282 - INFO - Deleted INI directory: C:\Users\nikol\AppData\Roaming\MetaQuotes\Terminal\4B1CE69F577705455263BD980C39A82C\MQL5\Experts\Batch_0008\BORN4PIPS-EA-MT5-YoForexPremium\ini
2025-04-25 13:34:15,400 - INFO - Deleted INI directory: C:\Users\nikol\AppData\Roaming\MetaQuotes\Terminal\4B1CE69F577705455263BD980C39A82C\MQL5\Experts\Batch_0008\temp-BIG-RECOVERY-EA-YoForexPremium\ini
2025-04-25 13:34:15,505 - INFO - Deleted INI directory: C:\Users\nikol\AppData\Roaming\MetaQuotes\Terminal\4B1CE69F577705455263BD980C39A82C\MQL5\Experts\Batch_0008\temp-BORN4PIPS-EA-YoForexPremium\ini
2025-04-25 13:34:15,610 - INFO - Deleted INI directory: C:\Users\nikol\AppData\Roaming\MetaQuotes\Terminal\4B1CE69F577705455263BD980C39A82C\MQL5\Experts\Batch_0008\temp_BIG-RECOVERY-EA-YoForexPremium\ini
2025-04-25 13:34:15,728 - INFO - Deleted INI directory: C:\Users\nikol\AppData\Roaming\MetaQuotes\Terminal\4B1CE69F577705455263BD980C39A82C\MQL5\Experts\Batch_0008\temp_BORN4PIPS-EA-YoForexPremium\ini
2025-04-25 13:34:15,844 - INFO - Deleted INI directory: C:\Users\nikol\AppData\Roaming\MetaQuotes\Terminal\4B1CE69F577705455263BD980C39A82C\MQL5\Experts\Batch_0009\Brakeout-Trader\ini
2025-04-25 13:34:15,935 - INFO - Deleted INI directory: C:\Users\nikol\AppData\Roaming\MetaQuotes\Terminal\4B1CE69F577705455263BD980C39A82C\MQL5\Experts\Batch_0009\Brandy\ini
2025-04-25 13:34:16,049 - INFO - Deleted INI directory: C:\Users\nikol\AppData\Roaming\MetaQuotes\Terminal\4B1CE69F577705455263BD980C39A82C\MQL5\Experts\Batch_0009\Brazilian-EA-MT5-YoforexPremium\ini
2025-04-25 13:34:16,148 - INFO - Deleted INI directory: C:\Users\nikol\AppData\Roaming\MetaQuotes\Terminal\4B1CE69F577705455263BD980C39A82C\MQL5\Experts\Batch_0009\Breadandbutter2\ini
2025-04-25 13:34:16,241 - INFO - Deleted INI directory: C:\Users\nikol\AppData\Roaming\MetaQuotes\Terminal\4B1CE69F577705455263BD980C39A82C\MQL5\Experts\Batch_0009\breakdown\ini
2025-04-25 13:34:16,360 - INFO - Deleted INI directory: C:\Users\nikol\AppData\Roaming\MetaQuotes\Terminal\4B1CE69F577705455263BD980C39A82C\MQL5\Experts\Batch_0009\Breakdown-catcher\ini
2025-04-25 13:34:16,478 - INFO - Deleted INI directory: C:\Users\nikol\AppData\Roaming\MetaQuotes\Terminal\4B1CE69F577705455263BD980C39A82C\MQL5\Experts\Batch_0009\Breakout-Str\ini
2025-04-25 13:34:16,582 - INFO - Deleted INI directory: C:\Users\nikol\AppData\Roaming\MetaQuotes\Terminal\4B1CE69F577705455263BD980C39A82C\MQL5\Experts\Batch_0009\Bronze-Warrioir\ini
2025-04-25 13:34:16,676 - INFO - Deleted INI directory: C:\Users\nikol\AppData\Roaming\MetaQuotes\Terminal\4B1CE69F577705455263BD980C39A82C\MQL5\Experts\Batch_0009\Bruno\ini
2025-04-25 13:34:16,784 - INFO - Deleted INI directory: C:\Users\nikol\AppData\Roaming\MetaQuotes\Terminal\4B1CE69F577705455263BD980C39A82C\MQL5\Experts\Batch_0009\BSS-1-0\ini
2025-04-25 13:34:16,900 - INFO - Deleted INI directory: C:\Users\nikol\AppData\Roaming\MetaQuotes\Terminal\4B1CE69F577705455263BD980C39A82C\MQL5\Experts\Batch_0009\temp-Brazilian-EA-YoforexPremium\ini
2025-04-25 13:34:17,021 - INFO - Deleted INI directory: C:\Users\nikol\AppData\Roaming\MetaQuotes\Terminal\4B1CE69F577705455263BD980C39A82C\MQL5\Experts\Batch_0009\temp_Brazilian-EA-YoforexPremium\ini
2025-04-25 13:34:17,144 - INFO - Deleted INI directory: C:\Users\nikol\AppData\Roaming\MetaQuotes\Terminal\4B1CE69F577705455263BD980C39A82C\MQL5\Experts\Batch_0010\BTA-Optimal-Trade-Zone-EA-v.1.0-MT5-YoForexPremium\ini
2025-04-25 13:34:17,253 - INFO - Deleted INI directory: C:\Users\nikol\AppData\Roaming\MetaQuotes\Terminal\4B1CE69F577705455263BD980C39A82C\MQL5\Experts\Batch_0010\BTA-Sniper-Entry-v.1.0-EA-MT5-YoForexPremium\ini
2025-04-25 13:34:17,369 - INFO - Deleted INI directory: C:\Users\nikol\AppData\Roaming\MetaQuotes\Terminal\4B1CE69F577705455263BD980C39A82C\MQL5\Experts\Batch_0010\BULL-row-full-EA\ini
2025-04-25 13:34:17,482 - INFO - Deleted INI directory: C:\Users\nikol\AppData\Roaming\MetaQuotes\Terminal\4B1CE69F577705455263BD980C39A82C\MQL5\Experts\Batch_0010\Bullish-and-Bearish-Engulfing\ini
2025-04-25 13:34:17,593 - INFO - Deleted INI directory: C:\Users\nikol\AppData\Roaming\MetaQuotes\Terminal\4B1CE69F577705455263BD980C39A82C\MQL5\Experts\Batch_0010\Burg-Extrapolator\ini
2025-04-25 13:34:17,704 - INFO - Deleted INI directory: C:\Users\nikol\AppData\Roaming\MetaQuotes\Terminal\4B1CE69F577705455263BD980C39A82C\MQL5\Experts\Batch_0010\BykovTrend-EA\ini
2025-04-25 13:34:17,795 - INFO - Deleted INI directory: C:\Users\nikol\AppData\Roaming\MetaQuotes\Terminal\4B1CE69F577705455263BD980C39A82C\MQL5\Experts\Batch_0010\BykovTrend_EA_v3\ini
2025-04-25 13:34:17,944 - INFO - Deleted INI directory: C:\Users\nikol\AppData\Roaming\MetaQuotes\Terminal\4B1CE69F577705455263BD980C39A82C\MQL5\Experts\Batch_0010\Calculate-lotsize-and-Trailling-stop\ini
2025-04-25 13:34:18,039 - INFO - Deleted INI directory: C:\Users\nikol\AppData\Roaming\MetaQuotes\Terminal\4B1CE69F577705455263BD980C39A82C\MQL5\Experts\Batch_0010\Candle\ini
2025-04-25 13:34:18,131 - INFO - Deleted INI directory: C:\Users\nikol\AppData\Roaming\MetaQuotes\Terminal\4B1CE69F577705455263BD980C39A82C\MQL5\Experts\Batch_0010\candlepatternsexample\ini
2025-04-25 13:34:18,256 - INFO - Deleted INI directory: C:\Users\nikol\AppData\Roaming\MetaQuotes\Terminal\4B1CE69F577705455263BD980C39A82C\MQL5\Experts\Batch_0010\temp-BTA-Optimal-Trade-Zone-EA-v.1.0-YoForexPremium\ini
2025-04-25 13:34:18,387 - INFO - Deleted INI directory: C:\Users\nikol\AppData\Roaming\MetaQuotes\Terminal\4B1CE69F577705455263BD980C39A82C\MQL5\Experts\Batch_0010\temp-BTA-Sniper-Entry-v.1.0-EA-YoForexPremium\ini
2025-04-25 13:34:18,501 - INFO - Deleted INI directory: C:\Users\nikol\AppData\Roaming\MetaQuotes\Terminal\4B1CE69F577705455263BD980C39A82C\MQL5\Experts\Batch_0010\temp-BykovTrend-EA-v3\ini
2025-04-25 13:34:18,614 - INFO - Deleted INI directory: C:\Users\nikol\AppData\Roaming\MetaQuotes\Terminal\4B1CE69F577705455263BD980C39A82C\MQL5\Experts\Batch_0010\temp_BTA-Optimal-Trade-Zone-EA-v.1.0-YoForexPremium\ini
2025-04-25 13:34:18,724 - INFO - Deleted INI directory: C:\Users\nikol\AppData\Roaming\MetaQuotes\Terminal\4B1CE69F577705455263BD980C39A82C\MQL5\Experts\Batch_0010\temp_BTA-Sniper-Entry-v.1.0-EA-YoForexPremium\ini
2025-04-25 13:34:18,832 - INFO - Deleted INI directory: C:\Users\nikol\AppData\Roaming\MetaQuotes\Terminal\4B1CE69F577705455263BD980C39A82C\MQL5\Experts\Batch_0010\temp_BykovTrend-EA-v3\ini
2025-04-25 13:34:18,918 - INFO - Deleted INI directory: C:\Users\nikol\AppData\Roaming\MetaQuotes\Terminal\4B1CE69F577705455263BD980C39A82C\MQL5\Experts\Batch_0011\Carbophos\ini
2025-04-25 13:34:19,029 - INFO - Deleted INI directory: C:\Users\nikol\AppData\Roaming\MetaQuotes\Terminal\4B1CE69F577705455263BD980C39A82C\MQL5\Experts\Batch_0011\CashMachine-5min\ini
2025-04-25 13:34:19,142 - INFO - Deleted INI directory: C:\Users\nikol\AppData\Roaming\MetaQuotes\Terminal\4B1CE69F577705455263BD980C39A82C\MQL5\Experts\Batch_0011\CCI-MACD-Scalper\ini
2025-04-25 13:34:19,234 - INFO - Deleted INI directory: C:\Users\nikol\AppData\Roaming\MetaQuotes\Terminal\4B1CE69F577705455263BD980C39A82C\MQL5\Experts\Batch_0011\Cidomo\ini
2025-04-25 13:34:19,335 - INFO - Deleted INI directory: C:\Users\nikol\AppData\Roaming\MetaQuotes\Terminal\4B1CE69F577705455263BD980C39A82C\MQL5\Experts\Batch_0011\CloseAgent\ini
2025-04-25 13:34:19,431 - INFO - Deleted INI directory: C:\Users\nikol\AppData\Roaming\MetaQuotes\Terminal\4B1CE69F577705455263BD980C39A82C\MQL5\Experts\Batch_0011\CloseProfit\ini
2025-04-25 13:34:19,516 - INFO - Deleted INI directory: C:\Users\nikol\AppData\Roaming\MetaQuotes\Terminal\4B1CE69F577705455263BD980C39A82C\MQL5\Experts\Batch_0011\CLOUD\ini
2025-04-25 13:34:19,625 - INFO - Deleted INI directory: C:\Users\nikol\AppData\Roaming\MetaQuotes\Terminal\4B1CE69F577705455263BD980C39A82C\MQL5\Experts\Batch_0011\cloud's-trade-2\ini
2025-04-25 13:34:19,729 - INFO - Deleted INI directory: C:\Users\nikol\AppData\Roaming\MetaQuotes\Terminal\4B1CE69F577705455263BD980C39A82C\MQL5\Experts\Batch_0011\Constituents-EA\ini
2025-04-25 13:34:19,844 - INFO - Deleted INI directory: C:\Users\nikol\AppData\Roaming\MetaQuotes\Terminal\4B1CE69F577705455263BD980C39A82C\MQL5\Experts\Batch_0011\Contrarian-trade-MA\ini
2025-04-25 13:34:19,967 - INFO - Deleted INI directory: C:\Users\nikol\AppData\Roaming\MetaQuotes\Terminal\4B1CE69F577705455263BD980C39A82C\MQL5\Experts\Batch_0012\Crossing-Moving-Average\ini
2025-04-25 13:34:20,058 - INFO - Deleted INI directory: C:\Users\nikol\AppData\Roaming\MetaQuotes\Terminal\4B1CE69F577705455263BD980C39A82C\MQL5\Experts\Batch_0012\CrossMA\ini
2025-04-25 13:34:20,173 - INFO - Deleted INI directory: C:\Users\nikol\AppData\Roaming\MetaQuotes\Terminal\4B1CE69F577705455263BD980C39A82C\MQL5\Experts\Batch_0012\Currencyprofits-01.1\ini
2025-04-25 13:34:20,289 - INFO - Deleted INI directory: C:\Users\nikol\AppData\Roaming\MetaQuotes\Terminal\4B1CE69F577705455263BD980C39A82C\MQL5\Experts\Batch_0012\Daily-20reversal-20-20EA\ini
2025-04-25 13:34:20,406 - INFO - Deleted INI directory: C:\Users\nikol\AppData\Roaming\MetaQuotes\Terminal\4B1CE69F577705455263BD980C39A82C\MQL5\Experts\Batch_0012\Daily-BreakPoint\ini
2025-04-25 13:34:20,516 - INFO - Deleted INI directory: C:\Users\nikol\AppData\Roaming\MetaQuotes\Terminal\4B1CE69F577705455263BD980C39A82C\MQL5\Experts\Batch_0012\Daily-Candle-ScalperEA-MT5-YoForexPremium\ini
2025-04-25 13:34:20,629 - INFO - Deleted INI directory: C:\Users\nikol\AppData\Roaming\MetaQuotes\Terminal\4B1CE69F577705455263BD980C39A82C\MQL5\Experts\Batch_0012\Daily-Candle-ScalperEA-MT5-YoForexPremium-1\ini
2025-04-25 13:34:20,739 - INFO - Deleted INI directory: C:\Users\nikol\AppData\Roaming\MetaQuotes\Terminal\4B1CE69F577705455263BD980C39A82C\MQL5\Experts\Batch_0012\Daily-Open-EA\ini
2025-04-25 13:34:20,848 - INFO - Deleted INI directory: C:\Users\nikol\AppData\Roaming\MetaQuotes\Terminal\4B1CE69F577705455263BD980C39A82C\MQL5\Experts\Batch_0012\Daily-range\ini
2025-04-25 13:34:20,966 - INFO - Deleted INI directory: C:\Users\nikol\AppData\Roaming\MetaQuotes\Terminal\4B1CE69F577705455263BD980C39A82C\MQL5\Experts\Batch_0012\Dark-Mimas-MT5\ini
2025-04-25 13:34:21,083 - INFO - Deleted INI directory: C:\Users\nikol\AppData\Roaming\MetaQuotes\Terminal\4B1CE69F577705455263BD980C39A82C\MQL5\Experts\Batch_0012\temp-Daily-Candle-ScalperEA-YoForexPremium\ini
2025-04-25 13:34:21,207 - INFO - Deleted INI directory: C:\Users\nikol\AppData\Roaming\MetaQuotes\Terminal\4B1CE69F577705455263BD980C39A82C\MQL5\Experts\Batch_0012\temp-Daily-Candle-ScalperEA-YoForexPremium-1\ini
2025-04-25 13:34:21,318 - INFO - Deleted INI directory: C:\Users\nikol\AppData\Roaming\MetaQuotes\Terminal\4B1CE69F577705455263BD980C39A82C\MQL5\Experts\Batch_0012\temp-Dark-Mimas\ini
2025-04-25 13:34:21,430 - INFO - Deleted INI directory: C:\Users\nikol\AppData\Roaming\MetaQuotes\Terminal\4B1CE69F577705455263BD980C39A82C\MQL5\Experts\Batch_0012\temp_Daily-Candle-ScalperEA-YoForexPremium\ini
2025-04-25 13:34:21,543 - INFO - Deleted INI directory: C:\Users\nikol\AppData\Roaming\MetaQuotes\Terminal\4B1CE69F577705455263BD980C39A82C\MQL5\Experts\Batch_0012\temp_Daily-Candle-ScalperEA-YoForexPremium-1\ini
2025-04-25 13:34:21,651 - INFO - Deleted INI directory: C:\Users\nikol\AppData\Roaming\MetaQuotes\Terminal\4B1CE69F577705455263BD980C39A82C\MQL5\Experts\Batch_0012\temp_Dark-Mimas\ini
2025-04-25 13:34:21,765 - INFO - Deleted INI directory: C:\Users\nikol\AppData\Roaming\MetaQuotes\Terminal\4B1CE69F577705455263BD980C39A82C\MQL5\Experts\Batch_0013\Day-Trading-PAMXA\ini
2025-04-25 13:34:21,867 - INFO - Deleted INI directory: C:\Users\nikol\AppData\Roaming\MetaQuotes\Terminal\4B1CE69F577705455263BD980C39A82C\MQL5\Experts\Batch_0013\Daydream\ini
2025-04-25 13:34:21,957 - INFO - Deleted INI directory: C:\Users\nikol\AppData\Roaming\MetaQuotes\Terminal\4B1CE69F577705455263BD980C39A82C\MQL5\Experts\Batch_0013\DayTrading\ini
2025-04-25 13:34:22,072 - INFO - Deleted INI directory: C:\Users\nikol\AppData\Roaming\MetaQuotes\Terminal\4B1CE69F577705455263BD980C39A82C\MQL5\Experts\Batch_0013\Dealers-Trade-v-7.74-MACD\ini
2025-04-25 13:34:22,188 - INFO - Deleted INI directory: C:\Users\nikol\AppData\Roaming\MetaQuotes\Terminal\4B1CE69F577705455263BD980C39A82C\MQL5\Experts\Batch_0013\Deep-Drawdown-MA\ini
2025-04-25 13:34:22,300 - INFO - Deleted INI directory: C:\Users\nikol\AppData\Roaming\MetaQuotes\Terminal\4B1CE69F577705455263BD980C39A82C\MQL5\Experts\Batch_0013\DeMarker-gaining-position-volume\ini
2025-04-25 13:34:22,411 - INFO - Deleted INI directory: C:\Users\nikol\AppData\Roaming\MetaQuotes\Terminal\4B1CE69F577705455263BD980C39A82C\MQL5\Experts\Batch_0013\DeMarker-gaining-position-volume-2\ini
2025-04-25 13:34:22,516 - INFO - Deleted INI directory: C:\Users\nikol\AppData\Roaming\MetaQuotes\Terminal\4B1CE69F577705455263BD980C39A82C\MQL5\Experts\Batch_0013\DeMarker-Pending\ini
2025-04-25 13:34:22,629 - INFO - Deleted INI directory: C:\Users\nikol\AppData\Roaming\MetaQuotes\Terminal\4B1CE69F577705455263BD980C39A82C\MQL5\Experts\Batch_0013\DeMarker-Pending-2\ini
2025-04-25 13:34:22,740 - INFO - Deleted INI directory: C:\Users\nikol\AppData\Roaming\MetaQuotes\Terminal\4B1CE69F577705455263BD980C39A82C\MQL5\Experts\Batch_0013\DeMarker-Pending-2-5\ini
2025-04-25 13:34:22,837 - INFO - Deleted INI directory: C:\Users\nikol\AppData\Roaming\MetaQuotes\Terminal\4B1CE69F577705455263BD980C39A82C\MQL5\Experts\Batch_0014\Dematus\ini
2025-04-25 13:34:22,951 - INFO - Deleted INI directory: C:\Users\nikol\AppData\Roaming\MetaQuotes\Terminal\4B1CE69F577705455263BD980C39A82C\MQL5\Experts\Batch_0014\Divergence-20for-20many-20indicator\ini
2025-04-25 13:34:23,065 - INFO - Deleted INI directory: C:\Users\nikol\AppData\Roaming\MetaQuotes\Terminal\4B1CE69F577705455263BD980C39A82C\MQL5\Experts\Batch_0014\Divergence-EA\ini
2025-04-25 13:34:23,174 - INFO - Deleted INI directory: C:\Users\nikol\AppData\Roaming\MetaQuotes\Terminal\4B1CE69F577705455263BD980C39A82C\MQL5\Experts\Batch_0014\Divergence-EA-BB\ini
2025-04-25 13:34:23,289 - INFO - Deleted INI directory: C:\Users\nikol\AppData\Roaming\MetaQuotes\Terminal\4B1CE69F577705455263BD980C39A82C\MQL5\Experts\Batch_0014\Divergence-EA-pip-sl-tp\ini
2025-04-25 13:34:23,408 - INFO - Deleted INI directory: C:\Users\nikol\AppData\Roaming\MetaQuotes\Terminal\4B1CE69F577705455263BD980C39A82C\MQL5\Experts\Batch_0014\Doji-Arrows\ini
2025-04-25 13:34:23,493 - INFO - Deleted INI directory: C:\Users\nikol\AppData\Roaming\MetaQuotes\Terminal\4B1CE69F577705455263BD980C39A82C\MQL5\Experts\Batch_0014\DojiTrader\ini
2025-04-25 13:34:23,601 - INFO - Deleted INI directory: C:\Users\nikol\AppData\Roaming\MetaQuotes\Terminal\4B1CE69F577705455263BD980C39A82C\MQL5\Experts\Batch_0014\Donchian-Chanel-EA\ini
2025-04-25 13:34:23,700 - INFO - Deleted INI directory: C:\Users\nikol\AppData\Roaming\MetaQuotes\Terminal\4B1CE69F577705455263BD980C39A82C\MQL5\Experts\Batch_0014\DoubleHullMA\ini
2025-04-25 13:34:23,812 - INFO - Deleted INI directory: C:\Users\nikol\AppData\Roaming\MetaQuotes\Terminal\4B1CE69F577705455263BD980C39A82C\MQL5\Experts\Batch_0014\DoubleHullMA-EA\ini
2025-04-25 13:34:23,929 - INFO - Deleted INI directory: C:\Users\nikol\AppData\Roaming\MetaQuotes\Terminal\4B1CE69F577705455263BD980C39A82C\MQL5\Experts\Batch_0015\DoubleMA-Crossover-EA\ini
2025-04-25 13:34:24,022 - INFO - Deleted INI directory: C:\Users\nikol\AppData\Roaming\MetaQuotes\Terminal\4B1CE69F577705455263BD980C39A82C\MQL5\Experts\Batch_0015\Doubler\ini
2025-04-25 13:34:24,138 - INFO - Deleted INI directory: C:\Users\nikol\AppData\Roaming\MetaQuotes\Terminal\4B1CE69F577705455263BD980C39A82C\MQL5\Experts\Batch_0015\Driver-EA-MT5\ini
2025-04-25 13:34:24,239 - INFO - Deleted INI directory: C:\Users\nikol\AppData\Roaming\MetaQuotes\Terminal\4B1CE69F577705455263BD980C39A82C\MQL5\Experts\Batch_0015\dummy\ini
2025-04-25 13:34:24,348 - INFO - Deleted INI directory: C:\Users\nikol\AppData\Roaming\MetaQuotes\Terminal\4B1CE69F577705455263BD980C39A82C\MQL5\Experts\Batch_0015\Dynamic-averaging\ini
2025-04-25 13:34:24,493 - INFO - Deleted INI directory: C:\Users\nikol\AppData\Roaming\MetaQuotes\Terminal\4B1CE69F577705455263BD980C39A82C\MQL5\Experts\Batch_0015\E-Friday\ini
2025-04-25 13:34:24,615 - INFO - Deleted INI directory: C:\Users\nikol\AppData\Roaming\MetaQuotes\Terminal\4B1CE69F577705455263BD980C39A82C\MQL5\Experts\Batch_0015\E-Skoch-Open\ini
2025-04-25 13:34:24,724 - INFO - Deleted INI directory: C:\Users\nikol\AppData\Roaming\MetaQuotes\Terminal\4B1CE69F577705455263BD980C39A82C\MQL5\Experts\Batch_0015\e-Skoch-pending-orders\ini
2025-04-25 13:34:24,844 - INFO - Deleted INI directory: C:\Users\nikol\AppData\Roaming\MetaQuotes\Terminal\4B1CE69F577705455263BD980C39A82C\MQL5\Experts\Batch_0015\e-Smart-Trailing\ini
2025-04-25 13:34:24,956 - INFO - Deleted INI directory: C:\Users\nikol\AppData\Roaming\MetaQuotes\Terminal\4B1CE69F577705455263BD980C39A82C\MQL5\Experts\Batch_0015\e-TurboFx\ini
2025-04-25 13:34:25,075 - INFO - Deleted INI directory: C:\Users\nikol\AppData\Roaming\MetaQuotes\Terminal\4B1CE69F577705455263BD980C39A82C\MQL5\Experts\Batch_0015\temp-Driver-EA\ini
2025-04-25 13:34:25,192 - INFO - Deleted INI directory: C:\Users\nikol\AppData\Roaming\MetaQuotes\Terminal\4B1CE69F577705455263BD980C39A82C\MQL5\Experts\Batch_0015\temp_Driver-EA\ini
2025-04-25 13:34:25,314 - INFO - Deleted INI directory: C:\Users\nikol\AppData\Roaming\MetaQuotes\Terminal\4B1CE69F577705455263BD980C39A82C\MQL5\Experts\Batch_0016\EA-Close\ini
2025-04-25 13:34:25,418 - INFO - Deleted INI directory: C:\Users\nikol\AppData\Roaming\MetaQuotes\Terminal\4B1CE69F577705455263BD980C39A82C\MQL5\Experts\Batch_0016\EA-Gold-Stuff-MT5-YoForexPremium\ini
2025-04-25 13:34:25,523 - INFO - Deleted INI directory: C:\Users\nikol\AppData\Roaming\MetaQuotes\Terminal\4B1CE69F577705455263BD980C39A82C\MQL5\Experts\Batch_0016\EA-MA-Stoch-RSI\ini
2025-04-25 13:34:25,634 - INFO - Deleted INI directory: C:\Users\nikol\AppData\Roaming\MetaQuotes\Terminal\4B1CE69F577705455263BD980C39A82C\MQL5\Experts\Batch_0016\EA-Moving-Average\ini
2025-04-25 13:34:25,744 - INFO - Deleted INI directory: C:\Users\nikol\AppData\Roaming\MetaQuotes\Terminal\4B1CE69F577705455263BD980C39A82C\MQL5\Experts\Batch_0016\Elevator-Robot-PMT5-YoForexPremium\ini
2025-04-25 13:34:25,863 - INFO - Deleted INI directory: C:\Users\nikol\AppData\Roaming\MetaQuotes\Terminal\4B1CE69F577705455263BD980C39A82C\MQL5\Experts\Batch_0016\Elite-eFibo-Trader\ini
2025-04-25 13:34:25,953 - INFO - Deleted INI directory: C:\Users\nikol\AppData\Roaming\MetaQuotes\Terminal\4B1CE69F577705455263BD980C39A82C\MQL5\Experts\Batch_0016\EMA\ini
2025-04-25 13:34:26,070 - INFO - Deleted INI directory: C:\Users\nikol\AppData\Roaming\MetaQuotes\Terminal\4B1CE69F577705455263BD980C39A82C\MQL5\Experts\Batch_0016\EMA-6.12\ini
2025-04-25 13:34:26,183 - INFO - Deleted INI directory: C:\Users\nikol\AppData\Roaming\MetaQuotes\Terminal\4B1CE69F577705455263BD980C39A82C\MQL5\Experts\Batch_0016\EMA-CROSS\ini
2025-04-25 13:34:26,308 - INFO - Deleted INI directory: C:\Users\nikol\AppData\Roaming\MetaQuotes\Terminal\4B1CE69F577705455263BD980C39A82C\MQL5\Experts\Batch_0016\EMA-LWMA-RSI\ini
2025-04-25 13:34:26,431 - INFO - Deleted INI directory: C:\Users\nikol\AppData\Roaming\MetaQuotes\Terminal\4B1CE69F577705455263BD980C39A82C\MQL5\Experts\Batch_0016\temp-EA-Gold-Stuff-YoForexPremium\ini
2025-04-25 13:34:26,548 - INFO - Deleted INI directory: C:\Users\nikol\AppData\Roaming\MetaQuotes\Terminal\4B1CE69F577705455263BD980C39A82C\MQL5\Experts\Batch_0016\temp-Elevator-Robot-P-YoForexPremium\ini
2025-04-25 13:34:26,664 - INFO - Deleted INI directory: C:\Users\nikol\AppData\Roaming\MetaQuotes\Terminal\4B1CE69F577705455263BD980C39A82C\MQL5\Experts\Batch_0016\temp_EA-Gold-Stuff-YoForexPremium\ini
2025-04-25 13:34:26,782 - INFO - Deleted INI directory: C:\Users\nikol\AppData\Roaming\MetaQuotes\Terminal\4B1CE69F577705455263BD980C39A82C\MQL5\Experts\Batch_0016\temp_Elevator-Robot-P-YoForexPremium\ini
2025-04-25 13:34:26,893 - INFO - Deleted INI directory: C:\Users\nikol\AppData\Roaming\MetaQuotes\Terminal\4B1CE69F577705455263BD980C39A82C\MQL5\Experts\Batch_0017\EMA-RSI-EA\ini
2025-04-25 13:34:27,003 - INFO - Deleted INI directory: C:\Users\nikol\AppData\Roaming\MetaQuotes\Terminal\4B1CE69F577705455263BD980C39A82C\MQL5\Experts\Batch_0017\EMA-WMA\ini
2025-04-25 13:34:27,094 - INFO - Deleted INI directory: C:\Users\nikol\AppData\Roaming\MetaQuotes\Terminal\4B1CE69F577705455263BD980C39A82C\MQL5\Experts\Batch_0017\EMA_WMA v2\ini
2025-04-25 13:34:27,184 - INFO - Deleted INI directory: C:\Users\nikol\AppData\Roaming\MetaQuotes\Terminal\4B1CE69F577705455263BD980C39A82C\MQL5\Experts\Batch_0017\Eugene\ini
2025-04-25 13:34:27,300 - INFO - Deleted INI directory: C:\Users\nikol\AppData\Roaming\MetaQuotes\Terminal\4B1CE69F577705455263BD980C39A82C\MQL5\Experts\Batch_0017\eur-usd-m5\ini
2025-04-25 13:34:27,434 - INFO - Deleted INI directory: C:\Users\nikol\AppData\Roaming\MetaQuotes\Terminal\4B1CE69F577705455263BD980C39A82C\MQL5\Experts\Batch_0017\Euronis-Scalper-EA-MT5-With-DLL-YoForexPremium\ini
2025-04-25 13:34:27,543 - INFO - Deleted INI directory: C:\Users\nikol\AppData\Roaming\MetaQuotes\Terminal\4B1CE69F577705455263BD980C39A82C\MQL5\Experts\Batch_0017\EURUSD-breakout\ini
2025-04-25 13:34:27,640 - INFO - Deleted INI directory: C:\Users\nikol\AppData\Roaming\MetaQuotes\Terminal\4B1CE69F577705455263BD980C39A82C\MQL5\Experts\Batch_0017\EURUSDH1\ini
2025-04-25 13:34:27,753 - INFO - Deleted INI directory: C:\Users\nikol\AppData\Roaming\MetaQuotes\Terminal\4B1CE69F577705455263BD980C39A82C\MQL5\Experts\Batch_0017\Executer-AC\ini
2025-04-25 13:34:27,864 - INFO - Deleted INI directory: C:\Users\nikol\AppData\Roaming\MetaQuotes\Terminal\4B1CE69F577705455263BD980C39A82C\MQL5\Experts\Batch_0017\Executor-AO\ini
2025-04-25 13:34:27,972 - INFO - Deleted INI directory: C:\Users\nikol\AppData\Roaming\MetaQuotes\Terminal\4B1CE69F577705455263BD980C39A82C\MQL5\Experts\Batch_0017\temp-EMA-WMA-v2\ini
2025-04-25 13:34:28,089 - INFO - Deleted INI directory: C:\Users\nikol\AppData\Roaming\MetaQuotes\Terminal\4B1CE69F577705455263BD980C39A82C\MQL5\Experts\Batch_0017\temp-Euronis-Scalper-EA-With-DLL-YoForexPremium\ini
2025-04-25 13:34:28,196 - INFO - Deleted INI directory: C:\Users\nikol\AppData\Roaming\MetaQuotes\Terminal\4B1CE69F577705455263BD980C39A82C\MQL5\Experts\Batch_0017\temp_EMA-WMA-v2\ini
2025-04-25 13:34:28,320 - INFO - Deleted INI directory: C:\Users\nikol\AppData\Roaming\MetaQuotes\Terminal\4B1CE69F577705455263BD980C39A82C\MQL5\Experts\Batch_0017\temp_Euronis-Scalper-EA-With-DLL-YoForexPremium\ini
2025-04-25 13:34:28,431 - INFO - Deleted INI directory: C:\Users\nikol\AppData\Roaming\MetaQuotes\Terminal\4B1CE69F577705455263BD980C39A82C\MQL5\Experts\Batch_0018\e-Breakeven\ini
2025-04-25 13:34:28,538 - INFO - Deleted INI directory: C:\Users\nikol\AppData\Roaming\MetaQuotes\Terminal\4B1CE69F577705455263BD980C39A82C\MQL5\Experts\Batch_0018\Executor-Candles\ini
2025-04-25 13:34:28,657 - INFO - Deleted INI directory: C:\Users\nikol\AppData\Roaming\MetaQuotes\Terminal\4B1CE69F577705455263BD980C39A82C\MQL5\Experts\Batch_0018\exp-Amstell\ini
2025-04-25 13:34:28,770 - INFO - Deleted INI directory: C:\Users\nikol\AppData\Roaming\MetaQuotes\Terminal\4B1CE69F577705455263BD980C39A82C\MQL5\Experts\Batch_0018\Expert-NEWS\ini
2025-04-25 13:34:28,890 - INFO - Deleted INI directory: C:\Users\nikol\AppData\Roaming\MetaQuotes\Terminal\4B1CE69F577705455263BD980C39A82C\MQL5\Experts\Batch_0018\Expert-RSI-Stochastic-MA\ini
2025-04-25 13:34:29,000 - INFO - Deleted INI directory: C:\Users\nikol\AppData\Roaming\MetaQuotes\Terminal\4B1CE69F577705455263BD980C39A82C\MQL5\Experts\Batch_0018\ExtremePrice-EA\ini
2025-04-25 13:34:29,114 - INFO - Deleted INI directory: C:\Users\nikol\AppData\Roaming\MetaQuotes\Terminal\4B1CE69F577705455263BD980C39A82C\MQL5\Experts\Batch_0018\Fi-Trading-Robot-1.0\ini
2025-04-25 13:34:29,228 - INFO - Deleted INI directory: C:\Users\nikol\AppData\Roaming\MetaQuotes\Terminal\4B1CE69F577705455263BD980C39A82C\MQL5\Experts\Batch_0018\Fi-Trading-Robot-YoForexPremium\ini
2025-04-25 13:34:29,337 - INFO - Deleted INI directory: C:\Users\nikol\AppData\Roaming\MetaQuotes\Terminal\4B1CE69F577705455263BD980C39A82C\MQL5\Experts\Batch_0018\FI-TRADING-ROBOTMT5-yoforexprenium\ini
2025-04-25 13:34:29,444 - INFO - Deleted INI directory: C:\Users\nikol\AppData\Roaming\MetaQuotes\Terminal\4B1CE69F577705455263BD980C39A82C\MQL5\Experts\Batch_0018\FiboRetracement-20EA\ini
2025-04-25 13:34:29,549 - INFO - Deleted INI directory: C:\Users\nikol\AppData\Roaming\MetaQuotes\Terminal\4B1CE69F577705455263BD980C39A82C\MQL5\Experts\Batch_0018\temp-FI-TRADING-ROBOT-yoforexprenium\ini
2025-04-25 13:34:29,658 - INFO - Deleted INI directory: C:\Users\nikol\AppData\Roaming\MetaQuotes\Terminal\4B1CE69F577705455263BD980C39A82C\MQL5\Experts\Batch_0018\temp_FI-TRADING-ROBOT-yoforexprenium\ini
2025-04-25 13:34:29,747 - INFO - Deleted INI directory: C:\Users\nikol\AppData\Roaming\MetaQuotes\Terminal\4B1CE69F577705455263BD980C39A82C\MQL5\Experts\Batch_0019\Firebird\ini
2025-04-25 13:34:29,859 - INFO - Deleted INI directory: C:\Users\nikol\AppData\Roaming\MetaQuotes\Terminal\4B1CE69F577705455263BD980C39A82C\MQL5\Experts\Batch_0019\Firestorm-EA\ini
2025-04-25 13:34:29,970 - INFO - Deleted INI directory: C:\Users\nikol\AppData\Roaming\MetaQuotes\Terminal\4B1CE69F577705455263BD980C39A82C\MQL5\Experts\Batch_0019\Firestorm-indicator\ini
2025-04-25 13:34:30,063 - INFO - Deleted INI directory: C:\Users\nikol\AppData\Roaming\MetaQuotes\Terminal\4B1CE69F577705455263BD980C39A82C\MQL5\Experts\Batch_0019\Fluctuate\ini
2025-04-25 13:34:30,183 - INFO - Deleted INI directory: C:\Users\nikol\AppData\Roaming\MetaQuotes\Terminal\4B1CE69F577705455263BD980C39A82C\MQL5\Experts\Batch_0019\Forex-Fraus-M1\ini
2025-04-25 13:34:30,296 - INFO - Deleted INI directory: C:\Users\nikol\AppData\Roaming\MetaQuotes\Terminal\4B1CE69F577705455263BD980C39A82C\MQL5\Experts\Batch_0019\Forex-Profit\ini
2025-04-25 13:34:30,414 - INFO - Deleted INI directory: C:\Users\nikol\AppData\Roaming\MetaQuotes\Terminal\4B1CE69F577705455263BD980C39A82C\MQL5\Experts\Batch_0019\Fractals-minimum-distance\ini
2025-04-25 13:34:30,532 - INFO - Deleted INI directory: C:\Users\nikol\AppData\Roaming\MetaQuotes\Terminal\4B1CE69F577705455263BD980C39A82C\MQL5\Experts\Batch_0019\Fraktrak-xonax\ini
2025-04-25 13:34:30,646 - INFO - Deleted INI directory: C:\Users\nikol\AppData\Roaming\MetaQuotes\Terminal\4B1CE69F577705455263BD980C39A82C\MQL5\Experts\Batch_0019\Frank-Ud\ini
2025-04-25 13:34:30,763 - INFO - Deleted INI directory: C:\Users\nikol\AppData\Roaming\MetaQuotes\Terminal\4B1CE69F577705455263BD980C39A82C\MQL5\Experts\Batch_0019\fratal-mt5-EA\ini
2025-04-25 13:34:30,879 - INFO - Deleted INI directory: C:\Users\nikol\AppData\Roaming\MetaQuotes\Terminal\4B1CE69F577705455263BD980C39A82C\MQL5\Experts\Batch_0019\temp-fratal-EA\ini
2025-04-25 13:34:31,027 - INFO - Deleted INI directory: C:\Users\nikol\AppData\Roaming\MetaQuotes\Terminal\4B1CE69F577705455263BD980C39A82C\MQL5\Experts\Batch_0019\temp_fratal-EA\ini
2025-04-25 13:34:31,140 - INFO - Deleted INI directory: C:\Users\nikol\AppData\Roaming\MetaQuotes\Terminal\4B1CE69F577705455263BD980C39A82C\MQL5\Experts\Batch_0020\FT-CCI\ini
2025-04-25 13:34:31,258 - INFO - Deleted INI directory: C:\Users\nikol\AppData\Roaming\MetaQuotes\Terminal\4B1CE69F577705455263BD980C39A82C\MQL5\Experts\Batch_0020\FT-Sniper-GOLD-MT5-4\ini
2025-04-25 13:34:31,369 - INFO - Deleted INI directory: C:\Users\nikol\AppData\Roaming\MetaQuotes\Terminal\4B1CE69F577705455263BD980C39A82C\MQL5\Experts\Batch_0020\Fuzzy-logic\ini
2025-04-25 13:34:31,464 - INFO - Deleted INI directory: C:\Users\nikol\AppData\Roaming\MetaQuotes\Terminal\4B1CE69F577705455263BD980C39A82C\MQL5\Experts\Batch_0020\GalacticExplosion\ini
2025-04-25 13:34:31,568 - INFO - Deleted INI directory: C:\Users\nikol\AppData\Roaming\MetaQuotes\Terminal\4B1CE69F577705455263BD980C39A82C\MQL5\Experts\Batch_0020\Galaxy-5-1.0-MT5\ini
2025-04-25 13:34:31,679 - INFO - Deleted INI directory: C:\Users\nikol\AppData\Roaming\MetaQuotes\Terminal\4B1CE69F577705455263BD980C39A82C\MQL5\Experts\Batch_0020\Gandalf-PRO\ini
2025-04-25 13:34:31,791 - INFO - Deleted INI directory: C:\Users\nikol\AppData\Roaming\MetaQuotes\Terminal\4B1CE69F577705455263BD980C39A82C\MQL5\Experts\Batch_0020\Gap-DM\ini
2025-04-25 13:34:31,895 - INFO - Deleted INI directory: C:\Users\nikol\AppData\Roaming\MetaQuotes\Terminal\4B1CE69F577705455263BD980C39A82C\MQL5\Experts\Batch_0020\GAP-EA\ini
2025-04-25 13:34:31,987 - INFO - Deleted INI directory: C:\Users\nikol\AppData\Roaming\MetaQuotes\Terminal\4B1CE69F577705455263BD980C39A82C\MQL5\Experts\Batch_0020\Gaps\ini
2025-04-25 13:34:32,072 - INFO - Deleted INI directory: C:\Users\nikol\AppData\Roaming\MetaQuotes\Terminal\4B1CE69F577705455263BD980C39A82C\MQL5\Experts\Batch_0020\GBP9AM\ini
2025-04-25 13:34:32,180 - INFO - Deleted INI directory: C:\Users\nikol\AppData\Roaming\MetaQuotes\Terminal\4B1CE69F577705455263BD980C39A82C\MQL5\Experts\Batch_0020\temp-FT-Sniper-GOLD-4\ini
2025-04-25 13:34:32,288 - INFO - Deleted INI directory: C:\Users\nikol\AppData\Roaming\MetaQuotes\Terminal\4B1CE69F577705455263BD980C39A82C\MQL5\Experts\Batch_0020\temp-Galaxy-5-1.0\ini
2025-04-25 13:34:32,413 - INFO - Deleted INI directory: C:\Users\nikol\AppData\Roaming\MetaQuotes\Terminal\4B1CE69F577705455263BD980C39A82C\MQL5\Experts\Batch_0020\temp_FT-Sniper-GOLD-4\ini
2025-04-25 13:34:32,526 - INFO - Deleted INI directory: C:\Users\nikol\AppData\Roaming\MetaQuotes\Terminal\4B1CE69F577705455263BD980C39A82C\MQL5\Experts\Batch_0020\temp_Galaxy-5-1.0\ini
2025-04-25 13:34:32,616 - INFO - Deleted INI directory: C:\Users\nikol\AppData\Roaming\MetaQuotes\Terminal\4B1CE69F577705455263BD980C39A82C\MQL5\Experts\Batch_0021\GbpChf\ini
2025-04-25 13:34:32,706 - INFO - Deleted INI directory: C:\Users\nikol\AppData\Roaming\MetaQuotes\Terminal\4B1CE69F577705455263BD980C39A82C\MQL5\Experts\Batch_0021\GO\ini
2025-04-25 13:34:32,831 - INFO - Deleted INI directory: C:\Users\nikol\AppData\Roaming\MetaQuotes\Terminal\4B1CE69F577705455263BD980C39A82C\MQL5\Experts\Batch_0021\Godzillar-EABanker-MT5-FX-XRACKED\ini
2025-04-25 13:34:32,941 - INFO - Deleted INI directory: C:\Users\nikol\AppData\Roaming\MetaQuotes\Terminal\4B1CE69F577705455263BD980C39A82C\MQL5\Experts\Batch_0021\Gold-Dust\ini
2025-04-25 13:34:33,050 - INFO - Deleted INI directory: C:\Users\nikol\AppData\Roaming\MetaQuotes\Terminal\4B1CE69F577705455263BD980C39A82C\MQL5\Experts\Batch_0021\GoldHero-FX-Cracked\ini
2025-04-25 13:34:33,138 - INFO - Deleted INI directory: C:\Users\nikol\AppData\Roaming\MetaQuotes\Terminal\4B1CE69F577705455263BD980C39A82C\MQL5\Experts\Batch_0021\GreenTrade\ini
2025-04-25 13:34:33,233 - INFO - Deleted INI directory: C:\Users\nikol\AppData\Roaming\MetaQuotes\Terminal\4B1CE69F577705455263BD980C39A82C\MQL5\Experts\Batch_0021\Grid\ini
2025-04-25 13:34:33,350 - INFO - Deleted INI directory: C:\Users\nikol\AppData\Roaming\MetaQuotes\Terminal\4B1CE69F577705455263BD980C39A82C\MQL5\Experts\Batch_0021\Grid-Martingale\ini
2025-04-25 13:34:33,794 - INFO - Deleted INI directory: C:\Users\nikol\AppData\Roaming\MetaQuotes\Terminal\4B1CE69F577705455263BD980C39A82C\MQL5\Experts\Batch_0021\GridEA\ini
2025-04-25 13:34:34,259 - INFO - Deleted INI directory: C:\Users\nikol\AppData\Roaming\MetaQuotes\Terminal\4B1CE69F577705455263BD980C39A82C\MQL5\Experts\Batch_0021\HarVesteR\ini
2025-04-25 13:34:34,791 - INFO - Deleted INI directory: C:\Users\nikol\AppData\Roaming\MetaQuotes\Terminal\4B1CE69F577705455263BD980C39A82C\MQL5\Experts\Batch_0021\temp-Godzillar-EABanker-FX-XRACKED\ini
2025-04-25 13:34:35,334 - INFO - Deleted INI directory: C:\Users\nikol\AppData\Roaming\MetaQuotes\Terminal\4B1CE69F577705455263BD980C39A82C\MQL5\Experts\Batch_0021\temp_Godzillar-EABanker-FX-XRACKED\ini
2025-04-25 13:34:35,798 - INFO - Deleted INI directory: C:\Users\nikol\AppData\Roaming\MetaQuotes\Terminal\4B1CE69F577705455263BD980C39A82C\MQL5\Experts\Batch_0022\HedgeEA\ini
2025-04-25 13:34:36,254 - INFO - Deleted INI directory: C:\Users\nikol\AppData\Roaming\MetaQuotes\Terminal\4B1CE69F577705455263BD980C39A82C\MQL5\Experts\Batch_0022\hedger\ini
2025-04-25 13:34:36,839 - INFO - Deleted INI directory: C:\Users\nikol\AppData\Roaming\MetaQuotes\Terminal\4B1CE69F577705455263BD980C39A82C\MQL5\Experts\Batch_0022\Hedging-EA\ini
2025-04-25 13:34:37,404 - INFO - Deleted INI directory: C:\Users\nikol\AppData\Roaming\MetaQuotes\Terminal\4B1CE69F577705455263BD980C39A82C\MQL5\Experts\Batch_0022\heiken-ashi-engulf-ea-buy-mt5\ini
2025-04-25 13:34:37,907 - INFO - Deleted INI directory: C:\Users\nikol\AppData\Roaming\MetaQuotes\Terminal\4B1CE69F577705455263BD980C39A82C\MQL5\Experts\Batch_0022\heiken-ashi-engulf-sell-ea-mt5\ini
2025-04-25 13:34:38,441 - INFO - Deleted INI directory: C:\Users\nikol\AppData\Roaming\MetaQuotes\Terminal\4B1CE69F577705455263BD980C39A82C\MQL5\Experts\Batch_0022\heiken-ashi-smoothed\ini
2025-04-25 13:34:38,938 - INFO - Deleted INI directory: C:\Users\nikol\AppData\Roaming\MetaQuotes\Terminal\4B1CE69F577705455263BD980C39A82C\MQL5\Experts\Batch_0022\Heiken-Ashi-Smoothed-EA\ini
2025-04-25 13:34:39,454 - INFO - Deleted INI directory: C:\Users\nikol\AppData\Roaming\MetaQuotes\Terminal\4B1CE69F577705455263BD980C39A82C\MQL5\Experts\Batch_0022\heiken-ashi-smoothedLine\ini
2025-04-25 13:34:39,976 - INFO - Deleted INI directory: C:\Users\nikol\AppData\Roaming\MetaQuotes\Terminal\4B1CE69F577705455263BD980C39A82C\MQL5\Experts\Batch_0022\HeikenAshi-Lines\ini
2025-04-25 13:34:40,484 - INFO - Deleted INI directory: C:\Users\nikol\AppData\Roaming\MetaQuotes\Terminal\4B1CE69F577705455263BD980C39A82C\MQL5\Experts\Batch_0022\HeikenAshi-Lines-EA\ini
2025-04-25 13:34:41,008 - INFO - Deleted INI directory: C:\Users\nikol\AppData\Roaming\MetaQuotes\Terminal\4B1CE69F577705455263BD980C39A82C\MQL5\Experts\Batch_0022\temp-heiken-ashi-engulf-ea-buy\ini
2025-04-25 13:34:41,537 - INFO - Deleted INI directory: C:\Users\nikol\AppData\Roaming\MetaQuotes\Terminal\4B1CE69F577705455263BD980C39A82C\MQL5\Experts\Batch_0022\temp-heiken-ashi-engulf-sell-ea\ini
2025-04-25 13:34:42,065 - INFO - Deleted INI directory: C:\Users\nikol\AppData\Roaming\MetaQuotes\Terminal\4B1CE69F577705455263BD980C39A82C\MQL5\Experts\Batch_0022\temp_heiken-ashi-engulf-ea-buy\ini
2025-04-25 13:34:42,603 - INFO - Deleted INI directory: C:\Users\nikol\AppData\Roaming\MetaQuotes\Terminal\4B1CE69F577705455263BD980C39A82C\MQL5\Experts\Batch_0022\temp_heiken-ashi-engulf-sell-ea\ini
2025-04-25 13:34:43,150 - INFO - Deleted INI directory: C:\Users\nikol\AppData\Roaming\MetaQuotes\Terminal\4B1CE69F577705455263BD980C39A82C\MQL5\Experts\Batch_0023\Heiken-Ashi-Smoothed-EA-with-MA\ini
2025-04-25 13:34:43,681 - INFO - Deleted INI directory: C:\Users\nikol\AppData\Roaming\MetaQuotes\Terminal\4B1CE69F577705455263BD980C39A82C\MQL5\Experts\Batch_0023\Heinken-Ashi-Color-Candles\ini
2025-04-25 13:34:44,112 - INFO - Deleted INI directory: C:\Users\nikol\AppData\Roaming\MetaQuotes\Terminal\4B1CE69F577705455263BD980C39A82C\MQL5\Experts\Batch_0023\HelloSmart\ini
2025-04-25 13:34:44,631 - INFO - Deleted INI directory: C:\Users\nikol\AppData\Roaming\MetaQuotes\Terminal\4B1CE69F577705455263BD980C39A82C\MQL5\Experts\Batch_0023\High-Low-EA\ini
2025-04-25 13:34:45,139 - INFO - Deleted INI directory: C:\Users\nikol\AppData\Roaming\MetaQuotes\Terminal\4B1CE69F577705455263BD980C39A82C\MQL5\Experts\Batch_0023\High-Low-Indicator\ini
2025-04-25 13:34:45,666 - INFO - Deleted INI directory: C:\Users\nikol\AppData\Roaming\MetaQuotes\Terminal\4B1CE69F577705455263BD980C39A82C\MQL5\Experts\Batch_0023\Hoop-master-2\ini
2025-04-25 13:34:46,190 - INFO - Deleted INI directory: C:\Users\nikol\AppData\Roaming\MetaQuotes\Terminal\4B1CE69F577705455263BD980C39A82C\MQL5\Experts\Batch_0023\i-impulsesystem\ini
2025-04-25 13:34:46,727 - INFO - Deleted INI directory: C:\Users\nikol\AppData\Roaming\MetaQuotes\Terminal\4B1CE69F577705455263BD980C39A82C\MQL5\Experts\Batch_0023\iCCI-iMA\ini
2025-04-25 13:34:47,162 - INFO - Deleted INI directory: C:\Users\nikol\AppData\Roaming\MetaQuotes\Terminal\4B1CE69F577705455263BD980C39A82C\MQL5\Experts\Batch_0023\ichimok2005\ini
2025-04-25 13:34:47,575 - INFO - Deleted INI directory: C:\Users\nikol\AppData\Roaming\MetaQuotes\Terminal\4B1CE69F577705455263BD980C39A82C\MQL5\Experts\Batch_0023\Ichimoku\ini
2025-04-25 13:34:58,111 - INFO - Deleted INI directory: C:\Users\nikol\AppData\Roaming\MetaQuotes\Terminal\4B1CE69F577705455263BD980C39A82C\MQL5\Experts\Batch_0024\ICH-With-Alert-Derekers\ini
2025-04-25 13:34:58,650 - INFO - Deleted INI directory: C:\Users\nikol\AppData\Roaming\MetaQuotes\Terminal\4B1CE69F577705455263BD980C39A82C\MQL5\Experts\Batch_0024\ICH-With-Alert-Derekers-EA\ini
2025-04-25 13:34:59,188 - INFO - Deleted INI directory: C:\Users\nikol\AppData\Roaming\MetaQuotes\Terminal\4B1CE69F577705455263BD980C39A82C\MQL5\Experts\Batch_0024\Ichimoku-20Kijun-20Alert\ini
2025-04-25 13:34:59,750 - INFO - Deleted INI directory: C:\Users\nikol\AppData\Roaming\MetaQuotes\Terminal\4B1CE69F577705455263BD980C39A82C\MQL5\Experts\Batch_0024\Ichimoku-20Tenkan-20Alert\ini
2025-04-25 13:35:00,300 - INFO - Deleted INI directory: C:\Users\nikol\AppData\Roaming\MetaQuotes\Terminal\4B1CE69F577705455263BD980C39A82C\MQL5\Experts\Batch_0024\Ichimoku-Dashboard-MT5\ini
2025-04-25 13:35:00,847 - INFO - Deleted INI directory: C:\Users\nikol\AppData\Roaming\MetaQuotes\Terminal\4B1CE69F577705455263BD980C39A82C\MQL5\Experts\Batch_0024\Ichimoku-Scanner\ini
2025-04-25 13:35:01,384 - INFO - Deleted INI directory: C:\Users\nikol\AppData\Roaming\MetaQuotes\Terminal\4B1CE69F577705455263BD980C39A82C\MQL5\Experts\Batch_0024\Ichimoku-Scanner-MT5\ini
2025-04-25 13:35:01,930 - INFO - Deleted INI directory: C:\Users\nikol\AppData\Roaming\MetaQuotes\Terminal\4B1CE69F577705455263BD980C39A82C\MQL5\Experts\Batch_0024\Ichimoku-Signals-and-Alert\ini
2025-04-25 13:35:02,455 - INFO - Deleted INI directory: C:\Users\nikol\AppData\Roaming\MetaQuotes\Terminal\4B1CE69F577705455263BD980C39A82C\MQL5\Experts\Batch_0024\IchimokuMTF-EA\ini
2025-04-25 13:35:02,999 - INFO - Deleted INI directory: C:\Users\nikol\AppData\Roaming\MetaQuotes\Terminal\4B1CE69F577705455263BD980C39A82C\MQL5\Experts\Batch_0024\Ilan-iMA\ini
2025-04-25 13:35:03,540 - INFO - Deleted INI directory: C:\Users\nikol\AppData\Roaming\MetaQuotes\Terminal\4B1CE69F577705455263BD980C39A82C\MQL5\Experts\Batch_0024\temp-Ichimoku-Dashboard\ini
2025-04-25 13:35:04,076 - INFO - Deleted INI directory: C:\Users\nikol\AppData\Roaming\MetaQuotes\Terminal\4B1CE69F577705455263BD980C39A82C\MQL5\Experts\Batch_0024\temp-Ichimoku-Scanner-1\ini
2025-04-25 13:35:04,616 - INFO - Deleted INI directory: C:\Users\nikol\AppData\Roaming\MetaQuotes\Terminal\4B1CE69F577705455263BD980C39A82C\MQL5\Experts\Batch_0024\temp_Ichimoku-Dashboard\ini
2025-04-25 13:35:05,165 - INFO - Deleted INI directory: C:\Users\nikol\AppData\Roaming\MetaQuotes\Terminal\4B1CE69F577705455263BD980C39A82C\MQL5\Experts\Batch_0024\temp_Ichimoku-Scanner-1\ini
2025-04-25 13:35:05,683 - INFO - Deleted INI directory: C:\Users\nikol\AppData\Roaming\MetaQuotes\Terminal\4B1CE69F577705455263BD980C39A82C\MQL5\Experts\Batch_0025\Ilan1.4\ini
2025-04-25 13:35:06,221 - INFO - Deleted INI directory: C:\Users\nikol\AppData\Roaming\MetaQuotes\Terminal\4B1CE69F577705455263BD980C39A82C\MQL5\Experts\Batch_0025\iMA-iStdDev\ini
2025-04-25 13:35:06,796 - INFO - Deleted INI directory: C:\Users\nikol\AppData\Roaming\MetaQuotes\Terminal\4B1CE69F577705455263BD980C39A82C\MQL5\Experts\Batch_0025\Indices-Tester\ini
2025-04-25 13:35:07,327 - INFO - Deleted INI directory: C:\Users\nikol\AppData\Roaming\MetaQuotes\Terminal\4B1CE69F577705455263BD980C39A82C\MQL5\Experts\Batch_0025\Inka-20Edho-20EA\ini
2025-04-25 13:35:07,874 - INFO - Deleted INI directory: C:\Users\nikol\AppData\Roaming\MetaQuotes\Terminal\4B1CE69F577705455263BD980C39A82C\MQL5\Experts\Batch_0025\Intersection-2-iMA\ini
2025-04-25 13:35:08,445 - INFO - Deleted INI directory: C:\Users\nikol\AppData\Roaming\MetaQuotes\Terminal\4B1CE69F577705455263BD980C39A82C\MQL5\Experts\Batch_0025\IStochastic-Trading\ini
2025-04-25 13:35:08,877 - INFO - Deleted INI directory: C:\Users\nikol\AppData\Roaming\MetaQuotes\Terminal\4B1CE69F577705455263BD980C39A82C\MQL5\Experts\Batch_0025\Ivan\ini
2025-04-25 13:35:09,483 - INFO - Deleted INI directory: C:\Users\nikol\AppData\Roaming\MetaQuotes\Terminal\4B1CE69F577705455263BD980C39A82C\MQL5\Experts\Batch_0025\iVIDyA-Simple\ini
2025-04-25 13:35:10,135 - INFO - Deleted INI directory: C:\Users\nikol\AppData\Roaming\MetaQuotes\Terminal\4B1CE69F577705455263BD980C39A82C\MQL5\Experts\Batch_0025\Jackpot-Strategy-EA\ini
2025-04-25 13:35:10,862 - INFO - Deleted INI directory: C:\Users\nikol\AppData\Roaming\MetaQuotes\Terminal\4B1CE69F577705455263BD980C39A82C\MQL5\Experts\Batch_0025\JackPot-Strategy-Elite\ini
2025-04-25 13:35:11,541 - INFO - Deleted INI directory: C:\Users\nikol\AppData\Roaming\MetaQuotes\Terminal\4B1CE69F577705455263BD980C39A82C\MQL5\Experts\Batch_0026\JK-BullP-AutoTrader\ini
2025-04-25 13:35:12,207 - INFO - Deleted INI directory: C:\Users\nikol\AppData\Roaming\MetaQuotes\Terminal\4B1CE69F577705455263BD980C39A82C\MQL5\Experts\Batch_0026\JS-Chaos\ini
2025-04-25 13:35:12,855 - INFO - Deleted INI directory: C:\Users\nikol\AppData\Roaming\MetaQuotes\Terminal\4B1CE69F577705455263BD980C39A82C\MQL5\Experts\Batch_0026\JS-MA-Day\ini
2025-04-25 13:35:13,454 - INFO - Deleted INI directory: C:\Users\nikol\AppData\Roaming\MetaQuotes\Terminal\4B1CE69F577705455263BD980C39A82C\MQL5\Experts\Batch_0026\JS-MA-SAR-Trades\ini
2025-04-25 13:35:14,093 - INFO - Deleted INI directory: C:\Users\nikol\AppData\Roaming\MetaQuotes\Terminal\4B1CE69F577705455263BD980C39A82C\MQL5\Experts\Batch_0026\JS-MA-SAR-Trades-EA-MT5-YoforexPremium\ini
2025-04-25 13:35:14,750 - INFO - Deleted INI directory: C:\Users\nikol\AppData\Roaming\MetaQuotes\Terminal\4B1CE69F577705455263BD980C39A82C\MQL5\Experts\Batch_0026\JS-MA-SAR-Trades-Yoforexpremium\ini
2025-04-25 13:35:15,262 - INFO - Deleted INI directory: C:\Users\nikol\AppData\Roaming\MetaQuotes\Terminal\4B1CE69F577705455263BD980C39A82C\MQL5\Experts\Batch_0026\Juggernaut\ini
2025-04-25 13:35:15,910 - INFO - Deleted INI directory: C:\Users\nikol\AppData\Roaming\MetaQuotes\Terminal\4B1CE69F577705455263BD980C39A82C\MQL5\Experts\Batch_0026\KA-Gold-Bot\ini
2025-04-25 13:35:16,545 - INFO - Deleted INI directory: C:\Users\nikol\AppData\Roaming\MetaQuotes\Terminal\4B1CE69F577705455263BD980C39A82C\MQL5\Experts\Batch_0026\KueFx-20Arrows\ini
2025-04-25 13:35:17,192 - INFO - Deleted INI directory: C:\Users\nikol\AppData\Roaming\MetaQuotes\Terminal\4B1CE69F577705455263BD980C39A82C\MQL5\Experts\Batch_0026\KueFx-20Baseline\ini
2025-04-25 13:35:17,823 - INFO - Deleted INI directory: C:\Users\nikol\AppData\Roaming\MetaQuotes\Terminal\4B1CE69F577705455263BD980C39A82C\MQL5\Experts\Batch_0026\temp-JS-MA-SAR-Trades-EA-YoforexPremium\ini
2025-04-25 13:35:18,462 - INFO - Deleted INI directory: C:\Users\nikol\AppData\Roaming\MetaQuotes\Terminal\4B1CE69F577705455263BD980C39A82C\MQL5\Experts\Batch_0026\temp_JS-MA-SAR-Trades-EA-YoforexPremium\ini
2025-04-25 13:35:19,106 - INFO - Deleted INI directory: C:\Users\nikol\AppData\Roaming\MetaQuotes\Terminal\4B1CE69F577705455263BD980C39A82C\MQL5\Experts\Batch_0027\KueFx-Arrows\ini
2025-04-25 13:35:19,736 - INFO - Deleted INI directory: C:\Users\nikol\AppData\Roaming\MetaQuotes\Terminal\4B1CE69F577705455263BD980C39A82C\MQL5\Experts\Batch_0027\KueFx-Arrows-20EA\ini
2025-04-25 13:35:20,387 - INFO - Deleted INI directory: C:\Users\nikol\AppData\Roaming\MetaQuotes\Terminal\4B1CE69F577705455263BD980C39A82C\MQL5\Experts\Batch_0027\KueFx-Arrows-EA\ini
2025-04-25 13:35:21,026 - INFO - Deleted INI directory: C:\Users\nikol\AppData\Roaming\MetaQuotes\Terminal\4B1CE69F577705455263BD980C39A82C\MQL5\Experts\Batch_0027\KueFx-Baseline\ini
2025-04-25 13:35:21,681 - INFO - Deleted INI directory: C:\Users\nikol\AppData\Roaming\MetaQuotes\Terminal\4B1CE69F577705455263BD980C39A82C\MQL5\Experts\Batch_0027\KueFx-Baseline-EA\ini
2025-04-25 13:35:22,341 - INFO - Deleted INI directory: C:\Users\nikol\AppData\Roaming\MetaQuotes\Terminal\4B1CE69F577705455263BD980C39A82C\MQL5\Experts\Batch_0027\KueFx-Clean-2025-EA\ini
2025-04-25 13:35:22,995 - INFO - Deleted INI directory: C:\Users\nikol\AppData\Roaming\MetaQuotes\Terminal\4B1CE69F577705455263BD980C39A82C\MQL5\Experts\Batch_0027\KueFxTrend-20EA\ini
2025-04-25 13:35:23,613 - INFO - Deleted INI directory: C:\Users\nikol\AppData\Roaming\MetaQuotes\Terminal\4B1CE69F577705455263BD980C39A82C\MQL5\Experts\Batch_0027\KueFxTrend-EA\ini
2025-04-25 13:35:24,264 - INFO - Deleted INI directory: C:\Users\nikol\AppData\Roaming\MetaQuotes\Terminal\4B1CE69F577705455263BD980C39A82C\MQL5\Experts\Batch_0027\KueFx_Arrows_EA_v1.10\ini
2025-04-25 13:35:24,847 - INFO - Deleted INI directory: C:\Users\nikol\AppData\Roaming\MetaQuotes\Terminal\4B1CE69F577705455263BD980C39A82C\MQL5\Experts\Batch_0027\KueFx_Baseline_EA_v1.10\ini
2025-04-25 13:35:25,450 - INFO - Deleted INI directory: C:\Users\nikol\AppData\Roaming\MetaQuotes\Terminal\4B1CE69F577705455263BD980C39A82C\MQL5\Experts\Batch_0027\temp-KueFx-Arrows-EA-v1.10\ini
2025-04-25 13:35:26,007 - INFO - Deleted INI directory: C:\Users\nikol\AppData\Roaming\MetaQuotes\Terminal\4B1CE69F577705455263BD980C39A82C\MQL5\Experts\Batch_0027\temp-KueFx-Baseline-EA-v1.10\ini
2025-04-25 13:35:26,562 - INFO - Deleted INI directory: C:\Users\nikol\AppData\Roaming\MetaQuotes\Terminal\4B1CE69F577705455263BD980C39A82C\MQL5\Experts\Batch_0027\temp_KueFx-Arrows-EA-v1.10\ini
2025-04-25 13:35:27,145 - INFO - Deleted INI directory: C:\Users\nikol\AppData\Roaming\MetaQuotes\Terminal\4B1CE69F577705455263BD980C39A82C\MQL5\Experts\Batch_0027\temp_KueFx-Baseline-EA-v1.10\ini
2025-04-25 13:35:27,714 - INFO - Deleted INI directory: C:\Users\nikol\AppData\Roaming\MetaQuotes\Terminal\4B1CE69F577705455263BD980C39A82C\MQL5\Experts\Batch_0028\Kue-Electric-EA\ini
2025-04-25 13:35:28,327 - INFO - Deleted INI directory: C:\Users\nikol\AppData\Roaming\MetaQuotes\Terminal\4B1CE69F577705455263BD980C39A82C\MQL5\Experts\Batch_0028\KueFx-Extreme-EA\ini
2025-04-25 13:35:28,866 - INFO - Deleted INI directory: C:\Users\nikol\AppData\Roaming\MetaQuotes\Terminal\4B1CE69F577705455263BD980C39A82C\MQL5\Experts\Batch_0028\KueFx-Harare-EA\ini
2025-04-25 13:35:29,441 - INFO - Deleted INI directory: C:\Users\nikol\AppData\Roaming\MetaQuotes\Terminal\4B1CE69F577705455263BD980C39A82C\MQL5\Experts\Batch_0028\KueFX-Money-Management\ini
2025-04-25 13:35:29,991 - INFO - Deleted INI directory: C:\Users\nikol\AppData\Roaming\MetaQuotes\Terminal\4B1CE69F577705455263BD980C39A82C\MQL5\Experts\Batch_0028\KueFx-Motor\ini
2025-04-25 13:35:30,543 - INFO - Deleted INI directory: C:\Users\nikol\AppData\Roaming\MetaQuotes\Terminal\4B1CE69F577705455263BD980C39A82C\MQL5\Experts\Batch_0028\KueFx-Motor-EA\ini
2025-04-25 13:35:31,115 - INFO - Deleted INI directory: C:\Users\nikol\AppData\Roaming\MetaQuotes\Terminal\4B1CE69F577705455263BD980C39A82C\MQL5\Experts\Batch_0028\KueFx-Trend\ini
2025-04-25 13:35:31,578 - INFO - Deleted INI directory: C:\Users\nikol\AppData\Roaming\MetaQuotes\Terminal\4B1CE69F577705455263BD980C39A82C\MQL5\Experts\Batch_0028\LarryConnersRSI2\ini
2025-04-25 13:35:32,186 - INFO - Deleted INI directory: C:\Users\nikol\AppData\Roaming\MetaQuotes\Terminal\4B1CE69F577705455263BD980C39A82C\MQL5\Experts\Batch_0028\Last-ZZ50\ini
2025-04-25 13:35:32,648 - INFO - Deleted INI directory: C:\Users\nikol\AppData\Roaming\MetaQuotes\Terminal\4B1CE69F577705455263BD980C39A82C\MQL5\Experts\Batch_0028\Lavika100\ini
2025-04-25 13:35:33,163 - INFO - Deleted INI directory: C:\Users\nikol\AppData\Roaming\MetaQuotes\Terminal\4B1CE69F577705455263BD980C39A82C\MQL5\Experts\Batch_0029\LazyBot-MT5\ini
2025-04-25 13:35:33,263 - INFO - Deleted INI directory: C:\Users\nikol\AppData\Roaming\MetaQuotes\Terminal\4B1CE69F577705455263BD980C39A82C\MQL5\Experts\Batch_0029\LBS\ini
2025-04-25 13:35:33,393 - INFO - Deleted INI directory: C:\Users\nikol\AppData\Roaming\MetaQuotes\Terminal\4B1CE69F577705455263BD980C39A82C\MQL5\Experts\Batch_0029\Lego-EA\ini
2025-04-25 13:35:33,532 - INFO - Deleted INI directory: C:\Users\nikol\AppData\Roaming\MetaQuotes\Terminal\4B1CE69F577705455263BD980C39A82C\MQL5\Experts\Batch_0029\Lesson-3-Price-Action\ini
2025-04-25 13:35:33,673 - INFO - Deleted INI directory: C:\Users\nikol\AppData\Roaming\MetaQuotes\Terminal\4B1CE69F577705455263BD980C39A82C\MQL5\Experts\Batch_0029\Lesson-4-Price-Action-MA-Filter\ini
2025-04-25 13:35:33,803 - INFO - Deleted INI directory: C:\Users\nikol\AppData\Roaming\MetaQuotes\Terminal\4B1CE69F577705455263BD980C39A82C\MQL5\Experts\Batch_0029\Lesson-6-Trailling-ATR\ini
2025-04-25 13:35:34,015 - INFO - Deleted INI directory: C:\Users\nikol\AppData\Roaming\MetaQuotes\Terminal\4B1CE69F577705455263BD980C39A82C\MQL5\Experts\Batch_0029\Lesson-7-Price-action-Ket-hop-Volume-VSA\ini
2025-04-25 13:35:34,577 - INFO - Deleted INI directory: C:\Users\nikol\AppData\Roaming\MetaQuotes\Terminal\4B1CE69F577705455263BD980C39A82C\MQL5\Experts\Batch_0029\Little-EA\ini
2025-04-25 13:35:35,128 - INFO - Deleted INI directory: C:\Users\nikol\AppData\Roaming\MetaQuotes\Terminal\4B1CE69F577705455263BD980C39A82C\MQL5\Experts\Batch_0029\Lock\ini
2025-04-25 13:35:45,549 - INFO - Deleted INI directory: C:\Users\nikol\AppData\Roaming\MetaQuotes\Terminal\4B1CE69F577705455263BD980C39A82C\MQL5\Experts\Batch_0029\Locker\ini
2025-04-25 13:35:46,072 - INFO - Deleted INI directory: C:\Users\nikol\AppData\Roaming\MetaQuotes\Terminal\4B1CE69F577705455263BD980C39A82C\MQL5\Experts\Batch_0029\temp-LazyBot\ini
2025-04-25 13:35:46,512 - INFO - Deleted INI directory: C:\Users\nikol\AppData\Roaming\MetaQuotes\Terminal\4B1CE69F577705455263BD980C39A82C\MQL5\Experts\Batch_0029\temp_LazyBot\ini
2025-04-25 13:35:46,945 - INFO - Deleted INI directory: C:\Users\nikol\AppData\Roaming\MetaQuotes\Terminal\4B1CE69F577705455263BD980C39A82C\MQL5\Experts\Batch_0030\Lucky\ini
2025-04-25 13:35:47,496 - INFO - Deleted INI directory: C:\Users\nikol\AppData\Roaming\MetaQuotes\Terminal\4B1CE69F577705455263BD980C39A82C\MQL5\Experts\Batch_0030\M.A-break-mt5-buy\ini
2025-04-25 13:35:48,057 - INFO - Deleted INI directory: C:\Users\nikol\AppData\Roaming\MetaQuotes\Terminal\4B1CE69F577705455263BD980C39A82C\MQL5\Experts\Batch_0030\M.A-break-mt5-sell\ini
2025-04-25 13:35:48,500 - INFO - Deleted INI directory: C:\Users\nikol\AppData\Roaming\MetaQuotes\Terminal\4B1CE69F577705455263BD980C39A82C\MQL5\Experts\Batch_0030\MA MACD Position averaging v2\ini
2025-04-25 13:35:49,055 - INFO - Deleted INI directory: C:\Users\nikol\AppData\Roaming\MetaQuotes\Terminal\4B1CE69F577705455263BD980C39A82C\MQL5\Experts\Batch_0030\MA-20Alert\ini
2025-04-25 13:35:49,588 - INFO - Deleted INI directory: C:\Users\nikol\AppData\Roaming\MetaQuotes\Terminal\4B1CE69F577705455263BD980C39A82C\MQL5\Experts\Batch_0030\MA-20AO-20Arrow\ini
2025-04-25 13:35:50,160 - INFO - Deleted INI directory: C:\Users\nikol\AppData\Roaming\MetaQuotes\Terminal\4B1CE69F577705455263BD980C39A82C\MQL5\Experts\Batch_0030\MA-Cross\ini
2025-04-25 13:35:50,703 - INFO - Deleted INI directory: C:\Users\nikol\AppData\Roaming\MetaQuotes\Terminal\4B1CE69F577705455263BD980C39A82C\MQL5\Experts\Batch_0030\MA-Envelopes\ini
2025-04-25 13:35:51,240 - INFO - Deleted INI directory: C:\Users\nikol\AppData\Roaming\MetaQuotes\Terminal\4B1CE69F577705455263BD980C39A82C\MQL5\Experts\Batch_0030\MA-MACD-Position-averaging\ini
2025-04-25 13:35:51,835 - INFO - Deleted INI directory: C:\Users\nikol\AppData\Roaming\MetaQuotes\Terminal\4B1CE69F577705455263BD980C39A82C\MQL5\Experts\Batch_0030\MA-Trend\ini
2025-04-25 13:35:52,374 - INFO - Deleted INI directory: C:\Users\nikol\AppData\Roaming\MetaQuotes\Terminal\4B1CE69F577705455263BD980C39A82C\MQL5\Experts\Batch_0030\temp-M.A-break-buy\ini
2025-04-25 13:35:52,935 - INFO - Deleted INI directory: C:\Users\nikol\AppData\Roaming\MetaQuotes\Terminal\4B1CE69F577705455263BD980C39A82C\MQL5\Experts\Batch_0030\temp-M.A-break-sell\ini
2025-04-25 13:35:53,476 - INFO - Deleted INI directory: C:\Users\nikol\AppData\Roaming\MetaQuotes\Terminal\4B1CE69F577705455263BD980C39A82C\MQL5\Experts\Batch_0030\temp-MA-MACD-Position-averaging-v2\ini
2025-04-25 13:35:54,013 - INFO - Deleted INI directory: C:\Users\nikol\AppData\Roaming\MetaQuotes\Terminal\4B1CE69F577705455263BD980C39A82C\MQL5\Experts\Batch_0030\temp_M.A-break-buy\ini
2025-04-25 13:35:54,524 - INFO - Deleted INI directory: C:\Users\nikol\AppData\Roaming\MetaQuotes\Terminal\4B1CE69F577705455263BD980C39A82C\MQL5\Experts\Batch_0030\temp_M.A-break-sell\ini
2025-04-25 13:35:55,080 - INFO - Deleted INI directory: C:\Users\nikol\AppData\Roaming\MetaQuotes\Terminal\4B1CE69F577705455263BD980C39A82C\MQL5\Experts\Batch_0030\temp_MA-MACD-Position-averaging-v2\ini
2025-04-25 13:35:55,537 - INFO - Deleted INI directory: C:\Users\nikol\AppData\Roaming\MetaQuotes\Terminal\4B1CE69F577705455263BD980C39A82C\MQL5\Experts\Batch_0031\MA2CCI\ini
2025-04-25 13:35:55,978 - INFO - Deleted INI directory: C:\Users\nikol\AppData\Roaming\MetaQuotes\Terminal\4B1CE69F577705455263BD980C39A82C\MQL5\Experts\Batch_0031\MACD\ini
2025-04-25 13:35:56,528 - INFO - Deleted INI directory: C:\Users\nikol\AppData\Roaming\MetaQuotes\Terminal\4B1CE69F577705455263BD980C39A82C\MQL5\Experts\Batch_0031\MACD-and-SAR\ini
2025-04-25 13:35:57,049 - INFO - Deleted INI directory: C:\Users\nikol\AppData\Roaming\MetaQuotes\Terminal\4B1CE69F577705455263BD980C39A82C\MQL5\Experts\Batch_0031\MACD-Cleaner\ini
2025-04-25 13:35:57,581 - INFO - Deleted INI directory: C:\Users\nikol\AppData\Roaming\MetaQuotes\Terminal\4B1CE69F577705455263BD980C39A82C\MQL5\Experts\Batch_0031\Macd-diver-and-rsi-mt5\ini
2025-04-25 13:35:58,124 - INFO - Deleted INI directory: C:\Users\nikol\AppData\Roaming\MetaQuotes\Terminal\4B1CE69F577705455263BD980C39A82C\MQL5\Experts\Batch_0031\MACD-No-Sample\ini
2025-04-25 13:35:58,653 - INFO - Deleted INI directory: C:\Users\nikol\AppData\Roaming\MetaQuotes\Terminal\4B1CE69F577705455263BD980C39A82C\MQL5\Experts\Batch_0031\MACD-signal\ini
2025-04-25 13:35:59,177 - INFO - Deleted INI directory: C:\Users\nikol\AppData\Roaming\MetaQuotes\Terminal\4B1CE69F577705455263BD980C39A82C\MQL5\Experts\Batch_0031\MACD-Stochastic\ini
2025-04-25 13:35:59,730 - INFO - Deleted INI directory: C:\Users\nikol\AppData\Roaming\MetaQuotes\Terminal\4B1CE69F577705455263BD980C39A82C\MQL5\Experts\Batch_0031\MACD-Stochastic-2\ini
2025-04-25 13:36:00,282 - INFO - Deleted INI directory: C:\Users\nikol\AppData\Roaming\MetaQuotes\Terminal\4B1CE69F577705455263BD980C39A82C\MQL5\Experts\Batch_0031\MACD-wonder\ini
2025-04-25 13:36:00,823 - INFO - Deleted INI directory: C:\Users\nikol\AppData\Roaming\MetaQuotes\Terminal\4B1CE69F577705455263BD980C39A82C\MQL5\Experts\Batch_0031\temp-Macd-diver-and-rsi\ini
2025-04-25 13:36:01,372 - INFO - Deleted INI directory: C:\Users\nikol\AppData\Roaming\MetaQuotes\Terminal\4B1CE69F577705455263BD980C39A82C\MQL5\Experts\Batch_0031\temp_Macd-diver-and-rsi\ini
2025-04-25 13:36:01,926 - INFO - Deleted INI directory: C:\Users\nikol\AppData\Roaming\MetaQuotes\Terminal\4B1CE69F577705455263BD980C39A82C\MQL5\Experts\Batch_0032\MACD-EA-H4\ini
2025-04-25 13:36:02,470 - INFO - Deleted INI directory: C:\Users\nikol\AppData\Roaming\MetaQuotes\Terminal\4B1CE69F577705455263BD980C39A82C\MQL5\Experts\Batch_0032\MACD-wonder-YoforexPremium\ini
2025-04-25 13:36:02,920 - INFO - Deleted INI directory: C:\Users\nikol\AppData\Roaming\MetaQuotes\Terminal\4B1CE69F577705455263BD980C39A82C\MQL5\Experts\Batch_0032\MACDCCI\ini
2025-04-25 13:36:03,357 - INFO - Deleted INI directory: C:\Users\nikol\AppData\Roaming\MetaQuotes\Terminal\4B1CE69F577705455263BD980C39A82C\MQL5\Experts\Batch_0032\MacdPatternTraderAll\ini
2025-04-25 13:36:03,924 - INFO - Deleted INI directory: C:\Users\nikol\AppData\Roaming\MetaQuotes\Terminal\4B1CE69F577705455263BD980C39A82C\MQL5\Experts\Batch_0032\MacdPatternTraderAll0.01\ini
2025-04-25 13:36:04,359 - INFO - Deleted INI directory: C:\Users\nikol\AppData\Roaming\MetaQuotes\Terminal\4B1CE69F577705455263BD980C39A82C\MQL5\Experts\Batch_0032\MagneticBrake\ini
2025-04-25 13:36:04,839 - INFO - Deleted INI directory: C:\Users\nikol\AppData\Roaming\MetaQuotes\Terminal\4B1CE69F577705455263BD980C39A82C\MQL5\Experts\Batch_0032\MagneticStopExpert\ini
2025-04-25 13:36:05,308 - INFO - Deleted INI directory: C:\Users\nikol\AppData\Roaming\MetaQuotes\Terminal\4B1CE69F577705455263BD980C39A82C\MQL5\Experts\Batch_0032\MAGrid\ini
2025-04-25 13:36:05,735 - INFO - Deleted INI directory: C:\Users\nikol\AppData\Roaming\MetaQuotes\Terminal\4B1CE69F577705455263BD980C39A82C\MQL5\Experts\Batch_0032\MAMACD\ini
2025-04-25 13:36:06,299 - INFO - Deleted INI directory: C:\Users\nikol\AppData\Roaming\MetaQuotes\Terminal\4B1CE69F577705455263BD980C39A82C\MQL5\Experts\Batch_0032\Mariner-MT5\ini
2025-04-25 13:36:06,829 - INFO - Deleted INI directory: C:\Users\nikol\AppData\Roaming\MetaQuotes\Terminal\4B1CE69F577705455263BD980C39A82C\MQL5\Experts\Batch_0032\temp-Mariner\ini
2025-04-25 13:36:07,268 - INFO - Deleted INI directory: C:\Users\nikol\AppData\Roaming\MetaQuotes\Terminal\4B1CE69F577705455263BD980C39A82C\MQL5\Experts\Batch_0032\temp_Mariner\ini
2025-04-25 13:36:07,829 - INFO - Deleted INI directory: C:\Users\nikol\AppData\Roaming\MetaQuotes\Terminal\4B1CE69F577705455263BD980C39A82C\MQL5\Experts\Batch_0033\MA-AO-EA\ini
2025-04-25 13:36:08,380 - INFO - Deleted INI directory: C:\Users\nikol\AppData\Roaming\MetaQuotes\Terminal\4B1CE69F577705455263BD980C39A82C\MQL5\Experts\Batch_0033\Market-Capture\ini
2025-04-25 13:36:08,841 - INFO - Deleted INI directory: C:\Users\nikol\AppData\Roaming\MetaQuotes\Terminal\4B1CE69F577705455263BD980C39A82C\MQL5\Experts\Batch_0033\Martin\ini
2025-04-25 13:36:09,388 - INFO - Deleted INI directory: C:\Users\nikol\AppData\Roaming\MetaQuotes\Terminal\4B1CE69F577705455263BD980C39A82C\MQL5\Experts\Batch_0033\Martin-1\ini
2025-04-25 13:36:09,948 - INFO - Deleted INI directory: C:\Users\nikol\AppData\Roaming\MetaQuotes\Terminal\4B1CE69F577705455263BD980C39A82C\MQL5\Experts\Batch_0033\Martin-for-small-deposits\ini
2025-04-25 13:36:10,402 - INFO - Deleted INI directory: C:\Users\nikol\AppData\Roaming\MetaQuotes\Terminal\4B1CE69F577705455263BD980C39A82C\MQL5\Experts\Batch_0033\MartingailExpert\ini
2025-04-25 13:36:10,832 - INFO - Deleted INI directory: C:\Users\nikol\AppData\Roaming\MetaQuotes\Terminal\4B1CE69F577705455263BD980C39A82C\MQL5\Experts\Batch_0033\MartinGaleBreakout\ini
2025-04-25 13:36:11,281 - INFO - Deleted INI directory: C:\Users\nikol\AppData\Roaming\MetaQuotes\Terminal\4B1CE69F577705455263BD980C39A82C\MQL5\Experts\Batch_0033\Marubozu\ini
2025-04-25 13:36:11,836 - INFO - Deleted INI directory: C:\Users\nikol\AppData\Roaming\MetaQuotes\Terminal\4B1CE69F577705455263BD980C39A82C\MQL5\Experts\Batch_0033\Marubozu-EA\ini
2025-04-25 13:36:12,401 - INFO - Deleted INI directory: C:\Users\nikol\AppData\Roaming\MetaQuotes\Terminal\4B1CE69F577705455263BD980C39A82C\MQL5\Experts\Batch_0033\Marubozu_EA_v1.10\ini
2025-04-25 13:36:12,954 - INFO - Deleted INI directory: C:\Users\nikol\AppData\Roaming\MetaQuotes\Terminal\4B1CE69F577705455263BD980C39A82C\MQL5\Experts\Batch_0033\temp-Marubozu-EA-v1.10\ini
2025-04-25 13:36:13,483 - INFO - Deleted INI directory: C:\Users\nikol\AppData\Roaming\MetaQuotes\Terminal\4B1CE69F577705455263BD980C39A82C\MQL5\Experts\Batch_0033\temp_Marubozu-EA-v1.10\ini
2025-04-25 13:36:14,030 - INFO - Deleted INI directory: C:\Users\nikol\AppData\Roaming\MetaQuotes\Terminal\4B1CE69F577705455263BD980C39A82C\MQL5\Experts\Batch_0034\ma-channels\ini
2025-04-25 13:36:14,619 - INFO - Deleted INI directory: C:\Users\nikol\AppData\Roaming\MetaQuotes\Terminal\4B1CE69F577705455263BD980C39A82C\MQL5\Experts\Batch_0034\Ma-Crosses-MT5\ini
2025-04-25 13:36:15,178 - INFO - Deleted INI directory: C:\Users\nikol\AppData\Roaming\MetaQuotes\Terminal\4B1CE69F577705455263BD980C39A82C\MQL5\Experts\Batch_0034\MA-Crossover-mt5-20EA\ini
2025-04-25 13:36:15,726 - INFO - Deleted INI directory: C:\Users\nikol\AppData\Roaming\MetaQuotes\Terminal\4B1CE69F577705455263BD980C39A82C\MQL5\Experts\Batch_0034\MelBar-EuSwiss-1.85\ini
2025-04-25 13:36:16,290 - INFO - Deleted INI directory: C:\Users\nikol\AppData\Roaming\MetaQuotes\Terminal\4B1CE69F577705455263BD980C39A82C\MQL5\Experts\Batch_0034\MelBarTTake325-T-5.5Y-NZD-USD.ex5\ini
2025-04-25 13:36:16,850 - INFO - Deleted INI directory: C:\Users\nikol\AppData\Roaming\MetaQuotes\Terminal\4B1CE69F577705455263BD980C39A82C\MQL5\Experts\Batch_0034\MelBarTTake325-T-5.5Y-NZD-USD.mq5\ini
2025-04-25 13:36:17,414 - INFO - Deleted INI directory: C:\Users\nikol\AppData\Roaming\MetaQuotes\Terminal\4B1CE69F577705455263BD980C39A82C\MQL5\Experts\Batch_0034\MelBar™Take325-™-5.5Y-NZD-USD\ini
2025-04-25 13:36:17,982 - INFO - Deleted INI directory: C:\Users\nikol\AppData\Roaming\MetaQuotes\Terminal\4B1CE69F577705455263BD980C39A82C\MQL5\Experts\Batch_0034\Minning-GoldMT5-Yoforexpremium\ini
2025-04-25 13:36:18,519 - INFO - Deleted INI directory: C:\Users\nikol\AppData\Roaming\MetaQuotes\Terminal\4B1CE69F577705455263BD980C39A82C\MQL5\Experts\Batch_0034\Mobo-Bands\ini
2025-04-25 13:36:19,068 - INFO - Deleted INI directory: C:\Users\nikol\AppData\Roaming\MetaQuotes\Terminal\4B1CE69F577705455263BD980C39A82C\MQL5\Experts\Batch_0034\Mobo-Bands-EA\ini
2025-04-25 13:36:19,782 - INFO - Deleted INI directory: C:\Users\nikol\AppData\Roaming\MetaQuotes\Terminal\4B1CE69F577705455263BD980C39A82C\MQL5\Experts\Batch_0034\temp-Ma-Crosses\ini
2025-04-25 13:36:30,189 - INFO - Deleted INI directory: C:\Users\nikol\AppData\Roaming\MetaQuotes\Terminal\4B1CE69F577705455263BD980C39A82C\MQL5\Experts\Batch_0034\temp-MA-Crossover-20EA\ini
2025-04-25 13:36:30,744 - INFO - Deleted INI directory: C:\Users\nikol\AppData\Roaming\MetaQuotes\Terminal\4B1CE69F577705455263BD980C39A82C\MQL5\Experts\Batch_0034\temp-Minning-Gold-Yoforexpremium\ini
2025-04-25 13:36:31,312 - INFO - Deleted INI directory: C:\Users\nikol\AppData\Roaming\MetaQuotes\Terminal\4B1CE69F577705455263BD980C39A82C\MQL5\Experts\Batch_0034\temp_Ma-Crosses\ini
2025-04-25 13:36:31,889 - INFO - Deleted INI directory: C:\Users\nikol\AppData\Roaming\MetaQuotes\Terminal\4B1CE69F577705455263BD980C39A82C\MQL5\Experts\Batch_0034\temp_MA-Crossover-20EA\ini
2025-04-25 13:36:32,430 - INFO - Deleted INI directory: C:\Users\nikol\AppData\Roaming\MetaQuotes\Terminal\4B1CE69F577705455263BD980C39A82C\MQL5\Experts\Batch_0034\temp_Minning-Gold-Yoforexpremium\ini
2025-04-25 13:36:32,978 - INFO - Deleted INI directory: C:\Users\nikol\AppData\Roaming\MetaQuotes\Terminal\4B1CE69F577705455263BD980C39A82C\MQL5\Experts\Batch_0035\Modified-Moving-Averages\ini
2025-04-25 13:36:33,517 - INFO - Deleted INI directory: C:\Users\nikol\AppData\Roaming\MetaQuotes\Terminal\4B1CE69F577705455263BD980C39A82C\MQL5\Experts\Batch_0035\Momentum-M15\ini
2025-04-25 13:36:34,054 - INFO - Deleted INI directory: C:\Users\nikol\AppData\Roaming\MetaQuotes\Terminal\4B1CE69F577705455263BD980C39A82C\MQL5\Experts\Batch_0035\Momo-trades\ini
2025-04-25 13:36:34,634 - INFO - Deleted INI directory: C:\Users\nikol\AppData\Roaming\MetaQuotes\Terminal\4B1CE69F577705455263BD980C39A82C\MQL5\Experts\Batch_0035\Money-Fixed-Margin\ini
2025-04-25 13:36:35,176 - INFO - Deleted INI directory: C:\Users\nikol\AppData\Roaming\MetaQuotes\Terminal\4B1CE69F577705455263BD980C39A82C\MQL5\Experts\Batch_0035\Money-Fixed-Risk\ini
2025-04-25 13:36:35,610 - INFO - Deleted INI directory: C:\Users\nikol\AppData\Roaming\MetaQuotes\Terminal\4B1CE69F577705455263BD980C39A82C\MQL5\Experts\Batch_0035\MoneyRain\ini
2025-04-25 13:36:36,154 - INFO - Deleted INI directory: C:\Users\nikol\AppData\Roaming\MetaQuotes\Terminal\4B1CE69F577705455263BD980C39A82C\MQL5\Experts\Batch_0035\Morning-evening-star-EA\ini
2025-04-25 13:36:36,726 - INFO - Deleted INI directory: C:\Users\nikol\AppData\Roaming\MetaQuotes\Terminal\4B1CE69F577705455263BD980C39A82C\MQL5\Experts\Batch_0035\MostasHaR15-Pivot\ini
2025-04-25 13:36:37,272 - INFO - Deleted INI directory: C:\Users\nikol\AppData\Roaming\MetaQuotes\Terminal\4B1CE69F577705455263BD980C39A82C\MQL5\Experts\Batch_0035\Moving-Average-Trade-System\ini
2025-04-25 13:36:37,860 - INFO - Deleted INI directory: C:\Users\nikol\AppData\Roaming\MetaQuotes\Terminal\4B1CE69F577705455263BD980C39A82C\MQL5\Experts\Batch_0035\Moving-Averages\ini
2025-04-25 13:36:38,396 - INFO - Deleted INI directory: C:\Users\nikol\AppData\Roaming\MetaQuotes\Terminal\4B1CE69F577705455263BD980C39A82C\MQL5\Experts\Batch_0036\Moving-20average-20and-20ichimoku-20EA\ini
2025-04-25 13:36:38,838 - INFO - Deleted INI directory: C:\Users\nikol\AppData\Roaming\MetaQuotes\Terminal\4B1CE69F577705455263BD980C39A82C\MQL5\Experts\Batch_0036\MovingAverage\ini
2025-04-25 13:36:39,283 - INFO - Deleted INI directory: C:\Users\nikol\AppData\Roaming\MetaQuotes\Terminal\4B1CE69F577705455263BD980C39A82C\MQL5\Experts\Batch_0036\MovingAverageMartinGale\ini
2025-04-25 13:36:39,839 - INFO - Deleted INI directory: C:\Users\nikol\AppData\Roaming\MetaQuotes\Terminal\4B1CE69F577705455263BD980C39A82C\MQL5\Experts\Batch_0036\MQL5-Wizard-MA-RSI\ini
2025-04-25 13:36:40,392 - INFO - Deleted INI directory: C:\Users\nikol\AppData\Roaming\MetaQuotes\Terminal\4B1CE69F577705455263BD980C39A82C\MQL5\Experts\Batch_0036\MQL5-Wizard-MACD-Parabolic-SAR\ini
2025-04-25 13:36:40,834 - INFO - Deleted INI directory: C:\Users\nikol\AppData\Roaming\MetaQuotes\Terminal\4B1CE69F577705455263BD980C39A82C\MQL5\Experts\Batch_0036\MT45\ini
2025-04-25 13:36:41,384 - INFO - Deleted INI directory: C:\Users\nikol\AppData\Roaming\MetaQuotes\Terminal\4B1CE69F577705455263BD980C39A82C\MQL5\Experts\Batch_0036\MT5-CoupleHedgeEA\ini
2025-04-25 13:36:41,969 - INFO - Deleted INI directory: C:\Users\nikol\AppData\Roaming\MetaQuotes\Terminal\4B1CE69F577705455263BD980C39A82C\MQL5\Experts\Batch_0036\MT5-RingSystemEA\ini
2025-04-25 13:36:42,520 - INFO - Deleted INI directory: C:\Users\nikol\AppData\Roaming\MetaQuotes\Terminal\4B1CE69F577705455263BD980C39A82C\MQL5\Experts\Batch_0036\Mt5-williams-directional-index-EA\ini
2025-04-25 13:36:42,657 - INFO - Deleted INI directory: C:\Users\nikol\AppData\Roaming\MetaQuotes\Terminal\4B1CE69F577705455263BD980C39A82C\MQL5\Experts\Batch_0036\MTC-Сombo\ini
2025-04-25 13:36:42,774 - INFO - Deleted INI directory: C:\Users\nikol\AppData\Roaming\MetaQuotes\Terminal\4B1CE69F577705455263BD980C39A82C\MQL5\Experts\Batch_0036\temp-5\ini
2025-04-25 13:36:42,897 - INFO - Deleted INI directory: C:\Users\nikol\AppData\Roaming\MetaQuotes\Terminal\4B1CE69F577705455263BD980C39A82C\MQL5\Experts\Batch_0036\temp-CoupleHedgeEA\ini
2025-04-25 13:36:43,027 - INFO - Deleted INI directory: C:\Users\nikol\AppData\Roaming\MetaQuotes\Terminal\4B1CE69F577705455263BD980C39A82C\MQL5\Experts\Batch_0036\temp-RingSystemEA\ini
2025-04-25 13:36:43,155 - INFO - Deleted INI directory: C:\Users\nikol\AppData\Roaming\MetaQuotes\Terminal\4B1CE69F577705455263BD980C39A82C\MQL5\Experts\Batch_0036\temp-williams-directional-index-EA\ini
2025-04-25 13:36:43,287 - INFO - Deleted INI directory: C:\Users\nikol\AppData\Roaming\MetaQuotes\Terminal\4B1CE69F577705455263BD980C39A82C\MQL5\Experts\Batch_0036\temp_-CoupleHedgeEA\ini
2025-04-25 13:36:43,431 - INFO - Deleted INI directory: C:\Users\nikol\AppData\Roaming\MetaQuotes\Terminal\4B1CE69F577705455263BD980C39A82C\MQL5\Experts\Batch_0036\temp_-RingSystemEA\ini
2025-04-25 13:36:43,575 - INFO - Deleted INI directory: C:\Users\nikol\AppData\Roaming\MetaQuotes\Terminal\4B1CE69F577705455263BD980C39A82C\MQL5\Experts\Batch_0036\temp_-williams-directional-index-EA\ini
2025-04-25 13:36:43,681 - INFO - Deleted INI directory: C:\Users\nikol\AppData\Roaming\MetaQuotes\Terminal\4B1CE69F577705455263BD980C39A82C\MQL5\Experts\Batch_0036\temp_5\ini
2025-04-25 13:36:43,808 - INFO - Deleted INI directory: C:\Users\nikol\AppData\Roaming\MetaQuotes\Terminal\4B1CE69F577705455263BD980C39A82C\MQL5\Experts\Batch_0037\Multi-Stochastic\ini
2025-04-25 13:36:43,939 - INFO - Deleted INI directory: C:\Users\nikol\AppData\Roaming\MetaQuotes\Terminal\4B1CE69F577705455263BD980C39A82C\MQL5\Experts\Batch_0037\Multi-Trader-BC-Robot\ini
2025-04-25 13:36:44,036 - INFO - Deleted INI directory: C:\Users\nikol\AppData\Roaming\MetaQuotes\Terminal\4B1CE69F577705455263BD980C39A82C\MQL5\Experts\Batch_0037\MultiMartin\ini
2025-04-25 13:36:44,131 - INFO - Deleted INI directory: C:\Users\nikol\AppData\Roaming\MetaQuotes\Terminal\4B1CE69F577705455263BD980C39A82C\MQL5\Experts\Batch_0037\MySystem\ini
2025-04-25 13:36:44,229 - INFO - Deleted INI directory: C:\Users\nikol\AppData\Roaming\MetaQuotes\Terminal\4B1CE69F577705455263BD980C39A82C\MQL5\Experts\Batch_0037\N Candles v2\ini
2025-04-25 13:36:44,331 - INFO - Deleted INI directory: C:\Users\nikol\AppData\Roaming\MetaQuotes\Terminal\4B1CE69F577705455263BD980C39A82C\MQL5\Experts\Batch_0037\N Candles v3\ini
2025-04-25 13:36:44,436 - INFO - Deleted INI directory: C:\Users\nikol\AppData\Roaming\MetaQuotes\Terminal\4B1CE69F577705455263BD980C39A82C\MQL5\Experts\Batch_0037\N Candles v4\ini
2025-04-25 13:36:44,540 - INFO - Deleted INI directory: C:\Users\nikol\AppData\Roaming\MetaQuotes\Terminal\4B1CE69F577705455263BD980C39A82C\MQL5\Experts\Batch_0037\N Candles v5\ini
2025-04-25 13:36:44,676 - INFO - Deleted INI directory: C:\Users\nikol\AppData\Roaming\MetaQuotes\Terminal\4B1CE69F577705455263BD980C39A82C\MQL5\Experts\Batch_0037\N-Candles\ini
2025-04-25 13:36:44,818 - INFO - Deleted INI directory: C:\Users\nikol\AppData\Roaming\MetaQuotes\Terminal\4B1CE69F577705455263BD980C39A82C\MQL5\Experts\Batch_0037\N-_Candles_v7\ini
2025-04-25 13:36:44,953 - INFO - Deleted INI directory: C:\Users\nikol\AppData\Roaming\MetaQuotes\Terminal\4B1CE69F577705455263BD980C39A82C\MQL5\Experts\Batch_0037\temp-N-Candles-v2\ini
2025-04-25 13:36:45,085 - INFO - Deleted INI directory: C:\Users\nikol\AppData\Roaming\MetaQuotes\Terminal\4B1CE69F577705455263BD980C39A82C\MQL5\Experts\Batch_0037\temp-N-Candles-v3\ini
2025-04-25 13:36:45,195 - INFO - Deleted INI directory: C:\Users\nikol\AppData\Roaming\MetaQuotes\Terminal\4B1CE69F577705455263BD980C39A82C\MQL5\Experts\Batch_0037\temp-N-Candles-v4\ini
2025-04-25 13:36:45,316 - INFO - Deleted INI directory: C:\Users\nikol\AppData\Roaming\MetaQuotes\Terminal\4B1CE69F577705455263BD980C39A82C\MQL5\Experts\Batch_0037\temp-N-Candles-v5\ini
2025-04-25 13:36:45,445 - INFO - Deleted INI directory: C:\Users\nikol\AppData\Roaming\MetaQuotes\Terminal\4B1CE69F577705455263BD980C39A82C\MQL5\Experts\Batch_0037\temp-N-Candles-v7\ini
2025-04-25 13:36:45,582 - INFO - Deleted INI directory: C:\Users\nikol\AppData\Roaming\MetaQuotes\Terminal\4B1CE69F577705455263BD980C39A82C\MQL5\Experts\Batch_0037\temp_N-Candles-v2\ini
2025-04-25 13:36:45,716 - INFO - Deleted INI directory: C:\Users\nikol\AppData\Roaming\MetaQuotes\Terminal\4B1CE69F577705455263BD980C39A82C\MQL5\Experts\Batch_0037\temp_N-Candles-v3\ini
2025-04-25 13:36:46,149 - INFO - Deleted INI directory: C:\Users\nikol\AppData\Roaming\MetaQuotes\Terminal\4B1CE69F577705455263BD980C39A82C\MQL5\Experts\Batch_0037\temp_N-Candles-v4\ini
2025-04-25 13:36:46,718 - INFO - Deleted INI directory: C:\Users\nikol\AppData\Roaming\MetaQuotes\Terminal\4B1CE69F577705455263BD980C39A82C\MQL5\Experts\Batch_0037\temp_N-Candles-v5\ini
2025-04-25 13:36:47,284 - INFO - Deleted INI directory: C:\Users\nikol\AppData\Roaming\MetaQuotes\Terminal\4B1CE69F577705455263BD980C39A82C\MQL5\Experts\Batch_0037\temp_N-Candles-v7\ini
2025-04-25 13:36:47,745 - INFO - Deleted INI directory: C:\Users\nikol\AppData\Roaming\MetaQuotes\Terminal\4B1CE69F577705455263BD980C39A82C\MQL5\Experts\Batch_0038\Nevalyashka\ini
2025-04-25 13:36:48,284 - INFO - Deleted INI directory: C:\Users\nikol\AppData\Roaming\MetaQuotes\Terminal\4B1CE69F577705455263BD980C39A82C\MQL5\Experts\Batch_0038\Nevalyashka-BreakdownLevel\ini
2025-04-25 13:36:48,831 - INFO - Deleted INI directory: C:\Users\nikol\AppData\Roaming\MetaQuotes\Terminal\4B1CE69F577705455263BD980C39A82C\MQL5\Experts\Batch_0038\Nevalyashka3-1\ini
2025-04-25 13:36:49,379 - INFO - Deleted INI directory: C:\Users\nikol\AppData\Roaming\MetaQuotes\Terminal\4B1CE69F577705455263BD980C39A82C\MQL5\Experts\Batch_0038\New-Martin\ini
2025-04-25 13:36:49,917 - INFO - Deleted INI directory: C:\Users\nikol\AppData\Roaming\MetaQuotes\Terminal\4B1CE69F577705455263BD980C39A82C\MQL5\Experts\Batch_0038\New-Random\ini
2025-04-25 13:36:50,359 - INFO - Deleted INI directory: C:\Users\nikol\AppData\Roaming\MetaQuotes\Terminal\4B1CE69F577705455263BD980C39A82C\MQL5\Experts\Batch_0038\Nextbar\ini
2025-04-25 13:36:50,907 - INFO - Deleted INI directory: C:\Users\nikol\AppData\Roaming\MetaQuotes\Terminal\4B1CE69F577705455263BD980C39A82C\MQL5\Experts\Batch_0038\Night-Flat-Trade\ini
2025-04-25 13:36:51,356 - INFO - Deleted INI directory: C:\Users\nikol\AppData\Roaming\MetaQuotes\Terminal\4B1CE69F577705455263BD980C39A82C\MQL5\Experts\Batch_0038\NightScalper\ini
2025-04-25 13:36:51,922 - INFO - Deleted INI directory: C:\Users\nikol\AppData\Roaming\MetaQuotes\Terminal\4B1CE69F577705455263BD980C39A82C\MQL5\Experts\Batch_0038\NRTR-Revers\ini
2025-04-25 13:36:52,474 - INFO - Deleted INI directory: C:\Users\nikol\AppData\Roaming\MetaQuotes\Terminal\4B1CE69F577705455263BD980C39A82C\MQL5\Experts\Batch_0038\NSK-SWING-EA-MT5-Yoforexpremium\ini
2025-04-25 13:36:53,067 - INFO - Deleted INI directory: C:\Users\nikol\AppData\Roaming\MetaQuotes\Terminal\4B1CE69F577705455263BD980C39A82C\MQL5\Experts\Batch_0038\temp-NSK-SWING-EA-Yoforexpremium\ini
2025-04-25 13:36:53,633 - INFO - Deleted INI directory: C:\Users\nikol\AppData\Roaming\MetaQuotes\Terminal\4B1CE69F577705455263BD980C39A82C\MQL5\Experts\Batch_0038\temp_NSK-SWING-EA-Yoforexpremium\ini
2025-04-25 13:36:54,173 - INFO - Deleted INI directory: C:\Users\nikol\AppData\Roaming\MetaQuotes\Terminal\4B1CE69F577705455263BD980C39A82C\MQL5\Experts\Batch_0039\NSK-SWING-EA-Yoforexpremium\ini
2025-04-25 13:36:54,640 - INFO - Deleted INI directory: C:\Users\nikol\AppData\Roaming\MetaQuotes\Terminal\4B1CE69F577705455263BD980C39A82C\MQL5\Experts\Batch_0039\NUp1Down\ini
2025-04-25 13:36:55,193 - INFO - Deleted INI directory: C:\Users\nikol\AppData\Roaming\MetaQuotes\Terminal\4B1CE69F577705455263BD980C39A82C\MQL5\Experts\Batch_0039\Open-Candle-EA\ini
2025-04-25 13:36:55,734 - INFO - Deleted INI directory: C:\Users\nikol\AppData\Roaming\MetaQuotes\Terminal\4B1CE69F577705455263BD980C39A82C\MQL5\Experts\Batch_0039\Open-Close\ini
2025-04-25 13:36:56,282 - INFO - Deleted INI directory: C:\Users\nikol\AppData\Roaming\MetaQuotes\Terminal\4B1CE69F577705455263BD980C39A82C\MQL5\Experts\Batch_0039\Opening-and-ilosing-on-time\ini
2025-04-25 13:36:56,839 - INFO - Deleted INI directory: C:\Users\nikol\AppData\Roaming\MetaQuotes\Terminal\4B1CE69F577705455263BD980C39A82C\MQL5\Experts\Batch_0039\Opening-and-Сlosing-on-time\ini
2025-04-25 13:36:57,311 - INFO - Deleted INI directory: C:\Users\nikol\AppData\Roaming\MetaQuotes\Terminal\4B1CE69F577705455263BD980C39A82C\MQL5\Experts\Batch_0039\OpenPendingorderAfterPositionGetStopLoss\ini
2025-04-25 13:36:57,752 - INFO - Deleted INI directory: C:\Users\nikol\AppData\Roaming\MetaQuotes\Terminal\4B1CE69F577705455263BD980C39A82C\MQL5\Experts\Batch_0039\OpenTicks\ini
2025-04-25 13:36:58,292 - INFO - Deleted INI directory: C:\Users\nikol\AppData\Roaming\MetaQuotes\Terminal\4B1CE69F577705455263BD980C39A82C\MQL5\Experts\Batch_0039\optimization-result\ini
2025-04-25 13:36:58,833 - INFO - Deleted INI directory: C:\Users\nikol\AppData\Roaming\MetaQuotes\Terminal\4B1CE69F577705455263BD980C39A82C\MQL5\Experts\Batch_0039\ORB-EA-BOX\ini
2025-04-25 13:36:59,276 - INFO - Deleted INI directory: C:\Users\nikol\AppData\Roaming\MetaQuotes\Terminal\4B1CE69F577705455263BD980C39A82C\MQL5\Experts\Batch_0040\OsMaSter\ini
2025-04-25 13:36:59,849 - INFO - Deleted INI directory: C:\Users\nikol\AppData\Roaming\MetaQuotes\Terminal\4B1CE69F577705455263BD980C39A82C\MQL5\Experts\Batch_0040\OTT-20AND-20PRICE-20CROSS-20EA\ini
2025-04-25 13:37:00,440 - INFO - Deleted INI directory: C:\Users\nikol\AppData\Roaming\MetaQuotes\Terminal\4B1CE69F577705455263BD980C39A82C\MQL5\Experts\Batch_0040\OverHedge\ini
2025-04-25 13:37:00,954 - INFO - Deleted INI directory: C:\Users\nikol\AppData\Roaming\MetaQuotes\Terminal\4B1CE69F577705455263BD980C39A82C\MQL5\Experts\Batch_0040\OzFx\ini
2025-04-25 13:37:01,623 - INFO - Deleted INI directory: C:\Users\nikol\AppData\Roaming\MetaQuotes\Terminal\4B1CE69F577705455263BD980C39A82C\MQL5\Experts\Batch_0040\Par-20sar-20mt5-201\ini
2025-04-25 13:37:02,228 - INFO - Deleted INI directory: C:\Users\nikol\AppData\Roaming\MetaQuotes\Terminal\4B1CE69F577705455263BD980C39A82C\MQL5\Experts\Batch_0040\Parabolic-SAR\ini
2025-04-25 13:37:02,817 - INFO - Deleted INI directory: C:\Users\nikol\AppData\Roaming\MetaQuotes\Terminal\4B1CE69F577705455263BD980C39A82C\MQL5\Experts\Batch_0040\PARSI-EA\ini
2025-04-25 13:37:03,376 - INFO - Deleted INI directory: C:\Users\nikol\AppData\Roaming\MetaQuotes\Terminal\4B1CE69F577705455263BD980C39A82C\MQL5\Experts\Batch_0040\Peceptron-Mult\ini
2025-04-25 13:37:03,960 - INFO - Deleted INI directory: C:\Users\nikol\AppData\Roaming\MetaQuotes\Terminal\4B1CE69F577705455263BD980C39A82C\MQL5\Experts\Batch_0040\Pending-orders-by-time\ini
2025-04-25 13:37:04,516 - INFO - Deleted INI directory: C:\Users\nikol\AppData\Roaming\MetaQuotes\Terminal\4B1CE69F577705455263BD980C39A82C\MQL5\Experts\Batch_0040\Pending-orders-by-time-2\ini
2025-04-25 13:37:05,120 - INFO - Deleted INI directory: C:\Users\nikol\AppData\Roaming\MetaQuotes\Terminal\4B1CE69F577705455263BD980C39A82C\MQL5\Experts\Batch_0040\temp-Par-20sar-20-201\ini
2025-04-25 13:37:05,742 - INFO - Deleted INI directory: C:\Users\nikol\AppData\Roaming\MetaQuotes\Terminal\4B1CE69F577705455263BD980C39A82C\MQL5\Experts\Batch_0040\temp_Par-20sar-20-201\ini
2025-04-25 13:37:06,263 - INFO - Deleted INI directory: C:\Users\nikol\AppData\Roaming\MetaQuotes\Terminal\4B1CE69F577705455263BD980C39A82C\MQL5\Experts\Batch_0041\Pendulum\ini
2025-04-25 13:37:06,835 - INFO - Deleted INI directory: C:\Users\nikol\AppData\Roaming\MetaQuotes\Terminal\4B1CE69F577705455263BD980C39A82C\MQL5\Experts\Batch_0041\Pinball-machine\ini
2025-04-25 13:37:07,424 - INFO - Deleted INI directory: C:\Users\nikol\AppData\Roaming\MetaQuotes\Terminal\4B1CE69F577705455263BD980C39A82C\MQL5\Experts\Batch_0041\Pinbar-Magic-EA\ini
2025-04-25 13:37:18,067 - INFO - Deleted INI directory: C:\Users\nikol\AppData\Roaming\MetaQuotes\Terminal\4B1CE69F577705455263BD980C39A82C\MQL5\Experts\Batch_0041\PinBar-Magic-Indicator\ini
2025-04-25 13:37:18,543 - INFO - Deleted INI directory: C:\Users\nikol\AppData\Roaming\MetaQuotes\Terminal\4B1CE69F577705455263BD980C39A82C\MQL5\Experts\Batch_0041\Pipsover\ini
2025-04-25 13:37:19,150 - INFO - Deleted INI directory: C:\Users\nikol\AppData\Roaming\MetaQuotes\Terminal\4B1CE69F577705455263BD980C39A82C\MQL5\Experts\Batch_0041\Plan-X\ini
2025-04-25 13:37:19,649 - INFO - Deleted INI directory: C:\Users\nikol\AppData\Roaming\MetaQuotes\Terminal\4B1CE69F577705455263BD980C39A82C\MQL5\Experts\Batch_0041\Plateau\ini
2025-04-25 13:37:20,273 - INFO - Deleted INI directory: C:\Users\nikol\AppData\Roaming\MetaQuotes\Terminal\4B1CE69F577705455263BD980C39A82C\MQL5\Experts\Batch_0041\Poker-SHOW\ini
2025-04-25 13:37:20,934 - INFO - Deleted INI directory: C:\Users\nikol\AppData\Roaming\MetaQuotes\Terminal\4B1CE69F577705455263BD980C39A82C\MQL5\Experts\Batch_0041\POVERTY-KILLER-GHOSTMT5-YoForexPremium\ini
2025-04-25 13:37:21,548 - INFO - Deleted INI directory: C:\Users\nikol\AppData\Roaming\MetaQuotes\Terminal\4B1CE69F577705455263BD980C39A82C\MQL5\Experts\Batch_0041\POW-BANKER-EA-MT5-4170-with-SetFiles-YoForexPremium\ini
2025-04-25 13:37:22,190 - INFO - Deleted INI directory: C:\Users\nikol\AppData\Roaming\MetaQuotes\Terminal\4B1CE69F577705455263BD980C39A82C\MQL5\Experts\Batch_0041\temp-POVERTY-KILLER-GHOST-YoForexPremium\ini
2025-04-25 13:37:22,869 - INFO - Deleted INI directory: C:\Users\nikol\AppData\Roaming\MetaQuotes\Terminal\4B1CE69F577705455263BD980C39A82C\MQL5\Experts\Batch_0041\temp-POW-BANKER-EA-4170-with-SetFiles-YoForexPremium\ini
2025-04-25 13:37:23,549 - INFO - Deleted INI directory: C:\Users\nikol\AppData\Roaming\MetaQuotes\Terminal\4B1CE69F577705455263BD980C39A82C\MQL5\Experts\Batch_0041\temp_POVERTY-KILLER-GHOST-YoForexPremium\ini
2025-04-25 13:37:24,205 - INFO - Deleted INI directory: C:\Users\nikol\AppData\Roaming\MetaQuotes\Terminal\4B1CE69F577705455263BD980C39A82C\MQL5\Experts\Batch_0041\temp_POW-BANKER-EA-4170-with-SetFiles-YoForexPremium\ini
2025-04-25 13:37:24,737 - INFO - Deleted INI directory: C:\Users\nikol\AppData\Roaming\MetaQuotes\Terminal\4B1CE69F577705455263BD980C39A82C\MQL5\Experts\Batch_0042\Precipice\ini
2025-04-25 13:37:25,350 - INFO - Deleted INI directory: C:\Users\nikol\AppData\Roaming\MetaQuotes\Terminal\4B1CE69F577705455263BD980C39A82C\MQL5\Experts\Batch_0042\Precipice-MartIn\ini
2025-04-25 13:37:25,974 - INFO - Deleted INI directory: C:\Users\nikol\AppData\Roaming\MetaQuotes\Terminal\4B1CE69F577705455263BD980C39A82C\MQL5\Experts\Batch_0042\PrizmaL-Pro-EAMT5-YoforexPremium\ini
2025-04-25 13:37:26,488 - INFO - Deleted INI directory: C:\Users\nikol\AppData\Roaming\MetaQuotes\Terminal\4B1CE69F577705455263BD980C39A82C\MQL5\Experts\Batch_0042\Probe\ini
2025-04-25 13:37:26,968 - INFO - Deleted INI directory: C:\Users\nikol\AppData\Roaming\MetaQuotes\Terminal\4B1CE69F577705455263BD980C39A82C\MQL5\Experts\Batch_0042\Proffessor\ini
2025-04-25 13:37:27,438 - INFO - Deleted INI directory: C:\Users\nikol\AppData\Roaming\MetaQuotes\Terminal\4B1CE69F577705455263BD980C39A82C\MQL5\Experts\Batch_0042\PropFirmHelper\ini
2025-04-25 13:37:27,868 - INFO - Deleted INI directory: C:\Users\nikol\AppData\Roaming\MetaQuotes\Terminal\4B1CE69F577705455263BD980C39A82C\MQL5\Experts\Batch_0042\PROphet\ini
2025-04-25 13:37:28,429 - INFO - Deleted INI directory: C:\Users\nikol\AppData\Roaming\MetaQuotes\Terminal\4B1CE69F577705455263BD980C39A82C\MQL5\Experts\Batch_0042\Puria-method\ini
2025-04-25 13:37:28,872 - INFO - Deleted INI directory: C:\Users\nikol\AppData\Roaming\MetaQuotes\Terminal\4B1CE69F577705455263BD980C39A82C\MQL5\Experts\Batch_0042\Rabbit3\ini
2025-04-25 13:37:29,423 - INFO - Deleted INI directory: C:\Users\nikol\AppData\Roaming\MetaQuotes\Terminal\4B1CE69F577705455263BD980C39A82C\MQL5\Experts\Batch_0042\Range-Breakout\ini
2025-04-25 13:37:29,979 - INFO - Deleted INI directory: C:\Users\nikol\AppData\Roaming\MetaQuotes\Terminal\4B1CE69F577705455263BD980C39A82C\MQL5\Experts\Batch_0042\temp-PrizmaL-Pro-EA-YoforexPremium\ini
2025-04-25 13:37:30,546 - INFO - Deleted INI directory: C:\Users\nikol\AppData\Roaming\MetaQuotes\Terminal\4B1CE69F577705455263BD980C39A82C\MQL5\Experts\Batch_0042\temp_PrizmaL-Pro-EA-YoforexPremium\ini
2025-04-25 13:37:31,089 - INFO - Deleted INI directory: C:\Users\nikol\AppData\Roaming\MetaQuotes\Terminal\4B1CE69F577705455263BD980C39A82C\MQL5\Experts\Batch_0043\Rapid-Doji-EA\ini
2025-04-25 13:37:31,646 - INFO - Deleted INI directory: C:\Users\nikol\AppData\Roaming\MetaQuotes\Terminal\4B1CE69F577705455263BD980C39A82C\MQL5\Experts\Batch_0043\Raymond-Cloudy-Day-for-EA\ini
2025-04-25 13:37:32,240 - INFO - Deleted INI directory: C:\Users\nikol\AppData\Roaming\MetaQuotes\Terminal\4B1CE69F577705455263BD980C39A82C\MQL5\Experts\Batch_0043\RedDragon-v.1.03\ini
2025-04-25 13:37:32,672 - INFO - Deleted INI directory: C:\Users\nikol\AppData\Roaming\MetaQuotes\Terminal\4B1CE69F577705455263BD980C39A82C\MQL5\Experts\Batch_0043\Reflex\ini
2025-04-25 13:37:33,247 - INFO - Deleted INI directory: C:\Users\nikol\AppData\Roaming\MetaQuotes\Terminal\4B1CE69F577705455263BD980C39A82C\MQL5\Experts\Batch_0043\Reflex-EA\ini
2025-04-25 13:37:33,810 - INFO - Deleted INI directory: C:\Users\nikol\AppData\Roaming\MetaQuotes\Terminal\4B1CE69F577705455263BD980C39A82C\MQL5\Experts\Batch_0043\REFLEX-INDICATOR\ini
2025-04-25 13:37:34,375 - INFO - Deleted INI directory: C:\Users\nikol\AppData\Roaming\MetaQuotes\Terminal\4B1CE69F577705455263BD980C39A82C\MQL5\Experts\Batch_0043\Reversing-Martingale\ini
2025-04-25 13:37:34,868 - INFO - Deleted INI directory: C:\Users\nikol\AppData\Roaming\MetaQuotes\Terminal\4B1CE69F577705455263BD980C39A82C\MQL5\Experts\Batch_0043\RideAlligator\ini
2025-04-25 13:37:35,392 - INFO - Deleted INI directory: C:\Users\nikol\AppData\Roaming\MetaQuotes\Terminal\4B1CE69F577705455263BD980C39A82C\MQL5\Experts\Batch_0043\RNN\ini
2025-04-25 13:37:36,305 - INFO - Deleted INI directory: C:\Users\nikol\AppData\Roaming\MetaQuotes\Terminal\4B1CE69F577705455263BD980C39A82C\MQL5\Experts\Batch_0043\RobotPowerM5-meta4\ini
2025-04-25 13:37:37,486 - INFO - Deleted INI directory: C:\Users\nikol\AppData\Roaming\MetaQuotes\Terminal\4B1CE69F577705455263BD980C39A82C\MQL5\Experts\Batch_0044\Robot-MACD\ini
2025-04-25 13:37:38,055 - INFO - Deleted INI directory: C:\Users\nikol\AppData\Roaming\MetaQuotes\Terminal\4B1CE69F577705455263BD980C39A82C\MQL5\Experts\Batch_0044\Rollback-system\ini
2025-04-25 13:37:38,600 - INFO - Deleted INI directory: C:\Users\nikol\AppData\Roaming\MetaQuotes\Terminal\4B1CE69F577705455263BD980C39A82C\MQL5\Experts\Batch_0044\RSI EA v2\ini
2025-04-25 13:37:39,189 - INFO - Deleted INI directory: C:\Users\nikol\AppData\Roaming\MetaQuotes\Terminal\4B1CE69F577705455263BD980C39A82C\MQL5\Experts\Batch_0044\RSI-and-Bollinger-Bands\ini
2025-04-25 13:37:39,763 - INFO - Deleted INI directory: C:\Users\nikol\AppData\Roaming\MetaQuotes\Terminal\4B1CE69F577705455263BD980C39A82C\MQL5\Experts\Batch_0044\RSI-Arrow\ini
2025-04-25 13:37:40,367 - INFO - Deleted INI directory: C:\Users\nikol\AppData\Roaming\MetaQuotes\Terminal\4B1CE69F577705455263BD980C39A82C\MQL5\Experts\Batch_0044\RSI-Bollinger-Bands-EA\ini
2025-04-25 13:37:40,965 - INFO - Deleted INI directory: C:\Users\nikol\AppData\Roaming\MetaQuotes\Terminal\4B1CE69F577705455263BD980C39A82C\MQL5\Experts\Batch_0044\RSI-EA\ini
2025-04-25 13:37:41,566 - INFO - Deleted INI directory: C:\Users\nikol\AppData\Roaming\MetaQuotes\Terminal\4B1CE69F577705455263BD980C39A82C\MQL5\Experts\Batch_0044\RSI-Eraser\ini
2025-04-25 13:37:42,211 - INFO - Deleted INI directory: C:\Users\nikol\AppData\Roaming\MetaQuotes\Terminal\4B1CE69F577705455263BD980C39A82C\MQL5\Experts\Batch_0044\RSI-Levels\ini
2025-04-25 13:37:42,773 - INFO - Deleted INI directory: C:\Users\nikol\AppData\Roaming\MetaQuotes\Terminal\4B1CE69F577705455263BD980C39A82C\MQL5\Experts\Batch_0044\RSI-trader\ini
2025-04-25 13:37:43,443 - INFO - Deleted INI directory: C:\Users\nikol\AppData\Roaming\MetaQuotes\Terminal\4B1CE69F577705455263BD980C39A82C\MQL5\Experts\Batch_0044\temp-RSI-EA-v2\ini
2025-04-25 13:37:44,039 - INFO - Deleted INI directory: C:\Users\nikol\AppData\Roaming\MetaQuotes\Terminal\4B1CE69F577705455263BD980C39A82C\MQL5\Experts\Batch_0044\temp_RSI-EA-v2\ini
2025-04-25 13:37:44,863 - INFO - Deleted INI directory: C:\Users\nikol\AppData\Roaming\MetaQuotes\Terminal\4B1CE69F577705455263BD980C39A82C\MQL5\Experts\Batch_0045\RSI-Arrow-EA\ini
2025-04-25 13:37:45,461 - INFO - Deleted INI directory: C:\Users\nikol\AppData\Roaming\MetaQuotes\Terminal\4B1CE69F577705455263BD980C39A82C\MQL5\Experts\Batch_0045\RSI-Expert\ini
2025-04-25 13:37:46,028 - INFO - Deleted INI directory: C:\Users\nikol\AppData\Roaming\MetaQuotes\Terminal\4B1CE69F577705455263BD980C39A82C\MQL5\Experts\Batch_0045\RSI-Trend\ini
2025-04-25 13:37:46,626 - INFO - Deleted INI directory: C:\Users\nikol\AppData\Roaming\MetaQuotes\Terminal\4B1CE69F577705455263BD980C39A82C\MQL5\Experts\Batch_0045\RSI-Trend-EA\ini
2025-04-25 13:37:47,236 - INFO - Deleted INI directory: C:\Users\nikol\AppData\Roaming\MetaQuotes\Terminal\4B1CE69F577705455263BD980C39A82C\MQL5\Experts\Batch_0045\RSI-with-channels\ini
2025-04-25 13:37:47,841 - INFO - Deleted INI directory: C:\Users\nikol\AppData\Roaming\MetaQuotes\Terminal\4B1CE69F577705455263BD980C39A82C\MQL5\Experts\Batch_0045\RSI-with-channels-EA\ini
2025-04-25 13:37:48,314 - INFO - Deleted INI directory: C:\Users\nikol\AppData\Roaming\MetaQuotes\Terminal\4B1CE69F577705455263BD980C39A82C\MQL5\Experts\Batch_0045\RSI_Expert_v2.0\ini
2025-04-25 13:37:48,448 - INFO - Deleted INI directory: C:\Users\nikol\AppData\Roaming\MetaQuotes\Terminal\4B1CE69F577705455263BD980C39A82C\MQL5\Experts\Batch_0045\Russian20-hp1\ini
2025-04-25 13:37:48,557 - INFO - Deleted INI directory: C:\Users\nikol\AppData\Roaming\MetaQuotes\Terminal\4B1CE69F577705455263BD980C39A82C\MQL5\Experts\Batch_0045\SampleCheckPendingOrder\ini
2025-04-25 13:37:48,705 - INFO - Deleted INI directory: C:\Users\nikol\AppData\Roaming\MetaQuotes\Terminal\4B1CE69F577705455263BD980C39A82C\MQL5\Experts\Batch_0045\SampleTrailingstop-MT5\ini
2025-04-25 13:37:48,851 - INFO - Deleted INI directory: C:\Users\nikol\AppData\Roaming\MetaQuotes\Terminal\4B1CE69F577705455263BD980C39A82C\MQL5\Experts\Batch_0045\temp-RSI-Expert-v2.0\ini
2025-04-25 13:37:49,004 - INFO - Deleted INI directory: C:\Users\nikol\AppData\Roaming\MetaQuotes\Terminal\4B1CE69F577705455263BD980C39A82C\MQL5\Experts\Batch_0045\temp-SampleTrailingstop\ini
2025-04-25 13:37:49,194 - INFO - Deleted INI directory: C:\Users\nikol\AppData\Roaming\MetaQuotes\Terminal\4B1CE69F577705455263BD980C39A82C\MQL5\Experts\Batch_0045\temp_RSI-Expert-v2.0\ini
2025-04-25 13:37:49,311 - INFO - Deleted INI directory: C:\Users\nikol\AppData\Roaming\MetaQuotes\Terminal\4B1CE69F577705455263BD980C39A82C\MQL5\Experts\Batch_0045\temp_SampleTrailingstop\ini
2025-04-25 13:37:49,458 - INFO - Deleted INI directory: C:\Users\nikol\AppData\Roaming\MetaQuotes\Terminal\4B1CE69F577705455263BD980C39A82C\MQL5\Experts\Batch_0046\SAR-trading\ini
2025-04-25 13:37:49,574 - INFO - Deleted INI directory: C:\Users\nikol\AppData\Roaming\MetaQuotes\Terminal\4B1CE69F577705455263BD980C39A82C\MQL5\Experts\Batch_0046\Secwenta\ini
2025-04-25 13:37:49,721 - INFO - Deleted INI directory: C:\Users\nikol\AppData\Roaming\MetaQuotes\Terminal\4B1CE69F577705455263BD980C39A82C\MQL5\Experts\Batch_0046\Sell-Stop\ini
2025-04-25 13:37:49,838 - INFO - Deleted INI directory: C:\Users\nikol\AppData\Roaming\MetaQuotes\Terminal\4B1CE69F577705455263BD980C39A82C\MQL5\Experts\Batch_0046\Sensitive\ini
2025-04-25 13:37:49,970 - INFO - Deleted INI directory: C:\Users\nikol\AppData\Roaming\MetaQuotes\Terminal\4B1CE69F577705455263BD980C39A82C\MQL5\Experts\Batch_0046\Separate-trade\ini
2025-04-25 13:37:50,077 - INFO - Deleted INI directory: C:\Users\nikol\AppData\Roaming\MetaQuotes\Terminal\4B1CE69F577705455263BD980C39A82C\MQL5\Experts\Batch_0046\SilverTrend\ini
2025-04-25 13:37:50,222 - INFO - Deleted INI directory: C:\Users\nikol\AppData\Roaming\MetaQuotes\Terminal\4B1CE69F577705455263BD980C39A82C\MQL5\Experts\Batch_0046\Simple-20Price-20Alert-20-20EA\ini
2025-04-25 13:37:50,363 - INFO - Deleted INI directory: C:\Users\nikol\AppData\Roaming\MetaQuotes\Terminal\4B1CE69F577705455263BD980C39A82C\MQL5\Experts\Batch_0046\Simple-20Volume-20EA\ini
2025-04-25 13:37:50,512 - INFO - Deleted INI directory: C:\Users\nikol\AppData\Roaming\MetaQuotes\Terminal\4B1CE69F577705455263BD980C39A82C\MQL5\Experts\Batch_0046\Simple-EA-MA-plus-MACD\ini
2025-04-25 13:37:50,657 - INFO - Deleted INI directory: C:\Users\nikol\AppData\Roaming\MetaQuotes\Terminal\4B1CE69F577705455263BD980C39A82C\MQL5\Experts\Batch_0046\Simple-FX\ini
2025-04-25 13:37:50,794 - INFO - Deleted INI directory: C:\Users\nikol\AppData\Roaming\MetaQuotes\Terminal\4B1CE69F577705455263BD980C39A82C\MQL5\Experts\Batch_0047\Simple-MACD\ini
2025-04-25 13:37:50,930 - INFO - Deleted INI directory: C:\Users\nikol\AppData\Roaming\MetaQuotes\Terminal\4B1CE69F577705455263BD980C39A82C\MQL5\Experts\Batch_0047\Simple-Volume-EA\ini
2025-04-25 13:37:51,030 - INFO - Deleted INI directory: C:\Users\nikol\AppData\Roaming\MetaQuotes\Terminal\4B1CE69F577705455263BD980C39A82C\MQL5\Experts\Batch_0047\SimplePivot\ini
2025-04-25 13:37:51,165 - INFO - Deleted INI directory: C:\Users\nikol\AppData\Roaming\MetaQuotes\Terminal\4B1CE69F577705455263BD980C39A82C\MQL5\Experts\Batch_0047\Simplest-Hedging-EA-ever\ini
2025-04-25 13:37:51,286 - INFO - Deleted INI directory: C:\Users\nikol\AppData\Roaming\MetaQuotes\Terminal\4B1CE69F577705455263BD980C39A82C\MQL5\Experts\Batch_0047\SimpleTrade\ini
2025-04-25 13:37:51,437 - INFO - Deleted INI directory: C:\Users\nikol\AppData\Roaming\MetaQuotes\Terminal\4B1CE69F577705455263BD980C39A82C\MQL5\Experts\Batch_0047\Six-Soldiers\ini
2025-04-25 13:37:51,583 - INFO - Deleted INI directory: C:\Users\nikol\AppData\Roaming\MetaQuotes\Terminal\4B1CE69F577705455263BD980C39A82C\MQL5\Experts\Batch_0047\Six-Soldiers-EA\ini
2025-04-25 13:37:51,727 - INFO - Deleted INI directory: C:\Users\nikol\AppData\Roaming\MetaQuotes\Terminal\4B1CE69F577705455263BD980C39A82C\MQL5\Experts\Batch_0047\Six-Soldiers-EA-Grid\ini
2025-04-25 13:37:51,879 - INFO - Deleted INI directory: C:\Users\nikol\AppData\Roaming\MetaQuotes\Terminal\4B1CE69F577705455263BD980C39A82C\MQL5\Experts\Batch_0047\Small-Inside-Bar-Strategy\ini
2025-04-25 13:37:52,014 - INFO - Deleted INI directory: C:\Users\nikol\AppData\Roaming\MetaQuotes\Terminal\4B1CE69F577705455263BD980C39A82C\MQL5\Experts\Batch_0047\Smart-Machine-20EA\ini
2025-04-25 13:37:52,206 - INFO - Deleted INI directory: C:\Users\nikol\AppData\Roaming\MetaQuotes\Terminal\4B1CE69F577705455263BD980C39A82C\MQL5\Experts\Batch_0048\Smoothing-Average\ini
2025-04-25 13:37:52,314 - INFO - Deleted INI directory: C:\Users\nikol\AppData\Roaming\MetaQuotes\Terminal\4B1CE69F577705455263BD980C39A82C\MQL5\Experts\Batch_0048\sound\ini
2025-04-25 13:37:52,442 - INFO - Deleted INI directory: C:\Users\nikol\AppData\Roaming\MetaQuotes\Terminal\4B1CE69F577705455263BD980C39A82C\MQL5\Experts\Batch_0048\Sound-Fx\ini
2025-04-25 13:37:52,565 - INFO - Deleted INI directory: C:\Users\nikol\AppData\Roaming\MetaQuotes\Terminal\4B1CE69F577705455263BD980C39A82C\MQL5\Experts\Batch_0048\Spasm\ini
2025-04-25 13:37:52,696 - INFO - Deleted INI directory: C:\Users\nikol\AppData\Roaming\MetaQuotes\Terminal\4B1CE69F577705455263BD980C39A82C\MQL5\Experts\Batch_0048\Sprd-mt5-20EA\ini
2025-04-25 13:37:52,846 - INFO - Deleted INI directory: C:\Users\nikol\AppData\Roaming\MetaQuotes\Terminal\4B1CE69F577705455263BD980C39A82C\MQL5\Experts\Batch_0048\SPYDER-EA-V-6.1-MT5-YoforexPremium\ini
2025-04-25 13:37:52,974 - INFO - Deleted INI directory: C:\Users\nikol\AppData\Roaming\MetaQuotes\Terminal\4B1CE69F577705455263BD980C39A82C\MQL5\Experts\Batch_0048\ssb5-123\ini
2025-04-25 13:37:53,121 - INFO - Deleted INI directory: C:\Users\nikol\AppData\Roaming\MetaQuotes\Terminal\4B1CE69F577705455263BD980C39A82C\MQL5\Experts\Batch_0048\Stargogs-Ghost-Spike-Robot-EAMT5-YoForexPremium\ini
2025-04-25 13:37:53,253 - INFO - Deleted INI directory: C:\Users\nikol\AppData\Roaming\MetaQuotes\Terminal\4B1CE69F577705455263BD980C39A82C\MQL5\Experts\Batch_0048\Stargogs-Pay-EA-MT5-YoforexPremium\ini
2025-04-25 13:37:53,356 - INFO - Deleted INI directory: C:\Users\nikol\AppData\Roaming\MetaQuotes\Terminal\4B1CE69F577705455263BD980C39A82C\MQL5\Experts\Batch_0048\Starter\ini
2025-04-25 13:37:53,479 - INFO - Deleted INI directory: C:\Users\nikol\AppData\Roaming\MetaQuotes\Terminal\4B1CE69F577705455263BD980C39A82C\MQL5\Experts\Batch_0048\temp-Sprd-20EA\ini
2025-04-25 13:37:53,612 - INFO - Deleted INI directory: C:\Users\nikol\AppData\Roaming\MetaQuotes\Terminal\4B1CE69F577705455263BD980C39A82C\MQL5\Experts\Batch_0048\temp-SPYDER-EA-V-6.1-YoforexPremium\ini
2025-04-25 13:37:53,753 - INFO - Deleted INI directory: C:\Users\nikol\AppData\Roaming\MetaQuotes\Terminal\4B1CE69F577705455263BD980C39A82C\MQL5\Experts\Batch_0048\temp-Stargogs-Ghost-Spike-Robot-EA-YoForexPremium\ini
2025-04-25 13:37:53,882 - INFO - Deleted INI directory: C:\Users\nikol\AppData\Roaming\MetaQuotes\Terminal\4B1CE69F577705455263BD980C39A82C\MQL5\Experts\Batch_0048\temp-Stargogs-Pay-EA-YoforexPremium\ini
2025-04-25 13:37:54,011 - INFO - Deleted INI directory: C:\Users\nikol\AppData\Roaming\MetaQuotes\Terminal\4B1CE69F577705455263BD980C39A82C\MQL5\Experts\Batch_0048\temp_Sprd-20EA\ini
2025-04-25 13:37:54,140 - INFO - Deleted INI directory: C:\Users\nikol\AppData\Roaming\MetaQuotes\Terminal\4B1CE69F577705455263BD980C39A82C\MQL5\Experts\Batch_0048\temp_SPYDER-EA-V-6.1-YoforexPremium\ini
2025-04-25 13:37:54,269 - INFO - Deleted INI directory: C:\Users\nikol\AppData\Roaming\MetaQuotes\Terminal\4B1CE69F577705455263BD980C39A82C\MQL5\Experts\Batch_0048\temp_Stargogs-Ghost-Spike-Robot-EA-YoForexPremium\ini
2025-04-25 13:37:54,402 - INFO - Deleted INI directory: C:\Users\nikol\AppData\Roaming\MetaQuotes\Terminal\4B1CE69F577705455263BD980C39A82C\MQL5\Experts\Batch_0048\temp_Stargogs-Pay-EA-YoforexPremium\ini
2025-04-25 13:37:54,528 - INFO - Deleted INI directory: C:\Users\nikol\AppData\Roaming\MetaQuotes\Terminal\4B1CE69F577705455263BD980C39A82C\MQL5\Experts\Batch_0049\Steve-Cartwright-Trader-Camel-CCI-MACD\ini
2025-04-25 13:37:54,625 - INFO - Deleted INI directory: C:\Users\nikol\AppData\Roaming\MetaQuotes\Terminal\4B1CE69F577705455263BD980C39A82C\MQL5\Experts\Batch_0049\Stoch\ini
2025-04-25 13:37:54,750 - INFO - Deleted INI directory: C:\Users\nikol\AppData\Roaming\MetaQuotes\Terminal\4B1CE69F577705455263BD980C39A82C\MQL5\Experts\Batch_0049\Stoch-EA-1192\ini
2025-04-25 13:37:54,877 - INFO - Deleted INI directory: C:\Users\nikol\AppData\Roaming\MetaQuotes\Terminal\4B1CE69F577705455263BD980C39A82C\MQL5\Experts\Batch_0049\Stochastic-20Alert\ini
2025-04-25 13:37:55,000 - INFO - Deleted INI directory: C:\Users\nikol\AppData\Roaming\MetaQuotes\Terminal\4B1CE69F577705455263BD980C39A82C\MQL5\Experts\Batch_0049\Stochastic-K-Divergence.lua\ini
2025-04-25 13:37:55,117 - INFO - Deleted INI directory: C:\Users\nikol\AppData\Roaming\MetaQuotes\Terminal\4B1CE69F577705455263BD980C39A82C\MQL5\Experts\Batch_0049\stochastic-three-periods\ini
2025-04-25 13:37:55,214 - INFO - Deleted INI directory: C:\Users\nikol\AppData\Roaming\MetaQuotes\Terminal\4B1CE69F577705455263BD980C39A82C\MQL5\Experts\Batch_0049\stochasticdiffsign\ini
2025-04-25 13:37:55,359 - INFO - Deleted INI directory: C:\Users\nikol\AppData\Roaming\MetaQuotes\Terminal\4B1CE69F577705455263BD980C39A82C\MQL5\Experts\Batch_0049\StochasticDiffSign-EA\ini
2025-04-25 13:37:55,459 - INFO - Deleted INI directory: C:\Users\nikol\AppData\Roaming\MetaQuotes\Terminal\4B1CE69F577705455263BD980C39A82C\MQL5\Experts\Batch_0049\StochMA\ini
2025-04-25 13:37:55,575 - INFO - Deleted INI directory: C:\Users\nikol\AppData\Roaming\MetaQuotes\Terminal\4B1CE69F577705455263BD980C39A82C\MQL5\Experts\Batch_0049\StochMA-EA\ini
2025-04-25 13:37:55,692 - INFO - Deleted INI directory: C:\Users\nikol\AppData\Roaming\MetaQuotes\Terminal\4B1CE69F577705455263BD980C39A82C\MQL5\Experts\Batch_0050\Stop-Loss-Take-Profit\ini
2025-04-25 13:37:55,785 - INFO - Deleted INI directory: C:\Users\nikol\AppData\Roaming\MetaQuotes\Terminal\4B1CE69F577705455263BD980C39A82C\MQL5\Experts\Batch_0050\StraddleqTrail\ini
2025-04-25 13:37:55,915 - INFO - Deleted INI directory: C:\Users\nikol\AppData\Roaming\MetaQuotes\Terminal\4B1CE69F577705455263BD980C39A82C\MQL5\Experts\Batch_0050\Strategie-Boom-Crash-System-MT5-YoForexPremium\ini
2025-04-25 13:37:56,033 - INFO - Deleted INI directory: C:\Users\nikol\AppData\Roaming\MetaQuotes\Terminal\4B1CE69F577705455263BD980C39A82C\MQL5\Experts\Batch_0050\SUPER-TURBO-EAMT5-YoForexPremium\ini
2025-04-25 13:37:56,127 - INFO - Deleted INI directory: C:\Users\nikol\AppData\Roaming\MetaQuotes\Terminal\4B1CE69F577705455263BD980C39A82C\MQL5\Experts\Batch_0050\Surefirething\ini
2025-04-25 13:37:56,251 - INFO - Deleted INI directory: C:\Users\nikol\AppData\Roaming\MetaQuotes\Terminal\4B1CE69F577705455263BD980C39A82C\MQL5\Experts\Batch_0050\TAILOR-EA-MT5-YoForexPremium\ini
2025-04-25 13:37:56,380 - INFO - Deleted INI directory: C:\Users\nikol\AppData\Roaming\MetaQuotes\Terminal\4B1CE69F577705455263BD980C39A82C\MQL5\Experts\Batch_0050\TAKASHI-SNIPEREA-MT5-yYoForexPremium\ini
2025-04-25 13:37:56,482 - INFO - Deleted INI directory: C:\Users\nikol\AppData\Roaming\MetaQuotes\Terminal\4B1CE69F577705455263BD980C39A82C\MQL5\Experts\Batch_0050\TDSGlobal\ini
2025-04-25 13:37:56,612 - INFO - Deleted INI directory: C:\Users\nikol\AppData\Roaming\MetaQuotes\Terminal\4B1CE69F577705455263BD980C39A82C\MQL5\Experts\Batch_0050\temp-Strategie-Boom-Crash-System-YoForexPremium\ini
2025-04-25 13:37:56,727 - INFO - Deleted INI directory: C:\Users\nikol\AppData\Roaming\MetaQuotes\Terminal\4B1CE69F577705455263BD980C39A82C\MQL5\Experts\Batch_0050\temp-SUPER-TURBO-EA-YoForexPremium\ini
2025-04-25 13:37:56,846 - INFO - Deleted INI directory: C:\Users\nikol\AppData\Roaming\MetaQuotes\Terminal\4B1CE69F577705455263BD980C39A82C\MQL5\Experts\Batch_0050\temp-TAILOR-EA-YoForexPremium\ini
2025-04-25 13:37:56,974 - INFO - Deleted INI directory: C:\Users\nikol\AppData\Roaming\MetaQuotes\Terminal\4B1CE69F577705455263BD980C39A82C\MQL5\Experts\Batch_0050\temp-TAKASHI-SNIPEREA-yYoForexPremium\ini
2025-04-25 13:37:57,111 - INFO - Deleted INI directory: C:\Users\nikol\AppData\Roaming\MetaQuotes\Terminal\4B1CE69F577705455263BD980C39A82C\MQL5\Experts\Batch_0050\temp_Strategie-Boom-Crash-System-YoForexPremium\ini
2025-04-25 13:37:57,267 - INFO - Deleted INI directory: C:\Users\nikol\AppData\Roaming\MetaQuotes\Terminal\4B1CE69F577705455263BD980C39A82C\MQL5\Experts\Batch_0050\temp_SUPER-TURBO-EA-YoForexPremium\ini
2025-04-25 13:37:57,400 - INFO - Deleted INI directory: C:\Users\nikol\AppData\Roaming\MetaQuotes\Terminal\4B1CE69F577705455263BD980C39A82C\MQL5\Experts\Batch_0050\temp_TAILOR-EA-YoForexPremium\ini
2025-04-25 13:37:57,524 - INFO - Deleted INI directory: C:\Users\nikol\AppData\Roaming\MetaQuotes\Terminal\4B1CE69F577705455263BD980C39A82C\MQL5\Experts\Batch_0050\temp_TAKASHI-SNIPEREA-yYoForexPremium\ini
2025-04-25 13:37:57,648 - INFO - Deleted INI directory: C:\Users\nikol\AppData\Roaming\MetaQuotes\Terminal\4B1CE69F577705455263BD980C39A82C\MQL5\Experts\Batch_0050\The-MasterMind\ini
2025-04-25 13:37:57,767 - INFO - Deleted INI directory: C:\Users\nikol\AppData\Roaming\MetaQuotes\Terminal\4B1CE69F577705455263BD980C39A82C\MQL5\Experts\Batch_0050\The-MasterMind-2\ini
2025-04-25 13:37:57,882 - INFO - Deleted INI directory: C:\Users\nikol\AppData\Roaming\MetaQuotes\Terminal\4B1CE69F577705455263BD980C39A82C\MQL5\Experts\Batch_0051\temp-Thomas-EA-YoForexPremium\ini
2025-04-25 13:37:58,007 - INFO - Deleted INI directory: C:\Users\nikol\AppData\Roaming\MetaQuotes\Terminal\4B1CE69F577705455263BD980C39A82C\MQL5\Experts\Batch_0051\temp-Thomas-EA-YoForexPremium-1\ini
2025-04-25 13:37:58,134 - INFO - Deleted INI directory: C:\Users\nikol\AppData\Roaming\MetaQuotes\Terminal\4B1CE69F577705455263BD980C39A82C\MQL5\Experts\Batch_0051\temp-Time-bomb-1\ini
2025-04-25 13:37:58,262 - INFO - Deleted INI directory: C:\Users\nikol\AppData\Roaming\MetaQuotes\Terminal\4B1CE69F577705455263BD980C39A82C\MQL5\Experts\Batch_0051\temp-Time-bomb-1-1\ini
2025-04-25 13:37:58,391 - INFO - Deleted INI directory: C:\Users\nikol\AppData\Roaming\MetaQuotes\Terminal\4B1CE69F577705455263BD980C39A82C\MQL5\Experts\Batch_0051\temp_Thomas-EA-YoForexPremium\ini
2025-04-25 13:37:58,523 - INFO - Deleted INI directory: C:\Users\nikol\AppData\Roaming\MetaQuotes\Terminal\4B1CE69F577705455263BD980C39A82C\MQL5\Experts\Batch_0051\temp_Time-bomb-1\ini
2025-04-25 13:37:58,648 - INFO - Deleted INI directory: C:\Users\nikol\AppData\Roaming\MetaQuotes\Terminal\4B1CE69F577705455263BD980C39A82C\MQL5\Experts\Batch_0051\The-MasterMind-3\ini
2025-04-25 13:37:58,779 - INFO - Deleted INI directory: C:\Users\nikol\AppData\Roaming\MetaQuotes\Terminal\4B1CE69F577705455263BD980C39A82C\MQL5\Experts\Batch_0051\The-Puncher\ini
2025-04-25 13:37:58,901 - INFO - Deleted INI directory: C:\Users\nikol\AppData\Roaming\MetaQuotes\Terminal\4B1CE69F577705455263BD980C39A82C\MQL5\Experts\Batch_0051\TheClassicTurtleTrader-no-dots\ini
2025-04-25 13:37:59,030 - INFO - Deleted INI directory: C:\Users\nikol\AppData\Roaming\MetaQuotes\Terminal\4B1CE69F577705455263BD980C39A82C\MQL5\Experts\Batch_0051\TheClassicTurtleTrader-no-dots-EA\ini
2025-04-25 13:37:59,154 - INFO - Deleted INI directory: C:\Users\nikol\AppData\Roaming\MetaQuotes\Terminal\4B1CE69F577705455263BD980C39A82C\MQL5\Experts\Batch_0051\Thomas-EA-MT5-YoForexPremium\ini
2025-04-25 13:37:59,277 - INFO - Deleted INI directory: C:\Users\nikol\AppData\Roaming\MetaQuotes\Terminal\4B1CE69F577705455263BD980C39A82C\MQL5\Experts\Batch_0051\Three-indicators\ini
2025-04-25 13:37:59,403 - INFO - Deleted INI directory: C:\Users\nikol\AppData\Roaming\MetaQuotes\Terminal\4B1CE69F577705455263BD980C39A82C\MQL5\Experts\Batch_0051\Three-neural-networks\ini
2025-04-25 13:37:59,520 - INFO - Deleted INI directory: C:\Users\nikol\AppData\Roaming\MetaQuotes\Terminal\4B1CE69F577705455263BD980C39A82C\MQL5\Experts\Batch_0051\Three-timeframes\ini
2025-04-25 13:37:59,650 - INFO - Deleted INI directory: C:\Users\nikol\AppData\Roaming\MetaQuotes\Terminal\4B1CE69F577705455263BD980C39A82C\MQL5\Experts\Batch_0051\Three-Typical-Candles\ini
2025-04-25 13:37:59,764 - INFO - Deleted INI directory: C:\Users\nikol\AppData\Roaming\MetaQuotes\Terminal\4B1CE69F577705455263BD980C39A82C\MQL5\Experts\Batch_0051\Time-bomb-mt5-1\ini
2025-04-25 13:37:59,886 - INFO - Deleted INI directory: C:\Users\nikol\AppData\Roaming\MetaQuotes\Terminal\4B1CE69F577705455263BD980C39A82C\MQL5\Experts\Batch_0052\temp-Titan-X-21.18-EA\ini
2025-04-25 13:38:00,010 - INFO - Deleted INI directory: C:\Users\nikol\AppData\Roaming\MetaQuotes\Terminal\4B1CE69F577705455263BD980C39A82C\MQL5\Experts\Batch_0052\temp-Titan-X-21.18-EA-1\ini
2025-04-25 13:38:00,119 - INFO - Deleted INI directory: C:\Users\nikol\AppData\Roaming\MetaQuotes\Terminal\4B1CE69F577705455263BD980C39A82C\MQL5\Experts\Batch_0052\temp_Titan-X-21.18-EA\ini
2025-04-25 13:38:00,232 - INFO - Deleted INI directory: C:\Users\nikol\AppData\Roaming\MetaQuotes\Terminal\4B1CE69F577705455263BD980C39A82C\MQL5\Experts\Batch_0052\Time-sync-forts\ini
2025-04-25 13:38:00,350 - INFO - Deleted INI directory: C:\Users\nikol\AppData\Roaming\MetaQuotes\Terminal\4B1CE69F577705455263BD980C39A82C\MQL5\Experts\Batch_0052\timer-trade\ini
2025-04-25 13:38:00,467 - INFO - Deleted INI directory: C:\Users\nikol\AppData\Roaming\MetaQuotes\Terminal\4B1CE69F577705455263BD980C39A82C\MQL5\Experts\Batch_0052\Titan-X-21.18-EA-MT5\ini
2025-04-25 13:38:00,589 - INFO - Deleted INI directory: C:\Users\nikol\AppData\Roaming\MetaQuotes\Terminal\4B1CE69F577705455263BD980C39A82C\MQL5\Experts\Batch_0052\TMA-ATR-Channel\ini
2025-04-25 13:38:00,715 - INFO - Deleted INI directory: C:\Users\nikol\AppData\Roaming\MetaQuotes\Terminal\4B1CE69F577705455263BD980C39A82C\MQL5\Experts\Batch_0052\TMA-ATR-EA\ini
2025-04-25 13:38:00,827 - INFO - Deleted INI directory: C:\Users\nikol\AppData\Roaming\MetaQuotes\Terminal\4B1CE69F577705455263BD980C39A82C\MQL5\Experts\Batch_0052\TMA-CG-EA\ini
2025-04-25 13:38:00,952 - INFO - Deleted INI directory: C:\Users\nikol\AppData\Roaming\MetaQuotes\Terminal\4B1CE69F577705455263BD980C39A82C\MQL5\Experts\Batch_0052\TMA-CG-Martingale-20EA\ini
2025-04-25 13:38:01,070 - INFO - Deleted INI directory: C:\Users\nikol\AppData\Roaming\MetaQuotes\Terminal\4B1CE69F577705455263BD980C39A82C\MQL5\Experts\Batch_0052\TMA-CG-mladen\ini
2025-04-25 13:38:01,192 - INFO - Deleted INI directory: C:\Users\nikol\AppData\Roaming\MetaQuotes\Terminal\4B1CE69F577705455263BD980C39A82C\MQL5\Experts\Batch_0052\TmaTrue-2.0-with-Distances-6xx\ini
2025-04-25 13:38:01,312 - INFO - Deleted INI directory: C:\Users\nikol\AppData\Roaming\MetaQuotes\Terminal\4B1CE69F577705455263BD980C39A82C\MQL5\Experts\Batch_0052\TmaTrue-3.0-with-Distances-6xx\ini
2025-04-25 13:38:01,436 - INFO - Deleted INI directory: C:\Users\nikol\AppData\Roaming\MetaQuotes\Terminal\4B1CE69F577705455263BD980C39A82C\MQL5\Experts\Batch_0053\temp-Trade-Republic-1.75\ini
2025-04-25 13:38:01,549 - INFO - Deleted INI directory: C:\Users\nikol\AppData\Roaming\MetaQuotes\Terminal\4B1CE69F577705455263BD980C39A82C\MQL5\Experts\Batch_0053\temp-Trade-Republic-1.75-1\ini
2025-04-25 13:38:01,667 - INFO - Deleted INI directory: C:\Users\nikol\AppData\Roaming\MetaQuotes\Terminal\4B1CE69F577705455263BD980C39A82C\MQL5\Experts\Batch_0053\temp_Trade-Republic-1.75\ini
2025-04-25 13:38:01,791 - INFO - Deleted INI directory: C:\Users\nikol\AppData\Roaming\MetaQuotes\Terminal\4B1CE69F577705455263BD980C39A82C\MQL5\Experts\Batch_0053\TMA-CG-special\ini
2025-04-25 13:38:01,914 - INFO - Deleted INI directory: C:\Users\nikol\AppData\Roaming\MetaQuotes\Terminal\4B1CE69F577705455263BD980C39A82C\MQL5\Experts\Batch_0053\TMA-slope-bands\ini
2025-04-25 13:38:02,038 - INFO - Deleted INI directory: C:\Users\nikol\AppData\Roaming\MetaQuotes\Terminal\4B1CE69F577705455263BD980C39A82C\MQL5\Experts\Batch_0053\TP-with-money\ini
2025-04-25 13:38:02,159 - INFO - Deleted INI directory: C:\Users\nikol\AppData\Roaming\MetaQuotes\Terminal\4B1CE69F577705455263BD980C39A82C\MQL5\Experts\Batch_0053\Trade-in-Channel\ini
2025-04-25 13:38:02,279 - INFO - Deleted INI directory: C:\Users\nikol\AppData\Roaming\MetaQuotes\Terminal\4B1CE69F577705455263BD980C39A82C\MQL5\Experts\Batch_0053\Trade-on-qualified-RSI\ini
2025-04-25 13:38:02,403 - INFO - Deleted INI directory: C:\Users\nikol\AppData\Roaming\MetaQuotes\Terminal\4B1CE69F577705455263BD980C39A82C\MQL5\Experts\Batch_0053\Trade-Republic-1.75-MT5\ini
2025-04-25 13:38:02,525 - INFO - Deleted INI directory: C:\Users\nikol\AppData\Roaming\MetaQuotes\Terminal\4B1CE69F577705455263BD980C39A82C\MQL5\Experts\Batch_0053\Trading-Breakout-MrThanhTan\ini
2025-04-25 13:38:02,647 - INFO - Deleted INI directory: C:\Users\nikol\AppData\Roaming\MetaQuotes\Terminal\4B1CE69F577705455263BD980C39A82C\MQL5\Experts\Batch_0053\Trend-Trader-Strategy\ini
2025-04-25 13:38:02,768 - INFO - Deleted INI directory: C:\Users\nikol\AppData\Roaming\MetaQuotes\Terminal\4B1CE69F577705455263BD980C39A82C\MQL5\Experts\Batch_0053\Trend-Trader-Strategy-EA\ini
2025-04-25 13:38:02,895 - INFO - Deleted INI directory: C:\Users\nikol\AppData\Roaming\MetaQuotes\Terminal\4B1CE69F577705455263BD980C39A82C\MQL5\Experts\Batch_0053\True-Scalper-Profit-Lock\ini
2025-04-25 13:38:03,022 - INFO - Deleted INI directory: C:\Users\nikol\AppData\Roaming\MetaQuotes\Terminal\4B1CE69F577705455263BD980C39A82C\MQL5\Experts\Batch_0054\temp-Tunnel-Vision-2024-EA-YoForexPremium\ini
2025-04-25 13:38:03,183 - INFO - Deleted INI directory: C:\Users\nikol\AppData\Roaming\MetaQuotes\Terminal\4B1CE69F577705455263BD980C39A82C\MQL5\Experts\Batch_0054\temp-Tunnel-Vision-2024-EA-YoForexPremium-1\ini
2025-04-25 13:38:03,322 - INFO - Deleted INI directory: C:\Users\nikol\AppData\Roaming\MetaQuotes\Terminal\4B1CE69F577705455263BD980C39A82C\MQL5\Experts\Batch_0054\temp_Tunnel-Vision-2024-EA-YoForexPremium\ini
2025-04-25 13:38:03,463 - INFO - Deleted INI directory: C:\Users\nikol\AppData\Roaming\MetaQuotes\Terminal\4B1CE69F577705455263BD980C39A82C\MQL5\Experts\Batch_0054\Tru-EA\ini
2025-04-25 13:38:03,578 - INFO - Deleted INI directory: C:\Users\nikol\AppData\Roaming\MetaQuotes\Terminal\4B1CE69F577705455263BD980C39A82C\MQL5\Experts\Batch_0054\TrueSort-1100\ini
2025-04-25 13:38:03,716 - INFO - Deleted INI directory: C:\Users\nikol\AppData\Roaming\MetaQuotes\Terminal\4B1CE69F577705455263BD980C39A82C\MQL5\Experts\Batch_0054\Tunnel-gen4\ini
2025-04-25 13:38:03,865 - INFO - Deleted INI directory: C:\Users\nikol\AppData\Roaming\MetaQuotes\Terminal\4B1CE69F577705455263BD980C39A82C\MQL5\Experts\Batch_0054\Tunnel-Method\ini
2025-04-25 13:38:04,000 - INFO - Deleted INI directory: C:\Users\nikol\AppData\Roaming\MetaQuotes\Terminal\4B1CE69F577705455263BD980C39A82C\MQL5\Experts\Batch_0054\Tunnel-Vision-2024-EA-MT5-YoForexPremium\ini
2025-04-25 13:38:04,099 - INFO - Deleted INI directory: C:\Users\nikol\AppData\Roaming\MetaQuotes\Terminal\4B1CE69F577705455263BD980C39A82C\MQL5\Experts\Batch_0054\TurnGrid\ini
2025-04-25 13:38:04,227 - INFO - Deleted INI directory: C:\Users\nikol\AppData\Roaming\MetaQuotes\Terminal\4B1CE69F577705455263BD980C39A82C\MQL5\Experts\Batch_0054\Two-20MA-20RSI-20ADX-20EA\ini
2025-04-25 13:38:04,353 - INFO - Deleted INI directory: C:\Users\nikol\AppData\Roaming\MetaQuotes\Terminal\4B1CE69F577705455263BD980C39A82C\MQL5\Experts\Batch_0054\Two-20Orders-20Panel\ini
2025-04-25 13:38:04,474 - INFO - Deleted INI directory: C:\Users\nikol\AppData\Roaming\MetaQuotes\Terminal\4B1CE69F577705455263BD980C39A82C\MQL5\Experts\Batch_0054\Two-pending-orders-2\ini
2025-04-25 13:38:04,594 - INFO - Deleted INI directory: C:\Users\nikol\AppData\Roaming\MetaQuotes\Terminal\4B1CE69F577705455263BD980C39A82C\MQL5\Experts\Batch_0054\Two-PerBar\ini
2025-04-25 13:38:04,718 - INFO - Deleted INI directory: C:\Users\nikol\AppData\Roaming\MetaQuotes\Terminal\4B1CE69F577705455263BD980C39A82C\MQL5\Experts\Batch_0055\temp-Upgraded-EA-CRASH-1000-YoforexPremium\ini
2025-04-25 13:38:04,882 - INFO - Deleted INI directory: C:\Users\nikol\AppData\Roaming\MetaQuotes\Terminal\4B1CE69F577705455263BD980C39A82C\MQL5\Experts\Batch_0055\temp-Upgraded-EA-CRASH-1000-YoforexPremium-1\ini
2025-04-25 13:38:05,024 - INFO - Deleted INI directory: C:\Users\nikol\AppData\Roaming\MetaQuotes\Terminal\4B1CE69F577705455263BD980C39A82C\MQL5\Experts\Batch_0055\temp_Upgraded-EA-CRASH-1000-YoforexPremium\ini
2025-04-25 13:38:05,129 - INFO - Deleted INI directory: C:\Users\nikol\AppData\Roaming\MetaQuotes\Terminal\4B1CE69F577705455263BD980C39A82C\MQL5\Experts\Batch_0055\UnityPro\ini
2025-04-25 13:38:05,232 - INFO - Deleted INI directory: C:\Users\nikol\AppData\Roaming\MetaQuotes\Terminal\4B1CE69F577705455263BD980C39A82C\MQL5\Experts\Batch_0055\UniversalMACrossEA\ini
2025-04-25 13:38:05,334 - INFO - Deleted INI directory: C:\Users\nikol\AppData\Roaming\MetaQuotes\Terminal\4B1CE69F577705455263BD980C39A82C\MQL5\Experts\Batch_0055\UniversalSignalDemo\ini
2025-04-25 13:38:05,454 - INFO - Deleted INI directory: C:\Users\nikol\AppData\Roaming\MetaQuotes\Terminal\4B1CE69F577705455263BD980C39A82C\MQL5\Experts\Batch_0055\Universum-3.0\ini
2025-04-25 13:38:05,573 - INFO - Deleted INI directory: C:\Users\nikol\AppData\Roaming\MetaQuotes\Terminal\4B1CE69F577705455263BD980C39A82C\MQL5\Experts\Batch_0055\UnNomGuai-20EA\ini
2025-04-25 13:38:05,666 - INFO - Deleted INI directory: C:\Users\nikol\AppData\Roaming\MetaQuotes\Terminal\4B1CE69F577705455263BD980C39A82C\MQL5\Experts\Batch_0055\up3x1\ini
2025-04-25 13:38:05,787 - INFO - Deleted INI directory: C:\Users\nikol\AppData\Roaming\MetaQuotes\Terminal\4B1CE69F577705455263BD980C39A82C\MQL5\Experts\Batch_0055\up3x1-Investor\ini
2025-04-25 13:38:05,914 - INFO - Deleted INI directory: C:\Users\nikol\AppData\Roaming\MetaQuotes\Terminal\4B1CE69F577705455263BD980C39A82C\MQL5\Experts\Batch_0055\up3x1-premium-M\ini
2025-04-25 13:38:06,279 - INFO - Deleted INI directory: C:\Users\nikol\AppData\Roaming\MetaQuotes\Terminal\4B1CE69F577705455263BD980C39A82C\MQL5\Experts\Batch_0055\Upgraded-EA-CRASH-1000MT5-YoforexPremium\ini
2025-04-25 13:38:06,862 - INFO - Deleted INI directory: C:\Users\nikol\AppData\Roaming\MetaQuotes\Terminal\4B1CE69F577705455263BD980C39A82C\MQL5\Experts\Batch_0055\Urdala-Trol\ini
2025-04-25 13:38:07,462 - INFO - Deleted INI directory: C:\Users\nikol\AppData\Roaming\MetaQuotes\Terminal\4B1CE69F577705455263BD980C39A82C\MQL5\Experts\Batch_0056\Very-Blonde-System\ini
2025-04-25 13:38:08,084 - INFO - Deleted INI directory: C:\Users\nikol\AppData\Roaming\MetaQuotes\Terminal\4B1CE69F577705455263BD980C39A82C\MQL5\Experts\Batch_0056\Virtual-Trailing-Stop\ini
2025-04-25 13:38:18,696 - INFO - Deleted INI directory: C:\Users\nikol\AppData\Roaming\MetaQuotes\Terminal\4B1CE69F577705455263BD980C39A82C\MQL5\Experts\Batch_0056\VLT-TRADER\ini
2025-04-25 13:38:19,359 - INFO - Deleted INI directory: C:\Users\nikol\AppData\Roaming\MetaQuotes\Terminal\4B1CE69F577705455263BD980C39A82C\MQL5\Experts\Batch_0056\Volume-trader\ini
2025-04-25 13:38:19,986 - INFO - Deleted INI directory: C:\Users\nikol\AppData\Roaming\MetaQuotes\Terminal\4B1CE69F577705455263BD980C39A82C\MQL5\Experts\Batch_0056\Vortex-Indicator-System\ini
2025-04-25 13:38:20,566 - INFO - Deleted INI directory: C:\Users\nikol\AppData\Roaming\MetaQuotes\Terminal\4B1CE69F577705455263BD980C39A82C\MQL5\Experts\Batch_0056\VR-Overturn\ini
2025-04-25 13:38:21,209 - INFO - Deleted INI directory: C:\Users\nikol\AppData\Roaming\MetaQuotes\Terminal\4B1CE69F577705455263BD980C39A82C\MQL5\Experts\Batch_0056\VR-ZVER\ini
2025-04-25 13:38:21,782 - INFO - Deleted INI directory: C:\Users\nikol\AppData\Roaming\MetaQuotes\Terminal\4B1CE69F577705455263BD980C39A82C\MQL5\Experts\Batch_0056\VR-ZVER-v.2\ini
2025-04-25 13:38:22,236 - INFO - Deleted INI directory: C:\Users\nikol\AppData\Roaming\MetaQuotes\Terminal\4B1CE69F577705455263BD980C39A82C\MQL5\Experts\Batch_0056\VZO\ini
2025-04-25 13:38:22,850 - INFO - Deleted INI directory: C:\Users\nikol\AppData\Roaming\MetaQuotes\Terminal\4B1CE69F577705455263BD980C39A82C\MQL5\Experts\Batch_0056\Waddah-Attar-Win\ini
2025-04-25 13:38:23,436 - INFO - Deleted INI directory: C:\Users\nikol\AppData\Roaming\MetaQuotes\Terminal\4B1CE69F577705455263BD980C39A82C\MQL5\Experts\Batch_0057\NSK-Swing\ini
2025-04-25 13:38:24,031 - INFO - Deleted INI directory: C:\Users\nikol\AppData\Roaming\MetaQuotes\Terminal\4B1CE69F577705455263BD980C39A82C\MQL5\Experts\Batch_0057\Simple-Trade\ini
2025-04-25 13:38:24,738 - INFO - Deleted INI directory: C:\Users\nikol\AppData\Roaming\MetaQuotes\Terminal\4B1CE69F577705455263BD980C39A82C\MQL5\Experts\Batch_0057\temp-XKPRMST-EA-YoForexPremium\ini
2025-04-25 13:38:25,301 - INFO - Deleted INI directory: C:\Users\nikol\AppData\Roaming\MetaQuotes\Terminal\4B1CE69F577705455263BD980C39A82C\MQL5\Experts\Batch_0057\temp-XKPRMST-EA-YoForexPremium-1\ini
2025-04-25 13:38:25,892 - INFO - Deleted INI directory: C:\Users\nikol\AppData\Roaming\MetaQuotes\Terminal\4B1CE69F577705455263BD980C39A82C\MQL5\Experts\Batch_0057\temp-XT-EURUSD-EA-YoForexPremium\ini
2025-04-25 13:38:26,469 - INFO - Deleted INI directory: C:\Users\nikol\AppData\Roaming\MetaQuotes\Terminal\4B1CE69F577705455263BD980C39A82C\MQL5\Experts\Batch_0057\temp-XT-EURUSD-EA-YoForexPremium-1\ini
2025-04-25 13:38:27,095 - INFO - Deleted INI directory: C:\Users\nikol\AppData\Roaming\MetaQuotes\Terminal\4B1CE69F577705455263BD980C39A82C\MQL5\Experts\Batch_0057\temp-Yumnaa-Classic-EA-Setfiles-YoForexPremium\ini
2025-04-25 13:38:27,712 - INFO - Deleted INI directory: C:\Users\nikol\AppData\Roaming\MetaQuotes\Terminal\4B1CE69F577705455263BD980C39A82C\MQL5\Experts\Batch_0057\temp-Yumnaa-Classic-EA-Setfiles-YoForexPremium-1\ini
2025-04-25 13:38:28,348 - INFO - Deleted INI directory: C:\Users\nikol\AppData\Roaming\MetaQuotes\Terminal\4B1CE69F577705455263BD980C39A82C\MQL5\Experts\Batch_0057\temp_XKPRMST-EA-YoForexPremium\ini
2025-04-25 13:38:28,959 - INFO - Deleted INI directory: C:\Users\nikol\AppData\Roaming\MetaQuotes\Terminal\4B1CE69F577705455263BD980C39A82C\MQL5\Experts\Batch_0057\temp_XT-EURUSD-EA-YoForexPremium\ini
2025-04-25 13:38:29,668 - INFO - Deleted INI directory: C:\Users\nikol\AppData\Roaming\MetaQuotes\Terminal\4B1CE69F577705455263BD980C39A82C\MQL5\Experts\Batch_0057\temp_Yumnaa-Classic-EA-Setfiles-YoForexPremium\ini
2025-04-25 13:38:30,302 - INFO - Deleted INI directory: C:\Users\nikol\AppData\Roaming\MetaQuotes\Terminal\4B1CE69F577705455263BD980C39A82C\MQL5\Experts\Batch_0057\Two-Perbar\ini
2025-04-25 13:38:30,951 - INFO - Deleted INI directory: C:\Users\nikol\AppData\Roaming\MetaQuotes\Terminal\4B1CE69F577705455263BD980C39A82C\MQL5\Experts\Batch_0057\wagonKing1-EA\ini
2025-04-25 13:38:31,540 - INFO - Deleted INI directory: C:\Users\nikol\AppData\Roaming\MetaQuotes\Terminal\4B1CE69F577705455263BD980C39A82C\MQL5\Experts\Batch_0057\WE-TRUST\ini
2025-04-25 13:38:32,161 - INFO - Deleted INI directory: C:\Users\nikol\AppData\Roaming\MetaQuotes\Terminal\4B1CE69F577705455263BD980C39A82C\MQL5\Experts\Batch_0057\X-RSIOMA\ini
2025-04-25 13:38:32,852 - INFO - Deleted INI directory: C:\Users\nikol\AppData\Roaming\MetaQuotes\Terminal\4B1CE69F577705455263BD980C39A82C\MQL5\Experts\Batch_0057\XKPRMST-EA-MT5-YoForexPremium\ini
2025-04-25 13:38:33,459 - INFO - Deleted INI directory: C:\Users\nikol\AppData\Roaming\MetaQuotes\Terminal\4B1CE69F577705455263BD980C39A82C\MQL5\Experts\Batch_0057\XT-EURUSD-EA-MT5-YoForexPremium\ini
2025-04-25 13:38:34,062 - INFO - Deleted INI directory: C:\Users\nikol\AppData\Roaming\MetaQuotes\Terminal\4B1CE69F577705455263BD980C39A82C\MQL5\Experts\Batch_0057\Yesterday-Today\ini
2025-04-25 13:38:34,721 - INFO - Deleted INI directory: C:\Users\nikol\AppData\Roaming\MetaQuotes\Terminal\4B1CE69F577705455263BD980C39A82C\MQL5\Experts\Batch_0057\Yumnaa-Classic-EA-MT5-Setfiles-YoForexPremium\ini
2025-04-25 13:38:34,724 - INFO - Successfully deleted 736 INI directories
