2025-04-27 14:51:33,305 - INFO - Found 2263 .set files to process
2025-04-27 14:51:33,307 - INFO - Successfully optimized 10-pips-EURUSD_01_standard.set -> 10-pips-EURUSD_01_otp.set
2025-04-27 14:51:33,309 - INFO - Successfully optimized 10-pips_01_standard.set -> 10-pips_01_otp.set
2025-04-27 14:51:33,310 - INFO - Successfully optimized 1H-EUR-USD_01_standard.set -> 1H-EUR-USD_01_otp.set
2025-04-27 14:51:33,311 - INFO - Successfully optimized 20011201-GBPUSD-M1_01_standard.set -> 20011201-GBPUSD-M1_01_otp.set
2025-04-27 14:51:33,312 - INFO - Successfully optimized 21hour_01_standard.set -> 21hour_01_otp.set
2025-04-27 14:51:33,314 - INFO - Successfully optimized 2HR-HL_01_standard.set -> 2HR-HL_01_otp.set
2025-04-27 14:51:33,315 - INFO - Successfully optimized 2MA-4Level_01_standard.set -> 2MA-4Level_01_otp.set
2025-04-27 14:51:33,316 - INFO - Successfully optimized 2MA-Bunny-Cross_01_standard.set -> 2MA-Bunny-Cross_01_otp.set
2025-04-27 14:51:33,318 - INFO - Successfully optimized 3-bars-high-low-indicator_01_standard.set -> 3-bars-high-low-indicator_01_otp.set
2025-04-27 14:51:33,319 - INFO - Successfully optimized 35-Pip-Scalper_01_standard.set -> 35-Pip-Scalper_01_otp.set
2025-04-27 14:51:33,322 - INFO - Successfully optimized 3BarsHighLowEA_01_standard.set -> 3BarsHighLowEA_01_otp.set
2025-04-27 14:51:33,323 - INFO - Successfully optimized 3sma_01_standard.set -> 3sma_01_otp.set
2025-04-27 14:51:33,324 - INFO - Successfully optimized 500_01_standard.set -> 500_01_otp.set
2025-04-27 14:51:33,325 - INFO - Successfully optimized 55-MA_01_standard.set -> 55-MA_01_otp.set
2025-04-27 14:51:33,327 - INFO - Successfully optimized Above-Below-MA_01_standard.set -> Above-Below-MA_01_otp.set
2025-04-27 14:51:33,329 - INFO - Successfully optimized Absorption_01_standard.set -> Absorption_01_otp.set
2025-04-27 14:51:33,330 - INFO - Successfully optimized ADX-MACD-Deev_01_standard.set -> ADX-MACD-Deev_01_otp.set
2025-04-27 14:51:33,332 - INFO - Successfully optimized ADX-MA_01_standard.set -> ADX-MA_01_otp.set
2025-04-27 14:51:33,333 - INFO - Successfully optimized ADX-System_01_standard.set -> ADX-System_01_otp.set
2025-04-27 14:51:33,335 - INFO - Successfully optimized AIS1_01_standard.set -> AIS1_01_otp.set
2025-04-27 14:51:33,336 - INFO - Successfully optimized Alexav-D1-Profit-GBPUSD_01_standard.set -> Alexav-D1-Profit-GBPUSD_01_otp.set
2025-04-27 14:51:33,338 - INFO - Successfully optimized All-Average-Ea_01_standard.set -> All-Average-Ea_01_otp.set
2025-04-27 14:51:33,340 - INFO - Successfully optimized Alligator-Simple_01_standard.set -> Alligator-Simple_01_otp.set
2025-04-27 14:51:33,341 - INFO - Successfully optimized Alligator_01_standard.set -> Alligator_01_otp.set
2025-04-27 14:51:33,342 - INFO - Successfully optimized Altarius-RSI-Stohastic_01_standard.set -> Altarius-RSI-Stohastic_01_otp.set
2025-04-27 14:51:33,344 - INFO - Successfully optimized AMA-Trader-2_01_standard.set -> AMA-Trader-2_01_otp.set
2025-04-27 14:51:33,346 - INFO - Successfully optimized AMA-Trader_01_standard.set -> AMA-Trader_01_otp.set
2025-04-27 14:51:33,347 - INFO - Successfully optimized AO-Lightning_01_standard.set -> AO-Lightning_01_otp.set
2025-04-27 14:51:33,348 - INFO - Successfully optimized AOCCI_01_standard.set -> AOCCI_01_otp.set
2025-04-27 14:51:33,350 - INFO - Successfully optimized Arbitrage_01_standard.set -> Arbitrage_01_otp.set
2025-04-27 14:51:33,351 - INFO - Successfully optimized ArbSint_01_standard.set -> ArbSint_01_otp.set
2025-04-27 14:51:33,352 - INFO - Successfully optimized Area-MACD_01_standard.set -> Area-MACD_01_otp.set
2025-04-27 14:51:33,354 - INFO - Successfully optimized Artificial-Intelligence_01_standard.set -> Artificial-Intelligence_01_otp.set
2025-04-27 14:51:33,355 - INFO - Successfully optimized At-random-Full_01_standard.set -> At-random-Full_01_otp.set
2025-04-27 14:51:33,357 - INFO - Successfully optimized At-random_01_standard.set -> At-random_01_otp.set
2025-04-27 14:51:33,359 - INFO - Successfully optimized Auto-ADX_01_standard.set -> Auto-ADX_01_otp.set
2025-04-27 14:51:33,360 - INFO - Successfully optimized Auto-Pivot-Plotter-28Mid-Levels-29-41_01_standard.set -> Auto-Pivot-Plotter-28Mid-Levels-29-41_01_otp.set
2025-04-27 14:51:33,362 - INFO - Successfully optimized AutoLock-EA_01_standard.set -> AutoLock-EA_01_otp.set
2025-04-27 14:51:33,364 - INFO - Successfully optimized Autotrader-Momentum_01_standard.set -> Autotrader-Momentum_01_otp.set
2025-04-27 14:51:33,365 - INFO - Successfully optimized Avalanche-AV_01_standard.set -> Avalanche-AV_01_otp.set
2025-04-27 14:51:33,367 - INFO - Successfully optimized Backbone_01_standard.set -> Backbone_01_otp.set
2025-04-27 14:51:33,368 - INFO - Successfully optimized BADX_01_standard.set -> BADX_01_otp.set
2025-04-27 14:51:33,369 - INFO - Successfully optimized Bago-EA_01_standard.set -> Bago-EA_01_otp.set
2025-04-27 14:51:33,372 - INFO - Successfully optimized BalancedScalper-20EA_01_standard.set -> BalancedScalper-20EA_01_otp.set
2025-04-27 14:51:33,374 - INFO - Successfully optimized Bands-2_01_standard.set -> Bands-2_01_otp.set
2025-04-27 14:51:33,375 - INFO - Successfully optimized BARS-Alligator_01_standard.set -> BARS-Alligator_01_otp.set
2025-04-27 14:51:33,376 - INFO - Successfully optimized Basic-CCI-RSI_01_standard.set -> Basic-CCI-RSI_01_otp.set
2025-04-27 14:51:33,378 - INFO - Successfully optimized Basic-Martingale-EA-3_01_standard.set -> Basic-Martingale-EA-3_01_otp.set
2025-04-27 14:51:33,380 - INFO - Successfully optimized BBPercentile-EA_01_standard.set -> BBPercentile-EA_01_otp.set
2025-04-27 14:51:33,381 - INFO - Successfully optimized BBPercentile_01_standard.set -> BBPercentile_01_otp.set
2025-04-27 14:51:33,383 - INFO - Successfully optimized BDCrossOver-20EA_01_standard.set -> BDCrossOver-20EA_01_otp.set
2025-04-27 14:51:33,385 - INFO - Successfully optimized BIG-DOG_01_standard.set -> BIG-DOG_01_otp.set
2025-04-27 14:51:33,386 - INFO - Successfully optimized Bill-Williams_01_standard.set -> Bill-Williams_01_otp.set
2025-04-27 14:51:33,388 - INFO - Successfully optimized Bollinger-Band-Two-MA-and-Zig-Zag_01_standard.set -> Bollinger-Band-Two-MA-and-Zig-Zag_01_otp.set
2025-04-27 14:51:33,389 - INFO - Successfully optimized Bollinger-Bands-N-positions_01_standard.set -> Bollinger-Bands-N-positions_01_otp.set
2025-04-27 14:51:33,390 - INFO - Successfully optimized Bollinger-Bands-RSI_01_standard.set -> Bollinger-Bands-RSI_01_otp.set
2025-04-27 14:51:33,392 - INFO - Successfully optimized bollinger_01_standard.set -> bollinger_01_otp.set
2025-04-27 14:51:33,393 - INFO - Successfully optimized Brakeout-Trader_01_standard.set -> Brakeout-Trader_01_otp.set
2025-04-27 14:51:33,395 - INFO - Successfully optimized Brandy_01_standard.set -> Brandy_01_otp.set
2025-04-27 14:51:33,396 - INFO - Successfully optimized Breadandbutter2_01_standard.set -> Breadandbutter2_01_otp.set
2025-04-27 14:51:33,398 - INFO - Successfully optimized Breakdown-catcher_01_standard.set -> Breakdown-catcher_01_otp.set
2025-04-27 14:51:33,399 - INFO - Successfully optimized breakdown_01_standard.set -> breakdown_01_otp.set
2025-04-27 14:51:33,401 - INFO - Successfully optimized Breakout-Str_01_standard.set -> Breakout-Str_01_otp.set
2025-04-27 14:51:33,402 - INFO - Successfully optimized Bronze-Warrioir_01_standard.set -> Bronze-Warrioir_01_otp.set
2025-04-27 14:51:33,404 - INFO - Successfully optimized Bruno_01_standard.set -> Bruno_01_otp.set
2025-04-27 14:51:33,405 - INFO - Successfully optimized BSS-1-0_01_standard.set -> BSS-1-0_01_otp.set
2025-04-27 14:51:33,407 - INFO - Successfully optimized Bullish-and-Bearish-Engulfing_01_standard.set -> Bullish-and-Bearish-Engulfing_01_otp.set
2025-04-27 14:51:33,408 - INFO - Successfully optimized Burg-Extrapolator_01_standard.set -> Burg-Extrapolator_01_otp.set
2025-04-27 14:51:33,410 - INFO - Successfully optimized BykovTrend-EA_01_standard.set -> BykovTrend-EA_01_otp.set
2025-04-27 14:51:33,411 - INFO - Successfully optimized Calculate-lotsize-and-Trailling-stop_01_standard.set -> Calculate-lotsize-and-Trailling-stop_01_otp.set
2025-04-27 14:51:33,414 - INFO - Successfully optimized candlepatternsexample_01_standard.set -> candlepatternsexample_01_otp.set
2025-04-27 14:51:33,416 - INFO - Successfully optimized Candle_01_standard.set -> Candle_01_otp.set
2025-04-27 14:51:33,417 - INFO - Successfully optimized Carbophos_01_standard.set -> Carbophos_01_otp.set
2025-04-27 14:51:33,419 - INFO - Successfully optimized CashMachine-5min_01_standard.set -> CashMachine-5min_01_otp.set
2025-04-27 14:51:33,420 - INFO - Successfully optimized CCI-MACD-Scalper_01_standard.set -> CCI-MACD-Scalper_01_otp.set
2025-04-27 14:51:33,422 - INFO - Successfully optimized Cidomo_01_standard.set -> Cidomo_01_otp.set
2025-04-27 14:51:33,423 - INFO - Successfully optimized CloseAgent_01_standard.set -> CloseAgent_01_otp.set
2025-04-27 14:51:33,424 - INFO - Successfully optimized CloseProfit_01_standard.set -> CloseProfit_01_otp.set
2025-04-27 14:51:33,426 - INFO - Successfully optimized cloud's-trade-2_01_standard.set -> cloud's-trade-2_01_otp.set
2025-04-27 14:51:33,428 - INFO - Successfully optimized CLOUD_01_standard.set -> CLOUD_01_otp.set
2025-04-27 14:51:33,429 - INFO - Successfully optimized Constituents-EA_01_standard.set -> Constituents-EA_01_otp.set
2025-04-27 14:51:33,430 - INFO - Successfully optimized Contrarian-trade-MA_01_standard.set -> Contrarian-trade-MA_01_otp.set
2025-04-27 14:51:33,431 - INFO - Successfully optimized Crossing-Moving-Average_01_standard.set -> Crossing-Moving-Average_01_otp.set
2025-04-27 14:51:33,433 - INFO - Successfully optimized CrossMA_01_standard.set -> CrossMA_01_otp.set
2025-04-27 14:51:33,435 - INFO - Successfully optimized Currencyprofits-01.1_01_standard.set -> Currencyprofits-01.1_01_otp.set
2025-04-27 14:51:33,436 - INFO - Successfully optimized Daily-20reversal-20-20EA_01_standard.set -> Daily-20reversal-20-20EA_01_otp.set
2025-04-27 14:51:33,438 - INFO - Successfully optimized Daily-BreakPoint_01_standard.set -> Daily-BreakPoint_01_otp.set
2025-04-27 14:51:33,440 - INFO - Successfully optimized Daily-Open-EA_01_standard.set -> Daily-Open-EA_01_otp.set
2025-04-27 14:51:33,442 - INFO - Successfully optimized Daily-range_01_standard.set -> Daily-range_01_otp.set
2025-04-27 14:51:33,443 - INFO - Successfully optimized Day-Trading-PAMXA_01_standard.set -> Day-Trading-PAMXA_01_otp.set
2025-04-27 14:51:33,444 - INFO - Successfully optimized Daydream_01_standard.set -> Daydream_01_otp.set
2025-04-27 14:51:33,446 - INFO - Successfully optimized DayTrading_01_standard.set -> DayTrading_01_otp.set
2025-04-27 14:51:33,448 - INFO - Successfully optimized Dealers-Trade-v-7.74-MACD_01_standard.set -> Dealers-Trade-v-7.74-MACD_01_otp.set
2025-04-27 14:51:33,449 - INFO - Successfully optimized Deep-Drawdown-MA_01_standard.set -> Deep-Drawdown-MA_01_otp.set
2025-04-27 14:51:33,451 - INFO - Successfully optimized DeMarker-gaining-position-volume-2_01_standard.set -> DeMarker-gaining-position-volume-2_01_otp.set
2025-04-27 14:51:33,452 - INFO - Successfully optimized DeMarker-gaining-position-volume_01_standard.set -> DeMarker-gaining-position-volume_01_otp.set
2025-04-27 14:51:33,454 - INFO - Successfully optimized DeMarker-Pending-2-5_01_standard.set -> DeMarker-Pending-2-5_01_otp.set
2025-04-27 14:51:33,456 - INFO - Successfully optimized DeMarker-Pending-2_01_standard.set -> DeMarker-Pending-2_01_otp.set
2025-04-27 14:51:33,458 - INFO - Successfully optimized DeMarker-Pending_01_standard.set -> DeMarker-Pending_01_otp.set
2025-04-27 14:51:33,460 - INFO - Successfully optimized Dematus_01_standard.set -> Dematus_01_otp.set
2025-04-27 14:51:33,461 - INFO - Successfully optimized Divergence-20for-20many-20indicator_01_standard.set -> Divergence-20for-20many-20indicator_01_otp.set
2025-04-27 14:51:33,463 - INFO - Successfully optimized Divergence-EA_01_standard.set -> Divergence-EA_01_otp.set
2025-04-27 14:51:33,465 - INFO - Successfully optimized Doji-Arrows_01_standard.set -> Doji-Arrows_01_otp.set
2025-04-27 14:51:33,466 - INFO - Successfully optimized DojiTrader_01_standard.set -> DojiTrader_01_otp.set
2025-04-27 14:51:33,468 - INFO - Successfully optimized Donchian-Chanel-EA_01_standard.set -> Donchian-Chanel-EA_01_otp.set
2025-04-27 14:51:33,471 - INFO - Successfully optimized DoubleHullMA-EA_01_standard.set -> DoubleHullMA-EA_01_otp.set
2025-04-27 14:51:33,472 - INFO - Successfully optimized DoubleHullMA_01_standard.set -> DoubleHullMA_01_otp.set
2025-04-27 14:51:33,474 - INFO - Successfully optimized DoubleMA-Crossover-EA_01_standard.set -> DoubleMA-Crossover-EA_01_otp.set
2025-04-27 14:51:33,476 - INFO - Successfully optimized Doubler_01_standard.set -> Doubler_01_otp.set
2025-04-27 14:51:33,477 - INFO - Successfully optimized dummy_01_standard.set -> dummy_01_otp.set
2025-04-27 14:51:33,478 - INFO - Successfully optimized Dynamic-averaging_01_standard.set -> Dynamic-averaging_01_otp.set
2025-04-27 14:51:33,479 - INFO - Successfully optimized e-Breakeven_01_standard.set -> e-Breakeven_01_otp.set
2025-04-27 14:51:33,481 - INFO - Successfully optimized E-Friday_01_standard.set -> E-Friday_01_otp.set
2025-04-27 14:51:33,483 - INFO - Successfully optimized E-Skoch-Open_01_standard.set -> E-Skoch-Open_01_otp.set
2025-04-27 14:51:33,485 - INFO - Successfully optimized e-Skoch-pending-orders_01_standard.set -> e-Skoch-pending-orders_01_otp.set
2025-04-27 14:51:33,486 - INFO - Successfully optimized e-Smart-Trailing_01_standard.set -> e-Smart-Trailing_01_otp.set
2025-04-27 14:51:33,488 - INFO - Successfully optimized e-TurboFx_01_standard.set -> e-TurboFx_01_otp.set
2025-04-27 14:51:33,490 - INFO - Successfully optimized EA-Close_01_standard.set -> EA-Close_01_otp.set
2025-04-27 14:51:33,492 - INFO - Successfully optimized EA-MA-Stoch-RSI_01_standard.set -> EA-MA-Stoch-RSI_01_otp.set
2025-04-27 14:51:33,493 - INFO - Successfully optimized EA-Moving-Average_01_standard.set -> EA-Moving-Average_01_otp.set
2025-04-27 14:51:33,495 - INFO - Successfully optimized Elite-eFibo-Trader_01_standard.set -> Elite-eFibo-Trader_01_otp.set
2025-04-27 14:51:33,498 - INFO - Successfully optimized EMA-6.12_01_standard.set -> EMA-6.12_01_otp.set
2025-04-27 14:51:33,499 - INFO - Successfully optimized EMA-CROSS_01_standard.set -> EMA-CROSS_01_otp.set
2025-04-27 14:51:33,501 - INFO - Successfully optimized EMA-LWMA-RSI_01_standard.set -> EMA-LWMA-RSI_01_otp.set
2025-04-27 14:51:33,504 - INFO - Successfully optimized EMA-RSI-EA_01_standard.set -> EMA-RSI-EA_01_otp.set
2025-04-27 14:51:33,506 - INFO - Successfully optimized EMA-WMA_01_standard.set -> EMA-WMA_01_otp.set
2025-04-27 14:51:33,507 - INFO - Successfully optimized EMA_01_standard.set -> EMA_01_otp.set
2025-04-27 14:51:33,509 - INFO - Successfully optimized Eugene_01_standard.set -> Eugene_01_otp.set
2025-04-27 14:51:33,510 - INFO - Successfully optimized eur-usd-m5_01_standard.set -> eur-usd-m5_01_otp.set
2025-04-27 14:51:33,512 - INFO - Successfully optimized EURUSD-breakout_01_standard.set -> EURUSD-breakout_01_otp.set
2025-04-27 14:51:33,514 - INFO - Successfully optimized Executer-AC_01_standard.set -> Executer-AC_01_otp.set
2025-04-27 14:51:33,515 - ERROR - Error reading C:\Users\nikol\AppData\Roaming\MetaQuotes\Terminal\4B1CE69F577705455263BD980C39A82C\MQL5\Profiles\Tester\Executor AO.set: 'utf-8' codec can't decode byte 0xff in position 0: invalid start byte
2025-04-27 14:51:33,516 - INFO - Successfully optimized Executor AO.set -> Executor AO_otp.set
2025-04-27 14:51:33,518 - INFO - Successfully optimized Executor-AO_01_standard.set -> Executor-AO_01_otp.set
2025-04-27 14:51:33,519 - INFO - Successfully optimized Executor-Candles_01_standard.set -> Executor-Candles_01_otp.set
2025-04-27 14:51:33,520 - INFO - Successfully optimized exp-Amstell_01_standard.set -> exp-Amstell_01_otp.set
2025-04-27 14:51:33,522 - INFO - Successfully optimized Expert-NEWS_01_standard.set -> Expert-NEWS_01_otp.set
2025-04-27 14:51:33,524 - INFO - Successfully optimized Expert-RSI-Stochastic-MA_01_standard.set -> Expert-RSI-Stochastic-MA_01_otp.set
2025-04-27 14:51:33,525 - ERROR - Error reading C:\Users\nikol\AppData\Roaming\MetaQuotes\Terminal\4B1CE69F577705455263BD980C39A82C\MQL5\Profiles\Tester\Expert_RSI_Stochastic_MA.set: 'utf-8' codec can't decode byte 0xff in position 0: invalid start byte
2025-04-27 14:51:33,526 - INFO - Successfully optimized Expert_RSI_Stochastic_MA.set -> Expert_RSI_Stochastic_MA_otp.set
2025-04-27 14:51:33,526 - ERROR - Error reading C:\Users\nikol\AppData\Roaming\MetaQuotes\Terminal\4B1CE69F577705455263BD980C39A82C\MQL5\Profiles\Tester\exp_Amstell.set: 'utf-8' codec can't decode byte 0xff in position 0: invalid start byte
2025-04-27 14:51:33,527 - INFO - Successfully optimized exp_Amstell.set -> exp_Amstell_otp.set
2025-04-27 14:51:33,530 - INFO - Successfully optimized ExtremePrice-EA_01_standard.set -> ExtremePrice-EA_01_otp.set
2025-04-27 14:51:33,532 - INFO - Successfully optimized FiboRetracement-20EA_01_standard.set -> FiboRetracement-20EA_01_otp.set
2025-04-27 14:51:33,533 - INFO - Successfully optimized Firebird_01_standard.set -> Firebird_01_otp.set
2025-04-27 14:51:33,535 - INFO - Successfully optimized Firestorm-EA_01_standard.set -> Firestorm-EA_01_otp.set
2025-04-27 14:51:33,537 - INFO - Successfully optimized Firestorm-indicator_01_standard.set -> Firestorm-indicator_01_otp.set
2025-04-27 14:51:33,539 - INFO - Successfully optimized Fluctuate_01_standard.set -> Fluctuate_01_otp.set
2025-04-27 14:51:33,540 - INFO - Successfully optimized Forex-Fraus-M1_01_standard.set -> Forex-Fraus-M1_01_otp.set
2025-04-27 14:51:33,541 - INFO - Successfully optimized Forex-Profit_01_standard.set -> Forex-Profit_01_otp.set
2025-04-27 14:51:33,542 - INFO - Successfully optimized Fractals-minimum-distance_01_standard.set -> Fractals-minimum-distance_01_otp.set
2025-04-27 14:51:33,544 - INFO - Successfully optimized Fraktrak-xonax_01_standard.set -> Fraktrak-xonax_01_otp.set
2025-04-27 14:51:33,546 - INFO - Successfully optimized Frank-Ud_01_standard.set -> Frank-Ud_01_otp.set
2025-04-27 14:51:33,547 - INFO - Successfully optimized FT-CCI_01_standard.set -> FT-CCI_01_otp.set
2025-04-27 14:51:33,549 - INFO - Successfully optimized Fuzzy-logic_01_standard.set -> Fuzzy-logic_01_otp.set
2025-04-27 14:51:33,550 - INFO - Successfully optimized GalacticExplosion_01_standard.set -> GalacticExplosion_01_otp.set
2025-04-27 14:51:33,552 - INFO - Successfully optimized Gandalf-PRO_01_standard.set -> Gandalf-PRO_01_otp.set
2025-04-27 14:51:33,553 - INFO - Successfully optimized Gap-DM_01_standard.set -> Gap-DM_01_otp.set
2025-04-27 14:51:33,555 - INFO - Successfully optimized GAP-EA_01_standard.set -> GAP-EA_01_otp.set
2025-04-27 14:51:33,557 - INFO - Successfully optimized Gaps_01_standard.set -> Gaps_01_otp.set
2025-04-27 14:51:33,559 - INFO - Successfully optimized GBP9AM_01_standard.set -> GBP9AM_01_otp.set
2025-04-27 14:51:33,560 - INFO - Successfully optimized GbpChf_01_standard.set -> GbpChf_01_otp.set
2025-04-27 14:51:33,562 - INFO - Successfully optimized Gold-Dust_01_standard.set -> Gold-Dust_01_otp.set
2025-04-27 14:51:33,564 - INFO - Successfully optimized GO_01_standard.set -> GO_01_otp.set
2025-04-27 14:51:33,566 - INFO - Successfully optimized GreenTrade_01_standard.set -> GreenTrade_01_otp.set
2025-04-27 14:51:33,569 - INFO - Successfully optimized Grid-Martingale_01_standard.set -> Grid-Martingale_01_otp.set
2025-04-27 14:51:33,571 - INFO - Successfully optimized GridEA_01_standard.set -> GridEA_01_otp.set
2025-04-27 14:51:33,573 - INFO - Successfully optimized Grid_01_standard.set -> Grid_01_otp.set
2025-04-27 14:51:33,574 - INFO - Successfully optimized HarVesteR_01_standard.set -> HarVesteR_01_otp.set
2025-04-27 14:51:33,576 - INFO - Successfully optimized HedgeEA_01_standard.set -> HedgeEA_01_otp.set
2025-04-27 14:51:33,578 - INFO - Successfully optimized hedger_01_standard.set -> hedger_01_otp.set
2025-04-27 14:51:33,580 - INFO - Successfully optimized Hedging-EA_01_standard.set -> Hedging-EA_01_otp.set
2025-04-27 14:51:33,582 - INFO - Successfully optimized Heiken-Ashi-Smoothed-EA-with-MA_01_standard.set -> Heiken-Ashi-Smoothed-EA-with-MA_01_otp.set
2025-04-27 14:51:33,585 - INFO - Successfully optimized Heiken-Ashi-Smoothed-EA_01_standard.set -> Heiken-Ashi-Smoothed-EA_01_otp.set
2025-04-27 14:51:33,587 - INFO - Successfully optimized heiken-ashi-smoothedLine_01_standard.set -> heiken-ashi-smoothedLine_01_otp.set
2025-04-27 14:51:33,589 - INFO - Successfully optimized heiken-ashi-smoothed_01_standard.set -> heiken-ashi-smoothed_01_otp.set
2025-04-27 14:51:33,592 - INFO - Successfully optimized HeikenAshi-Lines-EA_01_standard.set -> HeikenAshi-Lines-EA_01_otp.set
2025-04-27 14:51:33,594 - INFO - Successfully optimized HeikenAshi-Lines_01_standard.set -> HeikenAshi-Lines_01_otp.set
2025-04-27 14:51:33,595 - INFO - Successfully optimized Heinken-Ashi-Color-Candles_01_standard.set -> Heinken-Ashi-Color-Candles_01_otp.set
2025-04-27 14:51:33,597 - INFO - Successfully optimized HelloSmart_01_standard.set -> HelloSmart_01_otp.set
2025-04-27 14:51:33,600 - INFO - Successfully optimized High-Low-EA_01_standard.set -> High-Low-EA_01_otp.set
2025-04-27 14:51:33,601 - INFO - Successfully optimized High-Low-Indicator_01_standard.set -> High-Low-Indicator_01_otp.set
2025-04-27 14:51:33,603 - INFO - Successfully optimized Hoop-master-2_01_standard.set -> Hoop-master-2_01_otp.set
2025-04-27 14:51:33,604 - INFO - Successfully optimized iCCI-iMA_01_standard.set -> iCCI-iMA_01_otp.set
2025-04-27 14:51:33,606 - INFO - Successfully optimized ICH-With-Alert-Derekers-EA_01_standard.set -> ICH-With-Alert-Derekers-EA_01_otp.set
2025-04-27 14:51:33,608 - INFO - Successfully optimized ICH-With-Alert-Derekers_01_standard.set -> ICH-With-Alert-Derekers_01_otp.set
2025-04-27 14:51:33,610 - INFO - Successfully optimized ichimok2005_01_standard.set -> ichimok2005_01_otp.set
2025-04-27 14:51:33,611 - INFO - Successfully optimized Ichimoku-20Kijun-20Alert_01_standard.set -> Ichimoku-20Kijun-20Alert_01_otp.set
2025-04-27 14:51:33,613 - INFO - Successfully optimized Ichimoku-20Tenkan-20Alert_01_standard.set -> Ichimoku-20Tenkan-20Alert_01_otp.set
2025-04-27 14:51:33,615 - INFO - Successfully optimized Ichimoku-Scanner_01_standard.set -> Ichimoku-Scanner_01_otp.set
2025-04-27 14:51:33,616 - INFO - Successfully optimized Ichimoku-Signals-and-Alert_01_standard.set -> Ichimoku-Signals-and-Alert_01_otp.set
2025-04-27 14:51:33,618 - INFO - Successfully optimized IchimokuMTF-EA_01_standard.set -> IchimokuMTF-EA_01_otp.set
2025-04-27 14:51:33,620 - INFO - Successfully optimized Ichimoku_01_standard.set -> Ichimoku_01_otp.set
2025-04-27 14:51:33,621 - INFO - Successfully optimized Ilan-iMA_01_standard.set -> Ilan-iMA_01_otp.set
2025-04-27 14:51:33,623 - INFO - Successfully optimized Ilan1.4_01_standard.set -> Ilan1.4_01_otp.set
2025-04-27 14:51:33,625 - INFO - Successfully optimized iMA-iStdDev_01_standard.set -> iMA-iStdDev_01_otp.set
2025-04-27 14:51:33,626 - INFO - Successfully optimized Indices-Tester_01_standard.set -> Indices-Tester_01_otp.set
2025-04-27 14:51:33,629 - INFO - Successfully optimized Inka-20Edho-20EA_01_standard.set -> Inka-20Edho-20EA_01_otp.set
2025-04-27 14:51:33,630 - INFO - Successfully optimized Intersection-2-iMA_01_standard.set -> Intersection-2-iMA_01_otp.set
2025-04-27 14:51:33,632 - INFO - Successfully optimized IStochastic-Trading_01_standard.set -> IStochastic-Trading_01_otp.set
2025-04-27 14:51:33,634 - INFO - Successfully optimized Ivan_01_standard.set -> Ivan_01_otp.set
2025-04-27 14:51:33,636 - INFO - Successfully optimized iVIDyA-Simple_01_standard.set -> iVIDyA-Simple_01_otp.set
2025-04-27 14:51:33,638 - INFO - Successfully optimized Jackpot-Strategy-EA_01_standard.set -> Jackpot-Strategy-EA_01_otp.set
2025-04-27 14:51:33,639 - INFO - Successfully optimized JackPot-Strategy-Elite_01_standard.set -> JackPot-Strategy-Elite_01_otp.set
2025-04-27 14:51:33,642 - INFO - Successfully optimized JK-BullP-AutoTrader_01_standard.set -> JK-BullP-AutoTrader_01_otp.set
2025-04-27 14:51:33,643 - INFO - Successfully optimized JS-Chaos_01_standard.set -> JS-Chaos_01_otp.set
2025-04-27 14:51:33,645 - INFO - Successfully optimized JS-MA-Day_01_standard.set -> JS-MA-Day_01_otp.set
2025-04-27 14:51:33,647 - INFO - Successfully optimized JS-MA-SAR-Trades_01_standard.set -> JS-MA-SAR-Trades_01_otp.set
2025-04-27 14:51:33,649 - INFO - Successfully optimized KA-Gold-Bot_01_standard.set -> KA-Gold-Bot_01_otp.set
2025-04-27 14:51:33,652 - INFO - Successfully optimized Kue-Electric-EA_01_standard.set -> Kue-Electric-EA_01_otp.set
2025-04-27 14:51:33,653 - INFO - Successfully optimized KueFx-20Arrows_01_standard.set -> KueFx-20Arrows_01_otp.set
2025-04-27 14:51:33,655 - INFO - Successfully optimized KueFx-20Baseline_01_standard.set -> KueFx-20Baseline_01_otp.set
2025-04-27 14:51:33,657 - INFO - Successfully optimized KueFx-Arrows-20EA_01_standard.set -> KueFx-Arrows-20EA_01_otp.set
2025-04-27 14:51:33,659 - INFO - Successfully optimized KueFx-Arrows-EA_01_standard.set -> KueFx-Arrows-EA_01_otp.set
2025-04-27 14:51:33,661 - INFO - Successfully optimized KueFx-Arrows_01_standard.set -> KueFx-Arrows_01_otp.set
2025-04-27 14:51:33,663 - INFO - Successfully optimized KueFx-Baseline-EA_01_standard.set -> KueFx-Baseline-EA_01_otp.set
2025-04-27 14:51:33,664 - INFO - Successfully optimized KueFx-Baseline_01_standard.set -> KueFx-Baseline_01_otp.set
2025-04-27 14:51:33,667 - INFO - Successfully optimized KueFx-Clean-2025-EA_01_standard.set -> KueFx-Clean-2025-EA_01_otp.set
2025-04-27 14:51:33,670 - INFO - Successfully optimized KueFx-Extreme-EA_01_standard.set -> KueFx-Extreme-EA_01_otp.set
2025-04-27 14:51:33,673 - INFO - Successfully optimized KueFx-Harare-EA_01_standard.set -> KueFx-Harare-EA_01_otp.set
2025-04-27 14:51:33,675 - INFO - Successfully optimized KueFX-Money-Management_01_standard.set -> KueFX-Money-Management_01_otp.set
2025-04-27 14:51:33,678 - INFO - Successfully optimized KueFx-Motor-EA_01_standard.set -> KueFx-Motor-EA_01_otp.set
2025-04-27 14:51:33,680 - INFO - Successfully optimized KueFx-Motor_01_standard.set -> KueFx-Motor_01_otp.set
2025-04-27 14:51:33,682 - INFO - Successfully optimized KueFx-Trend_01_standard.set -> KueFx-Trend_01_otp.set
2025-04-27 14:51:33,685 - INFO - Successfully optimized KueFxTrend-20EA_01_standard.set -> KueFxTrend-20EA_01_otp.set
2025-04-27 14:51:33,687 - INFO - Successfully optimized KueFxTrend-EA_01_standard.set -> KueFxTrend-EA_01_otp.set
2025-04-27 14:51:33,689 - INFO - Successfully optimized LarryConnersRSI2_01_standard.set -> LarryConnersRSI2_01_otp.set
2025-04-27 14:51:33,691 - INFO - Successfully optimized Last-ZZ50_01_standard.set -> Last-ZZ50_01_otp.set
2025-04-27 14:51:33,693 - INFO - Successfully optimized Lavika100_01_standard.set -> Lavika100_01_otp.set
2025-04-27 14:51:33,694 - INFO - Successfully optimized LBS_01_standard.set -> LBS_01_otp.set
2025-04-27 14:51:33,696 - INFO - Successfully optimized Lego-EA_01_standard.set -> Lego-EA_01_otp.set
2025-04-27 14:51:33,699 - INFO - Successfully optimized Lesson-3-Price-Action_01_standard.set -> Lesson-3-Price-Action_01_otp.set
2025-04-27 14:51:33,701 - INFO - Successfully optimized Lesson-4-Price-Action-MA-Filter_01_standard.set -> Lesson-4-Price-Action-MA-Filter_01_otp.set
2025-04-27 14:51:33,703 - INFO - Successfully optimized Lesson-6-Trailling-ATR_01_standard.set -> Lesson-6-Trailling-ATR_01_otp.set
2025-04-27 14:51:33,705 - INFO - Successfully optimized Lesson-7-Price-action-Ket-hop-Volume-VSA_01_standard.set -> Lesson-7-Price-action-Ket-hop-Volume-VSA_01_otp.set
2025-04-27 14:51:33,707 - INFO - Successfully optimized Little-EA_01_standard.set -> Little-EA_01_otp.set
2025-04-27 14:51:33,709 - INFO - Successfully optimized Locker_01_standard.set -> Locker_01_otp.set
2025-04-27 14:51:33,711 - INFO - Successfully optimized Lock_01_standard.set -> Lock_01_otp.set
2025-04-27 14:51:33,713 - INFO - Successfully optimized Lucky_01_standard.set -> Lucky_01_otp.set
2025-04-27 14:51:33,715 - INFO - Successfully optimized MA-20Alert_01_standard.set -> MA-20Alert_01_otp.set
2025-04-27 14:51:33,716 - INFO - Successfully optimized MA-20AO-20Arrow_01_standard.set -> MA-20AO-20Arrow_01_otp.set
2025-04-27 14:51:33,719 - INFO - Successfully optimized MA-AO-EA_01_standard.set -> MA-AO-EA_01_otp.set
2025-04-27 14:51:33,721 - INFO - Successfully optimized ma-channels_01_standard.set -> ma-channels_01_otp.set
2025-04-27 14:51:33,723 - INFO - Successfully optimized MA-Cross_01_standard.set -> MA-Cross_01_otp.set
2025-04-27 14:51:33,725 - INFO - Successfully optimized MA-Envelopes_01_standard.set -> MA-Envelopes_01_otp.set
2025-04-27 14:51:33,727 - INFO - Successfully optimized MA-MACD-Position-averaging_01_standard.set -> MA-MACD-Position-averaging_01_otp.set
2025-04-27 14:51:33,729 - INFO - Successfully optimized MA-Trend_01_standard.set -> MA-Trend_01_otp.set
2025-04-27 14:51:33,731 - INFO - Successfully optimized MA2CCI_01_standard.set -> MA2CCI_01_otp.set
2025-04-27 14:51:33,733 - INFO - Successfully optimized MACD-and-SAR_01_standard.set -> MACD-and-SAR_01_otp.set
2025-04-27 14:51:33,735 - INFO - Successfully optimized MACD-Cleaner_01_standard.set -> MACD-Cleaner_01_otp.set
2025-04-27 14:51:33,737 - INFO - Successfully optimized MACD-EA-H4_01_standard.set -> MACD-EA-H4_01_otp.set
2025-04-27 14:51:33,740 - INFO - Successfully optimized MACD-No-Sample_01_standard.set -> MACD-No-Sample_01_otp.set
2025-04-27 14:51:33,741 - INFO - Successfully optimized MACD-signal_01_standard.set -> MACD-signal_01_otp.set
2025-04-27 14:51:33,743 - INFO - Successfully optimized MACD-Stochastic-2_01_standard.set -> MACD-Stochastic-2_01_otp.set
2025-04-27 14:51:33,745 - INFO - Successfully optimized MACD-Stochastic_01_standard.set -> MACD-Stochastic_01_otp.set
2025-04-27 14:51:33,747 - INFO - Successfully optimized MACDCCI_01_standard.set -> MACDCCI_01_otp.set
2025-04-27 14:51:33,749 - INFO - Successfully optimized MacdPatternTraderAll0.01_01_standard.set -> MacdPatternTraderAll0.01_01_otp.set
2025-04-27 14:51:33,752 - INFO - Successfully optimized MacdPatternTraderAll_01_standard.set -> MacdPatternTraderAll_01_otp.set
2025-04-27 14:51:33,754 - INFO - Successfully optimized MACD_01_standard.set -> MACD_01_otp.set
2025-04-27 14:51:33,755 - INFO - Successfully optimized MAGrid_01_standard.set -> MAGrid_01_otp.set
2025-04-27 14:51:33,757 - INFO - Successfully optimized MAMACD_01_standard.set -> MAMACD_01_otp.set
2025-04-27 14:51:33,758 - INFO - Successfully optimized Market-Capture_01_standard.set -> Market-Capture_01_otp.set
2025-04-27 14:51:33,760 - INFO - Successfully optimized Martin-1_01_standard.set -> Martin-1_01_otp.set
2025-04-27 14:51:33,762 - INFO - Successfully optimized Martin-for-small-deposits_01_standard.set -> Martin-for-small-deposits_01_otp.set
2025-04-27 14:51:33,764 - INFO - Successfully optimized MartingailExpert_01_standard.set -> MartingailExpert_01_otp.set
2025-04-27 14:51:33,766 - INFO - Successfully optimized MartinGaleBreakout_01_standard.set -> MartinGaleBreakout_01_otp.set
2025-04-27 14:51:33,768 - INFO - Successfully optimized Martin_01_standard.set -> Martin_01_otp.set
2025-04-27 14:51:33,770 - INFO - Successfully optimized Marubozu-EA_01_standard.set -> Marubozu-EA_01_otp.set
2025-04-27 14:51:33,772 - INFO - Successfully optimized Marubozu_01_standard.set -> Marubozu_01_otp.set
2025-04-27 14:51:33,774 - INFO - Successfully optimized MelBar-EuSwiss-1.85_01_standard.set -> MelBar-EuSwiss-1.85_01_otp.set
2025-04-27 14:51:33,776 - INFO - Successfully optimized MelBar™Take325-™-5.5Y-NZD-USD_01_standard.set -> MelBar™Take325-™-5.5Y-NZD-USD_01_otp.set
2025-04-27 14:51:33,778 - INFO - Successfully optimized Mobo-Bands-EA_01_standard.set -> Mobo-Bands-EA_01_otp.set
2025-04-27 14:51:33,780 - INFO - Successfully optimized Mobo-Bands_01_standard.set -> Mobo-Bands_01_otp.set
2025-04-27 14:51:33,781 - INFO - Successfully optimized Modified-Moving-Averages_01_standard.set -> Modified-Moving-Averages_01_otp.set
2025-04-27 14:51:33,783 - INFO - Successfully optimized Momentum-M15_01_standard.set -> Momentum-M15_01_otp.set
2025-04-27 14:51:33,785 - INFO - Successfully optimized Momo-trades_01_standard.set -> Momo-trades_01_otp.set
2025-04-27 14:51:33,786 - INFO - Successfully optimized Money-Fixed-Margin_01_standard.set -> Money-Fixed-Margin_01_otp.set
2025-04-27 14:51:33,788 - INFO - Successfully optimized Money-Fixed-Risk_01_standard.set -> Money-Fixed-Risk_01_otp.set
2025-04-27 14:51:33,790 - INFO - Successfully optimized MoneyRain_01_standard.set -> MoneyRain_01_otp.set
2025-04-27 14:51:33,791 - INFO - Successfully optimized Morning-evening-star-EA_01_standard.set -> Morning-evening-star-EA_01_otp.set
2025-04-27 14:51:33,793 - INFO - Successfully optimized MostasHaR15-Pivot_01_standard.set -> MostasHaR15-Pivot_01_otp.set
2025-04-27 14:51:33,795 - INFO - Successfully optimized Moving-20average-20and-20ichimoku-20EA_01_standard.set -> Moving-20average-20and-20ichimoku-20EA_01_otp.set
2025-04-27 14:51:33,797 - INFO - Successfully optimized Moving-Average-Trade-System_01_standard.set -> Moving-Average-Trade-System_01_otp.set
2025-04-27 14:51:33,798 - INFO - Successfully optimized Moving-Averages_01_standard.set -> Moving-Averages_01_otp.set
2025-04-27 14:51:33,800 - INFO - Successfully optimized MovingAverageMartinGale_01_standard.set -> MovingAverageMartinGale_01_otp.set
2025-04-27 14:51:33,801 - INFO - Successfully optimized MovingAverage_01_standard.set -> MovingAverage_01_otp.set
2025-04-27 14:51:33,803 - INFO - Successfully optimized MQL5-Wizard-MA-RSI_01_standard.set -> MQL5-Wizard-MA-RSI_01_otp.set
2025-04-27 14:51:33,804 - INFO - Successfully optimized MQL5-Wizard-MACD-Parabolic-SAR_01_standard.set -> MQL5-Wizard-MACD-Parabolic-SAR_01_otp.set
2025-04-27 14:51:33,806 - INFO - Successfully optimized MTC-Сombo_01_standard.set -> MTC-Сombo_01_otp.set
2025-04-27 14:51:33,808 - INFO - Successfully optimized Multi-Stochastic_01_standard.set -> Multi-Stochastic_01_otp.set
2025-04-27 14:51:33,810 - INFO - Successfully optimized MultiMartin_01_standard.set -> MultiMartin_01_otp.set
2025-04-27 14:51:33,811 - INFO - Successfully optimized MySystem_01_standard.set -> MySystem_01_otp.set
2025-04-27 14:51:33,813 - INFO - Successfully optimized N-Candles_01_standard.set -> N-Candles_01_otp.set
2025-04-27 14:51:33,814 - INFO - Successfully optimized Nevalyashka-BreakdownLevel_01_standard.set -> Nevalyashka-BreakdownLevel_01_otp.set
2025-04-27 14:51:33,816 - INFO - Successfully optimized Nevalyashka3-1_01_standard.set -> Nevalyashka3-1_01_otp.set
2025-04-27 14:51:33,818 - INFO - Successfully optimized Nevalyashka_01_standard.set -> Nevalyashka_01_otp.set
2025-04-27 14:51:33,819 - INFO - Successfully optimized New-Martin_01_standard.set -> New-Martin_01_otp.set
2025-04-27 14:51:33,821 - INFO - Successfully optimized New-Random_01_standard.set -> New-Random_01_otp.set
2025-04-27 14:51:33,823 - INFO - Successfully optimized Nextbar_01_standard.set -> Nextbar_01_otp.set
2025-04-27 14:51:33,825 - INFO - Successfully optimized Night-Flat-Trade_01_standard.set -> Night-Flat-Trade_01_otp.set
2025-04-27 14:51:33,827 - INFO - Successfully optimized NightScalper_01_standard.set -> NightScalper_01_otp.set
2025-04-27 14:51:33,829 - INFO - Successfully optimized NRTR-Revers_01_standard.set -> NRTR-Revers_01_otp.set
2025-04-27 14:51:33,830 - INFO - Successfully optimized NUp1Down_01_standard.set -> NUp1Down_01_otp.set
2025-04-27 14:51:33,833 - INFO - Successfully optimized Open-Candle-EA_01_standard.set -> Open-Candle-EA_01_otp.set
2025-04-27 14:51:33,834 - INFO - Successfully optimized Open-Close_01_standard.set -> Open-Close_01_otp.set
2025-04-27 14:51:33,836 - INFO - Successfully optimized Opening-and-ilosing-on-time_01_standard.set -> Opening-and-ilosing-on-time_01_otp.set
2025-04-27 14:51:33,838 - INFO - Successfully optimized Opening-and-Сlosing-on-time_01_standard.set -> Opening-and-Сlosing-on-time_01_otp.set
2025-04-27 14:51:33,840 - INFO - Successfully optimized OpenPendingorderAfterPositionGetStopLoss_01_standard.set -> OpenPendingorderAfterPositionGetStopLoss_01_otp.set
2025-04-27 14:51:33,842 - INFO - Successfully optimized OpenTicks_01_standard.set -> OpenTicks_01_otp.set
2025-04-27 14:51:33,844 - INFO - Successfully optimized ORB-EA-BOX_01_standard.set -> ORB-EA-BOX_01_otp.set
2025-04-27 14:51:33,846 - INFO - Successfully optimized OsMaSter_01_standard.set -> OsMaSter_01_otp.set
2025-04-27 14:51:33,848 - INFO - Successfully optimized OTT-20AND-20PRICE-20CROSS-20EA_01_standard.set -> OTT-20AND-20PRICE-20CROSS-20EA_01_otp.set
2025-04-27 14:51:33,850 - INFO - Successfully optimized OverHedge_01_standard.set -> OverHedge_01_otp.set
2025-04-27 14:51:33,852 - INFO - Successfully optimized OzFx_01_standard.set -> OzFx_01_otp.set
2025-04-27 14:51:33,853 - INFO - Successfully optimized Parabolic-SAR_01_standard.set -> Parabolic-SAR_01_otp.set
2025-04-27 14:51:33,856 - INFO - Successfully optimized PARSI-EA_01_standard.set -> PARSI-EA_01_otp.set
2025-04-27 14:51:33,858 - INFO - Successfully optimized Peceptron-Mult_01_standard.set -> Peceptron-Mult_01_otp.set
2025-04-27 14:51:33,860 - INFO - Successfully optimized Pending-orders-by-time-2_01_standard.set -> Pending-orders-by-time-2_01_otp.set
2025-04-27 14:51:33,862 - INFO - Successfully optimized Pending-orders-by-time_01_standard.set -> Pending-orders-by-time_01_otp.set
2025-04-27 14:51:33,864 - INFO - Successfully optimized Pendulum_01_standard.set -> Pendulum_01_otp.set
2025-04-27 14:51:33,865 - INFO - Successfully optimized Pinball-machine_01_standard.set -> Pinball-machine_01_otp.set
2025-04-27 14:51:33,868 - INFO - Successfully optimized Pinbar-Magic-EA_01_standard.set -> Pinbar-Magic-EA_01_otp.set
2025-04-27 14:51:33,869 - INFO - Successfully optimized PinBar-Magic-Indicator_01_standard.set -> PinBar-Magic-Indicator_01_otp.set
2025-04-27 14:51:33,871 - INFO - Successfully optimized Pipsover_01_standard.set -> Pipsover_01_otp.set
2025-04-27 14:51:33,874 - INFO - Successfully optimized Plan-X_01_standard.set -> Plan-X_01_otp.set
2025-04-27 14:51:33,878 - INFO - Successfully optimized Plateau_01_standard.set -> Plateau_01_otp.set
2025-04-27 14:51:33,880 - INFO - Successfully optimized Poker-SHOW_01_standard.set -> Poker-SHOW_01_otp.set
2025-04-27 14:51:33,882 - INFO - Successfully optimized Precipice-MartIn_01_standard.set -> Precipice-MartIn_01_otp.set
2025-04-27 14:51:33,885 - INFO - Successfully optimized Precipice_01_standard.set -> Precipice_01_otp.set
2025-04-27 14:51:33,887 - INFO - Successfully optimized Probe_01_standard.set -> Probe_01_otp.set
2025-04-27 14:51:33,889 - INFO - Successfully optimized Proffessor_01_standard.set -> Proffessor_01_otp.set
2025-04-27 14:51:33,892 - INFO - Successfully optimized PropFirmHelper_01_standard.set -> PropFirmHelper_01_otp.set
2025-04-27 14:51:33,894 - INFO - Successfully optimized PROphet_01_standard.set -> PROphet_01_otp.set
2025-04-27 14:51:33,896 - INFO - Successfully optimized Puria-method_01_standard.set -> Puria-method_01_otp.set
2025-04-27 14:51:33,899 - INFO - Successfully optimized Rabbit3_01_standard.set -> Rabbit3_01_otp.set
2025-04-27 14:51:33,901 - INFO - Successfully optimized Range-Breakout_01_standard.set -> Range-Breakout_01_otp.set
2025-04-27 14:51:33,903 - INFO - Successfully optimized Rapid-Doji-EA_01_standard.set -> Rapid-Doji-EA_01_otp.set
2025-04-27 14:51:33,905 - INFO - Successfully optimized Raymond-Cloudy-Day-for-EA_01_standard.set -> Raymond-Cloudy-Day-for-EA_01_otp.set
2025-04-27 14:51:33,908 - INFO - Successfully optimized Reflex-EA_01_standard.set -> Reflex-EA_01_otp.set
2025-04-27 14:51:33,910 - INFO - Successfully optimized REFLEX-INDICATOR_01_standard.set -> REFLEX-INDICATOR_01_otp.set
2025-04-27 14:51:33,912 - INFO - Successfully optimized Reflex_01_standard.set -> Reflex_01_otp.set
2025-04-27 14:51:33,914 - INFO - Successfully optimized Reversing-Martingale_01_standard.set -> Reversing-Martingale_01_otp.set
2025-04-27 14:51:33,916 - INFO - Successfully optimized RideAlligator_01_standard.set -> RideAlligator_01_otp.set
2025-04-27 14:51:33,917 - INFO - Successfully optimized RNN_01_standard.set -> RNN_01_otp.set
2025-04-27 14:51:33,919 - INFO - Successfully optimized Robot-MACD_01_standard.set -> Robot-MACD_01_otp.set
2025-04-27 14:51:33,922 - INFO - Successfully optimized RobotPowerM5-meta4_01_standard.set -> RobotPowerM5-meta4_01_otp.set
2025-04-27 14:51:33,923 - INFO - Successfully optimized Rollback-system_01_standard.set -> Rollback-system_01_otp.set
2025-04-27 14:51:33,925 - INFO - Successfully optimized RSI-and-Bollinger-Bands_01_standard.set -> RSI-and-Bollinger-Bands_01_otp.set
2025-04-27 14:51:33,927 - INFO - Successfully optimized RSI-Arrow-EA_01_standard.set -> RSI-Arrow-EA_01_otp.set
2025-04-27 14:51:33,929 - INFO - Successfully optimized RSI-Arrow_01_standard.set -> RSI-Arrow_01_otp.set
2025-04-27 14:51:33,931 - INFO - Successfully optimized RSI-EA_01_standard.set -> RSI-EA_01_otp.set
2025-04-27 14:51:33,933 - INFO - Successfully optimized RSI-Eraser_01_standard.set -> RSI-Eraser_01_otp.set
2025-04-27 14:51:33,934 - INFO - Successfully optimized RSI-Expert_01_standard.set -> RSI-Expert_01_otp.set
2025-04-27 14:51:33,936 - INFO - Successfully optimized RSI-Levels_01_standard.set -> RSI-Levels_01_otp.set
2025-04-27 14:51:33,937 - INFO - Successfully optimized RSI-trader_01_standard.set -> RSI-trader_01_otp.set
2025-04-27 14:51:33,940 - INFO - Successfully optimized RSI-Trend-EA_01_standard.set -> RSI-Trend-EA_01_otp.set
2025-04-27 14:51:33,941 - INFO - Successfully optimized RSI-Trend_01_standard.set -> RSI-Trend_01_otp.set
2025-04-27 14:51:33,943 - INFO - Successfully optimized RSI-with-channels-EA_01_standard.set -> RSI-with-channels-EA_01_otp.set
2025-04-27 14:51:33,945 - INFO - Successfully optimized RSI-with-channels_01_standard.set -> RSI-with-channels_01_otp.set
2025-04-27 14:51:33,947 - INFO - Successfully optimized Russian20-hp1_01_standard.set -> Russian20-hp1_01_otp.set
2025-04-27 14:51:33,949 - INFO - Successfully optimized SampleCheckPendingOrder_01_standard.set -> SampleCheckPendingOrder_01_otp.set
2025-04-27 14:51:33,950 - INFO - Successfully optimized SAR-trading_01_standard.set -> SAR-trading_01_otp.set
2025-04-27 14:51:33,952 - INFO - Successfully optimized Secwenta_01_standard.set -> Secwenta_01_otp.set
2025-04-27 14:51:33,954 - INFO - Successfully optimized Sell-Stop_01_standard.set -> Sell-Stop_01_otp.set
2025-04-27 14:51:33,956 - INFO - Successfully optimized Sensitive_01_standard.set -> Sensitive_01_otp.set
2025-04-27 14:51:33,958 - INFO - Successfully optimized Separate-trade_01_standard.set -> Separate-trade_01_otp.set
2025-04-27 14:51:33,960 - INFO - Successfully optimized SilverTrend_01_standard.set -> SilverTrend_01_otp.set
2025-04-27 14:51:33,962 - INFO - Successfully optimized Simple-20Price-20Alert-20-20EA_01_standard.set -> Simple-20Price-20Alert-20-20EA_01_otp.set
2025-04-27 14:51:33,964 - INFO - Successfully optimized Simple-20Volume-20EA_01_standard.set -> Simple-20Volume-20EA_01_otp.set
2025-04-27 14:51:33,966 - INFO - Successfully optimized Simple-EA-MA-plus-MACD_01_standard.set -> Simple-EA-MA-plus-MACD_01_otp.set
2025-04-27 14:51:33,967 - INFO - Successfully optimized Simple-FX_01_standard.set -> Simple-FX_01_otp.set
2025-04-27 14:51:33,969 - INFO - Successfully optimized Simple-MACD_01_standard.set -> Simple-MACD_01_otp.set
2025-04-27 14:51:33,971 - INFO - Successfully optimized Simple-Volume-EA_01_standard.set -> Simple-Volume-EA_01_otp.set
2025-04-27 14:51:33,972 - INFO - Successfully optimized SimplePivot_01_standard.set -> SimplePivot_01_otp.set
2025-04-27 14:51:33,974 - INFO - Successfully optimized Simplest-Hedging-EA-ever_01_standard.set -> Simplest-Hedging-EA-ever_01_otp.set
2025-04-27 14:51:33,976 - INFO - Successfully optimized SimpleTrade _01_standard.set -> SimpleTrade _01_otp.set
2025-04-27 14:51:33,978 - INFO - Successfully optimized Six-Soldiers-EA-Grid_01_standard.set -> Six-Soldiers-EA-Grid_01_otp.set
2025-04-27 14:51:33,980 - INFO - Successfully optimized Six-Soldiers-EA_01_standard.set -> Six-Soldiers-EA_01_otp.set
2025-04-27 14:51:33,982 - INFO - Successfully optimized Six-Soldiers_01_standard.set -> Six-Soldiers_01_otp.set
2025-04-27 14:51:33,983 - INFO - Successfully optimized Small-Inside-Bar-Strategy_01_standard.set -> Small-Inside-Bar-Strategy_01_otp.set
2025-04-27 14:51:33,986 - INFO - Successfully optimized Smart-Machine-20EA_01_standard.set -> Smart-Machine-20EA_01_otp.set
2025-04-27 14:51:33,988 - INFO - Successfully optimized Smoothing-Average_01_standard.set -> Smoothing-Average_01_otp.set
2025-04-27 14:51:33,990 - INFO - Successfully optimized Spasm_01_standard.set -> Spasm_01_otp.set
2025-04-27 14:51:33,991 - INFO - Successfully optimized ssb5-123_01_standard.set -> ssb5-123_01_otp.set
2025-04-27 14:51:33,993 - INFO - Successfully optimized Starter_01_standard.set -> Starter_01_otp.set
2025-04-27 14:51:33,995 - INFO - Successfully optimized Steve-Cartwright-Trader-Camel-CCI-MACD_01_standard.set -> Steve-Cartwright-Trader-Camel-CCI-MACD_01_otp.set
2025-04-27 14:51:33,997 - INFO - Successfully optimized Stoch-EA-1192_01_standard.set -> Stoch-EA-1192_01_otp.set
2025-04-27 14:51:33,999 - INFO - Successfully optimized Stochastic-20Alert_01_standard.set -> Stochastic-20Alert_01_otp.set
2025-04-27 14:51:34,000 - INFO - Successfully optimized Stochastic-K-Divergence.lua_01_standard.set -> Stochastic-K-Divergence.lua_01_otp.set
2025-04-27 14:51:34,002 - INFO - Successfully optimized stochastic-three-periods_01_standard.set -> stochastic-three-periods_01_otp.set
2025-04-27 14:51:34,004 - INFO - Successfully optimized StochasticDiffSign-EA_01_standard.set -> StochasticDiffSign-EA_01_otp.set
2025-04-27 14:51:34,006 - INFO - Successfully optimized stochasticdiffsign_01_standard.set -> stochasticdiffsign_01_otp.set
2025-04-27 14:51:34,008 - INFO - Successfully optimized StochMA-EA_01_standard.set -> StochMA-EA_01_otp.set
2025-04-27 14:51:34,009 - INFO - Successfully optimized StochMA_01_standard.set -> StochMA_01_otp.set
2025-04-27 14:51:34,010 - INFO - Successfully optimized Stoch_01_standard.set -> Stoch_01_otp.set
2025-04-27 14:51:34,012 - INFO - Successfully optimized Stop-Loss-Take-Profit_01_standard.set -> Stop-Loss-Take-Profit_01_otp.set
2025-04-27 14:51:34,014 - INFO - Successfully optimized StraddleqTrail_01_standard.set -> StraddleqTrail_01_otp.set
2025-04-27 14:51:34,015 - INFO - Successfully optimized Surefirething_01_standard.set -> Surefirething_01_otp.set
2025-04-27 14:51:34,016 - INFO - Successfully optimized TDSGlobal_01_standard.set -> TDSGlobal_01_otp.set
2025-04-27 14:51:34,018 - INFO - Successfully optimized The-MasterMind-2_01_standard.set -> The-MasterMind-2_01_otp.set
2025-04-27 14:51:34,019 - INFO - Successfully optimized The-MasterMind-3_01_standard.set -> The-MasterMind-3_01_otp.set
2025-04-27 14:51:34,021 - INFO - Successfully optimized The-MasterMind_01_standard.set -> The-MasterMind_01_otp.set
2025-04-27 14:51:34,022 - INFO - Successfully optimized The-Puncher_01_standard.set -> The-Puncher_01_otp.set
2025-04-27 14:51:34,024 - INFO - Successfully optimized TheClassicTurtleTrader-no-dots-EA_01_standard.set -> TheClassicTurtleTrader-no-dots-EA_01_otp.set
2025-04-27 14:51:34,025 - INFO - Successfully optimized TheClassicTurtleTrader-no-dots_01_standard.set -> TheClassicTurtleTrader-no-dots_01_otp.set
2025-04-27 14:51:34,027 - INFO - Successfully optimized Three-indicators_01_standard.set -> Three-indicators_01_otp.set
2025-04-27 14:51:34,028 - INFO - Successfully optimized Three-neural-networks_01_standard.set -> Three-neural-networks_01_otp.set
2025-04-27 14:51:34,030 - INFO - Successfully optimized Three-timeframes_01_standard.set -> Three-timeframes_01_otp.set
2025-04-27 14:51:34,032 - INFO - Successfully optimized Three-Typical-Candles_01_standard.set -> Three-Typical-Candles_01_otp.set
2025-04-27 14:51:34,033 - INFO - Successfully optimized Time-sync-forts_01_standard.set -> Time-sync-forts_01_otp.set
2025-04-27 14:51:34,035 - INFO - Successfully optimized timer-trade_01_standard.set -> timer-trade_01_otp.set
2025-04-27 14:51:34,037 - INFO - Successfully optimized TMA-ATR-Channel_01_standard.set -> TMA-ATR-Channel_01_otp.set
2025-04-27 14:51:34,039 - INFO - Successfully optimized TMA-ATR-EA_01_standard.set -> TMA-ATR-EA_01_otp.set
2025-04-27 14:51:34,041 - INFO - Successfully optimized TMA-CG-EA_01_standard.set -> TMA-CG-EA_01_otp.set
2025-04-27 14:51:34,043 - INFO - Successfully optimized TMA-CG-Martingale-20EA_01_standard.set -> TMA-CG-Martingale-20EA_01_otp.set
2025-04-27 14:51:34,045 - INFO - Successfully optimized TMA-CG-mladen_01_standard.set -> TMA-CG-mladen_01_otp.set
2025-04-27 14:51:34,046 - INFO - Successfully optimized TMA-CG-special_01_standard.set -> TMA-CG-special_01_otp.set
2025-04-27 14:51:34,047 - INFO - Successfully optimized TMA-slope-bands_01_standard.set -> TMA-slope-bands_01_otp.set
2025-04-27 14:51:34,049 - INFO - Successfully optimized TmaTrue-2.0-with-Distances-6xx_01_standard.set -> TmaTrue-2.0-with-Distances-6xx_01_otp.set
2025-04-27 14:51:34,050 - INFO - Successfully optimized TmaTrue-3.0-with-Distances-6xx_01_standard.set -> TmaTrue-3.0-with-Distances-6xx_01_otp.set
2025-04-27 14:51:34,051 - INFO - Successfully optimized TP-with-money_01_standard.set -> TP-with-money_01_otp.set
2025-04-27 14:51:34,053 - INFO - Successfully optimized Trade-in-Channel_01_standard.set -> Trade-in-Channel_01_otp.set
2025-04-27 14:51:34,054 - INFO - Successfully optimized Trade-on-qualified-RSI_01_standard.set -> Trade-on-qualified-RSI_01_otp.set
2025-04-27 14:51:34,056 - INFO - Successfully optimized Trading-Breakout-MrThanhTan_01_standard.set -> Trading-Breakout-MrThanhTan_01_otp.set
2025-04-27 14:51:34,058 - INFO - Successfully optimized Trend-Trader-Strategy-EA_01_standard.set -> Trend-Trader-Strategy-EA_01_otp.set
2025-04-27 14:51:34,060 - INFO - Successfully optimized Trend-Trader-Strategy_01_standard.set -> Trend-Trader-Strategy_01_otp.set
2025-04-27 14:51:34,062 - INFO - Successfully optimized Tru-EA_01_standard.set -> Tru-EA_01_otp.set
2025-04-27 14:51:34,064 - INFO - Successfully optimized True-Scalper-Profit-Lock_01_standard.set -> True-Scalper-Profit-Lock_01_otp.set
2025-04-27 14:51:34,066 - INFO - Successfully optimized TrueSort-1100_01_standard.set -> TrueSort-1100_01_otp.set
2025-04-27 14:51:34,067 - INFO - Successfully optimized Tunnel-gen4_01_standard.set -> Tunnel-gen4_01_otp.set
2025-04-27 14:51:34,069 - INFO - Successfully optimized Tunnel-Method_01_standard.set -> Tunnel-Method_01_otp.set
2025-04-27 14:51:34,071 - INFO - Successfully optimized TurnGrid_01_standard.set -> TurnGrid_01_otp.set
2025-04-27 14:51:34,072 - INFO - Successfully optimized Two PerBar _01_standard.set -> Two PerBar _01_otp.set
2025-04-27 14:51:34,074 - INFO - Successfully optimized Two-20MA-20RSI-20ADX-20EA_01_standard.set -> Two-20MA-20RSI-20ADX-20EA_01_otp.set
2025-04-27 14:51:34,076 - INFO - Successfully optimized Two-20Orders-20Panel_01_standard.set -> Two-20Orders-20Panel_01_otp.set
2025-04-27 14:51:34,077 - INFO - Successfully optimized Two-pending-orders-2_01_standard.set -> Two-pending-orders-2_01_otp.set
2025-04-27 14:51:34,079 - INFO - Successfully optimized UnityPro_01_standard.set -> UnityPro_01_otp.set
2025-04-27 14:51:34,081 - INFO - Successfully optimized UniversalMACrossEA_01_standard.set -> UniversalMACrossEA_01_otp.set
2025-04-27 14:51:34,085 - INFO - Successfully optimized UniversalSignalDemo_01_standard.set -> UniversalSignalDemo_01_otp.set
2025-04-27 14:51:34,088 - INFO - Successfully optimized Universum-3.0_01_standard.set -> Universum-3.0_01_otp.set
2025-04-27 14:51:34,095 - INFO - Successfully optimized UnNomGuai-20EA_01_standard.set -> UnNomGuai-20EA_01_otp.set
2025-04-27 14:51:34,097 - INFO - Successfully optimized up3x1-Investor_01_standard.set -> up3x1-Investor_01_otp.set
2025-04-27 14:51:34,100 - INFO - Successfully optimized up3x1-premium-M_01_standard.set -> up3x1-premium-M_01_otp.set
2025-04-27 14:51:34,102 - INFO - Successfully optimized up3x1_01_standard.set -> up3x1_01_otp.set
2025-04-27 14:51:34,104 - INFO - Successfully optimized Urdala-Trol_01_standard.set -> Urdala-Trol_01_otp.set
2025-04-27 14:51:34,107 - INFO - Successfully optimized Very-Blonde-System_01_standard.set -> Very-Blonde-System_01_otp.set
2025-04-27 14:51:34,110 - INFO - Successfully optimized Virtual-Trailing-Stop_01_standard.set -> Virtual-Trailing-Stop_01_otp.set
2025-04-27 14:51:34,112 - INFO - Successfully optimized VLT-TRADER_01_standard.set -> VLT-TRADER_01_otp.set
2025-04-27 14:51:34,115 - INFO - Successfully optimized Volume-trader_01_standard.set -> Volume-trader_01_otp.set
2025-04-27 14:51:34,117 - INFO - Successfully optimized Vortex-Indicator-System_01_standard.set -> Vortex-Indicator-System_01_otp.set
2025-04-27 14:51:34,119 - INFO - Successfully optimized VR-Overturn_01_standard.set -> VR-Overturn_01_otp.set
2025-04-27 14:51:34,122 - INFO - Successfully optimized VR-ZVER-v.2_01_standard.set -> VR-ZVER-v.2_01_otp.set
2025-04-27 14:51:34,125 - INFO - Successfully optimized VR-ZVER_01_standard.set -> VR-ZVER_01_otp.set
2025-04-27 14:51:34,127 - INFO - Successfully optimized VZO_01_standard.set -> VZO_01_otp.set
2025-04-27 14:51:34,130 - INFO - Successfully optimized Waddah-Attar-Win_01_standard.set -> Waddah-Attar-Win_01_otp.set
2025-04-27 14:51:34,132 - INFO - Successfully optimized WE-TRUST_01_standard.set -> WE-TRUST_01_otp.set
2025-04-27 14:51:34,135 - INFO - Successfully optimized X-RSIOMA_01_standard.set -> X-RSIOMA_01_otp.set
2025-04-27 14:51:34,138 - INFO - Successfully optimized Yesterday-Today_01_standard.set -> Yesterday-Today_01_otp.set
2025-04-27 14:51:34,140 - INFO - Successfully optimized 10-pips-EURUSD_01_standard.set -> 10-pips-EURUSD_01_otp.set
2025-04-27 14:51:34,142 - INFO - Successfully optimized 10-pips_01_standard.set -> 10-pips_01_otp.set
2025-04-27 14:51:34,144 - INFO - Successfully optimized 1H-EUR-USD_01_standard.set -> 1H-EUR-USD_01_otp.set
2025-04-27 14:51:34,147 - INFO - Successfully optimized 20011201-GBPUSD-M1_01_standard.set -> 20011201-GBPUSD-M1_01_otp.set
2025-04-27 14:51:34,149 - INFO - Successfully optimized 21hour_01_standard.set -> 21hour_01_otp.set
2025-04-27 14:51:34,152 - INFO - Successfully optimized 2HR-HL_01_standard.set -> 2HR-HL_01_otp.set
2025-04-27 14:51:34,155 - INFO - Successfully optimized 2MA-4Level_01_standard.set -> 2MA-4Level_01_otp.set
2025-04-27 14:51:34,157 - INFO - Successfully optimized 2MA-Bunny-Cross_01_standard.set -> 2MA-Bunny-Cross_01_otp.set
2025-04-27 14:51:34,159 - INFO - Successfully optimized 3-bars-high-low-indicator_01_standard.set -> 3-bars-high-low-indicator_01_otp.set
2025-04-27 14:51:34,161 - INFO - Successfully optimized 35-Pip-Scalper_01_standard.set -> 35-Pip-Scalper_01_otp.set
2025-04-27 14:51:34,164 - INFO - Successfully optimized 3BarsHighLowEA_01_standard.set -> 3BarsHighLowEA_01_otp.set
2025-04-27 14:51:34,166 - INFO - Successfully optimized 3sma_01_standard.set -> 3sma_01_otp.set
2025-04-27 14:51:34,169 - INFO - Successfully optimized 500_01_standard.set -> 500_01_otp.set
2025-04-27 14:51:34,171 - INFO - Successfully optimized 55-MA_01_standard.set -> 55-MA_01_otp.set
2025-04-27 14:51:34,173 - INFO - Successfully optimized Above-Below-MA_01_standard.set -> Above-Below-MA_01_otp.set
2025-04-27 14:51:34,175 - INFO - Successfully optimized Absorption_01_standard.set -> Absorption_01_otp.set
2025-04-27 14:51:34,178 - INFO - Successfully optimized ADX-MACD-Deev_01_standard.set -> ADX-MACD-Deev_01_otp.set
2025-04-27 14:51:34,180 - INFO - Successfully optimized ADX-MA_01_standard.set -> ADX-MA_01_otp.set
2025-04-27 14:51:34,183 - INFO - Successfully optimized ADX-System_01_standard.set -> ADX-System_01_otp.set
2025-04-27 14:51:34,185 - INFO - Successfully optimized AIS1_01_standard.set -> AIS1_01_otp.set
2025-04-27 14:51:34,188 - INFO - Successfully optimized Alexav-D1-Profit-GBPUSD_01_standard.set -> Alexav-D1-Profit-GBPUSD_01_otp.set
2025-04-27 14:51:34,191 - INFO - Successfully optimized All-Average-Ea_01_standard.set -> All-Average-Ea_01_otp.set
2025-04-27 14:51:34,193 - INFO - Successfully optimized Alligator-Simple_01_standard.set -> Alligator-Simple_01_otp.set
2025-04-27 14:51:34,196 - INFO - Successfully optimized Alligator_01_standard.set -> Alligator_01_otp.set
2025-04-27 14:51:34,199 - INFO - Successfully optimized Altarius-RSI-Stohastic_01_standard.set -> Altarius-RSI-Stohastic_01_otp.set
2025-04-27 14:51:34,204 - INFO - Successfully optimized AMA-Trader-2_01_standard.set -> AMA-Trader-2_01_otp.set
2025-04-27 14:51:34,206 - INFO - Successfully optimized AMA-Trader_01_standard.set -> AMA-Trader_01_otp.set
2025-04-27 14:51:34,208 - INFO - Successfully optimized AO-Lightning_01_standard.set -> AO-Lightning_01_otp.set
2025-04-27 14:51:34,211 - INFO - Successfully optimized AOCCI_01_standard.set -> AOCCI_01_otp.set
2025-04-27 14:51:34,214 - INFO - Successfully optimized Arbitrage_01_standard.set -> Arbitrage_01_otp.set
2025-04-27 14:51:34,217 - INFO - Successfully optimized ArbSint_01_standard.set -> ArbSint_01_otp.set
2025-04-27 14:51:34,219 - INFO - Successfully optimized Area-MACD_01_standard.set -> Area-MACD_01_otp.set
2025-04-27 14:51:34,221 - INFO - Successfully optimized Artificial-Intelligence_01_standard.set -> Artificial-Intelligence_01_otp.set
2025-04-27 14:51:34,225 - INFO - Successfully optimized At-random-Full_01_standard.set -> At-random-Full_01_otp.set
2025-04-27 14:51:34,227 - INFO - Successfully optimized At-random_01_standard.set -> At-random_01_otp.set
2025-04-27 14:51:34,228 - INFO - Successfully optimized Auto-ADX_01_standard.set -> Auto-ADX_01_otp.set
2025-04-27 14:51:34,230 - INFO - Successfully optimized Auto-Pivot-Plotter-28Mid-Levels-29-41_01_standard.set -> Auto-Pivot-Plotter-28Mid-Levels-29-41_01_otp.set
2025-04-27 14:51:34,232 - INFO - Successfully optimized AutoLock-EA_01_standard.set -> AutoLock-EA_01_otp.set
2025-04-27 14:51:34,234 - INFO - Successfully optimized Autotrader-Momentum_01_standard.set -> Autotrader-Momentum_01_otp.set
2025-04-27 14:51:34,236 - INFO - Successfully optimized Avalanche-AV_01_standard.set -> Avalanche-AV_01_otp.set
2025-04-27 14:51:34,239 - INFO - Successfully optimized Backbone_01_standard.set -> Backbone_01_otp.set
2025-04-27 14:51:34,244 - INFO - Successfully optimized BADX_01_standard.set -> BADX_01_otp.set
2025-04-27 14:51:34,247 - INFO - Successfully optimized Bago-EA_01_standard.set -> Bago-EA_01_otp.set
2025-04-27 14:51:34,250 - INFO - Successfully optimized BalancedScalper-20EA_01_standard.set -> BalancedScalper-20EA_01_otp.set
2025-04-27 14:51:34,253 - INFO - Successfully optimized Bands-2_01_standard.set -> Bands-2_01_otp.set
2025-04-27 14:51:34,255 - INFO - Successfully optimized BARS-Alligator_01_standard.set -> BARS-Alligator_01_otp.set
2025-04-27 14:51:34,257 - INFO - Successfully optimized Basic-CCI-RSI_01_standard.set -> Basic-CCI-RSI_01_otp.set
2025-04-27 14:51:34,259 - INFO - Successfully optimized Basic-Martingale-EA-3_01_standard.set -> Basic-Martingale-EA-3_01_otp.set
2025-04-27 14:51:34,262 - INFO - Successfully optimized BBPercentile-EA_01_standard.set -> BBPercentile-EA_01_otp.set
2025-04-27 14:51:34,263 - INFO - Successfully optimized BBPercentile_01_standard.set -> BBPercentile_01_otp.set
2025-04-27 14:51:34,266 - INFO - Successfully optimized BDCrossOver-20EA_01_standard.set -> BDCrossOver-20EA_01_otp.set
2025-04-27 14:51:34,267 - INFO - Successfully optimized BIG-DOG_01_standard.set -> BIG-DOG_01_otp.set
2025-04-27 14:51:34,269 - INFO - Successfully optimized Bill-Williams_01_standard.set -> Bill-Williams_01_otp.set
2025-04-27 14:51:34,270 - INFO - Successfully optimized Bollinger-Band-Two-MA-and-Zig-Zag_01_standard.set -> Bollinger-Band-Two-MA-and-Zig-Zag_01_otp.set
2025-04-27 14:51:34,272 - INFO - Successfully optimized Bollinger-Bands-N-positions_01_standard.set -> Bollinger-Bands-N-positions_01_otp.set
2025-04-27 14:51:34,274 - INFO - Successfully optimized Bollinger-Bands-RSI_01_standard.set -> Bollinger-Bands-RSI_01_otp.set
2025-04-27 14:51:34,275 - INFO - Successfully optimized bollinger_01_standard.set -> bollinger_01_otp.set
2025-04-27 14:51:34,277 - INFO - Successfully optimized Brakeout-Trader_01_standard.set -> Brakeout-Trader_01_otp.set
2025-04-27 14:51:34,278 - INFO - Successfully optimized Brandy_01_standard.set -> Brandy_01_otp.set
2025-04-27 14:51:34,280 - INFO - Successfully optimized Breadandbutter2_01_standard.set -> Breadandbutter2_01_otp.set
2025-04-27 14:51:34,281 - INFO - Successfully optimized Breakdown-catcher_01_standard.set -> Breakdown-catcher_01_otp.set
2025-04-27 14:51:34,283 - INFO - Successfully optimized breakdown_01_standard.set -> breakdown_01_otp.set
2025-04-27 14:51:34,285 - INFO - Successfully optimized Breakout-Str_01_standard.set -> Breakout-Str_01_otp.set
2025-04-27 14:51:34,287 - INFO - Successfully optimized Bronze-Warrioir_01_standard.set -> Bronze-Warrioir_01_otp.set
2025-04-27 14:51:34,289 - INFO - Successfully optimized Bruno_01_standard.set -> Bruno_01_otp.set
2025-04-27 14:51:34,290 - INFO - Successfully optimized BSS-1-0_01_standard.set -> BSS-1-0_01_otp.set
2025-04-27 14:51:34,292 - INFO - Successfully optimized Bullish-and-Bearish-Engulfing_01_standard.set -> Bullish-and-Bearish-Engulfing_01_otp.set
2025-04-27 14:51:34,294 - INFO - Successfully optimized Burg-Extrapolator_01_standard.set -> Burg-Extrapolator_01_otp.set
2025-04-27 14:51:34,296 - INFO - Successfully optimized BykovTrend-EA_01_standard.set -> BykovTrend-EA_01_otp.set
2025-04-27 14:51:34,297 - INFO - Successfully optimized Calculate-lotsize-and-Trailling-stop_01_standard.set -> Calculate-lotsize-and-Trailling-stop_01_otp.set
2025-04-27 14:51:34,300 - INFO - Successfully optimized candlepatternsexample_01_standard.set -> candlepatternsexample_01_otp.set
2025-04-27 14:51:34,301 - INFO - Successfully optimized Candle_01_standard.set -> Candle_01_otp.set
2025-04-27 14:51:34,304 - INFO - Successfully optimized Carbophos_01_standard.set -> Carbophos_01_otp.set
2025-04-27 14:51:34,306 - INFO - Successfully optimized CashMachine-5min_01_standard.set -> CashMachine-5min_01_otp.set
2025-04-27 14:51:34,308 - INFO - Successfully optimized CCI-MACD-Scalper_01_standard.set -> CCI-MACD-Scalper_01_otp.set
2025-04-27 14:51:34,310 - INFO - Successfully optimized Cidomo_01_standard.set -> Cidomo_01_otp.set
2025-04-27 14:51:34,312 - INFO - Successfully optimized CloseAgent_01_standard.set -> CloseAgent_01_otp.set
2025-04-27 14:51:34,313 - INFO - Successfully optimized CloseProfit_01_standard.set -> CloseProfit_01_otp.set
2025-04-27 14:51:34,315 - INFO - Successfully optimized cloud's-trade-2_01_standard.set -> cloud's-trade-2_01_otp.set
2025-04-27 14:51:34,317 - INFO - Successfully optimized CLOUD_01_standard.set -> CLOUD_01_otp.set
2025-04-27 14:51:34,319 - INFO - Successfully optimized Constituents-EA_01_standard.set -> Constituents-EA_01_otp.set
2025-04-27 14:51:34,320 - INFO - Successfully optimized Contrarian-trade-MA_01_standard.set -> Contrarian-trade-MA_01_otp.set
2025-04-27 14:51:34,322 - INFO - Successfully optimized Crossing-Moving-Average_01_standard.set -> Crossing-Moving-Average_01_otp.set
2025-04-27 14:51:34,324 - INFO - Successfully optimized CrossMA_01_standard.set -> CrossMA_01_otp.set
2025-04-27 14:51:34,326 - INFO - Successfully optimized Currencyprofits-01.1_01_standard.set -> Currencyprofits-01.1_01_otp.set
2025-04-27 14:51:34,328 - INFO - Successfully optimized Daily-20reversal-20-20EA_01_standard.set -> Daily-20reversal-20-20EA_01_otp.set
2025-04-27 14:51:34,330 - INFO - Successfully optimized Daily-BreakPoint_01_standard.set -> Daily-BreakPoint_01_otp.set
2025-04-27 14:51:34,332 - INFO - Successfully optimized Daily-Open-EA_01_standard.set -> Daily-Open-EA_01_otp.set
2025-04-27 14:51:34,334 - INFO - Successfully optimized Daily-range_01_standard.set -> Daily-range_01_otp.set
2025-04-27 14:51:34,336 - INFO - Successfully optimized Day-Trading-PAMXA_01_standard.set -> Day-Trading-PAMXA_01_otp.set
2025-04-27 14:51:34,338 - INFO - Successfully optimized Daydream_01_standard.set -> Daydream_01_otp.set
2025-04-27 14:51:34,340 - INFO - Successfully optimized DayTrading_01_standard.set -> DayTrading_01_otp.set
2025-04-27 14:51:34,342 - INFO - Successfully optimized Dealers-Trade-v-7.74-MACD_01_standard.set -> Dealers-Trade-v-7.74-MACD_01_otp.set
2025-04-27 14:51:34,345 - INFO - Successfully optimized Deep-Drawdown-MA_01_standard.set -> Deep-Drawdown-MA_01_otp.set
2025-04-27 14:51:34,347 - INFO - Successfully optimized DeMarker-gaining-position-volume-2_01_standard.set -> DeMarker-gaining-position-volume-2_01_otp.set
2025-04-27 14:51:34,351 - INFO - Successfully optimized DeMarker-gaining-position-volume_01_standard.set -> DeMarker-gaining-position-volume_01_otp.set
2025-04-27 14:51:34,353 - INFO - Successfully optimized DeMarker-Pending-2-5_01_standard.set -> DeMarker-Pending-2-5_01_otp.set
2025-04-27 14:51:34,356 - INFO - Successfully optimized DeMarker-Pending-2_01_standard.set -> DeMarker-Pending-2_01_otp.set
2025-04-27 14:51:34,358 - INFO - Successfully optimized DeMarker-Pending_01_standard.set -> DeMarker-Pending_01_otp.set
2025-04-27 14:51:34,360 - INFO - Successfully optimized Dematus_01_standard.set -> Dematus_01_otp.set
2025-04-27 14:51:34,362 - INFO - Successfully optimized Divergence-20for-20many-20indicator_01_standard.set -> Divergence-20for-20many-20indicator_01_otp.set
2025-04-27 14:51:34,366 - INFO - Successfully optimized Divergence-EA_01_standard.set -> Divergence-EA_01_otp.set
2025-04-27 14:51:34,367 - INFO - Successfully optimized Doji-Arrows_01_standard.set -> Doji-Arrows_01_otp.set
2025-04-27 14:51:34,368 - INFO - Successfully optimized DojiTrader_01_standard.set -> DojiTrader_01_otp.set
2025-04-27 14:51:34,371 - INFO - Successfully optimized Donchian-Chanel-EA_01_standard.set -> Donchian-Chanel-EA_01_otp.set
2025-04-27 14:51:34,373 - INFO - Successfully optimized DoubleHullMA-EA_01_standard.set -> DoubleHullMA-EA_01_otp.set
2025-04-27 14:51:34,375 - INFO - Successfully optimized DoubleHullMA_01_standard.set -> DoubleHullMA_01_otp.set
2025-04-27 14:51:34,377 - INFO - Successfully optimized DoubleMA-Crossover-EA_01_standard.set -> DoubleMA-Crossover-EA_01_otp.set
2025-04-27 14:51:34,379 - INFO - Successfully optimized Doubler_01_standard.set -> Doubler_01_otp.set
2025-04-27 14:51:34,381 - INFO - Successfully optimized dummy_01_standard.set -> dummy_01_otp.set
2025-04-27 14:51:34,382 - INFO - Successfully optimized Dynamic-averaging_01_standard.set -> Dynamic-averaging_01_otp.set
2025-04-27 14:51:34,384 - INFO - Successfully optimized e-Breakeven_01_standard.set -> e-Breakeven_01_otp.set
2025-04-27 14:51:34,386 - INFO - Successfully optimized E-Friday_01_standard.set -> E-Friday_01_otp.set
2025-04-27 14:51:34,388 - INFO - Successfully optimized E-Skoch-Open_01_standard.set -> E-Skoch-Open_01_otp.set
2025-04-27 14:51:34,390 - INFO - Successfully optimized e-Skoch-pending-orders_01_standard.set -> e-Skoch-pending-orders_01_otp.set
2025-04-27 14:51:34,392 - INFO - Successfully optimized e-Smart-Trailing_01_standard.set -> e-Smart-Trailing_01_otp.set
2025-04-27 14:51:34,393 - INFO - Successfully optimized e-TurboFx_01_standard.set -> e-TurboFx_01_otp.set
2025-04-27 14:51:34,395 - INFO - Successfully optimized EA-Close_01_standard.set -> EA-Close_01_otp.set
2025-04-27 14:51:34,397 - INFO - Successfully optimized EA-MA-Stoch-RSI_01_standard.set -> EA-MA-Stoch-RSI_01_otp.set
2025-04-27 14:51:34,399 - INFO - Successfully optimized EA-Moving-Average_01_standard.set -> EA-Moving-Average_01_otp.set
2025-04-27 14:51:34,401 - INFO - Successfully optimized Elite-eFibo-Trader_01_standard.set -> Elite-eFibo-Trader_01_otp.set
2025-04-27 14:51:34,403 - INFO - Successfully optimized EMA-6.12_01_standard.set -> EMA-6.12_01_otp.set
2025-04-27 14:51:34,405 - INFO - Successfully optimized EMA-CROSS_01_standard.set -> EMA-CROSS_01_otp.set
2025-04-27 14:51:34,407 - INFO - Successfully optimized EMA-LWMA-RSI_01_standard.set -> EMA-LWMA-RSI_01_otp.set
2025-04-27 14:51:34,410 - INFO - Successfully optimized EMA-RSI-EA_01_standard.set -> EMA-RSI-EA_01_otp.set
2025-04-27 14:51:34,412 - INFO - Successfully optimized EMA-WMA_01_standard.set -> EMA-WMA_01_otp.set
2025-04-27 14:51:34,414 - INFO - Successfully optimized EMA_01_standard.set -> EMA_01_otp.set
2025-04-27 14:51:34,416 - INFO - Successfully optimized Eugene_01_standard.set -> Eugene_01_otp.set
2025-04-27 14:51:34,418 - INFO - Successfully optimized eur-usd-m5_01_standard.set -> eur-usd-m5_01_otp.set
2025-04-27 14:51:34,420 - INFO - Successfully optimized EURUSD-breakout_01_standard.set -> EURUSD-breakout_01_otp.set
2025-04-27 14:51:34,421 - INFO - Successfully optimized Executer-AC_01_standard.set -> Executer-AC_01_otp.set
2025-04-27 14:51:34,422 - INFO - Successfully optimized Executor-AO_01_standard.set -> Executor-AO_01_otp.set
2025-04-27 14:51:34,424 - INFO - Successfully optimized Executor-Candles_01_standard.set -> Executor-Candles_01_otp.set
2025-04-27 14:51:34,425 - INFO - Successfully optimized exp-Amstell_01_standard.set -> exp-Amstell_01_otp.set
2025-04-27 14:51:34,427 - INFO - Successfully optimized Expert-NEWS_01_standard.set -> Expert-NEWS_01_otp.set
2025-04-27 14:51:34,430 - INFO - Successfully optimized Expert-RSI-Stochastic-MA_01_standard.set -> Expert-RSI-Stochastic-MA_01_otp.set
2025-04-27 14:51:34,432 - INFO - Successfully optimized ExtremePrice-EA_01_standard.set -> ExtremePrice-EA_01_otp.set
2025-04-27 14:51:34,435 - INFO - Successfully optimized FiboRetracement-20EA_01_standard.set -> FiboRetracement-20EA_01_otp.set
2025-04-27 14:51:34,436 - INFO - Successfully optimized Firebird_01_standard.set -> Firebird_01_otp.set
2025-04-27 14:51:34,439 - INFO - Successfully optimized Firestorm-EA_01_standard.set -> Firestorm-EA_01_otp.set
2025-04-27 14:51:34,441 - INFO - Successfully optimized Firestorm-indicator_01_standard.set -> Firestorm-indicator_01_otp.set
2025-04-27 14:51:34,443 - INFO - Successfully optimized Fluctuate_01_standard.set -> Fluctuate_01_otp.set
2025-04-27 14:51:34,445 - INFO - Successfully optimized Forex-Fraus-M1_01_standard.set -> Forex-Fraus-M1_01_otp.set
2025-04-27 14:51:34,447 - INFO - Successfully optimized Forex-Profit_01_standard.set -> Forex-Profit_01_otp.set
2025-04-27 14:51:34,450 - INFO - Successfully optimized Fractals-minimum-distance_01_standard.set -> Fractals-minimum-distance_01_otp.set
2025-04-27 14:51:34,451 - INFO - Successfully optimized Fraktrak-xonax_01_standard.set -> Fraktrak-xonax_01_otp.set
2025-04-27 14:51:34,453 - INFO - Successfully optimized Frank-Ud_01_standard.set -> Frank-Ud_01_otp.set
2025-04-27 14:51:34,455 - INFO - Successfully optimized FT-CCI_01_standard.set -> FT-CCI_01_otp.set
2025-04-27 14:51:34,457 - INFO - Successfully optimized Fuzzy-logic_01_standard.set -> Fuzzy-logic_01_otp.set
2025-04-27 14:51:34,460 - INFO - Successfully optimized GalacticExplosion_01_standard.set -> GalacticExplosion_01_otp.set
2025-04-27 14:51:34,462 - INFO - Successfully optimized Gandalf-PRO_01_standard.set -> Gandalf-PRO_01_otp.set
2025-04-27 14:51:34,464 - INFO - Successfully optimized Gap-DM_01_standard.set -> Gap-DM_01_otp.set
2025-04-27 14:51:34,467 - INFO - Successfully optimized GAP-EA_01_standard.set -> GAP-EA_01_otp.set
2025-04-27 14:51:34,469 - INFO - Successfully optimized Gaps_01_standard.set -> Gaps_01_otp.set
2025-04-27 14:51:34,471 - INFO - Successfully optimized GBP9AM_01_standard.set -> GBP9AM_01_otp.set
2025-04-27 14:51:34,472 - INFO - Successfully optimized GbpChf_01_standard.set -> GbpChf_01_otp.set
2025-04-27 14:51:34,474 - INFO - Successfully optimized Gold-Dust_01_standard.set -> Gold-Dust_01_otp.set
2025-04-27 14:51:34,475 - INFO - Successfully optimized GO_01_standard.set -> GO_01_otp.set
2025-04-27 14:51:34,477 - INFO - Successfully optimized GreenTrade_01_standard.set -> GreenTrade_01_otp.set
2025-04-27 14:51:34,480 - INFO - Successfully optimized Grid-Martingale_01_standard.set -> Grid-Martingale_01_otp.set
2025-04-27 14:51:34,482 - INFO - Successfully optimized GridEA_01_standard.set -> GridEA_01_otp.set
2025-04-27 14:51:34,484 - INFO - Successfully optimized Grid_01_standard.set -> Grid_01_otp.set
2025-04-27 14:51:34,486 - INFO - Successfully optimized HarVesteR_01_standard.set -> HarVesteR_01_otp.set
2025-04-27 14:51:34,487 - INFO - Successfully optimized HedgeEA_01_standard.set -> HedgeEA_01_otp.set
2025-04-27 14:51:34,489 - INFO - Successfully optimized hedger_01_standard.set -> hedger_01_otp.set
2025-04-27 14:51:34,492 - INFO - Successfully optimized Hedging-EA_01_standard.set -> Hedging-EA_01_otp.set
2025-04-27 14:51:34,495 - INFO - Successfully optimized Heiken-Ashi-Smoothed-EA-with-MA_01_standard.set -> Heiken-Ashi-Smoothed-EA-with-MA_01_otp.set
2025-04-27 14:51:34,498 - INFO - Successfully optimized Heiken-Ashi-Smoothed-EA_01_standard.set -> Heiken-Ashi-Smoothed-EA_01_otp.set
2025-04-27 14:51:34,499 - INFO - Successfully optimized heiken-ashi-smoothedLine_01_standard.set -> heiken-ashi-smoothedLine_01_otp.set
2025-04-27 14:51:34,500 - INFO - Successfully optimized heiken-ashi-smoothed_01_standard.set -> heiken-ashi-smoothed_01_otp.set
2025-04-27 14:51:34,502 - INFO - Successfully optimized HeikenAshi-Lines-EA_01_standard.set -> HeikenAshi-Lines-EA_01_otp.set
2025-04-27 14:51:34,504 - INFO - Successfully optimized HeikenAshi-Lines_01_standard.set -> HeikenAshi-Lines_01_otp.set
2025-04-27 14:51:34,506 - INFO - Successfully optimized Heinken-Ashi-Color-Candles_01_standard.set -> Heinken-Ashi-Color-Candles_01_otp.set
2025-04-27 14:51:34,507 - INFO - Successfully optimized HelloSmart_01_standard.set -> HelloSmart_01_otp.set
2025-04-27 14:51:34,509 - INFO - Successfully optimized High-Low-EA_01_standard.set -> High-Low-EA_01_otp.set
2025-04-27 14:51:34,511 - INFO - Successfully optimized High-Low-Indicator_01_standard.set -> High-Low-Indicator_01_otp.set
2025-04-27 14:51:34,513 - INFO - Successfully optimized Hoop-master-2_01_standard.set -> Hoop-master-2_01_otp.set
2025-04-27 14:51:34,514 - INFO - Successfully optimized iCCI-iMA_01_standard.set -> iCCI-iMA_01_otp.set
2025-04-27 14:51:34,516 - INFO - Successfully optimized ICH-With-Alert-Derekers-EA_01_standard.set -> ICH-With-Alert-Derekers-EA_01_otp.set
2025-04-27 14:51:34,519 - INFO - Successfully optimized ICH-With-Alert-Derekers_01_standard.set -> ICH-With-Alert-Derekers_01_otp.set
2025-04-27 14:51:34,520 - INFO - Successfully optimized ichimok2005_01_standard.set -> ichimok2005_01_otp.set
2025-04-27 14:51:34,521 - INFO - Successfully optimized Ichimoku-20Kijun-20Alert_01_standard.set -> Ichimoku-20Kijun-20Alert_01_otp.set
2025-04-27 14:51:34,523 - INFO - Successfully optimized Ichimoku-20Tenkan-20Alert_01_standard.set -> Ichimoku-20Tenkan-20Alert_01_otp.set
2025-04-27 14:51:34,525 - INFO - Successfully optimized Ichimoku-Scanner_01_standard.set -> Ichimoku-Scanner_01_otp.set
2025-04-27 14:51:34,527 - INFO - Successfully optimized Ichimoku-Signals-and-Alert_01_standard.set -> Ichimoku-Signals-and-Alert_01_otp.set
2025-04-27 14:51:34,528 - INFO - Successfully optimized IchimokuMTF-EA_01_standard.set -> IchimokuMTF-EA_01_otp.set
2025-04-27 14:51:34,530 - INFO - Successfully optimized Ichimoku_01_standard.set -> Ichimoku_01_otp.set
2025-04-27 14:51:34,533 - INFO - Successfully optimized Ilan-iMA_01_standard.set -> Ilan-iMA_01_otp.set
2025-04-27 14:51:34,534 - INFO - Successfully optimized Ilan1.4_01_standard.set -> Ilan1.4_01_otp.set
2025-04-27 14:51:34,536 - INFO - Successfully optimized iMA-iStdDev_01_standard.set -> iMA-iStdDev_01_otp.set
2025-04-27 14:51:34,538 - INFO - Successfully optimized Indices-Tester_01_standard.set -> Indices-Tester_01_otp.set
2025-04-27 14:51:34,541 - INFO - Successfully optimized Inka-20Edho-20EA_01_standard.set -> Inka-20Edho-20EA_01_otp.set
2025-04-27 14:51:34,543 - INFO - Successfully optimized Intersection-2-iMA_01_standard.set -> Intersection-2-iMA_01_otp.set
2025-04-27 14:51:34,545 - INFO - Successfully optimized IStochastic-Trading_01_standard.set -> IStochastic-Trading_01_otp.set
2025-04-27 14:51:34,547 - INFO - Successfully optimized Ivan_01_standard.set -> Ivan_01_otp.set
2025-04-27 14:51:34,548 - INFO - Successfully optimized iVIDyA-Simple_01_standard.set -> iVIDyA-Simple_01_otp.set
2025-04-27 14:51:34,551 - INFO - Successfully optimized Jackpot-Strategy-EA_01_standard.set -> Jackpot-Strategy-EA_01_otp.set
2025-04-27 14:51:34,552 - INFO - Successfully optimized JackPot-Strategy-Elite_01_standard.set -> JackPot-Strategy-Elite_01_otp.set
2025-04-27 14:51:34,554 - INFO - Successfully optimized JK-BullP-AutoTrader_01_standard.set -> JK-BullP-AutoTrader_01_otp.set
2025-04-27 14:51:34,555 - INFO - Successfully optimized JS-Chaos_01_standard.set -> JS-Chaos_01_otp.set
2025-04-27 14:51:34,557 - INFO - Successfully optimized JS-MA-Day_01_standard.set -> JS-MA-Day_01_otp.set
2025-04-27 14:51:34,559 - INFO - Successfully optimized JS-MA-SAR-Trades_01_standard.set -> JS-MA-SAR-Trades_01_otp.set
2025-04-27 14:51:34,561 - INFO - Successfully optimized KA-Gold-Bot_01_standard.set -> KA-Gold-Bot_01_otp.set
2025-04-27 14:51:34,563 - INFO - Successfully optimized Kue-Electric-EA_01_standard.set -> Kue-Electric-EA_01_otp.set
2025-04-27 14:51:34,565 - INFO - Successfully optimized KueFx-20Arrows_01_standard.set -> KueFx-20Arrows_01_otp.set
2025-04-27 14:51:34,567 - INFO - Successfully optimized KueFx-20Baseline_01_standard.set -> KueFx-20Baseline_01_otp.set
2025-04-27 14:51:34,569 - INFO - Successfully optimized KueFx-Arrows-20EA_01_standard.set -> KueFx-Arrows-20EA_01_otp.set
2025-04-27 14:51:34,572 - INFO - Successfully optimized KueFx-Arrows-EA_01_standard.set -> KueFx-Arrows-EA_01_otp.set
2025-04-27 14:51:34,573 - INFO - Successfully optimized KueFx-Arrows_01_standard.set -> KueFx-Arrows_01_otp.set
2025-04-27 14:51:34,575 - INFO - Successfully optimized KueFx-Baseline-EA_01_standard.set -> KueFx-Baseline-EA_01_otp.set
2025-04-27 14:51:34,577 - INFO - Successfully optimized KueFx-Baseline_01_standard.set -> KueFx-Baseline_01_otp.set
2025-04-27 14:51:34,580 - INFO - Successfully optimized KueFx-Clean-2025-EA_01_standard.set -> KueFx-Clean-2025-EA_01_otp.set
2025-04-27 14:51:34,582 - INFO - Successfully optimized KueFx-Extreme-EA_01_standard.set -> KueFx-Extreme-EA_01_otp.set
2025-04-27 14:51:34,585 - INFO - Successfully optimized KueFx-Harare-EA_01_standard.set -> KueFx-Harare-EA_01_otp.set
2025-04-27 14:51:34,587 - INFO - Successfully optimized KueFX-Money-Management_01_standard.set -> KueFX-Money-Management_01_otp.set
2025-04-27 14:51:34,590 - INFO - Successfully optimized KueFx-Motor-EA_01_standard.set -> KueFx-Motor-EA_01_otp.set
2025-04-27 14:51:34,591 - INFO - Successfully optimized KueFx-Motor_01_standard.set -> KueFx-Motor_01_otp.set
2025-04-27 14:51:34,593 - INFO - Successfully optimized KueFx-Trend_01_standard.set -> KueFx-Trend_01_otp.set
2025-04-27 14:51:34,596 - INFO - Successfully optimized KueFxTrend-20EA_01_standard.set -> KueFxTrend-20EA_01_otp.set
2025-04-27 14:51:34,598 - INFO - Successfully optimized KueFxTrend-EA_01_standard.set -> KueFxTrend-EA_01_otp.set
2025-04-27 14:51:34,600 - INFO - Successfully optimized LarryConnersRSI2_01_standard.set -> LarryConnersRSI2_01_otp.set
2025-04-27 14:51:34,602 - INFO - Successfully optimized Last-ZZ50_01_standard.set -> Last-ZZ50_01_otp.set
2025-04-27 14:51:34,603 - INFO - Successfully optimized Lavika100_01_standard.set -> Lavika100_01_otp.set
2025-04-27 14:51:34,604 - INFO - Successfully optimized LBS_01_standard.set -> LBS_01_otp.set
2025-04-27 14:51:34,606 - INFO - Successfully optimized Lego-EA_01_standard.set -> Lego-EA_01_otp.set
2025-04-27 14:51:34,608 - INFO - Successfully optimized Lesson-3-Price-Action_01_standard.set -> Lesson-3-Price-Action_01_otp.set
2025-04-27 14:51:34,610 - INFO - Successfully optimized Lesson-4-Price-Action-MA-Filter_01_standard.set -> Lesson-4-Price-Action-MA-Filter_01_otp.set
2025-04-27 14:51:34,611 - INFO - Successfully optimized Lesson-6-Trailling-ATR_01_standard.set -> Lesson-6-Trailling-ATR_01_otp.set
2025-04-27 14:51:34,613 - INFO - Successfully optimized Lesson-7-Price-action-Ket-hop-Volume-VSA_01_standard.set -> Lesson-7-Price-action-Ket-hop-Volume-VSA_01_otp.set
2025-04-27 14:51:34,615 - INFO - Successfully optimized Little-EA_01_standard.set -> Little-EA_01_otp.set
2025-04-27 14:51:34,617 - INFO - Successfully optimized Locker_01_standard.set -> Locker_01_otp.set
2025-04-27 14:51:34,619 - INFO - Successfully optimized Lock_01_standard.set -> Lock_01_otp.set
2025-04-27 14:51:34,621 - INFO - Successfully optimized Lucky_01_standard.set -> Lucky_01_otp.set
2025-04-27 14:51:34,623 - INFO - Successfully optimized MA-20Alert_01_standard.set -> MA-20Alert_01_otp.set
2025-04-27 14:51:34,624 - INFO - Successfully optimized MA-20AO-20Arrow_01_standard.set -> MA-20AO-20Arrow_01_otp.set
2025-04-27 14:51:34,627 - INFO - Successfully optimized MA-AO-EA_01_standard.set -> MA-AO-EA_01_otp.set
2025-04-27 14:51:34,628 - INFO - Successfully optimized ma-channels_01_standard.set -> ma-channels_01_otp.set
2025-04-27 14:51:34,630 - INFO - Successfully optimized MA-Cross_01_standard.set -> MA-Cross_01_otp.set
2025-04-27 14:51:34,631 - INFO - Successfully optimized MA-Envelopes_01_standard.set -> MA-Envelopes_01_otp.set
2025-04-27 14:51:34,633 - INFO - Successfully optimized MA-MACD-Position-averaging_01_standard.set -> MA-MACD-Position-averaging_01_otp.set
2025-04-27 14:51:34,636 - INFO - Successfully optimized MA-Trend_01_standard.set -> MA-Trend_01_otp.set
2025-04-27 14:51:34,637 - INFO - Successfully optimized MA2CCI_01_standard.set -> MA2CCI_01_otp.set
2025-04-27 14:51:34,639 - INFO - Successfully optimized MACD-and-SAR_01_standard.set -> MACD-and-SAR_01_otp.set
2025-04-27 14:51:34,641 - INFO - Successfully optimized MACD-Cleaner_01_standard.set -> MACD-Cleaner_01_otp.set
2025-04-27 14:51:34,643 - INFO - Successfully optimized MACD-EA-H4_01_standard.set -> MACD-EA-H4_01_otp.set
2025-04-27 14:51:34,645 - INFO - Successfully optimized MACD-No-Sample_01_standard.set -> MACD-No-Sample_01_otp.set
2025-04-27 14:51:34,646 - INFO - Successfully optimized MACD-signal_01_standard.set -> MACD-signal_01_otp.set
2025-04-27 14:51:34,648 - INFO - Successfully optimized MACD-Stochastic-2_01_standard.set -> MACD-Stochastic-2_01_otp.set
2025-04-27 14:51:34,649 - INFO - Successfully optimized MACD-Stochastic_01_standard.set -> MACD-Stochastic_01_otp.set
2025-04-27 14:51:34,651 - INFO - Successfully optimized MACDCCI_01_standard.set -> MACDCCI_01_otp.set
2025-04-27 14:51:34,653 - INFO - Successfully optimized MacdPatternTraderAll0.01_01_standard.set -> MacdPatternTraderAll0.01_01_otp.set
2025-04-27 14:51:34,656 - INFO - Successfully optimized MacdPatternTraderAll_01_standard.set -> MacdPatternTraderAll_01_otp.set
2025-04-27 14:51:34,658 - INFO - Successfully optimized MACD_01_standard.set -> MACD_01_otp.set
2025-04-27 14:51:34,659 - INFO - Successfully optimized MAGrid_01_standard.set -> MAGrid_01_otp.set
2025-04-27 14:51:34,661 - INFO - Successfully optimized MAMACD_01_standard.set -> MAMACD_01_otp.set
2025-04-27 14:51:34,663 - INFO - Successfully optimized Market-Capture_01_standard.set -> Market-Capture_01_otp.set
2025-04-27 14:51:34,665 - INFO - Successfully optimized Martin-1_01_standard.set -> Martin-1_01_otp.set
2025-04-27 14:51:34,667 - INFO - Successfully optimized Martin-for-small-deposits_01_standard.set -> Martin-for-small-deposits_01_otp.set
2025-04-27 14:51:34,668 - INFO - Successfully optimized MartingailExpert_01_standard.set -> MartingailExpert_01_otp.set
2025-04-27 14:51:34,670 - INFO - Successfully optimized MartinGaleBreakout_01_standard.set -> MartinGaleBreakout_01_otp.set
2025-04-27 14:51:34,672 - INFO - Successfully optimized Martin_01_standard.set -> Martin_01_otp.set
2025-04-27 14:51:34,673 - INFO - Successfully optimized Marubozu-EA_01_standard.set -> Marubozu-EA_01_otp.set
2025-04-27 14:51:34,675 - INFO - Successfully optimized Marubozu_01_standard.set -> Marubozu_01_otp.set
2025-04-27 14:51:34,677 - INFO - Successfully optimized MelBar-EuSwiss-1.85_01_standard.set -> MelBar-EuSwiss-1.85_01_otp.set
2025-04-27 14:51:34,678 - INFO - Successfully optimized MelBar™Take325-™-5.5Y-NZD-USD_01_standard.set -> MelBar™Take325-™-5.5Y-NZD-USD_01_otp.set
2025-04-27 14:51:34,680 - INFO - Successfully optimized Mobo-Bands-EA_01_standard.set -> Mobo-Bands-EA_01_otp.set
2025-04-27 14:51:34,682 - INFO - Successfully optimized Mobo-Bands_01_standard.set -> Mobo-Bands_01_otp.set
2025-04-27 14:51:34,683 - INFO - Successfully optimized Modified-Moving-Averages_01_standard.set -> Modified-Moving-Averages_01_otp.set
2025-04-27 14:51:34,685 - INFO - Successfully optimized Momentum-M15_01_standard.set -> Momentum-M15_01_otp.set
2025-04-27 14:51:34,686 - INFO - Successfully optimized Momo-trades_01_standard.set -> Momo-trades_01_otp.set
2025-04-27 14:51:34,688 - INFO - Successfully optimized Money-Fixed-Margin_01_standard.set -> Money-Fixed-Margin_01_otp.set
2025-04-27 14:51:34,689 - INFO - Successfully optimized Money-Fixed-Risk_01_standard.set -> Money-Fixed-Risk_01_otp.set
2025-04-27 14:51:34,691 - INFO - Successfully optimized MoneyRain_01_standard.set -> MoneyRain_01_otp.set
2025-04-27 14:51:34,693 - INFO - Successfully optimized Morning-evening-star-EA_01_standard.set -> Morning-evening-star-EA_01_otp.set
2025-04-27 14:51:34,694 - INFO - Successfully optimized MostasHaR15-Pivot_01_standard.set -> MostasHaR15-Pivot_01_otp.set
2025-04-27 14:51:34,696 - INFO - Successfully optimized Moving-20average-20and-20ichimoku-20EA_01_standard.set -> Moving-20average-20and-20ichimoku-20EA_01_otp.set
2025-04-27 14:51:34,699 - INFO - Successfully optimized Moving-Average-Trade-System_01_standard.set -> Moving-Average-Trade-System_01_otp.set
2025-04-27 14:51:34,700 - INFO - Successfully optimized Moving-Averages_01_standard.set -> Moving-Averages_01_otp.set
2025-04-27 14:51:34,702 - INFO - Successfully optimized MovingAverageMartinGale_01_standard.set -> MovingAverageMartinGale_01_otp.set
2025-04-27 14:51:34,704 - INFO - Successfully optimized MovingAverage_01_standard.set -> MovingAverage_01_otp.set
2025-04-27 14:51:34,706 - INFO - Successfully optimized MQL5-Wizard-MA-RSI_01_standard.set -> MQL5-Wizard-MA-RSI_01_otp.set
2025-04-27 14:51:34,708 - INFO - Successfully optimized MQL5-Wizard-MACD-Parabolic-SAR_01_standard.set -> MQL5-Wizard-MACD-Parabolic-SAR_01_otp.set
2025-04-27 14:51:34,709 - INFO - Successfully optimized MTC-Сombo_01_standard.set -> MTC-Сombo_01_otp.set
2025-04-27 14:51:34,711 - INFO - Successfully optimized Multi-Stochastic_01_standard.set -> Multi-Stochastic_01_otp.set
2025-04-27 14:51:34,713 - INFO - Successfully optimized MultiMartin_01_standard.set -> MultiMartin_01_otp.set
2025-04-27 14:51:34,714 - INFO - Successfully optimized MySystem_01_standard.set -> MySystem_01_otp.set
2025-04-27 14:51:34,715 - INFO - Successfully optimized N-Candles_01_standard.set -> N-Candles_01_otp.set
2025-04-27 14:51:34,717 - INFO - Successfully optimized Nevalyashka-BreakdownLevel_01_standard.set -> Nevalyashka-BreakdownLevel_01_otp.set
2025-04-27 14:51:34,719 - INFO - Successfully optimized Nevalyashka3-1_01_standard.set -> Nevalyashka3-1_01_otp.set
2025-04-27 14:51:34,720 - INFO - Successfully optimized Nevalyashka_01_standard.set -> Nevalyashka_01_otp.set
2025-04-27 14:51:34,721 - INFO - Successfully optimized New-Martin_01_standard.set -> New-Martin_01_otp.set
2025-04-27 14:51:34,722 - INFO - Successfully optimized New-Random_01_standard.set -> New-Random_01_otp.set
2025-04-27 14:51:34,724 - INFO - Successfully optimized Nextbar_01_standard.set -> Nextbar_01_otp.set
2025-04-27 14:51:34,726 - INFO - Successfully optimized Night-Flat-Trade_01_standard.set -> Night-Flat-Trade_01_otp.set
2025-04-27 14:51:34,728 - INFO - Successfully optimized NightScalper_01_standard.set -> NightScalper_01_otp.set
2025-04-27 14:51:34,729 - INFO - Successfully optimized NRTR-Revers_01_standard.set -> NRTR-Revers_01_otp.set
2025-04-27 14:51:34,730 - INFO - Successfully optimized NUp1Down_01_standard.set -> NUp1Down_01_otp.set
2025-04-27 14:51:34,733 - INFO - Successfully optimized Open-Candle-EA_01_standard.set -> Open-Candle-EA_01_otp.set
2025-04-27 14:51:34,734 - INFO - Successfully optimized Open-Close_01_standard.set -> Open-Close_01_otp.set
2025-04-27 14:51:34,735 - INFO - Successfully optimized Opening-and-ilosing-on-time_01_standard.set -> Opening-and-ilosing-on-time_01_otp.set
2025-04-27 14:51:34,736 - INFO - Successfully optimized Opening-and-Сlosing-on-time_01_standard.set -> Opening-and-Сlosing-on-time_01_otp.set
2025-04-27 14:51:34,738 - INFO - Successfully optimized OpenPendingorderAfterPositionGetStopLoss_01_standard.set -> OpenPendingorderAfterPositionGetStopLoss_01_otp.set
2025-04-27 14:51:34,739 - INFO - Successfully optimized OpenTicks_01_standard.set -> OpenTicks_01_otp.set
2025-04-27 14:51:34,741 - INFO - Successfully optimized ORB-EA-BOX_01_standard.set -> ORB-EA-BOX_01_otp.set
2025-04-27 14:51:34,742 - INFO - Successfully optimized OsMaSter_01_standard.set -> OsMaSter_01_otp.set
2025-04-27 14:51:34,744 - INFO - Successfully optimized OTT-20AND-20PRICE-20CROSS-20EA_01_standard.set -> OTT-20AND-20PRICE-20CROSS-20EA_01_otp.set
2025-04-27 14:51:34,746 - INFO - Successfully optimized OverHedge_01_standard.set -> OverHedge_01_otp.set
2025-04-27 14:51:34,747 - INFO - Successfully optimized OzFx_01_standard.set -> OzFx_01_otp.set
2025-04-27 14:51:34,748 - INFO - Successfully optimized Parabolic-SAR_01_standard.set -> Parabolic-SAR_01_otp.set
2025-04-27 14:51:34,750 - INFO - Successfully optimized PARSI-EA_01_standard.set -> PARSI-EA_01_otp.set
2025-04-27 14:51:34,751 - INFO - Successfully optimized Peceptron-Mult_01_standard.set -> Peceptron-Mult_01_otp.set
2025-04-27 14:51:34,753 - INFO - Successfully optimized Pending-orders-by-time-2_01_standard.set -> Pending-orders-by-time-2_01_otp.set
2025-04-27 14:51:34,754 - INFO - Successfully optimized Pending-orders-by-time_01_standard.set -> Pending-orders-by-time_01_otp.set
2025-04-27 14:51:34,756 - INFO - Successfully optimized Pendulum_01_standard.set -> Pendulum_01_otp.set
2025-04-27 14:51:34,757 - INFO - Successfully optimized Pinball-machine_01_standard.set -> Pinball-machine_01_otp.set
2025-04-27 14:51:34,759 - INFO - Successfully optimized Pinbar-Magic-EA_01_standard.set -> Pinbar-Magic-EA_01_otp.set
2025-04-27 14:51:34,760 - INFO - Successfully optimized PinBar-Magic-Indicator_01_standard.set -> PinBar-Magic-Indicator_01_otp.set
2025-04-27 14:51:34,761 - INFO - Successfully optimized Pipsover_01_standard.set -> Pipsover_01_otp.set
2025-04-27 14:51:34,763 - INFO - Successfully optimized Plan-X_01_standard.set -> Plan-X_01_otp.set
2025-04-27 14:51:34,764 - INFO - Successfully optimized Plateau_01_standard.set -> Plateau_01_otp.set
2025-04-27 14:51:34,766 - INFO - Successfully optimized Poker-SHOW_01_standard.set -> Poker-SHOW_01_otp.set
2025-04-27 14:51:34,767 - INFO - Successfully optimized Precipice-MartIn_01_standard.set -> Precipice-MartIn_01_otp.set
2025-04-27 14:51:34,768 - INFO - Successfully optimized Precipice_01_standard.set -> Precipice_01_otp.set
2025-04-27 14:51:34,770 - INFO - Successfully optimized Probe_01_standard.set -> Probe_01_otp.set
2025-04-27 14:51:34,771 - INFO - Successfully optimized Proffessor_01_standard.set -> Proffessor_01_otp.set
2025-04-27 14:51:34,772 - INFO - Successfully optimized PropFirmHelper_01_standard.set -> PropFirmHelper_01_otp.set
2025-04-27 14:51:34,774 - INFO - Successfully optimized PROphet_01_standard.set -> PROphet_01_otp.set
2025-04-27 14:51:34,775 - INFO - Successfully optimized Puria-method_01_standard.set -> Puria-method_01_otp.set
2025-04-27 14:51:34,777 - INFO - Successfully optimized Rabbit3_01_standard.set -> Rabbit3_01_otp.set
2025-04-27 14:51:34,778 - INFO - Successfully optimized Range-Breakout_01_standard.set -> Range-Breakout_01_otp.set
2025-04-27 14:51:34,781 - INFO - Successfully optimized Rapid-Doji-EA_01_standard.set -> Rapid-Doji-EA_01_otp.set
2025-04-27 14:51:34,783 - INFO - Successfully optimized Raymond-Cloudy-Day-for-EA_01_standard.set -> Raymond-Cloudy-Day-for-EA_01_otp.set
2025-04-27 14:51:34,785 - INFO - Successfully optimized Reflex-EA_01_standard.set -> Reflex-EA_01_otp.set
2025-04-27 14:51:34,788 - INFO - Successfully optimized REFLEX-INDICATOR_01_standard.set -> REFLEX-INDICATOR_01_otp.set
2025-04-27 14:51:34,790 - INFO - Successfully optimized Reflex_01_standard.set -> Reflex_01_otp.set
2025-04-27 14:51:34,792 - INFO - Successfully optimized Reversing-Martingale_01_standard.set -> Reversing-Martingale_01_otp.set
2025-04-27 14:51:34,794 - INFO - Successfully optimized RideAlligator_01_standard.set -> RideAlligator_01_otp.set
2025-04-27 14:51:34,796 - INFO - Successfully optimized RNN_01_standard.set -> RNN_01_otp.set
2025-04-27 14:51:34,797 - INFO - Successfully optimized Robot-MACD_01_standard.set -> Robot-MACD_01_otp.set
2025-04-27 14:51:34,799 - INFO - Successfully optimized RobotPowerM5-meta4_01_standard.set -> RobotPowerM5-meta4_01_otp.set
2025-04-27 14:51:34,801 - INFO - Successfully optimized Rollback-system_01_standard.set -> Rollback-system_01_otp.set
2025-04-27 14:51:34,803 - INFO - Successfully optimized RSI-and-Bollinger-Bands_01_standard.set -> RSI-and-Bollinger-Bands_01_otp.set
2025-04-27 14:51:34,805 - INFO - Successfully optimized RSI-Arrow-EA_01_standard.set -> RSI-Arrow-EA_01_otp.set
2025-04-27 14:51:34,807 - INFO - Successfully optimized RSI-Arrow_01_standard.set -> RSI-Arrow_01_otp.set
2025-04-27 14:51:34,809 - INFO - Successfully optimized RSI-EA_01_standard.set -> RSI-EA_01_otp.set
2025-04-27 14:51:34,810 - INFO - Successfully optimized RSI-Eraser_01_standard.set -> RSI-Eraser_01_otp.set
2025-04-27 14:51:34,812 - INFO - Successfully optimized RSI-Expert_01_standard.set -> RSI-Expert_01_otp.set
2025-04-27 14:51:34,814 - INFO - Successfully optimized RSI-Levels_01_standard.set -> RSI-Levels_01_otp.set
2025-04-27 14:51:34,816 - INFO - Successfully optimized RSI-trader_01_standard.set -> RSI-trader_01_otp.set
2025-04-27 14:51:34,818 - INFO - Successfully optimized RSI-Trend-EA_01_standard.set -> RSI-Trend-EA_01_otp.set
2025-04-27 14:51:34,820 - INFO - Successfully optimized RSI-Trend_01_standard.set -> RSI-Trend_01_otp.set
2025-04-27 14:51:34,823 - INFO - Successfully optimized RSI-with-channels-EA_01_standard.set -> RSI-with-channels-EA_01_otp.set
2025-04-27 14:51:34,824 - INFO - Successfully optimized RSI-with-channels_01_standard.set -> RSI-with-channels_01_otp.set
2025-04-27 14:51:34,826 - INFO - Successfully optimized Russian20-hp1_01_standard.set -> Russian20-hp1_01_otp.set
2025-04-27 14:51:34,828 - INFO - Successfully optimized SampleCheckPendingOrder_01_standard.set -> SampleCheckPendingOrder_01_otp.set
2025-04-27 14:51:34,830 - INFO - Successfully optimized SAR-trading_01_standard.set -> SAR-trading_01_otp.set
2025-04-27 14:51:34,832 - INFO - Successfully optimized Secwenta_01_standard.set -> Secwenta_01_otp.set
2025-04-27 14:51:34,833 - INFO - Successfully optimized Sell-Stop_01_standard.set -> Sell-Stop_01_otp.set
2025-04-27 14:51:34,835 - INFO - Successfully optimized Sensitive_01_standard.set -> Sensitive_01_otp.set
2025-04-27 14:51:34,838 - INFO - Successfully optimized Separate-trade_01_standard.set -> Separate-trade_01_otp.set
2025-04-27 14:51:34,839 - INFO - Successfully optimized SilverTrend_01_standard.set -> SilverTrend_01_otp.set
2025-04-27 14:51:34,841 - INFO - Successfully optimized Simple-20Price-20Alert-20-20EA_01_standard.set -> Simple-20Price-20Alert-20-20EA_01_otp.set
2025-04-27 14:51:34,844 - INFO - Successfully optimized Simple-20Volume-20EA_01_standard.set -> Simple-20Volume-20EA_01_otp.set
2025-04-27 14:51:34,845 - INFO - Successfully optimized Simple-EA-MA-plus-MACD_01_standard.set -> Simple-EA-MA-plus-MACD_01_otp.set
2025-04-27 14:51:34,847 - INFO - Successfully optimized Simple-FX_01_standard.set -> Simple-FX_01_otp.set
2025-04-27 14:51:34,849 - INFO - Successfully optimized Simple-MACD_01_standard.set -> Simple-MACD_01_otp.set
2025-04-27 14:51:34,852 - INFO - Successfully optimized Simple-Volume-EA_01_standard.set -> Simple-Volume-EA_01_otp.set
2025-04-27 14:51:34,854 - INFO - Successfully optimized SimplePivot_01_standard.set -> SimplePivot_01_otp.set
2025-04-27 14:51:34,857 - INFO - Successfully optimized Simplest-Hedging-EA-ever_01_standard.set -> Simplest-Hedging-EA-ever_01_otp.set
2025-04-27 14:51:34,859 - INFO - Successfully optimized SimpleTrade _01_standard.set -> SimpleTrade _01_otp.set
2025-04-27 14:51:34,862 - INFO - Successfully optimized Six-Soldiers-EA-Grid_01_standard.set -> Six-Soldiers-EA-Grid_01_otp.set
2025-04-27 14:51:34,865 - INFO - Successfully optimized Six-Soldiers-EA_01_standard.set -> Six-Soldiers-EA_01_otp.set
2025-04-27 14:51:34,867 - INFO - Successfully optimized Six-Soldiers_01_standard.set -> Six-Soldiers_01_otp.set
2025-04-27 14:51:34,871 - INFO - Successfully optimized Small-Inside-Bar-Strategy_01_standard.set -> Small-Inside-Bar-Strategy_01_otp.set
2025-04-27 14:51:34,873 - INFO - Successfully optimized Smart-Machine-20EA_01_standard.set -> Smart-Machine-20EA_01_otp.set
2025-04-27 14:51:34,875 - INFO - Successfully optimized Smoothing-Average_01_standard.set -> Smoothing-Average_01_otp.set
2025-04-27 14:51:34,878 - INFO - Successfully optimized Spasm_01_standard.set -> Spasm_01_otp.set
2025-04-27 14:51:34,881 - INFO - Successfully optimized ssb5-123_01_standard.set -> ssb5-123_01_otp.set
2025-04-27 14:51:34,884 - INFO - Successfully optimized Starter_01_standard.set -> Starter_01_otp.set
2025-04-27 14:51:34,886 - INFO - Successfully optimized Steve-Cartwright-Trader-Camel-CCI-MACD_01_standard.set -> Steve-Cartwright-Trader-Camel-CCI-MACD_01_otp.set
2025-04-27 14:51:34,889 - INFO - Successfully optimized Stoch-EA-1192_01_standard.set -> Stoch-EA-1192_01_otp.set
2025-04-27 14:51:34,893 - INFO - Successfully optimized Stochastic-20Alert_01_standard.set -> Stochastic-20Alert_01_otp.set
2025-04-27 14:51:34,895 - INFO - Successfully optimized Stochastic-K-Divergence.lua_01_standard.set -> Stochastic-K-Divergence.lua_01_otp.set
2025-04-27 14:51:34,898 - INFO - Successfully optimized stochastic-three-periods_01_standard.set -> stochastic-three-periods_01_otp.set
2025-04-27 14:51:34,902 - INFO - Successfully optimized StochasticDiffSign-EA_01_standard.set -> StochasticDiffSign-EA_01_otp.set
2025-04-27 14:51:34,905 - INFO - Successfully optimized stochasticdiffsign_01_standard.set -> stochasticdiffsign_01_otp.set
2025-04-27 14:51:34,907 - INFO - Successfully optimized StochMA-EA_01_standard.set -> StochMA-EA_01_otp.set
2025-04-27 14:51:34,909 - INFO - Successfully optimized StochMA_01_standard.set -> StochMA_01_otp.set
2025-04-27 14:51:34,911 - INFO - Successfully optimized Stoch_01_standard.set -> Stoch_01_otp.set
2025-04-27 14:51:34,913 - INFO - Successfully optimized Stop-Loss-Take-Profit_01_standard.set -> Stop-Loss-Take-Profit_01_otp.set
2025-04-27 14:51:34,915 - INFO - Successfully optimized StraddleqTrail_01_standard.set -> StraddleqTrail_01_otp.set
2025-04-27 14:51:34,917 - INFO - Successfully optimized Surefirething_01_standard.set -> Surefirething_01_otp.set
2025-04-27 14:51:34,919 - INFO - Successfully optimized TDSGlobal_01_standard.set -> TDSGlobal_01_otp.set
2025-04-27 14:51:34,921 - INFO - Successfully optimized The-MasterMind-2_01_standard.set -> The-MasterMind-2_01_otp.set
2025-04-27 14:51:34,923 - INFO - Successfully optimized The-MasterMind-3_01_standard.set -> The-MasterMind-3_01_otp.set
2025-04-27 14:51:34,924 - INFO - Successfully optimized The-MasterMind_01_standard.set -> The-MasterMind_01_otp.set
2025-04-27 14:51:34,926 - INFO - Successfully optimized The-Puncher_01_standard.set -> The-Puncher_01_otp.set
2025-04-27 14:51:34,929 - INFO - Successfully optimized TheClassicTurtleTrader-no-dots-EA_01_standard.set -> TheClassicTurtleTrader-no-dots-EA_01_otp.set
2025-04-27 14:51:34,930 - INFO - Successfully optimized TheClassicTurtleTrader-no-dots_01_standard.set -> TheClassicTurtleTrader-no-dots_01_otp.set
2025-04-27 14:51:34,932 - INFO - Successfully optimized Three-indicators_01_standard.set -> Three-indicators_01_otp.set
2025-04-27 14:51:34,934 - INFO - Successfully optimized Three-neural-networks_01_standard.set -> Three-neural-networks_01_otp.set
2025-04-27 14:51:34,936 - INFO - Successfully optimized Three-timeframes_01_standard.set -> Three-timeframes_01_otp.set
2025-04-27 14:51:34,937 - INFO - Successfully optimized Three-Typical-Candles_01_standard.set -> Three-Typical-Candles_01_otp.set
2025-04-27 14:51:34,938 - INFO - Successfully optimized Time-sync-forts_01_standard.set -> Time-sync-forts_01_otp.set
2025-04-27 14:51:34,940 - INFO - Successfully optimized timer-trade_01_standard.set -> timer-trade_01_otp.set
2025-04-27 14:51:34,941 - INFO - Successfully optimized TMA-ATR-Channel_01_standard.set -> TMA-ATR-Channel_01_otp.set
2025-04-27 14:51:34,943 - INFO - Successfully optimized TMA-ATR-EA_01_standard.set -> TMA-ATR-EA_01_otp.set
2025-04-27 14:51:34,945 - INFO - Successfully optimized TMA-CG-EA_01_standard.set -> TMA-CG-EA_01_otp.set
2025-04-27 14:51:34,947 - INFO - Successfully optimized TMA-CG-Martingale-20EA_01_standard.set -> TMA-CG-Martingale-20EA_01_otp.set
2025-04-27 14:51:34,948 - INFO - Successfully optimized TMA-CG-mladen_01_standard.set -> TMA-CG-mladen_01_otp.set
2025-04-27 14:51:34,949 - INFO - Successfully optimized TMA-CG-special_01_standard.set -> TMA-CG-special_01_otp.set
2025-04-27 14:51:34,950 - INFO - Successfully optimized TMA-slope-bands_01_standard.set -> TMA-slope-bands_01_otp.set
2025-04-27 14:51:34,952 - INFO - Successfully optimized TmaTrue-2.0-with-Distances-6xx_01_standard.set -> TmaTrue-2.0-with-Distances-6xx_01_otp.set
2025-04-27 14:51:34,953 - INFO - Successfully optimized TmaTrue-3.0-with-Distances-6xx_01_standard.set -> TmaTrue-3.0-with-Distances-6xx_01_otp.set
2025-04-27 14:51:34,955 - INFO - Successfully optimized TP-with-money_01_standard.set -> TP-with-money_01_otp.set
2025-04-27 14:51:34,956 - INFO - Successfully optimized Trade-in-Channel_01_standard.set -> Trade-in-Channel_01_otp.set
2025-04-27 14:51:34,957 - INFO - Successfully optimized Trade-on-qualified-RSI_01_standard.set -> Trade-on-qualified-RSI_01_otp.set
2025-04-27 14:51:34,958 - INFO - Successfully optimized Trading-Breakout-MrThanhTan_01_standard.set -> Trading-Breakout-MrThanhTan_01_otp.set
2025-04-27 14:51:34,960 - INFO - Successfully optimized Trend-Trader-Strategy-EA_01_standard.set -> Trend-Trader-Strategy-EA_01_otp.set
2025-04-27 14:51:34,961 - INFO - Successfully optimized Trend-Trader-Strategy_01_standard.set -> Trend-Trader-Strategy_01_otp.set
2025-04-27 14:51:34,963 - INFO - Successfully optimized Tru-EA_01_standard.set -> Tru-EA_01_otp.set
2025-04-27 14:51:34,964 - INFO - Successfully optimized True-Scalper-Profit-Lock_01_standard.set -> True-Scalper-Profit-Lock_01_otp.set
2025-04-27 14:51:34,966 - INFO - Successfully optimized TrueSort-1100_01_standard.set -> TrueSort-1100_01_otp.set
2025-04-27 14:51:34,967 - INFO - Successfully optimized Tunnel-gen4_01_standard.set -> Tunnel-gen4_01_otp.set
2025-04-27 14:51:34,969 - INFO - Successfully optimized Tunnel-Method_01_standard.set -> Tunnel-Method_01_otp.set
2025-04-27 14:51:34,970 - INFO - Successfully optimized TurnGrid_01_standard.set -> TurnGrid_01_otp.set
2025-04-27 14:51:34,972 - INFO - Successfully optimized Two PerBar _01_standard.set -> Two PerBar _01_otp.set
2025-04-27 14:51:34,974 - INFO - Successfully optimized Two-20MA-20RSI-20ADX-20EA_01_standard.set -> Two-20MA-20RSI-20ADX-20EA_01_otp.set
2025-04-27 14:51:34,975 - INFO - Successfully optimized Two-20Orders-20Panel_01_standard.set -> Two-20Orders-20Panel_01_otp.set
2025-04-27 14:51:34,977 - INFO - Successfully optimized Two-pending-orders-2_01_standard.set -> Two-pending-orders-2_01_otp.set
2025-04-27 14:51:34,978 - INFO - Successfully optimized UnityPro_01_standard.set -> UnityPro_01_otp.set
2025-04-27 14:51:34,980 - INFO - Successfully optimized UniversalMACrossEA_01_standard.set -> UniversalMACrossEA_01_otp.set
2025-04-27 14:51:34,981 - INFO - Successfully optimized UniversalSignalDemo_01_standard.set -> UniversalSignalDemo_01_otp.set
2025-04-27 14:51:34,983 - INFO - Successfully optimized Universum-3.0_01_standard.set -> Universum-3.0_01_otp.set
2025-04-27 14:51:34,984 - INFO - Successfully optimized UnNomGuai-20EA_01_standard.set -> UnNomGuai-20EA_01_otp.set
2025-04-27 14:51:34,986 - INFO - Successfully optimized up3x1-Investor_01_standard.set -> up3x1-Investor_01_otp.set
2025-04-27 14:51:34,988 - INFO - Successfully optimized up3x1-premium-M_01_standard.set -> up3x1-premium-M_01_otp.set
2025-04-27 14:51:34,989 - INFO - Successfully optimized up3x1_01_standard.set -> up3x1_01_otp.set
2025-04-27 14:51:34,990 - INFO - Successfully optimized Urdala-Trol_01_standard.set -> Urdala-Trol_01_otp.set
2025-04-27 14:51:34,992 - INFO - Successfully optimized Very-Blonde-System_01_standard.set -> Very-Blonde-System_01_otp.set
2025-04-27 14:51:34,993 - INFO - Successfully optimized Virtual-Trailing-Stop_01_standard.set -> Virtual-Trailing-Stop_01_otp.set
2025-04-27 14:51:34,995 - INFO - Successfully optimized VLT-TRADER_01_standard.set -> VLT-TRADER_01_otp.set
2025-04-27 14:51:34,996 - INFO - Successfully optimized Volume-trader_01_standard.set -> Volume-trader_01_otp.set
2025-04-27 14:51:34,997 - INFO - Successfully optimized Vortex-Indicator-System_01_standard.set -> Vortex-Indicator-System_01_otp.set
2025-04-27 14:51:34,999 - INFO - Successfully optimized VR-Overturn_01_standard.set -> VR-Overturn_01_otp.set
2025-04-27 14:51:35,000 - INFO - Successfully optimized VR-ZVER-v.2_01_standard.set -> VR-ZVER-v.2_01_otp.set
2025-04-27 14:51:35,002 - INFO - Successfully optimized VR-ZVER_01_standard.set -> VR-ZVER_01_otp.set
2025-04-27 14:51:35,003 - INFO - Successfully optimized VZO_01_standard.set -> VZO_01_otp.set
2025-04-27 14:51:35,004 - INFO - Successfully optimized Waddah-Attar-Win_01_standard.set -> Waddah-Attar-Win_01_otp.set
2025-04-27 14:51:35,006 - INFO - Successfully optimized WE-TRUST_01_standard.set -> WE-TRUST_01_otp.set
2025-04-27 14:51:35,007 - INFO - Successfully optimized X-RSIOMA_01_standard.set -> X-RSIOMA_01_otp.set
2025-04-27 14:51:35,008 - INFO - Successfully optimized Yesterday-Today_01_standard.set -> Yesterday-Today_01_otp.set
2025-04-27 14:51:35,010 - INFO - Successfully optimized 10-pips-EURUSD_01_standard.set -> 10-pips-EURUSD_01_otp.set
2025-04-27 14:51:35,011 - INFO - Successfully optimized 10-pips_01_standard.set -> 10-pips_01_otp.set
2025-04-27 14:51:35,012 - INFO - Successfully optimized 1H-EUR-USD_01_standard.set -> 1H-EUR-USD_01_otp.set
2025-04-27 14:51:35,013 - INFO - Successfully optimized 20011201-GBPUSD-M1_01_standard.set -> 20011201-GBPUSD-M1_01_otp.set
2025-04-27 14:51:35,015 - INFO - Successfully optimized 21hour_01_standard.set -> 21hour_01_otp.set
2025-04-27 14:51:35,016 - INFO - Successfully optimized 2HR-HL_01_standard.set -> 2HR-HL_01_otp.set
2025-04-27 14:51:35,018 - INFO - Successfully optimized 2MA-4Level_01_standard.set -> 2MA-4Level_01_otp.set
2025-04-27 14:51:35,019 - INFO - Successfully optimized 2MA-Bunny-Cross_01_standard.set -> 2MA-Bunny-Cross_01_otp.set
2025-04-27 14:51:35,020 - INFO - Successfully optimized 3-bars-high-low-indicator_01_standard.set -> 3-bars-high-low-indicator_01_otp.set
2025-04-27 14:51:35,021 - INFO - Successfully optimized 35-Pip-Scalper_01_standard.set -> 35-Pip-Scalper_01_otp.set
2025-04-27 14:51:35,023 - INFO - Successfully optimized 3BarsHighLowEA_01_standard.set -> 3BarsHighLowEA_01_otp.set
2025-04-27 14:51:35,024 - INFO - Successfully optimized 3sma_01_standard.set -> 3sma_01_otp.set
2025-04-27 14:51:35,026 - INFO - Successfully optimized 500_01_standard.set -> 500_01_otp.set
2025-04-27 14:51:35,027 - INFO - Successfully optimized 55-MA_01_standard.set -> 55-MA_01_otp.set
2025-04-27 14:51:35,028 - INFO - Successfully optimized Above-Below-MA_01_standard.set -> Above-Below-MA_01_otp.set
2025-04-27 14:51:35,029 - INFO - Successfully optimized Absorption_01_standard.set -> Absorption_01_otp.set
2025-04-27 14:51:35,031 - INFO - Successfully optimized ADX-MACD-Deev_01_standard.set -> ADX-MACD-Deev_01_otp.set
2025-04-27 14:51:35,032 - INFO - Successfully optimized ADX-MA_01_standard.set -> ADX-MA_01_otp.set
2025-04-27 14:51:35,033 - INFO - Successfully optimized ADX-System_01_standard.set -> ADX-System_01_otp.set
2025-04-27 14:51:35,034 - INFO - Successfully optimized AIS1_01_standard.set -> AIS1_01_otp.set
2025-04-27 14:51:35,036 - INFO - Successfully optimized Alexav-D1-Profit-GBPUSD_01_standard.set -> Alexav-D1-Profit-GBPUSD_01_otp.set
2025-04-27 14:51:35,038 - INFO - Successfully optimized All-Average-Ea_01_standard.set -> All-Average-Ea_01_otp.set
2025-04-27 14:51:35,039 - INFO - Successfully optimized Alligator-Simple_01_standard.set -> Alligator-Simple_01_otp.set
2025-04-27 14:51:35,040 - INFO - Successfully optimized Alligator_01_standard.set -> Alligator_01_otp.set
2025-04-27 14:51:35,041 - INFO - Successfully optimized Altarius-RSI-Stohastic_01_standard.set -> Altarius-RSI-Stohastic_01_otp.set
2025-04-27 14:51:35,043 - INFO - Successfully optimized AMA-Trader-2_01_standard.set -> AMA-Trader-2_01_otp.set
2025-04-27 14:51:35,044 - INFO - Successfully optimized AMA-Trader_01_standard.set -> AMA-Trader_01_otp.set
2025-04-27 14:51:35,045 - INFO - Successfully optimized AO-Lightning_01_standard.set -> AO-Lightning_01_otp.set
2025-04-27 14:51:35,047 - INFO - Successfully optimized AOCCI_01_standard.set -> AOCCI_01_otp.set
2025-04-27 14:51:35,048 - INFO - Successfully optimized Arbitrage_01_standard.set -> Arbitrage_01_otp.set
2025-04-27 14:51:35,049 - INFO - Successfully optimized ArbSint_01_standard.set -> ArbSint_01_otp.set
2025-04-27 14:51:35,051 - INFO - Successfully optimized Area-MACD_01_standard.set -> Area-MACD_01_otp.set
2025-04-27 14:51:35,052 - INFO - Successfully optimized Artificial-Intelligence_01_standard.set -> Artificial-Intelligence_01_otp.set
2025-04-27 14:51:35,054 - INFO - Successfully optimized At-random-Full_01_standard.set -> At-random-Full_01_otp.set
2025-04-27 14:51:35,055 - INFO - Successfully optimized At-random_01_standard.set -> At-random_01_otp.set
2025-04-27 14:51:35,056 - INFO - Successfully optimized Auto-ADX_01_standard.set -> Auto-ADX_01_otp.set
2025-04-27 14:51:35,057 - INFO - Successfully optimized Auto-Pivot-Plotter-28Mid-Levels-29-41_01_standard.set -> Auto-Pivot-Plotter-28Mid-Levels-29-41_01_otp.set
2025-04-27 14:51:35,059 - INFO - Successfully optimized AutoLock-EA_01_standard.set -> AutoLock-EA_01_otp.set
2025-04-27 14:51:35,061 - INFO - Successfully optimized Autotrader-Momentum_01_standard.set -> Autotrader-Momentum_01_otp.set
2025-04-27 14:51:35,062 - INFO - Successfully optimized Avalanche-AV_01_standard.set -> Avalanche-AV_01_otp.set
2025-04-27 14:51:35,063 - INFO - Successfully optimized Backbone_01_standard.set -> Backbone_01_otp.set
2025-04-27 14:51:35,065 - INFO - Successfully optimized BADX_01_standard.set -> BADX_01_otp.set
2025-04-27 14:51:35,066 - INFO - Successfully optimized Bago-EA_01_standard.set -> Bago-EA_01_otp.set
2025-04-27 14:51:35,068 - INFO - Successfully optimized BalancedScalper-20EA_01_standard.set -> BalancedScalper-20EA_01_otp.set
2025-04-27 14:51:35,069 - INFO - Successfully optimized Bands-2_01_standard.set -> Bands-2_01_otp.set
2025-04-27 14:51:35,070 - INFO - Successfully optimized BARS-Alligator_01_standard.set -> BARS-Alligator_01_otp.set
2025-04-27 14:51:35,072 - INFO - Successfully optimized Basic-CCI-RSI_01_standard.set -> Basic-CCI-RSI_01_otp.set
2025-04-27 14:51:35,073 - INFO - Successfully optimized Basic-Martingale-EA-3_01_standard.set -> Basic-Martingale-EA-3_01_otp.set
2025-04-27 14:51:35,075 - INFO - Successfully optimized BBPercentile-EA_01_standard.set -> BBPercentile-EA_01_otp.set
2025-04-27 14:51:35,076 - INFO - Successfully optimized BBPercentile_01_standard.set -> BBPercentile_01_otp.set
2025-04-27 14:51:35,078 - INFO - Successfully optimized BDCrossOver-20EA_01_standard.set -> BDCrossOver-20EA_01_otp.set
2025-04-27 14:51:35,079 - INFO - Successfully optimized BIG-DOG_01_standard.set -> BIG-DOG_01_otp.set
2025-04-27 14:51:35,080 - INFO - Successfully optimized Bill-Williams_01_standard.set -> Bill-Williams_01_otp.set
2025-04-27 14:51:35,082 - INFO - Successfully optimized Bollinger-Band-Two-MA-and-Zig-Zag_01_standard.set -> Bollinger-Band-Two-MA-and-Zig-Zag_01_otp.set
2025-04-27 14:51:35,083 - INFO - Successfully optimized Bollinger-Bands-N-positions_01_standard.set -> Bollinger-Bands-N-positions_01_otp.set
2025-04-27 14:51:35,085 - INFO - Successfully optimized Bollinger-Bands-RSI_01_standard.set -> Bollinger-Bands-RSI_01_otp.set
2025-04-27 14:51:35,086 - INFO - Successfully optimized bollinger_01_standard.set -> bollinger_01_otp.set
2025-04-27 14:51:35,087 - INFO - Successfully optimized Brakeout-Trader_01_standard.set -> Brakeout-Trader_01_otp.set
2025-04-27 14:51:35,088 - INFO - Successfully optimized Brandy_01_standard.set -> Brandy_01_otp.set
2025-04-27 14:51:35,089 - INFO - Successfully optimized Breadandbutter2_01_standard.set -> Breadandbutter2_01_otp.set
2025-04-27 14:51:35,091 - INFO - Successfully optimized Breakdown-catcher_01_standard.set -> Breakdown-catcher_01_otp.set
2025-04-27 14:51:35,092 - INFO - Successfully optimized breakdown_01_standard.set -> breakdown_01_otp.set
2025-04-27 14:51:35,094 - INFO - Successfully optimized Breakout-Str_01_standard.set -> Breakout-Str_01_otp.set
2025-04-27 14:51:35,095 - INFO - Successfully optimized Bronze-Warrioir_01_standard.set -> Bronze-Warrioir_01_otp.set
2025-04-27 14:51:35,096 - INFO - Successfully optimized Bruno_01_standard.set -> Bruno_01_otp.set
2025-04-27 14:51:35,097 - INFO - Successfully optimized BSS-1-0_01_standard.set -> BSS-1-0_01_otp.set
2025-04-27 14:51:35,099 - INFO - Successfully optimized Bullish-and-Bearish-Engulfing_01_standard.set -> Bullish-and-Bearish-Engulfing_01_otp.set
2025-04-27 14:51:35,100 - INFO - Successfully optimized Burg-Extrapolator_01_standard.set -> Burg-Extrapolator_01_otp.set
2025-04-27 14:51:35,102 - INFO - Successfully optimized BykovTrend-EA_01_standard.set -> BykovTrend-EA_01_otp.set
2025-04-27 14:51:35,103 - INFO - Successfully optimized Calculate-lotsize-and-Trailling-stop_01_standard.set -> Calculate-lotsize-and-Trailling-stop_01_otp.set
2025-04-27 14:51:35,105 - INFO - Successfully optimized candlepatternsexample_01_standard.set -> candlepatternsexample_01_otp.set
2025-04-27 14:51:35,106 - INFO - Successfully optimized Candle_01_standard.set -> Candle_01_otp.set
2025-04-27 14:51:35,107 - INFO - Successfully optimized Carbophos_01_standard.set -> Carbophos_01_otp.set
2025-04-27 14:51:35,109 - INFO - Successfully optimized CashMachine-5min_01_standard.set -> CashMachine-5min_01_otp.set
2025-04-27 14:51:35,110 - INFO - Successfully optimized CCI-MACD-Scalper_01_standard.set -> CCI-MACD-Scalper_01_otp.set
2025-04-27 14:51:35,111 - INFO - Successfully optimized Cidomo_01_standard.set -> Cidomo_01_otp.set
2025-04-27 14:51:35,112 - INFO - Successfully optimized CloseAgent_01_standard.set -> CloseAgent_01_otp.set
2025-04-27 14:51:35,113 - INFO - Successfully optimized CloseProfit_01_standard.set -> CloseProfit_01_otp.set
2025-04-27 14:51:35,115 - INFO - Successfully optimized cloud's-trade-2_01_standard.set -> cloud's-trade-2_01_otp.set
2025-04-27 14:51:35,116 - INFO - Successfully optimized CLOUD_01_standard.set -> CLOUD_01_otp.set
2025-04-27 14:51:35,117 - INFO - Successfully optimized Constituents-EA_01_standard.set -> Constituents-EA_01_otp.set
2025-04-27 14:51:35,118 - INFO - Successfully optimized Contrarian-trade-MA_01_standard.set -> Contrarian-trade-MA_01_otp.set
2025-04-27 14:51:35,119 - INFO - Successfully optimized Crossing-Moving-Average_01_standard.set -> Crossing-Moving-Average_01_otp.set
2025-04-27 14:51:35,121 - INFO - Successfully optimized CrossMA_01_standard.set -> CrossMA_01_otp.set
2025-04-27 14:51:35,122 - INFO - Successfully optimized Currencyprofits-01.1_01_standard.set -> Currencyprofits-01.1_01_otp.set
2025-04-27 14:51:35,123 - INFO - Successfully optimized Daily-20reversal-20-20EA_01_standard.set -> Daily-20reversal-20-20EA_01_otp.set
2025-04-27 14:51:35,125 - INFO - Successfully optimized Daily-BreakPoint_01_standard.set -> Daily-BreakPoint_01_otp.set
2025-04-27 14:51:35,126 - INFO - Successfully optimized Daily-Open-EA_01_standard.set -> Daily-Open-EA_01_otp.set
2025-04-27 14:51:35,128 - INFO - Successfully optimized Daily-range_01_standard.set -> Daily-range_01_otp.set
2025-04-27 14:51:35,129 - INFO - Successfully optimized Day-Trading-PAMXA_01_standard.set -> Day-Trading-PAMXA_01_otp.set
2025-04-27 14:51:35,130 - INFO - Successfully optimized Daydream_01_standard.set -> Daydream_01_otp.set
2025-04-27 14:51:35,131 - INFO - Successfully optimized DayTrading_01_standard.set -> DayTrading_01_otp.set
2025-04-27 14:51:35,133 - INFO - Successfully optimized Dealers-Trade-v-7.74-MACD_01_standard.set -> Dealers-Trade-v-7.74-MACD_01_otp.set
2025-04-27 14:51:35,134 - INFO - Successfully optimized Deep-Drawdown-MA_01_standard.set -> Deep-Drawdown-MA_01_otp.set
2025-04-27 14:51:35,136 - INFO - Successfully optimized DeMarker-gaining-position-volume-2_01_standard.set -> DeMarker-gaining-position-volume-2_01_otp.set
2025-04-27 14:51:35,137 - INFO - Successfully optimized DeMarker-gaining-position-volume_01_standard.set -> DeMarker-gaining-position-volume_01_otp.set
2025-04-27 14:51:35,139 - INFO - Successfully optimized DeMarker-Pending-2-5_01_standard.set -> DeMarker-Pending-2-5_01_otp.set
2025-04-27 14:51:35,140 - INFO - Successfully optimized DeMarker-Pending-2_01_standard.set -> DeMarker-Pending-2_01_otp.set
2025-04-27 14:51:35,142 - INFO - Successfully optimized DeMarker-Pending_01_standard.set -> DeMarker-Pending_01_otp.set
2025-04-27 14:51:35,144 - INFO - Successfully optimized Dematus_01_standard.set -> Dematus_01_otp.set
2025-04-27 14:51:35,145 - INFO - Successfully optimized Divergence-20for-20many-20indicator_01_standard.set -> Divergence-20for-20many-20indicator_01_otp.set
2025-04-27 14:51:35,147 - INFO - Successfully optimized Divergence-EA_01_standard.set -> Divergence-EA_01_otp.set
2025-04-27 14:51:35,148 - INFO - Successfully optimized Doji-Arrows_01_standard.set -> Doji-Arrows_01_otp.set
2025-04-27 14:51:35,149 - INFO - Successfully optimized DojiTrader_01_standard.set -> DojiTrader_01_otp.set
2025-04-27 14:51:35,151 - INFO - Successfully optimized Donchian-Chanel-EA_01_standard.set -> Donchian-Chanel-EA_01_otp.set
2025-04-27 14:51:35,152 - INFO - Successfully optimized DoubleHullMA-EA_01_standard.set -> DoubleHullMA-EA_01_otp.set
2025-04-27 14:51:35,154 - INFO - Successfully optimized DoubleHullMA_01_standard.set -> DoubleHullMA_01_otp.set
2025-04-27 14:51:35,156 - INFO - Successfully optimized DoubleMA-Crossover-EA_01_standard.set -> DoubleMA-Crossover-EA_01_otp.set
2025-04-27 14:51:35,157 - INFO - Successfully optimized Doubler_01_standard.set -> Doubler_01_otp.set
2025-04-27 14:51:35,159 - INFO - Successfully optimized dummy_01_standard.set -> dummy_01_otp.set
2025-04-27 14:51:35,160 - INFO - Successfully optimized Dynamic-averaging_01_standard.set -> Dynamic-averaging_01_otp.set
2025-04-27 14:51:35,162 - INFO - Successfully optimized e-Breakeven_01_standard.set -> e-Breakeven_01_otp.set
2025-04-27 14:51:35,163 - INFO - Successfully optimized E-Friday_01_standard.set -> E-Friday_01_otp.set
2025-04-27 14:51:35,165 - INFO - Successfully optimized E-Skoch-Open_01_standard.set -> E-Skoch-Open_01_otp.set
2025-04-27 14:51:35,166 - INFO - Successfully optimized e-Skoch-pending-orders_01_standard.set -> e-Skoch-pending-orders_01_otp.set
2025-04-27 14:51:35,168 - INFO - Successfully optimized e-Smart-Trailing_01_standard.set -> e-Smart-Trailing_01_otp.set
2025-04-27 14:51:35,169 - INFO - Successfully optimized e-TurboFx_01_standard.set -> e-TurboFx_01_otp.set
2025-04-27 14:51:35,171 - INFO - Successfully optimized EA-Close_01_standard.set -> EA-Close_01_otp.set
2025-04-27 14:51:35,172 - INFO - Successfully optimized EA-MA-Stoch-RSI_01_standard.set -> EA-MA-Stoch-RSI_01_otp.set
2025-04-27 14:51:35,174 - INFO - Successfully optimized EA-Moving-Average_01_standard.set -> EA-Moving-Average_01_otp.set
2025-04-27 14:51:35,175 - INFO - Successfully optimized Elite-eFibo-Trader_01_standard.set -> Elite-eFibo-Trader_01_otp.set
2025-04-27 14:51:35,177 - INFO - Successfully optimized EMA-6.12_01_standard.set -> EMA-6.12_01_otp.set
2025-04-27 14:51:35,178 - INFO - Successfully optimized EMA-CROSS_01_standard.set -> EMA-CROSS_01_otp.set
2025-04-27 14:51:35,179 - INFO - Successfully optimized EMA-LWMA-RSI_01_standard.set -> EMA-LWMA-RSI_01_otp.set
2025-04-27 14:51:35,181 - INFO - Successfully optimized EMA-RSI-EA_01_standard.set -> EMA-RSI-EA_01_otp.set
2025-04-27 14:51:35,182 - INFO - Successfully optimized EMA-WMA_01_standard.set -> EMA-WMA_01_otp.set
2025-04-27 14:51:35,184 - INFO - Successfully optimized EMA_01_standard.set -> EMA_01_otp.set
2025-04-27 14:51:35,185 - INFO - Successfully optimized Eugene_01_standard.set -> Eugene_01_otp.set
2025-04-27 14:51:35,186 - INFO - Successfully optimized eur-usd-m5_01_standard.set -> eur-usd-m5_01_otp.set
2025-04-27 14:51:35,187 - INFO - Successfully optimized EURUSD-breakout_01_standard.set -> EURUSD-breakout_01_otp.set
2025-04-27 14:51:35,189 - INFO - Successfully optimized Executer-AC_01_standard.set -> Executer-AC_01_otp.set
2025-04-27 14:51:35,191 - INFO - Successfully optimized Executor-AO_01_standard.set -> Executor-AO_01_otp.set
2025-04-27 14:51:35,192 - INFO - Successfully optimized Executor-Candles_01_standard.set -> Executor-Candles_01_otp.set
2025-04-27 14:51:35,193 - INFO - Successfully optimized exp-Amstell_01_standard.set -> exp-Amstell_01_otp.set
2025-04-27 14:51:35,194 - INFO - Successfully optimized Expert-NEWS_01_standard.set -> Expert-NEWS_01_otp.set
2025-04-27 14:51:35,196 - INFO - Successfully optimized Expert-RSI-Stochastic-MA_01_standard.set -> Expert-RSI-Stochastic-MA_01_otp.set
2025-04-27 14:51:35,198 - INFO - Successfully optimized ExtremePrice-EA_01_standard.set -> ExtremePrice-EA_01_otp.set
2025-04-27 14:51:35,200 - INFO - Successfully optimized FiboRetracement-20EA_01_standard.set -> FiboRetracement-20EA_01_otp.set
2025-04-27 14:51:35,201 - INFO - Successfully optimized Firebird_01_standard.set -> Firebird_01_otp.set
2025-04-27 14:51:35,203 - INFO - Successfully optimized Firestorm-EA_01_standard.set -> Firestorm-EA_01_otp.set
2025-04-27 14:51:35,205 - INFO - Successfully optimized Firestorm-indicator_01_standard.set -> Firestorm-indicator_01_otp.set
2025-04-27 14:51:35,206 - INFO - Successfully optimized Fluctuate_01_standard.set -> Fluctuate_01_otp.set
2025-04-27 14:51:35,207 - INFO - Successfully optimized Forex-Fraus-M1_01_standard.set -> Forex-Fraus-M1_01_otp.set
2025-04-27 14:51:35,209 - INFO - Successfully optimized Forex-Profit_01_standard.set -> Forex-Profit_01_otp.set
2025-04-27 14:51:35,211 - INFO - Successfully optimized Fractals-minimum-distance_01_standard.set -> Fractals-minimum-distance_01_otp.set
2025-04-27 14:51:35,212 - INFO - Successfully optimized Fraktrak-xonax_01_standard.set -> Fraktrak-xonax_01_otp.set
2025-04-27 14:51:35,213 - INFO - Successfully optimized Frank-Ud_01_standard.set -> Frank-Ud_01_otp.set
2025-04-27 14:51:35,215 - INFO - Successfully optimized FT-CCI_01_standard.set -> FT-CCI_01_otp.set
2025-04-27 14:51:35,216 - INFO - Successfully optimized Fuzzy-logic_01_standard.set -> Fuzzy-logic_01_otp.set
2025-04-27 14:51:35,218 - INFO - Successfully optimized GalacticExplosion_01_standard.set -> GalacticExplosion_01_otp.set
2025-04-27 14:51:35,220 - INFO - Successfully optimized Gandalf-PRO_01_standard.set -> Gandalf-PRO_01_otp.set
2025-04-27 14:51:35,221 - INFO - Successfully optimized Gap-DM_01_standard.set -> Gap-DM_01_otp.set
2025-04-27 14:51:35,223 - INFO - Successfully optimized GAP-EA_01_standard.set -> GAP-EA_01_otp.set
2025-04-27 14:51:35,225 - INFO - Successfully optimized Gaps_01_standard.set -> Gaps_01_otp.set
2025-04-27 14:51:35,226 - INFO - Successfully optimized GBP9AM_01_standard.set -> GBP9AM_01_otp.set
2025-04-27 14:51:35,228 - INFO - Successfully optimized GbpChf_01_standard.set -> GbpChf_01_otp.set
2025-04-27 14:51:35,230 - INFO - Successfully optimized Gold-Dust_01_standard.set -> Gold-Dust_01_otp.set
2025-04-27 14:51:35,232 - INFO - Successfully optimized GO_01_standard.set -> GO_01_otp.set
2025-04-27 14:51:35,233 - INFO - Successfully optimized GreenTrade_01_standard.set -> GreenTrade_01_otp.set
2025-04-27 14:51:35,235 - INFO - Successfully optimized Grid-Martingale_01_standard.set -> Grid-Martingale_01_otp.set
2025-04-27 14:51:35,242 - INFO - Successfully optimized GridEA_01_standard.set -> GridEA_01_otp.set
2025-04-27 14:51:35,243 - INFO - Successfully optimized Grid_01_standard.set -> Grid_01_otp.set
2025-04-27 14:51:35,247 - INFO - Successfully optimized HarVesteR_01_standard.set -> HarVesteR_01_otp.set
2025-04-27 14:51:35,249 - INFO - Successfully optimized HedgeEA_01_standard.set -> HedgeEA_01_otp.set
2025-04-27 14:51:35,253 - INFO - Successfully optimized hedger_01_standard.set -> hedger_01_otp.set
2025-04-27 14:51:35,255 - INFO - Successfully optimized Hedging-EA_01_standard.set -> Hedging-EA_01_otp.set
2025-04-27 14:51:35,258 - INFO - Successfully optimized Heiken-Ashi-Smoothed-EA-with-MA_01_standard.set -> Heiken-Ashi-Smoothed-EA-with-MA_01_otp.set
2025-04-27 14:51:35,261 - INFO - Successfully optimized Heiken-Ashi-Smoothed-EA_01_standard.set -> Heiken-Ashi-Smoothed-EA_01_otp.set
2025-04-27 14:51:35,262 - INFO - Successfully optimized heiken-ashi-smoothedLine_01_standard.set -> heiken-ashi-smoothedLine_01_otp.set
2025-04-27 14:51:35,264 - INFO - Successfully optimized heiken-ashi-smoothed_01_standard.set -> heiken-ashi-smoothed_01_otp.set
2025-04-27 14:51:35,266 - INFO - Successfully optimized HeikenAshi-Lines-EA_01_standard.set -> HeikenAshi-Lines-EA_01_otp.set
2025-04-27 14:51:35,268 - INFO - Successfully optimized HeikenAshi-Lines_01_standard.set -> HeikenAshi-Lines_01_otp.set
2025-04-27 14:51:35,269 - INFO - Successfully optimized Heinken-Ashi-Color-Candles_01_standard.set -> Heinken-Ashi-Color-Candles_01_otp.set
2025-04-27 14:51:35,270 - INFO - Successfully optimized HelloSmart_01_standard.set -> HelloSmart_01_otp.set
2025-04-27 14:51:35,273 - INFO - Successfully optimized High-Low-EA_01_standard.set -> High-Low-EA_01_otp.set
2025-04-27 14:51:35,274 - INFO - Successfully optimized High-Low-Indicator_01_standard.set -> High-Low-Indicator_01_otp.set
2025-04-27 14:51:35,276 - INFO - Successfully optimized Hoop-master-2_01_standard.set -> Hoop-master-2_01_otp.set
2025-04-27 14:51:35,277 - INFO - Successfully optimized iCCI-iMA_01_standard.set -> iCCI-iMA_01_otp.set
2025-04-27 14:51:35,279 - INFO - Successfully optimized ICH-With-Alert-Derekers-EA_01_standard.set -> ICH-With-Alert-Derekers-EA_01_otp.set
2025-04-27 14:51:35,281 - INFO - Successfully optimized ICH-With-Alert-Derekers_01_standard.set -> ICH-With-Alert-Derekers_01_otp.set
2025-04-27 14:51:35,282 - INFO - Successfully optimized ichimok2005_01_standard.set -> ichimok2005_01_otp.set
2025-04-27 14:51:35,284 - INFO - Successfully optimized Ichimoku-20Kijun-20Alert_01_standard.set -> Ichimoku-20Kijun-20Alert_01_otp.set
2025-04-27 14:51:35,286 - INFO - Successfully optimized Ichimoku-20Tenkan-20Alert_01_standard.set -> Ichimoku-20Tenkan-20Alert_01_otp.set
2025-04-27 14:51:35,288 - INFO - Successfully optimized Ichimoku-Scanner_01_standard.set -> Ichimoku-Scanner_01_otp.set
2025-04-27 14:51:35,289 - INFO - Successfully optimized Ichimoku-Signals-and-Alert_01_standard.set -> Ichimoku-Signals-and-Alert_01_otp.set
2025-04-27 14:51:35,291 - INFO - Successfully optimized IchimokuMTF-EA_01_standard.set -> IchimokuMTF-EA_01_otp.set
2025-04-27 14:51:35,293 - INFO - Successfully optimized Ichimoku_01_standard.set -> Ichimoku_01_otp.set
2025-04-27 14:51:35,295 - INFO - Successfully optimized Ilan-iMA_01_standard.set -> Ilan-iMA_01_otp.set
2025-04-27 14:51:35,297 - INFO - Successfully optimized Ilan1.4_01_standard.set -> Ilan1.4_01_otp.set
2025-04-27 14:51:35,298 - INFO - Successfully optimized iMA-iStdDev_01_standard.set -> iMA-iStdDev_01_otp.set
2025-04-27 14:51:35,301 - INFO - Successfully optimized Indices-Tester_01_standard.set -> Indices-Tester_01_otp.set
2025-04-27 14:51:35,303 - INFO - Successfully optimized Inka-20Edho-20EA_01_standard.set -> Inka-20Edho-20EA_01_otp.set
2025-04-27 14:51:35,304 - INFO - Successfully optimized Intersection-2-iMA_01_standard.set -> Intersection-2-iMA_01_otp.set
2025-04-27 14:51:35,306 - INFO - Successfully optimized IStochastic-Trading_01_standard.set -> IStochastic-Trading_01_otp.set
2025-04-27 14:51:35,308 - INFO - Successfully optimized Ivan_01_standard.set -> Ivan_01_otp.set
2025-04-27 14:51:35,309 - INFO - Successfully optimized iVIDyA-Simple_01_standard.set -> iVIDyA-Simple_01_otp.set
2025-04-27 14:51:35,312 - INFO - Successfully optimized Jackpot-Strategy-EA_01_standard.set -> Jackpot-Strategy-EA_01_otp.set
2025-04-27 14:51:35,313 - INFO - Successfully optimized JackPot-Strategy-Elite_01_standard.set -> JackPot-Strategy-Elite_01_otp.set
2025-04-27 14:51:35,315 - INFO - Successfully optimized JK-BullP-AutoTrader_01_standard.set -> JK-BullP-AutoTrader_01_otp.set
2025-04-27 14:51:35,317 - INFO - Successfully optimized JS-Chaos_01_standard.set -> JS-Chaos_01_otp.set
2025-04-27 14:51:35,318 - INFO - Successfully optimized JS-MA-Day_01_standard.set -> JS-MA-Day_01_otp.set
2025-04-27 14:51:35,320 - INFO - Successfully optimized JS-MA-SAR-Trades_01_standard.set -> JS-MA-SAR-Trades_01_otp.set
2025-04-27 14:51:35,322 - INFO - Successfully optimized KA-Gold-Bot_01_standard.set -> KA-Gold-Bot_01_otp.set
2025-04-27 14:51:35,324 - INFO - Successfully optimized Kue-Electric-EA_01_standard.set -> Kue-Electric-EA_01_otp.set
2025-04-27 14:51:35,326 - INFO - Successfully optimized KueFx-20Arrows_01_standard.set -> KueFx-20Arrows_01_otp.set
2025-04-27 14:51:35,328 - INFO - Successfully optimized KueFx-20Baseline_01_standard.set -> KueFx-20Baseline_01_otp.set
2025-04-27 14:51:35,330 - INFO - Successfully optimized KueFx-Arrows-20EA_01_standard.set -> KueFx-Arrows-20EA_01_otp.set
2025-04-27 14:51:35,332 - INFO - Successfully optimized KueFx-Arrows-EA_01_standard.set -> KueFx-Arrows-EA_01_otp.set
2025-04-27 14:51:35,334 - INFO - Successfully optimized KueFx-Arrows_01_standard.set -> KueFx-Arrows_01_otp.set
2025-04-27 14:51:35,336 - INFO - Successfully optimized KueFx-Baseline-EA_01_standard.set -> KueFx-Baseline-EA_01_otp.set
2025-04-27 14:51:35,338 - INFO - Successfully optimized KueFx-Baseline_01_standard.set -> KueFx-Baseline_01_otp.set
2025-04-27 14:51:35,341 - INFO - Successfully optimized KueFx-Clean-2025-EA_01_standard.set -> KueFx-Clean-2025-EA_01_otp.set
2025-04-27 14:51:35,344 - INFO - Successfully optimized KueFx-Extreme-EA_01_standard.set -> KueFx-Extreme-EA_01_otp.set
2025-04-27 14:51:35,346 - INFO - Successfully optimized KueFx-Harare-EA_01_standard.set -> KueFx-Harare-EA_01_otp.set
2025-04-27 14:51:35,348 - INFO - Successfully optimized KueFX-Money-Management_01_standard.set -> KueFX-Money-Management_01_otp.set
2025-04-27 14:51:35,351 - INFO - Successfully optimized KueFx-Motor-EA_01_standard.set -> KueFx-Motor-EA_01_otp.set
2025-04-27 14:51:35,352 - INFO - Successfully optimized KueFx-Motor_01_standard.set -> KueFx-Motor_01_otp.set
2025-04-27 14:51:35,354 - INFO - Successfully optimized KueFx-Trend_01_standard.set -> KueFx-Trend_01_otp.set
2025-04-27 14:51:35,357 - INFO - Successfully optimized KueFxTrend-20EA_01_standard.set -> KueFxTrend-20EA_01_otp.set
2025-04-27 14:51:35,359 - INFO - Successfully optimized KueFxTrend-EA_01_standard.set -> KueFxTrend-EA_01_otp.set
2025-04-27 14:51:35,361 - INFO - Successfully optimized LarryConnersRSI2_01_standard.set -> LarryConnersRSI2_01_otp.set
2025-04-27 14:51:35,363 - INFO - Successfully optimized Last-ZZ50_01_standard.set -> Last-ZZ50_01_otp.set
2025-04-27 14:51:35,365 - INFO - Successfully optimized Lavika100_01_standard.set -> Lavika100_01_otp.set
2025-04-27 14:51:35,366 - INFO - Successfully optimized LBS_01_standard.set -> LBS_01_otp.set
2025-04-27 14:51:35,368 - INFO - Successfully optimized Lego-EA_01_standard.set -> Lego-EA_01_otp.set
2025-04-27 14:51:35,370 - INFO - Successfully optimized Lesson-3-Price-Action_01_standard.set -> Lesson-3-Price-Action_01_otp.set
2025-04-27 14:51:35,372 - INFO - Successfully optimized Lesson-4-Price-Action-MA-Filter_01_standard.set -> Lesson-4-Price-Action-MA-Filter_01_otp.set
2025-04-27 14:51:35,373 - INFO - Successfully optimized Lesson-6-Trailling-ATR_01_standard.set -> Lesson-6-Trailling-ATR_01_otp.set
2025-04-27 14:51:35,375 - INFO - Successfully optimized Lesson-7-Price-action-Ket-hop-Volume-VSA_01_standard.set -> Lesson-7-Price-action-Ket-hop-Volume-VSA_01_otp.set
2025-04-27 14:51:35,377 - INFO - Successfully optimized Little-EA_01_standard.set -> Little-EA_01_otp.set
2025-04-27 14:51:35,379 - INFO - Successfully optimized Locker_01_standard.set -> Locker_01_otp.set
2025-04-27 14:51:35,380 - INFO - Successfully optimized Lock_01_standard.set -> Lock_01_otp.set
2025-04-27 14:51:35,381 - INFO - Successfully optimized Lucky_01_standard.set -> Lucky_01_otp.set
2025-04-27 14:51:35,383 - INFO - Successfully optimized MA-20Alert_01_standard.set -> MA-20Alert_01_otp.set
2025-04-27 14:51:35,385 - INFO - Successfully optimized MA-20AO-20Arrow_01_standard.set -> MA-20AO-20Arrow_01_otp.set
2025-04-27 14:51:35,387 - INFO - Successfully optimized MA-AO-EA_01_standard.set -> MA-AO-EA_01_otp.set
2025-04-27 14:51:35,388 - INFO - Successfully optimized ma-channels_01_standard.set -> ma-channels_01_otp.set
2025-04-27 14:51:35,390 - INFO - Successfully optimized MA-Cross_01_standard.set -> MA-Cross_01_otp.set
2025-04-27 14:51:35,392 - INFO - Successfully optimized MA-Envelopes_01_standard.set -> MA-Envelopes_01_otp.set
2025-04-27 14:51:35,393 - INFO - Successfully optimized MA-MACD-Position-averaging_01_standard.set -> MA-MACD-Position-averaging_01_otp.set
2025-04-27 14:51:35,395 - INFO - Successfully optimized MA-Trend_01_standard.set -> MA-Trend_01_otp.set
2025-04-27 14:51:35,397 - INFO - Successfully optimized MA2CCI_01_standard.set -> MA2CCI_01_otp.set
2025-04-27 14:51:35,398 - INFO - Successfully optimized MACD-and-SAR_01_standard.set -> MACD-and-SAR_01_otp.set
2025-04-27 14:51:35,400 - INFO - Successfully optimized MACD-Cleaner_01_standard.set -> MACD-Cleaner_01_otp.set
2025-04-27 14:51:35,402 - INFO - Successfully optimized MACD-EA-H4_01_standard.set -> MACD-EA-H4_01_otp.set
2025-04-27 14:51:35,404 - INFO - Successfully optimized MACD-No-Sample_01_standard.set -> MACD-No-Sample_01_otp.set
2025-04-27 14:51:35,406 - INFO - Successfully optimized MACD-signal_01_standard.set -> MACD-signal_01_otp.set
2025-04-27 14:51:35,407 - INFO - Successfully optimized MACD-Stochastic-2_01_standard.set -> MACD-Stochastic-2_01_otp.set
2025-04-27 14:51:35,409 - INFO - Successfully optimized MACD-Stochastic_01_standard.set -> MACD-Stochastic_01_otp.set
2025-04-27 14:51:35,411 - INFO - Successfully optimized MACDCCI_01_standard.set -> MACDCCI_01_otp.set
2025-04-27 14:51:35,413 - INFO - Successfully optimized MacdPatternTraderAll0.01_01_standard.set -> MacdPatternTraderAll0.01_01_otp.set
2025-04-27 14:51:35,416 - INFO - Successfully optimized MacdPatternTraderAll_01_standard.set -> MacdPatternTraderAll_01_otp.set
2025-04-27 14:51:35,418 - INFO - Successfully optimized MACD_01_standard.set -> MACD_01_otp.set
2025-04-27 14:51:35,420 - INFO - Successfully optimized MAGrid_01_standard.set -> MAGrid_01_otp.set
2025-04-27 14:51:35,422 - INFO - Successfully optimized MAMACD_01_standard.set -> MAMACD_01_otp.set
2025-04-27 14:51:35,423 - INFO - Successfully optimized Market-Capture_01_standard.set -> Market-Capture_01_otp.set
2025-04-27 14:51:35,425 - INFO - Successfully optimized Martin-1_01_standard.set -> Martin-1_01_otp.set
2025-04-27 14:51:35,427 - INFO - Successfully optimized Martin-for-small-deposits_01_standard.set -> Martin-for-small-deposits_01_otp.set
2025-04-27 14:51:35,428 - INFO - Successfully optimized MartingailExpert_01_standard.set -> MartingailExpert_01_otp.set
2025-04-27 14:51:35,430 - INFO - Successfully optimized MartinGaleBreakout_01_standard.set -> MartinGaleBreakout_01_otp.set
2025-04-27 14:51:35,431 - INFO - Successfully optimized Martin_01_standard.set -> Martin_01_otp.set
2025-04-27 14:51:35,433 - INFO - Successfully optimized Marubozu-EA_01_standard.set -> Marubozu-EA_01_otp.set
2025-04-27 14:51:35,435 - INFO - Successfully optimized Marubozu_01_standard.set -> Marubozu_01_otp.set
2025-04-27 14:51:35,436 - INFO - Successfully optimized MelBar-EuSwiss-1.85_01_standard.set -> MelBar-EuSwiss-1.85_01_otp.set
2025-04-27 14:51:35,438 - INFO - Successfully optimized MelBar™Take325-™-5.5Y-NZD-USD_01_standard.set -> MelBar™Take325-™-5.5Y-NZD-USD_01_otp.set
2025-04-27 14:51:35,441 - INFO - Successfully optimized Mobo-Bands-EA_01_standard.set -> Mobo-Bands-EA_01_otp.set
2025-04-27 14:51:35,442 - INFO - Successfully optimized Mobo-Bands_01_standard.set -> Mobo-Bands_01_otp.set
2025-04-27 14:51:35,444 - INFO - Successfully optimized Modified-Moving-Averages_01_standard.set -> Modified-Moving-Averages_01_otp.set
2025-04-27 14:51:35,445 - INFO - Successfully optimized Momentum-M15_01_standard.set -> Momentum-M15_01_otp.set
2025-04-27 14:51:35,447 - INFO - Successfully optimized Momo-trades_01_standard.set -> Momo-trades_01_otp.set
2025-04-27 14:51:35,449 - INFO - Successfully optimized Money-Fixed-Margin_01_standard.set -> Money-Fixed-Margin_01_otp.set
2025-04-27 14:51:35,450 - INFO - Successfully optimized Money-Fixed-Risk_01_standard.set -> Money-Fixed-Risk_01_otp.set
2025-04-27 14:51:35,451 - INFO - Successfully optimized MoneyRain_01_standard.set -> MoneyRain_01_otp.set
2025-04-27 14:51:35,454 - INFO - Successfully optimized Morning-evening-star-EA_01_standard.set -> Morning-evening-star-EA_01_otp.set
2025-04-27 14:51:35,455 - INFO - Successfully optimized MostasHaR15-Pivot_01_standard.set -> MostasHaR15-Pivot_01_otp.set
2025-04-27 14:51:35,457 - INFO - Successfully optimized Moving-20average-20and-20ichimoku-20EA_01_standard.set -> Moving-20average-20and-20ichimoku-20EA_01_otp.set
2025-04-27 14:51:35,459 - INFO - Successfully optimized Moving-Average-Trade-System_01_standard.set -> Moving-Average-Trade-System_01_otp.set
2025-04-27 14:51:35,460 - INFO - Successfully optimized Moving-Averages_01_standard.set -> Moving-Averages_01_otp.set
2025-04-27 14:51:35,462 - INFO - Successfully optimized MovingAverageMartinGale_01_standard.set -> MovingAverageMartinGale_01_otp.set
2025-04-27 14:51:35,464 - INFO - Successfully optimized MovingAverage_01_standard.set -> MovingAverage_01_otp.set
2025-04-27 14:51:35,465 - INFO - Successfully optimized MQL5-Wizard-MA-RSI_01_standard.set -> MQL5-Wizard-MA-RSI_01_otp.set
2025-04-27 14:51:35,467 - INFO - Successfully optimized MQL5-Wizard-MACD-Parabolic-SAR_01_standard.set -> MQL5-Wizard-MACD-Parabolic-SAR_01_otp.set
2025-04-27 14:51:35,470 - INFO - Successfully optimized MTC-Сombo_01_standard.set -> MTC-Сombo_01_otp.set
2025-04-27 14:51:35,471 - INFO - Successfully optimized Multi-Stochastic_01_standard.set -> Multi-Stochastic_01_otp.set
2025-04-27 14:51:35,473 - INFO - Successfully optimized MultiMartin_01_standard.set -> MultiMartin_01_otp.set
2025-04-27 14:51:35,475 - INFO - Successfully optimized MySystem_01_standard.set -> MySystem_01_otp.set
2025-04-27 14:51:35,477 - INFO - Successfully optimized N-Candles_01_standard.set -> N-Candles_01_otp.set
2025-04-27 14:51:35,479 - INFO - Successfully optimized Nevalyashka-BreakdownLevel_01_standard.set -> Nevalyashka-BreakdownLevel_01_otp.set
2025-04-27 14:51:35,481 - INFO - Successfully optimized Nevalyashka3-1_01_standard.set -> Nevalyashka3-1_01_otp.set
2025-04-27 14:51:35,483 - INFO - Successfully optimized Nevalyashka_01_standard.set -> Nevalyashka_01_otp.set
2025-04-27 14:51:35,485 - INFO - Successfully optimized New-Martin_01_standard.set -> New-Martin_01_otp.set
2025-04-27 14:51:35,487 - INFO - Successfully optimized New-Random_01_standard.set -> New-Random_01_otp.set
2025-04-27 14:51:35,489 - INFO - Successfully optimized Nextbar_01_standard.set -> Nextbar_01_otp.set
2025-04-27 14:51:35,491 - INFO - Successfully optimized Night-Flat-Trade_01_standard.set -> Night-Flat-Trade_01_otp.set
2025-04-27 14:51:35,493 - INFO - Successfully optimized NightScalper_01_standard.set -> NightScalper_01_otp.set
2025-04-27 14:51:35,495 - INFO - Successfully optimized NRTR-Revers_01_standard.set -> NRTR-Revers_01_otp.set
2025-04-27 14:51:35,497 - INFO - Successfully optimized NUp1Down_01_standard.set -> NUp1Down_01_otp.set
2025-04-27 14:51:35,500 - INFO - Successfully optimized Open-Candle-EA_01_standard.set -> Open-Candle-EA_01_otp.set
2025-04-27 14:51:35,502 - INFO - Successfully optimized Open-Close_01_standard.set -> Open-Close_01_otp.set
2025-04-27 14:51:35,504 - INFO - Successfully optimized Opening-and-ilosing-on-time_01_standard.set -> Opening-and-ilosing-on-time_01_otp.set
2025-04-27 14:51:35,506 - INFO - Successfully optimized Opening-and-Сlosing-on-time_01_standard.set -> Opening-and-Сlosing-on-time_01_otp.set
2025-04-27 14:51:35,507 - INFO - Successfully optimized OpenPendingorderAfterPositionGetStopLoss_01_standard.set -> OpenPendingorderAfterPositionGetStopLoss_01_otp.set
2025-04-27 14:51:35,509 - INFO - Successfully optimized OpenTicks_01_standard.set -> OpenTicks_01_otp.set
2025-04-27 14:51:35,511 - INFO - Successfully optimized ORB-EA-BOX_01_standard.set -> ORB-EA-BOX_01_otp.set
2025-04-27 14:51:35,513 - INFO - Successfully optimized OsMaSter_01_standard.set -> OsMaSter_01_otp.set
2025-04-27 14:51:35,515 - INFO - Successfully optimized OTT-20AND-20PRICE-20CROSS-20EA_01_standard.set -> OTT-20AND-20PRICE-20CROSS-20EA_01_otp.set
2025-04-27 14:51:35,517 - INFO - Successfully optimized OverHedge_01_standard.set -> OverHedge_01_otp.set
2025-04-27 14:51:35,519 - INFO - Successfully optimized OzFx_01_standard.set -> OzFx_01_otp.set
2025-04-27 14:51:35,520 - INFO - Successfully optimized Parabolic-SAR_01_standard.set -> Parabolic-SAR_01_otp.set
2025-04-27 14:51:35,523 - INFO - Successfully optimized PARSI-EA_01_standard.set -> PARSI-EA_01_otp.set
2025-04-27 14:51:35,525 - INFO - Successfully optimized Peceptron-Mult_01_standard.set -> Peceptron-Mult_01_otp.set
2025-04-27 14:51:35,526 - INFO - Successfully optimized Pending-orders-by-time-2_01_standard.set -> Pending-orders-by-time-2_01_otp.set
2025-04-27 14:51:35,528 - INFO - Successfully optimized Pending-orders-by-time_01_standard.set -> Pending-orders-by-time_01_otp.set
2025-04-27 14:51:35,530 - INFO - Successfully optimized Pendulum_01_standard.set -> Pendulum_01_otp.set
2025-04-27 14:51:35,532 - INFO - Successfully optimized Pinball-machine_01_standard.set -> Pinball-machine_01_otp.set
2025-04-27 14:51:35,534 - INFO - Successfully optimized Pinbar-Magic-EA_01_standard.set -> Pinbar-Magic-EA_01_otp.set
2025-04-27 14:51:35,536 - INFO - Successfully optimized PinBar-Magic-Indicator_01_standard.set -> PinBar-Magic-Indicator_01_otp.set
2025-04-27 14:51:35,538 - INFO - Successfully optimized Pipsover_01_standard.set -> Pipsover_01_otp.set
2025-04-27 14:51:35,539 - INFO - Successfully optimized Plan-X_01_standard.set -> Plan-X_01_otp.set
2025-04-27 14:51:35,541 - INFO - Successfully optimized Plateau_01_standard.set -> Plateau_01_otp.set
2025-04-27 14:51:35,542 - INFO - Successfully optimized Poker-SHOW_01_standard.set -> Poker-SHOW_01_otp.set
2025-04-27 14:51:35,544 - INFO - Successfully optimized Precipice-MartIn_01_standard.set -> Precipice-MartIn_01_otp.set
2025-04-27 14:51:35,546 - INFO - Successfully optimized Precipice_01_standard.set -> Precipice_01_otp.set
2025-04-27 14:51:35,548 - INFO - Successfully optimized Probe_01_standard.set -> Probe_01_otp.set
2025-04-27 14:51:35,550 - INFO - Successfully optimized Proffessor_01_standard.set -> Proffessor_01_otp.set
2025-04-27 14:51:35,552 - INFO - Successfully optimized PropFirmHelper_01_standard.set -> PropFirmHelper_01_otp.set
2025-04-27 14:51:35,554 - INFO - Successfully optimized PROphet_01_standard.set -> PROphet_01_otp.set
2025-04-27 14:51:35,556 - INFO - Successfully optimized Puria-method_01_standard.set -> Puria-method_01_otp.set
2025-04-27 14:51:35,558 - INFO - Successfully optimized Rabbit3_01_standard.set -> Rabbit3_01_otp.set
2025-04-27 14:51:35,560 - INFO - Successfully optimized Range-Breakout_01_standard.set -> Range-Breakout_01_otp.set
2025-04-27 14:51:35,561 - INFO - Successfully optimized Rapid-Doji-EA_01_standard.set -> Rapid-Doji-EA_01_otp.set
2025-04-27 14:51:35,563 - INFO - Successfully optimized Raymond-Cloudy-Day-for-EA_01_standard.set -> Raymond-Cloudy-Day-for-EA_01_otp.set
2025-04-27 14:51:35,565 - INFO - Successfully optimized Reflex-EA_01_standard.set -> Reflex-EA_01_otp.set
2025-04-27 14:51:35,567 - INFO - Successfully optimized REFLEX-INDICATOR_01_standard.set -> REFLEX-INDICATOR_01_otp.set
2025-04-27 14:51:35,568 - INFO - Successfully optimized Reflex_01_standard.set -> Reflex_01_otp.set
2025-04-27 14:51:35,570 - INFO - Successfully optimized Reversing-Martingale_01_standard.set -> Reversing-Martingale_01_otp.set
2025-04-27 14:51:35,573 - INFO - Successfully optimized RideAlligator_01_standard.set -> RideAlligator_01_otp.set
2025-04-27 14:51:35,574 - INFO - Successfully optimized RNN_01_standard.set -> RNN_01_otp.set
2025-04-27 14:51:35,576 - INFO - Successfully optimized Robot-MACD_01_standard.set -> Robot-MACD_01_otp.set
2025-04-27 14:51:35,578 - INFO - Successfully optimized RobotPowerM5-meta4_01_standard.set -> RobotPowerM5-meta4_01_otp.set
2025-04-27 14:51:35,580 - INFO - Successfully optimized Rollback-system_01_standard.set -> Rollback-system_01_otp.set
2025-04-27 14:51:35,582 - INFO - Successfully optimized RSI-and-Bollinger-Bands_01_standard.set -> RSI-and-Bollinger-Bands_01_otp.set
2025-04-27 14:51:35,584 - INFO - Successfully optimized RSI-Arrow-EA_01_standard.set -> RSI-Arrow-EA_01_otp.set
2025-04-27 14:51:35,586 - INFO - Successfully optimized RSI-Arrow_01_standard.set -> RSI-Arrow_01_otp.set
2025-04-27 14:51:35,588 - INFO - Successfully optimized RSI-EA_01_standard.set -> RSI-EA_01_otp.set
2025-04-27 14:51:35,589 - INFO - Successfully optimized RSI-Eraser_01_standard.set -> RSI-Eraser_01_otp.set
2025-04-27 14:51:35,591 - INFO - Successfully optimized RSI-Expert_01_standard.set -> RSI-Expert_01_otp.set
2025-04-27 14:51:35,593 - INFO - Successfully optimized RSI-Levels_01_standard.set -> RSI-Levels_01_otp.set
2025-04-27 14:51:35,594 - INFO - Successfully optimized RSI-trader_01_standard.set -> RSI-trader_01_otp.set
2025-04-27 14:51:35,596 - INFO - Successfully optimized RSI-Trend-EA_01_standard.set -> RSI-Trend-EA_01_otp.set
2025-04-27 14:51:35,598 - INFO - Successfully optimized RSI-Trend_01_standard.set -> RSI-Trend_01_otp.set
2025-04-27 14:51:35,601 - INFO - Successfully optimized RSI-with-channels-EA_01_standard.set -> RSI-with-channels-EA_01_otp.set
2025-04-27 14:51:35,602 - INFO - Successfully optimized RSI-with-channels_01_standard.set -> RSI-with-channels_01_otp.set
2025-04-27 14:51:35,604 - INFO - Successfully optimized Russian20-hp1_01_standard.set -> Russian20-hp1_01_otp.set
2025-04-27 14:51:35,607 - INFO - Successfully optimized SampleCheckPendingOrder_01_standard.set -> SampleCheckPendingOrder_01_otp.set
2025-04-27 14:51:35,609 - INFO - Successfully optimized SAR-trading_01_standard.set -> SAR-trading_01_otp.set
2025-04-27 14:51:35,611 - INFO - Successfully optimized Secwenta_01_standard.set -> Secwenta_01_otp.set
2025-04-27 14:51:35,614 - INFO - Successfully optimized Sell-Stop_01_standard.set -> Sell-Stop_01_otp.set
2025-04-27 14:51:35,616 - INFO - Successfully optimized Sensitive_01_standard.set -> Sensitive_01_otp.set
2025-04-27 14:51:35,617 - INFO - Successfully optimized Separate-trade_01_standard.set -> Separate-trade_01_otp.set
2025-04-27 14:51:35,619 - INFO - Successfully optimized SilverTrend_01_standard.set -> SilverTrend_01_otp.set
2025-04-27 14:51:35,621 - INFO - Successfully optimized Simple-20Price-20Alert-20-20EA_01_standard.set -> Simple-20Price-20Alert-20-20EA_01_otp.set
2025-04-27 14:51:35,623 - INFO - Successfully optimized Simple-20Volume-20EA_01_standard.set -> Simple-20Volume-20EA_01_otp.set
2025-04-27 14:51:35,625 - INFO - Successfully optimized Simple-EA-MA-plus-MACD_01_standard.set -> Simple-EA-MA-plus-MACD_01_otp.set
2025-04-27 14:51:35,627 - INFO - Successfully optimized Simple-FX_01_standard.set -> Simple-FX_01_otp.set
2025-04-27 14:51:35,628 - INFO - Successfully optimized Simple-MACD_01_standard.set -> Simple-MACD_01_otp.set
2025-04-27 14:51:35,630 - INFO - Successfully optimized Simple-Volume-EA_01_standard.set -> Simple-Volume-EA_01_otp.set
2025-04-27 14:51:35,631 - INFO - Successfully optimized SimplePivot_01_standard.set -> SimplePivot_01_otp.set
2025-04-27 14:51:35,633 - INFO - Successfully optimized Simplest-Hedging-EA-ever_01_standard.set -> Simplest-Hedging-EA-ever_01_otp.set
2025-04-27 14:51:35,635 - INFO - Successfully optimized SimpleTrade _01_standard.set -> SimpleTrade _01_otp.set
2025-04-27 14:51:35,637 - INFO - Successfully optimized Six-Soldiers-EA-Grid_01_standard.set -> Six-Soldiers-EA-Grid_01_otp.set
2025-04-27 14:51:35,638 - INFO - Successfully optimized Six-Soldiers-EA_01_standard.set -> Six-Soldiers-EA_01_otp.set
2025-04-27 14:51:35,640 - INFO - Successfully optimized Six-Soldiers_01_standard.set -> Six-Soldiers_01_otp.set
2025-04-27 14:51:35,642 - INFO - Successfully optimized Small-Inside-Bar-Strategy_01_standard.set -> Small-Inside-Bar-Strategy_01_otp.set
2025-04-27 14:51:35,644 - INFO - Successfully optimized Smart-Machine-20EA_01_standard.set -> Smart-Machine-20EA_01_otp.set
2025-04-27 14:51:35,646 - INFO - Successfully optimized Smoothing-Average_01_standard.set -> Smoothing-Average_01_otp.set
2025-04-27 14:51:35,648 - INFO - Successfully optimized Spasm_01_standard.set -> Spasm_01_otp.set
2025-04-27 14:51:35,650 - INFO - Successfully optimized ssb5-123_01_standard.set -> ssb5-123_01_otp.set
2025-04-27 14:51:35,652 - INFO - Successfully optimized Starter_01_standard.set -> Starter_01_otp.set
2025-04-27 14:51:35,653 - INFO - Successfully optimized Steve-Cartwright-Trader-Camel-CCI-MACD_01_standard.set -> Steve-Cartwright-Trader-Camel-CCI-MACD_01_otp.set
2025-04-27 14:51:35,655 - INFO - Successfully optimized Stoch-EA-1192_01_standard.set -> Stoch-EA-1192_01_otp.set
2025-04-27 14:51:35,657 - INFO - Successfully optimized Stochastic-20Alert_01_standard.set -> Stochastic-20Alert_01_otp.set
2025-04-27 14:51:35,658 - INFO - Successfully optimized Stochastic-K-Divergence.lua_01_standard.set -> Stochastic-K-Divergence.lua_01_otp.set
2025-04-27 14:51:35,660 - INFO - Successfully optimized stochastic-three-periods_01_standard.set -> stochastic-three-periods_01_otp.set
2025-04-27 14:51:35,663 - INFO - Successfully optimized StochasticDiffSign-EA_01_standard.set -> StochasticDiffSign-EA_01_otp.set
2025-04-27 14:51:35,665 - INFO - Successfully optimized stochasticdiffsign_01_standard.set -> stochasticdiffsign_01_otp.set
2025-04-27 14:51:35,677 - INFO - Successfully optimized StochMA-EA_01_standard.set -> StochMA-EA_01_otp.set
2025-04-27 14:51:35,683 - INFO - Successfully optimized StochMA_01_standard.set -> StochMA_01_otp.set
2025-04-27 14:51:35,685 - INFO - Successfully optimized Stoch_01_standard.set -> Stoch_01_otp.set
2025-04-27 14:51:35,691 - INFO - Successfully optimized Stop-Loss-Take-Profit_01_standard.set -> Stop-Loss-Take-Profit_01_otp.set
2025-04-27 14:51:35,700 - INFO - Successfully optimized StraddleqTrail_01_standard.set -> StraddleqTrail_01_otp.set
2025-04-27 14:51:35,702 - INFO - Successfully optimized Surefirething_01_standard.set -> Surefirething_01_otp.set
2025-04-27 14:51:35,705 - INFO - Successfully optimized TDSGlobal_01_standard.set -> TDSGlobal_01_otp.set
2025-04-27 14:51:35,708 - INFO - Successfully optimized The-MasterMind-2_01_standard.set -> The-MasterMind-2_01_otp.set
2025-04-27 14:51:35,710 - INFO - Successfully optimized The-MasterMind-3_01_standard.set -> The-MasterMind-3_01_otp.set
2025-04-27 14:51:35,713 - INFO - Successfully optimized The-MasterMind_01_standard.set -> The-MasterMind_01_otp.set
2025-04-27 14:51:35,718 - INFO - Successfully optimized The-Puncher_01_standard.set -> The-Puncher_01_otp.set
2025-04-27 14:51:35,721 - INFO - Successfully optimized TheClassicTurtleTrader-no-dots-EA_01_standard.set -> TheClassicTurtleTrader-no-dots-EA_01_otp.set
2025-04-27 14:51:35,724 - INFO - Successfully optimized TheClassicTurtleTrader-no-dots_01_standard.set -> TheClassicTurtleTrader-no-dots_01_otp.set
2025-04-27 14:51:35,727 - INFO - Successfully optimized Three-indicators_01_standard.set -> Three-indicators_01_otp.set
2025-04-27 14:51:35,731 - INFO - Successfully optimized Three-neural-networks_01_standard.set -> Three-neural-networks_01_otp.set
2025-04-27 14:51:35,735 - INFO - Successfully optimized Three-timeframes_01_standard.set -> Three-timeframes_01_otp.set
2025-04-27 14:51:35,739 - INFO - Successfully optimized Three-Typical-Candles_01_standard.set -> Three-Typical-Candles_01_otp.set
2025-04-27 14:51:35,742 - INFO - Successfully optimized Time-sync-forts_01_standard.set -> Time-sync-forts_01_otp.set
2025-04-27 14:51:35,746 - INFO - Successfully optimized timer-trade_01_standard.set -> timer-trade_01_otp.set
2025-04-27 14:51:35,749 - INFO - Successfully optimized TMA-ATR-Channel_01_standard.set -> TMA-ATR-Channel_01_otp.set
2025-04-27 14:51:35,758 - INFO - Successfully optimized TMA-ATR-EA_01_standard.set -> TMA-ATR-EA_01_otp.set
2025-04-27 14:51:35,763 - INFO - Successfully optimized TMA-CG-EA_01_standard.set -> TMA-CG-EA_01_otp.set
2025-04-27 14:51:35,769 - INFO - Successfully optimized TMA-CG-Martingale-20EA_01_standard.set -> TMA-CG-Martingale-20EA_01_otp.set
2025-04-27 14:51:35,773 - INFO - Successfully optimized TMA-CG-mladen_01_standard.set -> TMA-CG-mladen_01_otp.set
2025-04-27 14:51:35,782 - INFO - Successfully optimized TMA-CG-special_01_standard.set -> TMA-CG-special_01_otp.set
2025-04-27 14:51:35,787 - INFO - Successfully optimized TMA-slope-bands_01_standard.set -> TMA-slope-bands_01_otp.set
2025-04-27 14:51:35,790 - INFO - Successfully optimized TmaTrue-2.0-with-Distances-6xx_01_standard.set -> TmaTrue-2.0-with-Distances-6xx_01_otp.set
2025-04-27 14:51:35,793 - INFO - Successfully optimized TmaTrue-3.0-with-Distances-6xx_01_standard.set -> TmaTrue-3.0-with-Distances-6xx_01_otp.set
2025-04-27 14:51:35,795 - INFO - Successfully optimized TP-with-money_01_standard.set -> TP-with-money_01_otp.set
2025-04-27 14:51:35,797 - INFO - Successfully optimized Trade-in-Channel_01_standard.set -> Trade-in-Channel_01_otp.set
2025-04-27 14:51:35,798 - INFO - Successfully optimized Trade-on-qualified-RSI_01_standard.set -> Trade-on-qualified-RSI_01_otp.set
2025-04-27 14:51:35,800 - INFO - Successfully optimized Trading-Breakout-MrThanhTan_01_standard.set -> Trading-Breakout-MrThanhTan_01_otp.set
2025-04-27 14:51:35,802 - INFO - Successfully optimized Trend-Trader-Strategy-EA_01_standard.set -> Trend-Trader-Strategy-EA_01_otp.set
2025-04-27 14:51:35,804 - INFO - Successfully optimized Trend-Trader-Strategy_01_standard.set -> Trend-Trader-Strategy_01_otp.set
2025-04-27 14:51:35,806 - INFO - Successfully optimized Tru-EA_01_standard.set -> Tru-EA_01_otp.set
2025-04-27 14:51:35,808 - INFO - Successfully optimized True-Scalper-Profit-Lock_01_standard.set -> True-Scalper-Profit-Lock_01_otp.set
2025-04-27 14:51:35,810 - INFO - Successfully optimized TrueSort-1100_01_standard.set -> TrueSort-1100_01_otp.set
2025-04-27 14:51:35,814 - INFO - Successfully optimized Tunnel-gen4_01_standard.set -> Tunnel-gen4_01_otp.set
2025-04-27 14:51:35,817 - INFO - Successfully optimized Tunnel-Method_01_standard.set -> Tunnel-Method_01_otp.set
2025-04-27 14:51:35,819 - INFO - Successfully optimized TurnGrid_01_standard.set -> TurnGrid_01_otp.set
2025-04-27 14:51:35,824 - INFO - Successfully optimized Two PerBar _01_standard.set -> Two PerBar _01_otp.set
2025-04-27 14:51:35,829 - INFO - Successfully optimized Two-20MA-20RSI-20ADX-20EA_01_standard.set -> Two-20MA-20RSI-20ADX-20EA_01_otp.set
2025-04-27 14:51:35,832 - INFO - Successfully optimized Two-20Orders-20Panel_01_standard.set -> Two-20Orders-20Panel_01_otp.set
2025-04-27 14:51:35,834 - INFO - Successfully optimized Two-pending-orders-2_01_standard.set -> Two-pending-orders-2_01_otp.set
2025-04-27 14:51:35,836 - INFO - Successfully optimized UnityPro_01_standard.set -> UnityPro_01_otp.set
2025-04-27 14:51:35,838 - INFO - Successfully optimized UniversalMACrossEA_01_standard.set -> UniversalMACrossEA_01_otp.set
2025-04-27 14:51:35,839 - INFO - Successfully optimized UniversalSignalDemo_01_standard.set -> UniversalSignalDemo_01_otp.set
2025-04-27 14:51:35,841 - INFO - Successfully optimized Universum-3.0_01_standard.set -> Universum-3.0_01_otp.set
2025-04-27 14:51:35,843 - INFO - Successfully optimized UnNomGuai-20EA_01_standard.set -> UnNomGuai-20EA_01_otp.set
2025-04-27 14:51:35,845 - INFO - Successfully optimized up3x1-Investor_01_standard.set -> up3x1-Investor_01_otp.set
2025-04-27 14:51:35,846 - INFO - Successfully optimized up3x1-premium-M_01_standard.set -> up3x1-premium-M_01_otp.set
2025-04-27 14:51:35,847 - INFO - Successfully optimized up3x1_01_standard.set -> up3x1_01_otp.set
2025-04-27 14:51:35,849 - INFO - Successfully optimized Urdala-Trol_01_standard.set -> Urdala-Trol_01_otp.set
2025-04-27 14:51:35,850 - INFO - Successfully optimized Very-Blonde-System_01_standard.set -> Very-Blonde-System_01_otp.set
2025-04-27 14:51:35,852 - INFO - Successfully optimized Virtual-Trailing-Stop_01_standard.set -> Virtual-Trailing-Stop_01_otp.set
2025-04-27 14:51:35,853 - INFO - Successfully optimized VLT-TRADER_01_standard.set -> VLT-TRADER_01_otp.set
2025-04-27 14:51:35,854 - INFO - Successfully optimized Volume-trader_01_standard.set -> Volume-trader_01_otp.set
2025-04-27 14:51:35,855 - INFO - Successfully optimized Vortex-Indicator-System_01_standard.set -> Vortex-Indicator-System_01_otp.set
2025-04-27 14:51:35,857 - INFO - Successfully optimized VR-Overturn_01_standard.set -> VR-Overturn_01_otp.set
2025-04-27 14:51:35,859 - INFO - Successfully optimized VR-ZVER-v.2_01_standard.set -> VR-ZVER-v.2_01_otp.set
2025-04-27 14:51:35,860 - INFO - Successfully optimized VR-ZVER_01_standard.set -> VR-ZVER_01_otp.set
2025-04-27 14:51:35,861 - INFO - Successfully optimized VZO_01_standard.set -> VZO_01_otp.set
2025-04-27 14:51:35,863 - INFO - Successfully optimized Waddah-Attar-Win_01_standard.set -> Waddah-Attar-Win_01_otp.set
2025-04-27 14:51:35,864 - INFO - Successfully optimized WE-TRUST_01_standard.set -> WE-TRUST_01_otp.set
2025-04-27 14:51:35,866 - INFO - Successfully optimized X-RSIOMA_01_standard.set -> X-RSIOMA_01_otp.set
2025-04-27 14:51:35,867 - INFO - Successfully optimized Yesterday-Today_01_standard.set -> Yesterday-Today_01_otp.set
2025-04-27 14:51:35,868 - INFO - Successfully optimized 10-pips-EURUSD_01_standard.set -> 10-pips-EURUSD_01_otp.set
2025-04-27 14:51:35,870 - INFO - Successfully optimized 10-pips_01_standard.set -> 10-pips_01_otp.set
2025-04-27 14:51:35,872 - INFO - Successfully optimized 1H-EUR-USD_01_standard.set -> 1H-EUR-USD_01_otp.set
2025-04-27 14:51:35,873 - INFO - Successfully optimized 20011201-GBPUSD-M1_01_standard.set -> 20011201-GBPUSD-M1_01_otp.set
2025-04-27 14:51:35,874 - INFO - Successfully optimized 21hour_01_standard.set -> 21hour_01_otp.set
2025-04-27 14:51:35,876 - INFO - Successfully optimized 2HR-HL_01_standard.set -> 2HR-HL_01_otp.set
2025-04-27 14:51:35,878 - INFO - Successfully optimized 2MA-4Level_01_standard.set -> 2MA-4Level_01_otp.set
2025-04-27 14:51:35,879 - INFO - Successfully optimized 2MA-Bunny-Cross_01_standard.set -> 2MA-Bunny-Cross_01_otp.set
2025-04-27 14:51:35,880 - INFO - Successfully optimized 3-bars-high-low-indicator_01_standard.set -> 3-bars-high-low-indicator_01_otp.set
2025-04-27 14:51:35,881 - INFO - Successfully optimized 35-Pip-Scalper_01_standard.set -> 35-Pip-Scalper_01_otp.set
2025-04-27 14:51:35,883 - INFO - Successfully optimized 3BarsHighLowEA_01_standard.set -> 3BarsHighLowEA_01_otp.set
2025-04-27 14:51:35,884 - INFO - Successfully optimized 3sma_01_standard.set -> 3sma_01_otp.set
2025-04-27 14:51:35,886 - INFO - Successfully optimized 500_01_standard.set -> 500_01_otp.set
2025-04-27 14:51:35,887 - INFO - Successfully optimized 55-MA_01_standard.set -> 55-MA_01_otp.set
2025-04-27 14:51:35,888 - INFO - Successfully optimized Above-Below-MA_01_standard.set -> Above-Below-MA_01_otp.set
2025-04-27 14:51:35,890 - INFO - Successfully optimized Absorption_01_standard.set -> Absorption_01_otp.set
2025-04-27 14:51:35,891 - INFO - Successfully optimized ADX-MACD-Deev_01_standard.set -> ADX-MACD-Deev_01_otp.set
2025-04-27 14:51:35,893 - INFO - Successfully optimized ADX-MA_01_standard.set -> ADX-MA_01_otp.set
2025-04-27 14:51:35,894 - INFO - Successfully optimized ADX-System_01_standard.set -> ADX-System_01_otp.set
2025-04-27 14:51:35,895 - INFO - Successfully optimized AIS1_01_standard.set -> AIS1_01_otp.set
2025-04-27 14:51:35,896 - INFO - Successfully optimized Alexav-D1-Profit-GBPUSD_01_standard.set -> Alexav-D1-Profit-GBPUSD_01_otp.set
2025-04-27 14:51:35,898 - INFO - Successfully optimized All-Average-Ea_01_standard.set -> All-Average-Ea_01_otp.set
2025-04-27 14:51:35,899 - INFO - Successfully optimized Alligator-Simple_01_standard.set -> Alligator-Simple_01_otp.set
2025-04-27 14:51:35,900 - INFO - Successfully optimized Alligator_01_standard.set -> Alligator_01_otp.set
2025-04-27 14:51:35,901 - INFO - Successfully optimized Altarius-RSI-Stohastic_01_standard.set -> Altarius-RSI-Stohastic_01_otp.set
2025-04-27 14:51:35,903 - INFO - Successfully optimized AMA-Trader-2_01_standard.set -> AMA-Trader-2_01_otp.set
2025-04-27 14:51:35,904 - INFO - Successfully optimized AMA-Trader_01_standard.set -> AMA-Trader_01_otp.set
2025-04-27 14:51:35,906 - INFO - Successfully optimized AO-Lightning_01_standard.set -> AO-Lightning_01_otp.set
2025-04-27 14:51:35,907 - INFO - Successfully optimized AOCCI_01_standard.set -> AOCCI_01_otp.set
2025-04-27 14:51:35,908 - INFO - Successfully optimized Arbitrage_01_standard.set -> Arbitrage_01_otp.set
2025-04-27 14:51:35,909 - INFO - Successfully optimized ArbSint_01_standard.set -> ArbSint_01_otp.set
2025-04-27 14:51:35,910 - INFO - Successfully optimized Area-MACD_01_standard.set -> Area-MACD_01_otp.set
2025-04-27 14:51:35,912 - INFO - Successfully optimized Artificial-Intelligence_01_standard.set -> Artificial-Intelligence_01_otp.set
2025-04-27 14:51:35,913 - INFO - Successfully optimized At-random-Full_01_standard.set -> At-random-Full_01_otp.set
2025-04-27 14:51:35,915 - INFO - Successfully optimized At-random_01_standard.set -> At-random_01_otp.set
2025-04-27 14:51:35,916 - INFO - Successfully optimized Auto-ADX_01_standard.set -> Auto-ADX_01_otp.set
2025-04-27 14:51:35,917 - INFO - Successfully optimized Auto-Pivot-Plotter-28Mid-Levels-29-41_01_standard.set -> Auto-Pivot-Plotter-28Mid-Levels-29-41_01_otp.set
2025-04-27 14:51:35,919 - INFO - Successfully optimized AutoLock-EA_01_standard.set -> AutoLock-EA_01_otp.set
2025-04-27 14:51:35,920 - INFO - Successfully optimized Autotrader-Momentum_01_standard.set -> Autotrader-Momentum_01_otp.set
2025-04-27 14:51:35,921 - INFO - Successfully optimized Avalanche-AV_01_standard.set -> Avalanche-AV_01_otp.set
2025-04-27 14:51:35,922 - INFO - Successfully optimized Backbone_01_standard.set -> Backbone_01_otp.set
2025-04-27 14:51:35,924 - INFO - Successfully optimized BADX_01_standard.set -> BADX_01_otp.set
2025-04-27 14:51:35,925 - INFO - Successfully optimized Bago-EA_01_standard.set -> Bago-EA_01_otp.set
2025-04-27 14:51:35,927 - INFO - Successfully optimized BalancedScalper-20EA_01_standard.set -> BalancedScalper-20EA_01_otp.set
2025-04-27 14:51:35,928 - INFO - Successfully optimized Bands-2_01_standard.set -> Bands-2_01_otp.set
2025-04-27 14:51:35,929 - INFO - Successfully optimized BARS-Alligator_01_standard.set -> BARS-Alligator_01_otp.set
2025-04-27 14:51:35,930 - INFO - Successfully optimized Basic-CCI-RSI_01_standard.set -> Basic-CCI-RSI_01_otp.set
2025-04-27 14:51:35,932 - INFO - Successfully optimized Basic-Martingale-EA-3_01_standard.set -> Basic-Martingale-EA-3_01_otp.set
2025-04-27 14:51:35,933 - INFO - Successfully optimized BBPercentile-EA_01_standard.set -> BBPercentile-EA_01_otp.set
2025-04-27 14:51:35,935 - INFO - Successfully optimized BBPercentile_01_standard.set -> BBPercentile_01_otp.set
2025-04-27 14:51:35,936 - INFO - Successfully optimized BDCrossOver-20EA_01_standard.set -> BDCrossOver-20EA_01_otp.set
2025-04-27 14:51:35,937 - INFO - Successfully optimized BIG-DOG_01_standard.set -> BIG-DOG_01_otp.set
2025-04-27 14:51:35,939 - INFO - Successfully optimized Bill-Williams_01_standard.set -> Bill-Williams_01_otp.set
2025-04-27 14:51:35,941 - INFO - Successfully optimized Bollinger-Band-Two-MA-and-Zig-Zag_01_standard.set -> Bollinger-Band-Two-MA-and-Zig-Zag_01_otp.set
2025-04-27 14:51:35,942 - INFO - Successfully optimized Bollinger-Bands-N-positions_01_standard.set -> Bollinger-Bands-N-positions_01_otp.set
2025-04-27 14:51:35,943 - INFO - Successfully optimized Bollinger-Bands-RSI_01_standard.set -> Bollinger-Bands-RSI_01_otp.set
2025-04-27 14:51:35,944 - INFO - Successfully optimized bollinger_01_standard.set -> bollinger_01_otp.set
2025-04-27 14:51:35,945 - INFO - Successfully optimized Brakeout-Trader_01_standard.set -> Brakeout-Trader_01_otp.set
2025-04-27 14:51:35,947 - INFO - Successfully optimized Brandy_01_standard.set -> Brandy_01_otp.set
2025-04-27 14:51:35,948 - INFO - Successfully optimized Breadandbutter2_01_standard.set -> Breadandbutter2_01_otp.set
2025-04-27 14:51:35,949 - INFO - Successfully optimized Breakdown-catcher_01_standard.set -> Breakdown-catcher_01_otp.set
2025-04-27 14:51:35,950 - INFO - Successfully optimized breakdown_01_standard.set -> breakdown_01_otp.set
2025-04-27 14:51:35,952 - INFO - Successfully optimized Breakout-Str_01_standard.set -> Breakout-Str_01_otp.set
2025-04-27 14:51:35,954 - INFO - Successfully optimized Bronze-Warrioir_01_standard.set -> Bronze-Warrioir_01_otp.set
2025-04-27 14:51:35,955 - INFO - Successfully optimized Bruno_01_standard.set -> Bruno_01_otp.set
2025-04-27 14:51:35,956 - INFO - Successfully optimized BSS-1-0_01_standard.set -> BSS-1-0_01_otp.set
2025-04-27 14:51:35,957 - INFO - Successfully optimized Bullish-and-Bearish-Engulfing_01_standard.set -> Bullish-and-Bearish-Engulfing_01_otp.set
2025-04-27 14:51:35,959 - INFO - Successfully optimized Burg-Extrapolator_01_standard.set -> Burg-Extrapolator_01_otp.set
2025-04-27 14:51:35,960 - INFO - Successfully optimized BykovTrend-EA_01_standard.set -> BykovTrend-EA_01_otp.set
2025-04-27 14:51:35,962 - INFO - Successfully optimized Calculate-lotsize-and-Trailling-stop_01_standard.set -> Calculate-lotsize-and-Trailling-stop_01_otp.set
2025-04-27 14:51:35,963 - INFO - Successfully optimized candlepatternsexample_01_standard.set -> candlepatternsexample_01_otp.set
2025-04-27 14:51:35,964 - INFO - Successfully optimized Candle_01_standard.set -> Candle_01_otp.set
2025-04-27 14:51:35,966 - INFO - Successfully optimized Carbophos_01_standard.set -> Carbophos_01_otp.set
2025-04-27 14:51:35,967 - INFO - Successfully optimized CashMachine-5min_01_standard.set -> CashMachine-5min_01_otp.set
2025-04-27 14:51:35,968 - INFO - Successfully optimized CCI-MACD-Scalper_01_standard.set -> CCI-MACD-Scalper_01_otp.set
2025-04-27 14:51:35,970 - INFO - Successfully optimized Cidomo_01_standard.set -> Cidomo_01_otp.set
2025-04-27 14:51:35,971 - INFO - Successfully optimized CloseAgent_01_standard.set -> CloseAgent_01_otp.set
2025-04-27 14:51:35,972 - INFO - Successfully optimized CloseProfit_01_standard.set -> CloseProfit_01_otp.set
2025-04-27 14:51:35,973 - INFO - Successfully optimized cloud's-trade-2_01_standard.set -> cloud's-trade-2_01_otp.set
2025-04-27 14:51:35,975 - INFO - Successfully optimized CLOUD_01_standard.set -> CLOUD_01_otp.set
2025-04-27 14:51:35,976 - INFO - Successfully optimized Constituents-EA_01_standard.set -> Constituents-EA_01_otp.set
2025-04-27 14:51:35,977 - INFO - Successfully optimized Contrarian-trade-MA_01_standard.set -> Contrarian-trade-MA_01_otp.set
2025-04-27 14:51:35,979 - INFO - Successfully optimized Crossing-Moving-Average_01_standard.set -> Crossing-Moving-Average_01_otp.set
2025-04-27 14:51:35,980 - INFO - Successfully optimized CrossMA_01_standard.set -> CrossMA_01_otp.set
2025-04-27 14:51:35,981 - INFO - Successfully optimized Currencyprofits-01.1_01_standard.set -> Currencyprofits-01.1_01_otp.set
2025-04-27 14:51:35,983 - INFO - Successfully optimized Daily-20reversal-20-20EA_01_standard.set -> Daily-20reversal-20-20EA_01_otp.set
2025-04-27 14:51:35,984 - INFO - Successfully optimized Daily-BreakPoint_01_standard.set -> Daily-BreakPoint_01_otp.set
2025-04-27 14:51:35,986 - INFO - Successfully optimized Daily-Open-EA_01_standard.set -> Daily-Open-EA_01_otp.set
2025-04-27 14:51:35,987 - INFO - Successfully optimized Daily-range_01_standard.set -> Daily-range_01_otp.set
2025-04-27 14:51:35,989 - INFO - Successfully optimized Day-Trading-PAMXA_01_standard.set -> Day-Trading-PAMXA_01_otp.set
2025-04-27 14:51:35,990 - INFO - Successfully optimized Daydream_01_standard.set -> Daydream_01_otp.set
2025-04-27 14:51:35,991 - INFO - Successfully optimized DayTrading_01_standard.set -> DayTrading_01_otp.set
2025-04-27 14:51:35,992 - INFO - Successfully optimized Dealers-Trade-v-7.74-MACD_01_standard.set -> Dealers-Trade-v-7.74-MACD_01_otp.set
2025-04-27 14:51:35,994 - INFO - Successfully optimized Deep-Drawdown-MA_01_standard.set -> Deep-Drawdown-MA_01_otp.set
2025-04-27 14:51:35,996 - INFO - Successfully optimized DeMarker-gaining-position-volume-2_01_standard.set -> DeMarker-gaining-position-volume-2_01_otp.set
2025-04-27 14:51:35,997 - INFO - Successfully optimized DeMarker-gaining-position-volume_01_standard.set -> DeMarker-gaining-position-volume_01_otp.set
2025-04-27 14:51:35,999 - INFO - Successfully optimized DeMarker-Pending-2-5_01_standard.set -> DeMarker-Pending-2-5_01_otp.set
2025-04-27 14:51:36,001 - INFO - Successfully optimized DeMarker-Pending-2_01_standard.set -> DeMarker-Pending-2_01_otp.set
2025-04-27 14:51:36,002 - INFO - Successfully optimized DeMarker-Pending_01_standard.set -> DeMarker-Pending_01_otp.set
2025-04-27 14:51:36,004 - INFO - Successfully optimized Dematus_01_standard.set -> Dematus_01_otp.set
2025-04-27 14:51:36,005 - INFO - Successfully optimized Divergence-20for-20many-20indicator_01_standard.set -> Divergence-20for-20many-20indicator_01_otp.set
2025-04-27 14:51:36,007 - INFO - Successfully optimized Divergence-EA_01_standard.set -> Divergence-EA_01_otp.set
2025-04-27 14:51:36,008 - INFO - Successfully optimized Doji-Arrows_01_standard.set -> Doji-Arrows_01_otp.set
2025-04-27 14:51:36,010 - INFO - Successfully optimized DojiTrader_01_standard.set -> DojiTrader_01_otp.set
2025-04-27 14:51:36,011 - INFO - Successfully optimized Donchian-Chanel-EA_01_standard.set -> Donchian-Chanel-EA_01_otp.set
2025-04-27 14:51:36,013 - INFO - Successfully optimized DoubleHullMA-EA_01_standard.set -> DoubleHullMA-EA_01_otp.set
2025-04-27 14:51:36,014 - INFO - Successfully optimized DoubleHullMA_01_standard.set -> DoubleHullMA_01_otp.set
2025-04-27 14:51:36,016 - INFO - Successfully optimized DoubleMA-Crossover-EA_01_standard.set -> DoubleMA-Crossover-EA_01_otp.set
2025-04-27 14:51:36,017 - INFO - Successfully optimized Doubler_01_standard.set -> Doubler_01_otp.set
2025-04-27 14:51:36,019 - INFO - Successfully optimized dummy_01_standard.set -> dummy_01_otp.set
2025-04-27 14:51:36,020 - INFO - Successfully optimized Dynamic-averaging_01_standard.set -> Dynamic-averaging_01_otp.set
2025-04-27 14:51:36,021 - INFO - Successfully optimized e-Breakeven_01_standard.set -> e-Breakeven_01_otp.set
2025-04-27 14:51:36,022 - INFO - Successfully optimized E-Friday_01_standard.set -> E-Friday_01_otp.set
2025-04-27 14:51:36,024 - INFO - Successfully optimized E-Skoch-Open_01_standard.set -> E-Skoch-Open_01_otp.set
2025-04-27 14:51:36,025 - INFO - Successfully optimized e-Skoch-pending-orders_01_standard.set -> e-Skoch-pending-orders_01_otp.set
2025-04-27 14:51:36,026 - INFO - Successfully optimized e-Smart-Trailing_01_standard.set -> e-Smart-Trailing_01_otp.set
2025-04-27 14:51:36,027 - INFO - Successfully optimized e-TurboFx_01_standard.set -> e-TurboFx_01_otp.set
2025-04-27 14:51:36,028 - INFO - Successfully optimized EA-Close_01_standard.set -> EA-Close_01_otp.set
2025-04-27 14:51:36,030 - INFO - Successfully optimized EA-MA-Stoch-RSI_01_standard.set -> EA-MA-Stoch-RSI_01_otp.set
2025-04-27 14:51:36,032 - INFO - Successfully optimized EA-Moving-Average_01_standard.set -> EA-Moving-Average_01_otp.set
2025-04-27 14:51:36,033 - INFO - Successfully optimized Elite-eFibo-Trader_01_standard.set -> Elite-eFibo-Trader_01_otp.set
2025-04-27 14:51:36,034 - INFO - Successfully optimized EMA-6.12_01_standard.set -> EMA-6.12_01_otp.set
2025-04-27 14:51:36,035 - INFO - Successfully optimized EMA-CROSS_01_standard.set -> EMA-CROSS_01_otp.set
2025-04-27 14:51:36,036 - INFO - Successfully optimized EMA-LWMA-RSI_01_standard.set -> EMA-LWMA-RSI_01_otp.set
2025-04-27 14:51:36,038 - INFO - Successfully optimized EMA-RSI-EA_01_standard.set -> EMA-RSI-EA_01_otp.set
2025-04-27 14:51:36,039 - INFO - Successfully optimized EMA-WMA_01_standard.set -> EMA-WMA_01_otp.set
2025-04-27 14:51:36,040 - INFO - Successfully optimized EMA_01_standard.set -> EMA_01_otp.set
2025-04-27 14:51:36,041 - INFO - Successfully optimized Eugene_01_standard.set -> Eugene_01_otp.set
2025-04-27 14:51:36,043 - INFO - Successfully optimized eur-usd-m5_01_standard.set -> eur-usd-m5_01_otp.set
2025-04-27 14:51:36,044 - INFO - Successfully optimized EURUSD-breakout_01_standard.set -> EURUSD-breakout_01_otp.set
2025-04-27 14:51:36,045 - INFO - Successfully optimized Executer-AC_01_standard.set -> Executer-AC_01_otp.set
2025-04-27 14:51:36,046 - INFO - Successfully optimized Executor-AO_01_standard.set -> Executor-AO_01_otp.set
2025-04-27 14:51:36,048 - INFO - Successfully optimized Executor-Candles_01_standard.set -> Executor-Candles_01_otp.set
2025-04-27 14:51:36,049 - INFO - Successfully optimized exp-Amstell_01_standard.set -> exp-Amstell_01_otp.set
2025-04-27 14:51:36,050 - INFO - Successfully optimized Expert-NEWS_01_standard.set -> Expert-NEWS_01_otp.set
2025-04-27 14:51:36,052 - INFO - Successfully optimized Expert-RSI-Stochastic-MA_01_standard.set -> Expert-RSI-Stochastic-MA_01_otp.set
2025-04-27 14:51:36,053 - INFO - Successfully optimized ExtremePrice-EA_01_standard.set -> ExtremePrice-EA_01_otp.set
2025-04-27 14:51:36,055 - INFO - Successfully optimized FiboRetracement-20EA_01_standard.set -> FiboRetracement-20EA_01_otp.set
2025-04-27 14:51:36,056 - INFO - Successfully optimized Firebird_01_standard.set -> Firebird_01_otp.set
2025-04-27 14:51:36,058 - INFO - Successfully optimized Firestorm-EA_01_standard.set -> Firestorm-EA_01_otp.set
2025-04-27 14:51:36,059 - INFO - Successfully optimized Firestorm-indicator_01_standard.set -> Firestorm-indicator_01_otp.set
2025-04-27 14:51:36,060 - INFO - Successfully optimized Fluctuate_01_standard.set -> Fluctuate_01_otp.set
2025-04-27 14:51:36,061 - INFO - Successfully optimized Forex-Fraus-M1_01_standard.set -> Forex-Fraus-M1_01_otp.set
2025-04-27 14:51:36,063 - INFO - Successfully optimized Forex-Profit_01_standard.set -> Forex-Profit_01_otp.set
2025-04-27 14:51:36,064 - INFO - Successfully optimized Fractals-minimum-distance_01_standard.set -> Fractals-minimum-distance_01_otp.set
2025-04-27 14:51:36,066 - INFO - Successfully optimized Fraktrak-xonax_01_standard.set -> Fraktrak-xonax_01_otp.set
2025-04-27 14:51:36,067 - INFO - Successfully optimized Frank-Ud_01_standard.set -> Frank-Ud_01_otp.set
2025-04-27 14:51:36,068 - INFO - Successfully optimized FT-CCI_01_standard.set -> FT-CCI_01_otp.set
2025-04-27 14:51:36,069 - INFO - Successfully optimized Fuzzy-logic_01_standard.set -> Fuzzy-logic_01_otp.set
2025-04-27 14:51:36,070 - INFO - Successfully optimized GalacticExplosion_01_standard.set -> GalacticExplosion_01_otp.set
2025-04-27 14:51:36,072 - INFO - Successfully optimized Gandalf-PRO_01_standard.set -> Gandalf-PRO_01_otp.set
2025-04-27 14:51:36,073 - INFO - Successfully optimized Gap-DM_01_standard.set -> Gap-DM_01_otp.set
2025-04-27 14:51:36,074 - INFO - Successfully optimized GAP-EA_01_standard.set -> GAP-EA_01_otp.set
2025-04-27 14:51:36,075 - INFO - Successfully optimized Gaps_01_standard.set -> Gaps_01_otp.set
2025-04-27 14:51:36,077 - INFO - Successfully optimized GBP9AM_01_standard.set -> GBP9AM_01_otp.set
2025-04-27 14:51:36,078 - INFO - Successfully optimized GbpChf_01_standard.set -> GbpChf_01_otp.set
2025-04-27 14:51:36,080 - INFO - Successfully optimized Gold-Dust_01_standard.set -> Gold-Dust_01_otp.set
2025-04-27 14:51:36,081 - INFO - Successfully optimized GO_01_standard.set -> GO_01_otp.set
2025-04-27 14:51:36,082 - INFO - Successfully optimized GreenTrade_01_standard.set -> GreenTrade_01_otp.set
2025-04-27 14:51:36,084 - INFO - Successfully optimized Grid-Martingale_01_standard.set -> Grid-Martingale_01_otp.set
2025-04-27 14:51:36,086 - INFO - Successfully optimized GridEA_01_standard.set -> GridEA_01_otp.set
2025-04-27 14:51:36,087 - INFO - Successfully optimized Grid_01_standard.set -> Grid_01_otp.set
2025-04-27 14:51:36,088 - INFO - Successfully optimized HarVesteR_01_standard.set -> HarVesteR_01_otp.set
2025-04-27 14:51:36,089 - INFO - Successfully optimized HedgeEA_01_standard.set -> HedgeEA_01_otp.set
2025-04-27 14:51:36,090 - INFO - Successfully optimized hedger_01_standard.set -> hedger_01_otp.set
2025-04-27 14:51:36,092 - INFO - Successfully optimized Hedging-EA_01_standard.set -> Hedging-EA_01_otp.set
2025-04-27 14:51:36,094 - INFO - Successfully optimized Heiken-Ashi-Smoothed-EA-with-MA_01_standard.set -> Heiken-Ashi-Smoothed-EA-with-MA_01_otp.set
2025-04-27 14:51:36,096 - INFO - Successfully optimized Heiken-Ashi-Smoothed-EA_01_standard.set -> Heiken-Ashi-Smoothed-EA_01_otp.set
2025-04-27 14:51:36,097 - INFO - Successfully optimized heiken-ashi-smoothedLine_01_standard.set -> heiken-ashi-smoothedLine_01_otp.set
2025-04-27 14:51:36,099 - INFO - Successfully optimized heiken-ashi-smoothed_01_standard.set -> heiken-ashi-smoothed_01_otp.set
2025-04-27 14:51:36,100 - INFO - Successfully optimized HeikenAshi-Lines-EA_01_standard.set -> HeikenAshi-Lines-EA_01_otp.set
2025-04-27 14:51:36,102 - INFO - Successfully optimized HeikenAshi-Lines_01_standard.set -> HeikenAshi-Lines_01_otp.set
2025-04-27 14:51:36,103 - INFO - Successfully optimized Heinken-Ashi-Color-Candles_01_standard.set -> Heinken-Ashi-Color-Candles_01_otp.set
2025-04-27 14:51:36,104 - INFO - Successfully optimized HelloSmart_01_standard.set -> HelloSmart_01_otp.set
2025-04-27 14:51:36,106 - INFO - Successfully optimized High-Low-EA_01_standard.set -> High-Low-EA_01_otp.set
2025-04-27 14:51:36,107 - INFO - Successfully optimized High-Low-Indicator_01_standard.set -> High-Low-Indicator_01_otp.set
2025-04-27 14:51:36,108 - INFO - Successfully optimized Hoop-master-2_01_standard.set -> Hoop-master-2_01_otp.set
2025-04-27 14:51:36,109 - INFO - Successfully optimized iCCI-iMA_01_standard.set -> iCCI-iMA_01_otp.set
2025-04-27 14:51:36,111 - INFO - Successfully optimized ICH-With-Alert-Derekers-EA_01_standard.set -> ICH-With-Alert-Derekers-EA_01_otp.set
2025-04-27 14:51:36,112 - INFO - Successfully optimized ICH-With-Alert-Derekers_01_standard.set -> ICH-With-Alert-Derekers_01_otp.set
2025-04-27 14:51:36,114 - INFO - Successfully optimized ichimok2005_01_standard.set -> ichimok2005_01_otp.set
2025-04-27 14:51:36,115 - INFO - Successfully optimized Ichimoku-20Kijun-20Alert_01_standard.set -> Ichimoku-20Kijun-20Alert_01_otp.set
2025-04-27 14:51:36,116 - INFO - Successfully optimized Ichimoku-20Tenkan-20Alert_01_standard.set -> Ichimoku-20Tenkan-20Alert_01_otp.set
2025-04-27 14:51:36,117 - INFO - Successfully optimized Ichimoku-Scanner_01_standard.set -> Ichimoku-Scanner_01_otp.set
2025-04-27 14:51:36,119 - INFO - Successfully optimized Ichimoku-Signals-and-Alert_01_standard.set -> Ichimoku-Signals-and-Alert_01_otp.set
2025-04-27 14:51:36,120 - INFO - Successfully optimized IchimokuMTF-EA_01_standard.set -> IchimokuMTF-EA_01_otp.set
2025-04-27 14:51:36,122 - INFO - Successfully optimized Ichimoku_01_standard.set -> Ichimoku_01_otp.set
2025-04-27 14:51:36,123 - INFO - Successfully optimized Ilan-iMA_01_standard.set -> Ilan-iMA_01_otp.set
2025-04-27 14:51:36,124 - INFO - Successfully optimized Ilan1.4_01_standard.set -> Ilan1.4_01_otp.set
2025-04-27 14:51:36,125 - INFO - Successfully optimized iMA-iStdDev_01_standard.set -> iMA-iStdDev_01_otp.set
2025-04-27 14:51:36,127 - INFO - Successfully optimized Indices-Tester_01_standard.set -> Indices-Tester_01_otp.set
2025-04-27 14:51:36,129 - INFO - Successfully optimized Inka-20Edho-20EA_01_standard.set -> Inka-20Edho-20EA_01_otp.set
2025-04-27 14:51:36,130 - INFO - Successfully optimized Intersection-2-iMA_01_standard.set -> Intersection-2-iMA_01_otp.set
2025-04-27 14:51:36,131 - INFO - Successfully optimized IStochastic-Trading_01_standard.set -> IStochastic-Trading_01_otp.set
2025-04-27 14:51:36,132 - INFO - Successfully optimized Ivan_01_standard.set -> Ivan_01_otp.set
2025-04-27 14:51:36,134 - INFO - Successfully optimized iVIDyA-Simple_01_standard.set -> iVIDyA-Simple_01_otp.set
2025-04-27 14:51:36,136 - INFO - Successfully optimized Jackpot-Strategy-EA_01_standard.set -> Jackpot-Strategy-EA_01_otp.set
2025-04-27 14:51:36,138 - INFO - Successfully optimized JackPot-Strategy-Elite_01_standard.set -> JackPot-Strategy-Elite_01_otp.set
2025-04-27 14:51:36,139 - INFO - Successfully optimized JK-BullP-AutoTrader_01_standard.set -> JK-BullP-AutoTrader_01_otp.set
2025-04-27 14:51:36,140 - INFO - Successfully optimized JS-Chaos_01_standard.set -> JS-Chaos_01_otp.set
2025-04-27 14:51:36,142 - INFO - Successfully optimized JS-MA-Day_01_standard.set -> JS-MA-Day_01_otp.set
2025-04-27 14:51:36,143 - INFO - Successfully optimized JS-MA-SAR-Trades_01_standard.set -> JS-MA-SAR-Trades_01_otp.set
2025-04-27 14:51:36,145 - INFO - Successfully optimized KA-Gold-Bot_01_standard.set -> KA-Gold-Bot_01_otp.set
2025-04-27 14:51:36,147 - INFO - Successfully optimized Kue-Electric-EA_01_standard.set -> Kue-Electric-EA_01_otp.set
2025-04-27 14:51:36,148 - INFO - Successfully optimized KueFx-20Arrows_01_standard.set -> KueFx-20Arrows_01_otp.set
2025-04-27 14:51:36,149 - INFO - Successfully optimized KueFx-20Baseline_01_standard.set -> KueFx-20Baseline_01_otp.set
2025-04-27 14:51:36,151 - INFO - Successfully optimized KueFx-Arrows-20EA_01_standard.set -> KueFx-Arrows-20EA_01_otp.set
2025-04-27 14:51:36,153 - INFO - Successfully optimized KueFx-Arrows-EA_01_standard.set -> KueFx-Arrows-EA_01_otp.set
2025-04-27 14:51:36,154 - INFO - Successfully optimized KueFx-Arrows_01_standard.set -> KueFx-Arrows_01_otp.set
2025-04-27 14:51:36,156 - INFO - Successfully optimized KueFx-Baseline-EA_01_standard.set -> KueFx-Baseline-EA_01_otp.set
2025-04-27 14:51:36,157 - INFO - Successfully optimized KueFx-Baseline_01_standard.set -> KueFx-Baseline_01_otp.set
2025-04-27 14:51:36,159 - INFO - Successfully optimized KueFx-Clean-2025-EA_01_standard.set -> KueFx-Clean-2025-EA_01_otp.set
2025-04-27 14:51:36,161 - INFO - Successfully optimized KueFx-Extreme-EA_01_standard.set -> KueFx-Extreme-EA_01_otp.set
2025-04-27 14:51:36,163 - INFO - Successfully optimized KueFx-Harare-EA_01_standard.set -> KueFx-Harare-EA_01_otp.set
2025-04-27 14:51:36,164 - INFO - Successfully optimized KueFX-Money-Management_01_standard.set -> KueFX-Money-Management_01_otp.set
2025-04-27 14:51:36,166 - INFO - Successfully optimized KueFx-Motor-EA_01_standard.set -> KueFx-Motor-EA_01_otp.set
2025-04-27 14:51:36,168 - INFO - Successfully optimized KueFx-Motor_01_standard.set -> KueFx-Motor_01_otp.set
2025-04-27 14:51:36,170 - INFO - Successfully optimized KueFx-Trend_01_standard.set -> KueFx-Trend_01_otp.set
2025-04-27 14:51:36,171 - INFO - Successfully optimized KueFxTrend-20EA_01_standard.set -> KueFxTrend-20EA_01_otp.set
2025-04-27 14:51:36,173 - INFO - Successfully optimized KueFxTrend-EA_01_standard.set -> KueFxTrend-EA_01_otp.set
2025-04-27 14:51:36,174 - INFO - Successfully optimized LarryConnersRSI2_01_standard.set -> LarryConnersRSI2_01_otp.set
2025-04-27 14:51:36,176 - INFO - Successfully optimized Last-ZZ50_01_standard.set -> Last-ZZ50_01_otp.set
2025-04-27 14:51:36,177 - INFO - Successfully optimized Lavika100_01_standard.set -> Lavika100_01_otp.set
2025-04-27 14:51:36,178 - INFO - Successfully optimized LBS_01_standard.set -> LBS_01_otp.set
2025-04-27 14:51:36,179 - INFO - Successfully optimized Lego-EA_01_standard.set -> Lego-EA_01_otp.set
2025-04-27 14:51:36,180 - INFO - Successfully optimized Lesson-3-Price-Action_01_standard.set -> Lesson-3-Price-Action_01_otp.set
2025-04-27 14:51:36,181 - INFO - Successfully optimized Lesson-4-Price-Action-MA-Filter_01_standard.set -> Lesson-4-Price-Action-MA-Filter_01_otp.set
2025-04-27 14:51:36,183 - INFO - Successfully optimized Lesson-6-Trailling-ATR_01_standard.set -> Lesson-6-Trailling-ATR_01_otp.set
2025-04-27 14:51:36,184 - INFO - Successfully optimized Lesson-7-Price-action-Ket-hop-Volume-VSA_01_standard.set -> Lesson-7-Price-action-Ket-hop-Volume-VSA_01_otp.set
2025-04-27 14:51:36,185 - INFO - Successfully optimized Little-EA_01_standard.set -> Little-EA_01_otp.set
2025-04-27 14:51:36,187 - INFO - Successfully optimized Locker_01_standard.set -> Locker_01_otp.set
2025-04-27 14:51:36,188 - INFO - Successfully optimized Lock_01_standard.set -> Lock_01_otp.set
2025-04-27 14:51:36,189 - INFO - Successfully optimized Lucky_01_standard.set -> Lucky_01_otp.set
2025-04-27 14:51:36,191 - INFO - Successfully optimized MA-20Alert_01_standard.set -> MA-20Alert_01_otp.set
2025-04-27 14:51:36,192 - INFO - Successfully optimized MA-20AO-20Arrow_01_standard.set -> MA-20AO-20Arrow_01_otp.set
2025-04-27 14:51:36,193 - INFO - Successfully optimized MA-AO-EA_01_standard.set -> MA-AO-EA_01_otp.set
2025-04-27 14:51:36,194 - INFO - Successfully optimized ma-channels_01_standard.set -> ma-channels_01_otp.set
2025-04-27 14:51:36,196 - INFO - Successfully optimized MA-Cross_01_standard.set -> MA-Cross_01_otp.set
2025-04-27 14:51:36,197 - INFO - Successfully optimized MA-Envelopes_01_standard.set -> MA-Envelopes_01_otp.set
2025-04-27 14:51:36,199 - INFO - Successfully optimized MA-MACD-Position-averaging_01_standard.set -> MA-MACD-Position-averaging_01_otp.set
2025-04-27 14:51:36,200 - INFO - Successfully optimized MA-Trend_01_standard.set -> MA-Trend_01_otp.set
2025-04-27 14:51:36,201 - INFO - Successfully optimized MA2CCI_01_standard.set -> MA2CCI_01_otp.set
2025-04-27 14:51:36,202 - INFO - Successfully optimized MACD-and-SAR_01_standard.set -> MACD-and-SAR_01_otp.set
2025-04-27 14:51:36,204 - INFO - Successfully optimized MACD-Cleaner_01_standard.set -> MACD-Cleaner_01_otp.set
2025-04-27 14:51:36,205 - INFO - Successfully optimized MACD-EA-H4_01_standard.set -> MACD-EA-H4_01_otp.set
2025-04-27 14:51:36,206 - INFO - Successfully optimized MACD-No-Sample_01_standard.set -> MACD-No-Sample_01_otp.set
2025-04-27 14:51:36,207 - INFO - Successfully optimized MACD-signal_01_standard.set -> MACD-signal_01_otp.set
2025-04-27 14:51:36,209 - INFO - Successfully optimized MACD-Stochastic-2_01_standard.set -> MACD-Stochastic-2_01_otp.set
2025-04-27 14:51:36,211 - INFO - Successfully optimized MACD-Stochastic_01_standard.set -> MACD-Stochastic_01_otp.set
2025-04-27 14:51:36,212 - INFO - Successfully optimized MACDCCI_01_standard.set -> MACDCCI_01_otp.set
2025-04-27 14:51:36,213 - INFO - Successfully optimized MacdPatternTraderAll0.01_01_standard.set -> MacdPatternTraderAll0.01_01_otp.set
2025-04-27 14:51:36,215 - INFO - Successfully optimized MacdPatternTraderAll_01_standard.set -> MacdPatternTraderAll_01_otp.set
2025-04-27 14:51:36,216 - INFO - Successfully optimized MACD_01_standard.set -> MACD_01_otp.set
2025-04-27 14:51:36,218 - INFO - Successfully optimized MAGrid_01_standard.set -> MAGrid_01_otp.set
2025-04-27 14:51:36,219 - INFO - Successfully optimized MAMACD_01_standard.set -> MAMACD_01_otp.set
2025-04-27 14:51:36,220 - INFO - Successfully optimized Market-Capture_01_standard.set -> Market-Capture_01_otp.set
2025-04-27 14:51:36,222 - INFO - Successfully optimized Martin-1_01_standard.set -> Martin-1_01_otp.set
2025-04-27 14:51:36,223 - INFO - Successfully optimized Martin-for-small-deposits_01_standard.set -> Martin-for-small-deposits_01_otp.set
2025-04-27 14:51:36,225 - INFO - Successfully optimized MartingailExpert_01_standard.set -> MartingailExpert_01_otp.set
2025-04-27 14:51:36,226 - INFO - Successfully optimized MartinGaleBreakout_01_standard.set -> MartinGaleBreakout_01_otp.set
2025-04-27 14:51:36,228 - INFO - Successfully optimized Martin_01_standard.set -> Martin_01_otp.set
2025-04-27 14:51:36,229 - INFO - Successfully optimized Marubozu-EA_01_standard.set -> Marubozu-EA_01_otp.set
2025-04-27 14:51:36,230 - INFO - Successfully optimized Marubozu_01_standard.set -> Marubozu_01_otp.set
2025-04-27 14:51:36,232 - INFO - Successfully optimized MelBar-EuSwiss-1.85_01_standard.set -> MelBar-EuSwiss-1.85_01_otp.set
2025-04-27 14:51:36,233 - INFO - Successfully optimized MelBar™Take325-™-5.5Y-NZD-USD_01_standard.set -> MelBar™Take325-™-5.5Y-NZD-USD_01_otp.set
2025-04-27 14:51:36,234 - INFO - Successfully optimized Mobo-Bands-EA_01_standard.set -> Mobo-Bands-EA_01_otp.set
2025-04-27 14:51:36,235 - INFO - Successfully optimized Mobo-Bands_01_standard.set -> Mobo-Bands_01_otp.set
2025-04-27 14:51:36,237 - INFO - Successfully optimized Modified-Moving-Averages_01_standard.set -> Modified-Moving-Averages_01_otp.set
2025-04-27 14:51:36,238 - INFO - Successfully optimized Momentum-M15_01_standard.set -> Momentum-M15_01_otp.set
2025-04-27 14:51:36,239 - INFO - Successfully optimized Momo-trades_01_standard.set -> Momo-trades_01_otp.set
2025-04-27 14:51:36,241 - INFO - Successfully optimized Money-Fixed-Margin_01_standard.set -> Money-Fixed-Margin_01_otp.set
2025-04-27 14:51:36,242 - INFO - Successfully optimized Money-Fixed-Risk_01_standard.set -> Money-Fixed-Risk_01_otp.set
2025-04-27 14:51:36,243 - INFO - Successfully optimized MoneyRain_01_standard.set -> MoneyRain_01_otp.set
2025-04-27 14:51:36,244 - INFO - Successfully optimized Morning-evening-star-EA_01_standard.set -> Morning-evening-star-EA_01_otp.set
2025-04-27 14:51:36,246 - INFO - Successfully optimized MostasHaR15-Pivot_01_standard.set -> MostasHaR15-Pivot_01_otp.set
2025-04-27 14:51:36,247 - INFO - Successfully optimized Moving-20average-20and-20ichimoku-20EA_01_standard.set -> Moving-20average-20and-20ichimoku-20EA_01_otp.set
2025-04-27 14:51:36,248 - INFO - Successfully optimized Moving-Average-Trade-System_01_standard.set -> Moving-Average-Trade-System_01_otp.set
2025-04-27 14:51:36,249 - INFO - Successfully optimized Moving-Averages_01_standard.set -> Moving-Averages_01_otp.set
2025-04-27 14:51:36,251 - INFO - Successfully optimized MovingAverageMartinGale_01_standard.set -> MovingAverageMartinGale_01_otp.set
2025-04-27 14:51:36,252 - INFO - Successfully optimized MovingAverage_01_standard.set -> MovingAverage_01_otp.set
2025-04-27 14:51:36,254 - INFO - Successfully optimized MQL5-Wizard-MA-RSI_01_standard.set -> MQL5-Wizard-MA-RSI_01_otp.set
2025-04-27 14:51:36,255 - INFO - Successfully optimized MQL5-Wizard-MACD-Parabolic-SAR_01_standard.set -> MQL5-Wizard-MACD-Parabolic-SAR_01_otp.set
2025-04-27 14:51:36,256 - INFO - Successfully optimized MTC-Сombo_01_standard.set -> MTC-Сombo_01_otp.set
2025-04-27 14:51:36,257 - INFO - Successfully optimized Multi-Stochastic_01_standard.set -> Multi-Stochastic_01_otp.set
2025-04-27 14:51:36,259 - INFO - Successfully optimized MultiMartin_01_standard.set -> MultiMartin_01_otp.set
2025-04-27 14:51:36,260 - INFO - Successfully optimized MySystem_01_standard.set -> MySystem_01_otp.set
2025-04-27 14:51:36,261 - INFO - Successfully optimized N-Candles_01_standard.set -> N-Candles_01_otp.set
2025-04-27 14:51:36,262 - INFO - Successfully optimized Nevalyashka-BreakdownLevel_01_standard.set -> Nevalyashka-BreakdownLevel_01_otp.set
2025-04-27 14:51:36,263 - INFO - Successfully optimized Nevalyashka3-1_01_standard.set -> Nevalyashka3-1_01_otp.set
2025-04-27 14:51:36,265 - INFO - Successfully optimized Nevalyashka_01_standard.set -> Nevalyashka_01_otp.set
2025-04-27 14:51:36,266 - INFO - Successfully optimized New-Martin_01_standard.set -> New-Martin_01_otp.set
2025-04-27 14:51:36,267 - INFO - Successfully optimized New-Random_01_standard.set -> New-Random_01_otp.set
2025-04-27 14:51:36,269 - INFO - Successfully optimized Nextbar_01_standard.set -> Nextbar_01_otp.set
2025-04-27 14:51:36,270 - INFO - Successfully optimized Night-Flat-Trade_01_standard.set -> Night-Flat-Trade_01_otp.set
2025-04-27 14:51:36,271 - INFO - Successfully optimized NightScalper_01_standard.set -> NightScalper_01_otp.set
2025-04-27 14:51:36,273 - INFO - Successfully optimized NRTR-Revers_01_standard.set -> NRTR-Revers_01_otp.set
2025-04-27 14:51:36,274 - INFO - Successfully optimized NUp1Down_01_standard.set -> NUp1Down_01_otp.set
2025-04-27 14:51:36,276 - INFO - Successfully optimized Open-Candle-EA_01_standard.set -> Open-Candle-EA_01_otp.set
2025-04-27 14:51:36,277 - INFO - Successfully optimized Open-Close_01_standard.set -> Open-Close_01_otp.set
2025-04-27 14:51:36,278 - INFO - Successfully optimized Opening-and-ilosing-on-time_01_standard.set -> Opening-and-ilosing-on-time_01_otp.set
2025-04-27 14:51:36,280 - INFO - Successfully optimized Opening-and-Сlosing-on-time_01_standard.set -> Opening-and-Сlosing-on-time_01_otp.set
2025-04-27 14:51:36,281 - INFO - Successfully optimized OpenPendingorderAfterPositionGetStopLoss_01_standard.set -> OpenPendingorderAfterPositionGetStopLoss_01_otp.set
2025-04-27 14:51:36,282 - INFO - Successfully optimized OpenTicks_01_standard.set -> OpenTicks_01_otp.set
2025-04-27 14:51:36,283 - INFO - Successfully optimized ORB-EA-BOX_01_standard.set -> ORB-EA-BOX_01_otp.set
2025-04-27 14:51:36,285 - INFO - Successfully optimized OsMaSter_01_standard.set -> OsMaSter_01_otp.set
2025-04-27 14:51:36,287 - INFO - Successfully optimized OTT-20AND-20PRICE-20CROSS-20EA_01_standard.set -> OTT-20AND-20PRICE-20CROSS-20EA_01_otp.set
2025-04-27 14:51:36,288 - INFO - Successfully optimized OverHedge_01_standard.set -> OverHedge_01_otp.set
2025-04-27 14:51:36,289 - INFO - Successfully optimized OzFx_01_standard.set -> OzFx_01_otp.set
2025-04-27 14:51:36,290 - INFO - Successfully optimized Parabolic-SAR_01_standard.set -> Parabolic-SAR_01_otp.set
2025-04-27 14:51:36,291 - INFO - Successfully optimized PARSI-EA_01_standard.set -> PARSI-EA_01_otp.set
2025-04-27 14:51:36,293 - INFO - Successfully optimized Peceptron-Mult_01_standard.set -> Peceptron-Mult_01_otp.set
2025-04-27 14:51:36,294 - INFO - Successfully optimized Pending-orders-by-time-2_01_standard.set -> Pending-orders-by-time-2_01_otp.set
2025-04-27 14:51:36,295 - INFO - Successfully optimized Pending-orders-by-time_01_standard.set -> Pending-orders-by-time_01_otp.set
2025-04-27 14:51:36,296 - INFO - Successfully optimized Pendulum_01_standard.set -> Pendulum_01_otp.set
2025-04-27 14:51:36,297 - INFO - Successfully optimized Pinball-machine_01_standard.set -> Pinball-machine_01_otp.set
2025-04-27 14:51:36,299 - INFO - Successfully optimized Pinbar-Magic-EA_01_standard.set -> Pinbar-Magic-EA_01_otp.set
2025-04-27 14:51:36,300 - INFO - Successfully optimized PinBar-Magic-Indicator_01_standard.set -> PinBar-Magic-Indicator_01_otp.set
2025-04-27 14:51:36,302 - INFO - Successfully optimized Pipsover_01_standard.set -> Pipsover_01_otp.set
2025-04-27 14:51:36,303 - INFO - Successfully optimized Plan-X_01_standard.set -> Plan-X_01_otp.set
2025-04-27 14:51:36,304 - INFO - Successfully optimized Plateau_01_standard.set -> Plateau_01_otp.set
2025-04-27 14:51:36,305 - INFO - Successfully optimized Poker-SHOW_01_standard.set -> Poker-SHOW_01_otp.set
2025-04-27 14:51:36,306 - INFO - Successfully optimized Precipice-MartIn_01_standard.set -> Precipice-MartIn_01_otp.set
2025-04-27 14:51:36,308 - INFO - Successfully optimized Precipice_01_standard.set -> Precipice_01_otp.set
2025-04-27 14:51:36,309 - INFO - Successfully optimized Probe_01_standard.set -> Probe_01_otp.set
2025-04-27 14:51:36,310 - INFO - Successfully optimized Proffessor_01_standard.set -> Proffessor_01_otp.set
2025-04-27 14:51:36,312 - INFO - Successfully optimized PropFirmHelper_01_standard.set -> PropFirmHelper_01_otp.set
2025-04-27 14:51:36,313 - INFO - Successfully optimized PROphet_01_standard.set -> PROphet_01_otp.set
2025-04-27 14:51:36,315 - INFO - Successfully optimized Puria-method_01_standard.set -> Puria-method_01_otp.set
2025-04-27 14:51:36,316 - INFO - Successfully optimized Rabbit3_01_standard.set -> Rabbit3_01_otp.set
2025-04-27 14:51:36,318 - INFO - Successfully optimized Range-Breakout_01_standard.set -> Range-Breakout_01_otp.set
2025-04-27 14:51:36,319 - INFO - Successfully optimized Rapid-Doji-EA_01_standard.set -> Rapid-Doji-EA_01_otp.set
2025-04-27 14:51:36,320 - INFO - Successfully optimized Raymond-Cloudy-Day-for-EA_01_standard.set -> Raymond-Cloudy-Day-for-EA_01_otp.set
2025-04-27 14:51:36,322 - INFO - Successfully optimized Reflex-EA_01_standard.set -> Reflex-EA_01_otp.set
2025-04-27 14:51:36,323 - INFO - Successfully optimized REFLEX-INDICATOR_01_standard.set -> REFLEX-INDICATOR_01_otp.set
2025-04-27 14:51:36,324 - INFO - Successfully optimized Reflex_01_standard.set -> Reflex_01_otp.set
2025-04-27 14:51:36,326 - INFO - Successfully optimized Reversing-Martingale_01_standard.set -> Reversing-Martingale_01_otp.set
2025-04-27 14:51:36,327 - INFO - Successfully optimized RideAlligator_01_standard.set -> RideAlligator_01_otp.set
2025-04-27 14:51:36,329 - INFO - Successfully optimized RNN_01_standard.set -> RNN_01_otp.set
2025-04-27 14:51:36,330 - INFO - Successfully optimized Robot-MACD_01_standard.set -> Robot-MACD_01_otp.set
2025-04-27 14:51:36,331 - INFO - Successfully optimized RobotPowerM5-meta4_01_standard.set -> RobotPowerM5-meta4_01_otp.set
2025-04-27 14:51:36,333 - INFO - Successfully optimized Rollback-system_01_standard.set -> Rollback-system_01_otp.set
2025-04-27 14:51:36,334 - INFO - Successfully optimized RSI-and-Bollinger-Bands_01_standard.set -> RSI-and-Bollinger-Bands_01_otp.set
2025-04-27 14:51:36,336 - INFO - Successfully optimized RSI-Arrow-EA_01_standard.set -> RSI-Arrow-EA_01_otp.set
2025-04-27 14:51:36,337 - INFO - Successfully optimized RSI-Arrow_01_standard.set -> RSI-Arrow_01_otp.set
2025-04-27 14:51:36,338 - INFO - Successfully optimized RSI-EA_01_standard.set -> RSI-EA_01_otp.set
2025-04-27 14:51:36,339 - INFO - Successfully optimized RSI-Eraser_01_standard.set -> RSI-Eraser_01_otp.set
2025-04-27 14:51:36,341 - INFO - Successfully optimized RSI-Expert_01_standard.set -> RSI-Expert_01_otp.set
2025-04-27 14:51:36,342 - INFO - Successfully optimized RSI-Levels_01_standard.set -> RSI-Levels_01_otp.set
2025-04-27 14:51:36,344 - INFO - Successfully optimized RSI-trader_01_standard.set -> RSI-trader_01_otp.set
2025-04-27 14:51:36,345 - INFO - Successfully optimized RSI-Trend-EA_01_standard.set -> RSI-Trend-EA_01_otp.set
2025-04-27 14:51:36,347 - INFO - Successfully optimized RSI-Trend_01_standard.set -> RSI-Trend_01_otp.set
2025-04-27 14:51:36,349 - INFO - Successfully optimized RSI-with-channels-EA_01_standard.set -> RSI-with-channels-EA_01_otp.set
2025-04-27 14:51:36,350 - INFO - Successfully optimized RSI-with-channels_01_standard.set -> RSI-with-channels_01_otp.set
2025-04-27 14:51:36,351 - INFO - Successfully optimized Russian20-hp1_01_standard.set -> Russian20-hp1_01_otp.set
2025-04-27 14:51:36,352 - INFO - Successfully optimized SampleCheckPendingOrder_01_standard.set -> SampleCheckPendingOrder_01_otp.set
2025-04-27 14:51:36,353 - INFO - Successfully optimized SAR-trading_01_standard.set -> SAR-trading_01_otp.set
2025-04-27 14:51:36,355 - INFO - Successfully optimized Secwenta_01_standard.set -> Secwenta_01_otp.set
2025-04-27 14:51:36,356 - INFO - Successfully optimized Sell-Stop_01_standard.set -> Sell-Stop_01_otp.set
2025-04-27 14:51:36,357 - INFO - Successfully optimized Sensitive_01_standard.set -> Sensitive_01_otp.set
2025-04-27 14:51:36,359 - INFO - Successfully optimized Separate-trade_01_standard.set -> Separate-trade_01_otp.set
2025-04-27 14:51:36,360 - INFO - Successfully optimized SilverTrend_01_standard.set -> SilverTrend_01_otp.set
2025-04-27 14:51:36,361 - INFO - Successfully optimized Simple-20Price-20Alert-20-20EA_01_standard.set -> Simple-20Price-20Alert-20-20EA_01_otp.set
2025-04-27 14:51:36,363 - INFO - Successfully optimized Simple-20Volume-20EA_01_standard.set -> Simple-20Volume-20EA_01_otp.set
2025-04-27 14:51:36,364 - INFO - Successfully optimized Simple-EA-MA-plus-MACD_01_standard.set -> Simple-EA-MA-plus-MACD_01_otp.set
2025-04-27 14:51:36,365 - INFO - Successfully optimized Simple-FX_01_standard.set -> Simple-FX_01_otp.set
2025-04-27 14:51:36,366 - INFO - Successfully optimized Simple-MACD_01_standard.set -> Simple-MACD_01_otp.set
2025-04-27 14:51:36,368 - INFO - Successfully optimized Simple-Volume-EA_01_standard.set -> Simple-Volume-EA_01_otp.set
2025-04-27 14:51:36,369 - INFO - Successfully optimized SimplePivot_01_standard.set -> SimplePivot_01_otp.set
2025-04-27 14:51:36,371 - INFO - Successfully optimized Simplest-Hedging-EA-ever_01_standard.set -> Simplest-Hedging-EA-ever_01_otp.set
2025-04-27 14:51:36,372 - INFO - Successfully optimized SimpleTrade _01_standard.set -> SimpleTrade _01_otp.set
2025-04-27 14:51:36,373 - INFO - Successfully optimized Six-Soldiers-EA-Grid_01_standard.set -> Six-Soldiers-EA-Grid_01_otp.set
2025-04-27 14:51:36,375 - INFO - Successfully optimized Six-Soldiers-EA_01_standard.set -> Six-Soldiers-EA_01_otp.set
2025-04-27 14:51:36,377 - INFO - Successfully optimized Six-Soldiers_01_standard.set -> Six-Soldiers_01_otp.set
2025-04-27 14:51:36,378 - INFO - Successfully optimized Small-Inside-Bar-Strategy_01_standard.set -> Small-Inside-Bar-Strategy_01_otp.set
2025-04-27 14:51:36,380 - INFO - Successfully optimized Smart-Machine-20EA_01_standard.set -> Smart-Machine-20EA_01_otp.set
2025-04-27 14:51:36,381 - INFO - Successfully optimized Smoothing-Average_01_standard.set -> Smoothing-Average_01_otp.set
2025-04-27 14:51:36,382 - INFO - Successfully optimized Spasm_01_standard.set -> Spasm_01_otp.set
2025-04-27 14:51:36,384 - INFO - Successfully optimized ssb5-123_01_standard.set -> ssb5-123_01_otp.set
2025-04-27 14:51:36,385 - INFO - Successfully optimized Starter_01_standard.set -> Starter_01_otp.set
2025-04-27 14:51:36,386 - INFO - Successfully optimized Steve-Cartwright-Trader-Camel-CCI-MACD_01_standard.set -> Steve-Cartwright-Trader-Camel-CCI-MACD_01_otp.set
2025-04-27 14:51:36,387 - INFO - Successfully optimized Stoch-EA-1192_01_standard.set -> Stoch-EA-1192_01_otp.set
2025-04-27 14:51:36,388 - INFO - Successfully optimized Stochastic-20Alert_01_standard.set -> Stochastic-20Alert_01_otp.set
2025-04-27 14:51:36,390 - INFO - Successfully optimized Stochastic-K-Divergence.lua_01_standard.set -> Stochastic-K-Divergence.lua_01_otp.set
2025-04-27 14:51:36,391 - INFO - Successfully optimized stochastic-three-periods_01_standard.set -> stochastic-three-periods_01_otp.set
2025-04-27 14:51:36,393 - INFO - Successfully optimized StochasticDiffSign-EA_01_standard.set -> StochasticDiffSign-EA_01_otp.set
2025-04-27 14:51:36,395 - INFO - Successfully optimized stochasticdiffsign_01_standard.set -> stochasticdiffsign_01_otp.set
2025-04-27 14:51:36,398 - INFO - Successfully optimized StochMA-EA_01_standard.set -> StochMA-EA_01_otp.set
2025-04-27 14:51:36,399 - INFO - Successfully optimized StochMA_01_standard.set -> StochMA_01_otp.set
2025-04-27 14:51:36,400 - INFO - Successfully optimized Stoch_01_standard.set -> Stoch_01_otp.set
2025-04-27 14:51:36,401 - INFO - Successfully optimized Stop-Loss-Take-Profit_01_standard.set -> Stop-Loss-Take-Profit_01_otp.set
2025-04-27 14:51:36,403 - INFO - Successfully optimized StraddleqTrail_01_standard.set -> StraddleqTrail_01_otp.set
2025-04-27 14:51:36,404 - INFO - Successfully optimized Surefirething_01_standard.set -> Surefirething_01_otp.set
2025-04-27 14:51:36,406 - INFO - Successfully optimized TDSGlobal_01_standard.set -> TDSGlobal_01_otp.set
2025-04-27 14:51:36,407 - INFO - Successfully optimized The-MasterMind-2_01_standard.set -> The-MasterMind-2_01_otp.set
2025-04-27 14:51:36,408 - INFO - Successfully optimized The-MasterMind-3_01_standard.set -> The-MasterMind-3_01_otp.set
2025-04-27 14:51:36,409 - INFO - Successfully optimized The-MasterMind_01_standard.set -> The-MasterMind_01_otp.set
2025-04-27 14:51:36,411 - INFO - Successfully optimized The-Puncher_01_standard.set -> The-Puncher_01_otp.set
2025-04-27 14:51:36,413 - INFO - Successfully optimized TheClassicTurtleTrader-no-dots-EA_01_standard.set -> TheClassicTurtleTrader-no-dots-EA_01_otp.set
2025-04-27 14:51:36,415 - INFO - Successfully optimized TheClassicTurtleTrader-no-dots_01_standard.set -> TheClassicTurtleTrader-no-dots_01_otp.set
2025-04-27 14:51:36,416 - INFO - Successfully optimized Three-indicators_01_standard.set -> Three-indicators_01_otp.set
2025-04-27 14:51:36,417 - INFO - Successfully optimized Three-neural-networks_01_standard.set -> Three-neural-networks_01_otp.set
2025-04-27 14:51:36,419 - INFO - Successfully optimized Three-timeframes_01_standard.set -> Three-timeframes_01_otp.set
2025-04-27 14:51:36,420 - INFO - Successfully optimized Three-Typical-Candles_01_standard.set -> Three-Typical-Candles_01_otp.set
2025-04-27 14:51:36,422 - INFO - Successfully optimized Time-sync-forts_01_standard.set -> Time-sync-forts_01_otp.set
2025-04-27 14:51:36,423 - INFO - Successfully optimized timer-trade_01_standard.set -> timer-trade_01_otp.set
2025-04-27 14:51:36,424 - INFO - Successfully optimized TMA-ATR-Channel_01_standard.set -> TMA-ATR-Channel_01_otp.set
2025-04-27 14:51:36,426 - INFO - Successfully optimized TMA-ATR-EA_01_standard.set -> TMA-ATR-EA_01_otp.set
2025-04-27 14:51:36,428 - INFO - Successfully optimized TMA-CG-EA_01_standard.set -> TMA-CG-EA_01_otp.set
2025-04-27 14:51:36,429 - INFO - Successfully optimized TMA-CG-Martingale-20EA_01_standard.set -> TMA-CG-Martingale-20EA_01_otp.set
2025-04-27 14:51:36,430 - INFO - Successfully optimized TMA-CG-mladen_01_standard.set -> TMA-CG-mladen_01_otp.set
2025-04-27 14:51:36,432 - INFO - Successfully optimized TMA-CG-special_01_standard.set -> TMA-CG-special_01_otp.set
2025-04-27 14:51:36,433 - INFO - Successfully optimized TMA-slope-bands_01_standard.set -> TMA-slope-bands_01_otp.set
2025-04-27 14:51:36,434 - INFO - Successfully optimized TmaTrue-2.0-with-Distances-6xx_01_standard.set -> TmaTrue-2.0-with-Distances-6xx_01_otp.set
2025-04-27 14:51:36,435 - INFO - Successfully optimized TmaTrue-3.0-with-Distances-6xx_01_standard.set -> TmaTrue-3.0-with-Distances-6xx_01_otp.set
2025-04-27 14:51:36,436 - INFO - Successfully optimized TP-with-money_01_standard.set -> TP-with-money_01_otp.set
2025-04-27 14:51:36,438 - INFO - Successfully optimized Trade-in-Channel_01_standard.set -> Trade-in-Channel_01_otp.set
2025-04-27 14:51:36,439 - INFO - Successfully optimized Trade-on-qualified-RSI_01_standard.set -> Trade-on-qualified-RSI_01_otp.set
2025-04-27 14:51:36,441 - INFO - Successfully optimized Trading-Breakout-MrThanhTan_01_standard.set -> Trading-Breakout-MrThanhTan_01_otp.set
2025-04-27 14:51:36,442 - INFO - Successfully optimized Trend-Trader-Strategy-EA_01_standard.set -> Trend-Trader-Strategy-EA_01_otp.set
2025-04-27 14:51:36,443 - INFO - Successfully optimized Trend-Trader-Strategy_01_standard.set -> Trend-Trader-Strategy_01_otp.set
2025-04-27 14:51:36,445 - INFO - Successfully optimized Tru-EA_01_standard.set -> Tru-EA_01_otp.set
2025-04-27 14:51:36,447 - INFO - Successfully optimized True-Scalper-Profit-Lock_01_standard.set -> True-Scalper-Profit-Lock_01_otp.set
2025-04-27 14:51:36,448 - INFO - Successfully optimized TrueSort-1100_01_standard.set -> TrueSort-1100_01_otp.set
2025-04-27 14:51:36,449 - INFO - Successfully optimized Tunnel-gen4_01_standard.set -> Tunnel-gen4_01_otp.set
2025-04-27 14:51:36,450 - INFO - Successfully optimized Tunnel-Method_01_standard.set -> Tunnel-Method_01_otp.set
2025-04-27 14:51:36,451 - INFO - Successfully optimized TurnGrid_01_standard.set -> TurnGrid_01_otp.set
2025-04-27 14:51:36,453 - INFO - Successfully optimized Two PerBar _01_standard.set -> Two PerBar _01_otp.set
2025-04-27 14:51:36,454 - INFO - Successfully optimized Two-20MA-20RSI-20ADX-20EA_01_standard.set -> Two-20MA-20RSI-20ADX-20EA_01_otp.set
2025-04-27 14:51:36,455 - INFO - Successfully optimized Two-20Orders-20Panel_01_standard.set -> Two-20Orders-20Panel_01_otp.set
2025-04-27 14:51:36,457 - INFO - Successfully optimized Two-pending-orders-2_01_standard.set -> Two-pending-orders-2_01_otp.set
2025-04-27 14:51:36,458 - INFO - Successfully optimized UnityPro_01_standard.set -> UnityPro_01_otp.set
2025-04-27 14:51:36,460 - INFO - Successfully optimized UniversalMACrossEA_01_standard.set -> UniversalMACrossEA_01_otp.set
2025-04-27 14:51:36,461 - INFO - Successfully optimized UniversalSignalDemo_01_standard.set -> UniversalSignalDemo_01_otp.set
2025-04-27 14:51:36,462 - INFO - Successfully optimized Universum-3.0_01_standard.set -> Universum-3.0_01_otp.set
2025-04-27 14:51:36,464 - INFO - Successfully optimized UnNomGuai-20EA_01_standard.set -> UnNomGuai-20EA_01_otp.set
2025-04-27 14:51:36,465 - INFO - Successfully optimized up3x1-Investor_01_standard.set -> up3x1-Investor_01_otp.set
2025-04-27 14:51:36,467 - INFO - Successfully optimized up3x1-premium-M_01_standard.set -> up3x1-premium-M_01_otp.set
2025-04-27 14:51:36,468 - INFO - Successfully optimized up3x1_01_standard.set -> up3x1_01_otp.set
2025-04-27 14:51:36,469 - INFO - Successfully optimized Urdala-Trol_01_standard.set -> Urdala-Trol_01_otp.set
2025-04-27 14:51:36,470 - INFO - Successfully optimized Very-Blonde-System_01_standard.set -> Very-Blonde-System_01_otp.set
2025-04-27 14:51:36,471 - INFO - Successfully optimized Virtual-Trailing-Stop_01_standard.set -> Virtual-Trailing-Stop_01_otp.set
2025-04-27 14:51:36,473 - INFO - Successfully optimized VLT-TRADER_01_standard.set -> VLT-TRADER_01_otp.set
2025-04-27 14:51:36,474 - INFO - Successfully optimized Volume-trader_01_standard.set -> Volume-trader_01_otp.set
2025-04-27 14:51:36,475 - INFO - Successfully optimized Vortex-Indicator-System_01_standard.set -> Vortex-Indicator-System_01_otp.set
2025-04-27 14:51:36,476 - INFO - Successfully optimized VR-Overturn_01_standard.set -> VR-Overturn_01_otp.set
2025-04-27 14:51:36,478 - INFO - Successfully optimized VR-ZVER-v.2_01_standard.set -> VR-ZVER-v.2_01_otp.set
2025-04-27 14:51:36,480 - INFO - Successfully optimized VR-ZVER_01_standard.set -> VR-ZVER_01_otp.set
2025-04-27 14:51:36,481 - INFO - Successfully optimized VZO_01_standard.set -> VZO_01_otp.set
2025-04-27 14:51:36,482 - INFO - Successfully optimized Waddah-Attar-Win_01_standard.set -> Waddah-Attar-Win_01_otp.set
2025-04-27 14:51:36,483 - INFO - Successfully optimized WE-TRUST_01_standard.set -> WE-TRUST_01_otp.set
2025-04-27 14:51:36,485 - INFO - Successfully optimized X-RSIOMA_01_standard.set -> X-RSIOMA_01_otp.set
2025-04-27 14:51:36,486 - INFO - Successfully optimized Yesterday-Today_01_standard.set -> Yesterday-Today_01_otp.set
2025-04-27 14:51:36,487 - INFO - Successfully optimized 10-pips-EURUSD_01_standard.set -> 10-pips-EURUSD_01_otp.set
2025-04-27 14:51:36,489 - INFO - Successfully optimized 10-pips_01_standard.set -> 10-pips_01_otp.set
2025-04-27 14:51:36,490 - INFO - Successfully optimized 1H-EUR-USD_01_standard.set -> 1H-EUR-USD_01_otp.set
2025-04-27 14:51:36,492 - INFO - Successfully optimized 20011201-GBPUSD-M1_01_standard.set -> 20011201-GBPUSD-M1_01_otp.set
2025-04-27 14:51:36,493 - INFO - Successfully optimized 21hour_01_standard.set -> 21hour_01_otp.set
2025-04-27 14:51:36,495 - INFO - Successfully optimized 2HR-HL_01_standard.set -> 2HR-HL_01_otp.set
2025-04-27 14:51:36,496 - INFO - Successfully optimized 2MA-4Level_01_standard.set -> 2MA-4Level_01_otp.set
2025-04-27 14:51:36,497 - INFO - Successfully optimized 2MA-Bunny-Cross_01_standard.set -> 2MA-Bunny-Cross_01_otp.set
2025-04-27 14:51:36,498 - INFO - Successfully optimized 3-bars-high-low-indicator_01_standard.set -> 3-bars-high-low-indicator_01_otp.set
2025-04-27 14:51:36,499 - INFO - Successfully optimized 35-Pip-Scalper_01_standard.set -> 35-Pip-Scalper_01_otp.set
2025-04-27 14:51:36,501 - INFO - Successfully optimized 3BarsHighLowEA_01_standard.set -> 3BarsHighLowEA_01_otp.set
2025-04-27 14:51:36,503 - INFO - Successfully optimized 3sma_01_standard.set -> 3sma_01_otp.set
2025-04-27 14:51:36,504 - INFO - Successfully optimized 500_01_standard.set -> 500_01_otp.set
2025-04-27 14:51:36,506 - INFO - Successfully optimized 55-MA_01_standard.set -> 55-MA_01_otp.set
2025-04-27 14:51:36,507 - INFO - Successfully optimized Above-Below-MA_01_standard.set -> Above-Below-MA_01_otp.set
2025-04-27 14:51:36,509 - INFO - Successfully optimized Absorption_01_standard.set -> Absorption_01_otp.set
2025-04-27 14:51:36,511 - INFO - Successfully optimized ADX-MACD-Deev_01_standard.set -> ADX-MACD-Deev_01_otp.set
2025-04-27 14:51:36,512 - INFO - Successfully optimized ADX-MA_01_standard.set -> ADX-MA_01_otp.set
2025-04-27 14:51:36,513 - INFO - Successfully optimized ADX-System_01_standard.set -> ADX-System_01_otp.set
2025-04-27 14:51:36,515 - INFO - Successfully optimized AIS1_01_standard.set -> AIS1_01_otp.set
2025-04-27 14:51:36,517 - INFO - Successfully optimized Alexav-D1-Profit-GBPUSD_01_standard.set -> Alexav-D1-Profit-GBPUSD_01_otp.set
2025-04-27 14:51:36,518 - INFO - Successfully optimized All-Average-Ea_01_standard.set -> All-Average-Ea_01_otp.set
2025-04-27 14:51:36,519 - INFO - Successfully optimized Alligator-Simple_01_standard.set -> Alligator-Simple_01_otp.set
2025-04-27 14:51:36,520 - INFO - Successfully optimized Alligator_01_standard.set -> Alligator_01_otp.set
2025-04-27 14:51:36,522 - INFO - Successfully optimized Altarius-RSI-Stohastic_01_standard.set -> Altarius-RSI-Stohastic_01_otp.set
2025-04-27 14:51:36,524 - INFO - Successfully optimized AMA-Trader-2_01_standard.set -> AMA-Trader-2_01_otp.set
2025-04-27 14:51:36,525 - INFO - Successfully optimized AMA-Trader_01_standard.set -> AMA-Trader_01_otp.set
2025-04-27 14:51:36,526 - INFO - Successfully optimized AO-Lightning_01_standard.set -> AO-Lightning_01_otp.set
2025-04-27 14:51:36,527 - INFO - Successfully optimized AOCCI_01_standard.set -> AOCCI_01_otp.set
2025-04-27 14:51:36,529 - INFO - Successfully optimized Arbitrage_01_standard.set -> Arbitrage_01_otp.set
2025-04-27 14:51:36,530 - INFO - Successfully optimized ArbSint_01_standard.set -> ArbSint_01_otp.set
2025-04-27 14:51:36,531 - INFO - Successfully optimized Area-MACD_01_standard.set -> Area-MACD_01_otp.set
2025-04-27 14:51:36,533 - INFO - Successfully optimized Artificial-Intelligence_01_standard.set -> Artificial-Intelligence_01_otp.set
2025-04-27 14:51:36,534 - INFO - Successfully optimized At-random-Full_01_standard.set -> At-random-Full_01_otp.set
2025-04-27 14:51:36,535 - INFO - Successfully optimized At-random_01_standard.set -> At-random_01_otp.set
2025-04-27 14:51:36,537 - INFO - Successfully optimized Auto-ADX_01_standard.set -> Auto-ADX_01_otp.set
2025-04-27 14:51:36,538 - INFO - Successfully optimized Auto-Pivot-Plotter-28Mid-Levels-29-41_01_standard.set -> Auto-Pivot-Plotter-28Mid-Levels-29-41_01_otp.set
2025-04-27 14:51:36,540 - INFO - Successfully optimized AutoLock-EA_01_standard.set -> AutoLock-EA_01_otp.set
2025-04-27 14:51:36,541 - INFO - Successfully optimized Autotrader-Momentum_01_standard.set -> Autotrader-Momentum_01_otp.set
2025-04-27 14:51:36,543 - INFO - Successfully optimized Avalanche-AV_01_standard.set -> Avalanche-AV_01_otp.set
2025-04-27 14:51:36,544 - INFO - Successfully optimized Backbone_01_standard.set -> Backbone_01_otp.set
2025-04-27 14:51:36,545 - INFO - Successfully optimized BADX_01_standard.set -> BADX_01_otp.set
2025-04-27 14:51:36,546 - INFO - Successfully optimized Bago-EA_01_standard.set -> Bago-EA_01_otp.set
2025-04-27 14:51:36,548 - INFO - Successfully optimized BalancedScalper-20EA_01_standard.set -> BalancedScalper-20EA_01_otp.set
2025-04-27 14:51:36,549 - INFO - Successfully optimized Bands-2_01_standard.set -> Bands-2_01_otp.set
2025-04-27 14:51:36,551 - INFO - Successfully optimized BARS-Alligator_01_standard.set -> BARS-Alligator_01_otp.set
2025-04-27 14:51:36,552 - INFO - Successfully optimized Basic-CCI-RSI_01_standard.set -> Basic-CCI-RSI_01_otp.set
2025-04-27 14:51:36,554 - INFO - Successfully optimized Basic-Martingale-EA-3_01_standard.set -> Basic-Martingale-EA-3_01_otp.set
2025-04-27 14:51:36,555 - INFO - Successfully optimized BBPercentile-EA_01_standard.set -> BBPercentile-EA_01_otp.set
2025-04-27 14:51:36,556 - INFO - Successfully optimized BBPercentile_01_standard.set -> BBPercentile_01_otp.set
2025-04-27 14:51:36,558 - INFO - Successfully optimized BDCrossOver-20EA_01_standard.set -> BDCrossOver-20EA_01_otp.set
2025-04-27 14:51:36,559 - INFO - Successfully optimized BIG-DOG_01_standard.set -> BIG-DOG_01_otp.set
2025-04-27 14:51:36,561 - INFO - Successfully optimized Bill-Williams_01_standard.set -> Bill-Williams_01_otp.set
2025-04-27 14:51:36,562 - INFO - Successfully optimized Bollinger-Band-Two-MA-and-Zig-Zag_01_standard.set -> Bollinger-Band-Two-MA-and-Zig-Zag_01_otp.set
2025-04-27 14:51:36,564 - INFO - Successfully optimized Bollinger-Bands-N-positions_01_standard.set -> Bollinger-Bands-N-positions_01_otp.set
2025-04-27 14:51:36,565 - INFO - Successfully optimized Bollinger-Bands-RSI_01_standard.set -> Bollinger-Bands-RSI_01_otp.set
2025-04-27 14:51:36,566 - INFO - Successfully optimized bollinger_01_standard.set -> bollinger_01_otp.set
2025-04-27 14:51:36,568 - INFO - Successfully optimized Brakeout-Trader_01_standard.set -> Brakeout-Trader_01_otp.set
2025-04-27 14:51:36,569 - INFO - Successfully optimized Brandy_01_standard.set -> Brandy_01_otp.set
2025-04-27 14:51:36,571 - INFO - Successfully optimized Breadandbutter2_01_standard.set -> Breadandbutter2_01_otp.set
2025-04-27 14:51:36,572 - INFO - Successfully optimized Breakdown-catcher_01_standard.set -> Breakdown-catcher_01_otp.set
2025-04-27 14:51:36,573 - INFO - Successfully optimized breakdown_01_standard.set -> breakdown_01_otp.set
2025-04-27 14:51:36,575 - INFO - Successfully optimized Breakout-Str_01_standard.set -> Breakout-Str_01_otp.set
2025-04-27 14:51:36,576 - INFO - Successfully optimized Bronze-Warrioir_01_standard.set -> Bronze-Warrioir_01_otp.set
2025-04-27 14:51:36,577 - INFO - Successfully optimized Bruno_01_standard.set -> Bruno_01_otp.set
2025-04-27 14:51:36,579 - INFO - Successfully optimized BSS-1-0_01_standard.set -> BSS-1-0_01_otp.set
2025-04-27 14:51:36,580 - INFO - Successfully optimized Bullish-and-Bearish-Engulfing_01_standard.set -> Bullish-and-Bearish-Engulfing_01_otp.set
2025-04-27 14:51:36,581 - INFO - Successfully optimized Burg-Extrapolator_01_standard.set -> Burg-Extrapolator_01_otp.set
2025-04-27 14:51:36,582 - INFO - Successfully optimized BykovTrend-EA_01_standard.set -> BykovTrend-EA_01_otp.set
2025-04-27 14:51:36,584 - INFO - Successfully optimized Calculate-lotsize-and-Trailling-stop_01_standard.set -> Calculate-lotsize-and-Trailling-stop_01_otp.set
2025-04-27 14:51:36,586 - INFO - Successfully optimized candlepatternsexample_01_standard.set -> candlepatternsexample_01_otp.set
2025-04-27 14:51:36,587 - INFO - Successfully optimized Candle_01_standard.set -> Candle_01_otp.set
2025-04-27 14:51:36,589 - INFO - Successfully optimized Carbophos_01_standard.set -> Carbophos_01_otp.set
2025-04-27 14:51:36,590 - INFO - Successfully optimized CashMachine-5min_01_standard.set -> CashMachine-5min_01_otp.set
2025-04-27 14:51:36,592 - INFO - Successfully optimized CCI-MACD-Scalper_01_standard.set -> CCI-MACD-Scalper_01_otp.set
2025-04-27 14:51:36,593 - INFO - Successfully optimized Cidomo_01_standard.set -> Cidomo_01_otp.set
2025-04-27 14:51:36,595 - INFO - Successfully optimized CloseAgent_01_standard.set -> CloseAgent_01_otp.set
2025-04-27 14:51:36,596 - INFO - Successfully optimized CloseProfit_01_standard.set -> CloseProfit_01_otp.set
2025-04-27 14:51:36,597 - INFO - Successfully optimized cloud's-trade-2_01_standard.set -> cloud's-trade-2_01_otp.set
2025-04-27 14:51:36,600 - INFO - Successfully optimized CLOUD_01_standard.set -> CLOUD_01_otp.set
2025-04-27 14:51:36,603 - INFO - Successfully optimized Constituents-EA_01_standard.set -> Constituents-EA_01_otp.set
2025-04-27 14:51:36,605 - INFO - Successfully optimized Contrarian-trade-MA_01_standard.set -> Contrarian-trade-MA_01_otp.set
2025-04-27 14:51:36,606 - INFO - Successfully optimized Crossing-Moving-Average_01_standard.set -> Crossing-Moving-Average_01_otp.set
2025-04-27 14:51:36,608 - INFO - Successfully optimized CrossMA_01_standard.set -> CrossMA_01_otp.set
2025-04-27 14:51:36,610 - INFO - Successfully optimized Currencyprofits-01.1_01_standard.set -> Currencyprofits-01.1_01_otp.set
2025-04-27 14:51:36,612 - INFO - Successfully optimized Daily-20reversal-20-20EA_01_standard.set -> Daily-20reversal-20-20EA_01_otp.set
2025-04-27 14:51:36,614 - INFO - Successfully optimized Daily-BreakPoint_01_standard.set -> Daily-BreakPoint_01_otp.set
2025-04-27 14:51:36,616 - INFO - Successfully optimized Daily-Open-EA_01_standard.set -> Daily-Open-EA_01_otp.set
2025-04-27 14:51:36,617 - INFO - Successfully optimized Daily-range_01_standard.set -> Daily-range_01_otp.set
2025-04-27 14:51:36,619 - INFO - Successfully optimized Day-Trading-PAMXA_01_standard.set -> Day-Trading-PAMXA_01_otp.set
2025-04-27 14:51:36,621 - INFO - Successfully optimized Daydream_01_standard.set -> Daydream_01_otp.set
2025-04-27 14:51:36,622 - INFO - Successfully optimized DayTrading_01_standard.set -> DayTrading_01_otp.set
2025-04-27 14:51:36,623 - INFO - Successfully optimized Dealers-Trade-v-7.74-MACD_01_standard.set -> Dealers-Trade-v-7.74-MACD_01_otp.set
2025-04-27 14:51:36,624 - INFO - Successfully optimized Deep-Drawdown-MA_01_standard.set -> Deep-Drawdown-MA_01_otp.set
2025-04-27 14:51:36,626 - INFO - Successfully optimized DeMarker-gaining-position-volume-2_01_standard.set -> DeMarker-gaining-position-volume-2_01_otp.set
2025-04-27 14:51:36,628 - INFO - Successfully optimized DeMarker-gaining-position-volume_01_standard.set -> DeMarker-gaining-position-volume_01_otp.set
2025-04-27 14:51:36,629 - INFO - Successfully optimized DeMarker-Pending-2-5_01_standard.set -> DeMarker-Pending-2-5_01_otp.set
2025-04-27 14:51:36,631 - INFO - Successfully optimized DeMarker-Pending-2_01_standard.set -> DeMarker-Pending-2_01_otp.set
2025-04-27 14:51:36,633 - INFO - Successfully optimized DeMarker-Pending_01_standard.set -> DeMarker-Pending_01_otp.set
2025-04-27 14:51:36,634 - INFO - Successfully optimized Dematus_01_standard.set -> Dematus_01_otp.set
2025-04-27 14:51:36,636 - INFO - Successfully optimized Divergence-20for-20many-20indicator_01_standard.set -> Divergence-20for-20many-20indicator_01_otp.set
2025-04-27 14:51:36,637 - INFO - Successfully optimized Divergence-EA_01_standard.set -> Divergence-EA_01_otp.set
2025-04-27 14:51:36,639 - INFO - Successfully optimized Doji-Arrows_01_standard.set -> Doji-Arrows_01_otp.set
2025-04-27 14:51:36,640 - INFO - Successfully optimized DojiTrader_01_standard.set -> DojiTrader_01_otp.set
2025-04-27 14:51:36,642 - INFO - Successfully optimized Donchian-Chanel-EA_01_standard.set -> Donchian-Chanel-EA_01_otp.set
2025-04-27 14:51:36,643 - INFO - Successfully optimized DoubleHullMA-EA_01_standard.set -> DoubleHullMA-EA_01_otp.set
2025-04-27 14:51:36,644 - INFO - Successfully optimized DoubleHullMA_01_standard.set -> DoubleHullMA_01_otp.set
2025-04-27 14:51:36,646 - INFO - Successfully optimized DoubleMA-Crossover-EA_01_standard.set -> DoubleMA-Crossover-EA_01_otp.set
2025-04-27 14:51:36,647 - INFO - Successfully optimized Doubler_01_standard.set -> Doubler_01_otp.set
2025-04-27 14:51:36,648 - INFO - Successfully optimized dummy_01_standard.set -> dummy_01_otp.set
2025-04-27 14:51:36,650 - INFO - Successfully optimized Dynamic-averaging_01_standard.set -> Dynamic-averaging_01_otp.set
2025-04-27 14:51:36,651 - INFO - Successfully optimized e-Breakeven_01_standard.set -> e-Breakeven_01_otp.set
2025-04-27 14:51:36,652 - INFO - Successfully optimized E-Friday_01_standard.set -> E-Friday_01_otp.set
2025-04-27 14:51:36,653 - INFO - Successfully optimized E-Skoch-Open_01_standard.set -> E-Skoch-Open_01_otp.set
2025-04-27 14:51:36,654 - INFO - Successfully optimized e-Skoch-pending-orders_01_standard.set -> e-Skoch-pending-orders_01_otp.set
2025-04-27 14:51:36,656 - INFO - Successfully optimized e-Smart-Trailing_01_standard.set -> e-Smart-Trailing_01_otp.set
2025-04-27 14:51:36,657 - INFO - Successfully optimized e-TurboFx_01_standard.set -> e-TurboFx_01_otp.set
2025-04-27 14:51:36,658 - INFO - Successfully optimized EA-Close_01_standard.set -> EA-Close_01_otp.set
2025-04-27 14:51:36,660 - INFO - Successfully optimized EA-MA-Stoch-RSI_01_standard.set -> EA-MA-Stoch-RSI_01_otp.set
2025-04-27 14:51:36,662 - INFO - Successfully optimized EA-Moving-Average_01_standard.set -> EA-Moving-Average_01_otp.set
2025-04-27 14:51:36,663 - INFO - Successfully optimized Elite-eFibo-Trader_01_standard.set -> Elite-eFibo-Trader_01_otp.set
2025-04-27 14:51:36,664 - INFO - Successfully optimized EMA-6.12_01_standard.set -> EMA-6.12_01_otp.set
2025-04-27 14:51:36,666 - INFO - Successfully optimized EMA-CROSS_01_standard.set -> EMA-CROSS_01_otp.set
2025-04-27 14:51:36,667 - INFO - Successfully optimized EMA-LWMA-RSI_01_standard.set -> EMA-LWMA-RSI_01_otp.set
2025-04-27 14:51:36,669 - INFO - Successfully optimized EMA-RSI-EA_01_standard.set -> EMA-RSI-EA_01_otp.set
2025-04-27 14:51:36,670 - INFO - Successfully optimized EMA-WMA_01_standard.set -> EMA-WMA_01_otp.set
2025-04-27 14:51:36,671 - INFO - Successfully optimized EMA_01_standard.set -> EMA_01_otp.set
2025-04-27 14:51:36,672 - INFO - Successfully optimized Eugene_01_standard.set -> Eugene_01_otp.set
2025-04-27 14:51:36,674 - INFO - Successfully optimized eur-usd-m5_01_standard.set -> eur-usd-m5_01_otp.set
2025-04-27 14:51:36,675 - INFO - Successfully optimized EURUSD-breakout_01_standard.set -> EURUSD-breakout_01_otp.set
2025-04-27 14:51:36,677 - INFO - Successfully optimized Executer-AC_01_standard.set -> Executer-AC_01_otp.set
2025-04-27 14:51:36,678 - INFO - Successfully optimized Executor-AO_01_standard.set -> Executor-AO_01_otp.set
2025-04-27 14:51:36,679 - INFO - Successfully optimized Executor-Candles_01_standard.set -> Executor-Candles_01_otp.set
2025-04-27 14:51:36,680 - INFO - Successfully optimized exp-Amstell_01_standard.set -> exp-Amstell_01_otp.set
2025-04-27 14:51:36,682 - INFO - Successfully optimized Expert-NEWS_01_standard.set -> Expert-NEWS_01_otp.set
2025-04-27 14:51:36,683 - INFO - Successfully optimized Expert-RSI-Stochastic-MA_01_standard.set -> Expert-RSI-Stochastic-MA_01_otp.set
2025-04-27 14:51:36,685 - INFO - Successfully optimized ExtremePrice-EA_01_standard.set -> ExtremePrice-EA_01_otp.set
2025-04-27 14:51:36,686 - INFO - Successfully optimized FiboRetracement-20EA_01_standard.set -> FiboRetracement-20EA_01_otp.set
2025-04-27 14:51:36,687 - INFO - Successfully optimized Firebird_01_standard.set -> Firebird_01_otp.set
2025-04-27 14:51:36,689 - INFO - Successfully optimized Firestorm-EA_01_standard.set -> Firestorm-EA_01_otp.set
2025-04-27 14:51:36,690 - INFO - Successfully optimized Firestorm-indicator_01_standard.set -> Firestorm-indicator_01_otp.set
2025-04-27 14:51:36,692 - INFO - Successfully optimized Fluctuate_01_standard.set -> Fluctuate_01_otp.set
2025-04-27 14:51:36,693 - INFO - Successfully optimized Forex-Fraus-M1_01_standard.set -> Forex-Fraus-M1_01_otp.set
2025-04-27 14:51:36,694 - INFO - Successfully optimized Forex-Profit_01_standard.set -> Forex-Profit_01_otp.set
2025-04-27 14:51:36,696 - INFO - Successfully optimized Fractals-minimum-distance_01_standard.set -> Fractals-minimum-distance_01_otp.set
2025-04-27 14:51:36,697 - INFO - Successfully optimized Fraktrak-xonax_01_standard.set -> Fraktrak-xonax_01_otp.set
2025-04-27 14:51:36,698 - INFO - Successfully optimized Frank-Ud_01_standard.set -> Frank-Ud_01_otp.set
2025-04-27 14:51:36,699 - INFO - Successfully optimized FT-CCI_01_standard.set -> FT-CCI_01_otp.set
2025-04-27 14:51:36,701 - INFO - Successfully optimized Fuzzy-logic_01_standard.set -> Fuzzy-logic_01_otp.set
2025-04-27 14:51:36,702 - INFO - Successfully optimized GalacticExplosion_01_standard.set -> GalacticExplosion_01_otp.set
2025-04-27 14:51:36,703 - INFO - Successfully optimized Gandalf-PRO_01_standard.set -> Gandalf-PRO_01_otp.set
2025-04-27 14:51:36,705 - INFO - Successfully optimized Gap-DM_01_standard.set -> Gap-DM_01_otp.set
2025-04-27 14:51:36,706 - INFO - Successfully optimized GAP-EA_01_standard.set -> GAP-EA_01_otp.set
2025-04-27 14:51:36,707 - INFO - Successfully optimized Gaps_01_standard.set -> Gaps_01_otp.set
2025-04-27 14:51:36,708 - INFO - Successfully optimized GBP9AM_01_standard.set -> GBP9AM_01_otp.set
2025-04-27 14:51:36,710 - INFO - Successfully optimized GbpChf_01_standard.set -> GbpChf_01_otp.set
2025-04-27 14:51:36,711 - INFO - Successfully optimized Gold-Dust_01_standard.set -> Gold-Dust_01_otp.set
2025-04-27 14:51:36,712 - INFO - Successfully optimized GO_01_standard.set -> GO_01_otp.set
2025-04-27 14:51:36,713 - INFO - Successfully optimized GreenTrade_01_standard.set -> GreenTrade_01_otp.set
2025-04-27 14:51:36,715 - INFO - Successfully optimized Grid-Martingale_01_standard.set -> Grid-Martingale_01_otp.set
2025-04-27 14:51:36,716 - INFO - Successfully optimized GridEA_01_standard.set -> GridEA_01_otp.set
2025-04-27 14:51:36,718 - INFO - Successfully optimized Grid_01_standard.set -> Grid_01_otp.set
2025-04-27 14:51:36,719 - INFO - Successfully optimized HarVesteR_01_standard.set -> HarVesteR_01_otp.set
2025-04-27 14:51:36,720 - INFO - Successfully optimized HedgeEA_01_standard.set -> HedgeEA_01_otp.set
2025-04-27 14:51:36,721 - INFO - Successfully optimized hedger_01_standard.set -> hedger_01_otp.set
2025-04-27 14:51:36,723 - INFO - Successfully optimized Hedging-EA_01_standard.set -> Hedging-EA_01_otp.set
2025-04-27 14:51:36,725 - INFO - Successfully optimized Heiken-Ashi-Smoothed-EA-with-MA_01_standard.set -> Heiken-Ashi-Smoothed-EA-with-MA_01_otp.set
2025-04-27 14:51:36,726 - INFO - Successfully optimized Heiken-Ashi-Smoothed-EA_01_standard.set -> Heiken-Ashi-Smoothed-EA_01_otp.set
2025-04-27 14:51:36,727 - INFO - Successfully optimized heiken-ashi-smoothedLine_01_standard.set -> heiken-ashi-smoothedLine_01_otp.set
2025-04-27 14:51:36,728 - INFO - Successfully optimized heiken-ashi-smoothed_01_standard.set -> heiken-ashi-smoothed_01_otp.set
2025-04-27 14:51:36,730 - INFO - Successfully optimized HeikenAshi-Lines-EA_01_standard.set -> HeikenAshi-Lines-EA_01_otp.set
2025-04-27 14:51:36,732 - INFO - Successfully optimized HeikenAshi-Lines_01_standard.set -> HeikenAshi-Lines_01_otp.set
2025-04-27 14:51:36,733 - INFO - Successfully optimized Heinken-Ashi-Color-Candles_01_standard.set -> Heinken-Ashi-Color-Candles_01_otp.set
2025-04-27 14:51:36,734 - INFO - Successfully optimized HelloSmart_01_standard.set -> HelloSmart_01_otp.set
2025-04-27 14:51:36,735 - INFO - Successfully optimized High-Low-EA_01_standard.set -> High-Low-EA_01_otp.set
2025-04-27 14:51:36,737 - INFO - Successfully optimized High-Low-Indicator_01_standard.set -> High-Low-Indicator_01_otp.set
2025-04-27 14:51:36,738 - INFO - Successfully optimized Hoop-master-2_01_standard.set -> Hoop-master-2_01_otp.set
2025-04-27 14:51:36,739 - INFO - Successfully optimized iCCI-iMA_01_standard.set -> iCCI-iMA_01_otp.set
2025-04-27 14:51:36,741 - INFO - Successfully optimized ICH-With-Alert-Derekers-EA_01_standard.set -> ICH-With-Alert-Derekers-EA_01_otp.set
2025-04-27 14:51:36,742 - INFO - Successfully optimized ICH-With-Alert-Derekers_01_standard.set -> ICH-With-Alert-Derekers_01_otp.set
2025-04-27 14:51:36,744 - INFO - Successfully optimized ichimok2005_01_standard.set -> ichimok2005_01_otp.set
2025-04-27 14:51:36,745 - INFO - Successfully optimized Ichimoku-20Kijun-20Alert_01_standard.set -> Ichimoku-20Kijun-20Alert_01_otp.set
2025-04-27 14:51:36,747 - INFO - Successfully optimized Ichimoku-20Tenkan-20Alert_01_standard.set -> Ichimoku-20Tenkan-20Alert_01_otp.set
2025-04-27 14:51:36,748 - INFO - Successfully optimized Ichimoku-Scanner_01_standard.set -> Ichimoku-Scanner_01_otp.set
2025-04-27 14:51:36,749 - INFO - Successfully optimized Ichimoku-Signals-and-Alert_01_standard.set -> Ichimoku-Signals-and-Alert_01_otp.set
2025-04-27 14:51:36,751 - INFO - Successfully optimized IchimokuMTF-EA_01_standard.set -> IchimokuMTF-EA_01_otp.set
2025-04-27 14:51:36,753 - INFO - Successfully optimized Ichimoku_01_standard.set -> Ichimoku_01_otp.set
2025-04-27 14:51:36,754 - INFO - Successfully optimized Ilan-iMA_01_standard.set -> Ilan-iMA_01_otp.set
2025-04-27 14:51:36,755 - INFO - Successfully optimized Ilan1.4_01_standard.set -> Ilan1.4_01_otp.set
2025-04-27 14:51:36,756 - INFO - Successfully optimized iMA-iStdDev_01_standard.set -> iMA-iStdDev_01_otp.set
2025-04-27 14:51:36,758 - INFO - Successfully optimized Indices-Tester_01_standard.set -> Indices-Tester_01_otp.set
2025-04-27 14:51:36,760 - INFO - Successfully optimized Inka-20Edho-20EA_01_standard.set -> Inka-20Edho-20EA_01_otp.set
2025-04-27 14:51:36,761 - INFO - Successfully optimized Intersection-2-iMA_01_standard.set -> Intersection-2-iMA_01_otp.set
2025-04-27 14:51:36,762 - INFO - Successfully optimized IStochastic-Trading_01_standard.set -> IStochastic-Trading_01_otp.set
2025-04-27 14:51:36,764 - INFO - Successfully optimized Ivan_01_standard.set -> Ivan_01_otp.set
2025-04-27 14:51:36,765 - INFO - Successfully optimized iVIDyA-Simple_01_standard.set -> iVIDyA-Simple_01_otp.set
2025-04-27 14:51:36,767 - INFO - Successfully optimized Jackpot-Strategy-EA_01_standard.set -> Jackpot-Strategy-EA_01_otp.set
2025-04-27 14:51:36,768 - INFO - Successfully optimized JackPot-Strategy-Elite_01_standard.set -> JackPot-Strategy-Elite_01_otp.set
2025-04-27 14:51:36,769 - INFO - Successfully optimized JK-BullP-AutoTrader_01_standard.set -> JK-BullP-AutoTrader_01_otp.set
2025-04-27 14:51:36,771 - INFO - Successfully optimized JS-Chaos_01_standard.set -> JS-Chaos_01_otp.set
2025-04-27 14:51:36,772 - INFO - Successfully optimized JS-MA-Day_01_standard.set -> JS-MA-Day_01_otp.set
2025-04-27 14:51:36,774 - INFO - Successfully optimized JS-MA-SAR-Trades_01_standard.set -> JS-MA-SAR-Trades_01_otp.set
2025-04-27 14:51:36,775 - INFO - Successfully optimized KA-Gold-Bot_01_standard.set -> KA-Gold-Bot_01_otp.set
2025-04-27 14:51:36,777 - INFO - Successfully optimized Kue-Electric-EA_01_standard.set -> Kue-Electric-EA_01_otp.set
2025-04-27 14:51:36,779 - INFO - Successfully optimized KueFx-20Arrows_01_standard.set -> KueFx-20Arrows_01_otp.set
2025-04-27 14:51:36,780 - INFO - Successfully optimized KueFx-20Baseline_01_standard.set -> KueFx-20Baseline_01_otp.set
2025-04-27 14:51:36,782 - INFO - Successfully optimized KueFx-Arrows-20EA_01_standard.set -> KueFx-Arrows-20EA_01_otp.set
2025-04-27 14:51:36,783 - INFO - Successfully optimized KueFx-Arrows-EA_01_standard.set -> KueFx-Arrows-EA_01_otp.set
2025-04-27 14:51:36,784 - INFO - Successfully optimized KueFx-Arrows_01_standard.set -> KueFx-Arrows_01_otp.set
2025-04-27 14:51:36,786 - INFO - Successfully optimized KueFx-Baseline-EA_01_standard.set -> KueFx-Baseline-EA_01_otp.set
2025-04-27 14:51:36,787 - INFO - Successfully optimized KueFx-Baseline_01_standard.set -> KueFx-Baseline_01_otp.set
2025-04-27 14:51:36,789 - INFO - Successfully optimized KueFx-Clean-2025-EA_01_standard.set -> KueFx-Clean-2025-EA_01_otp.set
2025-04-27 14:51:36,791 - INFO - Successfully optimized KueFx-Extreme-EA_01_standard.set -> KueFx-Extreme-EA_01_otp.set
2025-04-27 14:51:36,792 - INFO - Successfully optimized KueFx-Harare-EA_01_standard.set -> KueFx-Harare-EA_01_otp.set
2025-04-27 14:51:36,794 - INFO - Successfully optimized KueFX-Money-Management_01_standard.set -> KueFX-Money-Management_01_otp.set
2025-04-27 14:51:36,796 - INFO - Successfully optimized KueFx-Motor-EA_01_standard.set -> KueFx-Motor-EA_01_otp.set
2025-04-27 14:51:36,797 - INFO - Successfully optimized KueFx-Motor_01_standard.set -> KueFx-Motor_01_otp.set
2025-04-27 14:51:36,798 - INFO - Successfully optimized KueFx-Trend_01_standard.set -> KueFx-Trend_01_otp.set
2025-04-27 14:51:36,800 - INFO - Successfully optimized KueFxTrend-20EA_01_standard.set -> KueFxTrend-20EA_01_otp.set
2025-04-27 14:51:36,802 - INFO - Successfully optimized KueFxTrend-EA_01_standard.set -> KueFxTrend-EA_01_otp.set
2025-04-27 14:51:36,803 - INFO - Successfully optimized LarryConnersRSI2_01_standard.set -> LarryConnersRSI2_01_otp.set
2025-04-27 14:51:36,804 - INFO - Successfully optimized Last-ZZ50_01_standard.set -> Last-ZZ50_01_otp.set
2025-04-27 14:51:36,806 - INFO - Successfully optimized Lavika100_01_standard.set -> Lavika100_01_otp.set
2025-04-27 14:51:36,807 - INFO - Successfully optimized LBS_01_standard.set -> LBS_01_otp.set
2025-04-27 14:51:36,809 - INFO - Successfully optimized Lego-EA_01_standard.set -> Lego-EA_01_otp.set
2025-04-27 14:51:36,810 - INFO - Successfully optimized Lesson-3-Price-Action_01_standard.set -> Lesson-3-Price-Action_01_otp.set
2025-04-27 14:51:36,811 - INFO - Successfully optimized Lesson-4-Price-Action-MA-Filter_01_standard.set -> Lesson-4-Price-Action-MA-Filter_01_otp.set
2025-04-27 14:51:36,812 - INFO - Successfully optimized Lesson-6-Trailling-ATR_01_standard.set -> Lesson-6-Trailling-ATR_01_otp.set
2025-04-27 14:51:36,813 - INFO - Successfully optimized Lesson-7-Price-action-Ket-hop-Volume-VSA_01_standard.set -> Lesson-7-Price-action-Ket-hop-Volume-VSA_01_otp.set
2025-04-27 14:51:36,815 - INFO - Successfully optimized Little-EA_01_standard.set -> Little-EA_01_otp.set
2025-04-27 14:51:36,816 - INFO - Successfully optimized Locker_01_standard.set -> Locker_01_otp.set
2025-04-27 14:51:36,817 - INFO - Successfully optimized Lock_01_standard.set -> Lock_01_otp.set
2025-04-27 14:51:36,818 - INFO - Successfully optimized Lucky_01_standard.set -> Lucky_01_otp.set
2025-04-27 14:51:36,819 - INFO - Successfully optimized MA-20Alert_01_standard.set -> MA-20Alert_01_otp.set
2025-04-27 14:51:36,821 - INFO - Successfully optimized MA-20AO-20Arrow_01_standard.set -> MA-20AO-20Arrow_01_otp.set
2025-04-27 14:51:36,823 - INFO - Successfully optimized MA-AO-EA_01_standard.set -> MA-AO-EA_01_otp.set
2025-04-27 14:51:36,824 - INFO - Successfully optimized ma-channels_01_standard.set -> ma-channels_01_otp.set
2025-04-27 14:51:36,825 - INFO - Successfully optimized MA-Cross_01_standard.set -> MA-Cross_01_otp.set
2025-04-27 14:51:36,826 - INFO - Successfully optimized MA-Envelopes_01_standard.set -> MA-Envelopes_01_otp.set
2025-04-27 14:51:36,828 - INFO - Successfully optimized MA-MACD-Position-averaging_01_standard.set -> MA-MACD-Position-averaging_01_otp.set
2025-04-27 14:51:36,829 - INFO - Successfully optimized MA-Trend_01_standard.set -> MA-Trend_01_otp.set
2025-04-27 14:51:36,831 - INFO - Successfully optimized MA2CCI_01_standard.set -> MA2CCI_01_otp.set
2025-04-27 14:51:36,832 - INFO - Successfully optimized MACD-and-SAR_01_standard.set -> MACD-and-SAR_01_otp.set
2025-04-27 14:51:36,833 - INFO - Successfully optimized MACD-Cleaner_01_standard.set -> MACD-Cleaner_01_otp.set
2025-04-27 14:51:36,836 - INFO - Successfully optimized MACD-EA-H4_01_standard.set -> MACD-EA-H4_01_otp.set
2025-04-27 14:51:36,837 - INFO - Successfully optimized MACD-No-Sample_01_standard.set -> MACD-No-Sample_01_otp.set
2025-04-27 14:51:36,838 - INFO - Successfully optimized MACD-signal_01_standard.set -> MACD-signal_01_otp.set
2025-04-27 14:51:36,839 - INFO - Successfully optimized MACD-Stochastic-2_01_standard.set -> MACD-Stochastic-2_01_otp.set
2025-04-27 14:51:36,841 - INFO - Successfully optimized MACD-Stochastic_01_standard.set -> MACD-Stochastic_01_otp.set
2025-04-27 14:51:36,842 - INFO - Successfully optimized MACDCCI_01_standard.set -> MACDCCI_01_otp.set
2025-04-27 14:51:36,844 - INFO - Successfully optimized MacdPatternTraderAll0.01_01_standard.set -> MacdPatternTraderAll0.01_01_otp.set
2025-04-27 14:51:36,846 - INFO - Successfully optimized MacdPatternTraderAll_01_standard.set -> MacdPatternTraderAll_01_otp.set
2025-04-27 14:51:36,847 - INFO - Successfully optimized MACD_01_standard.set -> MACD_01_otp.set
2025-04-27 14:51:36,848 - INFO - Successfully optimized MAGrid_01_standard.set -> MAGrid_01_otp.set
2025-04-27 14:51:36,850 - INFO - Successfully optimized MAMACD_01_standard.set -> MAMACD_01_otp.set
2025-04-27 14:51:36,851 - INFO - Successfully optimized Market-Capture_01_standard.set -> Market-Capture_01_otp.set
2025-04-27 14:51:36,852 - INFO - Successfully optimized Martin-1_01_standard.set -> Martin-1_01_otp.set
2025-04-27 14:51:36,853 - INFO - Successfully optimized Martin-for-small-deposits_01_standard.set -> Martin-for-small-deposits_01_otp.set
2025-04-27 14:51:36,854 - INFO - Successfully optimized MartingailExpert_01_standard.set -> MartingailExpert_01_otp.set
2025-04-27 14:51:36,856 - INFO - Successfully optimized MartinGaleBreakout_01_standard.set -> MartinGaleBreakout_01_otp.set
2025-04-27 14:51:36,857 - INFO - Successfully optimized Martin_01_standard.set -> Martin_01_otp.set
2025-04-27 14:51:36,858 - INFO - Successfully optimized Marubozu-EA_01_standard.set -> Marubozu-EA_01_otp.set
2025-04-27 14:51:36,859 - INFO - Successfully optimized Marubozu_01_standard.set -> Marubozu_01_otp.set
2025-04-27 14:51:36,860 - INFO - Successfully optimized MelBar-EuSwiss-1.85_01_standard.set -> MelBar-EuSwiss-1.85_01_otp.set
2025-04-27 14:51:36,862 - INFO - Successfully optimized MelBar™Take325-™-5.5Y-NZD-USD_01_standard.set -> MelBar™Take325-™-5.5Y-NZD-USD_01_otp.set
2025-04-27 14:51:36,864 - INFO - Successfully optimized Mobo-Bands-EA_01_standard.set -> Mobo-Bands-EA_01_otp.set
2025-04-27 14:51:36,865 - INFO - Successfully optimized Mobo-Bands_01_standard.set -> Mobo-Bands_01_otp.set
2025-04-27 14:51:36,866 - INFO - Successfully optimized Modified-Moving-Averages_01_standard.set -> Modified-Moving-Averages_01_otp.set
2025-04-27 14:51:36,867 - INFO - Successfully optimized Momentum-M15_01_standard.set -> Momentum-M15_01_otp.set
2025-04-27 14:51:36,869 - INFO - Successfully optimized Momo-trades_01_standard.set -> Momo-trades_01_otp.set
2025-04-27 14:51:36,870 - INFO - Successfully optimized Money-Fixed-Margin_01_standard.set -> Money-Fixed-Margin_01_otp.set
2025-04-27 14:51:36,871 - INFO - Successfully optimized Money-Fixed-Risk_01_standard.set -> Money-Fixed-Risk_01_otp.set
2025-04-27 14:51:36,872 - INFO - Successfully optimized MoneyRain_01_standard.set -> MoneyRain_01_otp.set
2025-04-27 14:51:36,873 - INFO - Successfully optimized Morning-evening-star-EA_01_standard.set -> Morning-evening-star-EA_01_otp.set
2025-04-27 14:51:36,875 - INFO - Successfully optimized MostasHaR15-Pivot_01_standard.set -> MostasHaR15-Pivot_01_otp.set
2025-04-27 14:51:36,877 - INFO - Successfully optimized Moving-20average-20and-20ichimoku-20EA_01_standard.set -> Moving-20average-20and-20ichimoku-20EA_01_otp.set
2025-04-27 14:51:36,878 - INFO - Successfully optimized Moving-Average-Trade-System_01_standard.set -> Moving-Average-Trade-System_01_otp.set
2025-04-27 14:51:36,879 - INFO - Successfully optimized Moving-Averages_01_standard.set -> Moving-Averages_01_otp.set
2025-04-27 14:51:36,880 - INFO - Successfully optimized MovingAverageMartinGale_01_standard.set -> MovingAverageMartinGale_01_otp.set
2025-04-27 14:51:36,882 - INFO - Successfully optimized MovingAverage_01_standard.set -> MovingAverage_01_otp.set
2025-04-27 14:51:36,883 - INFO - Successfully optimized MQL5-Wizard-MA-RSI_01_standard.set -> MQL5-Wizard-MA-RSI_01_otp.set
2025-04-27 14:51:36,885 - INFO - Successfully optimized MQL5-Wizard-MACD-Parabolic-SAR_01_standard.set -> MQL5-Wizard-MACD-Parabolic-SAR_01_otp.set
2025-04-27 14:51:36,886 - INFO - Successfully optimized MTC-Сombo_01_standard.set -> MTC-Сombo_01_otp.set
2025-04-27 14:51:36,887 - INFO - Successfully optimized Multi-Stochastic_01_standard.set -> Multi-Stochastic_01_otp.set
2025-04-27 14:51:36,888 - INFO - Successfully optimized MultiMartin_01_standard.set -> MultiMartin_01_otp.set
2025-04-27 14:51:36,889 - INFO - Successfully optimized MySystem_01_standard.set -> MySystem_01_otp.set
2025-04-27 14:51:36,891 - INFO - Successfully optimized N-Candles_01_standard.set -> N-Candles_01_otp.set
2025-04-27 14:51:36,892 - INFO - Successfully optimized Nevalyashka-BreakdownLevel_01_standard.set -> Nevalyashka-BreakdownLevel_01_otp.set
2025-04-27 14:51:36,893 - INFO - Successfully optimized Nevalyashka3-1_01_standard.set -> Nevalyashka3-1_01_otp.set
2025-04-27 14:51:36,894 - INFO - Successfully optimized Nevalyashka_01_standard.set -> Nevalyashka_01_otp.set
2025-04-27 14:51:36,896 - INFO - Successfully optimized New-Martin_01_standard.set -> New-Martin_01_otp.set
2025-04-27 14:51:36,897 - INFO - Successfully optimized New-Random_01_standard.set -> New-Random_01_otp.set
2025-04-27 14:51:36,898 - INFO - Successfully optimized Nextbar_01_standard.set -> Nextbar_01_otp.set
2025-04-27 14:51:36,899 - INFO - Successfully optimized Night-Flat-Trade_01_standard.set -> Night-Flat-Trade_01_otp.set
2025-04-27 14:51:36,901 - INFO - Successfully optimized NightScalper_01_standard.set -> NightScalper_01_otp.set
2025-04-27 14:51:36,902 - INFO - Successfully optimized NRTR-Revers_01_standard.set -> NRTR-Revers_01_otp.set
2025-04-27 14:51:36,904 - INFO - Successfully optimized NUp1Down_01_standard.set -> NUp1Down_01_otp.set
2025-04-27 14:51:36,905 - INFO - Successfully optimized Open-Candle-EA_01_standard.set -> Open-Candle-EA_01_otp.set
2025-04-27 14:51:36,906 - INFO - Successfully optimized Open-Close_01_standard.set -> Open-Close_01_otp.set
2025-04-27 14:51:36,908 - INFO - Successfully optimized Opening-and-ilosing-on-time_01_standard.set -> Opening-and-ilosing-on-time_01_otp.set
2025-04-27 14:51:36,909 - INFO - Successfully optimized Opening-and-Сlosing-on-time_01_standard.set -> Opening-and-Сlosing-on-time_01_otp.set
2025-04-27 14:51:36,910 - INFO - Successfully optimized OpenPendingorderAfterPositionGetStopLoss_01_standard.set -> OpenPendingorderAfterPositionGetStopLoss_01_otp.set
2025-04-27 14:51:36,912 - INFO - Successfully optimized OpenTicks_01_standard.set -> OpenTicks_01_otp.set
2025-04-27 14:51:36,914 - INFO - Successfully optimized ORB-EA-BOX_01_standard.set -> ORB-EA-BOX_01_otp.set
2025-04-27 14:51:36,915 - INFO - Successfully optimized OsMaSter_01_standard.set -> OsMaSter_01_otp.set
2025-04-27 14:51:36,916 - INFO - Successfully optimized OTT-20AND-20PRICE-20CROSS-20EA_01_standard.set -> OTT-20AND-20PRICE-20CROSS-20EA_01_otp.set
2025-04-27 14:51:36,918 - INFO - Successfully optimized OverHedge_01_standard.set -> OverHedge_01_otp.set
2025-04-27 14:51:36,919 - INFO - Successfully optimized OzFx_01_standard.set -> OzFx_01_otp.set
2025-04-27 14:51:36,920 - INFO - Successfully optimized Parabolic-SAR_01_standard.set -> Parabolic-SAR_01_otp.set
2025-04-27 14:51:36,922 - INFO - Successfully optimized PARSI-EA_01_standard.set -> PARSI-EA_01_otp.set
2025-04-27 14:51:36,924 - INFO - Successfully optimized Peceptron-Mult_01_standard.set -> Peceptron-Mult_01_otp.set
2025-04-27 14:51:36,925 - INFO - Successfully optimized Pending-orders-by-time-2_01_standard.set -> Pending-orders-by-time-2_01_otp.set
2025-04-27 14:51:36,926 - INFO - Successfully optimized Pending-orders-by-time_01_standard.set -> Pending-orders-by-time_01_otp.set
2025-04-27 14:51:36,927 - INFO - Successfully optimized Pendulum_01_standard.set -> Pendulum_01_otp.set
2025-04-27 14:51:36,928 - INFO - Successfully optimized Pinball-machine_01_standard.set -> Pinball-machine_01_otp.set
2025-04-27 14:51:36,930 - INFO - Successfully optimized Pinbar-Magic-EA_01_standard.set -> Pinbar-Magic-EA_01_otp.set
2025-04-27 14:51:36,932 - INFO - Successfully optimized PinBar-Magic-Indicator_01_standard.set -> PinBar-Magic-Indicator_01_otp.set
2025-04-27 14:51:36,933 - INFO - Successfully optimized Pipsover_01_standard.set -> Pipsover_01_otp.set
2025-04-27 14:51:36,934 - INFO - Successfully optimized Plan-X_01_standard.set -> Plan-X_01_otp.set
2025-04-27 14:51:36,935 - INFO - Successfully optimized Plateau_01_standard.set -> Plateau_01_otp.set
2025-04-27 14:51:36,937 - INFO - Successfully optimized Poker-SHOW_01_standard.set -> Poker-SHOW_01_otp.set
2025-04-27 14:51:36,938 - INFO - Successfully optimized Precipice-MartIn_01_standard.set -> Precipice-MartIn_01_otp.set
2025-04-27 14:51:36,939 - INFO - Successfully optimized Precipice_01_standard.set -> Precipice_01_otp.set
2025-04-27 14:51:36,941 - INFO - Successfully optimized Probe_01_standard.set -> Probe_01_otp.set
2025-04-27 14:51:36,942 - INFO - Successfully optimized Proffessor_01_standard.set -> Proffessor_01_otp.set
2025-04-27 14:51:36,943 - INFO - Successfully optimized PropFirmHelper_01_standard.set -> PropFirmHelper_01_otp.set
2025-04-27 14:51:36,944 - INFO - Successfully optimized PROphet_01_standard.set -> PROphet_01_otp.set
2025-04-27 14:51:36,946 - INFO - Successfully optimized Puria-method_01_standard.set -> Puria-method_01_otp.set
2025-04-27 14:51:36,947 - INFO - Successfully optimized Rabbit3_01_standard.set -> Rabbit3_01_otp.set
2025-04-27 14:51:36,948 - INFO - Successfully optimized Range-Breakout_01_standard.set -> Range-Breakout_01_otp.set
2025-04-27 14:51:36,950 - INFO - Successfully optimized Rapid-Doji-EA_01_standard.set -> Rapid-Doji-EA_01_otp.set
2025-04-27 14:51:36,951 - INFO - Successfully optimized Raymond-Cloudy-Day-for-EA_01_standard.set -> Raymond-Cloudy-Day-for-EA_01_otp.set
2025-04-27 14:51:36,952 - INFO - Successfully optimized Reflex-EA_01_standard.set -> Reflex-EA_01_otp.set
2025-04-27 14:51:36,954 - INFO - Successfully optimized REFLEX-INDICATOR_01_standard.set -> REFLEX-INDICATOR_01_otp.set
2025-04-27 14:51:36,955 - INFO - Successfully optimized Reflex_01_standard.set -> Reflex_01_otp.set
2025-04-27 14:51:36,956 - INFO - Successfully optimized Reversing-Martingale_01_standard.set -> Reversing-Martingale_01_otp.set
2025-04-27 14:51:36,957 - INFO - Successfully optimized RideAlligator_01_standard.set -> RideAlligator_01_otp.set
2025-04-27 14:51:36,959 - INFO - Successfully optimized RNN_01_standard.set -> RNN_01_otp.set
2025-04-27 14:51:36,960 - INFO - Successfully optimized Robot-MACD_01_standard.set -> Robot-MACD_01_otp.set
2025-04-27 14:51:36,961 - INFO - Successfully optimized RobotPowerM5-meta4_01_standard.set -> RobotPowerM5-meta4_01_otp.set
2025-04-27 14:51:36,962 - INFO - Successfully optimized Rollback-system_01_standard.set -> Rollback-system_01_otp.set
2025-04-27 14:51:36,964 - INFO - Successfully optimized RSI-and-Bollinger-Bands_01_standard.set -> RSI-and-Bollinger-Bands_01_otp.set
2025-04-27 14:51:36,966 - INFO - Successfully optimized RSI-Arrow-EA_01_standard.set -> RSI-Arrow-EA_01_otp.set
2025-04-27 14:51:36,967 - INFO - Successfully optimized RSI-Arrow_01_standard.set -> RSI-Arrow_01_otp.set
2025-04-27 14:51:36,968 - INFO - Successfully optimized RSI-EA_01_standard.set -> RSI-EA_01_otp.set
2025-04-27 14:51:36,969 - INFO - Successfully optimized RSI-Eraser_01_standard.set -> RSI-Eraser_01_otp.set
2025-04-27 14:51:36,971 - INFO - Successfully optimized RSI-Expert_01_standard.set -> RSI-Expert_01_otp.set
2025-04-27 14:51:36,972 - INFO - Successfully optimized RSI-Levels_01_standard.set -> RSI-Levels_01_otp.set
2025-04-27 14:51:36,973 - INFO - Successfully optimized RSI-trader_01_standard.set -> RSI-trader_01_otp.set
2025-04-27 14:51:36,975 - INFO - Successfully optimized RSI-Trend-EA_01_standard.set -> RSI-Trend-EA_01_otp.set
2025-04-27 14:51:36,976 - INFO - Successfully optimized RSI-Trend_01_standard.set -> RSI-Trend_01_otp.set
2025-04-27 14:51:36,978 - INFO - Successfully optimized RSI-with-channels-EA_01_standard.set -> RSI-with-channels-EA_01_otp.set
2025-04-27 14:51:36,979 - INFO - Successfully optimized RSI-with-channels_01_standard.set -> RSI-with-channels_01_otp.set
2025-04-27 14:51:36,980 - INFO - Successfully optimized Russian20-hp1_01_standard.set -> Russian20-hp1_01_otp.set
2025-04-27 14:51:36,982 - INFO - Successfully optimized SampleCheckPendingOrder_01_standard.set -> SampleCheckPendingOrder_01_otp.set
2025-04-27 14:51:36,983 - INFO - Successfully optimized SAR-trading_01_standard.set -> SAR-trading_01_otp.set
2025-04-27 14:51:36,984 - INFO - Successfully optimized Secwenta_01_standard.set -> Secwenta_01_otp.set
2025-04-27 14:51:36,985 - INFO - Successfully optimized Sell-Stop_01_standard.set -> Sell-Stop_01_otp.set
2025-04-27 14:51:36,987 - INFO - Successfully optimized Sensitive_01_standard.set -> Sensitive_01_otp.set
2025-04-27 14:51:36,988 - INFO - Successfully optimized Separate-trade_01_standard.set -> Separate-trade_01_otp.set
2025-04-27 14:51:36,990 - INFO - Successfully optimized SilverTrend_01_standard.set -> SilverTrend_01_otp.set
2025-04-27 14:51:36,991 - INFO - Successfully optimized Simple-20Price-20Alert-20-20EA_01_standard.set -> Simple-20Price-20Alert-20-20EA_01_otp.set
2025-04-27 14:51:36,993 - INFO - Successfully optimized Simple-20Volume-20EA_01_standard.set -> Simple-20Volume-20EA_01_otp.set
2025-04-27 14:51:36,995 - INFO - Successfully optimized Simple-EA-MA-plus-MACD_01_standard.set -> Simple-EA-MA-plus-MACD_01_otp.set
2025-04-27 14:51:36,997 - INFO - Successfully optimized Simple-FX_01_standard.set -> Simple-FX_01_otp.set
2025-04-27 14:51:36,998 - INFO - Successfully optimized Simple-MACD_01_standard.set -> Simple-MACD_01_otp.set
2025-04-27 14:51:37,000 - INFO - Successfully optimized Simple-Volume-EA_01_standard.set -> Simple-Volume-EA_01_otp.set
2025-04-27 14:51:37,002 - INFO - Successfully optimized SimplePivot_01_standard.set -> SimplePivot_01_otp.set
2025-04-27 14:51:37,003 - INFO - Successfully optimized Simplest-Hedging-EA-ever_01_standard.set -> Simplest-Hedging-EA-ever_01_otp.set
2025-04-27 14:51:37,005 - INFO - Successfully optimized SimpleTrade _01_standard.set -> SimpleTrade _01_otp.set
2025-04-27 14:51:37,007 - INFO - Successfully optimized Six-Soldiers-EA-Grid_01_standard.set -> Six-Soldiers-EA-Grid_01_otp.set
2025-04-27 14:51:37,009 - INFO - Successfully optimized Six-Soldiers-EA_01_standard.set -> Six-Soldiers-EA_01_otp.set
2025-04-27 14:51:37,010 - INFO - Successfully optimized Six-Soldiers_01_standard.set -> Six-Soldiers_01_otp.set
2025-04-27 14:51:37,011 - INFO - Successfully optimized Small-Inside-Bar-Strategy_01_standard.set -> Small-Inside-Bar-Strategy_01_otp.set
2025-04-27 14:51:37,013 - INFO - Successfully optimized Smart-Machine-20EA_01_standard.set -> Smart-Machine-20EA_01_otp.set
2025-04-27 14:51:37,015 - INFO - Successfully optimized Smoothing-Average_01_standard.set -> Smoothing-Average_01_otp.set
2025-04-27 14:51:37,016 - INFO - Successfully optimized Spasm_01_standard.set -> Spasm_01_otp.set
2025-04-27 14:51:37,018 - INFO - Successfully optimized ssb5-123_01_standard.set -> ssb5-123_01_otp.set
2025-04-27 14:51:37,019 - INFO - Successfully optimized Starter_01_standard.set -> Starter_01_otp.set
2025-04-27 14:51:37,021 - INFO - Successfully optimized Steve-Cartwright-Trader-Camel-CCI-MACD_01_standard.set -> Steve-Cartwright-Trader-Camel-CCI-MACD_01_otp.set
2025-04-27 14:51:37,022 - INFO - Successfully optimized Stoch-EA-1192_01_standard.set -> Stoch-EA-1192_01_otp.set
2025-04-27 14:51:37,024 - INFO - Successfully optimized Stochastic-20Alert_01_standard.set -> Stochastic-20Alert_01_otp.set
2025-04-27 14:51:37,025 - INFO - Successfully optimized Stochastic-K-Divergence.lua_01_standard.set -> Stochastic-K-Divergence.lua_01_otp.set
2025-04-27 14:51:37,026 - INFO - Successfully optimized stochastic-three-periods_01_standard.set -> stochastic-three-periods_01_otp.set
2025-04-27 14:51:37,028 - INFO - Successfully optimized StochasticDiffSign-EA_01_standard.set -> StochasticDiffSign-EA_01_otp.set
2025-04-27 14:51:37,030 - INFO - Successfully optimized stochasticdiffsign_01_standard.set -> stochasticdiffsign_01_otp.set
2025-04-27 14:51:37,031 - INFO - Successfully optimized StochMA-EA_01_standard.set -> StochMA-EA_01_otp.set
2025-04-27 14:51:37,032 - INFO - Successfully optimized StochMA_01_standard.set -> StochMA_01_otp.set
2025-04-27 14:51:37,033 - INFO - Successfully optimized Stoch_01_standard.set -> Stoch_01_otp.set
2025-04-27 14:51:37,035 - INFO - Successfully optimized Stop-Loss-Take-Profit_01_standard.set -> Stop-Loss-Take-Profit_01_otp.set
2025-04-27 14:51:37,037 - INFO - Successfully optimized StraddleqTrail_01_standard.set -> StraddleqTrail_01_otp.set
2025-04-27 14:51:37,038 - INFO - Successfully optimized Surefirething_01_standard.set -> Surefirething_01_otp.set
2025-04-27 14:51:37,039 - INFO - Successfully optimized TDSGlobal_01_standard.set -> TDSGlobal_01_otp.set
2025-04-27 14:51:37,041 - INFO - Successfully optimized The-MasterMind-2_01_standard.set -> The-MasterMind-2_01_otp.set
2025-04-27 14:51:37,042 - INFO - Successfully optimized The-MasterMind-3_01_standard.set -> The-MasterMind-3_01_otp.set
2025-04-27 14:51:37,044 - INFO - Successfully optimized The-MasterMind_01_standard.set -> The-MasterMind_01_otp.set
2025-04-27 14:51:37,045 - INFO - Successfully optimized The-Puncher_01_standard.set -> The-Puncher_01_otp.set
2025-04-27 14:51:37,046 - INFO - Successfully optimized TheClassicTurtleTrader-no-dots-EA_01_standard.set -> TheClassicTurtleTrader-no-dots-EA_01_otp.set
2025-04-27 14:51:37,048 - INFO - Successfully optimized TheClassicTurtleTrader-no-dots_01_standard.set -> TheClassicTurtleTrader-no-dots_01_otp.set
2025-04-27 14:51:37,049 - INFO - Successfully optimized Three-indicators_01_standard.set -> Three-indicators_01_otp.set
2025-04-27 14:51:37,051 - INFO - Successfully optimized Three-neural-networks_01_standard.set -> Three-neural-networks_01_otp.set
2025-04-27 14:51:37,052 - INFO - Successfully optimized Three-timeframes_01_standard.set -> Three-timeframes_01_otp.set
2025-04-27 14:51:37,053 - INFO - Successfully optimized Three-Typical-Candles_01_standard.set -> Three-Typical-Candles_01_otp.set
2025-04-27 14:51:37,054 - INFO - Successfully optimized Time-sync-forts_01_standard.set -> Time-sync-forts_01_otp.set
2025-04-27 14:51:37,056 - INFO - Successfully optimized timer-trade_01_standard.set -> timer-trade_01_otp.set
2025-04-27 14:51:37,058 - INFO - Successfully optimized TMA-ATR-Channel_01_standard.set -> TMA-ATR-Channel_01_otp.set
2025-04-27 14:51:37,060 - INFO - Successfully optimized TMA-ATR-EA_01_standard.set -> TMA-ATR-EA_01_otp.set
2025-04-27 14:51:37,062 - INFO - Successfully optimized TMA-CG-EA_01_standard.set -> TMA-CG-EA_01_otp.set
2025-04-27 14:51:37,064 - INFO - Successfully optimized TMA-CG-Martingale-20EA_01_standard.set -> TMA-CG-Martingale-20EA_01_otp.set
2025-04-27 14:51:37,065 - INFO - Successfully optimized TMA-CG-mladen_01_standard.set -> TMA-CG-mladen_01_otp.set
2025-04-27 14:51:37,067 - INFO - Successfully optimized TMA-CG-special_01_standard.set -> TMA-CG-special_01_otp.set
2025-04-27 14:51:37,068 - INFO - Successfully optimized TMA-slope-bands_01_standard.set -> TMA-slope-bands_01_otp.set
2025-04-27 14:51:37,070 - INFO - Successfully optimized TmaTrue-2.0-with-Distances-6xx_01_standard.set -> TmaTrue-2.0-with-Distances-6xx_01_otp.set
2025-04-27 14:51:37,072 - INFO - Successfully optimized TmaTrue-3.0-with-Distances-6xx_01_standard.set -> TmaTrue-3.0-with-Distances-6xx_01_otp.set
2025-04-27 14:51:37,074 - INFO - Successfully optimized TP-with-money_01_standard.set -> TP-with-money_01_otp.set
2025-04-27 14:51:37,075 - INFO - Successfully optimized Trade-in-Channel_01_standard.set -> Trade-in-Channel_01_otp.set
2025-04-27 14:51:37,077 - INFO - Successfully optimized Trade-on-qualified-RSI_01_standard.set -> Trade-on-qualified-RSI_01_otp.set
2025-04-27 14:51:37,079 - INFO - Successfully optimized Trading-Breakout-MrThanhTan_01_standard.set -> Trading-Breakout-MrThanhTan_01_otp.set
2025-04-27 14:51:37,081 - INFO - Successfully optimized Trend-Trader-Strategy-EA_01_standard.set -> Trend-Trader-Strategy-EA_01_otp.set
2025-04-27 14:51:37,082 - INFO - Successfully optimized Trend-Trader-Strategy_01_standard.set -> Trend-Trader-Strategy_01_otp.set
2025-04-27 14:51:37,085 - INFO - Successfully optimized Tru-EA_01_standard.set -> Tru-EA_01_otp.set
2025-04-27 14:51:37,086 - INFO - Successfully optimized True-Scalper-Profit-Lock_01_standard.set -> True-Scalper-Profit-Lock_01_otp.set
2025-04-27 14:51:37,088 - INFO - Successfully optimized TrueSort-1100_01_standard.set -> TrueSort-1100_01_otp.set
2025-04-27 14:51:37,089 - INFO - Successfully optimized Tunnel-gen4_01_standard.set -> Tunnel-gen4_01_otp.set
2025-04-27 14:51:37,091 - INFO - Successfully optimized Tunnel-Method_01_standard.set -> Tunnel-Method_01_otp.set
2025-04-27 14:51:37,092 - INFO - Successfully optimized TurnGrid_01_standard.set -> TurnGrid_01_otp.set
2025-04-27 14:51:37,093 - INFO - Successfully optimized Two PerBar _01_standard.set -> Two PerBar _01_otp.set
2025-04-27 14:51:37,095 - INFO - Successfully optimized Two-20MA-20RSI-20ADX-20EA_01_standard.set -> Two-20MA-20RSI-20ADX-20EA_01_otp.set
2025-04-27 14:51:37,096 - INFO - Successfully optimized Two-20Orders-20Panel_01_standard.set -> Two-20Orders-20Panel_01_otp.set
2025-04-27 14:51:37,098 - INFO - Successfully optimized Two-pending-orders-2_01_standard.set -> Two-pending-orders-2_01_otp.set
2025-04-27 14:51:37,100 - INFO - Successfully optimized UnityPro_01_standard.set -> UnityPro_01_otp.set
2025-04-27 14:51:37,101 - INFO - Successfully optimized UniversalMACrossEA_01_standard.set -> UniversalMACrossEA_01_otp.set
2025-04-27 14:51:37,103 - INFO - Successfully optimized UniversalSignalDemo_01_standard.set -> UniversalSignalDemo_01_otp.set
2025-04-27 14:51:37,105 - INFO - Successfully optimized Universum-3.0_01_standard.set -> Universum-3.0_01_otp.set
2025-04-27 14:51:37,107 - INFO - Successfully optimized UnNomGuai-20EA_01_standard.set -> UnNomGuai-20EA_01_otp.set
2025-04-27 14:51:37,108 - INFO - Successfully optimized up3x1-Investor_01_standard.set -> up3x1-Investor_01_otp.set
2025-04-27 14:51:37,109 - INFO - Successfully optimized up3x1-premium-M_01_standard.set -> up3x1-premium-M_01_otp.set
2025-04-27 14:51:37,111 - INFO - Successfully optimized up3x1_01_standard.set -> up3x1_01_otp.set
2025-04-27 14:51:37,112 - INFO - Successfully optimized Urdala-Trol_01_standard.set -> Urdala-Trol_01_otp.set
2025-04-27 14:51:37,114 - INFO - Successfully optimized Very-Blonde-System_01_standard.set -> Very-Blonde-System_01_otp.set
2025-04-27 14:51:37,115 - INFO - Successfully optimized Virtual-Trailing-Stop_01_standard.set -> Virtual-Trailing-Stop_01_otp.set
2025-04-27 14:51:37,116 - INFO - Successfully optimized VLT-TRADER_01_standard.set -> VLT-TRADER_01_otp.set
2025-04-27 14:51:37,118 - INFO - Successfully optimized Volume-trader_01_standard.set -> Volume-trader_01_otp.set
2025-04-27 14:51:37,119 - INFO - Successfully optimized Vortex-Indicator-System_01_standard.set -> Vortex-Indicator-System_01_otp.set
2025-04-27 14:51:37,121 - INFO - Successfully optimized VR-Overturn_01_standard.set -> VR-Overturn_01_otp.set
2025-04-27 14:51:37,122 - INFO - Successfully optimized VR-ZVER-v.2_01_standard.set -> VR-ZVER-v.2_01_otp.set
2025-04-27 14:51:37,124 - INFO - Successfully optimized VR-ZVER_01_standard.set -> VR-ZVER_01_otp.set
2025-04-27 14:51:37,126 - INFO - Successfully optimized VZO_01_standard.set -> VZO_01_otp.set
2025-04-27 14:51:37,127 - INFO - Successfully optimized Waddah-Attar-Win_01_standard.set -> Waddah-Attar-Win_01_otp.set
2025-04-27 14:51:37,128 - INFO - Successfully optimized WE-TRUST_01_standard.set -> WE-TRUST_01_otp.set
2025-04-27 14:51:37,130 - INFO - Successfully optimized X-RSIOMA_01_standard.set -> X-RSIOMA_01_otp.set
2025-04-27 14:51:37,131 - INFO - Successfully optimized Yesterday-Today_01_standard.set -> Yesterday-Today_01_otp.set
