2025-04-25 02:01:17,623 - INFO - Found 482 .set files to process
2025-04-25 02:01:17,625 - INFO - Processing 10-pips-EURUSD_01_standard.set
2025-04-25 02:01:17,625 - INFO - Processing 10-pips-EURUSD_01_standard.set
2025-04-25 02:01:17,626 - ERROR - Error processing C:\Users\nikol\AppData\Roaming\MetaQuotes\Terminal\4B1CE69F577705455263BD980C39A82C\MQL5\Profiles\Tester\10-pips-EURUSD_01_standard.set: type object 'ParameterRole' has no attribute 'POSITIONING'
2025-04-25 02:01:17,627 - INFO - Processing 10-pips_01_standard.set
2025-04-25 02:01:17,628 - INFO - Processing 10-pips_01_standard.set
2025-04-25 02:01:17,640 - ERROR - Error processing C:\Users\nikol\AppData\Roaming\MetaQuotes\Terminal\4B1CE69F577705455263BD980C39A82C\MQL5\Profiles\Tester\10-pips_01_standard.set: type object 'ParameterRole' has no attribute 'POSITIONING'
2025-04-25 02:01:17,640 - INFO - Processing 1H-EUR-USD_01_standard.set
2025-04-25 02:01:17,641 - INFO - Processing 1H-EUR-USD_01_standard.set
2025-04-25 02:01:17,642 - ERROR - Error processing C:\Users\nikol\AppData\Roaming\MetaQuotes\Terminal\4B1CE69F577705455263BD980C39A82C\MQL5\Profiles\Tester\1H-EUR-USD_01_standard.set: type object 'ParameterRole' has no attribute 'POSITIONING'
2025-04-25 02:01:17,643 - INFO - Processing 20011201-GBPUSD-M1_01_standard.set
2025-04-25 02:01:17,644 - INFO - Processing 20011201-GBPUSD-M1_01_standard.set
2025-04-25 02:01:17,645 - ERROR - Error processing C:\Users\nikol\AppData\Roaming\MetaQuotes\Terminal\4B1CE69F577705455263BD980C39A82C\MQL5\Profiles\Tester\20011201-GBPUSD-M1_01_standard.set: type object 'ParameterRole' has no attribute 'POSITIONING'
2025-04-25 02:01:17,645 - INFO - Processing 21hour_01_standard.set
2025-04-25 02:01:17,646 - INFO - Processing 21hour_01_standard.set
2025-04-25 02:01:17,646 - ERROR - Error processing C:\Users\nikol\AppData\Roaming\MetaQuotes\Terminal\4B1CE69F577705455263BD980C39A82C\MQL5\Profiles\Tester\21hour_01_standard.set: type object 'ParameterRole' has no attribute 'POSITIONING'
2025-04-25 02:01:17,647 - INFO - Processing 2HR-HL_01_standard.set
2025-04-25 02:01:17,647 - INFO - Processing 2HR-HL_01_standard.set
2025-04-25 02:01:17,648 - ERROR - Error processing C:\Users\nikol\AppData\Roaming\MetaQuotes\Terminal\4B1CE69F577705455263BD980C39A82C\MQL5\Profiles\Tester\2HR-HL_01_standard.set: type object 'ParameterRole' has no attribute 'POSITIONING'
2025-04-25 02:01:17,649 - INFO - Processing 2MA-4Level_01_standard.set
2025-04-25 02:01:17,650 - INFO - Processing 2MA-4Level_01_standard.set
2025-04-25 02:01:17,651 - ERROR - Error processing C:\Users\nikol\AppData\Roaming\MetaQuotes\Terminal\4B1CE69F577705455263BD980C39A82C\MQL5\Profiles\Tester\2MA-4Level_01_standard.set: type object 'ParameterRole' has no attribute 'POSITIONING'
2025-04-25 02:01:17,651 - INFO - Processing 2MA-Bunny-Cross_01_standard.set
2025-04-25 02:01:17,652 - INFO - Processing 2MA-Bunny-Cross_01_standard.set
2025-04-25 02:01:17,653 - WARNING - Error processing group role_risk: 'list' object has no attribute 'items'
2025-04-25 02:01:17,653 - ERROR - Error processing C:\Users\nikol\AppData\Roaming\MetaQuotes\Terminal\4B1CE69F577705455263BD980C39A82C\MQL5\Profiles\Tester\2MA-Bunny-Cross_01_standard.set: dictionary update sequence element #0 has length 8; 2 is required
2025-04-25 02:01:17,654 - INFO - Processing 3-bars-high-low-indicator_01_standard.set
2025-04-25 02:01:17,654 - INFO - Processing 3-bars-high-low-indicator_01_standard.set
2025-04-25 02:01:17,655 - WARNING - Error processing group role_technical: 'list' object has no attribute 'items'
2025-04-25 02:01:17,656 - ERROR - Error processing C:\Users\nikol\AppData\Roaming\MetaQuotes\Terminal\4B1CE69F577705455263BD980C39A82C\MQL5\Profiles\Tester\3-bars-high-low-indicator_01_standard.set: dictionary update sequence element #0 has length 7; 2 is required
2025-04-25 02:01:17,656 - INFO - Processing 35-Pip-Scalper_01_standard.set
2025-04-25 02:01:17,657 - INFO - Processing 35-Pip-Scalper_01_standard.set
2025-04-25 02:01:17,658 - ERROR - Error processing C:\Users\nikol\AppData\Roaming\MetaQuotes\Terminal\4B1CE69F577705455263BD980C39A82C\MQL5\Profiles\Tester\35-Pip-Scalper_01_standard.set: type object 'ParameterRole' has no attribute 'POSITIONING'
2025-04-25 02:01:17,659 - INFO - Processing 3BarsHighLowEA_01_standard.set
2025-04-25 02:01:17,659 - INFO - Processing 3BarsHighLowEA_01_standard.set
2025-04-25 02:01:17,660 - ERROR - Error processing C:\Users\nikol\AppData\Roaming\MetaQuotes\Terminal\4B1CE69F577705455263BD980C39A82C\MQL5\Profiles\Tester\3BarsHighLowEA_01_standard.set: type object 'ParameterRole' has no attribute 'POSITIONING'
2025-04-25 02:01:17,661 - INFO - Processing 3sma_01_standard.set
2025-04-25 02:01:17,661 - INFO - Processing 3sma_01_standard.set
2025-04-25 02:01:17,662 - ERROR - Error processing C:\Users\nikol\AppData\Roaming\MetaQuotes\Terminal\4B1CE69F577705455263BD980C39A82C\MQL5\Profiles\Tester\3sma_01_standard.set: type object 'ParameterRole' has no attribute 'POSITIONING'
2025-04-25 02:01:17,663 - INFO - Processing 500_01_standard.set
2025-04-25 02:01:17,664 - INFO - Processing 500_01_standard.set
2025-04-25 02:01:17,665 - WARNING - Error processing group role_risk: 'list' object has no attribute 'items'
2025-04-25 02:01:17,666 - ERROR - Error processing C:\Users\nikol\AppData\Roaming\MetaQuotes\Terminal\4B1CE69F577705455263BD980C39A82C\MQL5\Profiles\Tester\500_01_standard.set: dictionary update sequence element #0 has length 14; 2 is required
2025-04-25 02:01:17,666 - INFO - Processing 55-MA_01_standard.set
2025-04-25 02:01:17,667 - INFO - Processing 55-MA_01_standard.set
2025-04-25 02:01:17,668 - ERROR - Error processing C:\Users\nikol\AppData\Roaming\MetaQuotes\Terminal\4B1CE69F577705455263BD980C39A82C\MQL5\Profiles\Tester\55-MA_01_standard.set: type object 'ParameterRole' has no attribute 'POSITIONING'
2025-04-25 02:01:17,668 - INFO - Processing Above-Below-MA_01_standard.set
2025-04-25 02:01:17,669 - INFO - Processing Above-Below-MA_01_standard.set
2025-04-25 02:01:17,670 - ERROR - Error processing C:\Users\nikol\AppData\Roaming\MetaQuotes\Terminal\4B1CE69F577705455263BD980C39A82C\MQL5\Profiles\Tester\Above-Below-MA_01_standard.set: type object 'ParameterRole' has no attribute 'POSITIONING'
2025-04-25 02:01:17,671 - INFO - Processing Absorption_01_standard.set
2025-04-25 02:01:17,672 - INFO - Processing Absorption_01_standard.set
2025-04-25 02:01:17,672 - ERROR - Error processing C:\Users\nikol\AppData\Roaming\MetaQuotes\Terminal\4B1CE69F577705455263BD980C39A82C\MQL5\Profiles\Tester\Absorption_01_standard.set: type object 'ParameterRole' has no attribute 'POSITIONING'
2025-04-25 02:01:17,673 - INFO - Processing ADX-MACD-Deev_01_standard.set
2025-04-25 02:01:17,673 - INFO - Processing ADX-MACD-Deev_01_standard.set
2025-04-25 02:01:17,674 - ERROR - Error processing C:\Users\nikol\AppData\Roaming\MetaQuotes\Terminal\4B1CE69F577705455263BD980C39A82C\MQL5\Profiles\Tester\ADX-MACD-Deev_01_standard.set: type object 'ParameterRole' has no attribute 'POSITIONING'
2025-04-25 02:01:17,675 - INFO - Processing ADX-MA_01_standard.set
2025-04-25 02:01:17,675 - INFO - Processing ADX-MA_01_standard.set
2025-04-25 02:01:17,676 - ERROR - Error processing C:\Users\nikol\AppData\Roaming\MetaQuotes\Terminal\4B1CE69F577705455263BD980C39A82C\MQL5\Profiles\Tester\ADX-MA_01_standard.set: type object 'ParameterRole' has no attribute 'POSITIONING'
2025-04-25 02:01:17,677 - INFO - Processing ADX-System_01_standard.set
2025-04-25 02:01:17,677 - INFO - Processing ADX-System_01_standard.set
2025-04-25 02:01:17,678 - ERROR - Error processing C:\Users\nikol\AppData\Roaming\MetaQuotes\Terminal\4B1CE69F577705455263BD980C39A82C\MQL5\Profiles\Tester\ADX-System_01_standard.set: type object 'ParameterRole' has no attribute 'POSITIONING'
2025-04-25 02:01:17,679 - INFO - Processing AIS1_01_standard.set
2025-04-25 02:01:17,679 - INFO - Processing AIS1_01_standard.set
2025-04-25 02:01:17,680 - ERROR - Error processing C:\Users\nikol\AppData\Roaming\MetaQuotes\Terminal\4B1CE69F577705455263BD980C39A82C\MQL5\Profiles\Tester\AIS1_01_standard.set: type object 'ParameterRole' has no attribute 'POSITIONING'
2025-04-25 02:01:17,681 - INFO - Processing AK-47-Scalper-EA-MT5_01_standard.set
2025-04-25 02:01:17,681 - INFO - Processing AK-47-Scalper-EA-MT5_01_standard.set
2025-04-25 02:01:17,682 - ERROR - Error processing C:\Users\nikol\AppData\Roaming\MetaQuotes\Terminal\4B1CE69F577705455263BD980C39A82C\MQL5\Profiles\Tester\AK-47-Scalper-EA-MT5_01_standard.set: type object 'ParameterRole' has no attribute 'POSITIONING'
2025-04-25 02:01:17,682 - INFO - Processing AK-47-Scalper-EA-yoforexPremium-MT5_01_standard.set
2025-04-25 02:01:17,683 - INFO - Processing AK-47-Scalper-EA-yoforexPremium-MT5_01_standard.set
2025-04-25 02:01:17,684 - ERROR - Error processing C:\Users\nikol\AppData\Roaming\MetaQuotes\Terminal\4B1CE69F577705455263BD980C39A82C\MQL5\Profiles\Tester\AK-47-Scalper-EA-yoforexPremium-MT5_01_standard.set: type object 'ParameterRole' has no attribute 'POSITIONING'
2025-04-25 02:01:17,685 - INFO - Processing Alexav-D1-Profit-GBPUSD_01_standard.set
2025-04-25 02:01:17,685 - INFO - Processing Alexav-D1-Profit-GBPUSD_01_standard.set
2025-04-25 02:01:17,686 - ERROR - Error processing C:\Users\nikol\AppData\Roaming\MetaQuotes\Terminal\4B1CE69F577705455263BD980C39A82C\MQL5\Profiles\Tester\Alexav-D1-Profit-GBPUSD_01_standard.set: type object 'ParameterRole' has no attribute 'POSITIONING'
2025-04-25 02:01:17,687 - INFO - Processing All-Average-Ea_01_standard.set
2025-04-25 02:01:17,687 - INFO - Processing All-Average-Ea_01_standard.set
2025-04-25 02:01:17,688 - ERROR - Error processing C:\Users\nikol\AppData\Roaming\MetaQuotes\Terminal\4B1CE69F577705455263BD980C39A82C\MQL5\Profiles\Tester\All-Average-Ea_01_standard.set: type object 'ParameterRole' has no attribute 'POSITIONING'
2025-04-25 02:01:17,689 - INFO - Processing Alligator-Simple_01_standard.set
2025-04-25 02:01:17,689 - INFO - Processing Alligator-Simple_01_standard.set
2025-04-25 02:01:17,690 - ERROR - Error processing C:\Users\nikol\AppData\Roaming\MetaQuotes\Terminal\4B1CE69F577705455263BD980C39A82C\MQL5\Profiles\Tester\Alligator-Simple_01_standard.set: type object 'ParameterRole' has no attribute 'POSITIONING'
2025-04-25 02:01:17,691 - INFO - Processing Alligator_01_standard.set
2025-04-25 02:01:17,691 - INFO - Processing Alligator_01_standard.set
2025-04-25 02:01:17,692 - ERROR - Error processing C:\Users\nikol\AppData\Roaming\MetaQuotes\Terminal\4B1CE69F577705455263BD980C39A82C\MQL5\Profiles\Tester\Alligator_01_standard.set: type object 'ParameterRole' has no attribute 'POSITIONING'
2025-04-25 02:01:17,693 - INFO - Processing Altarius-RSI-Stohastic_01_standard.set
2025-04-25 02:01:17,693 - INFO - Processing Altarius-RSI-Stohastic_01_standard.set
2025-04-25 02:01:17,694 - WARNING - Error processing group role_risk: 'list' object has no attribute 'items'
2025-04-25 02:01:17,695 - ERROR - Error processing C:\Users\nikol\AppData\Roaming\MetaQuotes\Terminal\4B1CE69F577705455263BD980C39A82C\MQL5\Profiles\Tester\Altarius-RSI-Stohastic_01_standard.set: dictionary update sequence element #0 has length 5; 2 is required
2025-04-25 02:01:17,696 - INFO - Processing AMA-Trader-2_01_standard.set
2025-04-25 02:01:17,696 - INFO - Processing AMA-Trader-2_01_standard.set
2025-04-25 02:01:17,697 - ERROR - Error processing C:\Users\nikol\AppData\Roaming\MetaQuotes\Terminal\4B1CE69F577705455263BD980C39A82C\MQL5\Profiles\Tester\AMA-Trader-2_01_standard.set: type object 'ParameterRole' has no attribute 'POSITIONING'
2025-04-25 02:01:17,698 - INFO - Processing AMA-Trader_01_standard.set
2025-04-25 02:01:17,698 - INFO - Processing AMA-Trader_01_standard.set
2025-04-25 02:01:17,699 - ERROR - Error processing C:\Users\nikol\AppData\Roaming\MetaQuotes\Terminal\4B1CE69F577705455263BD980C39A82C\MQL5\Profiles\Tester\AMA-Trader_01_standard.set: type object 'ParameterRole' has no attribute 'POSITIONING'
2025-04-25 02:01:17,700 - INFO - Processing AO-Lightning_01_standard.set
2025-04-25 02:01:17,701 - INFO - Processing AO-Lightning_01_standard.set
2025-04-25 02:01:17,702 - ERROR - Error processing C:\Users\nikol\AppData\Roaming\MetaQuotes\Terminal\4B1CE69F577705455263BD980C39A82C\MQL5\Profiles\Tester\AO-Lightning_01_standard.set: type object 'ParameterRole' has no attribute 'POSITIONING'
2025-04-25 02:01:17,702 - INFO - Processing AOCCI_01_standard.set
2025-04-25 02:01:17,703 - INFO - Processing AOCCI_01_standard.set
2025-04-25 02:01:17,704 - ERROR - Error processing C:\Users\nikol\AppData\Roaming\MetaQuotes\Terminal\4B1CE69F577705455263BD980C39A82C\MQL5\Profiles\Tester\AOCCI_01_standard.set: type object 'ParameterRole' has no attribute 'POSITIONING'
2025-04-25 02:01:17,705 - INFO - Processing Arbitrage_01_standard.set
2025-04-25 02:01:17,706 - INFO - Processing Arbitrage_01_standard.set
2025-04-25 02:01:17,707 - WARNING - Error processing group role_risk: 'list' object has no attribute 'items'
2025-04-25 02:01:17,707 - ERROR - Error processing C:\Users\nikol\AppData\Roaming\MetaQuotes\Terminal\4B1CE69F577705455263BD980C39A82C\MQL5\Profiles\Tester\Arbitrage_01_standard.set: dictionary update sequence element #0 has length 22; 2 is required
2025-04-25 02:01:17,708 - INFO - Processing ArbSint_01_standard.set
2025-04-25 02:01:17,708 - INFO - Processing ArbSint_01_standard.set
2025-04-25 02:01:17,709 - WARNING - Error processing group role_system: 'list' object has no attribute 'items'
2025-04-25 02:01:17,710 - ERROR - Error processing C:\Users\nikol\AppData\Roaming\MetaQuotes\Terminal\4B1CE69F577705455263BD980C39A82C\MQL5\Profiles\Tester\ArbSint_01_standard.set: dictionary update sequence element #0 has length 7; 2 is required
2025-04-25 02:01:17,710 - INFO - Processing Area-MACD_01_standard.set
2025-04-25 02:01:17,710 - INFO - Processing Area-MACD_01_standard.set
2025-04-25 02:01:17,712 - ERROR - Error processing C:\Users\nikol\AppData\Roaming\MetaQuotes\Terminal\4B1CE69F577705455263BD980C39A82C\MQL5\Profiles\Tester\Area-MACD_01_standard.set: type object 'ParameterRole' has no attribute 'POSITIONING'
2025-04-25 02:01:17,712 - INFO - Processing Artificial-Intelligence_01_standard.set
2025-04-25 02:01:17,713 - INFO - Processing Artificial-Intelligence_01_standard.set
2025-04-25 02:01:17,714 - ERROR - Error processing C:\Users\nikol\AppData\Roaming\MetaQuotes\Terminal\4B1CE69F577705455263BD980C39A82C\MQL5\Profiles\Tester\Artificial-Intelligence_01_standard.set: type object 'ParameterRole' has no attribute 'POSITIONING'
2025-04-25 02:01:17,714 - INFO - Processing At-random-Full_01_standard.set
2025-04-25 02:01:17,715 - INFO - Processing At-random-Full_01_standard.set
2025-04-25 02:01:17,716 - ERROR - Error processing C:\Users\nikol\AppData\Roaming\MetaQuotes\Terminal\4B1CE69F577705455263BD980C39A82C\MQL5\Profiles\Tester\At-random-Full_01_standard.set: type object 'ParameterRole' has no attribute 'POSITIONING'
2025-04-25 02:01:17,716 - INFO - Processing At-random_01_standard.set
2025-04-25 02:01:17,717 - INFO - Processing At-random_01_standard.set
2025-04-25 02:01:17,718 - WARNING - Error processing group role_technical: 'list' object has no attribute 'items'
2025-04-25 02:01:17,718 - ERROR - Error processing C:\Users\nikol\AppData\Roaming\MetaQuotes\Terminal\4B1CE69F577705455263BD980C39A82C\MQL5\Profiles\Tester\At-random_01_standard.set: dictionary update sequence element #0 has length 17; 2 is required
2025-04-25 02:01:17,719 - INFO - Processing Auto-ADX_01_standard.set
2025-04-25 02:01:17,720 - INFO - Processing Auto-ADX_01_standard.set
2025-04-25 02:01:17,720 - ERROR - Error processing C:\Users\nikol\AppData\Roaming\MetaQuotes\Terminal\4B1CE69F577705455263BD980C39A82C\MQL5\Profiles\Tester\Auto-ADX_01_standard.set: type object 'ParameterRole' has no attribute 'POSITIONING'
2025-04-25 02:01:17,721 - INFO - Processing Auto-Pivot-Plotter-28Mid-Levels-29-41_01_standard.set
2025-04-25 02:01:17,722 - INFO - Processing Auto-Pivot-Plotter-28Mid-Levels-29-41_01_standard.set
2025-04-25 02:01:17,723 - WARNING - Error processing group role_system: 'list' object has no attribute 'items'
2025-04-25 02:01:17,723 - ERROR - Error processing C:\Users\nikol\AppData\Roaming\MetaQuotes\Terminal\4B1CE69F577705455263BD980C39A82C\MQL5\Profiles\Tester\Auto-Pivot-Plotter-28Mid-Levels-29-41_01_standard.set: dictionary update sequence element #0 has length 10; 2 is required
2025-04-25 02:01:17,724 - INFO - Processing AutoLock-EA_01_standard.set
2025-04-25 02:01:17,724 - INFO - Processing AutoLock-EA_01_standard.set
2025-04-25 02:01:17,725 - ERROR - Error processing C:\Users\nikol\AppData\Roaming\MetaQuotes\Terminal\4B1CE69F577705455263BD980C39A82C\MQL5\Profiles\Tester\AutoLock-EA_01_standard.set: type object 'ParameterRole' has no attribute 'POSITIONING'
2025-04-25 02:01:17,726 - INFO - Processing Autotrader-Momentum_01_standard.set
2025-04-25 02:01:17,727 - INFO - Processing Autotrader-Momentum_01_standard.set
2025-04-25 02:01:17,728 - ERROR - Error processing C:\Users\nikol\AppData\Roaming\MetaQuotes\Terminal\4B1CE69F577705455263BD980C39A82C\MQL5\Profiles\Tester\Autotrader-Momentum_01_standard.set: type object 'ParameterRole' has no attribute 'POSITIONING'
2025-04-25 02:01:17,728 - INFO - Processing Avalanche-AV_01_standard.set
2025-04-25 02:01:17,729 - INFO - Processing Avalanche-AV_01_standard.set
2025-04-25 02:01:17,729 - ERROR - Error processing C:\Users\nikol\AppData\Roaming\MetaQuotes\Terminal\4B1CE69F577705455263BD980C39A82C\MQL5\Profiles\Tester\Avalanche-AV_01_standard.set: type object 'ParameterRole' has no attribute 'POSITIONING'
2025-04-25 02:01:17,730 - INFO - Processing Backbone_01_standard.set
2025-04-25 02:01:17,730 - INFO - Processing Backbone_01_standard.set
2025-04-25 02:01:17,731 - ERROR - Error processing C:\Users\nikol\AppData\Roaming\MetaQuotes\Terminal\4B1CE69F577705455263BD980C39A82C\MQL5\Profiles\Tester\Backbone_01_standard.set: type object 'ParameterRole' has no attribute 'POSITIONING'
2025-04-25 02:01:17,732 - INFO - Processing BADX_01_standard.set
2025-04-25 02:01:17,733 - INFO - Processing BADX_01_standard.set
2025-04-25 02:01:17,734 - ERROR - Error processing C:\Users\nikol\AppData\Roaming\MetaQuotes\Terminal\4B1CE69F577705455263BD980C39A82C\MQL5\Profiles\Tester\BADX_01_standard.set: type object 'ParameterRole' has no attribute 'POSITIONING'
2025-04-25 02:01:17,734 - INFO - Processing Bago-EA_01_standard.set
2025-04-25 02:01:17,735 - INFO - Processing Bago-EA_01_standard.set
2025-04-25 02:01:17,736 - ERROR - Error processing C:\Users\nikol\AppData\Roaming\MetaQuotes\Terminal\4B1CE69F577705455263BD980C39A82C\MQL5\Profiles\Tester\Bago-EA_01_standard.set: type object 'ParameterRole' has no attribute 'POSITIONING'
2025-04-25 02:01:17,737 - INFO - Processing BalancedScalper-20EA_01_standard.set
2025-04-25 02:01:17,737 - INFO - Processing BalancedScalper-20EA_01_standard.set
2025-04-25 02:01:17,738 - ERROR - Error processing C:\Users\nikol\AppData\Roaming\MetaQuotes\Terminal\4B1CE69F577705455263BD980C39A82C\MQL5\Profiles\Tester\BalancedScalper-20EA_01_standard.set: type object 'ParameterRole' has no attribute 'POSITIONING'
2025-04-25 02:01:17,738 - INFO - Processing Bands-2_01_standard.set
2025-04-25 02:01:17,739 - INFO - Processing Bands-2_01_standard.set
2025-04-25 02:01:17,740 - ERROR - Error processing C:\Users\nikol\AppData\Roaming\MetaQuotes\Terminal\4B1CE69F577705455263BD980C39A82C\MQL5\Profiles\Tester\Bands-2_01_standard.set: type object 'ParameterRole' has no attribute 'POSITIONING'
2025-04-25 02:01:17,741 - INFO - Processing BARS-Alligator_01_standard.set
2025-04-25 02:01:17,741 - INFO - Processing BARS-Alligator_01_standard.set
2025-04-25 02:01:17,742 - ERROR - Error processing C:\Users\nikol\AppData\Roaming\MetaQuotes\Terminal\4B1CE69F577705455263BD980C39A82C\MQL5\Profiles\Tester\BARS-Alligator_01_standard.set: type object 'ParameterRole' has no attribute 'POSITIONING'
2025-04-25 02:01:17,743 - INFO - Processing Basic-CCI-RSI_01_standard.set
2025-04-25 02:01:17,743 - INFO - Processing Basic-CCI-RSI_01_standard.set
2025-04-25 02:01:17,744 - ERROR - Error processing C:\Users\nikol\AppData\Roaming\MetaQuotes\Terminal\4B1CE69F577705455263BD980C39A82C\MQL5\Profiles\Tester\Basic-CCI-RSI_01_standard.set: type object 'ParameterRole' has no attribute 'POSITIONING'
2025-04-25 02:01:17,744 - INFO - Processing Basic-Martingale-EA-3_01_standard.set
2025-04-25 02:01:17,745 - INFO - Processing Basic-Martingale-EA-3_01_standard.set
2025-04-25 02:01:17,746 - ERROR - Error processing C:\Users\nikol\AppData\Roaming\MetaQuotes\Terminal\4B1CE69F577705455263BD980C39A82C\MQL5\Profiles\Tester\Basic-Martingale-EA-3_01_standard.set: type object 'ParameterRole' has no attribute 'POSITIONING'
2025-04-25 02:01:17,747 - INFO - Processing BB-stops-MT5_01_standard.set
2025-04-25 02:01:17,747 - INFO - Processing BB-stops-MT5_01_standard.set
2025-04-25 02:01:17,748 - ERROR - Error processing C:\Users\nikol\AppData\Roaming\MetaQuotes\Terminal\4B1CE69F577705455263BD980C39A82C\MQL5\Profiles\Tester\BB-stops-MT5_01_standard.set: type object 'ParameterRole' has no attribute 'POSITIONING'
2025-04-25 02:01:17,749 - INFO - Processing BBPercentile-EA_01_standard.set
2025-04-25 02:01:17,750 - INFO - Processing BBPercentile-EA_01_standard.set
2025-04-25 02:01:17,751 - ERROR - Error processing C:\Users\nikol\AppData\Roaming\MetaQuotes\Terminal\4B1CE69F577705455263BD980C39A82C\MQL5\Profiles\Tester\BBPercentile-EA_01_standard.set: type object 'ParameterRole' has no attribute 'POSITIONING'
2025-04-25 02:01:17,751 - INFO - Processing BBPercentile_01_standard.set
2025-04-25 02:01:17,752 - INFO - Processing BBPercentile_01_standard.set
2025-04-25 02:01:17,754 - WARNING - Error processing group role_technical: 'list' object has no attribute 'items'
2025-04-25 02:01:17,755 - ERROR - Error processing C:\Users\nikol\AppData\Roaming\MetaQuotes\Terminal\4B1CE69F577705455263BD980C39A82C\MQL5\Profiles\Tester\BBPercentile_01_standard.set: dictionary update sequence element #0 has length 7; 2 is required
2025-04-25 02:01:17,756 - INFO - Processing BDCrossOver-20EA_01_standard.set
2025-04-25 02:01:17,756 - INFO - Processing BDCrossOver-20EA_01_standard.set
2025-04-25 02:01:17,758 - ERROR - Error processing C:\Users\nikol\AppData\Roaming\MetaQuotes\Terminal\4B1CE69F577705455263BD980C39A82C\MQL5\Profiles\Tester\BDCrossOver-20EA_01_standard.set: type object 'ParameterRole' has no attribute 'POSITIONING'
2025-04-25 02:01:17,758 - INFO - Processing BIG-DOG_01_standard.set
2025-04-25 02:01:17,759 - INFO - Processing BIG-DOG_01_standard.set
2025-04-25 02:01:17,760 - ERROR - Error processing C:\Users\nikol\AppData\Roaming\MetaQuotes\Terminal\4B1CE69F577705455263BD980C39A82C\MQL5\Profiles\Tester\BIG-DOG_01_standard.set: type object 'ParameterRole' has no attribute 'POSITIONING'
2025-04-25 02:01:17,761 - INFO - Processing Bill-Williams_01_standard.set
2025-04-25 02:01:17,761 - INFO - Processing Bill-Williams_01_standard.set
2025-04-25 02:01:17,762 - ERROR - Error processing C:\Users\nikol\AppData\Roaming\MetaQuotes\Terminal\4B1CE69F577705455263BD980C39A82C\MQL5\Profiles\Tester\Bill-Williams_01_standard.set: type object 'ParameterRole' has no attribute 'POSITIONING'
2025-04-25 02:01:17,763 - INFO - Processing Bollinger-Band-Two-MA-and-Zig-Zag_01_standard.set
2025-04-25 02:01:17,763 - INFO - Processing Bollinger-Band-Two-MA-and-Zig-Zag_01_standard.set
2025-04-25 02:01:17,764 - ERROR - Error processing C:\Users\nikol\AppData\Roaming\MetaQuotes\Terminal\4B1CE69F577705455263BD980C39A82C\MQL5\Profiles\Tester\Bollinger-Band-Two-MA-and-Zig-Zag_01_standard.set: type object 'ParameterRole' has no attribute 'POSITIONING'
2025-04-25 02:01:17,765 - INFO - Processing Bollinger-Bands-N-positions_01_standard.set
2025-04-25 02:01:17,765 - INFO - Processing Bollinger-Bands-N-positions_01_standard.set
2025-04-25 02:01:17,766 - ERROR - Error processing C:\Users\nikol\AppData\Roaming\MetaQuotes\Terminal\4B1CE69F577705455263BD980C39A82C\MQL5\Profiles\Tester\Bollinger-Bands-N-positions_01_standard.set: type object 'ParameterRole' has no attribute 'POSITIONING'
2025-04-25 02:01:17,767 - INFO - Processing Bollinger-Bands-RSI_01_standard.set
2025-04-25 02:01:17,768 - INFO - Processing Bollinger-Bands-RSI_01_standard.set
2025-04-25 02:01:17,769 - ERROR - Error processing C:\Users\nikol\AppData\Roaming\MetaQuotes\Terminal\4B1CE69F577705455263BD980C39A82C\MQL5\Profiles\Tester\Bollinger-Bands-RSI_01_standard.set: type object 'ParameterRole' has no attribute 'POSITIONING'
2025-04-25 02:01:17,770 - INFO - Processing bollinger_01_standard.set
2025-04-25 02:01:17,771 - INFO - Processing bollinger_01_standard.set
2025-04-25 02:01:17,772 - ERROR - Error processing C:\Users\nikol\AppData\Roaming\MetaQuotes\Terminal\4B1CE69F577705455263BD980C39A82C\MQL5\Profiles\Tester\bollinger_01_standard.set: type object 'ParameterRole' has no attribute 'POSITIONING'
2025-04-25 02:01:17,773 - INFO - Processing Brakeout-Trader_01_standard.set
2025-04-25 02:01:17,773 - INFO - Processing Brakeout-Trader_01_standard.set
2025-04-25 02:01:17,775 - ERROR - Error processing C:\Users\nikol\AppData\Roaming\MetaQuotes\Terminal\4B1CE69F577705455263BD980C39A82C\MQL5\Profiles\Tester\Brakeout-Trader_01_standard.set: type object 'ParameterRole' has no attribute 'POSITIONING'
2025-04-25 02:01:17,775 - INFO - Processing Brandy_01_standard.set
2025-04-25 02:01:17,776 - INFO - Processing Brandy_01_standard.set
2025-04-25 02:01:17,777 - ERROR - Error processing C:\Users\nikol\AppData\Roaming\MetaQuotes\Terminal\4B1CE69F577705455263BD980C39A82C\MQL5\Profiles\Tester\Brandy_01_standard.set: type object 'ParameterRole' has no attribute 'POSITIONING'
2025-04-25 02:01:17,778 - INFO - Processing Breadandbutter2_01_standard.set
2025-04-25 02:01:17,778 - INFO - Processing Breadandbutter2_01_standard.set
2025-04-25 02:01:17,779 - ERROR - Error processing C:\Users\nikol\AppData\Roaming\MetaQuotes\Terminal\4B1CE69F577705455263BD980C39A82C\MQL5\Profiles\Tester\Breadandbutter2_01_standard.set: type object 'ParameterRole' has no attribute 'POSITIONING'
2025-04-25 02:01:17,780 - INFO - Processing Breakdown-catcher_01_standard.set
2025-04-25 02:01:17,780 - INFO - Processing Breakdown-catcher_01_standard.set
2025-04-25 02:01:17,782 - ERROR - Error processing C:\Users\nikol\AppData\Roaming\MetaQuotes\Terminal\4B1CE69F577705455263BD980C39A82C\MQL5\Profiles\Tester\Breakdown-catcher_01_standard.set: type object 'ParameterRole' has no attribute 'POSITIONING'
2025-04-25 02:01:17,782 - INFO - Processing breakdown_01_standard.set
2025-04-25 02:01:17,783 - INFO - Processing breakdown_01_standard.set
2025-04-25 02:01:17,784 - ERROR - Error processing C:\Users\nikol\AppData\Roaming\MetaQuotes\Terminal\4B1CE69F577705455263BD980C39A82C\MQL5\Profiles\Tester\breakdown_01_standard.set: type object 'ParameterRole' has no attribute 'POSITIONING'
2025-04-25 02:01:17,785 - INFO - Processing Breakout-Str_01_standard.set
2025-04-25 02:01:17,785 - INFO - Processing Breakout-Str_01_standard.set
2025-04-25 02:01:17,786 - ERROR - Error processing C:\Users\nikol\AppData\Roaming\MetaQuotes\Terminal\4B1CE69F577705455263BD980C39A82C\MQL5\Profiles\Tester\Breakout-Str_01_standard.set: type object 'ParameterRole' has no attribute 'POSITIONING'
2025-04-25 02:01:17,787 - INFO - Processing Bronze-Warrioir_01_standard.set
2025-04-25 02:01:17,789 - INFO - Processing Bronze-Warrioir_01_standard.set
2025-04-25 02:01:17,790 - ERROR - Error processing C:\Users\nikol\AppData\Roaming\MetaQuotes\Terminal\4B1CE69F577705455263BD980C39A82C\MQL5\Profiles\Tester\Bronze-Warrioir_01_standard.set: type object 'ParameterRole' has no attribute 'POSITIONING'
2025-04-25 02:01:17,791 - INFO - Processing Bruno_01_standard.set
2025-04-25 02:01:17,792 - INFO - Processing Bruno_01_standard.set
2025-04-25 02:01:17,792 - ERROR - Error processing C:\Users\nikol\AppData\Roaming\MetaQuotes\Terminal\4B1CE69F577705455263BD980C39A82C\MQL5\Profiles\Tester\Bruno_01_standard.set: type object 'ParameterRole' has no attribute 'POSITIONING'
2025-04-25 02:01:17,793 - INFO - Processing BSS-1-0_01_standard.set
2025-04-25 02:01:17,794 - INFO - Processing BSS-1-0_01_standard.set
2025-04-25 02:01:17,795 - ERROR - Error processing C:\Users\nikol\AppData\Roaming\MetaQuotes\Terminal\4B1CE69F577705455263BD980C39A82C\MQL5\Profiles\Tester\BSS-1-0_01_standard.set: type object 'ParameterRole' has no attribute 'POSITIONING'
2025-04-25 02:01:17,796 - INFO - Processing Bullish-and-Bearish-Engulfing_01_standard.set
2025-04-25 02:01:17,797 - INFO - Processing Bullish-and-Bearish-Engulfing_01_standard.set
2025-04-25 02:01:17,798 - WARNING - Error processing group role_system: 'list' object has no attribute 'items'
2025-04-25 02:01:17,798 - ERROR - Error processing C:\Users\nikol\AppData\Roaming\MetaQuotes\Terminal\4B1CE69F577705455263BD980C39A82C\MQL5\Profiles\Tester\Bullish-and-Bearish-Engulfing_01_standard.set: dictionary update sequence element #0 has length 20; 2 is required
2025-04-25 02:01:17,799 - INFO - Processing Burg-Extrapolator_01_standard.set
2025-04-25 02:01:17,800 - INFO - Processing Burg-Extrapolator_01_standard.set
2025-04-25 02:01:17,801 - ERROR - Error processing C:\Users\nikol\AppData\Roaming\MetaQuotes\Terminal\4B1CE69F577705455263BD980C39A82C\MQL5\Profiles\Tester\Burg-Extrapolator_01_standard.set: type object 'ParameterRole' has no attribute 'POSITIONING'
2025-04-25 02:01:17,802 - INFO - Processing BykovTrend-EA_01_standard.set
2025-04-25 02:01:17,802 - INFO - Processing BykovTrend-EA_01_standard.set
2025-04-25 02:01:17,804 - ERROR - Error processing C:\Users\nikol\AppData\Roaming\MetaQuotes\Terminal\4B1CE69F577705455263BD980C39A82C\MQL5\Profiles\Tester\BykovTrend-EA_01_standard.set: type object 'ParameterRole' has no attribute 'POSITIONING'
2025-04-25 02:01:17,804 - INFO - Processing BykovTrend_EA_v3_01_standard.set
2025-04-25 02:01:17,805 - INFO - Processing BykovTrend_EA_v3_01_standard.set
2025-04-25 02:01:17,807 - ERROR - Error processing C:\Users\nikol\AppData\Roaming\MetaQuotes\Terminal\4B1CE69F577705455263BD980C39A82C\MQL5\Profiles\Tester\BykovTrend_EA_v3_01_standard.set: type object 'ParameterRole' has no attribute 'POSITIONING'
2025-04-25 02:01:17,808 - INFO - Processing Calculate-lotsize-and-Trailling-stop_01_standard.set
2025-04-25 02:01:17,809 - INFO - Processing Calculate-lotsize-and-Trailling-stop_01_standard.set
2025-04-25 02:01:17,810 - ERROR - Error processing C:\Users\nikol\AppData\Roaming\MetaQuotes\Terminal\4B1CE69F577705455263BD980C39A82C\MQL5\Profiles\Tester\Calculate-lotsize-and-Trailling-stop_01_standard.set: type object 'ParameterRole' has no attribute 'POSITIONING'
2025-04-25 02:01:17,811 - INFO - Processing candlepatternsexample_01_standard.set
2025-04-25 02:01:17,811 - INFO - Processing candlepatternsexample_01_standard.set
2025-04-25 02:01:17,812 - ERROR - Error processing C:\Users\nikol\AppData\Roaming\MetaQuotes\Terminal\4B1CE69F577705455263BD980C39A82C\MQL5\Profiles\Tester\candlepatternsexample_01_standard.set: type object 'ParameterRole' has no attribute 'POSITIONING'
2025-04-25 02:01:17,813 - INFO - Processing Candle_01_standard.set
2025-04-25 02:01:17,813 - INFO - Processing Candle_01_standard.set
2025-04-25 02:01:17,814 - ERROR - Error processing C:\Users\nikol\AppData\Roaming\MetaQuotes\Terminal\4B1CE69F577705455263BD980C39A82C\MQL5\Profiles\Tester\Candle_01_standard.set: type object 'ParameterRole' has no attribute 'POSITIONING'
2025-04-25 02:01:17,815 - INFO - Processing Carbophos_01_standard.set
2025-04-25 02:01:17,816 - INFO - Processing Carbophos_01_standard.set
2025-04-25 02:01:17,817 - ERROR - Error processing C:\Users\nikol\AppData\Roaming\MetaQuotes\Terminal\4B1CE69F577705455263BD980C39A82C\MQL5\Profiles\Tester\Carbophos_01_standard.set: type object 'ParameterRole' has no attribute 'POSITIONING'
2025-04-25 02:01:17,818 - INFO - Processing CashMachine-5min_01_standard.set
2025-04-25 02:01:17,818 - INFO - Processing CashMachine-5min_01_standard.set
2025-04-25 02:01:17,819 - ERROR - Error processing C:\Users\nikol\AppData\Roaming\MetaQuotes\Terminal\4B1CE69F577705455263BD980C39A82C\MQL5\Profiles\Tester\CashMachine-5min_01_standard.set: type object 'ParameterRole' has no attribute 'POSITIONING'
2025-04-25 02:01:17,820 - INFO - Processing CCI-MACD-Scalper_01_standard.set
2025-04-25 02:01:17,820 - INFO - Processing CCI-MACD-Scalper_01_standard.set
2025-04-25 02:01:17,821 - ERROR - Error processing C:\Users\nikol\AppData\Roaming\MetaQuotes\Terminal\4B1CE69F577705455263BD980C39A82C\MQL5\Profiles\Tester\CCI-MACD-Scalper_01_standard.set: type object 'ParameterRole' has no attribute 'POSITIONING'
2025-04-25 02:01:17,822 - INFO - Processing Cidomo_01_standard.set
2025-04-25 02:01:17,822 - INFO - Processing Cidomo_01_standard.set
2025-04-25 02:01:17,823 - ERROR - Error processing C:\Users\nikol\AppData\Roaming\MetaQuotes\Terminal\4B1CE69F577705455263BD980C39A82C\MQL5\Profiles\Tester\Cidomo_01_standard.set: type object 'ParameterRole' has no attribute 'POSITIONING'
2025-04-25 02:01:17,824 - INFO - Processing CloseAgent_01_standard.set
2025-04-25 02:01:17,825 - INFO - Processing CloseAgent_01_standard.set
2025-04-25 02:01:17,826 - WARNING - Error processing group role_system: 'list' object has no attribute 'items'
2025-04-25 02:01:17,826 - ERROR - Error processing C:\Users\nikol\AppData\Roaming\MetaQuotes\Terminal\4B1CE69F577705455263BD980C39A82C\MQL5\Profiles\Tester\CloseAgent_01_standard.set: dictionary update sequence element #0 has length 10; 2 is required
2025-04-25 02:01:17,827 - INFO - Processing CloseProfit_01_standard.set
2025-04-25 02:01:17,827 - INFO - Processing CloseProfit_01_standard.set
2025-04-25 02:01:17,828 - ERROR - Error processing C:\Users\nikol\AppData\Roaming\MetaQuotes\Terminal\4B1CE69F577705455263BD980C39A82C\MQL5\Profiles\Tester\CloseProfit_01_standard.set: type object 'ParameterRole' has no attribute 'POSITIONING'
2025-04-25 02:01:17,829 - INFO - Processing cloud's-trade-2_01_standard.set
2025-04-25 02:01:17,829 - INFO - Processing cloud's-trade-2_01_standard.set
2025-04-25 02:01:17,830 - ERROR - Error processing C:\Users\nikol\AppData\Roaming\MetaQuotes\Terminal\4B1CE69F577705455263BD980C39A82C\MQL5\Profiles\Tester\cloud's-trade-2_01_standard.set: type object 'ParameterRole' has no attribute 'POSITIONING'
2025-04-25 02:01:17,831 - INFO - Processing CLOUD_01_standard.set
2025-04-25 02:01:17,832 - INFO - Processing CLOUD_01_standard.set
2025-04-25 02:01:17,833 - ERROR - Error processing C:\Users\nikol\AppData\Roaming\MetaQuotes\Terminal\4B1CE69F577705455263BD980C39A82C\MQL5\Profiles\Tester\CLOUD_01_standard.set: type object 'ParameterRole' has no attribute 'POSITIONING'
2025-04-25 02:01:17,833 - INFO - Processing Constituents-EA_01_standard.set
2025-04-25 02:01:17,834 - INFO - Processing Constituents-EA_01_standard.set
2025-04-25 02:01:17,834 - ERROR - Error processing C:\Users\nikol\AppData\Roaming\MetaQuotes\Terminal\4B1CE69F577705455263BD980C39A82C\MQL5\Profiles\Tester\Constituents-EA_01_standard.set: type object 'ParameterRole' has no attribute 'POSITIONING'
2025-04-25 02:01:17,835 - INFO - Processing Contrarian-trade-MA_01_standard.set
2025-04-25 02:01:17,835 - INFO - Processing Contrarian-trade-MA_01_standard.set
2025-04-25 02:01:17,836 - ERROR - Error processing C:\Users\nikol\AppData\Roaming\MetaQuotes\Terminal\4B1CE69F577705455263BD980C39A82C\MQL5\Profiles\Tester\Contrarian-trade-MA_01_standard.set: type object 'ParameterRole' has no attribute 'POSITIONING'
2025-04-25 02:01:17,837 - INFO - Processing Crossing-Moving-Average_01_standard.set
2025-04-25 02:01:17,838 - INFO - Processing Crossing-Moving-Average_01_standard.set
2025-04-25 02:01:17,839 - ERROR - Error processing C:\Users\nikol\AppData\Roaming\MetaQuotes\Terminal\4B1CE69F577705455263BD980C39A82C\MQL5\Profiles\Tester\Crossing-Moving-Average_01_standard.set: type object 'ParameterRole' has no attribute 'POSITIONING'
2025-04-25 02:01:17,840 - INFO - Processing CrossMA_01_standard.set
2025-04-25 02:01:17,840 - INFO - Processing CrossMA_01_standard.set
2025-04-25 02:01:17,841 - WARNING - Error processing group role_technical: 'list' object has no attribute 'items'
2025-04-25 02:01:17,841 - ERROR - Error processing C:\Users\nikol\AppData\Roaming\MetaQuotes\Terminal\4B1CE69F577705455263BD980C39A82C\MQL5\Profiles\Tester\CrossMA_01_standard.set: dictionary update sequence element #0 has length 6; 2 is required
2025-04-25 02:01:17,842 - INFO - Processing Currencyprofits-01.1_01_standard.set
2025-04-25 02:01:17,842 - INFO - Processing Currencyprofits-01.1_01_standard.set
2025-04-25 02:01:17,843 - ERROR - Error processing C:\Users\nikol\AppData\Roaming\MetaQuotes\Terminal\4B1CE69F577705455263BD980C39A82C\MQL5\Profiles\Tester\Currencyprofits-01.1_01_standard.set: type object 'ParameterRole' has no attribute 'POSITIONING'
2025-04-25 02:01:17,844 - INFO - Processing Daily-20reversal-20-20EA_01_standard.set
2025-04-25 02:01:17,844 - INFO - Processing Daily-20reversal-20-20EA_01_standard.set
2025-04-25 02:01:17,845 - ERROR - Error processing C:\Users\nikol\AppData\Roaming\MetaQuotes\Terminal\4B1CE69F577705455263BD980C39A82C\MQL5\Profiles\Tester\Daily-20reversal-20-20EA_01_standard.set: type object 'ParameterRole' has no attribute 'POSITIONING'
2025-04-25 02:01:17,846 - INFO - Processing Daily-BreakPoint_01_standard.set
2025-04-25 02:01:17,847 - INFO - Processing Daily-BreakPoint_01_standard.set
2025-04-25 02:01:17,848 - ERROR - Error processing C:\Users\nikol\AppData\Roaming\MetaQuotes\Terminal\4B1CE69F577705455263BD980C39A82C\MQL5\Profiles\Tester\Daily-BreakPoint_01_standard.set: type object 'ParameterRole' has no attribute 'POSITIONING'
2025-04-25 02:01:17,848 - INFO - Processing Daily-Open-EA_01_standard.set
2025-04-25 02:01:17,849 - INFO - Processing Daily-Open-EA_01_standard.set
2025-04-25 02:01:17,850 - ERROR - Error processing C:\Users\nikol\AppData\Roaming\MetaQuotes\Terminal\4B1CE69F577705455263BD980C39A82C\MQL5\Profiles\Tester\Daily-Open-EA_01_standard.set: type object 'ParameterRole' has no attribute 'POSITIONING'
2025-04-25 02:01:17,851 - INFO - Processing Daily-range_01_standard.set
2025-04-25 02:01:17,852 - INFO - Processing Daily-range_01_standard.set
2025-04-25 02:01:17,853 - ERROR - Error processing C:\Users\nikol\AppData\Roaming\MetaQuotes\Terminal\4B1CE69F577705455263BD980C39A82C\MQL5\Profiles\Tester\Daily-range_01_standard.set: type object 'ParameterRole' has no attribute 'POSITIONING'
2025-04-25 02:01:17,854 - INFO - Processing Day-Trading-PAMXA_01_standard.set
2025-04-25 02:01:17,854 - INFO - Processing Day-Trading-PAMXA_01_standard.set
2025-04-25 02:01:17,855 - ERROR - Error processing C:\Users\nikol\AppData\Roaming\MetaQuotes\Terminal\4B1CE69F577705455263BD980C39A82C\MQL5\Profiles\Tester\Day-Trading-PAMXA_01_standard.set: type object 'ParameterRole' has no attribute 'POSITIONING'
2025-04-25 02:01:17,856 - INFO - Processing Daydream_01_standard.set
2025-04-25 02:01:17,856 - INFO - Processing Daydream_01_standard.set
2025-04-25 02:01:17,857 - ERROR - Error processing C:\Users\nikol\AppData\Roaming\MetaQuotes\Terminal\4B1CE69F577705455263BD980C39A82C\MQL5\Profiles\Tester\Daydream_01_standard.set: type object 'ParameterRole' has no attribute 'POSITIONING'
2025-04-25 02:01:17,858 - INFO - Processing DayTrading_01_standard.set
2025-04-25 02:01:17,859 - INFO - Processing DayTrading_01_standard.set
2025-04-25 02:01:17,860 - ERROR - Error processing C:\Users\nikol\AppData\Roaming\MetaQuotes\Terminal\4B1CE69F577705455263BD980C39A82C\MQL5\Profiles\Tester\DayTrading_01_standard.set: type object 'ParameterRole' has no attribute 'POSITIONING'
2025-04-25 02:01:17,860 - INFO - Processing Dealers-Trade-v-7.74-MACD_01_standard.set
2025-04-25 02:01:17,861 - INFO - Processing Dealers-Trade-v-7.74-MACD_01_standard.set
2025-04-25 02:01:17,862 - ERROR - Error processing C:\Users\nikol\AppData\Roaming\MetaQuotes\Terminal\4B1CE69F577705455263BD980C39A82C\MQL5\Profiles\Tester\Dealers-Trade-v-7.74-MACD_01_standard.set: type object 'ParameterRole' has no attribute 'POSITIONING'
2025-04-25 02:01:17,862 - INFO - Processing Deep-Drawdown-MA_01_standard.set
2025-04-25 02:01:17,863 - INFO - Processing Deep-Drawdown-MA_01_standard.set
2025-04-25 02:01:17,863 - ERROR - Error processing C:\Users\nikol\AppData\Roaming\MetaQuotes\Terminal\4B1CE69F577705455263BD980C39A82C\MQL5\Profiles\Tester\Deep-Drawdown-MA_01_standard.set: type object 'ParameterRole' has no attribute 'POSITIONING'
2025-04-25 02:01:17,864 - INFO - Processing DeMarker-gaining-position-volume-2_01_standard.set
2025-04-25 02:01:17,865 - INFO - Processing DeMarker-gaining-position-volume-2_01_standard.set
2025-04-25 02:01:17,866 - ERROR - Error processing C:\Users\nikol\AppData\Roaming\MetaQuotes\Terminal\4B1CE69F577705455263BD980C39A82C\MQL5\Profiles\Tester\DeMarker-gaining-position-volume-2_01_standard.set: type object 'ParameterRole' has no attribute 'POSITIONING'
2025-04-25 02:01:17,867 - INFO - Processing DeMarker-gaining-position-volume_01_standard.set
2025-04-25 02:01:17,867 - INFO - Processing DeMarker-gaining-position-volume_01_standard.set
2025-04-25 02:01:17,868 - ERROR - Error processing C:\Users\nikol\AppData\Roaming\MetaQuotes\Terminal\4B1CE69F577705455263BD980C39A82C\MQL5\Profiles\Tester\DeMarker-gaining-position-volume_01_standard.set: type object 'ParameterRole' has no attribute 'POSITIONING'
2025-04-25 02:01:17,869 - INFO - Processing DeMarker-Pending-2-5_01_standard.set
2025-04-25 02:01:17,869 - INFO - Processing DeMarker-Pending-2-5_01_standard.set
2025-04-25 02:01:17,870 - ERROR - Error processing C:\Users\nikol\AppData\Roaming\MetaQuotes\Terminal\4B1CE69F577705455263BD980C39A82C\MQL5\Profiles\Tester\DeMarker-Pending-2-5_01_standard.set: type object 'ParameterRole' has no attribute 'POSITIONING'
2025-04-25 02:01:17,870 - INFO - Processing DeMarker-Pending-2_01_standard.set
2025-04-25 02:01:17,871 - INFO - Processing DeMarker-Pending-2_01_standard.set
2025-04-25 02:01:17,872 - ERROR - Error processing C:\Users\nikol\AppData\Roaming\MetaQuotes\Terminal\4B1CE69F577705455263BD980C39A82C\MQL5\Profiles\Tester\DeMarker-Pending-2_01_standard.set: type object 'ParameterRole' has no attribute 'POSITIONING'
2025-04-25 02:01:17,873 - INFO - Processing DeMarker-Pending_01_standard.set
2025-04-25 02:01:17,873 - INFO - Processing DeMarker-Pending_01_standard.set
2025-04-25 02:01:17,874 - ERROR - Error processing C:\Users\nikol\AppData\Roaming\MetaQuotes\Terminal\4B1CE69F577705455263BD980C39A82C\MQL5\Profiles\Tester\DeMarker-Pending_01_standard.set: type object 'ParameterRole' has no attribute 'POSITIONING'
2025-04-25 02:01:17,875 - INFO - Processing Dematus_01_standard.set
2025-04-25 02:01:17,875 - INFO - Processing Dematus_01_standard.set
2025-04-25 02:01:17,876 - ERROR - Error processing C:\Users\nikol\AppData\Roaming\MetaQuotes\Terminal\4B1CE69F577705455263BD980C39A82C\MQL5\Profiles\Tester\Dematus_01_standard.set: type object 'ParameterRole' has no attribute 'POSITIONING'
2025-04-25 02:01:17,876 - INFO - Processing Divergence-20for-20many-20indicator_01_standard.set
2025-04-25 02:01:17,877 - INFO - Processing Divergence-20for-20many-20indicator_01_standard.set
2025-04-25 02:01:17,878 - WARNING - Error processing group role_system: 'list' object has no attribute 'items'
2025-04-25 02:01:17,879 - ERROR - Error processing C:\Users\nikol\AppData\Roaming\MetaQuotes\Terminal\4B1CE69F577705455263BD980C39A82C\MQL5\Profiles\Tester\Divergence-20for-20many-20indicator_01_standard.set: dictionary update sequence element #0 has length 3; 2 is required
2025-04-25 02:01:17,880 - INFO - Processing Divergence-EA_01_standard.set
2025-04-25 02:01:17,880 - INFO - Processing Divergence-EA_01_standard.set
2025-04-25 02:01:17,881 - ERROR - Error processing C:\Users\nikol\AppData\Roaming\MetaQuotes\Terminal\4B1CE69F577705455263BD980C39A82C\MQL5\Profiles\Tester\Divergence-EA_01_standard.set: type object 'ParameterRole' has no attribute 'POSITIONING'
2025-04-25 02:01:17,882 - INFO - Processing Doji-Arrows_01_standard.set
2025-04-25 02:01:17,882 - INFO - Processing Doji-Arrows_01_standard.set
2025-04-25 02:01:17,883 - ERROR - Error processing C:\Users\nikol\AppData\Roaming\MetaQuotes\Terminal\4B1CE69F577705455263BD980C39A82C\MQL5\Profiles\Tester\Doji-Arrows_01_standard.set: type object 'ParameterRole' has no attribute 'POSITIONING'
2025-04-25 02:01:17,884 - INFO - Processing DojiTrader_01_standard.set
2025-04-25 02:01:17,884 - INFO - Processing DojiTrader_01_standard.set
2025-04-25 02:01:17,885 - ERROR - Error processing C:\Users\nikol\AppData\Roaming\MetaQuotes\Terminal\4B1CE69F577705455263BD980C39A82C\MQL5\Profiles\Tester\DojiTrader_01_standard.set: type object 'ParameterRole' has no attribute 'POSITIONING'
2025-04-25 02:01:17,886 - INFO - Processing Donchian-Chanel-EA_01_standard.set
2025-04-25 02:01:17,887 - INFO - Processing Donchian-Chanel-EA_01_standard.set
2025-04-25 02:01:17,888 - ERROR - Error processing C:\Users\nikol\AppData\Roaming\MetaQuotes\Terminal\4B1CE69F577705455263BD980C39A82C\MQL5\Profiles\Tester\Donchian-Chanel-EA_01_standard.set: type object 'ParameterRole' has no attribute 'POSITIONING'
2025-04-25 02:01:17,888 - INFO - Processing DoubleHullMA-EA_01_standard.set
2025-04-25 02:01:17,889 - INFO - Processing DoubleHullMA-EA_01_standard.set
2025-04-25 02:01:17,890 - ERROR - Error processing C:\Users\nikol\AppData\Roaming\MetaQuotes\Terminal\4B1CE69F577705455263BD980C39A82C\MQL5\Profiles\Tester\DoubleHullMA-EA_01_standard.set: type object 'ParameterRole' has no attribute 'POSITIONING'
2025-04-25 02:01:17,890 - INFO - Processing DoubleHullMA_01_standard.set
2025-04-25 02:01:17,891 - INFO - Processing DoubleHullMA_01_standard.set
2025-04-25 02:01:17,891 - ERROR - Error processing C:\Users\nikol\AppData\Roaming\MetaQuotes\Terminal\4B1CE69F577705455263BD980C39A82C\MQL5\Profiles\Tester\DoubleHullMA_01_standard.set: type object 'ParameterRole' has no attribute 'POSITIONING'
2025-04-25 02:01:17,893 - INFO - Processing DoubleMA-Crossover-EA_01_standard.set
2025-04-25 02:01:17,893 - INFO - Processing DoubleMA-Crossover-EA_01_standard.set
2025-04-25 02:01:17,894 - ERROR - Error processing C:\Users\nikol\AppData\Roaming\MetaQuotes\Terminal\4B1CE69F577705455263BD980C39A82C\MQL5\Profiles\Tester\DoubleMA-Crossover-EA_01_standard.set: type object 'ParameterRole' has no attribute 'POSITIONING'
2025-04-25 02:01:17,895 - INFO - Processing Doubler_01_standard.set
2025-04-25 02:01:17,895 - INFO - Processing Doubler_01_standard.set
2025-04-25 02:01:17,896 - ERROR - Error processing C:\Users\nikol\AppData\Roaming\MetaQuotes\Terminal\4B1CE69F577705455263BD980C39A82C\MQL5\Profiles\Tester\Doubler_01_standard.set: type object 'ParameterRole' has no attribute 'POSITIONING'
2025-04-25 02:01:17,897 - INFO - Processing Driver-EA-MT5_01_standard.set
2025-04-25 02:01:17,897 - INFO - Processing Driver-EA-MT5_01_standard.set
2025-04-25 02:01:17,898 - ERROR - Error processing C:\Users\nikol\AppData\Roaming\MetaQuotes\Terminal\4B1CE69F577705455263BD980C39A82C\MQL5\Profiles\Tester\Driver-EA-MT5_01_standard.set: type object 'ParameterRole' has no attribute 'POSITIONING'
2025-04-25 02:01:17,899 - INFO - Processing dummy_01_standard.set
2025-04-25 02:01:17,899 - INFO - Processing dummy_01_standard.set
2025-04-25 02:01:17,901 - ERROR - Error processing C:\Users\nikol\AppData\Roaming\MetaQuotes\Terminal\4B1CE69F577705455263BD980C39A82C\MQL5\Profiles\Tester\dummy_01_standard.set: type object 'ParameterRole' has no attribute 'POSITIONING'
2025-04-25 02:01:17,901 - INFO - Processing Dynamic-averaging_01_standard.set
2025-04-25 02:01:17,902 - INFO - Processing Dynamic-averaging_01_standard.set
2025-04-25 02:01:17,903 - ERROR - Error processing C:\Users\nikol\AppData\Roaming\MetaQuotes\Terminal\4B1CE69F577705455263BD980C39A82C\MQL5\Profiles\Tester\Dynamic-averaging_01_standard.set: type object 'ParameterRole' has no attribute 'POSITIONING'
2025-04-25 02:01:17,904 - INFO - Processing e-Breakeven_01_standard.set
2025-04-25 02:01:17,904 - INFO - Processing e-Breakeven_01_standard.set
2025-04-25 02:01:17,905 - ERROR - Error processing C:\Users\nikol\AppData\Roaming\MetaQuotes\Terminal\4B1CE69F577705455263BD980C39A82C\MQL5\Profiles\Tester\e-Breakeven_01_standard.set: type object 'ParameterRole' has no attribute 'POSITIONING'
2025-04-25 02:01:17,907 - INFO - Processing E-Friday_01_standard.set
2025-04-25 02:01:17,908 - INFO - Processing E-Friday_01_standard.set
2025-04-25 02:01:17,909 - ERROR - Error processing C:\Users\nikol\AppData\Roaming\MetaQuotes\Terminal\4B1CE69F577705455263BD980C39A82C\MQL5\Profiles\Tester\E-Friday_01_standard.set: type object 'ParameterRole' has no attribute 'POSITIONING'
2025-04-25 02:01:17,910 - INFO - Processing E-Skoch-Open_01_standard.set
2025-04-25 02:01:17,911 - INFO - Processing E-Skoch-Open_01_standard.set
2025-04-25 02:01:17,912 - ERROR - Error processing C:\Users\nikol\AppData\Roaming\MetaQuotes\Terminal\4B1CE69F577705455263BD980C39A82C\MQL5\Profiles\Tester\E-Skoch-Open_01_standard.set: type object 'ParameterRole' has no attribute 'POSITIONING'
2025-04-25 02:01:17,912 - INFO - Processing e-Skoch-pending-orders_01_standard.set
2025-04-25 02:01:17,914 - INFO - Processing e-Skoch-pending-orders_01_standard.set
2025-04-25 02:01:17,915 - ERROR - Error processing C:\Users\nikol\AppData\Roaming\MetaQuotes\Terminal\4B1CE69F577705455263BD980C39A82C\MQL5\Profiles\Tester\e-Skoch-pending-orders_01_standard.set: type object 'ParameterRole' has no attribute 'POSITIONING'
2025-04-25 02:01:17,916 - INFO - Processing e-Smart-Trailing_01_standard.set
2025-04-25 02:01:17,917 - INFO - Processing e-Smart-Trailing_01_standard.set
2025-04-25 02:01:17,918 - ERROR - Error processing C:\Users\nikol\AppData\Roaming\MetaQuotes\Terminal\4B1CE69F577705455263BD980C39A82C\MQL5\Profiles\Tester\e-Smart-Trailing_01_standard.set: type object 'ParameterRole' has no attribute 'POSITIONING'
2025-04-25 02:01:17,919 - INFO - Processing e-TurboFx_01_standard.set
2025-04-25 02:01:17,920 - INFO - Processing e-TurboFx_01_standard.set
2025-04-25 02:01:17,921 - ERROR - Error processing C:\Users\nikol\AppData\Roaming\MetaQuotes\Terminal\4B1CE69F577705455263BD980C39A82C\MQL5\Profiles\Tester\e-TurboFx_01_standard.set: type object 'ParameterRole' has no attribute 'POSITIONING'
2025-04-25 02:01:17,922 - INFO - Processing EA-Close_01_standard.set
2025-04-25 02:01:17,923 - INFO - Processing EA-Close_01_standard.set
2025-04-25 02:01:17,924 - ERROR - Error processing C:\Users\nikol\AppData\Roaming\MetaQuotes\Terminal\4B1CE69F577705455263BD980C39A82C\MQL5\Profiles\Tester\EA-Close_01_standard.set: type object 'ParameterRole' has no attribute 'POSITIONING'
2025-04-25 02:01:17,925 - INFO - Processing EA-MA-Stoch-RSI_01_standard.set
2025-04-25 02:01:17,926 - INFO - Processing EA-MA-Stoch-RSI_01_standard.set
2025-04-25 02:01:17,927 - ERROR - Error processing C:\Users\nikol\AppData\Roaming\MetaQuotes\Terminal\4B1CE69F577705455263BD980C39A82C\MQL5\Profiles\Tester\EA-MA-Stoch-RSI_01_standard.set: type object 'ParameterRole' has no attribute 'POSITIONING'
2025-04-25 02:01:17,928 - INFO - Processing EA-Moving-Average_01_standard.set
2025-04-25 02:01:17,929 - INFO - Processing EA-Moving-Average_01_standard.set
2025-04-25 02:01:17,930 - ERROR - Error processing C:\Users\nikol\AppData\Roaming\MetaQuotes\Terminal\4B1CE69F577705455263BD980C39A82C\MQL5\Profiles\Tester\EA-Moving-Average_01_standard.set: type object 'ParameterRole' has no attribute 'POSITIONING'
2025-04-25 02:01:17,931 - INFO - Processing Elite-eFibo-Trader_01_standard.set
2025-04-25 02:01:17,931 - INFO - Processing Elite-eFibo-Trader_01_standard.set
2025-04-25 02:01:17,932 - ERROR - Error processing C:\Users\nikol\AppData\Roaming\MetaQuotes\Terminal\4B1CE69F577705455263BD980C39A82C\MQL5\Profiles\Tester\Elite-eFibo-Trader_01_standard.set: type object 'ParameterRole' has no attribute 'POSITIONING'
2025-04-25 02:01:17,933 - INFO - Processing EMA-6.12_01_standard.set
2025-04-25 02:01:17,934 - INFO - Processing EMA-6.12_01_standard.set
2025-04-25 02:01:17,935 - ERROR - Error processing C:\Users\nikol\AppData\Roaming\MetaQuotes\Terminal\4B1CE69F577705455263BD980C39A82C\MQL5\Profiles\Tester\EMA-6.12_01_standard.set: type object 'ParameterRole' has no attribute 'POSITIONING'
2025-04-25 02:01:17,936 - INFO - Processing EMA-CROSS_01_standard.set
2025-04-25 02:01:17,937 - INFO - Processing EMA-CROSS_01_standard.set
2025-04-25 02:01:17,938 - ERROR - Error processing C:\Users\nikol\AppData\Roaming\MetaQuotes\Terminal\4B1CE69F577705455263BD980C39A82C\MQL5\Profiles\Tester\EMA-CROSS_01_standard.set: type object 'ParameterRole' has no attribute 'POSITIONING'
2025-04-25 02:01:17,938 - INFO - Processing EMA-LWMA-RSI_01_standard.set
2025-04-25 02:01:17,939 - INFO - Processing EMA-LWMA-RSI_01_standard.set
2025-04-25 02:01:17,939 - ERROR - Error processing C:\Users\nikol\AppData\Roaming\MetaQuotes\Terminal\4B1CE69F577705455263BD980C39A82C\MQL5\Profiles\Tester\EMA-LWMA-RSI_01_standard.set: type object 'ParameterRole' has no attribute 'POSITIONING'
2025-04-25 02:01:17,940 - INFO - Processing EMA-RSI-EA_01_standard.set
2025-04-25 02:01:17,941 - INFO - Processing EMA-RSI-EA_01_standard.set
2025-04-25 02:01:17,942 - ERROR - Error processing C:\Users\nikol\AppData\Roaming\MetaQuotes\Terminal\4B1CE69F577705455263BD980C39A82C\MQL5\Profiles\Tester\EMA-RSI-EA_01_standard.set: type object 'ParameterRole' has no attribute 'POSITIONING'
2025-04-25 02:01:17,943 - INFO - Processing EMA-WMA_01_standard.set
2025-04-25 02:01:17,943 - INFO - Processing EMA-WMA_01_standard.set
2025-04-25 02:01:17,944 - ERROR - Error processing C:\Users\nikol\AppData\Roaming\MetaQuotes\Terminal\4B1CE69F577705455263BD980C39A82C\MQL5\Profiles\Tester\EMA-WMA_01_standard.set: type object 'ParameterRole' has no attribute 'POSITIONING'
2025-04-25 02:01:17,945 - INFO - Processing EMA_01_standard.set
2025-04-25 02:01:17,945 - INFO - Processing EMA_01_standard.set
2025-04-25 02:01:17,946 - ERROR - Error processing C:\Users\nikol\AppData\Roaming\MetaQuotes\Terminal\4B1CE69F577705455263BD980C39A82C\MQL5\Profiles\Tester\EMA_01_standard.set: type object 'ParameterRole' has no attribute 'POSITIONING'
2025-04-25 02:01:17,948 - INFO - Processing EMA_WMA v2_01_standard.set
2025-04-25 02:01:17,949 - INFO - Processing EMA_WMA v2_01_standard.set
2025-04-25 02:01:17,950 - ERROR - Error processing C:\Users\nikol\AppData\Roaming\MetaQuotes\Terminal\4B1CE69F577705455263BD980C39A82C\MQL5\Profiles\Tester\EMA_WMA v2_01_standard.set: type object 'ParameterRole' has no attribute 'POSITIONING'
2025-04-25 02:01:17,951 - INFO - Processing Eugene_01_standard.set
2025-04-25 02:01:17,952 - INFO - Processing Eugene_01_standard.set
2025-04-25 02:01:17,953 - WARNING - Error processing group role_system: 'list' object has no attribute 'items'
2025-04-25 02:01:17,953 - ERROR - Error processing C:\Users\nikol\AppData\Roaming\MetaQuotes\Terminal\4B1CE69F577705455263BD980C39A82C\MQL5\Profiles\Tester\Eugene_01_standard.set: dictionary update sequence element #0 has length 5; 2 is required
2025-04-25 02:01:17,954 - INFO - Processing eur-usd-m5_01_standard.set
2025-04-25 02:01:17,955 - INFO - Processing eur-usd-m5_01_standard.set
2025-04-25 02:01:17,956 - ERROR - Error processing C:\Users\nikol\AppData\Roaming\MetaQuotes\Terminal\4B1CE69F577705455263BD980C39A82C\MQL5\Profiles\Tester\eur-usd-m5_01_standard.set: type object 'ParameterRole' has no attribute 'POSITIONING'
2025-04-25 02:01:17,957 - INFO - Processing EURUSD-breakout_01_standard.set
2025-04-25 02:01:17,957 - INFO - Processing EURUSD-breakout_01_standard.set
2025-04-25 02:01:17,958 - ERROR - Error processing C:\Users\nikol\AppData\Roaming\MetaQuotes\Terminal\4B1CE69F577705455263BD980C39A82C\MQL5\Profiles\Tester\EURUSD-breakout_01_standard.set: type object 'ParameterRole' has no attribute 'POSITIONING'
2025-04-25 02:01:17,959 - INFO - Processing Executer-AC_01_standard.set
2025-04-25 02:01:17,959 - INFO - Processing Executer-AC_01_standard.set
2025-04-25 02:01:17,960 - ERROR - Error processing C:\Users\nikol\AppData\Roaming\MetaQuotes\Terminal\4B1CE69F577705455263BD980C39A82C\MQL5\Profiles\Tester\Executer-AC_01_standard.set: type object 'ParameterRole' has no attribute 'POSITIONING'
2025-04-25 02:01:17,961 - INFO - Processing Executor-AO_01_standard.set
2025-04-25 02:01:17,962 - INFO - Processing Executor-AO_01_standard.set
2025-04-25 02:01:17,963 - ERROR - Error processing C:\Users\nikol\AppData\Roaming\MetaQuotes\Terminal\4B1CE69F577705455263BD980C39A82C\MQL5\Profiles\Tester\Executor-AO_01_standard.set: type object 'ParameterRole' has no attribute 'POSITIONING'
2025-04-25 02:01:17,964 - INFO - Processing Executor-Candles_01_standard.set
2025-04-25 02:01:17,964 - INFO - Processing Executor-Candles_01_standard.set
2025-04-25 02:01:17,965 - ERROR - Error processing C:\Users\nikol\AppData\Roaming\MetaQuotes\Terminal\4B1CE69F577705455263BD980C39A82C\MQL5\Profiles\Tester\Executor-Candles_01_standard.set: type object 'ParameterRole' has no attribute 'POSITIONING'
2025-04-25 02:01:17,965 - INFO - Processing exp-Amstell_01_standard.set
2025-04-25 02:01:17,966 - INFO - Processing exp-Amstell_01_standard.set
2025-04-25 02:01:17,967 - ERROR - Error processing C:\Users\nikol\AppData\Roaming\MetaQuotes\Terminal\4B1CE69F577705455263BD980C39A82C\MQL5\Profiles\Tester\exp-Amstell_01_standard.set: type object 'ParameterRole' has no attribute 'POSITIONING'
2025-04-25 02:01:17,967 - INFO - Processing Expert-NEWS_01_standard.set
2025-04-25 02:01:17,969 - INFO - Processing Expert-NEWS_01_standard.set
2025-04-25 02:01:17,970 - ERROR - Error processing C:\Users\nikol\AppData\Roaming\MetaQuotes\Terminal\4B1CE69F577705455263BD980C39A82C\MQL5\Profiles\Tester\Expert-NEWS_01_standard.set: type object 'ParameterRole' has no attribute 'POSITIONING'
2025-04-25 02:01:17,970 - INFO - Processing Expert-RSI-Stochastic-MA_01_standard.set
2025-04-25 02:01:17,971 - INFO - Processing Expert-RSI-Stochastic-MA_01_standard.set
2025-04-25 02:01:17,972 - ERROR - Error processing C:\Users\nikol\AppData\Roaming\MetaQuotes\Terminal\4B1CE69F577705455263BD980C39A82C\MQL5\Profiles\Tester\Expert-RSI-Stochastic-MA_01_standard.set: type object 'ParameterRole' has no attribute 'POSITIONING'
2025-04-25 02:01:17,973 - INFO - Processing ExtremePrice-EA_01_standard.set
2025-04-25 02:01:17,973 - INFO - Processing ExtremePrice-EA_01_standard.set
2025-04-25 02:01:17,974 - ERROR - Error processing C:\Users\nikol\AppData\Roaming\MetaQuotes\Terminal\4B1CE69F577705455263BD980C39A82C\MQL5\Profiles\Tester\ExtremePrice-EA_01_standard.set: type object 'ParameterRole' has no attribute 'POSITIONING'
2025-04-25 02:01:17,976 - INFO - Processing FiboRetracement-20EA_01_standard.set
2025-04-25 02:01:17,977 - INFO - Processing FiboRetracement-20EA_01_standard.set
2025-04-25 02:01:17,978 - ERROR - Error processing C:\Users\nikol\AppData\Roaming\MetaQuotes\Terminal\4B1CE69F577705455263BD980C39A82C\MQL5\Profiles\Tester\FiboRetracement-20EA_01_standard.set: type object 'ParameterRole' has no attribute 'POSITIONING'
2025-04-25 02:01:17,979 - INFO - Processing Firebird_01_standard.set
2025-04-25 02:01:17,979 - INFO - Processing Firebird_01_standard.set
2025-04-25 02:01:17,980 - ERROR - Error processing C:\Users\nikol\AppData\Roaming\MetaQuotes\Terminal\4B1CE69F577705455263BD980C39A82C\MQL5\Profiles\Tester\Firebird_01_standard.set: type object 'ParameterRole' has no attribute 'POSITIONING'
2025-04-25 02:01:17,981 - INFO - Processing Firestorm-EA_01_standard.set
2025-04-25 02:01:17,982 - INFO - Processing Firestorm-EA_01_standard.set
2025-04-25 02:01:17,983 - ERROR - Error processing C:\Users\nikol\AppData\Roaming\MetaQuotes\Terminal\4B1CE69F577705455263BD980C39A82C\MQL5\Profiles\Tester\Firestorm-EA_01_standard.set: type object 'ParameterRole' has no attribute 'POSITIONING'
2025-04-25 02:01:17,984 - INFO - Processing Firestorm-indicator_01_standard.set
2025-04-25 02:01:17,985 - INFO - Processing Firestorm-indicator_01_standard.set
2025-04-25 02:01:17,986 - WARNING - Error processing group role_system: 'list' object has no attribute 'items'
2025-04-25 02:01:17,986 - ERROR - Error processing C:\Users\nikol\AppData\Roaming\MetaQuotes\Terminal\4B1CE69F577705455263BD980C39A82C\MQL5\Profiles\Tester\Firestorm-indicator_01_standard.set: dictionary update sequence element #0 has length 5; 2 is required
2025-04-25 02:01:17,987 - INFO - Processing Fluctuate_01_standard.set
2025-04-25 02:01:17,987 - INFO - Processing Fluctuate_01_standard.set
2025-04-25 02:01:17,988 - ERROR - Error processing C:\Users\nikol\AppData\Roaming\MetaQuotes\Terminal\4B1CE69F577705455263BD980C39A82C\MQL5\Profiles\Tester\Fluctuate_01_standard.set: type object 'ParameterRole' has no attribute 'POSITIONING'
2025-04-25 02:01:17,989 - INFO - Processing Forex-Fraus-M1_01_standard.set
2025-04-25 02:01:17,990 - INFO - Processing Forex-Fraus-M1_01_standard.set
2025-04-25 02:01:17,991 - ERROR - Error processing C:\Users\nikol\AppData\Roaming\MetaQuotes\Terminal\4B1CE69F577705455263BD980C39A82C\MQL5\Profiles\Tester\Forex-Fraus-M1_01_standard.set: type object 'ParameterRole' has no attribute 'POSITIONING'
2025-04-25 02:01:17,991 - INFO - Processing Forex-Profit_01_standard.set
2025-04-25 02:01:17,992 - INFO - Processing Forex-Profit_01_standard.set
2025-04-25 02:01:17,992 - ERROR - Error processing C:\Users\nikol\AppData\Roaming\MetaQuotes\Terminal\4B1CE69F577705455263BD980C39A82C\MQL5\Profiles\Tester\Forex-Profit_01_standard.set: type object 'ParameterRole' has no attribute 'POSITIONING'
2025-04-25 02:01:17,993 - INFO - Processing Fractals-minimum-distance_01_standard.set
2025-04-25 02:01:17,993 - INFO - Processing Fractals-minimum-distance_01_standard.set
2025-04-25 02:01:17,994 - WARNING - Error processing group role_system: 'list' object has no attribute 'items'
2025-04-25 02:01:17,995 - ERROR - Error processing C:\Users\nikol\AppData\Roaming\MetaQuotes\Terminal\4B1CE69F577705455263BD980C39A82C\MQL5\Profiles\Tester\Fractals-minimum-distance_01_standard.set: dictionary update sequence element #0 has length 12; 2 is required
2025-04-25 02:01:17,995 - INFO - Processing Fraktrak-xonax_01_standard.set
2025-04-25 02:01:17,996 - INFO - Processing Fraktrak-xonax_01_standard.set
2025-04-25 02:01:17,997 - ERROR - Error processing C:\Users\nikol\AppData\Roaming\MetaQuotes\Terminal\4B1CE69F577705455263BD980C39A82C\MQL5\Profiles\Tester\Fraktrak-xonax_01_standard.set: type object 'ParameterRole' has no attribute 'POSITIONING'
2025-04-25 02:01:17,998 - INFO - Processing Frank-Ud_01_standard.set
2025-04-25 02:01:17,999 - INFO - Processing Frank-Ud_01_standard.set
2025-04-25 02:01:17,999 - ERROR - Error processing C:\Users\nikol\AppData\Roaming\MetaQuotes\Terminal\4B1CE69F577705455263BD980C39A82C\MQL5\Profiles\Tester\Frank-Ud_01_standard.set: type object 'ParameterRole' has no attribute 'POSITIONING'
2025-04-25 02:01:18,000 - INFO - Processing fratal-mt5-EA_01_standard.set
2025-04-25 02:01:18,000 - INFO - Processing fratal-mt5-EA_01_standard.set
2025-04-25 02:01:18,001 - ERROR - Error processing C:\Users\nikol\AppData\Roaming\MetaQuotes\Terminal\4B1CE69F577705455263BD980C39A82C\MQL5\Profiles\Tester\fratal-mt5-EA_01_standard.set: type object 'ParameterRole' has no attribute 'POSITIONING'
2025-04-25 02:01:18,002 - INFO - Processing FT-CCI_01_standard.set
2025-04-25 02:01:18,002 - INFO - Processing FT-CCI_01_standard.set
2025-04-25 02:01:18,004 - ERROR - Error processing C:\Users\nikol\AppData\Roaming\MetaQuotes\Terminal\4B1CE69F577705455263BD980C39A82C\MQL5\Profiles\Tester\FT-CCI_01_standard.set: type object 'ParameterRole' has no attribute 'POSITIONING'
2025-04-25 02:01:18,005 - INFO - Processing Fuzzy-logic_01_standard.set
2025-04-25 02:01:18,006 - INFO - Processing Fuzzy-logic_01_standard.set
2025-04-25 02:01:18,006 - ERROR - Error processing C:\Users\nikol\AppData\Roaming\MetaQuotes\Terminal\4B1CE69F577705455263BD980C39A82C\MQL5\Profiles\Tester\Fuzzy-logic_01_standard.set: type object 'ParameterRole' has no attribute 'POSITIONING'
2025-04-25 02:01:18,007 - INFO - Processing GalacticExplosion_01_standard.set
2025-04-25 02:01:18,008 - INFO - Processing GalacticExplosion_01_standard.set
2025-04-25 02:01:18,008 - ERROR - Error processing C:\Users\nikol\AppData\Roaming\MetaQuotes\Terminal\4B1CE69F577705455263BD980C39A82C\MQL5\Profiles\Tester\GalacticExplosion_01_standard.set: type object 'ParameterRole' has no attribute 'POSITIONING'
2025-04-25 02:01:18,009 - INFO - Processing Gandalf-PRO_01_standard.set
2025-04-25 02:01:18,009 - INFO - Processing Gandalf-PRO_01_standard.set
2025-04-25 02:01:18,010 - ERROR - Error processing C:\Users\nikol\AppData\Roaming\MetaQuotes\Terminal\4B1CE69F577705455263BD980C39A82C\MQL5\Profiles\Tester\Gandalf-PRO_01_standard.set: type object 'ParameterRole' has no attribute 'POSITIONING'
2025-04-25 02:01:18,011 - INFO - Processing Gap-DM_01_standard.set
2025-04-25 02:01:18,012 - INFO - Processing Gap-DM_01_standard.set
2025-04-25 02:01:18,013 - ERROR - Error processing C:\Users\nikol\AppData\Roaming\MetaQuotes\Terminal\4B1CE69F577705455263BD980C39A82C\MQL5\Profiles\Tester\Gap-DM_01_standard.set: type object 'ParameterRole' has no attribute 'POSITIONING'
2025-04-25 02:01:18,013 - INFO - Processing GAP-EA_01_standard.set
2025-04-25 02:01:18,013 - INFO - Processing GAP-EA_01_standard.set
2025-04-25 02:01:18,014 - ERROR - Error processing C:\Users\nikol\AppData\Roaming\MetaQuotes\Terminal\4B1CE69F577705455263BD980C39A82C\MQL5\Profiles\Tester\GAP-EA_01_standard.set: type object 'ParameterRole' has no attribute 'POSITIONING'
2025-04-25 02:01:18,015 - INFO - Processing Gaps_01_standard.set
2025-04-25 02:01:18,015 - INFO - Processing Gaps_01_standard.set
2025-04-25 02:01:18,016 - ERROR - Error processing C:\Users\nikol\AppData\Roaming\MetaQuotes\Terminal\4B1CE69F577705455263BD980C39A82C\MQL5\Profiles\Tester\Gaps_01_standard.set: type object 'ParameterRole' has no attribute 'POSITIONING'
2025-04-25 02:01:18,017 - INFO - Processing GBP9AM_01_standard.set
2025-04-25 02:01:18,017 - INFO - Processing GBP9AM_01_standard.set
2025-04-25 02:01:18,019 - ERROR - Error processing C:\Users\nikol\AppData\Roaming\MetaQuotes\Terminal\4B1CE69F577705455263BD980C39A82C\MQL5\Profiles\Tester\GBP9AM_01_standard.set: type object 'ParameterRole' has no attribute 'POSITIONING'
2025-04-25 02:01:18,019 - INFO - Processing GbpChf_01_standard.set
2025-04-25 02:01:18,020 - INFO - Processing GbpChf_01_standard.set
2025-04-25 02:01:18,021 - ERROR - Error processing C:\Users\nikol\AppData\Roaming\MetaQuotes\Terminal\4B1CE69F577705455263BD980C39A82C\MQL5\Profiles\Tester\GbpChf_01_standard.set: type object 'ParameterRole' has no attribute 'POSITIONING'
2025-04-25 02:01:18,021 - INFO - Processing Gold-Dust_01_standard.set
2025-04-25 02:01:18,022 - INFO - Processing Gold-Dust_01_standard.set
2025-04-25 02:01:18,022 - ERROR - Error processing C:\Users\nikol\AppData\Roaming\MetaQuotes\Terminal\4B1CE69F577705455263BD980C39A82C\MQL5\Profiles\Tester\Gold-Dust_01_standard.set: type object 'ParameterRole' has no attribute 'POSITIONING'
2025-04-25 02:01:18,023 - INFO - Processing GO_01_standard.set
2025-04-25 02:01:18,024 - INFO - Processing GO_01_standard.set
2025-04-25 02:01:18,025 - WARNING - Error processing group role_risk: 'list' object has no attribute 'items'
2025-04-25 02:01:18,026 - ERROR - Error processing C:\Users\nikol\AppData\Roaming\MetaQuotes\Terminal\4B1CE69F577705455263BD980C39A82C\MQL5\Profiles\Tester\GO_01_standard.set: dictionary update sequence element #0 has length 5; 2 is required
2025-04-25 02:01:18,026 - INFO - Processing GreenTrade_01_standard.set
2025-04-25 02:01:18,027 - INFO - Processing GreenTrade_01_standard.set
2025-04-25 02:01:18,027 - ERROR - Error processing C:\Users\nikol\AppData\Roaming\MetaQuotes\Terminal\4B1CE69F577705455263BD980C39A82C\MQL5\Profiles\Tester\GreenTrade_01_standard.set: type object 'ParameterRole' has no attribute 'POSITIONING'
2025-04-25 02:01:18,028 - INFO - Processing Grid-Martingale_01_standard.set
2025-04-25 02:01:18,029 - INFO - Processing Grid-Martingale_01_standard.set
2025-04-25 02:01:18,029 - ERROR - Error processing C:\Users\nikol\AppData\Roaming\MetaQuotes\Terminal\4B1CE69F577705455263BD980C39A82C\MQL5\Profiles\Tester\Grid-Martingale_01_standard.set: type object 'ParameterRole' has no attribute 'POSITIONING'
2025-04-25 02:01:18,030 - INFO - Processing GridEA_01_standard.set
2025-04-25 02:01:18,030 - INFO - Processing GridEA_01_standard.set
2025-04-25 02:01:18,032 - ERROR - Error processing C:\Users\nikol\AppData\Roaming\MetaQuotes\Terminal\4B1CE69F577705455263BD980C39A82C\MQL5\Profiles\Tester\GridEA_01_standard.set: type object 'ParameterRole' has no attribute 'POSITIONING'
2025-04-25 02:01:18,033 - INFO - Processing Grid_01_standard.set
2025-04-25 02:01:18,033 - INFO - Processing Grid_01_standard.set
2025-04-25 02:01:18,034 - WARNING - Error processing group role_system: 'list' object has no attribute 'items'
2025-04-25 02:01:18,034 - ERROR - Error processing C:\Users\nikol\AppData\Roaming\MetaQuotes\Terminal\4B1CE69F577705455263BD980C39A82C\MQL5\Profiles\Tester\Grid_01_standard.set: dictionary update sequence element #0 has length 21; 2 is required
2025-04-25 02:01:18,035 - INFO - Processing HarVesteR_01_standard.set
2025-04-25 02:01:18,035 - INFO - Processing HarVesteR_01_standard.set
2025-04-25 02:01:18,036 - ERROR - Error processing C:\Users\nikol\AppData\Roaming\MetaQuotes\Terminal\4B1CE69F577705455263BD980C39A82C\MQL5\Profiles\Tester\HarVesteR_01_standard.set: type object 'ParameterRole' has no attribute 'POSITIONING'
2025-04-25 02:01:18,037 - INFO - Processing HedgeEA_01_standard.set
2025-04-25 02:01:18,038 - INFO - Processing HedgeEA_01_standard.set
2025-04-25 02:01:18,039 - WARNING - Error processing group role_system: 'list' object has no attribute 'items'
2025-04-25 02:01:18,040 - ERROR - Error processing C:\Users\nikol\AppData\Roaming\MetaQuotes\Terminal\4B1CE69F577705455263BD980C39A82C\MQL5\Profiles\Tester\HedgeEA_01_standard.set: dictionary update sequence element #0 has length 5; 2 is required
2025-04-25 02:01:18,040 - INFO - Processing hedger_01_standard.set
2025-04-25 02:01:18,041 - INFO - Processing hedger_01_standard.set
2025-04-25 02:01:18,042 - WARNING - Error processing group role_system: 'list' object has no attribute 'items'
2025-04-25 02:01:18,042 - ERROR - Error processing C:\Users\nikol\AppData\Roaming\MetaQuotes\Terminal\4B1CE69F577705455263BD980C39A82C\MQL5\Profiles\Tester\hedger_01_standard.set: dictionary update sequence element #0 has length 16; 2 is required
2025-04-25 02:01:18,043 - INFO - Processing Hedging-EA_01_standard.set
2025-04-25 02:01:18,043 - INFO - Processing Hedging-EA_01_standard.set
2025-04-25 02:01:18,044 - ERROR - Error processing C:\Users\nikol\AppData\Roaming\MetaQuotes\Terminal\4B1CE69F577705455263BD980C39A82C\MQL5\Profiles\Tester\Hedging-EA_01_standard.set: type object 'ParameterRole' has no attribute 'POSITIONING'
2025-04-25 02:01:18,045 - INFO - Processing Heiken-Ashi-Smoothed-EA-with-MA_01_standard.set
2025-04-25 02:01:18,046 - INFO - Processing Heiken-Ashi-Smoothed-EA-with-MA_01_standard.set
2025-04-25 02:01:18,047 - ERROR - Error processing C:\Users\nikol\AppData\Roaming\MetaQuotes\Terminal\4B1CE69F577705455263BD980C39A82C\MQL5\Profiles\Tester\Heiken-Ashi-Smoothed-EA-with-MA_01_standard.set: type object 'ParameterRole' has no attribute 'POSITIONING'
2025-04-25 02:01:18,047 - INFO - Processing Heiken-Ashi-Smoothed-EA_01_standard.set
2025-04-25 02:01:18,048 - INFO - Processing Heiken-Ashi-Smoothed-EA_01_standard.set
2025-04-25 02:01:18,048 - ERROR - Error processing C:\Users\nikol\AppData\Roaming\MetaQuotes\Terminal\4B1CE69F577705455263BD980C39A82C\MQL5\Profiles\Tester\Heiken-Ashi-Smoothed-EA_01_standard.set: type object 'ParameterRole' has no attribute 'POSITIONING'
2025-04-25 02:01:18,049 - INFO - Processing heiken-ashi-smoothedLine_01_standard.set
2025-04-25 02:01:18,049 - INFO - Processing heiken-ashi-smoothedLine_01_standard.set
2025-04-25 02:01:18,050 - WARNING - Error processing group role_technical: 'list' object has no attribute 'items'
2025-04-25 02:01:18,050 - ERROR - Error processing C:\Users\nikol\AppData\Roaming\MetaQuotes\Terminal\4B1CE69F577705455263BD980C39A82C\MQL5\Profiles\Tester\heiken-ashi-smoothedLine_01_standard.set: dictionary update sequence element #0 has length 12; 2 is required
2025-04-25 02:01:18,051 - INFO - Processing heiken-ashi-smoothed_01_standard.set
2025-04-25 02:01:18,052 - INFO - Processing heiken-ashi-smoothed_01_standard.set
2025-04-25 02:01:18,053 - WARNING - Error processing group role_technical: 'list' object has no attribute 'items'
2025-04-25 02:01:18,054 - ERROR - Error processing C:\Users\nikol\AppData\Roaming\MetaQuotes\Terminal\4B1CE69F577705455263BD980C39A82C\MQL5\Profiles\Tester\heiken-ashi-smoothed_01_standard.set: dictionary update sequence element #0 has length 12; 2 is required
2025-04-25 02:01:18,054 - INFO - Processing HeikenAshi-Lines-EA_01_standard.set
2025-04-25 02:01:18,055 - INFO - Processing HeikenAshi-Lines-EA_01_standard.set
2025-04-25 02:01:18,056 - ERROR - Error processing C:\Users\nikol\AppData\Roaming\MetaQuotes\Terminal\4B1CE69F577705455263BD980C39A82C\MQL5\Profiles\Tester\HeikenAshi-Lines-EA_01_standard.set: type object 'ParameterRole' has no attribute 'POSITIONING'
2025-04-25 02:01:18,056 - INFO - Processing HeikenAshi-Lines_01_standard.set
2025-04-25 02:01:18,057 - INFO - Processing HeikenAshi-Lines_01_standard.set
2025-04-25 02:01:18,057 - WARNING - Error processing group role_technical: 'list' object has no attribute 'items'
2025-04-25 02:01:18,058 - ERROR - Error processing C:\Users\nikol\AppData\Roaming\MetaQuotes\Terminal\4B1CE69F577705455263BD980C39A82C\MQL5\Profiles\Tester\HeikenAshi-Lines_01_standard.set: dictionary update sequence element #0 has length 9; 2 is required
2025-04-25 02:01:18,059 - INFO - Processing Heinken-Ashi-Color-Candles_01_standard.set
2025-04-25 02:01:18,059 - INFO - Processing Heinken-Ashi-Color-Candles_01_standard.set
2025-04-25 02:01:18,060 - WARNING - Error processing group role_technical: 'list' object has no attribute 'items'
2025-04-25 02:01:18,061 - ERROR - Error processing C:\Users\nikol\AppData\Roaming\MetaQuotes\Terminal\4B1CE69F577705455263BD980C39A82C\MQL5\Profiles\Tester\Heinken-Ashi-Color-Candles_01_standard.set: dictionary update sequence element #0 has length 12; 2 is required
2025-04-25 02:01:18,061 - INFO - Processing HelloSmart_01_standard.set
2025-04-25 02:01:18,062 - INFO - Processing HelloSmart_01_standard.set
2025-04-25 02:01:18,063 - ERROR - Error processing C:\Users\nikol\AppData\Roaming\MetaQuotes\Terminal\4B1CE69F577705455263BD980C39A82C\MQL5\Profiles\Tester\HelloSmart_01_standard.set: type object 'ParameterRole' has no attribute 'POSITIONING'
2025-04-25 02:01:18,063 - INFO - Processing High-Low-EA_01_standard.set
2025-04-25 02:01:18,063 - INFO - Processing High-Low-EA_01_standard.set
2025-04-25 02:01:18,064 - ERROR - Error processing C:\Users\nikol\AppData\Roaming\MetaQuotes\Terminal\4B1CE69F577705455263BD980C39A82C\MQL5\Profiles\Tester\High-Low-EA_01_standard.set: type object 'ParameterRole' has no attribute 'POSITIONING'
2025-04-25 02:01:18,065 - INFO - Processing High-Low-Indicator_01_standard.set
2025-04-25 02:01:18,065 - INFO - Processing High-Low-Indicator_01_standard.set
2025-04-25 02:01:18,067 - WARNING - Error processing group role_technical: 'list' object has no attribute 'items'
2025-04-25 02:01:18,067 - ERROR - Error processing C:\Users\nikol\AppData\Roaming\MetaQuotes\Terminal\4B1CE69F577705455263BD980C39A82C\MQL5\Profiles\Tester\High-Low-Indicator_01_standard.set: dictionary update sequence element #0 has length 7; 2 is required
2025-04-25 02:01:18,068 - INFO - Processing Hoop-master-2_01_standard.set
2025-04-25 02:01:18,068 - INFO - Processing Hoop-master-2_01_standard.set
2025-04-25 02:01:18,069 - ERROR - Error processing C:\Users\nikol\AppData\Roaming\MetaQuotes\Terminal\4B1CE69F577705455263BD980C39A82C\MQL5\Profiles\Tester\Hoop-master-2_01_standard.set: type object 'ParameterRole' has no attribute 'POSITIONING'
2025-04-25 02:01:18,070 - INFO - Processing iCCI-iMA_01_standard.set
2025-04-25 02:01:18,070 - INFO - Processing iCCI-iMA_01_standard.set
2025-04-25 02:01:18,071 - ERROR - Error processing C:\Users\nikol\AppData\Roaming\MetaQuotes\Terminal\4B1CE69F577705455263BD980C39A82C\MQL5\Profiles\Tester\iCCI-iMA_01_standard.set: type object 'ParameterRole' has no attribute 'POSITIONING'
2025-04-25 02:01:18,071 - INFO - Processing ICH-With-Alert-Derekers-EA_01_standard.set
2025-04-25 02:01:18,072 - INFO - Processing ICH-With-Alert-Derekers-EA_01_standard.set
2025-04-25 02:01:18,073 - ERROR - Error processing C:\Users\nikol\AppData\Roaming\MetaQuotes\Terminal\4B1CE69F577705455263BD980C39A82C\MQL5\Profiles\Tester\ICH-With-Alert-Derekers-EA_01_standard.set: type object 'ParameterRole' has no attribute 'POSITIONING'
2025-04-25 02:01:18,074 - INFO - Processing ICH-With-Alert-Derekers_01_standard.set
2025-04-25 02:01:18,074 - INFO - Processing ICH-With-Alert-Derekers_01_standard.set
2025-04-25 02:01:18,075 - WARNING - Error processing group role_technical: 'list' object has no attribute 'items'
2025-04-25 02:01:18,076 - ERROR - Error processing C:\Users\nikol\AppData\Roaming\MetaQuotes\Terminal\4B1CE69F577705455263BD980C39A82C\MQL5\Profiles\Tester\ICH-With-Alert-Derekers_01_standard.set: dictionary update sequence element #0 has length 18; 2 is required
2025-04-25 02:01:18,076 - INFO - Processing ichimok2005_01_standard.set
2025-04-25 02:01:18,077 - INFO - Processing ichimok2005_01_standard.set
2025-04-25 02:01:18,077 - ERROR - Error processing C:\Users\nikol\AppData\Roaming\MetaQuotes\Terminal\4B1CE69F577705455263BD980C39A82C\MQL5\Profiles\Tester\ichimok2005_01_standard.set: type object 'ParameterRole' has no attribute 'POSITIONING'
2025-04-25 02:01:18,078 - INFO - Processing Ichimoku-20Kijun-20Alert_01_standard.set
2025-04-25 02:01:18,078 - INFO - Processing Ichimoku-20Kijun-20Alert_01_standard.set
2025-04-25 02:01:18,079 - WARNING - Error processing group role_system: 'list' object has no attribute 'items'
2025-04-25 02:01:18,080 - ERROR - Error processing C:\Users\nikol\AppData\Roaming\MetaQuotes\Terminal\4B1CE69F577705455263BD980C39A82C\MQL5\Profiles\Tester\Ichimoku-20Kijun-20Alert_01_standard.set: dictionary update sequence element #0 has length 3; 2 is required
2025-04-25 02:01:18,081 - INFO - Processing Ichimoku-20Tenkan-20Alert_01_standard.set
2025-04-25 02:01:18,081 - INFO - Processing Ichimoku-20Tenkan-20Alert_01_standard.set
2025-04-25 02:01:18,082 - WARNING - Error processing group role_system: 'list' object has no attribute 'items'
2025-04-25 02:01:18,083 - ERROR - Error processing C:\Users\nikol\AppData\Roaming\MetaQuotes\Terminal\4B1CE69F577705455263BD980C39A82C\MQL5\Profiles\Tester\Ichimoku-20Tenkan-20Alert_01_standard.set: dictionary update sequence element #0 has length 3; 2 is required
2025-04-25 02:01:18,083 - INFO - Processing Ichimoku-Dashboard-MT5_01_standard.set
2025-04-25 02:01:18,084 - INFO - Processing Ichimoku-Dashboard-MT5_01_standard.set
2025-04-25 02:01:18,084 - WARNING - Error processing group role_system: 'list' object has no attribute 'items'
2025-04-25 02:01:18,085 - ERROR - Error processing C:\Users\nikol\AppData\Roaming\MetaQuotes\Terminal\4B1CE69F577705455263BD980C39A82C\MQL5\Profiles\Tester\Ichimoku-Dashboard-MT5_01_standard.set: dictionary update sequence element #0 has length 8; 2 is required
2025-04-25 02:01:18,085 - INFO - Processing Ichimoku-Scanner-MT5_01_standard.set
2025-04-25 02:01:18,086 - INFO - Processing Ichimoku-Scanner-MT5_01_standard.set
2025-04-25 02:01:18,087 - WARNING - Error processing group role_system: 'list' object has no attribute 'items'
2025-04-25 02:01:18,088 - ERROR - Error processing C:\Users\nikol\AppData\Roaming\MetaQuotes\Terminal\4B1CE69F577705455263BD980C39A82C\MQL5\Profiles\Tester\Ichimoku-Scanner-MT5_01_standard.set: dictionary update sequence element #0 has length 8; 2 is required
2025-04-25 02:01:18,088 - INFO - Processing Ichimoku-Scanner_01_standard.set
2025-04-25 02:01:18,089 - INFO - Processing Ichimoku-Scanner_01_standard.set
2025-04-25 02:01:18,090 - WARNING - Error processing group role_system: 'list' object has no attribute 'items'
2025-04-25 02:01:18,090 - ERROR - Error processing C:\Users\nikol\AppData\Roaming\MetaQuotes\Terminal\4B1CE69F577705455263BD980C39A82C\MQL5\Profiles\Tester\Ichimoku-Scanner_01_standard.set: dictionary update sequence element #0 has length 8; 2 is required
2025-04-25 02:01:18,091 - INFO - Processing Ichimoku-Signals-and-Alert_01_standard.set
2025-04-25 02:01:18,091 - INFO - Processing Ichimoku-Signals-and-Alert_01_standard.set
2025-04-25 02:01:18,092 - ERROR - Error processing C:\Users\nikol\AppData\Roaming\MetaQuotes\Terminal\4B1CE69F577705455263BD980C39A82C\MQL5\Profiles\Tester\Ichimoku-Signals-and-Alert_01_standard.set: type object 'ParameterRole' has no attribute 'POSITIONING'
2025-04-25 02:01:18,092 - INFO - Processing IchimokuMTF-EA_01_standard.set
2025-04-25 02:01:18,093 - INFO - Processing IchimokuMTF-EA_01_standard.set
2025-04-25 02:01:18,094 - ERROR - Error processing C:\Users\nikol\AppData\Roaming\MetaQuotes\Terminal\4B1CE69F577705455263BD980C39A82C\MQL5\Profiles\Tester\IchimokuMTF-EA_01_standard.set: type object 'ParameterRole' has no attribute 'POSITIONING'
2025-04-25 02:01:18,095 - INFO - Processing Ichimoku_01_standard.set
2025-04-25 02:01:18,095 - INFO - Processing Ichimoku_01_standard.set
2025-04-25 02:01:18,096 - WARNING - Error processing group role_system: 'list' object has no attribute 'items'
2025-04-25 02:01:18,097 - ERROR - Error processing C:\Users\nikol\AppData\Roaming\MetaQuotes\Terminal\4B1CE69F577705455263BD980C39A82C\MQL5\Profiles\Tester\Ichimoku_01_standard.set: dictionary update sequence element #0 has length 10; 2 is required
2025-04-25 02:01:18,097 - INFO - Processing Ilan-iMA_01_standard.set
2025-04-25 02:01:18,098 - INFO - Processing Ilan-iMA_01_standard.set
2025-04-25 02:01:18,098 - ERROR - Error processing C:\Users\nikol\AppData\Roaming\MetaQuotes\Terminal\4B1CE69F577705455263BD980C39A82C\MQL5\Profiles\Tester\Ilan-iMA_01_standard.set: type object 'ParameterRole' has no attribute 'POSITIONING'
2025-04-25 02:01:18,099 - INFO - Processing Ilan1.4_01_standard.set
2025-04-25 02:01:18,099 - INFO - Processing Ilan1.4_01_standard.set
2025-04-25 02:01:18,100 - ERROR - Error processing C:\Users\nikol\AppData\Roaming\MetaQuotes\Terminal\4B1CE69F577705455263BD980C39A82C\MQL5\Profiles\Tester\Ilan1.4_01_standard.set: type object 'ParameterRole' has no attribute 'POSITIONING'
2025-04-25 02:01:18,100 - INFO - Processing iMA-iStdDev_01_standard.set
2025-04-25 02:01:18,101 - INFO - Processing iMA-iStdDev_01_standard.set
2025-04-25 02:01:18,102 - ERROR - Error processing C:\Users\nikol\AppData\Roaming\MetaQuotes\Terminal\4B1CE69F577705455263BD980C39A82C\MQL5\Profiles\Tester\iMA-iStdDev_01_standard.set: type object 'ParameterRole' has no attribute 'POSITIONING'
2025-04-25 02:01:18,103 - INFO - Processing Indices-Tester_01_standard.set
2025-04-25 02:01:18,103 - INFO - Processing Indices-Tester_01_standard.set
2025-04-25 02:01:18,104 - WARNING - Error processing group role_system: 'list' object has no attribute 'items'
2025-04-25 02:01:18,104 - ERROR - Error processing C:\Users\nikol\AppData\Roaming\MetaQuotes\Terminal\4B1CE69F577705455263BD980C39A82C\MQL5\Profiles\Tester\Indices-Tester_01_standard.set: dictionary update sequence element #0 has length 9; 2 is required
2025-04-25 02:01:18,105 - INFO - Processing Inka-20Edho-20EA_01_standard.set
2025-04-25 02:01:18,105 - INFO - Processing Inka-20Edho-20EA_01_standard.set
2025-04-25 02:01:18,106 - ERROR - Error processing C:\Users\nikol\AppData\Roaming\MetaQuotes\Terminal\4B1CE69F577705455263BD980C39A82C\MQL5\Profiles\Tester\Inka-20Edho-20EA_01_standard.set: type object 'ParameterRole' has no attribute 'POSITIONING'
2025-04-25 02:01:18,106 - INFO - Processing Intersection-2-iMA_01_standard.set
2025-04-25 02:01:18,107 - INFO - Processing Intersection-2-iMA_01_standard.set
2025-04-25 02:01:18,108 - ERROR - Error processing C:\Users\nikol\AppData\Roaming\MetaQuotes\Terminal\4B1CE69F577705455263BD980C39A82C\MQL5\Profiles\Tester\Intersection-2-iMA_01_standard.set: type object 'ParameterRole' has no attribute 'POSITIONING'
2025-04-25 02:01:18,109 - INFO - Processing IStochastic-Trading_01_standard.set
2025-04-25 02:01:18,110 - INFO - Processing IStochastic-Trading_01_standard.set
2025-04-25 02:01:18,110 - ERROR - Error processing C:\Users\nikol\AppData\Roaming\MetaQuotes\Terminal\4B1CE69F577705455263BD980C39A82C\MQL5\Profiles\Tester\IStochastic-Trading_01_standard.set: type object 'ParameterRole' has no attribute 'POSITIONING'
2025-04-25 02:01:18,111 - INFO - Processing Ivan_01_standard.set
2025-04-25 02:01:18,111 - INFO - Processing Ivan_01_standard.set
2025-04-25 02:01:18,112 - ERROR - Error processing C:\Users\nikol\AppData\Roaming\MetaQuotes\Terminal\4B1CE69F577705455263BD980C39A82C\MQL5\Profiles\Tester\Ivan_01_standard.set: type object 'ParameterRole' has no attribute 'POSITIONING'
2025-04-25 02:01:18,112 - INFO - Processing iVIDyA-Simple_01_standard.set
2025-04-25 02:01:18,113 - INFO - Processing iVIDyA-Simple_01_standard.set
2025-04-25 02:01:18,113 - ERROR - Error processing C:\Users\nikol\AppData\Roaming\MetaQuotes\Terminal\4B1CE69F577705455263BD980C39A82C\MQL5\Profiles\Tester\iVIDyA-Simple_01_standard.set: type object 'ParameterRole' has no attribute 'POSITIONING'
2025-04-25 02:01:18,114 - INFO - Processing Jackpot-Strategy-EA_01_standard.set
2025-04-25 02:01:18,115 - INFO - Processing Jackpot-Strategy-EA_01_standard.set
2025-04-25 02:01:18,116 - ERROR - Error processing C:\Users\nikol\AppData\Roaming\MetaQuotes\Terminal\4B1CE69F577705455263BD980C39A82C\MQL5\Profiles\Tester\Jackpot-Strategy-EA_01_standard.set: type object 'ParameterRole' has no attribute 'POSITIONING'
2025-04-25 02:01:18,116 - INFO - Processing JackPot-Strategy-Elite_01_standard.set
2025-04-25 02:01:18,117 - INFO - Processing JackPot-Strategy-Elite_01_standard.set
2025-04-25 02:01:18,118 - WARNING - Error processing group role_system: 'list' object has no attribute 'items'
2025-04-25 02:01:18,118 - ERROR - Error processing C:\Users\nikol\AppData\Roaming\MetaQuotes\Terminal\4B1CE69F577705455263BD980C39A82C\MQL5\Profiles\Tester\JackPot-Strategy-Elite_01_standard.set: dictionary update sequence element #0 has length 3; 2 is required
2025-04-25 02:01:18,119 - INFO - Processing JK-BullP-AutoTrader_01_standard.set
2025-04-25 02:01:18,119 - INFO - Processing JK-BullP-AutoTrader_01_standard.set
2025-04-25 02:01:18,119 - ERROR - Error processing C:\Users\nikol\AppData\Roaming\MetaQuotes\Terminal\4B1CE69F577705455263BD980C39A82C\MQL5\Profiles\Tester\JK-BullP-AutoTrader_01_standard.set: type object 'ParameterRole' has no attribute 'POSITIONING'
2025-04-25 02:01:18,120 - INFO - Processing JS-Chaos_01_standard.set
2025-04-25 02:01:18,120 - INFO - Processing JS-Chaos_01_standard.set
2025-04-25 02:01:18,121 - WARNING - Error processing group role_system: 'list' object has no attribute 'items'
2025-04-25 02:01:18,122 - ERROR - Error processing C:\Users\nikol\AppData\Roaming\MetaQuotes\Terminal\4B1CE69F577705455263BD980C39A82C\MQL5\Profiles\Tester\JS-Chaos_01_standard.set: dictionary update sequence element #0 has length 14; 2 is required
2025-04-25 02:01:18,123 - INFO - Processing JS-MA-Day_01_standard.set
2025-04-25 02:01:18,123 - INFO - Processing JS-MA-Day_01_standard.set
2025-04-25 02:01:18,124 - ERROR - Error processing C:\Users\nikol\AppData\Roaming\MetaQuotes\Terminal\4B1CE69F577705455263BD980C39A82C\MQL5\Profiles\Tester\JS-MA-Day_01_standard.set: type object 'ParameterRole' has no attribute 'POSITIONING'
2025-04-25 02:01:18,125 - INFO - Processing JS-MA-SAR-Trades_01_standard.set
2025-04-25 02:01:18,125 - INFO - Processing JS-MA-SAR-Trades_01_standard.set
2025-04-25 02:01:18,126 - ERROR - Error processing C:\Users\nikol\AppData\Roaming\MetaQuotes\Terminal\4B1CE69F577705455263BD980C39A82C\MQL5\Profiles\Tester\JS-MA-SAR-Trades_01_standard.set: type object 'ParameterRole' has no attribute 'POSITIONING'
2025-04-25 02:01:18,126 - INFO - Processing KA-Gold-Bot_01_standard.set
2025-04-25 02:01:18,127 - INFO - Processing KA-Gold-Bot_01_standard.set
2025-04-25 02:01:18,127 - ERROR - Error processing C:\Users\nikol\AppData\Roaming\MetaQuotes\Terminal\4B1CE69F577705455263BD980C39A82C\MQL5\Profiles\Tester\KA-Gold-Bot_01_standard.set: type object 'ParameterRole' has no attribute 'POSITIONING'
2025-04-25 02:01:18,128 - INFO - Processing Kue-Electric-EA_01_standard.set
2025-04-25 02:01:18,129 - INFO - Processing Kue-Electric-EA_01_standard.set
2025-04-25 02:01:18,130 - ERROR - Error processing C:\Users\nikol\AppData\Roaming\MetaQuotes\Terminal\4B1CE69F577705455263BD980C39A82C\MQL5\Profiles\Tester\Kue-Electric-EA_01_standard.set: type object 'ParameterRole' has no attribute 'POSITIONING'
2025-04-25 02:01:18,131 - INFO - Processing KueFx-20Arrows_01_standard.set
2025-04-25 02:01:18,131 - INFO - Processing KueFx-20Arrows_01_standard.set
2025-04-25 02:01:18,132 - ERROR - Error processing C:\Users\nikol\AppData\Roaming\MetaQuotes\Terminal\4B1CE69F577705455263BD980C39A82C\MQL5\Profiles\Tester\KueFx-20Arrows_01_standard.set: type object 'ParameterRole' has no attribute 'POSITIONING'
2025-04-25 02:01:18,132 - INFO - Processing KueFx-20Baseline_01_standard.set
2025-04-25 02:01:18,133 - INFO - Processing KueFx-20Baseline_01_standard.set
2025-04-25 02:01:18,133 - ERROR - Error processing C:\Users\nikol\AppData\Roaming\MetaQuotes\Terminal\4B1CE69F577705455263BD980C39A82C\MQL5\Profiles\Tester\KueFx-20Baseline_01_standard.set: type object 'ParameterRole' has no attribute 'POSITIONING'
2025-04-25 02:01:18,134 - INFO - Processing KueFx-Arrows-20EA_01_standard.set
2025-04-25 02:01:18,134 - INFO - Processing KueFx-Arrows-20EA_01_standard.set
2025-04-25 02:01:18,136 - ERROR - Error processing C:\Users\nikol\AppData\Roaming\MetaQuotes\Terminal\4B1CE69F577705455263BD980C39A82C\MQL5\Profiles\Tester\KueFx-Arrows-20EA_01_standard.set: type object 'ParameterRole' has no attribute 'POSITIONING'
2025-04-25 02:01:18,136 - INFO - Processing KueFx-Arrows-EA_01_standard.set
2025-04-25 02:01:18,137 - INFO - Processing KueFx-Arrows-EA_01_standard.set
2025-04-25 02:01:18,138 - ERROR - Error processing C:\Users\nikol\AppData\Roaming\MetaQuotes\Terminal\4B1CE69F577705455263BD980C39A82C\MQL5\Profiles\Tester\KueFx-Arrows-EA_01_standard.set: type object 'ParameterRole' has no attribute 'POSITIONING'
2025-04-25 02:01:18,138 - INFO - Processing KueFx-Arrows_01_standard.set
2025-04-25 02:01:18,139 - INFO - Processing KueFx-Arrows_01_standard.set
2025-04-25 02:01:18,139 - ERROR - Error processing C:\Users\nikol\AppData\Roaming\MetaQuotes\Terminal\4B1CE69F577705455263BD980C39A82C\MQL5\Profiles\Tester\KueFx-Arrows_01_standard.set: type object 'ParameterRole' has no attribute 'POSITIONING'
2025-04-25 02:01:18,140 - INFO - Processing KueFx-Baseline-EA_01_standard.set
2025-04-25 02:01:18,140 - INFO - Processing KueFx-Baseline-EA_01_standard.set
2025-04-25 02:01:18,141 - ERROR - Error processing C:\Users\nikol\AppData\Roaming\MetaQuotes\Terminal\4B1CE69F577705455263BD980C39A82C\MQL5\Profiles\Tester\KueFx-Baseline-EA_01_standard.set: type object 'ParameterRole' has no attribute 'POSITIONING'
2025-04-25 02:01:18,142 - INFO - Processing KueFx-Baseline_01_standard.set
2025-04-25 02:01:18,143 - INFO - Processing KueFx-Baseline_01_standard.set
2025-04-25 02:01:18,143 - ERROR - Error processing C:\Users\nikol\AppData\Roaming\MetaQuotes\Terminal\4B1CE69F577705455263BD980C39A82C\MQL5\Profiles\Tester\KueFx-Baseline_01_standard.set: type object 'ParameterRole' has no attribute 'POSITIONING'
2025-04-25 02:01:18,144 - INFO - Processing KueFx-Clean-2025-EA_01_standard.set
2025-04-25 02:01:18,144 - INFO - Processing KueFx-Clean-2025-EA_01_standard.set
2025-04-25 02:01:18,145 - ERROR - Error processing C:\Users\nikol\AppData\Roaming\MetaQuotes\Terminal\4B1CE69F577705455263BD980C39A82C\MQL5\Profiles\Tester\KueFx-Clean-2025-EA_01_standard.set: type object 'ParameterRole' has no attribute 'POSITIONING'
2025-04-25 02:01:18,146 - INFO - Processing KueFx-Extreme-EA_01_standard.set
2025-04-25 02:01:18,146 - INFO - Processing KueFx-Extreme-EA_01_standard.set
2025-04-25 02:01:18,147 - ERROR - Error processing C:\Users\nikol\AppData\Roaming\MetaQuotes\Terminal\4B1CE69F577705455263BD980C39A82C\MQL5\Profiles\Tester\KueFx-Extreme-EA_01_standard.set: type object 'ParameterRole' has no attribute 'POSITIONING'
2025-04-25 02:01:18,148 - INFO - Processing KueFx-Harare-EA_01_standard.set
2025-04-25 02:01:18,148 - INFO - Processing KueFx-Harare-EA_01_standard.set
2025-04-25 02:01:18,149 - ERROR - Error processing C:\Users\nikol\AppData\Roaming\MetaQuotes\Terminal\4B1CE69F577705455263BD980C39A82C\MQL5\Profiles\Tester\KueFx-Harare-EA_01_standard.set: type object 'ParameterRole' has no attribute 'POSITIONING'
2025-04-25 02:01:18,150 - INFO - Processing KueFX-Money-Management_01_standard.set
2025-04-25 02:01:18,151 - INFO - Processing KueFX-Money-Management_01_standard.set
2025-04-25 02:01:18,152 - ERROR - Error processing C:\Users\nikol\AppData\Roaming\MetaQuotes\Terminal\4B1CE69F577705455263BD980C39A82C\MQL5\Profiles\Tester\KueFX-Money-Management_01_standard.set: type object 'ParameterRole' has no attribute 'POSITIONING'
2025-04-25 02:01:18,152 - INFO - Processing KueFx-Motor-EA_01_standard.set
2025-04-25 02:01:18,153 - INFO - Processing KueFx-Motor-EA_01_standard.set
2025-04-25 02:01:18,154 - ERROR - Error processing C:\Users\nikol\AppData\Roaming\MetaQuotes\Terminal\4B1CE69F577705455263BD980C39A82C\MQL5\Profiles\Tester\KueFx-Motor-EA_01_standard.set: type object 'ParameterRole' has no attribute 'POSITIONING'
2025-04-25 02:01:18,154 - INFO - Processing KueFx-Motor_01_standard.set
2025-04-25 02:01:18,155 - INFO - Processing KueFx-Motor_01_standard.set
2025-04-25 02:01:18,156 - WARNING - Error processing group role_system: 'list' object has no attribute 'items'
2025-04-25 02:01:18,156 - ERROR - Error processing C:\Users\nikol\AppData\Roaming\MetaQuotes\Terminal\4B1CE69F577705455263BD980C39A82C\MQL5\Profiles\Tester\KueFx-Motor_01_standard.set: dictionary update sequence element #0 has length 7; 2 is required
2025-04-25 02:01:18,157 - INFO - Processing KueFx-Trend_01_standard.set
2025-04-25 02:01:18,158 - INFO - Processing KueFx-Trend_01_standard.set
2025-04-25 02:01:18,159 - ERROR - Error processing C:\Users\nikol\AppData\Roaming\MetaQuotes\Terminal\4B1CE69F577705455263BD980C39A82C\MQL5\Profiles\Tester\KueFx-Trend_01_standard.set: type object 'ParameterRole' has no attribute 'POSITIONING'
2025-04-25 02:01:18,159 - INFO - Processing KueFxTrend-20EA_01_standard.set
2025-04-25 02:01:18,160 - INFO - Processing KueFxTrend-20EA_01_standard.set
2025-04-25 02:01:18,160 - ERROR - Error processing C:\Users\nikol\AppData\Roaming\MetaQuotes\Terminal\4B1CE69F577705455263BD980C39A82C\MQL5\Profiles\Tester\KueFxTrend-20EA_01_standard.set: type object 'ParameterRole' has no attribute 'POSITIONING'
2025-04-25 02:01:18,161 - INFO - Processing KueFxTrend-EA_01_standard.set
2025-04-25 02:01:18,161 - INFO - Processing KueFxTrend-EA_01_standard.set
2025-04-25 02:01:18,162 - ERROR - Error processing C:\Users\nikol\AppData\Roaming\MetaQuotes\Terminal\4B1CE69F577705455263BD980C39A82C\MQL5\Profiles\Tester\KueFxTrend-EA_01_standard.set: type object 'ParameterRole' has no attribute 'POSITIONING'
2025-04-25 02:01:18,163 - INFO - Processing KueFx_Arrows_EA_v1.10_01_standard.set
2025-04-25 02:01:18,164 - INFO - Processing KueFx_Arrows_EA_v1.10_01_standard.set
2025-04-25 02:01:18,165 - ERROR - Error processing C:\Users\nikol\AppData\Roaming\MetaQuotes\Terminal\4B1CE69F577705455263BD980C39A82C\MQL5\Profiles\Tester\KueFx_Arrows_EA_v1.10_01_standard.set: type object 'ParameterRole' has no attribute 'POSITIONING'
2025-04-25 02:01:18,165 - INFO - Processing KueFx_Baseline_EA_v1.10_01_standard.set
2025-04-25 02:01:18,166 - INFO - Processing KueFx_Baseline_EA_v1.10_01_standard.set
2025-04-25 02:01:18,166 - ERROR - Error processing C:\Users\nikol\AppData\Roaming\MetaQuotes\Terminal\4B1CE69F577705455263BD980C39A82C\MQL5\Profiles\Tester\KueFx_Baseline_EA_v1.10_01_standard.set: type object 'ParameterRole' has no attribute 'POSITIONING'
2025-04-25 02:01:18,167 - INFO - Processing LarryConnersRSI2_01_standard.set
2025-04-25 02:01:18,168 - INFO - Processing LarryConnersRSI2_01_standard.set
2025-04-25 02:01:18,168 - ERROR - Error processing C:\Users\nikol\AppData\Roaming\MetaQuotes\Terminal\4B1CE69F577705455263BD980C39A82C\MQL5\Profiles\Tester\LarryConnersRSI2_01_standard.set: type object 'ParameterRole' has no attribute 'POSITIONING'
2025-04-25 02:01:18,169 - INFO - Processing Last-ZZ50_01_standard.set
2025-04-25 02:01:18,169 - INFO - Processing Last-ZZ50_01_standard.set
2025-04-25 02:01:18,170 - ERROR - Error processing C:\Users\nikol\AppData\Roaming\MetaQuotes\Terminal\4B1CE69F577705455263BD980C39A82C\MQL5\Profiles\Tester\Last-ZZ50_01_standard.set: type object 'ParameterRole' has no attribute 'POSITIONING'
2025-04-25 02:01:18,171 - INFO - Processing Lavika100_01_standard.set
2025-04-25 02:01:18,172 - INFO - Processing Lavika100_01_standard.set
2025-04-25 02:01:18,172 - ERROR - Error processing C:\Users\nikol\AppData\Roaming\MetaQuotes\Terminal\4B1CE69F577705455263BD980C39A82C\MQL5\Profiles\Tester\Lavika100_01_standard.set: type object 'ParameterRole' has no attribute 'POSITIONING'
2025-04-25 02:01:18,173 - INFO - Processing LazyBot-MT5_01_standard.set
2025-04-25 02:01:18,173 - INFO - Processing LazyBot-MT5_01_standard.set
2025-04-25 02:01:18,174 - ERROR - Error processing C:\Users\nikol\AppData\Roaming\MetaQuotes\Terminal\4B1CE69F577705455263BD980C39A82C\MQL5\Profiles\Tester\LazyBot-MT5_01_standard.set: type object 'ParameterRole' has no attribute 'POSITIONING'
2025-04-25 02:01:18,175 - INFO - Processing LBS_01_standard.set
2025-04-25 02:01:18,175 - INFO - Processing LBS_01_standard.set
2025-04-25 02:01:18,176 - ERROR - Error processing C:\Users\nikol\AppData\Roaming\MetaQuotes\Terminal\4B1CE69F577705455263BD980C39A82C\MQL5\Profiles\Tester\LBS_01_standard.set: type object 'ParameterRole' has no attribute 'POSITIONING'
2025-04-25 02:01:18,176 - INFO - Processing Lego-EA_01_standard.set
2025-04-25 02:01:18,177 - INFO - Processing Lego-EA_01_standard.set
2025-04-25 02:01:18,178 - ERROR - Error processing C:\Users\nikol\AppData\Roaming\MetaQuotes\Terminal\4B1CE69F577705455263BD980C39A82C\MQL5\Profiles\Tester\Lego-EA_01_standard.set: type object 'ParameterRole' has no attribute 'POSITIONING'
2025-04-25 02:01:18,179 - INFO - Processing Lesson-3-Price-Action_01_standard.set
2025-04-25 02:01:18,179 - INFO - Processing Lesson-3-Price-Action_01_standard.set
2025-04-25 02:01:18,180 - ERROR - Error processing C:\Users\nikol\AppData\Roaming\MetaQuotes\Terminal\4B1CE69F577705455263BD980C39A82C\MQL5\Profiles\Tester\Lesson-3-Price-Action_01_standard.set: type object 'ParameterRole' has no attribute 'POSITIONING'
2025-04-25 02:01:18,180 - INFO - Processing Lesson-4-Price-Action-MA-Filter_01_standard.set
2025-04-25 02:01:18,181 - INFO - Processing Lesson-4-Price-Action-MA-Filter_01_standard.set
2025-04-25 02:01:18,182 - ERROR - Error processing C:\Users\nikol\AppData\Roaming\MetaQuotes\Terminal\4B1CE69F577705455263BD980C39A82C\MQL5\Profiles\Tester\Lesson-4-Price-Action-MA-Filter_01_standard.set: type object 'ParameterRole' has no attribute 'POSITIONING'
2025-04-25 02:01:18,182 - INFO - Processing Lesson-6-Trailling-ATR_01_standard.set
2025-04-25 02:01:18,183 - INFO - Processing Lesson-6-Trailling-ATR_01_standard.set
2025-04-25 02:01:18,184 - ERROR - Error processing C:\Users\nikol\AppData\Roaming\MetaQuotes\Terminal\4B1CE69F577705455263BD980C39A82C\MQL5\Profiles\Tester\Lesson-6-Trailling-ATR_01_standard.set: type object 'ParameterRole' has no attribute 'POSITIONING'
2025-04-25 02:01:18,184 - INFO - Processing Lesson-7-Price-action-Ket-hop-Volume-VSA_01_standard.set
2025-04-25 02:01:18,185 - INFO - Processing Lesson-7-Price-action-Ket-hop-Volume-VSA_01_standard.set
2025-04-25 02:01:18,186 - ERROR - Error processing C:\Users\nikol\AppData\Roaming\MetaQuotes\Terminal\4B1CE69F577705455263BD980C39A82C\MQL5\Profiles\Tester\Lesson-7-Price-action-Ket-hop-Volume-VSA_01_standard.set: type object 'ParameterRole' has no attribute 'POSITIONING'
2025-04-25 02:01:18,186 - INFO - Processing Little-EA_01_standard.set
2025-04-25 02:01:18,187 - INFO - Processing Little-EA_01_standard.set
2025-04-25 02:01:18,188 - ERROR - Error processing C:\Users\nikol\AppData\Roaming\MetaQuotes\Terminal\4B1CE69F577705455263BD980C39A82C\MQL5\Profiles\Tester\Little-EA_01_standard.set: type object 'ParameterRole' has no attribute 'POSITIONING'
2025-04-25 02:01:18,188 - INFO - Processing Locker_01_standard.set
2025-04-25 02:01:18,189 - INFO - Processing Locker_01_standard.set
2025-04-25 02:01:18,189 - ERROR - Error processing C:\Users\nikol\AppData\Roaming\MetaQuotes\Terminal\4B1CE69F577705455263BD980C39A82C\MQL5\Profiles\Tester\Locker_01_standard.set: type object 'ParameterRole' has no attribute 'POSITIONING'
2025-04-25 02:01:18,189 - INFO - Processing Lock_01_standard.set
2025-04-25 02:01:18,190 - INFO - Processing Lock_01_standard.set
2025-04-25 02:01:18,191 - ERROR - Error processing C:\Users\nikol\AppData\Roaming\MetaQuotes\Terminal\4B1CE69F577705455263BD980C39A82C\MQL5\Profiles\Tester\Lock_01_standard.set: type object 'ParameterRole' has no attribute 'POSITIONING'
2025-04-25 02:01:18,192 - INFO - Processing Lucky_01_standard.set
2025-04-25 02:01:18,192 - INFO - Processing Lucky_01_standard.set
2025-04-25 02:01:18,193 - WARNING - Error processing group role_technical: 'list' object has no attribute 'items'
2025-04-25 02:01:18,194 - ERROR - Error processing C:\Users\nikol\AppData\Roaming\MetaQuotes\Terminal\4B1CE69F577705455263BD980C39A82C\MQL5\Profiles\Tester\Lucky_01_standard.set: dictionary update sequence element #0 has length 9; 2 is required
2025-04-25 02:01:18,194 - INFO - Processing MA MACD Position averaging v2_01_standard.set
2025-04-25 02:01:18,195 - INFO - Processing MA MACD Position averaging v2_01_standard.set
2025-04-25 02:01:18,195 - ERROR - Error processing C:\Users\nikol\AppData\Roaming\MetaQuotes\Terminal\4B1CE69F577705455263BD980C39A82C\MQL5\Profiles\Tester\MA MACD Position averaging v2_01_standard.set: type object 'ParameterRole' has no attribute 'POSITIONING'
2025-04-25 02:01:18,196 - INFO - Processing MA-20Alert_01_standard.set
2025-04-25 02:01:18,196 - INFO - Processing MA-20Alert_01_standard.set
2025-04-25 02:01:18,198 - WARNING - Error processing group role_technical: 'list' object has no attribute 'items'
2025-04-25 02:01:18,198 - ERROR - Error processing C:\Users\nikol\AppData\Roaming\MetaQuotes\Terminal\4B1CE69F577705455263BD980C39A82C\MQL5\Profiles\Tester\MA-20Alert_01_standard.set: dictionary update sequence element #0 has length 10; 2 is required
2025-04-25 02:01:18,199 - INFO - Processing MA-20AO-20Arrow_01_standard.set
2025-04-25 02:01:18,200 - INFO - Processing MA-20AO-20Arrow_01_standard.set
2025-04-25 02:01:18,200 - ERROR - Error processing C:\Users\nikol\AppData\Roaming\MetaQuotes\Terminal\4B1CE69F577705455263BD980C39A82C\MQL5\Profiles\Tester\MA-20AO-20Arrow_01_standard.set: type object 'ParameterRole' has no attribute 'POSITIONING'
2025-04-25 02:01:18,201 - INFO - Processing MA-AO-EA_01_standard.set
2025-04-25 02:01:18,201 - INFO - Processing MA-AO-EA_01_standard.set
2025-04-25 02:01:18,202 - ERROR - Error processing C:\Users\nikol\AppData\Roaming\MetaQuotes\Terminal\4B1CE69F577705455263BD980C39A82C\MQL5\Profiles\Tester\MA-AO-EA_01_standard.set: type object 'ParameterRole' has no attribute 'POSITIONING'
2025-04-25 02:01:18,203 - INFO - Processing ma-channels_01_standard.set
2025-04-25 02:01:18,203 - INFO - Processing ma-channels_01_standard.set
2025-04-25 02:01:18,204 - WARNING - Error processing group role_system: 'list' object has no attribute 'items'
2025-04-25 02:01:18,205 - ERROR - Error processing C:\Users\nikol\AppData\Roaming\MetaQuotes\Terminal\4B1CE69F577705455263BD980C39A82C\MQL5\Profiles\Tester\ma-channels_01_standard.set: dictionary update sequence element #0 has length 10; 2 is required
2025-04-25 02:01:18,206 - INFO - Processing Ma-Crosses-MT5_01_standard.set
2025-04-25 02:01:18,206 - INFO - Processing Ma-Crosses-MT5_01_standard.set
2025-04-25 02:01:18,207 - ERROR - Error processing C:\Users\nikol\AppData\Roaming\MetaQuotes\Terminal\4B1CE69F577705455263BD980C39A82C\MQL5\Profiles\Tester\Ma-Crosses-MT5_01_standard.set: type object 'ParameterRole' has no attribute 'POSITIONING'
2025-04-25 02:01:18,208 - INFO - Processing MA-Crossover-mt5-20EA_01_standard.set
2025-04-25 02:01:18,208 - INFO - Processing MA-Crossover-mt5-20EA_01_standard.set
2025-04-25 02:01:18,209 - ERROR - Error processing C:\Users\nikol\AppData\Roaming\MetaQuotes\Terminal\4B1CE69F577705455263BD980C39A82C\MQL5\Profiles\Tester\MA-Crossover-mt5-20EA_01_standard.set: type object 'ParameterRole' has no attribute 'POSITIONING'
2025-04-25 02:01:18,209 - INFO - Processing MA-Cross_01_standard.set
2025-04-25 02:01:18,210 - INFO - Processing MA-Cross_01_standard.set
2025-04-25 02:01:18,210 - ERROR - Error processing C:\Users\nikol\AppData\Roaming\MetaQuotes\Terminal\4B1CE69F577705455263BD980C39A82C\MQL5\Profiles\Tester\MA-Cross_01_standard.set: type object 'ParameterRole' has no attribute 'POSITIONING'
2025-04-25 02:01:18,212 - INFO - Processing MA-Envelopes_01_standard.set
2025-04-25 02:01:18,212 - INFO - Processing MA-Envelopes_01_standard.set
2025-04-25 02:01:18,213 - ERROR - Error processing C:\Users\nikol\AppData\Roaming\MetaQuotes\Terminal\4B1CE69F577705455263BD980C39A82C\MQL5\Profiles\Tester\MA-Envelopes_01_standard.set: type object 'ParameterRole' has no attribute 'POSITIONING'
2025-04-25 02:01:18,214 - INFO - Processing MA-MACD-Position-averaging_01_standard.set
2025-04-25 02:01:18,214 - INFO - Processing MA-MACD-Position-averaging_01_standard.set
2025-04-25 02:01:18,215 - ERROR - Error processing C:\Users\nikol\AppData\Roaming\MetaQuotes\Terminal\4B1CE69F577705455263BD980C39A82C\MQL5\Profiles\Tester\MA-MACD-Position-averaging_01_standard.set: type object 'ParameterRole' has no attribute 'POSITIONING'
2025-04-25 02:01:18,215 - INFO - Processing MA-Trend_01_standard.set
2025-04-25 02:01:18,216 - INFO - Processing MA-Trend_01_standard.set
2025-04-25 02:01:18,216 - ERROR - Error processing C:\Users\nikol\AppData\Roaming\MetaQuotes\Terminal\4B1CE69F577705455263BD980C39A82C\MQL5\Profiles\Tester\MA-Trend_01_standard.set: type object 'ParameterRole' has no attribute 'POSITIONING'
2025-04-25 02:01:18,217 - INFO - Processing MA2CCI_01_standard.set
2025-04-25 02:01:18,217 - INFO - Processing MA2CCI_01_standard.set
2025-04-25 02:01:18,219 - ERROR - Error processing C:\Users\nikol\AppData\Roaming\MetaQuotes\Terminal\4B1CE69F577705455263BD980C39A82C\MQL5\Profiles\Tester\MA2CCI_01_standard.set: type object 'ParameterRole' has no attribute 'POSITIONING'
2025-04-25 02:01:18,220 - INFO - Processing MACD-and-SAR_01_standard.set
2025-04-25 02:01:18,220 - INFO - Processing MACD-and-SAR_01_standard.set
2025-04-25 02:01:18,221 - ERROR - Error processing C:\Users\nikol\AppData\Roaming\MetaQuotes\Terminal\4B1CE69F577705455263BD980C39A82C\MQL5\Profiles\Tester\MACD-and-SAR_01_standard.set: type object 'ParameterRole' has no attribute 'POSITIONING'
2025-04-25 02:01:18,222 - INFO - Processing MACD-Cleaner_01_standard.set
2025-04-25 02:01:18,222 - INFO - Processing MACD-Cleaner_01_standard.set
2025-04-25 02:01:18,223 - ERROR - Error processing C:\Users\nikol\AppData\Roaming\MetaQuotes\Terminal\4B1CE69F577705455263BD980C39A82C\MQL5\Profiles\Tester\MACD-Cleaner_01_standard.set: type object 'ParameterRole' has no attribute 'POSITIONING'
2025-04-25 02:01:18,223 - INFO - Processing MACD-EA-H4_01_standard.set
2025-04-25 02:01:18,224 - INFO - Processing MACD-EA-H4_01_standard.set
2025-04-25 02:01:18,225 - ERROR - Error processing C:\Users\nikol\AppData\Roaming\MetaQuotes\Terminal\4B1CE69F577705455263BD980C39A82C\MQL5\Profiles\Tester\MACD-EA-H4_01_standard.set: type object 'ParameterRole' has no attribute 'POSITIONING'
2025-04-25 02:01:18,225 - INFO - Processing MACD-No-Sample_01_standard.set
2025-04-25 02:01:18,226 - INFO - Processing MACD-No-Sample_01_standard.set
2025-04-25 02:01:18,227 - ERROR - Error processing C:\Users\nikol\AppData\Roaming\MetaQuotes\Terminal\4B1CE69F577705455263BD980C39A82C\MQL5\Profiles\Tester\MACD-No-Sample_01_standard.set: type object 'ParameterRole' has no attribute 'POSITIONING'
2025-04-25 02:01:18,228 - INFO - Processing MACD-signal_01_standard.set
2025-04-25 02:01:18,228 - INFO - Processing MACD-signal_01_standard.set
2025-04-25 02:01:18,229 - ERROR - Error processing C:\Users\nikol\AppData\Roaming\MetaQuotes\Terminal\4B1CE69F577705455263BD980C39A82C\MQL5\Profiles\Tester\MACD-signal_01_standard.set: type object 'ParameterRole' has no attribute 'POSITIONING'
2025-04-25 02:01:18,230 - INFO - Processing MACD-Stochastic-2_01_standard.set
2025-04-25 02:01:18,230 - INFO - Processing MACD-Stochastic-2_01_standard.set
2025-04-25 02:01:18,231 - ERROR - Error processing C:\Users\nikol\AppData\Roaming\MetaQuotes\Terminal\4B1CE69F577705455263BD980C39A82C\MQL5\Profiles\Tester\MACD-Stochastic-2_01_standard.set: type object 'ParameterRole' has no attribute 'POSITIONING'
2025-04-25 02:01:18,231 - INFO - Processing MACD-Stochastic_01_standard.set
2025-04-25 02:01:18,232 - INFO - Processing MACD-Stochastic_01_standard.set
2025-04-25 02:01:18,233 - ERROR - Error processing C:\Users\nikol\AppData\Roaming\MetaQuotes\Terminal\4B1CE69F577705455263BD980C39A82C\MQL5\Profiles\Tester\MACD-Stochastic_01_standard.set: type object 'ParameterRole' has no attribute 'POSITIONING'
2025-04-25 02:01:18,234 - INFO - Processing MACDCCI_01_standard.set
2025-04-25 02:01:18,234 - INFO - Processing MACDCCI_01_standard.set
2025-04-25 02:01:18,235 - ERROR - Error processing C:\Users\nikol\AppData\Roaming\MetaQuotes\Terminal\4B1CE69F577705455263BD980C39A82C\MQL5\Profiles\Tester\MACDCCI_01_standard.set: type object 'ParameterRole' has no attribute 'POSITIONING'
2025-04-25 02:01:18,236 - INFO - Processing MacdPatternTraderAll0.01_01_standard.set
2025-04-25 02:01:18,236 - INFO - Processing MacdPatternTraderAll0.01_01_standard.set
2025-04-25 02:01:18,237 - ERROR - Error processing C:\Users\nikol\AppData\Roaming\MetaQuotes\Terminal\4B1CE69F577705455263BD980C39A82C\MQL5\Profiles\Tester\MacdPatternTraderAll0.01_01_standard.set: type object 'ParameterRole' has no attribute 'POSITIONING'
2025-04-25 02:01:18,237 - INFO - Processing MacdPatternTraderAll_01_standard.set
2025-04-25 02:01:18,238 - INFO - Processing MacdPatternTraderAll_01_standard.set
2025-04-25 02:01:18,239 - ERROR - Error processing C:\Users\nikol\AppData\Roaming\MetaQuotes\Terminal\4B1CE69F577705455263BD980C39A82C\MQL5\Profiles\Tester\MacdPatternTraderAll_01_standard.set: type object 'ParameterRole' has no attribute 'POSITIONING'
2025-04-25 02:01:18,240 - INFO - Processing MACD_01_standard.set
2025-04-25 02:01:18,240 - INFO - Processing MACD_01_standard.set
2025-04-25 02:01:18,241 - ERROR - Error processing C:\Users\nikol\AppData\Roaming\MetaQuotes\Terminal\4B1CE69F577705455263BD980C39A82C\MQL5\Profiles\Tester\MACD_01_standard.set: type object 'ParameterRole' has no attribute 'POSITIONING'
2025-04-25 02:01:18,242 - INFO - Processing MAGrid_01_standard.set
2025-04-25 02:01:18,242 - INFO - Processing MAGrid_01_standard.set
2025-04-25 02:01:18,243 - WARNING - Error processing group role_system: 'list' object has no attribute 'items'
2025-04-25 02:01:18,243 - ERROR - Error processing C:\Users\nikol\AppData\Roaming\MetaQuotes\Terminal\4B1CE69F577705455263BD980C39A82C\MQL5\Profiles\Tester\MAGrid_01_standard.set: dictionary update sequence element #0 has length 6; 2 is required
2025-04-25 02:01:18,244 - INFO - Processing MAMACD_01_standard.set
2025-04-25 02:01:18,244 - INFO - Processing MAMACD_01_standard.set
2025-04-25 02:01:18,245 - ERROR - Error processing C:\Users\nikol\AppData\Roaming\MetaQuotes\Terminal\4B1CE69F577705455263BD980C39A82C\MQL5\Profiles\Tester\MAMACD_01_standard.set: type object 'ParameterRole' has no attribute 'POSITIONING'
2025-04-25 02:01:18,246 - INFO - Processing Mariner-MT5_01_standard.set
2025-04-25 02:01:18,246 - INFO - Processing Mariner-MT5_01_standard.set
2025-04-25 02:01:18,247 - ERROR - Error processing C:\Users\nikol\AppData\Roaming\MetaQuotes\Terminal\4B1CE69F577705455263BD980C39A82C\MQL5\Profiles\Tester\Mariner-MT5_01_standard.set: type object 'ParameterRole' has no attribute 'POSITIONING'
2025-04-25 02:01:18,248 - INFO - Processing Market-Capture_01_standard.set
2025-04-25 02:01:18,249 - INFO - Processing Market-Capture_01_standard.set
2025-04-25 02:01:18,249 - ERROR - Error processing C:\Users\nikol\AppData\Roaming\MetaQuotes\Terminal\4B1CE69F577705455263BD980C39A82C\MQL5\Profiles\Tester\Market-Capture_01_standard.set: type object 'ParameterRole' has no attribute 'POSITIONING'
2025-04-25 02:01:18,250 - INFO - Processing Martin-1_01_standard.set
2025-04-25 02:01:18,250 - INFO - Processing Martin-1_01_standard.set
2025-04-25 02:01:18,251 - ERROR - Error processing C:\Users\nikol\AppData\Roaming\MetaQuotes\Terminal\4B1CE69F577705455263BD980C39A82C\MQL5\Profiles\Tester\Martin-1_01_standard.set: type object 'ParameterRole' has no attribute 'POSITIONING'
2025-04-25 02:01:18,251 - INFO - Processing Martin-for-small-deposits_01_standard.set
2025-04-25 02:01:18,252 - INFO - Processing Martin-for-small-deposits_01_standard.set
2025-04-25 02:01:18,253 - ERROR - Error processing C:\Users\nikol\AppData\Roaming\MetaQuotes\Terminal\4B1CE69F577705455263BD980C39A82C\MQL5\Profiles\Tester\Martin-for-small-deposits_01_standard.set: type object 'ParameterRole' has no attribute 'POSITIONING'
2025-04-25 02:01:18,254 - INFO - Processing MartingailExpert_01_standard.set
2025-04-25 02:01:18,254 - INFO - Processing MartingailExpert_01_standard.set
2025-04-25 02:01:18,255 - ERROR - Error processing C:\Users\nikol\AppData\Roaming\MetaQuotes\Terminal\4B1CE69F577705455263BD980C39A82C\MQL5\Profiles\Tester\MartingailExpert_01_standard.set: type object 'ParameterRole' has no attribute 'POSITIONING'
2025-04-25 02:01:18,256 - INFO - Processing MartinGaleBreakout_01_standard.set
2025-04-25 02:01:18,256 - INFO - Processing MartinGaleBreakout_01_standard.set
2025-04-25 02:01:18,257 - ERROR - Error processing C:\Users\nikol\AppData\Roaming\MetaQuotes\Terminal\4B1CE69F577705455263BD980C39A82C\MQL5\Profiles\Tester\MartinGaleBreakout_01_standard.set: type object 'ParameterRole' has no attribute 'POSITIONING'
2025-04-25 02:01:18,258 - INFO - Processing Martin_01_standard.set
2025-04-25 02:01:18,258 - INFO - Processing Martin_01_standard.set
2025-04-25 02:01:18,259 - ERROR - Error processing C:\Users\nikol\AppData\Roaming\MetaQuotes\Terminal\4B1CE69F577705455263BD980C39A82C\MQL5\Profiles\Tester\Martin_01_standard.set: type object 'ParameterRole' has no attribute 'POSITIONING'
2025-04-25 02:01:18,259 - INFO - Processing Marubozu-EA_01_standard.set
2025-04-25 02:01:18,260 - INFO - Processing Marubozu-EA_01_standard.set
2025-04-25 02:01:18,261 - ERROR - Error processing C:\Users\nikol\AppData\Roaming\MetaQuotes\Terminal\4B1CE69F577705455263BD980C39A82C\MQL5\Profiles\Tester\Marubozu-EA_01_standard.set: type object 'ParameterRole' has no attribute 'POSITIONING'
2025-04-25 02:01:18,262 - INFO - Processing Marubozu_01_standard.set
2025-04-25 02:01:18,262 - INFO - Processing Marubozu_01_standard.set
2025-04-25 02:01:18,263 - WARNING - Error processing group role_system: 'list' object has no attribute 'items'
2025-04-25 02:01:18,264 - ERROR - Error processing C:\Users\nikol\AppData\Roaming\MetaQuotes\Terminal\4B1CE69F577705455263BD980C39A82C\MQL5\Profiles\Tester\Marubozu_01_standard.set: dictionary update sequence element #0 has length 10; 2 is required
2025-04-25 02:01:18,264 - INFO - Processing Marubozu_EA_v1.10_01_standard.set
2025-04-25 02:01:18,265 - INFO - Processing Marubozu_EA_v1.10_01_standard.set
2025-04-25 02:01:18,265 - ERROR - Error processing C:\Users\nikol\AppData\Roaming\MetaQuotes\Terminal\4B1CE69F577705455263BD980C39A82C\MQL5\Profiles\Tester\Marubozu_EA_v1.10_01_standard.set: type object 'ParameterRole' has no attribute 'POSITIONING'
2025-04-25 02:01:18,266 - INFO - Processing MelBar-EuSwiss-1.85_01_standard.set
2025-04-25 02:01:18,266 - INFO - Processing MelBar-EuSwiss-1.85_01_standard.set
2025-04-25 02:01:18,267 - ERROR - Error processing C:\Users\nikol\AppData\Roaming\MetaQuotes\Terminal\4B1CE69F577705455263BD980C39A82C\MQL5\Profiles\Tester\MelBar-EuSwiss-1.85_01_standard.set: type object 'ParameterRole' has no attribute 'POSITIONING'
2025-04-25 02:01:18,268 - INFO - Processing MelBar™Take325-™-5.5Y-NZD-USD_01_standard.set
2025-04-25 02:01:18,269 - INFO - Processing MelBar™Take325-™-5.5Y-NZD-USD_01_standard.set
2025-04-25 02:01:18,269 - ERROR - Error processing C:\Users\nikol\AppData\Roaming\MetaQuotes\Terminal\4B1CE69F577705455263BD980C39A82C\MQL5\Profiles\Tester\MelBar™Take325-™-5.5Y-NZD-USD_01_standard.set: type object 'ParameterRole' has no attribute 'POSITIONING'
2025-04-25 02:01:18,270 - INFO - Processing Mobo-Bands-EA_01_standard.set
2025-04-25 02:01:18,271 - INFO - Processing Mobo-Bands-EA_01_standard.set
2025-04-25 02:01:18,271 - ERROR - Error processing C:\Users\nikol\AppData\Roaming\MetaQuotes\Terminal\4B1CE69F577705455263BD980C39A82C\MQL5\Profiles\Tester\Mobo-Bands-EA_01_standard.set: type object 'ParameterRole' has no attribute 'POSITIONING'
2025-04-25 02:01:18,272 - INFO - Processing Mobo-Bands_01_standard.set
2025-04-25 02:01:18,272 - INFO - Processing Mobo-Bands_01_standard.set
2025-04-25 02:01:18,273 - WARNING - Error processing group role_technical: 'list' object has no attribute 'items'
2025-04-25 02:01:18,274 - ERROR - Error processing C:\Users\nikol\AppData\Roaming\MetaQuotes\Terminal\4B1CE69F577705455263BD980C39A82C\MQL5\Profiles\Tester\Mobo-Bands_01_standard.set: dictionary update sequence element #0 has length 8; 2 is required
2025-04-25 02:01:18,274 - INFO - Processing Modified-Moving-Averages_01_standard.set
2025-04-25 02:01:18,275 - INFO - Processing Modified-Moving-Averages_01_standard.set
2025-04-25 02:01:18,276 - ERROR - Error processing C:\Users\nikol\AppData\Roaming\MetaQuotes\Terminal\4B1CE69F577705455263BD980C39A82C\MQL5\Profiles\Tester\Modified-Moving-Averages_01_standard.set: type object 'ParameterRole' has no attribute 'POSITIONING'
2025-04-25 02:01:18,276 - INFO - Processing Momentum-M15_01_standard.set
2025-04-25 02:01:18,277 - INFO - Processing Momentum-M15_01_standard.set
2025-04-25 02:01:18,278 - ERROR - Error processing C:\Users\nikol\AppData\Roaming\MetaQuotes\Terminal\4B1CE69F577705455263BD980C39A82C\MQL5\Profiles\Tester\Momentum-M15_01_standard.set: type object 'ParameterRole' has no attribute 'POSITIONING'
2025-04-25 02:01:18,278 - INFO - Processing Momo-trades_01_standard.set
2025-04-25 02:01:18,279 - INFO - Processing Momo-trades_01_standard.set
2025-04-25 02:01:18,279 - ERROR - Error processing C:\Users\nikol\AppData\Roaming\MetaQuotes\Terminal\4B1CE69F577705455263BD980C39A82C\MQL5\Profiles\Tester\Momo-trades_01_standard.set: type object 'ParameterRole' has no attribute 'POSITIONING'
2025-04-25 02:01:18,280 - INFO - Processing Money-Fixed-Margin_01_standard.set
2025-04-25 02:01:18,280 - INFO - Processing Money-Fixed-Margin_01_standard.set
2025-04-25 02:01:18,281 - ERROR - Error processing C:\Users\nikol\AppData\Roaming\MetaQuotes\Terminal\4B1CE69F577705455263BD980C39A82C\MQL5\Profiles\Tester\Money-Fixed-Margin_01_standard.set: type object 'ParameterRole' has no attribute 'POSITIONING'
2025-04-25 02:01:18,282 - INFO - Processing Money-Fixed-Risk_01_standard.set
2025-04-25 02:01:18,283 - INFO - Processing Money-Fixed-Risk_01_standard.set
2025-04-25 02:01:18,283 - ERROR - Error processing C:\Users\nikol\AppData\Roaming\MetaQuotes\Terminal\4B1CE69F577705455263BD980C39A82C\MQL5\Profiles\Tester\Money-Fixed-Risk_01_standard.set: type object 'ParameterRole' has no attribute 'POSITIONING'
2025-04-25 02:01:18,284 - INFO - Processing MoneyRain_01_standard.set
2025-04-25 02:01:18,284 - INFO - Processing MoneyRain_01_standard.set
2025-04-25 02:01:18,285 - ERROR - Error processing C:\Users\nikol\AppData\Roaming\MetaQuotes\Terminal\4B1CE69F577705455263BD980C39A82C\MQL5\Profiles\Tester\MoneyRain_01_standard.set: type object 'ParameterRole' has no attribute 'POSITIONING'
2025-04-25 02:01:18,286 - INFO - Processing Morning-evening-star-EA_01_standard.set
2025-04-25 02:01:18,286 - INFO - Processing Morning-evening-star-EA_01_standard.set
2025-04-25 02:01:18,287 - ERROR - Error processing C:\Users\nikol\AppData\Roaming\MetaQuotes\Terminal\4B1CE69F577705455263BD980C39A82C\MQL5\Profiles\Tester\Morning-evening-star-EA_01_standard.set: type object 'ParameterRole' has no attribute 'POSITIONING'
2025-04-25 02:01:18,288 - INFO - Processing MostasHaR15-Pivot_01_standard.set
2025-04-25 02:01:18,288 - INFO - Processing MostasHaR15-Pivot_01_standard.set
2025-04-25 02:01:18,289 - ERROR - Error processing C:\Users\nikol\AppData\Roaming\MetaQuotes\Terminal\4B1CE69F577705455263BD980C39A82C\MQL5\Profiles\Tester\MostasHaR15-Pivot_01_standard.set: type object 'ParameterRole' has no attribute 'POSITIONING'
2025-04-25 02:01:18,290 - INFO - Processing Moving-20average-20and-20ichimoku-20EA_01_standard.set
2025-04-25 02:01:18,290 - INFO - Processing Moving-20average-20and-20ichimoku-20EA_01_standard.set
2025-04-25 02:01:18,291 - ERROR - Error processing C:\Users\nikol\AppData\Roaming\MetaQuotes\Terminal\4B1CE69F577705455263BD980C39A82C\MQL5\Profiles\Tester\Moving-20average-20and-20ichimoku-20EA_01_standard.set: type object 'ParameterRole' has no attribute 'POSITIONING'
2025-04-25 02:01:18,292 - INFO - Processing Moving-Average-Trade-System_01_standard.set
2025-04-25 02:01:18,292 - INFO - Processing Moving-Average-Trade-System_01_standard.set
2025-04-25 02:01:18,293 - ERROR - Error processing C:\Users\nikol\AppData\Roaming\MetaQuotes\Terminal\4B1CE69F577705455263BD980C39A82C\MQL5\Profiles\Tester\Moving-Average-Trade-System_01_standard.set: type object 'ParameterRole' has no attribute 'POSITIONING'
2025-04-25 02:01:18,293 - INFO - Processing Moving-Averages_01_standard.set
2025-04-25 02:01:18,294 - INFO - Processing Moving-Averages_01_standard.set
2025-04-25 02:01:18,295 - WARNING - Error processing group role_system: 'list' object has no attribute 'items'
2025-04-25 02:01:18,296 - ERROR - Error processing C:\Users\nikol\AppData\Roaming\MetaQuotes\Terminal\4B1CE69F577705455263BD980C39A82C\MQL5\Profiles\Tester\Moving-Averages_01_standard.set: dictionary update sequence element #0 has length 20; 2 is required
2025-04-25 02:01:18,297 - INFO - Processing MovingAverageMartinGale_01_standard.set
2025-04-25 02:01:18,297 - INFO - Processing MovingAverageMartinGale_01_standard.set
2025-04-25 02:01:18,298 - ERROR - Error processing C:\Users\nikol\AppData\Roaming\MetaQuotes\Terminal\4B1CE69F577705455263BD980C39A82C\MQL5\Profiles\Tester\MovingAverageMartinGale_01_standard.set: type object 'ParameterRole' has no attribute 'POSITIONING'
2025-04-25 02:01:18,298 - INFO - Processing MovingAverage_01_standard.set
2025-04-25 02:01:18,299 - INFO - Processing MovingAverage_01_standard.set
2025-04-25 02:01:18,299 - ERROR - Error processing C:\Users\nikol\AppData\Roaming\MetaQuotes\Terminal\4B1CE69F577705455263BD980C39A82C\MQL5\Profiles\Tester\MovingAverage_01_standard.set: type object 'ParameterRole' has no attribute 'POSITIONING'
2025-04-25 02:01:18,300 - INFO - Processing MQL5-Wizard-MA-RSI_01_standard.set
2025-04-25 02:01:18,300 - INFO - Processing MQL5-Wizard-MA-RSI_01_standard.set
2025-04-25 02:01:18,302 - ERROR - Error processing C:\Users\nikol\AppData\Roaming\MetaQuotes\Terminal\4B1CE69F577705455263BD980C39A82C\MQL5\Profiles\Tester\MQL5-Wizard-MA-RSI_01_standard.set: type object 'ParameterRole' has no attribute 'POSITIONING'
2025-04-25 02:01:18,303 - INFO - Processing MQL5-Wizard-MACD-Parabolic-SAR_01_standard.set
2025-04-25 02:01:18,303 - INFO - Processing MQL5-Wizard-MACD-Parabolic-SAR_01_standard.set
2025-04-25 02:01:18,304 - ERROR - Error processing C:\Users\nikol\AppData\Roaming\MetaQuotes\Terminal\4B1CE69F577705455263BD980C39A82C\MQL5\Profiles\Tester\MQL5-Wizard-MACD-Parabolic-SAR_01_standard.set: type object 'ParameterRole' has no attribute 'POSITIONING'
2025-04-25 02:01:18,305 - INFO - Processing MT45_01_standard.set
2025-04-25 02:01:18,305 - INFO - Processing MT45_01_standard.set
2025-04-25 02:01:18,306 - ERROR - Error processing C:\Users\nikol\AppData\Roaming\MetaQuotes\Terminal\4B1CE69F577705455263BD980C39A82C\MQL5\Profiles\Tester\MT45_01_standard.set: type object 'ParameterRole' has no attribute 'POSITIONING'
2025-04-25 02:01:18,307 - INFO - Processing MT5-CoupleHedgeEA_01_standard.set
2025-04-25 02:01:18,307 - INFO - Processing MT5-CoupleHedgeEA_01_standard.set
2025-04-25 02:01:18,309 - ERROR - Error processing C:\Users\nikol\AppData\Roaming\MetaQuotes\Terminal\4B1CE69F577705455263BD980C39A82C\MQL5\Profiles\Tester\MT5-CoupleHedgeEA_01_standard.set: type object 'ParameterRole' has no attribute 'POSITIONING'
2025-04-25 02:01:18,309 - INFO - Processing MT5-RingSystemEA_01_standard.set
2025-04-25 02:01:18,310 - INFO - Processing MT5-RingSystemEA_01_standard.set
2025-04-25 02:01:18,311 - ERROR - Error processing C:\Users\nikol\AppData\Roaming\MetaQuotes\Terminal\4B1CE69F577705455263BD980C39A82C\MQL5\Profiles\Tester\MT5-RingSystemEA_01_standard.set: type object 'ParameterRole' has no attribute 'POSITIONING'
2025-04-25 02:01:18,312 - INFO - Processing Mt5-williams-directional-index-EA_01_standard.set
2025-04-25 02:01:18,312 - INFO - Processing Mt5-williams-directional-index-EA_01_standard.set
2025-04-25 02:01:18,313 - ERROR - Error processing C:\Users\nikol\AppData\Roaming\MetaQuotes\Terminal\4B1CE69F577705455263BD980C39A82C\MQL5\Profiles\Tester\Mt5-williams-directional-index-EA_01_standard.set: type object 'ParameterRole' has no attribute 'POSITIONING'
2025-04-25 02:01:18,313 - INFO - Processing MTC-Сombo_01_standard.set
2025-04-25 02:01:18,314 - INFO - Processing MTC-Сombo_01_standard.set
2025-04-25 02:01:18,314 - ERROR - Error processing C:\Users\nikol\AppData\Roaming\MetaQuotes\Terminal\4B1CE69F577705455263BD980C39A82C\MQL5\Profiles\Tester\MTC-Сombo_01_standard.set: type object 'ParameterRole' has no attribute 'POSITIONING'
2025-04-25 02:01:18,315 - INFO - Processing Multi-Stochastic_01_standard.set
2025-04-25 02:01:18,316 - INFO - Processing Multi-Stochastic_01_standard.set
2025-04-25 02:01:18,317 - ERROR - Error processing C:\Users\nikol\AppData\Roaming\MetaQuotes\Terminal\4B1CE69F577705455263BD980C39A82C\MQL5\Profiles\Tester\Multi-Stochastic_01_standard.set: type object 'ParameterRole' has no attribute 'POSITIONING'
2025-04-25 02:01:18,318 - INFO - Processing MultiMartin_01_standard.set
2025-04-25 02:01:18,318 - INFO - Processing MultiMartin_01_standard.set
2025-04-25 02:01:18,319 - ERROR - Error processing C:\Users\nikol\AppData\Roaming\MetaQuotes\Terminal\4B1CE69F577705455263BD980C39A82C\MQL5\Profiles\Tester\MultiMartin_01_standard.set: type object 'ParameterRole' has no attribute 'POSITIONING'
2025-04-25 02:01:18,320 - INFO - Processing MySystem_01_standard.set
2025-04-25 02:01:18,320 - INFO - Processing MySystem_01_standard.set
2025-04-25 02:01:18,321 - ERROR - Error processing C:\Users\nikol\AppData\Roaming\MetaQuotes\Terminal\4B1CE69F577705455263BD980C39A82C\MQL5\Profiles\Tester\MySystem_01_standard.set: type object 'ParameterRole' has no attribute 'POSITIONING'
2025-04-25 02:01:18,321 - INFO - Processing N Candles v2_01_standard.set
2025-04-25 02:01:18,322 - INFO - Processing N Candles v2_01_standard.set
2025-04-25 02:01:18,323 - ERROR - Error processing C:\Users\nikol\AppData\Roaming\MetaQuotes\Terminal\4B1CE69F577705455263BD980C39A82C\MQL5\Profiles\Tester\N Candles v2_01_standard.set: type object 'ParameterRole' has no attribute 'POSITIONING'
2025-04-25 02:01:18,324 - INFO - Processing N Candles v3_01_standard.set
2025-04-25 02:01:18,324 - INFO - Processing N Candles v3_01_standard.set
2025-04-25 02:01:18,325 - ERROR - Error processing C:\Users\nikol\AppData\Roaming\MetaQuotes\Terminal\4B1CE69F577705455263BD980C39A82C\MQL5\Profiles\Tester\N Candles v3_01_standard.set: type object 'ParameterRole' has no attribute 'POSITIONING'
2025-04-25 02:01:18,325 - INFO - Processing N Candles v4_01_standard.set
2025-04-25 02:01:18,326 - INFO - Processing N Candles v4_01_standard.set
2025-04-25 02:01:18,327 - ERROR - Error processing C:\Users\nikol\AppData\Roaming\MetaQuotes\Terminal\4B1CE69F577705455263BD980C39A82C\MQL5\Profiles\Tester\N Candles v4_01_standard.set: type object 'ParameterRole' has no attribute 'POSITIONING'
2025-04-25 02:01:18,327 - INFO - Processing N Candles v5_01_standard.set
2025-04-25 02:01:18,328 - INFO - Processing N Candles v5_01_standard.set
2025-04-25 02:01:18,328 - ERROR - Error processing C:\Users\nikol\AppData\Roaming\MetaQuotes\Terminal\4B1CE69F577705455263BD980C39A82C\MQL5\Profiles\Tester\N Candles v5_01_standard.set: type object 'ParameterRole' has no attribute 'POSITIONING'
2025-04-25 02:01:18,329 - INFO - Processing N-Candles_01_standard.set
2025-04-25 02:01:18,330 - INFO - Processing N-Candles_01_standard.set
2025-04-25 02:01:18,331 - ERROR - Error processing C:\Users\nikol\AppData\Roaming\MetaQuotes\Terminal\4B1CE69F577705455263BD980C39A82C\MQL5\Profiles\Tester\N-Candles_01_standard.set: type object 'ParameterRole' has no attribute 'POSITIONING'
2025-04-25 02:01:18,332 - INFO - Processing N-_Candles_v7_01_standard.set
2025-04-25 02:01:18,332 - INFO - Processing N-_Candles_v7_01_standard.set
2025-04-25 02:01:18,333 - ERROR - Error processing C:\Users\nikol\AppData\Roaming\MetaQuotes\Terminal\4B1CE69F577705455263BD980C39A82C\MQL5\Profiles\Tester\N-_Candles_v7_01_standard.set: type object 'ParameterRole' has no attribute 'POSITIONING'
2025-04-25 02:01:18,334 - INFO - Processing Nevalyashka-BreakdownLevel_01_standard.set
2025-04-25 02:01:18,334 - INFO - Processing Nevalyashka-BreakdownLevel_01_standard.set
2025-04-25 02:01:18,335 - WARNING - Error processing group role_system: 'list' object has no attribute 'items'
2025-04-25 02:01:18,335 - ERROR - Error processing C:\Users\nikol\AppData\Roaming\MetaQuotes\Terminal\4B1CE69F577705455263BD980C39A82C\MQL5\Profiles\Tester\Nevalyashka-BreakdownLevel_01_standard.set: dictionary update sequence element #0 has length 13; 2 is required
2025-04-25 02:01:18,336 - INFO - Processing Nevalyashka3-1_01_standard.set
2025-04-25 02:01:18,337 - INFO - Processing Nevalyashka3-1_01_standard.set
2025-04-25 02:01:18,338 - ERROR - Error processing C:\Users\nikol\AppData\Roaming\MetaQuotes\Terminal\4B1CE69F577705455263BD980C39A82C\MQL5\Profiles\Tester\Nevalyashka3-1_01_standard.set: type object 'ParameterRole' has no attribute 'POSITIONING'
2025-04-25 02:01:18,338 - INFO - Processing Nevalyashka_01_standard.set
2025-04-25 02:01:18,339 - INFO - Processing Nevalyashka_01_standard.set
2025-04-25 02:01:18,339 - ERROR - Error processing C:\Users\nikol\AppData\Roaming\MetaQuotes\Terminal\4B1CE69F577705455263BD980C39A82C\MQL5\Profiles\Tester\Nevalyashka_01_standard.set: type object 'ParameterRole' has no attribute 'POSITIONING'
2025-04-25 02:01:18,340 - INFO - Processing New-Martin_01_standard.set
2025-04-25 02:01:18,340 - INFO - Processing New-Martin_01_standard.set
2025-04-25 02:01:18,341 - ERROR - Error processing C:\Users\nikol\AppData\Roaming\MetaQuotes\Terminal\4B1CE69F577705455263BD980C39A82C\MQL5\Profiles\Tester\New-Martin_01_standard.set: type object 'ParameterRole' has no attribute 'POSITIONING'
2025-04-25 02:01:18,341 - INFO - Processing New-Random_01_standard.set
2025-04-25 02:01:18,342 - INFO - Processing New-Random_01_standard.set
2025-04-25 02:01:18,342 - ERROR - Error processing C:\Users\nikol\AppData\Roaming\MetaQuotes\Terminal\4B1CE69F577705455263BD980C39A82C\MQL5\Profiles\Tester\New-Random_01_standard.set: type object 'ParameterRole' has no attribute 'POSITIONING'
2025-04-25 02:01:18,343 - INFO - Processing Nextbar_01_standard.set
2025-04-25 02:01:18,344 - INFO - Processing Nextbar_01_standard.set
2025-04-25 02:01:18,345 - ERROR - Error processing C:\Users\nikol\AppData\Roaming\MetaQuotes\Terminal\4B1CE69F577705455263BD980C39A82C\MQL5\Profiles\Tester\Nextbar_01_standard.set: type object 'ParameterRole' has no attribute 'POSITIONING'
2025-04-25 02:01:18,345 - INFO - Processing Night-Flat-Trade_01_standard.set
2025-04-25 02:01:18,346 - INFO - Processing Night-Flat-Trade_01_standard.set
2025-04-25 02:01:18,346 - ERROR - Error processing C:\Users\nikol\AppData\Roaming\MetaQuotes\Terminal\4B1CE69F577705455263BD980C39A82C\MQL5\Profiles\Tester\Night-Flat-Trade_01_standard.set: type object 'ParameterRole' has no attribute 'POSITIONING'
2025-04-25 02:01:18,347 - INFO - Processing NightScalper_01_standard.set
2025-04-25 02:01:18,347 - INFO - Processing NightScalper_01_standard.set
2025-04-25 02:01:18,348 - ERROR - Error processing C:\Users\nikol\AppData\Roaming\MetaQuotes\Terminal\4B1CE69F577705455263BD980C39A82C\MQL5\Profiles\Tester\NightScalper_01_standard.set: type object 'ParameterRole' has no attribute 'POSITIONING'
2025-04-25 02:01:18,349 - INFO - Processing NRTR-Revers_01_standard.set
2025-04-25 02:01:18,349 - INFO - Processing NRTR-Revers_01_standard.set
2025-04-25 02:01:18,350 - ERROR - Error processing C:\Users\nikol\AppData\Roaming\MetaQuotes\Terminal\4B1CE69F577705455263BD980C39A82C\MQL5\Profiles\Tester\NRTR-Revers_01_standard.set: type object 'ParameterRole' has no attribute 'POSITIONING'
2025-04-25 02:01:18,351 - INFO - Processing NUp1Down_01_standard.set
2025-04-25 02:01:18,351 - INFO - Processing NUp1Down_01_standard.set
2025-04-25 02:01:18,352 - ERROR - Error processing C:\Users\nikol\AppData\Roaming\MetaQuotes\Terminal\4B1CE69F577705455263BD980C39A82C\MQL5\Profiles\Tester\NUp1Down_01_standard.set: type object 'ParameterRole' has no attribute 'POSITIONING'
2025-04-25 02:01:18,353 - INFO - Processing Open-Candle-EA_01_standard.set
2025-04-25 02:01:18,353 - INFO - Processing Open-Candle-EA_01_standard.set
2025-04-25 02:01:18,354 - ERROR - Error processing C:\Users\nikol\AppData\Roaming\MetaQuotes\Terminal\4B1CE69F577705455263BD980C39A82C\MQL5\Profiles\Tester\Open-Candle-EA_01_standard.set: type object 'ParameterRole' has no attribute 'POSITIONING'
2025-04-25 02:01:18,355 - INFO - Processing Open-Close_01_standard.set
2025-04-25 02:01:18,361 - INFO - Processing Open-Close_01_standard.set
2025-04-25 02:01:18,368 - WARNING - Error processing group role_risk: 'list' object has no attribute 'items'
2025-04-25 02:01:18,369 - ERROR - Error processing C:\Users\nikol\AppData\Roaming\MetaQuotes\Terminal\4B1CE69F577705455263BD980C39A82C\MQL5\Profiles\Tester\Open-Close_01_standard.set: dictionary update sequence element #0 has length 15; 2 is required
2025-04-25 02:01:18,370 - INFO - Processing Opening-and-ilosing-on-time_01_standard.set
2025-04-25 02:01:18,374 - INFO - Processing Opening-and-ilosing-on-time_01_standard.set
2025-04-25 02:01:18,375 - WARNING - Error processing group role_system: 'list' object has no attribute 'items'
2025-04-25 02:01:18,376 - ERROR - Error processing C:\Users\nikol\AppData\Roaming\MetaQuotes\Terminal\4B1CE69F577705455263BD980C39A82C\MQL5\Profiles\Tester\Opening-and-ilosing-on-time_01_standard.set: dictionary update sequence element #0 has length 12; 2 is required
2025-04-25 02:01:18,377 - INFO - Processing Opening-and-Сlosing-on-time_01_standard.set
2025-04-25 02:01:18,383 - INFO - Processing Opening-and-Сlosing-on-time_01_standard.set
2025-04-25 02:01:18,386 - ERROR - Error processing C:\Users\nikol\AppData\Roaming\MetaQuotes\Terminal\4B1CE69F577705455263BD980C39A82C\MQL5\Profiles\Tester\Opening-and-Сlosing-on-time_01_standard.set: type object 'ParameterRole' has no attribute 'POSITIONING'
2025-04-25 02:01:18,388 - INFO - Processing OpenPendingorderAfterPositionGetStopLoss_01_standard.set
2025-04-25 02:01:18,389 - INFO - Processing OpenPendingorderAfterPositionGetStopLoss_01_standard.set
2025-04-25 02:01:18,390 - ERROR - Error processing C:\Users\nikol\AppData\Roaming\MetaQuotes\Terminal\4B1CE69F577705455263BD980C39A82C\MQL5\Profiles\Tester\OpenPendingorderAfterPositionGetStopLoss_01_standard.set: type object 'ParameterRole' has no attribute 'POSITIONING'
2025-04-25 02:01:18,391 - INFO - Processing OpenTicks_01_standard.set
2025-04-25 02:01:18,393 - INFO - Processing OpenTicks_01_standard.set
2025-04-25 02:01:18,395 - ERROR - Error processing C:\Users\nikol\AppData\Roaming\MetaQuotes\Terminal\4B1CE69F577705455263BD980C39A82C\MQL5\Profiles\Tester\OpenTicks_01_standard.set: type object 'ParameterRole' has no attribute 'POSITIONING'
2025-04-25 02:01:18,396 - INFO - Processing ORB-EA-BOX_01_standard.set
2025-04-25 02:01:18,397 - INFO - Processing ORB-EA-BOX_01_standard.set
2025-04-25 02:01:18,400 - ERROR - Error processing C:\Users\nikol\AppData\Roaming\MetaQuotes\Terminal\4B1CE69F577705455263BD980C39A82C\MQL5\Profiles\Tester\ORB-EA-BOX_01_standard.set: type object 'ParameterRole' has no attribute 'POSITIONING'
2025-04-25 02:01:18,402 - INFO - Processing OsMaSter_01_standard.set
2025-04-25 02:01:18,403 - INFO - Processing OsMaSter_01_standard.set
2025-04-25 02:01:18,404 - ERROR - Error processing C:\Users\nikol\AppData\Roaming\MetaQuotes\Terminal\4B1CE69F577705455263BD980C39A82C\MQL5\Profiles\Tester\OsMaSter_01_standard.set: type object 'ParameterRole' has no attribute 'POSITIONING'
2025-04-25 02:01:18,405 - INFO - Processing OTT-20AND-20PRICE-20CROSS-20EA_01_standard.set
2025-04-25 02:01:18,408 - INFO - Processing OTT-20AND-20PRICE-20CROSS-20EA_01_standard.set
2025-04-25 02:01:18,410 - ERROR - Error processing C:\Users\nikol\AppData\Roaming\MetaQuotes\Terminal\4B1CE69F577705455263BD980C39A82C\MQL5\Profiles\Tester\OTT-20AND-20PRICE-20CROSS-20EA_01_standard.set: type object 'ParameterRole' has no attribute 'POSITIONING'
2025-04-25 02:01:18,418 - INFO - Processing OverHedge_01_standard.set
2025-04-25 02:01:18,424 - INFO - Processing OverHedge_01_standard.set
2025-04-25 02:01:18,426 - ERROR - Error processing C:\Users\nikol\AppData\Roaming\MetaQuotes\Terminal\4B1CE69F577705455263BD980C39A82C\MQL5\Profiles\Tester\OverHedge_01_standard.set: type object 'ParameterRole' has no attribute 'POSITIONING'
2025-04-25 02:01:18,431 - INFO - Processing OzFx_01_standard.set
2025-04-25 02:01:18,431 - INFO - Processing OzFx_01_standard.set
2025-04-25 02:01:18,432 - ERROR - Error processing C:\Users\nikol\AppData\Roaming\MetaQuotes\Terminal\4B1CE69F577705455263BD980C39A82C\MQL5\Profiles\Tester\OzFx_01_standard.set: type object 'ParameterRole' has no attribute 'POSITIONING'
2025-04-25 02:01:18,435 - INFO - Processing Parabolic-SAR_01_standard.set
2025-04-25 02:01:18,437 - INFO - Processing Parabolic-SAR_01_standard.set
2025-04-25 02:01:18,438 - WARNING - Error processing group role_system: 'list' object has no attribute 'items'
2025-04-25 02:01:18,439 - ERROR - Error processing C:\Users\nikol\AppData\Roaming\MetaQuotes\Terminal\4B1CE69F577705455263BD980C39A82C\MQL5\Profiles\Tester\Parabolic-SAR_01_standard.set: dictionary update sequence element #0 has length 20; 2 is required
2025-04-25 02:01:18,443 - INFO - Processing PARSI-EA_01_standard.set
2025-04-25 02:01:18,445 - INFO - Processing PARSI-EA_01_standard.set
2025-04-25 02:01:18,448 - ERROR - Error processing C:\Users\nikol\AppData\Roaming\MetaQuotes\Terminal\4B1CE69F577705455263BD980C39A82C\MQL5\Profiles\Tester\PARSI-EA_01_standard.set: type object 'ParameterRole' has no attribute 'POSITIONING'
2025-04-25 02:01:18,450 - INFO - Processing Peceptron-Mult_01_standard.set
2025-04-25 02:01:18,450 - INFO - Processing Peceptron-Mult_01_standard.set
2025-04-25 02:01:18,451 - ERROR - Error processing C:\Users\nikol\AppData\Roaming\MetaQuotes\Terminal\4B1CE69F577705455263BD980C39A82C\MQL5\Profiles\Tester\Peceptron-Mult_01_standard.set: type object 'ParameterRole' has no attribute 'POSITIONING'
2025-04-25 02:01:18,452 - INFO - Processing Pending-orders-by-time-2_01_standard.set
2025-04-25 02:01:18,453 - INFO - Processing Pending-orders-by-time-2_01_standard.set
2025-04-25 02:01:18,453 - ERROR - Error processing C:\Users\nikol\AppData\Roaming\MetaQuotes\Terminal\4B1CE69F577705455263BD980C39A82C\MQL5\Profiles\Tester\Pending-orders-by-time-2_01_standard.set: type object 'ParameterRole' has no attribute 'POSITIONING'
2025-04-25 02:01:18,455 - INFO - Processing Pending-orders-by-time_01_standard.set
2025-04-25 02:01:18,455 - INFO - Processing Pending-orders-by-time_01_standard.set
2025-04-25 02:01:18,456 - ERROR - Error processing C:\Users\nikol\AppData\Roaming\MetaQuotes\Terminal\4B1CE69F577705455263BD980C39A82C\MQL5\Profiles\Tester\Pending-orders-by-time_01_standard.set: type object 'ParameterRole' has no attribute 'POSITIONING'
2025-04-25 02:01:18,457 - INFO - Processing Pendulum_01_standard.set
2025-04-25 02:01:18,457 - INFO - Processing Pendulum_01_standard.set
2025-04-25 02:01:18,458 - WARNING - Error processing group role_risk: 'list' object has no attribute 'items'
2025-04-25 02:01:18,459 - ERROR - Error processing C:\Users\nikol\AppData\Roaming\MetaQuotes\Terminal\4B1CE69F577705455263BD980C39A82C\MQL5\Profiles\Tester\Pendulum_01_standard.set: dictionary update sequence element #0 has length 8; 2 is required
2025-04-25 02:01:18,459 - INFO - Processing Pinball-machine_01_standard.set
2025-04-25 02:01:18,460 - INFO - Processing Pinball-machine_01_standard.set
2025-04-25 02:01:18,460 - WARNING - Error processing group role_risk: 'list' object has no attribute 'items'
2025-04-25 02:01:18,461 - ERROR - Error processing C:\Users\nikol\AppData\Roaming\MetaQuotes\Terminal\4B1CE69F577705455263BD980C39A82C\MQL5\Profiles\Tester\Pinball-machine_01_standard.set: dictionary update sequence element #0 has length 15; 2 is required
2025-04-25 02:01:18,462 - INFO - Processing Pinbar-Magic-EA_01_standard.set
2025-04-25 02:01:18,462 - INFO - Processing Pinbar-Magic-EA_01_standard.set
2025-04-25 02:01:18,463 - ERROR - Error processing C:\Users\nikol\AppData\Roaming\MetaQuotes\Terminal\4B1CE69F577705455263BD980C39A82C\MQL5\Profiles\Tester\Pinbar-Magic-EA_01_standard.set: type object 'ParameterRole' has no attribute 'POSITIONING'
2025-04-25 02:01:18,464 - INFO - Processing PinBar-Magic-Indicator_01_standard.set
2025-04-25 02:01:18,465 - INFO - Processing PinBar-Magic-Indicator_01_standard.set
2025-04-25 02:01:18,466 - ERROR - Error processing C:\Users\nikol\AppData\Roaming\MetaQuotes\Terminal\4B1CE69F577705455263BD980C39A82C\MQL5\Profiles\Tester\PinBar-Magic-Indicator_01_standard.set: type object 'ParameterRole' has no attribute 'POSITIONING'
2025-04-25 02:01:18,466 - INFO - Processing Pipsover_01_standard.set
2025-04-25 02:01:18,468 - INFO - Processing Pipsover_01_standard.set
2025-04-25 02:01:18,471 - ERROR - Error processing C:\Users\nikol\AppData\Roaming\MetaQuotes\Terminal\4B1CE69F577705455263BD980C39A82C\MQL5\Profiles\Tester\Pipsover_01_standard.set: type object 'ParameterRole' has no attribute 'POSITIONING'
2025-04-25 02:01:18,472 - INFO - Processing Plan-X_01_standard.set
2025-04-25 02:01:18,472 - INFO - Processing Plan-X_01_standard.set
2025-04-25 02:01:18,473 - ERROR - Error processing C:\Users\nikol\AppData\Roaming\MetaQuotes\Terminal\4B1CE69F577705455263BD980C39A82C\MQL5\Profiles\Tester\Plan-X_01_standard.set: type object 'ParameterRole' has no attribute 'POSITIONING'
2025-04-25 02:01:18,474 - INFO - Processing Plateau_01_standard.set
2025-04-25 02:01:18,476 - INFO - Processing Plateau_01_standard.set
2025-04-25 02:01:18,478 - ERROR - Error processing C:\Users\nikol\AppData\Roaming\MetaQuotes\Terminal\4B1CE69F577705455263BD980C39A82C\MQL5\Profiles\Tester\Plateau_01_standard.set: type object 'ParameterRole' has no attribute 'POSITIONING'
2025-04-25 02:01:18,479 - INFO - Processing Poker-SHOW_01_standard.set
2025-04-25 02:01:18,479 - INFO - Processing Poker-SHOW_01_standard.set
2025-04-25 02:01:18,480 - ERROR - Error processing C:\Users\nikol\AppData\Roaming\MetaQuotes\Terminal\4B1CE69F577705455263BD980C39A82C\MQL5\Profiles\Tester\Poker-SHOW_01_standard.set: type object 'ParameterRole' has no attribute 'POSITIONING'
2025-04-25 02:01:18,481 - INFO - Processing Precipice-MartIn_01_standard.set
2025-04-25 02:01:18,481 - INFO - Processing Precipice-MartIn_01_standard.set
2025-04-25 02:01:18,483 - WARNING - Error processing group role_system: 'list' object has no attribute 'items'
2025-04-25 02:01:18,483 - ERROR - Error processing C:\Users\nikol\AppData\Roaming\MetaQuotes\Terminal\4B1CE69F577705455263BD980C39A82C\MQL5\Profiles\Tester\Precipice-MartIn_01_standard.set: dictionary update sequence element #0 has length 7; 2 is required
2025-04-25 02:01:18,484 - INFO - Processing Precipice_01_standard.set
2025-04-25 02:01:18,485 - INFO - Processing Precipice_01_standard.set
2025-04-25 02:01:18,485 - ERROR - Error processing C:\Users\nikol\AppData\Roaming\MetaQuotes\Terminal\4B1CE69F577705455263BD980C39A82C\MQL5\Profiles\Tester\Precipice_01_standard.set: type object 'ParameterRole' has no attribute 'POSITIONING'
2025-04-25 02:01:18,486 - INFO - Processing Probe_01_standard.set
2025-04-25 02:01:18,486 - INFO - Processing Probe_01_standard.set
2025-04-25 02:01:18,487 - ERROR - Error processing C:\Users\nikol\AppData\Roaming\MetaQuotes\Terminal\4B1CE69F577705455263BD980C39A82C\MQL5\Profiles\Tester\Probe_01_standard.set: type object 'ParameterRole' has no attribute 'POSITIONING'
2025-04-25 02:01:18,488 - INFO - Processing Proffessor_01_standard.set
2025-04-25 02:01:18,488 - INFO - Processing Proffessor_01_standard.set
2025-04-25 02:01:18,489 - ERROR - Error processing C:\Users\nikol\AppData\Roaming\MetaQuotes\Terminal\4B1CE69F577705455263BD980C39A82C\MQL5\Profiles\Tester\Proffessor_01_standard.set: type object 'ParameterRole' has no attribute 'POSITIONING'
2025-04-25 02:01:18,490 - INFO - Processing PropFirmHelper_01_standard.set
2025-04-25 02:01:18,490 - INFO - Processing PropFirmHelper_01_standard.set
2025-04-25 02:01:18,492 - WARNING - Error processing group role_system: 'list' object has no attribute 'items'
2025-04-25 02:01:18,492 - ERROR - Error processing C:\Users\nikol\AppData\Roaming\MetaQuotes\Terminal\4B1CE69F577705455263BD980C39A82C\MQL5\Profiles\Tester\PropFirmHelper_01_standard.set: dictionary update sequence element #0 has length 3; 2 is required
2025-04-25 02:01:18,493 - INFO - Processing PROphet_01_standard.set
2025-04-25 02:01:18,493 - INFO - Processing PROphet_01_standard.set
2025-04-25 02:01:18,494 - ERROR - Error processing C:\Users\nikol\AppData\Roaming\MetaQuotes\Terminal\4B1CE69F577705455263BD980C39A82C\MQL5\Profiles\Tester\PROphet_01_standard.set: type object 'ParameterRole' has no attribute 'POSITIONING'
2025-04-25 02:01:18,494 - INFO - Processing Puria-method_01_standard.set
2025-04-25 02:01:18,495 - INFO - Processing Puria-method_01_standard.set
2025-04-25 02:01:18,496 - ERROR - Error processing C:\Users\nikol\AppData\Roaming\MetaQuotes\Terminal\4B1CE69F577705455263BD980C39A82C\MQL5\Profiles\Tester\Puria-method_01_standard.set: type object 'ParameterRole' has no attribute 'POSITIONING'
2025-04-25 02:01:18,496 - INFO - Processing Rabbit3_01_standard.set
2025-04-25 02:01:18,497 - INFO - Processing Rabbit3_01_standard.set
2025-04-25 02:01:18,498 - ERROR - Error processing C:\Users\nikol\AppData\Roaming\MetaQuotes\Terminal\4B1CE69F577705455263BD980C39A82C\MQL5\Profiles\Tester\Rabbit3_01_standard.set: type object 'ParameterRole' has no attribute 'POSITIONING'
2025-04-25 02:01:18,499 - INFO - Processing Range-Breakout_01_standard.set
2025-04-25 02:01:18,499 - INFO - Processing Range-Breakout_01_standard.set
2025-04-25 02:01:18,500 - WARNING - Error processing group role_system: 'list' object has no attribute 'items'
2025-04-25 02:01:18,500 - ERROR - Error processing C:\Users\nikol\AppData\Roaming\MetaQuotes\Terminal\4B1CE69F577705455263BD980C39A82C\MQL5\Profiles\Tester\Range-Breakout_01_standard.set: dictionary update sequence element #0 has length 20; 2 is required
2025-04-25 02:01:18,501 - INFO - Processing Rapid-Doji-EA_01_standard.set
2025-04-25 02:01:18,501 - INFO - Processing Rapid-Doji-EA_01_standard.set
2025-04-25 02:01:18,502 - ERROR - Error processing C:\Users\nikol\AppData\Roaming\MetaQuotes\Terminal\4B1CE69F577705455263BD980C39A82C\MQL5\Profiles\Tester\Rapid-Doji-EA_01_standard.set: type object 'ParameterRole' has no attribute 'POSITIONING'
2025-04-25 02:01:18,502 - INFO - Processing Raymond-Cloudy-Day-for-EA_01_standard.set
2025-04-25 02:01:18,503 - INFO - Processing Raymond-Cloudy-Day-for-EA_01_standard.set
2025-04-25 02:01:18,504 - WARNING - Error processing group role_system: 'list' object has no attribute 'items'
2025-04-25 02:01:18,505 - ERROR - Error processing C:\Users\nikol\AppData\Roaming\MetaQuotes\Terminal\4B1CE69F577705455263BD980C39A82C\MQL5\Profiles\Tester\Raymond-Cloudy-Day-for-EA_01_standard.set: dictionary update sequence element #0 has length 6; 2 is required
2025-04-25 02:01:18,505 - INFO - Processing Reflex-EA_01_standard.set
2025-04-25 02:01:18,506 - INFO - Processing Reflex-EA_01_standard.set
2025-04-25 02:01:18,507 - ERROR - Error processing C:\Users\nikol\AppData\Roaming\MetaQuotes\Terminal\4B1CE69F577705455263BD980C39A82C\MQL5\Profiles\Tester\Reflex-EA_01_standard.set: type object 'ParameterRole' has no attribute 'POSITIONING'
2025-04-25 02:01:18,507 - INFO - Processing REFLEX-INDICATOR_01_standard.set
2025-04-25 02:01:18,508 - INFO - Processing REFLEX-INDICATOR_01_standard.set
2025-04-25 02:01:18,509 - WARNING - Error processing group role_system: 'list' object has no attribute 'items'
2025-04-25 02:01:18,509 - ERROR - Error processing C:\Users\nikol\AppData\Roaming\MetaQuotes\Terminal\4B1CE69F577705455263BD980C39A82C\MQL5\Profiles\Tester\REFLEX-INDICATOR_01_standard.set: dictionary update sequence element #0 has length 7; 2 is required
2025-04-25 02:01:18,510 - INFO - Processing Reflex_01_standard.set
2025-04-25 02:01:18,511 - INFO - Processing Reflex_01_standard.set
2025-04-25 02:01:18,512 - WARNING - Error processing group role_technical: 'list' object has no attribute 'items'
2025-04-25 02:01:18,512 - ERROR - Error processing C:\Users\nikol\AppData\Roaming\MetaQuotes\Terminal\4B1CE69F577705455263BD980C39A82C\MQL5\Profiles\Tester\Reflex_01_standard.set: dictionary update sequence element #0 has length 16; 2 is required
2025-04-25 02:01:18,513 - INFO - Processing Reversing-Martingale_01_standard.set
2025-04-25 02:01:18,513 - INFO - Processing Reversing-Martingale_01_standard.set
2025-04-25 02:01:18,514 - WARNING - Error processing group role_system: 'list' object has no attribute 'items'
2025-04-25 02:01:18,514 - ERROR - Error processing C:\Users\nikol\AppData\Roaming\MetaQuotes\Terminal\4B1CE69F577705455263BD980C39A82C\MQL5\Profiles\Tester\Reversing-Martingale_01_standard.set: dictionary update sequence element #0 has length 21; 2 is required
2025-04-25 02:01:18,515 - INFO - Processing RideAlligator_01_standard.set
2025-04-25 02:01:18,515 - INFO - Processing RideAlligator_01_standard.set
2025-04-25 02:01:18,516 - WARNING - Error processing group role_technical: 'list' object has no attribute 'items'
2025-04-25 02:01:18,516 - ERROR - Error processing C:\Users\nikol\AppData\Roaming\MetaQuotes\Terminal\4B1CE69F577705455263BD980C39A82C\MQL5\Profiles\Tester\RideAlligator_01_standard.set: dictionary update sequence element #0 has length 16; 2 is required
2025-04-25 02:01:18,517 - INFO - Processing RNN_01_standard.set
2025-04-25 02:01:18,518 - INFO - Processing RNN_01_standard.set
2025-04-25 02:01:18,518 - ERROR - Error processing C:\Users\nikol\AppData\Roaming\MetaQuotes\Terminal\4B1CE69F577705455263BD980C39A82C\MQL5\Profiles\Tester\RNN_01_standard.set: type object 'ParameterRole' has no attribute 'POSITIONING'
2025-04-25 02:01:18,519 - INFO - Processing Robot-MACD_01_standard.set
2025-04-25 02:01:18,519 - INFO - Processing Robot-MACD_01_standard.set
2025-04-25 02:01:18,520 - ERROR - Error processing C:\Users\nikol\AppData\Roaming\MetaQuotes\Terminal\4B1CE69F577705455263BD980C39A82C\MQL5\Profiles\Tester\Robot-MACD_01_standard.set: type object 'ParameterRole' has no attribute 'POSITIONING'
2025-04-25 02:01:18,520 - INFO - Processing RobotPowerM5-meta4_01_standard.set
2025-04-25 02:01:18,521 - INFO - Processing RobotPowerM5-meta4_01_standard.set
2025-04-25 02:01:18,522 - ERROR - Error processing C:\Users\nikol\AppData\Roaming\MetaQuotes\Terminal\4B1CE69F577705455263BD980C39A82C\MQL5\Profiles\Tester\RobotPowerM5-meta4_01_standard.set: type object 'ParameterRole' has no attribute 'POSITIONING'
2025-04-25 02:01:18,522 - INFO - Processing Rollback-system_01_standard.set
2025-04-25 02:01:18,522 - INFO - Processing Rollback-system_01_standard.set
2025-04-25 02:01:18,523 - ERROR - Error processing C:\Users\nikol\AppData\Roaming\MetaQuotes\Terminal\4B1CE69F577705455263BD980C39A82C\MQL5\Profiles\Tester\Rollback-system_01_standard.set: type object 'ParameterRole' has no attribute 'POSITIONING'
2025-04-25 02:01:18,524 - INFO - Processing RSI EA v2_01_standard.set
2025-04-25 02:01:18,525 - INFO - Processing RSI EA v2_01_standard.set
2025-04-25 02:01:18,525 - ERROR - Error processing C:\Users\nikol\AppData\Roaming\MetaQuotes\Terminal\4B1CE69F577705455263BD980C39A82C\MQL5\Profiles\Tester\RSI EA v2_01_standard.set: type object 'ParameterRole' has no attribute 'POSITIONING'
2025-04-25 02:01:18,526 - INFO - Processing RSI-and-Bollinger-Bands_01_standard.set
2025-04-25 02:01:18,527 - INFO - Processing RSI-and-Bollinger-Bands_01_standard.set
2025-04-25 02:01:18,527 - ERROR - Error processing C:\Users\nikol\AppData\Roaming\MetaQuotes\Terminal\4B1CE69F577705455263BD980C39A82C\MQL5\Profiles\Tester\RSI-and-Bollinger-Bands_01_standard.set: type object 'ParameterRole' has no attribute 'POSITIONING'
2025-04-25 02:01:18,528 - INFO - Processing RSI-Arrow-EA_01_standard.set
2025-04-25 02:01:18,528 - INFO - Processing RSI-Arrow-EA_01_standard.set
2025-04-25 02:01:18,529 - ERROR - Error processing C:\Users\nikol\AppData\Roaming\MetaQuotes\Terminal\4B1CE69F577705455263BD980C39A82C\MQL5\Profiles\Tester\RSI-Arrow-EA_01_standard.set: type object 'ParameterRole' has no attribute 'POSITIONING'
2025-04-25 02:01:18,529 - INFO - Processing RSI-Arrow_01_standard.set
2025-04-25 02:01:18,530 - INFO - Processing RSI-Arrow_01_standard.set
2025-04-25 02:01:18,531 - ERROR - Error processing C:\Users\nikol\AppData\Roaming\MetaQuotes\Terminal\4B1CE69F577705455263BD980C39A82C\MQL5\Profiles\Tester\RSI-Arrow_01_standard.set: type object 'ParameterRole' has no attribute 'POSITIONING'
2025-04-25 02:01:18,532 - INFO - Processing RSI-EA_01_standard.set
2025-04-25 02:01:18,532 - INFO - Processing RSI-EA_01_standard.set
2025-04-25 02:01:18,533 - ERROR - Error processing C:\Users\nikol\AppData\Roaming\MetaQuotes\Terminal\4B1CE69F577705455263BD980C39A82C\MQL5\Profiles\Tester\RSI-EA_01_standard.set: type object 'ParameterRole' has no attribute 'POSITIONING'
2025-04-25 02:01:18,534 - INFO - Processing RSI-Eraser_01_standard.set
2025-04-25 02:01:18,534 - INFO - Processing RSI-Eraser_01_standard.set
2025-04-25 02:01:18,535 - ERROR - Error processing C:\Users\nikol\AppData\Roaming\MetaQuotes\Terminal\4B1CE69F577705455263BD980C39A82C\MQL5\Profiles\Tester\RSI-Eraser_01_standard.set: type object 'ParameterRole' has no attribute 'POSITIONING'
2025-04-25 02:01:18,535 - INFO - Processing RSI-Expert_01_standard.set
2025-04-25 02:01:18,535 - INFO - Processing RSI-Expert_01_standard.set
2025-04-25 02:01:18,536 - ERROR - Error processing C:\Users\nikol\AppData\Roaming\MetaQuotes\Terminal\4B1CE69F577705455263BD980C39A82C\MQL5\Profiles\Tester\RSI-Expert_01_standard.set: type object 'ParameterRole' has no attribute 'POSITIONING'
2025-04-25 02:01:18,537 - INFO - Processing RSI-Levels_01_standard.set
2025-04-25 02:01:18,537 - INFO - Processing RSI-Levels_01_standard.set
2025-04-25 02:01:18,538 - WARNING - Error processing group role_system: 'list' object has no attribute 'items'
2025-04-25 02:01:18,539 - ERROR - Error processing C:\Users\nikol\AppData\Roaming\MetaQuotes\Terminal\4B1CE69F577705455263BD980C39A82C\MQL5\Profiles\Tester\RSI-Levels_01_standard.set: dictionary update sequence element #0 has length 20; 2 is required
2025-04-25 02:01:18,540 - INFO - Processing RSI-trader_01_standard.set
2025-04-25 02:01:18,540 - INFO - Processing RSI-trader_01_standard.set
2025-04-25 02:01:18,541 - WARNING - Error processing group role_technical: 'list' object has no attribute 'items'
2025-04-25 02:01:18,542 - ERROR - Error processing C:\Users\nikol\AppData\Roaming\MetaQuotes\Terminal\4B1CE69F577705455263BD980C39A82C\MQL5\Profiles\Tester\RSI-trader_01_standard.set: dictionary update sequence element #0 has length 14; 2 is required
2025-04-25 02:01:18,542 - INFO - Processing RSI-Trend-EA_01_standard.set
2025-04-25 02:01:18,543 - INFO - Processing RSI-Trend-EA_01_standard.set
2025-04-25 02:01:18,543 - ERROR - Error processing C:\Users\nikol\AppData\Roaming\MetaQuotes\Terminal\4B1CE69F577705455263BD980C39A82C\MQL5\Profiles\Tester\RSI-Trend-EA_01_standard.set: type object 'ParameterRole' has no attribute 'POSITIONING'
2025-04-25 02:01:18,544 - INFO - Processing RSI-Trend_01_standard.set
2025-04-25 02:01:18,545 - INFO - Processing RSI-Trend_01_standard.set
2025-04-25 02:01:18,546 - ERROR - Error processing C:\Users\nikol\AppData\Roaming\MetaQuotes\Terminal\4B1CE69F577705455263BD980C39A82C\MQL5\Profiles\Tester\RSI-Trend_01_standard.set: type object 'ParameterRole' has no attribute 'POSITIONING'
2025-04-25 02:01:18,547 - INFO - Processing RSI-with-channels-EA_01_standard.set
2025-04-25 02:01:18,547 - INFO - Processing RSI-with-channels-EA_01_standard.set
2025-04-25 02:01:18,548 - ERROR - Error processing C:\Users\nikol\AppData\Roaming\MetaQuotes\Terminal\4B1CE69F577705455263BD980C39A82C\MQL5\Profiles\Tester\RSI-with-channels-EA_01_standard.set: type object 'ParameterRole' has no attribute 'POSITIONING'
2025-04-25 02:01:18,549 - INFO - Processing RSI-with-channels_01_standard.set
2025-04-25 02:01:18,549 - INFO - Processing RSI-with-channels_01_standard.set
2025-04-25 02:01:18,550 - ERROR - Error processing C:\Users\nikol\AppData\Roaming\MetaQuotes\Terminal\4B1CE69F577705455263BD980C39A82C\MQL5\Profiles\Tester\RSI-with-channels_01_standard.set: type object 'ParameterRole' has no attribute 'POSITIONING'
2025-04-25 02:01:18,550 - INFO - Processing RSI_Expert_v2.0_01_standard.set
2025-04-25 02:01:18,551 - INFO - Processing RSI_Expert_v2.0_01_standard.set
2025-04-25 02:01:18,552 - ERROR - Error processing C:\Users\nikol\AppData\Roaming\MetaQuotes\Terminal\4B1CE69F577705455263BD980C39A82C\MQL5\Profiles\Tester\RSI_Expert_v2.0_01_standard.set: type object 'ParameterRole' has no attribute 'POSITIONING'
2025-04-25 02:01:18,553 - INFO - Processing Russian20-hp1_01_standard.set
2025-04-25 02:01:18,553 - INFO - Processing Russian20-hp1_01_standard.set
2025-04-25 02:01:18,554 - ERROR - Error processing C:\Users\nikol\AppData\Roaming\MetaQuotes\Terminal\4B1CE69F577705455263BD980C39A82C\MQL5\Profiles\Tester\Russian20-hp1_01_standard.set: type object 'ParameterRole' has no attribute 'POSITIONING'
2025-04-25 02:01:18,555 - INFO - Processing SampleCheckPendingOrder_01_standard.set
2025-04-25 02:01:18,555 - INFO - Processing SampleCheckPendingOrder_01_standard.set
2025-04-25 02:01:18,556 - ERROR - Error processing C:\Users\nikol\AppData\Roaming\MetaQuotes\Terminal\4B1CE69F577705455263BD980C39A82C\MQL5\Profiles\Tester\SampleCheckPendingOrder_01_standard.set: type object 'ParameterRole' has no attribute 'POSITIONING'
2025-04-25 02:01:18,557 - INFO - Processing SampleTrailingstop-MT5_01_standard.set
2025-04-25 02:01:18,557 - INFO - Processing SampleTrailingstop-MT5_01_standard.set
2025-04-25 02:01:18,558 - ERROR - Error processing C:\Users\nikol\AppData\Roaming\MetaQuotes\Terminal\4B1CE69F577705455263BD980C39A82C\MQL5\Profiles\Tester\SampleTrailingstop-MT5_01_standard.set: type object 'ParameterRole' has no attribute 'POSITIONING'
2025-04-25 02:01:18,559 - INFO - Processing SAR-trading_01_standard.set
2025-04-25 02:01:18,560 - INFO - Processing SAR-trading_01_standard.set
2025-04-25 02:01:18,561 - ERROR - Error processing C:\Users\nikol\AppData\Roaming\MetaQuotes\Terminal\4B1CE69F577705455263BD980C39A82C\MQL5\Profiles\Tester\SAR-trading_01_standard.set: type object 'ParameterRole' has no attribute 'POSITIONING'
2025-04-25 02:01:18,561 - INFO - Processing Secwenta_01_standard.set
2025-04-25 02:01:18,562 - INFO - Processing Secwenta_01_standard.set
2025-04-25 02:01:18,563 - WARNING - Error processing group role_risk: 'list' object has no attribute 'items'
2025-04-25 02:01:18,563 - ERROR - Error processing C:\Users\nikol\AppData\Roaming\MetaQuotes\Terminal\4B1CE69F577705455263BD980C39A82C\MQL5\Profiles\Tester\Secwenta_01_standard.set: dictionary update sequence element #0 has length 8; 2 is required
2025-04-25 02:01:18,564 - INFO - Processing Sell-Stop_01_standard.set
2025-04-25 02:01:18,564 - INFO - Processing Sell-Stop_01_standard.set
2025-04-25 02:01:18,565 - ERROR - Error processing C:\Users\nikol\AppData\Roaming\MetaQuotes\Terminal\4B1CE69F577705455263BD980C39A82C\MQL5\Profiles\Tester\Sell-Stop_01_standard.set: type object 'ParameterRole' has no attribute 'POSITIONING'
2025-04-25 02:01:18,566 - INFO - Processing Sensitive_01_standard.set
2025-04-25 02:01:18,566 - INFO - Processing Sensitive_01_standard.set
2025-04-25 02:01:18,567 - ERROR - Error processing C:\Users\nikol\AppData\Roaming\MetaQuotes\Terminal\4B1CE69F577705455263BD980C39A82C\MQL5\Profiles\Tester\Sensitive_01_standard.set: type object 'ParameterRole' has no attribute 'POSITIONING'
2025-04-25 02:01:18,568 - INFO - Processing Separate-trade_01_standard.set
2025-04-25 02:01:18,568 - INFO - Processing Separate-trade_01_standard.set
2025-04-25 02:01:18,569 - ERROR - Error processing C:\Users\nikol\AppData\Roaming\MetaQuotes\Terminal\4B1CE69F577705455263BD980C39A82C\MQL5\Profiles\Tester\Separate-trade_01_standard.set: type object 'ParameterRole' has no attribute 'POSITIONING'
2025-04-25 02:01:18,570 - INFO - Processing SilverTrend_01_standard.set
2025-04-25 02:01:18,570 - INFO - Processing SilverTrend_01_standard.set
2025-04-25 02:01:18,571 - ERROR - Error processing C:\Users\nikol\AppData\Roaming\MetaQuotes\Terminal\4B1CE69F577705455263BD980C39A82C\MQL5\Profiles\Tester\SilverTrend_01_standard.set: type object 'ParameterRole' has no attribute 'POSITIONING'
2025-04-25 02:01:18,571 - INFO - Processing Simple-20Price-20Alert-20-20EA_01_standard.set
2025-04-25 02:01:18,572 - INFO - Processing Simple-20Price-20Alert-20-20EA_01_standard.set
2025-04-25 02:01:18,573 - ERROR - Error processing C:\Users\nikol\AppData\Roaming\MetaQuotes\Terminal\4B1CE69F577705455263BD980C39A82C\MQL5\Profiles\Tester\Simple-20Price-20Alert-20-20EA_01_standard.set: type object 'ParameterRole' has no attribute 'POSITIONING'
2025-04-25 02:01:18,574 - INFO - Processing Simple-20Volume-20EA_01_standard.set
2025-04-25 02:01:18,574 - INFO - Processing Simple-20Volume-20EA_01_standard.set
2025-04-25 02:01:18,575 - ERROR - Error processing C:\Users\nikol\AppData\Roaming\MetaQuotes\Terminal\4B1CE69F577705455263BD980C39A82C\MQL5\Profiles\Tester\Simple-20Volume-20EA_01_standard.set: type object 'ParameterRole' has no attribute 'POSITIONING'
2025-04-25 02:01:18,575 - INFO - Processing Simple-EA-MA-plus-MACD_01_standard.set
2025-04-25 02:01:18,576 - INFO - Processing Simple-EA-MA-plus-MACD_01_standard.set
2025-04-25 02:01:18,576 - ERROR - Error processing C:\Users\nikol\AppData\Roaming\MetaQuotes\Terminal\4B1CE69F577705455263BD980C39A82C\MQL5\Profiles\Tester\Simple-EA-MA-plus-MACD_01_standard.set: type object 'ParameterRole' has no attribute 'POSITIONING'
2025-04-25 02:01:18,577 - INFO - Processing Simple-FX_01_standard.set
2025-04-25 02:01:18,577 - INFO - Processing Simple-FX_01_standard.set
2025-04-25 02:01:18,578 - ERROR - Error processing C:\Users\nikol\AppData\Roaming\MetaQuotes\Terminal\4B1CE69F577705455263BD980C39A82C\MQL5\Profiles\Tester\Simple-FX_01_standard.set: type object 'ParameterRole' has no attribute 'POSITIONING'
2025-04-25 02:01:18,579 - INFO - Processing Simple-MACD_01_standard.set
2025-04-25 02:01:18,580 - INFO - Processing Simple-MACD_01_standard.set
2025-04-25 02:01:18,581 - WARNING - Error processing group role_risk: 'list' object has no attribute 'items'
2025-04-25 02:01:18,581 - ERROR - Error processing C:\Users\nikol\AppData\Roaming\MetaQuotes\Terminal\4B1CE69F577705455263BD980C39A82C\MQL5\Profiles\Tester\Simple-MACD_01_standard.set: dictionary update sequence element #0 has length 8; 2 is required
2025-04-25 02:01:18,582 - INFO - Processing Simple-Volume-EA_01_standard.set
2025-04-25 02:01:18,582 - INFO - Processing Simple-Volume-EA_01_standard.set
2025-04-25 02:01:18,583 - ERROR - Error processing C:\Users\nikol\AppData\Roaming\MetaQuotes\Terminal\4B1CE69F577705455263BD980C39A82C\MQL5\Profiles\Tester\Simple-Volume-EA_01_standard.set: type object 'ParameterRole' has no attribute 'POSITIONING'
2025-04-25 02:01:18,584 - INFO - Processing SimplePivot_01_standard.set
2025-04-25 02:01:18,584 - INFO - Processing SimplePivot_01_standard.set
2025-04-25 02:01:18,585 - WARNING - Error processing group role_risk: 'list' object has no attribute 'items'
2025-04-25 02:01:18,585 - ERROR - Error processing C:\Users\nikol\AppData\Roaming\MetaQuotes\Terminal\4B1CE69F577705455263BD980C39A82C\MQL5\Profiles\Tester\SimplePivot_01_standard.set: dictionary update sequence element #0 has length 8; 2 is required
2025-04-25 02:01:18,586 - INFO - Processing Simplest-Hedging-EA-ever_01_standard.set
2025-04-25 02:01:18,586 - INFO - Processing Simplest-Hedging-EA-ever_01_standard.set
2025-04-25 02:01:18,587 - ERROR - Error processing C:\Users\nikol\AppData\Roaming\MetaQuotes\Terminal\4B1CE69F577705455263BD980C39A82C\MQL5\Profiles\Tester\Simplest-Hedging-EA-ever_01_standard.set: type object 'ParameterRole' has no attribute 'POSITIONING'
2025-04-25 02:01:18,588 - INFO - Processing SimpleTrade _01_standard.set
2025-04-25 02:01:18,589 - INFO - Processing SimpleTrade _01_standard.set
2025-04-25 02:01:18,589 - ERROR - Error processing C:\Users\nikol\AppData\Roaming\MetaQuotes\Terminal\4B1CE69F577705455263BD980C39A82C\MQL5\Profiles\Tester\SimpleTrade _01_standard.set: type object 'ParameterRole' has no attribute 'POSITIONING'
2025-04-25 02:01:18,590 - INFO - Processing Six-Soldiers-EA-Grid_01_standard.set
2025-04-25 02:01:18,590 - INFO - Processing Six-Soldiers-EA-Grid_01_standard.set
2025-04-25 02:01:18,591 - ERROR - Error processing C:\Users\nikol\AppData\Roaming\MetaQuotes\Terminal\4B1CE69F577705455263BD980C39A82C\MQL5\Profiles\Tester\Six-Soldiers-EA-Grid_01_standard.set: type object 'ParameterRole' has no attribute 'POSITIONING'
2025-04-25 02:01:18,591 - INFO - Processing Six-Soldiers-EA_01_standard.set
2025-04-25 02:01:18,592 - INFO - Processing Six-Soldiers-EA_01_standard.set
2025-04-25 02:01:18,592 - ERROR - Error processing C:\Users\nikol\AppData\Roaming\MetaQuotes\Terminal\4B1CE69F577705455263BD980C39A82C\MQL5\Profiles\Tester\Six-Soldiers-EA_01_standard.set: type object 'ParameterRole' has no attribute 'POSITIONING'
2025-04-25 02:01:18,593 - INFO - Processing Six-Soldiers_01_standard.set
2025-04-25 02:01:18,594 - INFO - Processing Six-Soldiers_01_standard.set
2025-04-25 02:01:18,595 - WARNING - Error processing group role_system: 'list' object has no attribute 'items'
2025-04-25 02:01:18,595 - ERROR - Error processing C:\Users\nikol\AppData\Roaming\MetaQuotes\Terminal\4B1CE69F577705455263BD980C39A82C\MQL5\Profiles\Tester\Six-Soldiers_01_standard.set: dictionary update sequence element #0 has length 20; 2 is required
2025-04-25 02:01:18,596 - INFO - Processing Small-Inside-Bar-Strategy_01_standard.set
2025-04-25 02:01:18,596 - INFO - Processing Small-Inside-Bar-Strategy_01_standard.set
2025-04-25 02:01:18,597 - ERROR - Error processing C:\Users\nikol\AppData\Roaming\MetaQuotes\Terminal\4B1CE69F577705455263BD980C39A82C\MQL5\Profiles\Tester\Small-Inside-Bar-Strategy_01_standard.set: type object 'ParameterRole' has no attribute 'POSITIONING'
2025-04-25 02:01:18,598 - INFO - Processing Smart-Machine-20EA_01_standard.set
2025-04-25 02:01:18,598 - INFO - Processing Smart-Machine-20EA_01_standard.set
2025-04-25 02:01:18,599 - ERROR - Error processing C:\Users\nikol\AppData\Roaming\MetaQuotes\Terminal\4B1CE69F577705455263BD980C39A82C\MQL5\Profiles\Tester\Smart-Machine-20EA_01_standard.set: type object 'ParameterRole' has no attribute 'POSITIONING'
2025-04-25 02:01:18,599 - INFO - Processing Smoothing-Average_01_standard.set
2025-04-25 02:01:18,600 - INFO - Processing Smoothing-Average_01_standard.set
2025-04-25 02:01:18,601 - ERROR - Error processing C:\Users\nikol\AppData\Roaming\MetaQuotes\Terminal\4B1CE69F577705455263BD980C39A82C\MQL5\Profiles\Tester\Smoothing-Average_01_standard.set: type object 'ParameterRole' has no attribute 'POSITIONING'
2025-04-25 02:01:18,602 - INFO - Processing Spasm_01_standard.set
2025-04-25 02:01:18,602 - INFO - Processing Spasm_01_standard.set
2025-04-25 02:01:18,603 - ERROR - Error processing C:\Users\nikol\AppData\Roaming\MetaQuotes\Terminal\4B1CE69F577705455263BD980C39A82C\MQL5\Profiles\Tester\Spasm_01_standard.set: type object 'ParameterRole' has no attribute 'POSITIONING'
2025-04-25 02:01:18,603 - INFO - Processing Sprd-mt5-20EA_01_standard.set
2025-04-25 02:01:18,604 - INFO - Processing Sprd-mt5-20EA_01_standard.set
2025-04-25 02:01:18,605 - ERROR - Error processing C:\Users\nikol\AppData\Roaming\MetaQuotes\Terminal\4B1CE69F577705455263BD980C39A82C\MQL5\Profiles\Tester\Sprd-mt5-20EA_01_standard.set: type object 'ParameterRole' has no attribute 'POSITIONING'
2025-04-25 02:01:18,605 - INFO - Processing ssb5-123_01_standard.set
2025-04-25 02:01:18,605 - INFO - Processing ssb5-123_01_standard.set
2025-04-25 02:01:18,606 - ERROR - Error processing C:\Users\nikol\AppData\Roaming\MetaQuotes\Terminal\4B1CE69F577705455263BD980C39A82C\MQL5\Profiles\Tester\ssb5-123_01_standard.set: type object 'ParameterRole' has no attribute 'POSITIONING'
2025-04-25 02:01:18,607 - INFO - Processing Starter_01_standard.set
2025-04-25 02:01:18,607 - INFO - Processing Starter_01_standard.set
2025-04-25 02:01:18,608 - ERROR - Error processing C:\Users\nikol\AppData\Roaming\MetaQuotes\Terminal\4B1CE69F577705455263BD980C39A82C\MQL5\Profiles\Tester\Starter_01_standard.set: type object 'ParameterRole' has no attribute 'POSITIONING'
2025-04-25 02:01:18,609 - INFO - Processing Steve-Cartwright-Trader-Camel-CCI-MACD_01_standard.set
2025-04-25 02:01:18,609 - INFO - Processing Steve-Cartwright-Trader-Camel-CCI-MACD_01_standard.set
2025-04-25 02:01:18,610 - ERROR - Error processing C:\Users\nikol\AppData\Roaming\MetaQuotes\Terminal\4B1CE69F577705455263BD980C39A82C\MQL5\Profiles\Tester\Steve-Cartwright-Trader-Camel-CCI-MACD_01_standard.set: type object 'ParameterRole' has no attribute 'POSITIONING'
2025-04-25 02:01:18,611 - INFO - Processing Stoch-EA-1192_01_standard.set
2025-04-25 02:01:18,611 - INFO - Processing Stoch-EA-1192_01_standard.set
2025-04-25 02:01:18,612 - ERROR - Error processing C:\Users\nikol\AppData\Roaming\MetaQuotes\Terminal\4B1CE69F577705455263BD980C39A82C\MQL5\Profiles\Tester\Stoch-EA-1192_01_standard.set: type object 'ParameterRole' has no attribute 'POSITIONING'
2025-04-25 02:01:18,612 - INFO - Processing Stochastic-20Alert_01_standard.set
2025-04-25 02:01:18,612 - INFO - Processing Stochastic-20Alert_01_standard.set
2025-04-25 02:01:18,613 - ERROR - Error processing C:\Users\nikol\AppData\Roaming\MetaQuotes\Terminal\4B1CE69F577705455263BD980C39A82C\MQL5\Profiles\Tester\Stochastic-20Alert_01_standard.set: type object 'ParameterRole' has no attribute 'POSITIONING'
2025-04-25 02:01:18,614 - INFO - Processing Stochastic-K-Divergence.lua_01_standard.set
2025-04-25 02:01:18,614 - INFO - Processing Stochastic-K-Divergence.lua_01_standard.set
2025-04-25 02:01:18,615 - ERROR - Error processing C:\Users\nikol\AppData\Roaming\MetaQuotes\Terminal\4B1CE69F577705455263BD980C39A82C\MQL5\Profiles\Tester\Stochastic-K-Divergence.lua_01_standard.set: type object 'ParameterRole' has no attribute 'POSITIONING'
2025-04-25 02:01:18,616 - INFO - Processing stochastic-three-periods_01_standard.set
2025-04-25 02:01:18,616 - INFO - Processing stochastic-three-periods_01_standard.set
2025-04-25 02:01:18,617 - ERROR - Error processing C:\Users\nikol\AppData\Roaming\MetaQuotes\Terminal\4B1CE69F577705455263BD980C39A82C\MQL5\Profiles\Tester\stochastic-three-periods_01_standard.set: type object 'ParameterRole' has no attribute 'POSITIONING'
2025-04-25 02:01:18,617 - INFO - Processing StochasticDiffSign-EA_01_standard.set
2025-04-25 02:01:18,618 - INFO - Processing StochasticDiffSign-EA_01_standard.set
2025-04-25 02:01:18,618 - ERROR - Error processing C:\Users\nikol\AppData\Roaming\MetaQuotes\Terminal\4B1CE69F577705455263BD980C39A82C\MQL5\Profiles\Tester\StochasticDiffSign-EA_01_standard.set: type object 'ParameterRole' has no attribute 'POSITIONING'
2025-04-25 02:01:18,619 - INFO - Processing stochasticdiffsign_01_standard.set
2025-04-25 02:01:18,619 - INFO - Processing stochasticdiffsign_01_standard.set
2025-04-25 02:01:18,620 - ERROR - Error processing C:\Users\nikol\AppData\Roaming\MetaQuotes\Terminal\4B1CE69F577705455263BD980C39A82C\MQL5\Profiles\Tester\stochasticdiffsign_01_standard.set: type object 'ParameterRole' has no attribute 'POSITIONING'
2025-04-25 02:01:18,620 - INFO - Processing StochMA-EA_01_standard.set
2025-04-25 02:01:18,621 - INFO - Processing StochMA-EA_01_standard.set
2025-04-25 02:01:18,622 - ERROR - Error processing C:\Users\nikol\AppData\Roaming\MetaQuotes\Terminal\4B1CE69F577705455263BD980C39A82C\MQL5\Profiles\Tester\StochMA-EA_01_standard.set: type object 'ParameterRole' has no attribute 'POSITIONING'
2025-04-25 02:01:18,623 - INFO - Processing StochMA_01_standard.set
2025-04-25 02:01:18,623 - INFO - Processing StochMA_01_standard.set
2025-04-25 02:01:18,624 - ERROR - Error processing C:\Users\nikol\AppData\Roaming\MetaQuotes\Terminal\4B1CE69F577705455263BD980C39A82C\MQL5\Profiles\Tester\StochMA_01_standard.set: type object 'ParameterRole' has no attribute 'POSITIONING'
2025-04-25 02:01:18,624 - INFO - Processing Stoch_01_standard.set
2025-04-25 02:01:18,625 - INFO - Processing Stoch_01_standard.set
2025-04-25 02:01:18,625 - ERROR - Error processing C:\Users\nikol\AppData\Roaming\MetaQuotes\Terminal\4B1CE69F577705455263BD980C39A82C\MQL5\Profiles\Tester\Stoch_01_standard.set: type object 'ParameterRole' has no attribute 'POSITIONING'
2025-04-25 02:01:18,626 - INFO - Processing Stop-Loss-Take-Profit_01_standard.set
2025-04-25 02:01:18,626 - INFO - Processing Stop-Loss-Take-Profit_01_standard.set
2025-04-25 02:01:18,626 - ERROR - Error processing C:\Users\nikol\AppData\Roaming\MetaQuotes\Terminal\4B1CE69F577705455263BD980C39A82C\MQL5\Profiles\Tester\Stop-Loss-Take-Profit_01_standard.set: type object 'ParameterRole' has no attribute 'POSITIONING'
2025-04-25 02:01:18,627 - INFO - Processing StraddleqTrail_01_standard.set
2025-04-25 02:01:18,628 - INFO - Processing StraddleqTrail_01_standard.set
2025-04-25 02:01:18,629 - ERROR - Error processing C:\Users\nikol\AppData\Roaming\MetaQuotes\Terminal\4B1CE69F577705455263BD980C39A82C\MQL5\Profiles\Tester\StraddleqTrail_01_standard.set: type object 'ParameterRole' has no attribute 'POSITIONING'
2025-04-25 02:01:18,629 - INFO - Processing Surefirething_01_standard.set
2025-04-25 02:01:18,630 - INFO - Processing Surefirething_01_standard.set
2025-04-25 02:01:18,631 - ERROR - Error processing C:\Users\nikol\AppData\Roaming\MetaQuotes\Terminal\4B1CE69F577705455263BD980C39A82C\MQL5\Profiles\Tester\Surefirething_01_standard.set: type object 'ParameterRole' has no attribute 'POSITIONING'
2025-04-25 02:01:18,631 - INFO - Processing TDSGlobal_01_standard.set
2025-04-25 02:01:18,632 - INFO - Processing TDSGlobal_01_standard.set
2025-04-25 02:01:18,632 - ERROR - Error processing C:\Users\nikol\AppData\Roaming\MetaQuotes\Terminal\4B1CE69F577705455263BD980C39A82C\MQL5\Profiles\Tester\TDSGlobal_01_standard.set: type object 'ParameterRole' has no attribute 'POSITIONING'
2025-04-25 02:01:18,633 - INFO - Processing The-MasterMind-2_01_standard.set
2025-04-25 02:01:18,633 - INFO - Processing The-MasterMind-2_01_standard.set
2025-04-25 02:01:18,634 - ERROR - Error processing C:\Users\nikol\AppData\Roaming\MetaQuotes\Terminal\4B1CE69F577705455263BD980C39A82C\MQL5\Profiles\Tester\The-MasterMind-2_01_standard.set: type object 'ParameterRole' has no attribute 'POSITIONING'
2025-04-25 02:01:18,634 - INFO - Processing The-MasterMind-3_01_standard.set
2025-04-25 02:01:18,635 - INFO - Processing The-MasterMind-3_01_standard.set
2025-04-25 02:01:18,636 - ERROR - Error processing C:\Users\nikol\AppData\Roaming\MetaQuotes\Terminal\4B1CE69F577705455263BD980C39A82C\MQL5\Profiles\Tester\The-MasterMind-3_01_standard.set: type object 'ParameterRole' has no attribute 'POSITIONING'
2025-04-25 02:01:18,636 - INFO - Processing The-MasterMind_01_standard.set
2025-04-25 02:01:18,637 - INFO - Processing The-MasterMind_01_standard.set
2025-04-25 02:01:18,638 - ERROR - Error processing C:\Users\nikol\AppData\Roaming\MetaQuotes\Terminal\4B1CE69F577705455263BD980C39A82C\MQL5\Profiles\Tester\The-MasterMind_01_standard.set: type object 'ParameterRole' has no attribute 'POSITIONING'
2025-04-25 02:01:18,638 - INFO - Processing The-Puncher_01_standard.set
2025-04-25 02:01:18,639 - INFO - Processing The-Puncher_01_standard.set
2025-04-25 02:01:18,639 - ERROR - Error processing C:\Users\nikol\AppData\Roaming\MetaQuotes\Terminal\4B1CE69F577705455263BD980C39A82C\MQL5\Profiles\Tester\The-Puncher_01_standard.set: type object 'ParameterRole' has no attribute 'POSITIONING'
2025-04-25 02:01:18,639 - INFO - Processing TheClassicTurtleTrader-no-dots-EA_01_standard.set
2025-04-25 02:01:18,640 - INFO - Processing TheClassicTurtleTrader-no-dots-EA_01_standard.set
2025-04-25 02:01:18,640 - ERROR - Error processing C:\Users\nikol\AppData\Roaming\MetaQuotes\Terminal\4B1CE69F577705455263BD980C39A82C\MQL5\Profiles\Tester\TheClassicTurtleTrader-no-dots-EA_01_standard.set: type object 'ParameterRole' has no attribute 'POSITIONING'
2025-04-25 02:01:18,641 - INFO - Processing TheClassicTurtleTrader-no-dots_01_standard.set
2025-04-25 02:01:18,641 - INFO - Processing TheClassicTurtleTrader-no-dots_01_standard.set
2025-04-25 02:01:18,642 - ERROR - Error processing C:\Users\nikol\AppData\Roaming\MetaQuotes\Terminal\4B1CE69F577705455263BD980C39A82C\MQL5\Profiles\Tester\TheClassicTurtleTrader-no-dots_01_standard.set: type object 'ParameterRole' has no attribute 'POSITIONING'
2025-04-25 02:01:18,643 - INFO - Processing Three-indicators_01_standard.set
2025-04-25 02:01:18,644 - INFO - Processing Three-indicators_01_standard.set
2025-04-25 02:01:18,644 - ERROR - Error processing C:\Users\nikol\AppData\Roaming\MetaQuotes\Terminal\4B1CE69F577705455263BD980C39A82C\MQL5\Profiles\Tester\Three-indicators_01_standard.set: type object 'ParameterRole' has no attribute 'POSITIONING'
2025-04-25 02:01:18,645 - INFO - Processing Three-neural-networks_01_standard.set
2025-04-25 02:01:18,645 - INFO - Processing Three-neural-networks_01_standard.set
2025-04-25 02:01:18,646 - ERROR - Error processing C:\Users\nikol\AppData\Roaming\MetaQuotes\Terminal\4B1CE69F577705455263BD980C39A82C\MQL5\Profiles\Tester\Three-neural-networks_01_standard.set: type object 'ParameterRole' has no attribute 'POSITIONING'
2025-04-25 02:01:18,646 - INFO - Processing Three-timeframes_01_standard.set
2025-04-25 02:01:18,647 - INFO - Processing Three-timeframes_01_standard.set
2025-04-25 02:01:18,647 - ERROR - Error processing C:\Users\nikol\AppData\Roaming\MetaQuotes\Terminal\4B1CE69F577705455263BD980C39A82C\MQL5\Profiles\Tester\Three-timeframes_01_standard.set: type object 'ParameterRole' has no attribute 'POSITIONING'
2025-04-25 02:01:18,648 - INFO - Processing Three-Typical-Candles_01_standard.set
2025-04-25 02:01:18,648 - INFO - Processing Three-Typical-Candles_01_standard.set
2025-04-25 02:01:18,649 - WARNING - Error processing group role_risk: 'list' object has no attribute 'items'
2025-04-25 02:01:18,650 - ERROR - Error processing C:\Users\nikol\AppData\Roaming\MetaQuotes\Terminal\4B1CE69F577705455263BD980C39A82C\MQL5\Profiles\Tester\Three-Typical-Candles_01_standard.set: dictionary update sequence element #0 has length 13; 2 is required
2025-04-25 02:01:18,651 - INFO - Processing Time-sync-forts_01_standard.set
2025-04-25 02:01:18,651 - INFO - Processing Time-sync-forts_01_standard.set
2025-04-25 02:01:18,652 - WARNING - Error processing group role_system: 'list' object has no attribute 'items'
2025-04-25 02:01:18,652 - ERROR - Error processing C:\Users\nikol\AppData\Roaming\MetaQuotes\Terminal\4B1CE69F577705455263BD980C39A82C\MQL5\Profiles\Tester\Time-sync-forts_01_standard.set: dictionary update sequence element #0 has length 9; 2 is required
2025-04-25 02:01:18,653 - INFO - Processing timer-trade_01_standard.set
2025-04-25 02:01:18,653 - INFO - Processing timer-trade_01_standard.set
2025-04-25 02:01:18,654 - ERROR - Error processing C:\Users\nikol\AppData\Roaming\MetaQuotes\Terminal\4B1CE69F577705455263BD980C39A82C\MQL5\Profiles\Tester\timer-trade_01_standard.set: type object 'ParameterRole' has no attribute 'POSITIONING'
2025-04-25 02:01:18,654 - INFO - Processing TMA-ATR-Channel_01_standard.set
2025-04-25 02:01:18,654 - INFO - Processing TMA-ATR-Channel_01_standard.set
2025-04-25 02:01:18,655 - ERROR - Error processing C:\Users\nikol\AppData\Roaming\MetaQuotes\Terminal\4B1CE69F577705455263BD980C39A82C\MQL5\Profiles\Tester\TMA-ATR-Channel_01_standard.set: type object 'ParameterRole' has no attribute 'POSITIONING'
2025-04-25 02:01:18,656 - INFO - Processing TMA-ATR-EA_01_standard.set
2025-04-25 02:01:18,656 - INFO - Processing TMA-ATR-EA_01_standard.set
2025-04-25 02:01:18,657 - ERROR - Error processing C:\Users\nikol\AppData\Roaming\MetaQuotes\Terminal\4B1CE69F577705455263BD980C39A82C\MQL5\Profiles\Tester\TMA-ATR-EA_01_standard.set: type object 'ParameterRole' has no attribute 'POSITIONING'
2025-04-25 02:01:18,658 - INFO - Processing TMA-CG-EA_01_standard.set
2025-04-25 02:01:18,658 - INFO - Processing TMA-CG-EA_01_standard.set
2025-04-25 02:01:18,659 - ERROR - Error processing C:\Users\nikol\AppData\Roaming\MetaQuotes\Terminal\4B1CE69F577705455263BD980C39A82C\MQL5\Profiles\Tester\TMA-CG-EA_01_standard.set: type object 'ParameterRole' has no attribute 'POSITIONING'
2025-04-25 02:01:18,660 - INFO - Processing TMA-CG-Martingale-20EA_01_standard.set
2025-04-25 02:01:18,660 - INFO - Processing TMA-CG-Martingale-20EA_01_standard.set
2025-04-25 02:01:18,661 - ERROR - Error processing C:\Users\nikol\AppData\Roaming\MetaQuotes\Terminal\4B1CE69F577705455263BD980C39A82C\MQL5\Profiles\Tester\TMA-CG-Martingale-20EA_01_standard.set: type object 'ParameterRole' has no attribute 'POSITIONING'
2025-04-25 02:01:18,661 - INFO - Processing TMA-CG-mladen_01_standard.set
2025-04-25 02:01:18,661 - INFO - Processing TMA-CG-mladen_01_standard.set
2025-04-25 02:01:18,662 - ERROR - Error processing C:\Users\nikol\AppData\Roaming\MetaQuotes\Terminal\4B1CE69F577705455263BD980C39A82C\MQL5\Profiles\Tester\TMA-CG-mladen_01_standard.set: type object 'ParameterRole' has no attribute 'POSITIONING'
2025-04-25 02:01:18,663 - INFO - Processing TMA-CG-special_01_standard.set
2025-04-25 02:01:18,664 - INFO - Processing TMA-CG-special_01_standard.set
2025-04-25 02:01:18,665 - ERROR - Error processing C:\Users\nikol\AppData\Roaming\MetaQuotes\Terminal\4B1CE69F577705455263BD980C39A82C\MQL5\Profiles\Tester\TMA-CG-special_01_standard.set: type object 'ParameterRole' has no attribute 'POSITIONING'
2025-04-25 02:01:18,665 - INFO - Processing TMA-slope-bands_01_standard.set
2025-04-25 02:01:18,665 - INFO - Processing TMA-slope-bands_01_standard.set
2025-04-25 02:01:18,666 - ERROR - Error processing C:\Users\nikol\AppData\Roaming\MetaQuotes\Terminal\4B1CE69F577705455263BD980C39A82C\MQL5\Profiles\Tester\TMA-slope-bands_01_standard.set: type object 'ParameterRole' has no attribute 'POSITIONING'
2025-04-25 02:01:18,666 - INFO - Processing TmaTrue-2.0-with-Distances-6xx_01_standard.set
2025-04-25 02:01:18,667 - INFO - Processing TmaTrue-2.0-with-Distances-6xx_01_standard.set
2025-04-25 02:01:18,667 - ERROR - Error processing C:\Users\nikol\AppData\Roaming\MetaQuotes\Terminal\4B1CE69F577705455263BD980C39A82C\MQL5\Profiles\Tester\TmaTrue-2.0-with-Distances-6xx_01_standard.set: type object 'ParameterRole' has no attribute 'POSITIONING'
2025-04-25 02:01:18,668 - INFO - Processing TmaTrue-3.0-with-Distances-6xx_01_standard.set
2025-04-25 02:01:18,668 - INFO - Processing TmaTrue-3.0-with-Distances-6xx_01_standard.set
2025-04-25 02:01:18,669 - ERROR - Error processing C:\Users\nikol\AppData\Roaming\MetaQuotes\Terminal\4B1CE69F577705455263BD980C39A82C\MQL5\Profiles\Tester\TmaTrue-3.0-with-Distances-6xx_01_standard.set: type object 'ParameterRole' has no attribute 'POSITIONING'
2025-04-25 02:01:18,669 - INFO - Processing TP-with-money_01_standard.set
2025-04-25 02:01:18,670 - INFO - Processing TP-with-money_01_standard.set
2025-04-25 02:01:18,671 - ERROR - Error processing C:\Users\nikol\AppData\Roaming\MetaQuotes\Terminal\4B1CE69F577705455263BD980C39A82C\MQL5\Profiles\Tester\TP-with-money_01_standard.set: type object 'ParameterRole' has no attribute 'POSITIONING'
2025-04-25 02:01:18,671 - INFO - Processing Trade-in-Channel_01_standard.set
2025-04-25 02:01:18,672 - INFO - Processing Trade-in-Channel_01_standard.set
2025-04-25 02:01:18,672 - ERROR - Error processing C:\Users\nikol\AppData\Roaming\MetaQuotes\Terminal\4B1CE69F577705455263BD980C39A82C\MQL5\Profiles\Tester\Trade-in-Channel_01_standard.set: type object 'ParameterRole' has no attribute 'POSITIONING'
2025-04-25 02:01:18,673 - INFO - Processing Trade-on-qualified-RSI_01_standard.set
2025-04-25 02:01:18,673 - INFO - Processing Trade-on-qualified-RSI_01_standard.set
2025-04-25 02:01:18,674 - ERROR - Error processing C:\Users\nikol\AppData\Roaming\MetaQuotes\Terminal\4B1CE69F577705455263BD980C39A82C\MQL5\Profiles\Tester\Trade-on-qualified-RSI_01_standard.set: type object 'ParameterRole' has no attribute 'POSITIONING'
2025-04-25 02:01:18,674 - INFO - Processing Trading-Breakout-MrThanhTan_01_standard.set
2025-04-25 02:01:18,674 - INFO - Processing Trading-Breakout-MrThanhTan_01_standard.set
2025-04-25 02:01:18,675 - ERROR - Error processing C:\Users\nikol\AppData\Roaming\MetaQuotes\Terminal\4B1CE69F577705455263BD980C39A82C\MQL5\Profiles\Tester\Trading-Breakout-MrThanhTan_01_standard.set: type object 'ParameterRole' has no attribute 'POSITIONING'
2025-04-25 02:01:18,675 - INFO - Processing Trend-Trader-Strategy-EA_01_standard.set
2025-04-25 02:01:18,676 - INFO - Processing Trend-Trader-Strategy-EA_01_standard.set
2025-04-25 02:01:18,677 - ERROR - Error processing C:\Users\nikol\AppData\Roaming\MetaQuotes\Terminal\4B1CE69F577705455263BD980C39A82C\MQL5\Profiles\Tester\Trend-Trader-Strategy-EA_01_standard.set: type object 'ParameterRole' has no attribute 'POSITIONING'
2025-04-25 02:01:18,678 - INFO - Processing Trend-Trader-Strategy_01_standard.set
2025-04-25 02:01:18,678 - INFO - Processing Trend-Trader-Strategy_01_standard.set
2025-04-25 02:01:18,679 - WARNING - Error processing group role_system: 'list' object has no attribute 'items'
2025-04-25 02:01:18,679 - ERROR - Error processing C:\Users\nikol\AppData\Roaming\MetaQuotes\Terminal\4B1CE69F577705455263BD980C39A82C\MQL5\Profiles\Tester\Trend-Trader-Strategy_01_standard.set: dictionary update sequence element #0 has length 11; 2 is required
2025-04-25 02:01:18,680 - INFO - Processing Tru-EA_01_standard.set
2025-04-25 02:01:18,680 - INFO - Processing Tru-EA_01_standard.set
2025-04-25 02:01:18,681 - ERROR - Error processing C:\Users\nikol\AppData\Roaming\MetaQuotes\Terminal\4B1CE69F577705455263BD980C39A82C\MQL5\Profiles\Tester\Tru-EA_01_standard.set: type object 'ParameterRole' has no attribute 'POSITIONING'
2025-04-25 02:01:18,681 - INFO - Processing True-Scalper-Profit-Lock_01_standard.set
2025-04-25 02:01:18,681 - INFO - Processing True-Scalper-Profit-Lock_01_standard.set
2025-04-25 02:01:18,682 - ERROR - Error processing C:\Users\nikol\AppData\Roaming\MetaQuotes\Terminal\4B1CE69F577705455263BD980C39A82C\MQL5\Profiles\Tester\True-Scalper-Profit-Lock_01_standard.set: type object 'ParameterRole' has no attribute 'POSITIONING'
2025-04-25 02:01:18,682 - INFO - Processing TrueSort-1100_01_standard.set
2025-04-25 02:01:18,683 - INFO - Processing TrueSort-1100_01_standard.set
2025-04-25 02:01:18,684 - ERROR - Error processing C:\Users\nikol\AppData\Roaming\MetaQuotes\Terminal\4B1CE69F577705455263BD980C39A82C\MQL5\Profiles\Tester\TrueSort-1100_01_standard.set: type object 'ParameterRole' has no attribute 'POSITIONING'
2025-04-25 02:01:18,685 - INFO - Processing Tunnel-gen4_01_standard.set
2025-04-25 02:01:18,685 - INFO - Processing Tunnel-gen4_01_standard.set
2025-04-25 02:01:18,686 - WARNING - Error processing group role_risk: 'list' object has no attribute 'items'
2025-04-25 02:01:18,686 - ERROR - Error processing C:\Users\nikol\AppData\Roaming\MetaQuotes\Terminal\4B1CE69F577705455263BD980C39A82C\MQL5\Profiles\Tester\Tunnel-gen4_01_standard.set: dictionary update sequence element #0 has length 8; 2 is required
2025-04-25 02:01:18,686 - INFO - Processing Tunnel-Method_01_standard.set
2025-04-25 02:01:18,687 - INFO - Processing Tunnel-Method_01_standard.set
2025-04-25 02:01:18,687 - ERROR - Error processing C:\Users\nikol\AppData\Roaming\MetaQuotes\Terminal\4B1CE69F577705455263BD980C39A82C\MQL5\Profiles\Tester\Tunnel-Method_01_standard.set: type object 'ParameterRole' has no attribute 'POSITIONING'
2025-04-25 02:01:18,688 - INFO - Processing TurnGrid_01_standard.set
2025-04-25 02:01:18,688 - INFO - Processing TurnGrid_01_standard.set
2025-04-25 02:01:18,689 - ERROR - Error processing C:\Users\nikol\AppData\Roaming\MetaQuotes\Terminal\4B1CE69F577705455263BD980C39A82C\MQL5\Profiles\Tester\TurnGrid_01_standard.set: type object 'ParameterRole' has no attribute 'POSITIONING'
2025-04-25 02:01:18,689 - INFO - Processing Two PerBar _01_standard.set
2025-04-25 02:01:18,690 - INFO - Processing Two PerBar _01_standard.set
2025-04-25 02:01:18,691 - ERROR - Error processing C:\Users\nikol\AppData\Roaming\MetaQuotes\Terminal\4B1CE69F577705455263BD980C39A82C\MQL5\Profiles\Tester\Two PerBar _01_standard.set: type object 'ParameterRole' has no attribute 'POSITIONING'
2025-04-25 02:01:18,692 - INFO - Processing Two-20MA-20RSI-20ADX-20EA_01_standard.set
2025-04-25 02:01:18,692 - INFO - Processing Two-20MA-20RSI-20ADX-20EA_01_standard.set
2025-04-25 02:01:18,693 - ERROR - Error processing C:\Users\nikol\AppData\Roaming\MetaQuotes\Terminal\4B1CE69F577705455263BD980C39A82C\MQL5\Profiles\Tester\Two-20MA-20RSI-20ADX-20EA_01_standard.set: type object 'ParameterRole' has no attribute 'POSITIONING'
2025-04-25 02:01:18,694 - INFO - Processing Two-20Orders-20Panel_01_standard.set
2025-04-25 02:01:18,694 - INFO - Processing Two-20Orders-20Panel_01_standard.set
2025-04-25 02:01:18,695 - WARNING - Error processing group role_risk: 'list' object has no attribute 'items'
2025-04-25 02:01:18,695 - ERROR - Error processing C:\Users\nikol\AppData\Roaming\MetaQuotes\Terminal\4B1CE69F577705455263BD980C39A82C\MQL5\Profiles\Tester\Two-20Orders-20Panel_01_standard.set: dictionary update sequence element #0 has length 6; 2 is required
2025-04-25 02:01:18,695 - INFO - Processing Two-pending-orders-2_01_standard.set
2025-04-25 02:01:18,696 - INFO - Processing Two-pending-orders-2_01_standard.set
2025-04-25 02:01:18,697 - ERROR - Error processing C:\Users\nikol\AppData\Roaming\MetaQuotes\Terminal\4B1CE69F577705455263BD980C39A82C\MQL5\Profiles\Tester\Two-pending-orders-2_01_standard.set: type object 'ParameterRole' has no attribute 'POSITIONING'
2025-04-25 02:01:18,697 - INFO - Processing UnityPro_01_standard.set
2025-04-25 02:01:18,698 - INFO - Processing UnityPro_01_standard.set
2025-04-25 02:01:18,699 - ERROR - Error processing C:\Users\nikol\AppData\Roaming\MetaQuotes\Terminal\4B1CE69F577705455263BD980C39A82C\MQL5\Profiles\Tester\UnityPro_01_standard.set: type object 'ParameterRole' has no attribute 'POSITIONING'
2025-04-25 02:01:18,700 - INFO - Processing UniversalMACrossEA_01_standard.set
2025-04-25 02:01:18,700 - INFO - Processing UniversalMACrossEA_01_standard.set
2025-04-25 02:01:18,701 - ERROR - Error processing C:\Users\nikol\AppData\Roaming\MetaQuotes\Terminal\4B1CE69F577705455263BD980C39A82C\MQL5\Profiles\Tester\UniversalMACrossEA_01_standard.set: type object 'ParameterRole' has no attribute 'POSITIONING'
2025-04-25 02:01:18,701 - INFO - Processing UniversalSignalDemo_01_standard.set
2025-04-25 02:01:18,701 - INFO - Processing UniversalSignalDemo_01_standard.set
2025-04-25 02:01:18,702 - ERROR - Error processing C:\Users\nikol\AppData\Roaming\MetaQuotes\Terminal\4B1CE69F577705455263BD980C39A82C\MQL5\Profiles\Tester\UniversalSignalDemo_01_standard.set: type object 'ParameterRole' has no attribute 'POSITIONING'
2025-04-25 02:01:18,702 - INFO - Processing Universum-3.0_01_standard.set
2025-04-25 02:01:18,703 - INFO - Processing Universum-3.0_01_standard.set
2025-04-25 02:01:18,703 - ERROR - Error processing C:\Users\nikol\AppData\Roaming\MetaQuotes\Terminal\4B1CE69F577705455263BD980C39A82C\MQL5\Profiles\Tester\Universum-3.0_01_standard.set: type object 'ParameterRole' has no attribute 'POSITIONING'
2025-04-25 02:01:18,704 - INFO - Processing UnNomGuai-20EA_01_standard.set
2025-04-25 02:01:18,705 - INFO - Processing UnNomGuai-20EA_01_standard.set
2025-04-25 02:01:18,706 - ERROR - Error processing C:\Users\nikol\AppData\Roaming\MetaQuotes\Terminal\4B1CE69F577705455263BD980C39A82C\MQL5\Profiles\Tester\UnNomGuai-20EA_01_standard.set: type object 'ParameterRole' has no attribute 'POSITIONING'
2025-04-25 02:01:18,706 - INFO - Processing up3x1-Investor_01_standard.set
2025-04-25 02:01:18,707 - INFO - Processing up3x1-Investor_01_standard.set
2025-04-25 02:01:18,707 - ERROR - Error processing C:\Users\nikol\AppData\Roaming\MetaQuotes\Terminal\4B1CE69F577705455263BD980C39A82C\MQL5\Profiles\Tester\up3x1-Investor_01_standard.set: type object 'ParameterRole' has no attribute 'POSITIONING'
2025-04-25 02:01:18,708 - INFO - Processing up3x1-premium-M_01_standard.set
2025-04-25 02:01:18,708 - INFO - Processing up3x1-premium-M_01_standard.set
2025-04-25 02:01:18,709 - ERROR - Error processing C:\Users\nikol\AppData\Roaming\MetaQuotes\Terminal\4B1CE69F577705455263BD980C39A82C\MQL5\Profiles\Tester\up3x1-premium-M_01_standard.set: type object 'ParameterRole' has no attribute 'POSITIONING'
2025-04-25 02:01:18,709 - INFO - Processing up3x1_01_standard.set
2025-04-25 02:01:18,709 - INFO - Processing up3x1_01_standard.set
2025-04-25 02:01:18,710 - ERROR - Error processing C:\Users\nikol\AppData\Roaming\MetaQuotes\Terminal\4B1CE69F577705455263BD980C39A82C\MQL5\Profiles\Tester\up3x1_01_standard.set: type object 'ParameterRole' has no attribute 'POSITIONING'
2025-04-25 02:01:18,710 - INFO - Processing Urdala-Trol_01_standard.set
2025-04-25 02:01:18,711 - INFO - Processing Urdala-Trol_01_standard.set
2025-04-25 02:01:18,712 - ERROR - Error processing C:\Users\nikol\AppData\Roaming\MetaQuotes\Terminal\4B1CE69F577705455263BD980C39A82C\MQL5\Profiles\Tester\Urdala-Trol_01_standard.set: type object 'ParameterRole' has no attribute 'POSITIONING'
2025-04-25 02:01:18,713 - INFO - Processing Very-Blonde-System_01_standard.set
2025-04-25 02:01:18,713 - INFO - Processing Very-Blonde-System_01_standard.set
2025-04-25 02:01:18,714 - WARNING - Error processing group role_system: 'list' object has no attribute 'items'
2025-04-25 02:01:18,714 - ERROR - Error processing C:\Users\nikol\AppData\Roaming\MetaQuotes\Terminal\4B1CE69F577705455263BD980C39A82C\MQL5\Profiles\Tester\Very-Blonde-System_01_standard.set: dictionary update sequence element #0 has length 10; 2 is required
2025-04-25 02:01:18,715 - INFO - Processing Virtual-Trailing-Stop_01_standard.set
2025-04-25 02:01:18,715 - INFO - Processing Virtual-Trailing-Stop_01_standard.set
2025-04-25 02:01:18,716 - ERROR - Error processing C:\Users\nikol\AppData\Roaming\MetaQuotes\Terminal\4B1CE69F577705455263BD980C39A82C\MQL5\Profiles\Tester\Virtual-Trailing-Stop_01_standard.set: type object 'ParameterRole' has no attribute 'POSITIONING'
2025-04-25 02:01:18,716 - INFO - Processing VLT-TRADER_01_standard.set
2025-04-25 02:01:18,716 - INFO - Processing VLT-TRADER_01_standard.set
2025-04-25 02:01:18,717 - ERROR - Error processing C:\Users\nikol\AppData\Roaming\MetaQuotes\Terminal\4B1CE69F577705455263BD980C39A82C\MQL5\Profiles\Tester\VLT-TRADER_01_standard.set: type object 'ParameterRole' has no attribute 'POSITIONING'
2025-04-25 02:01:18,717 - INFO - Processing Volume-trader_01_standard.set
2025-04-25 02:01:18,718 - INFO - Processing Volume-trader_01_standard.set
2025-04-25 02:01:18,719 - WARNING - Error processing group role_risk: 'list' object has no attribute 'items'
2025-04-25 02:01:18,720 - ERROR - Error processing C:\Users\nikol\AppData\Roaming\MetaQuotes\Terminal\4B1CE69F577705455263BD980C39A82C\MQL5\Profiles\Tester\Volume-trader_01_standard.set: dictionary update sequence element #0 has length 8; 2 is required
2025-04-25 02:01:18,720 - INFO - Processing Vortex-Indicator-System_01_standard.set
2025-04-25 02:01:18,721 - INFO - Processing Vortex-Indicator-System_01_standard.set
2025-04-25 02:01:18,721 - WARNING - Error processing group role_system: 'list' object has no attribute 'items'
2025-04-25 02:01:18,722 - ERROR - Error processing C:\Users\nikol\AppData\Roaming\MetaQuotes\Terminal\4B1CE69F577705455263BD980C39A82C\MQL5\Profiles\Tester\Vortex-Indicator-System_01_standard.set: dictionary update sequence element #0 has length 10; 2 is required
2025-04-25 02:01:18,722 - INFO - Processing VR-Overturn_01_standard.set
2025-04-25 02:01:18,722 - INFO - Processing VR-Overturn_01_standard.set
2025-04-25 02:01:18,723 - ERROR - Error processing C:\Users\nikol\AppData\Roaming\MetaQuotes\Terminal\4B1CE69F577705455263BD980C39A82C\MQL5\Profiles\Tester\VR-Overturn_01_standard.set: type object 'ParameterRole' has no attribute 'POSITIONING'
2025-04-25 02:01:18,723 - INFO - Processing VR-ZVER-v.2_01_standard.set
2025-04-25 02:01:18,724 - INFO - Processing VR-ZVER-v.2_01_standard.set
2025-04-25 02:01:18,724 - ERROR - Error processing C:\Users\nikol\AppData\Roaming\MetaQuotes\Terminal\4B1CE69F577705455263BD980C39A82C\MQL5\Profiles\Tester\VR-ZVER-v.2_01_standard.set: type object 'ParameterRole' has no attribute 'POSITIONING'
2025-04-25 02:01:18,725 - INFO - Processing VR-ZVER_01_standard.set
2025-04-25 02:01:18,726 - INFO - Processing VR-ZVER_01_standard.set
2025-04-25 02:01:18,727 - ERROR - Error processing C:\Users\nikol\AppData\Roaming\MetaQuotes\Terminal\4B1CE69F577705455263BD980C39A82C\MQL5\Profiles\Tester\VR-ZVER_01_standard.set: type object 'ParameterRole' has no attribute 'POSITIONING'
2025-04-25 02:01:18,727 - INFO - Processing VZO_01_standard.set
2025-04-25 02:01:18,728 - INFO - Processing VZO_01_standard.set
2025-04-25 02:01:18,728 - WARNING - Error processing group role_system: 'list' object has no attribute 'items'
2025-04-25 02:01:18,729 - ERROR - Error processing C:\Users\nikol\AppData\Roaming\MetaQuotes\Terminal\4B1CE69F577705455263BD980C39A82C\MQL5\Profiles\Tester\VZO_01_standard.set: dictionary update sequence element #0 has length 11; 2 is required
2025-04-25 02:01:18,729 - INFO - Processing Waddah-Attar-Win_01_standard.set
2025-04-25 02:01:18,729 - INFO - Processing Waddah-Attar-Win_01_standard.set
2025-04-25 02:01:18,730 - ERROR - Error processing C:\Users\nikol\AppData\Roaming\MetaQuotes\Terminal\4B1CE69F577705455263BD980C39A82C\MQL5\Profiles\Tester\Waddah-Attar-Win_01_standard.set: type object 'ParameterRole' has no attribute 'POSITIONING'
2025-04-25 02:01:18,730 - INFO - Processing WE-TRUST_01_standard.set
2025-04-25 02:01:18,731 - INFO - Processing WE-TRUST_01_standard.set
2025-04-25 02:01:18,731 - ERROR - Error processing C:\Users\nikol\AppData\Roaming\MetaQuotes\Terminal\4B1CE69F577705455263BD980C39A82C\MQL5\Profiles\Tester\WE-TRUST_01_standard.set: type object 'ParameterRole' has no attribute 'POSITIONING'
2025-04-25 02:01:18,732 - INFO - Processing X-RSIOMA_01_standard.set
2025-04-25 02:01:18,733 - INFO - Processing X-RSIOMA_01_standard.set
2025-04-25 02:01:18,734 - ERROR - Error processing C:\Users\nikol\AppData\Roaming\MetaQuotes\Terminal\4B1CE69F577705455263BD980C39A82C\MQL5\Profiles\Tester\X-RSIOMA_01_standard.set: type object 'ParameterRole' has no attribute 'POSITIONING'
2025-04-25 02:01:18,735 - INFO - Processing Yesterday-Today_01_standard.set
2025-04-25 02:01:18,735 - INFO - Processing Yesterday-Today_01_standard.set
2025-04-25 02:01:18,736 - ERROR - Error processing C:\Users\nikol\AppData\Roaming\MetaQuotes\Terminal\4B1CE69F577705455263BD980C39A82C\MQL5\Profiles\Tester\Yesterday-Today_01_standard.set: type object 'ParameterRole' has no attribute 'POSITIONING'
2025-04-25 02:01:18,736 - INFO - 
Processing Summary:
2025-04-25 02:01:18,736 - INFO - Total files: 482
2025-04-25 02:01:18,737 - INFO - Successfully processed: 0
2025-04-25 02:01:18,737 - INFO - Failed: 482
2025-04-25 02:01:18,737 - INFO - Skipped: 0
2025-04-25 02:01:37,766 - INFO - Found 482 .set files to process
2025-04-25 02:01:37,767 - INFO - Processing 10-pips-EURUSD_01_standard.set
2025-04-25 02:01:37,767 - INFO - Processing 10-pips-EURUSD_01_standard.set
2025-04-25 02:01:37,768 - ERROR - Error processing C:\Users\nikol\AppData\Roaming\MetaQuotes\Terminal\4B1CE69F577705455263BD980C39A82C\MQL5\Profiles\Tester\10-pips-EURUSD_01_standard.set: type object 'ParameterRole' has no attribute 'POSITIONING'
2025-04-25 02:01:37,769 - INFO - Processing 10-pips_01_standard.set
2025-04-25 02:01:37,769 - INFO - Processing 10-pips_01_standard.set
2025-04-25 02:01:37,770 - ERROR - Error processing C:\Users\nikol\AppData\Roaming\MetaQuotes\Terminal\4B1CE69F577705455263BD980C39A82C\MQL5\Profiles\Tester\10-pips_01_standard.set: type object 'ParameterRole' has no attribute 'POSITIONING'
2025-04-25 02:01:37,771 - INFO - Processing 1H-EUR-USD_01_standard.set
2025-04-25 02:01:37,771 - INFO - Processing 1H-EUR-USD_01_standard.set
2025-04-25 02:01:37,772 - ERROR - Error processing C:\Users\nikol\AppData\Roaming\MetaQuotes\Terminal\4B1CE69F577705455263BD980C39A82C\MQL5\Profiles\Tester\1H-EUR-USD_01_standard.set: type object 'ParameterRole' has no attribute 'POSITIONING'
2025-04-25 02:01:37,772 - INFO - Processing 20011201-GBPUSD-M1_01_standard.set
2025-04-25 02:01:37,773 - INFO - Processing 20011201-GBPUSD-M1_01_standard.set
2025-04-25 02:01:37,773 - ERROR - Error processing C:\Users\nikol\AppData\Roaming\MetaQuotes\Terminal\4B1CE69F577705455263BD980C39A82C\MQL5\Profiles\Tester\20011201-GBPUSD-M1_01_standard.set: type object 'ParameterRole' has no attribute 'POSITIONING'
2025-04-25 02:01:37,774 - INFO - Processing 21hour_01_standard.set
2025-04-25 02:01:37,774 - INFO - Processing 21hour_01_standard.set
2025-04-25 02:01:37,775 - ERROR - Error processing C:\Users\nikol\AppData\Roaming\MetaQuotes\Terminal\4B1CE69F577705455263BD980C39A82C\MQL5\Profiles\Tester\21hour_01_standard.set: type object 'ParameterRole' has no attribute 'POSITIONING'
2025-04-25 02:01:37,775 - INFO - Processing 2HR-HL_01_standard.set
2025-04-25 02:01:37,776 - INFO - Processing 2HR-HL_01_standard.set
2025-04-25 02:01:37,776 - ERROR - Error processing C:\Users\nikol\AppData\Roaming\MetaQuotes\Terminal\4B1CE69F577705455263BD980C39A82C\MQL5\Profiles\Tester\2HR-HL_01_standard.set: type object 'ParameterRole' has no attribute 'POSITIONING'
2025-04-25 02:01:37,777 - INFO - Processing 2MA-4Level_01_standard.set
2025-04-25 02:01:37,777 - INFO - Processing 2MA-4Level_01_standard.set
2025-04-25 02:01:37,778 - ERROR - Error processing C:\Users\nikol\AppData\Roaming\MetaQuotes\Terminal\4B1CE69F577705455263BD980C39A82C\MQL5\Profiles\Tester\2MA-4Level_01_standard.set: type object 'ParameterRole' has no attribute 'POSITIONING'
2025-04-25 02:01:37,779 - INFO - Processing 2MA-Bunny-Cross_01_standard.set
2025-04-25 02:01:37,779 - INFO - Processing 2MA-Bunny-Cross_01_standard.set
2025-04-25 02:01:37,780 - WARNING - Error processing group role_risk: 'list' object has no attribute 'items'
2025-04-25 02:01:37,780 - ERROR - Error processing C:\Users\nikol\AppData\Roaming\MetaQuotes\Terminal\4B1CE69F577705455263BD980C39A82C\MQL5\Profiles\Tester\2MA-Bunny-Cross_01_standard.set: dictionary update sequence element #0 has length 8; 2 is required
2025-04-25 02:01:37,781 - INFO - Processing 3-bars-high-low-indicator_01_standard.set
2025-04-25 02:01:37,781 - INFO - Processing 3-bars-high-low-indicator_01_standard.set
2025-04-25 02:01:37,782 - WARNING - Error processing group role_technical: 'list' object has no attribute 'items'
2025-04-25 02:01:37,782 - ERROR - Error processing C:\Users\nikol\AppData\Roaming\MetaQuotes\Terminal\4B1CE69F577705455263BD980C39A82C\MQL5\Profiles\Tester\3-bars-high-low-indicator_01_standard.set: dictionary update sequence element #0 has length 7; 2 is required
2025-04-25 02:01:37,782 - INFO - Processing 35-Pip-Scalper_01_standard.set
2025-04-25 02:01:37,783 - INFO - Processing 35-Pip-Scalper_01_standard.set
2025-04-25 02:01:37,784 - ERROR - Error processing C:\Users\nikol\AppData\Roaming\MetaQuotes\Terminal\4B1CE69F577705455263BD980C39A82C\MQL5\Profiles\Tester\35-Pip-Scalper_01_standard.set: type object 'ParameterRole' has no attribute 'POSITIONING'
2025-04-25 02:01:37,785 - INFO - Processing 3BarsHighLowEA_01_standard.set
2025-04-25 02:01:37,785 - INFO - Processing 3BarsHighLowEA_01_standard.set
2025-04-25 02:01:37,786 - ERROR - Error processing C:\Users\nikol\AppData\Roaming\MetaQuotes\Terminal\4B1CE69F577705455263BD980C39A82C\MQL5\Profiles\Tester\3BarsHighLowEA_01_standard.set: type object 'ParameterRole' has no attribute 'POSITIONING'
2025-04-25 02:01:37,786 - INFO - Processing 3sma_01_standard.set
2025-04-25 02:01:37,787 - INFO - Processing 3sma_01_standard.set
2025-04-25 02:01:37,788 - ERROR - Error processing C:\Users\nikol\AppData\Roaming\MetaQuotes\Terminal\4B1CE69F577705455263BD980C39A82C\MQL5\Profiles\Tester\3sma_01_standard.set: type object 'ParameterRole' has no attribute 'POSITIONING'
2025-04-25 02:01:37,788 - INFO - Processing 500_01_standard.set
2025-04-25 02:01:37,789 - INFO - Processing 500_01_standard.set
2025-04-25 02:01:37,790 - WARNING - Error processing group role_risk: 'list' object has no attribute 'items'
2025-04-25 02:01:37,790 - ERROR - Error processing C:\Users\nikol\AppData\Roaming\MetaQuotes\Terminal\4B1CE69F577705455263BD980C39A82C\MQL5\Profiles\Tester\500_01_standard.set: dictionary update sequence element #0 has length 14; 2 is required
2025-04-25 02:01:37,791 - INFO - Processing 55-MA_01_standard.set
2025-04-25 02:01:37,791 - INFO - Processing 55-MA_01_standard.set
2025-04-25 02:01:37,792 - ERROR - Error processing C:\Users\nikol\AppData\Roaming\MetaQuotes\Terminal\4B1CE69F577705455263BD980C39A82C\MQL5\Profiles\Tester\55-MA_01_standard.set: type object 'ParameterRole' has no attribute 'POSITIONING'
2025-04-25 02:01:37,792 - INFO - Processing Above-Below-MA_01_standard.set
2025-04-25 02:01:37,793 - INFO - Processing Above-Below-MA_01_standard.set
2025-04-25 02:01:37,793 - ERROR - Error processing C:\Users\nikol\AppData\Roaming\MetaQuotes\Terminal\4B1CE69F577705455263BD980C39A82C\MQL5\Profiles\Tester\Above-Below-MA_01_standard.set: type object 'ParameterRole' has no attribute 'POSITIONING'
2025-04-25 02:01:37,794 - INFO - Processing Absorption_01_standard.set
2025-04-25 02:01:37,794 - INFO - Processing Absorption_01_standard.set
2025-04-25 02:01:37,795 - ERROR - Error processing C:\Users\nikol\AppData\Roaming\MetaQuotes\Terminal\4B1CE69F577705455263BD980C39A82C\MQL5\Profiles\Tester\Absorption_01_standard.set: type object 'ParameterRole' has no attribute 'POSITIONING'
2025-04-25 02:01:37,795 - INFO - Processing ADX-MACD-Deev_01_standard.set
2025-04-25 02:01:37,796 - INFO - Processing ADX-MACD-Deev_01_standard.set
2025-04-25 02:01:37,797 - ERROR - Error processing C:\Users\nikol\AppData\Roaming\MetaQuotes\Terminal\4B1CE69F577705455263BD980C39A82C\MQL5\Profiles\Tester\ADX-MACD-Deev_01_standard.set: type object 'ParameterRole' has no attribute 'POSITIONING'
2025-04-25 02:01:37,797 - INFO - Processing ADX-MA_01_standard.set
2025-04-25 02:01:37,798 - INFO - Processing ADX-MA_01_standard.set
2025-04-25 02:01:37,798 - ERROR - Error processing C:\Users\nikol\AppData\Roaming\MetaQuotes\Terminal\4B1CE69F577705455263BD980C39A82C\MQL5\Profiles\Tester\ADX-MA_01_standard.set: type object 'ParameterRole' has no attribute 'POSITIONING'
2025-04-25 02:01:37,799 - INFO - Processing ADX-System_01_standard.set
2025-04-25 02:01:37,799 - INFO - Processing ADX-System_01_standard.set
2025-04-25 02:01:37,800 - ERROR - Error processing C:\Users\nikol\AppData\Roaming\MetaQuotes\Terminal\4B1CE69F577705455263BD980C39A82C\MQL5\Profiles\Tester\ADX-System_01_standard.set: type object 'ParameterRole' has no attribute 'POSITIONING'
2025-04-25 02:01:37,800 - INFO - Processing AIS1_01_standard.set
2025-04-25 02:01:37,801 - INFO - Processing AIS1_01_standard.set
2025-04-25 02:01:37,802 - ERROR - Error processing C:\Users\nikol\AppData\Roaming\MetaQuotes\Terminal\4B1CE69F577705455263BD980C39A82C\MQL5\Profiles\Tester\AIS1_01_standard.set: type object 'ParameterRole' has no attribute 'POSITIONING'
2025-04-25 02:01:37,802 - INFO - Processing AK-47-Scalper-EA-MT5_01_standard.set
2025-04-25 02:01:37,802 - INFO - Processing AK-47-Scalper-EA-MT5_01_standard.set
2025-04-25 02:01:37,803 - ERROR - Error processing C:\Users\nikol\AppData\Roaming\MetaQuotes\Terminal\4B1CE69F577705455263BD980C39A82C\MQL5\Profiles\Tester\AK-47-Scalper-EA-MT5_01_standard.set: type object 'ParameterRole' has no attribute 'POSITIONING'
2025-04-25 02:01:37,804 - INFO - Processing AK-47-Scalper-EA-yoforexPremium-MT5_01_standard.set
2025-04-25 02:01:37,804 - INFO - Processing AK-47-Scalper-EA-yoforexPremium-MT5_01_standard.set
2025-04-25 02:01:37,805 - ERROR - Error processing C:\Users\nikol\AppData\Roaming\MetaQuotes\Terminal\4B1CE69F577705455263BD980C39A82C\MQL5\Profiles\Tester\AK-47-Scalper-EA-yoforexPremium-MT5_01_standard.set: type object 'ParameterRole' has no attribute 'POSITIONING'
2025-04-25 02:01:37,805 - INFO - Processing Alexav-D1-Profit-GBPUSD_01_standard.set
2025-04-25 02:01:37,806 - INFO - Processing Alexav-D1-Profit-GBPUSD_01_standard.set
2025-04-25 02:01:37,807 - ERROR - Error processing C:\Users\nikol\AppData\Roaming\MetaQuotes\Terminal\4B1CE69F577705455263BD980C39A82C\MQL5\Profiles\Tester\Alexav-D1-Profit-GBPUSD_01_standard.set: type object 'ParameterRole' has no attribute 'POSITIONING'
2025-04-25 02:01:37,807 - INFO - Processing All-Average-Ea_01_standard.set
2025-04-25 02:01:37,807 - INFO - Processing All-Average-Ea_01_standard.set
2025-04-25 02:01:37,808 - ERROR - Error processing C:\Users\nikol\AppData\Roaming\MetaQuotes\Terminal\4B1CE69F577705455263BD980C39A82C\MQL5\Profiles\Tester\All-Average-Ea_01_standard.set: type object 'ParameterRole' has no attribute 'POSITIONING'
2025-04-25 02:01:37,809 - INFO - Processing Alligator-Simple_01_standard.set
2025-04-25 02:01:37,809 - INFO - Processing Alligator-Simple_01_standard.set
2025-04-25 02:01:37,809 - ERROR - Error processing C:\Users\nikol\AppData\Roaming\MetaQuotes\Terminal\4B1CE69F577705455263BD980C39A82C\MQL5\Profiles\Tester\Alligator-Simple_01_standard.set: type object 'ParameterRole' has no attribute 'POSITIONING'
2025-04-25 02:01:37,810 - INFO - Processing Alligator_01_standard.set
2025-04-25 02:01:37,810 - INFO - Processing Alligator_01_standard.set
2025-04-25 02:01:37,811 - ERROR - Error processing C:\Users\nikol\AppData\Roaming\MetaQuotes\Terminal\4B1CE69F577705455263BD980C39A82C\MQL5\Profiles\Tester\Alligator_01_standard.set: type object 'ParameterRole' has no attribute 'POSITIONING'
2025-04-25 02:01:37,812 - INFO - Processing Altarius-RSI-Stohastic_01_standard.set
2025-04-25 02:01:37,812 - INFO - Processing Altarius-RSI-Stohastic_01_standard.set
2025-04-25 02:01:37,813 - WARNING - Error processing group role_risk: 'list' object has no attribute 'items'
2025-04-25 02:01:37,813 - ERROR - Error processing C:\Users\nikol\AppData\Roaming\MetaQuotes\Terminal\4B1CE69F577705455263BD980C39A82C\MQL5\Profiles\Tester\Altarius-RSI-Stohastic_01_standard.set: dictionary update sequence element #0 has length 5; 2 is required
2025-04-25 02:01:37,814 - INFO - Processing AMA-Trader-2_01_standard.set
2025-04-25 02:01:37,814 - INFO - Processing AMA-Trader-2_01_standard.set
2025-04-25 02:01:37,815 - ERROR - Error processing C:\Users\nikol\AppData\Roaming\MetaQuotes\Terminal\4B1CE69F577705455263BD980C39A82C\MQL5\Profiles\Tester\AMA-Trader-2_01_standard.set: type object 'ParameterRole' has no attribute 'POSITIONING'
2025-04-25 02:01:37,815 - INFO - Processing AMA-Trader_01_standard.set
2025-04-25 02:01:37,816 - INFO - Processing AMA-Trader_01_standard.set
2025-04-25 02:01:37,816 - ERROR - Error processing C:\Users\nikol\AppData\Roaming\MetaQuotes\Terminal\4B1CE69F577705455263BD980C39A82C\MQL5\Profiles\Tester\AMA-Trader_01_standard.set: type object 'ParameterRole' has no attribute 'POSITIONING'
2025-04-25 02:01:37,817 - INFO - Processing AO-Lightning_01_standard.set
2025-04-25 02:01:37,817 - INFO - Processing AO-Lightning_01_standard.set
2025-04-25 02:01:37,818 - ERROR - Error processing C:\Users\nikol\AppData\Roaming\MetaQuotes\Terminal\4B1CE69F577705455263BD980C39A82C\MQL5\Profiles\Tester\AO-Lightning_01_standard.set: type object 'ParameterRole' has no attribute 'POSITIONING'
2025-04-25 02:01:37,818 - INFO - Processing AOCCI_01_standard.set
2025-04-25 02:01:37,819 - INFO - Processing AOCCI_01_standard.set
2025-04-25 02:01:37,820 - ERROR - Error processing C:\Users\nikol\AppData\Roaming\MetaQuotes\Terminal\4B1CE69F577705455263BD980C39A82C\MQL5\Profiles\Tester\AOCCI_01_standard.set: type object 'ParameterRole' has no attribute 'POSITIONING'
2025-04-25 02:01:37,820 - INFO - Processing Arbitrage_01_standard.set
2025-04-25 02:01:37,821 - INFO - Processing Arbitrage_01_standard.set
2025-04-25 02:01:37,821 - WARNING - Error processing group role_risk: 'list' object has no attribute 'items'
2025-04-25 02:01:37,822 - ERROR - Error processing C:\Users\nikol\AppData\Roaming\MetaQuotes\Terminal\4B1CE69F577705455263BD980C39A82C\MQL5\Profiles\Tester\Arbitrage_01_standard.set: dictionary update sequence element #0 has length 22; 2 is required
2025-04-25 02:01:37,822 - INFO - Processing ArbSint_01_standard.set
2025-04-25 02:01:37,823 - INFO - Processing ArbSint_01_standard.set
2025-04-25 02:01:37,823 - WARNING - Error processing group role_system: 'list' object has no attribute 'items'
2025-04-25 02:01:37,824 - ERROR - Error processing C:\Users\nikol\AppData\Roaming\MetaQuotes\Terminal\4B1CE69F577705455263BD980C39A82C\MQL5\Profiles\Tester\ArbSint_01_standard.set: dictionary update sequence element #0 has length 7; 2 is required
2025-04-25 02:01:37,824 - INFO - Processing Area-MACD_01_standard.set
2025-04-25 02:01:37,824 - INFO - Processing Area-MACD_01_standard.set
2025-04-25 02:01:37,825 - ERROR - Error processing C:\Users\nikol\AppData\Roaming\MetaQuotes\Terminal\4B1CE69F577705455263BD980C39A82C\MQL5\Profiles\Tester\Area-MACD_01_standard.set: type object 'ParameterRole' has no attribute 'POSITIONING'
2025-04-25 02:01:37,826 - INFO - Processing Artificial-Intelligence_01_standard.set
2025-04-25 02:01:37,826 - INFO - Processing Artificial-Intelligence_01_standard.set
2025-04-25 02:01:37,827 - ERROR - Error processing C:\Users\nikol\AppData\Roaming\MetaQuotes\Terminal\4B1CE69F577705455263BD980C39A82C\MQL5\Profiles\Tester\Artificial-Intelligence_01_standard.set: type object 'ParameterRole' has no attribute 'POSITIONING'
2025-04-25 02:01:37,828 - INFO - Processing At-random-Full_01_standard.set
2025-04-25 02:01:37,828 - INFO - Processing At-random-Full_01_standard.set
2025-04-25 02:01:37,829 - ERROR - Error processing C:\Users\nikol\AppData\Roaming\MetaQuotes\Terminal\4B1CE69F577705455263BD980C39A82C\MQL5\Profiles\Tester\At-random-Full_01_standard.set: type object 'ParameterRole' has no attribute 'POSITIONING'
2025-04-25 02:01:37,829 - INFO - Processing At-random_01_standard.set
2025-04-25 02:01:37,830 - INFO - Processing At-random_01_standard.set
2025-04-25 02:01:37,830 - WARNING - Error processing group role_technical: 'list' object has no attribute 'items'
2025-04-25 02:01:37,831 - ERROR - Error processing C:\Users\nikol\AppData\Roaming\MetaQuotes\Terminal\4B1CE69F577705455263BD980C39A82C\MQL5\Profiles\Tester\At-random_01_standard.set: dictionary update sequence element #0 has length 17; 2 is required
2025-04-25 02:01:37,831 - INFO - Processing Auto-ADX_01_standard.set
2025-04-25 02:01:37,832 - INFO - Processing Auto-ADX_01_standard.set
2025-04-25 02:01:37,833 - ERROR - Error processing C:\Users\nikol\AppData\Roaming\MetaQuotes\Terminal\4B1CE69F577705455263BD980C39A82C\MQL5\Profiles\Tester\Auto-ADX_01_standard.set: type object 'ParameterRole' has no attribute 'POSITIONING'
2025-04-25 02:01:37,833 - INFO - Processing Auto-Pivot-Plotter-28Mid-Levels-29-41_01_standard.set
2025-04-25 02:01:37,834 - INFO - Processing Auto-Pivot-Plotter-28Mid-Levels-29-41_01_standard.set
2025-04-25 02:01:37,834 - WARNING - Error processing group role_system: 'list' object has no attribute 'items'
2025-04-25 02:01:37,835 - ERROR - Error processing C:\Users\nikol\AppData\Roaming\MetaQuotes\Terminal\4B1CE69F577705455263BD980C39A82C\MQL5\Profiles\Tester\Auto-Pivot-Plotter-28Mid-Levels-29-41_01_standard.set: dictionary update sequence element #0 has length 10; 2 is required
2025-04-25 02:01:37,835 - INFO - Processing AutoLock-EA_01_standard.set
2025-04-25 02:01:37,836 - INFO - Processing AutoLock-EA_01_standard.set
2025-04-25 02:01:37,836 - ERROR - Error processing C:\Users\nikol\AppData\Roaming\MetaQuotes\Terminal\4B1CE69F577705455263BD980C39A82C\MQL5\Profiles\Tester\AutoLock-EA_01_standard.set: type object 'ParameterRole' has no attribute 'POSITIONING'
2025-04-25 02:01:37,837 - INFO - Processing Autotrader-Momentum_01_standard.set
2025-04-25 02:01:37,838 - INFO - Processing Autotrader-Momentum_01_standard.set
2025-04-25 02:01:37,838 - ERROR - Error processing C:\Users\nikol\AppData\Roaming\MetaQuotes\Terminal\4B1CE69F577705455263BD980C39A82C\MQL5\Profiles\Tester\Autotrader-Momentum_01_standard.set: type object 'ParameterRole' has no attribute 'POSITIONING'
2025-04-25 02:01:37,839 - INFO - Processing Avalanche-AV_01_standard.set
2025-04-25 02:01:37,839 - INFO - Processing Avalanche-AV_01_standard.set
2025-04-25 02:01:37,840 - ERROR - Error processing C:\Users\nikol\AppData\Roaming\MetaQuotes\Terminal\4B1CE69F577705455263BD980C39A82C\MQL5\Profiles\Tester\Avalanche-AV_01_standard.set: type object 'ParameterRole' has no attribute 'POSITIONING'
2025-04-25 02:01:37,841 - INFO - Processing Backbone_01_standard.set
2025-04-25 02:01:37,841 - INFO - Processing Backbone_01_standard.set
2025-04-25 02:01:37,842 - ERROR - Error processing C:\Users\nikol\AppData\Roaming\MetaQuotes\Terminal\4B1CE69F577705455263BD980C39A82C\MQL5\Profiles\Tester\Backbone_01_standard.set: type object 'ParameterRole' has no attribute 'POSITIONING'
2025-04-25 02:01:37,842 - INFO - Processing BADX_01_standard.set
2025-04-25 02:01:37,843 - INFO - Processing BADX_01_standard.set
2025-04-25 02:01:37,843 - ERROR - Error processing C:\Users\nikol\AppData\Roaming\MetaQuotes\Terminal\4B1CE69F577705455263BD980C39A82C\MQL5\Profiles\Tester\BADX_01_standard.set: type object 'ParameterRole' has no attribute 'POSITIONING'
2025-04-25 02:01:37,844 - INFO - Processing Bago-EA_01_standard.set
2025-04-25 02:01:37,844 - INFO - Processing Bago-EA_01_standard.set
2025-04-25 02:01:37,845 - ERROR - Error processing C:\Users\nikol\AppData\Roaming\MetaQuotes\Terminal\4B1CE69F577705455263BD980C39A82C\MQL5\Profiles\Tester\Bago-EA_01_standard.set: type object 'ParameterRole' has no attribute 'POSITIONING'
2025-04-25 02:01:37,845 - INFO - Processing BalancedScalper-20EA_01_standard.set
2025-04-25 02:01:37,846 - INFO - Processing BalancedScalper-20EA_01_standard.set
2025-04-25 02:01:37,847 - ERROR - Error processing C:\Users\nikol\AppData\Roaming\MetaQuotes\Terminal\4B1CE69F577705455263BD980C39A82C\MQL5\Profiles\Tester\BalancedScalper-20EA_01_standard.set: type object 'ParameterRole' has no attribute 'POSITIONING'
2025-04-25 02:01:37,847 - INFO - Processing Bands-2_01_standard.set
2025-04-25 02:01:37,848 - INFO - Processing Bands-2_01_standard.set
2025-04-25 02:01:37,849 - ERROR - Error processing C:\Users\nikol\AppData\Roaming\MetaQuotes\Terminal\4B1CE69F577705455263BD980C39A82C\MQL5\Profiles\Tester\Bands-2_01_standard.set: type object 'ParameterRole' has no attribute 'POSITIONING'
2025-04-25 02:01:37,849 - INFO - Processing BARS-Alligator_01_standard.set
2025-04-25 02:01:37,849 - INFO - Processing BARS-Alligator_01_standard.set
2025-04-25 02:01:37,850 - ERROR - Error processing C:\Users\nikol\AppData\Roaming\MetaQuotes\Terminal\4B1CE69F577705455263BD980C39A82C\MQL5\Profiles\Tester\BARS-Alligator_01_standard.set: type object 'ParameterRole' has no attribute 'POSITIONING'
2025-04-25 02:01:37,851 - INFO - Processing Basic-CCI-RSI_01_standard.set
2025-04-25 02:01:37,851 - INFO - Processing Basic-CCI-RSI_01_standard.set
2025-04-25 02:01:37,852 - ERROR - Error processing C:\Users\nikol\AppData\Roaming\MetaQuotes\Terminal\4B1CE69F577705455263BD980C39A82C\MQL5\Profiles\Tester\Basic-CCI-RSI_01_standard.set: type object 'ParameterRole' has no attribute 'POSITIONING'
2025-04-25 02:01:37,852 - INFO - Processing Basic-Martingale-EA-3_01_standard.set
2025-04-25 02:01:37,852 - INFO - Processing Basic-Martingale-EA-3_01_standard.set
2025-04-25 02:01:37,853 - ERROR - Error processing C:\Users\nikol\AppData\Roaming\MetaQuotes\Terminal\4B1CE69F577705455263BD980C39A82C\MQL5\Profiles\Tester\Basic-Martingale-EA-3_01_standard.set: type object 'ParameterRole' has no attribute 'POSITIONING'
2025-04-25 02:01:37,854 - INFO - Processing BB-stops-MT5_01_standard.set
2025-04-25 02:01:37,854 - INFO - Processing BB-stops-MT5_01_standard.set
2025-04-25 02:01:37,855 - ERROR - Error processing C:\Users\nikol\AppData\Roaming\MetaQuotes\Terminal\4B1CE69F577705455263BD980C39A82C\MQL5\Profiles\Tester\BB-stops-MT5_01_standard.set: type object 'ParameterRole' has no attribute 'POSITIONING'
2025-04-25 02:01:37,856 - INFO - Processing BBPercentile-EA_01_standard.set
2025-04-25 02:01:37,856 - INFO - Processing BBPercentile-EA_01_standard.set
2025-04-25 02:01:37,857 - ERROR - Error processing C:\Users\nikol\AppData\Roaming\MetaQuotes\Terminal\4B1CE69F577705455263BD980C39A82C\MQL5\Profiles\Tester\BBPercentile-EA_01_standard.set: type object 'ParameterRole' has no attribute 'POSITIONING'
2025-04-25 02:01:37,857 - INFO - Processing BBPercentile_01_standard.set
2025-04-25 02:01:37,858 - INFO - Processing BBPercentile_01_standard.set
2025-04-25 02:01:37,859 - WARNING - Error processing group role_technical: 'list' object has no attribute 'items'
2025-04-25 02:01:37,859 - ERROR - Error processing C:\Users\nikol\AppData\Roaming\MetaQuotes\Terminal\4B1CE69F577705455263BD980C39A82C\MQL5\Profiles\Tester\BBPercentile_01_standard.set: dictionary update sequence element #0 has length 7; 2 is required
2025-04-25 02:01:37,860 - INFO - Processing BDCrossOver-20EA_01_standard.set
2025-04-25 02:01:37,860 - INFO - Processing BDCrossOver-20EA_01_standard.set
2025-04-25 02:01:37,862 - ERROR - Error processing C:\Users\nikol\AppData\Roaming\MetaQuotes\Terminal\4B1CE69F577705455263BD980C39A82C\MQL5\Profiles\Tester\BDCrossOver-20EA_01_standard.set: type object 'ParameterRole' has no attribute 'POSITIONING'
2025-04-25 02:01:37,862 - INFO - Processing BIG-DOG_01_standard.set
2025-04-25 02:01:37,863 - INFO - Processing BIG-DOG_01_standard.set
2025-04-25 02:01:37,863 - ERROR - Error processing C:\Users\nikol\AppData\Roaming\MetaQuotes\Terminal\4B1CE69F577705455263BD980C39A82C\MQL5\Profiles\Tester\BIG-DOG_01_standard.set: type object 'ParameterRole' has no attribute 'POSITIONING'
2025-04-25 02:01:37,864 - INFO - Processing Bill-Williams_01_standard.set
2025-04-25 02:01:37,864 - INFO - Processing Bill-Williams_01_standard.set
2025-04-25 02:01:37,865 - ERROR - Error processing C:\Users\nikol\AppData\Roaming\MetaQuotes\Terminal\4B1CE69F577705455263BD980C39A82C\MQL5\Profiles\Tester\Bill-Williams_01_standard.set: type object 'ParameterRole' has no attribute 'POSITIONING'
2025-04-25 02:01:37,865 - INFO - Processing Bollinger-Band-Two-MA-and-Zig-Zag_01_standard.set
2025-04-25 02:01:37,866 - INFO - Processing Bollinger-Band-Two-MA-and-Zig-Zag_01_standard.set
2025-04-25 02:01:37,866 - ERROR - Error processing C:\Users\nikol\AppData\Roaming\MetaQuotes\Terminal\4B1CE69F577705455263BD980C39A82C\MQL5\Profiles\Tester\Bollinger-Band-Two-MA-and-Zig-Zag_01_standard.set: type object 'ParameterRole' has no attribute 'POSITIONING'
2025-04-25 02:01:37,867 - INFO - Processing Bollinger-Bands-N-positions_01_standard.set
2025-04-25 02:01:37,868 - INFO - Processing Bollinger-Bands-N-positions_01_standard.set
2025-04-25 02:01:37,869 - ERROR - Error processing C:\Users\nikol\AppData\Roaming\MetaQuotes\Terminal\4B1CE69F577705455263BD980C39A82C\MQL5\Profiles\Tester\Bollinger-Bands-N-positions_01_standard.set: type object 'ParameterRole' has no attribute 'POSITIONING'
2025-04-25 02:01:37,869 - INFO - Processing Bollinger-Bands-RSI_01_standard.set
2025-04-25 02:01:37,870 - INFO - Processing Bollinger-Bands-RSI_01_standard.set
2025-04-25 02:01:37,871 - ERROR - Error processing C:\Users\nikol\AppData\Roaming\MetaQuotes\Terminal\4B1CE69F577705455263BD980C39A82C\MQL5\Profiles\Tester\Bollinger-Bands-RSI_01_standard.set: type object 'ParameterRole' has no attribute 'POSITIONING'
2025-04-25 02:01:37,871 - INFO - Processing bollinger_01_standard.set
2025-04-25 02:01:37,871 - INFO - Processing bollinger_01_standard.set
2025-04-25 02:01:37,872 - ERROR - Error processing C:\Users\nikol\AppData\Roaming\MetaQuotes\Terminal\4B1CE69F577705455263BD980C39A82C\MQL5\Profiles\Tester\bollinger_01_standard.set: type object 'ParameterRole' has no attribute 'POSITIONING'
2025-04-25 02:01:37,873 - INFO - Processing Brakeout-Trader_01_standard.set
2025-04-25 02:01:37,873 - INFO - Processing Brakeout-Trader_01_standard.set
2025-04-25 02:01:37,874 - ERROR - Error processing C:\Users\nikol\AppData\Roaming\MetaQuotes\Terminal\4B1CE69F577705455263BD980C39A82C\MQL5\Profiles\Tester\Brakeout-Trader_01_standard.set: type object 'ParameterRole' has no attribute 'POSITIONING'
2025-04-25 02:01:37,875 - INFO - Processing Brandy_01_standard.set
2025-04-25 02:01:37,875 - INFO - Processing Brandy_01_standard.set
2025-04-25 02:01:37,876 - ERROR - Error processing C:\Users\nikol\AppData\Roaming\MetaQuotes\Terminal\4B1CE69F577705455263BD980C39A82C\MQL5\Profiles\Tester\Brandy_01_standard.set: type object 'ParameterRole' has no attribute 'POSITIONING'
2025-04-25 02:01:37,876 - INFO - Processing Breadandbutter2_01_standard.set
2025-04-25 02:01:37,877 - INFO - Processing Breadandbutter2_01_standard.set
2025-04-25 02:01:37,878 - ERROR - Error processing C:\Users\nikol\AppData\Roaming\MetaQuotes\Terminal\4B1CE69F577705455263BD980C39A82C\MQL5\Profiles\Tester\Breadandbutter2_01_standard.set: type object 'ParameterRole' has no attribute 'POSITIONING'
2025-04-25 02:01:37,878 - INFO - Processing Breakdown-catcher_01_standard.set
2025-04-25 02:01:37,879 - INFO - Processing Breakdown-catcher_01_standard.set
2025-04-25 02:01:37,879 - ERROR - Error processing C:\Users\nikol\AppData\Roaming\MetaQuotes\Terminal\4B1CE69F577705455263BD980C39A82C\MQL5\Profiles\Tester\Breakdown-catcher_01_standard.set: type object 'ParameterRole' has no attribute 'POSITIONING'
2025-04-25 02:01:37,880 - INFO - Processing breakdown_01_standard.set
2025-04-25 02:01:37,880 - INFO - Processing breakdown_01_standard.set
2025-04-25 02:01:37,881 - ERROR - Error processing C:\Users\nikol\AppData\Roaming\MetaQuotes\Terminal\4B1CE69F577705455263BD980C39A82C\MQL5\Profiles\Tester\breakdown_01_standard.set: type object 'ParameterRole' has no attribute 'POSITIONING'
2025-04-25 02:01:37,882 - INFO - Processing Breakout-Str_01_standard.set
2025-04-25 02:01:37,882 - INFO - Processing Breakout-Str_01_standard.set
2025-04-25 02:01:37,884 - ERROR - Error processing C:\Users\nikol\AppData\Roaming\MetaQuotes\Terminal\4B1CE69F577705455263BD980C39A82C\MQL5\Profiles\Tester\Breakout-Str_01_standard.set: type object 'ParameterRole' has no attribute 'POSITIONING'
2025-04-25 02:01:37,884 - INFO - Processing Bronze-Warrioir_01_standard.set
2025-04-25 02:01:37,885 - INFO - Processing Bronze-Warrioir_01_standard.set
2025-04-25 02:01:37,885 - ERROR - Error processing C:\Users\nikol\AppData\Roaming\MetaQuotes\Terminal\4B1CE69F577705455263BD980C39A82C\MQL5\Profiles\Tester\Bronze-Warrioir_01_standard.set: type object 'ParameterRole' has no attribute 'POSITIONING'
2025-04-25 02:01:37,886 - INFO - Processing Bruno_01_standard.set
2025-04-25 02:01:37,886 - INFO - Processing Bruno_01_standard.set
2025-04-25 02:01:37,887 - ERROR - Error processing C:\Users\nikol\AppData\Roaming\MetaQuotes\Terminal\4B1CE69F577705455263BD980C39A82C\MQL5\Profiles\Tester\Bruno_01_standard.set: type object 'ParameterRole' has no attribute 'POSITIONING'
2025-04-25 02:01:37,888 - INFO - Processing BSS-1-0_01_standard.set
2025-04-25 02:01:37,888 - INFO - Processing BSS-1-0_01_standard.set
2025-04-25 02:01:37,889 - ERROR - Error processing C:\Users\nikol\AppData\Roaming\MetaQuotes\Terminal\4B1CE69F577705455263BD980C39A82C\MQL5\Profiles\Tester\BSS-1-0_01_standard.set: type object 'ParameterRole' has no attribute 'POSITIONING'
2025-04-25 02:01:37,890 - INFO - Processing Bullish-and-Bearish-Engulfing_01_standard.set
2025-04-25 02:01:37,891 - INFO - Processing Bullish-and-Bearish-Engulfing_01_standard.set
2025-04-25 02:01:37,892 - WARNING - Error processing group role_system: 'list' object has no attribute 'items'
2025-04-25 02:01:37,892 - ERROR - Error processing C:\Users\nikol\AppData\Roaming\MetaQuotes\Terminal\4B1CE69F577705455263BD980C39A82C\MQL5\Profiles\Tester\Bullish-and-Bearish-Engulfing_01_standard.set: dictionary update sequence element #0 has length 20; 2 is required
2025-04-25 02:01:37,893 - INFO - Processing Burg-Extrapolator_01_standard.set
2025-04-25 02:01:37,893 - INFO - Processing Burg-Extrapolator_01_standard.set
2025-04-25 02:01:37,894 - ERROR - Error processing C:\Users\nikol\AppData\Roaming\MetaQuotes\Terminal\4B1CE69F577705455263BD980C39A82C\MQL5\Profiles\Tester\Burg-Extrapolator_01_standard.set: type object 'ParameterRole' has no attribute 'POSITIONING'
2025-04-25 02:01:37,895 - INFO - Processing BykovTrend-EA_01_standard.set
2025-04-25 02:01:37,895 - INFO - Processing BykovTrend-EA_01_standard.set
2025-04-25 02:01:37,896 - ERROR - Error processing C:\Users\nikol\AppData\Roaming\MetaQuotes\Terminal\4B1CE69F577705455263BD980C39A82C\MQL5\Profiles\Tester\BykovTrend-EA_01_standard.set: type object 'ParameterRole' has no attribute 'POSITIONING'
2025-04-25 02:01:37,897 - INFO - Processing BykovTrend_EA_v3_01_standard.set
2025-04-25 02:01:37,897 - INFO - Processing BykovTrend_EA_v3_01_standard.set
2025-04-25 02:01:37,898 - ERROR - Error processing C:\Users\nikol\AppData\Roaming\MetaQuotes\Terminal\4B1CE69F577705455263BD980C39A82C\MQL5\Profiles\Tester\BykovTrend_EA_v3_01_standard.set: type object 'ParameterRole' has no attribute 'POSITIONING'
2025-04-25 02:01:37,899 - INFO - Processing Calculate-lotsize-and-Trailling-stop_01_standard.set
2025-04-25 02:01:37,900 - INFO - Processing Calculate-lotsize-and-Trailling-stop_01_standard.set
2025-04-25 02:01:37,900 - ERROR - Error processing C:\Users\nikol\AppData\Roaming\MetaQuotes\Terminal\4B1CE69F577705455263BD980C39A82C\MQL5\Profiles\Tester\Calculate-lotsize-and-Trailling-stop_01_standard.set: type object 'ParameterRole' has no attribute 'POSITIONING'
2025-04-25 02:01:37,901 - INFO - Processing candlepatternsexample_01_standard.set
2025-04-25 02:01:37,902 - INFO - Processing candlepatternsexample_01_standard.set
2025-04-25 02:01:37,903 - ERROR - Error processing C:\Users\nikol\AppData\Roaming\MetaQuotes\Terminal\4B1CE69F577705455263BD980C39A82C\MQL5\Profiles\Tester\candlepatternsexample_01_standard.set: type object 'ParameterRole' has no attribute 'POSITIONING'
2025-04-25 02:01:37,904 - INFO - Processing Candle_01_standard.set
2025-04-25 02:01:37,904 - INFO - Processing Candle_01_standard.set
2025-04-25 02:01:37,905 - ERROR - Error processing C:\Users\nikol\AppData\Roaming\MetaQuotes\Terminal\4B1CE69F577705455263BD980C39A82C\MQL5\Profiles\Tester\Candle_01_standard.set: type object 'ParameterRole' has no attribute 'POSITIONING'
2025-04-25 02:01:37,905 - INFO - Processing Carbophos_01_standard.set
2025-04-25 02:01:37,906 - INFO - Processing Carbophos_01_standard.set
2025-04-25 02:01:37,907 - ERROR - Error processing C:\Users\nikol\AppData\Roaming\MetaQuotes\Terminal\4B1CE69F577705455263BD980C39A82C\MQL5\Profiles\Tester\Carbophos_01_standard.set: type object 'ParameterRole' has no attribute 'POSITIONING'
2025-04-25 02:01:37,907 - INFO - Processing CashMachine-5min_01_standard.set
2025-04-25 02:01:37,908 - INFO - Processing CashMachine-5min_01_standard.set
2025-04-25 02:01:37,909 - ERROR - Error processing C:\Users\nikol\AppData\Roaming\MetaQuotes\Terminal\4B1CE69F577705455263BD980C39A82C\MQL5\Profiles\Tester\CashMachine-5min_01_standard.set: type object 'ParameterRole' has no attribute 'POSITIONING'
2025-04-25 02:01:37,909 - INFO - Processing CCI-MACD-Scalper_01_standard.set
2025-04-25 02:01:37,910 - INFO - Processing CCI-MACD-Scalper_01_standard.set
2025-04-25 02:01:37,911 - ERROR - Error processing C:\Users\nikol\AppData\Roaming\MetaQuotes\Terminal\4B1CE69F577705455263BD980C39A82C\MQL5\Profiles\Tester\CCI-MACD-Scalper_01_standard.set: type object 'ParameterRole' has no attribute 'POSITIONING'
2025-04-25 02:01:37,911 - INFO - Processing Cidomo_01_standard.set
2025-04-25 02:01:37,912 - INFO - Processing Cidomo_01_standard.set
2025-04-25 02:01:37,913 - ERROR - Error processing C:\Users\nikol\AppData\Roaming\MetaQuotes\Terminal\4B1CE69F577705455263BD980C39A82C\MQL5\Profiles\Tester\Cidomo_01_standard.set: type object 'ParameterRole' has no attribute 'POSITIONING'
2025-04-25 02:01:37,913 - INFO - Processing CloseAgent_01_standard.set
2025-04-25 02:01:37,914 - INFO - Processing CloseAgent_01_standard.set
2025-04-25 02:01:37,914 - WARNING - Error processing group role_system: 'list' object has no attribute 'items'
2025-04-25 02:01:37,915 - ERROR - Error processing C:\Users\nikol\AppData\Roaming\MetaQuotes\Terminal\4B1CE69F577705455263BD980C39A82C\MQL5\Profiles\Tester\CloseAgent_01_standard.set: dictionary update sequence element #0 has length 10; 2 is required
2025-04-25 02:01:37,915 - INFO - Processing CloseProfit_01_standard.set
2025-04-25 02:01:37,916 - INFO - Processing CloseProfit_01_standard.set
2025-04-25 02:01:37,917 - ERROR - Error processing C:\Users\nikol\AppData\Roaming\MetaQuotes\Terminal\4B1CE69F577705455263BD980C39A82C\MQL5\Profiles\Tester\CloseProfit_01_standard.set: type object 'ParameterRole' has no attribute 'POSITIONING'
2025-04-25 02:01:37,918 - INFO - Processing cloud's-trade-2_01_standard.set
2025-04-25 02:01:37,918 - INFO - Processing cloud's-trade-2_01_standard.set
2025-04-25 02:01:37,919 - ERROR - Error processing C:\Users\nikol\AppData\Roaming\MetaQuotes\Terminal\4B1CE69F577705455263BD980C39A82C\MQL5\Profiles\Tester\cloud's-trade-2_01_standard.set: type object 'ParameterRole' has no attribute 'POSITIONING'
2025-04-25 02:01:37,920 - INFO - Processing CLOUD_01_standard.set
2025-04-25 02:01:37,920 - INFO - Processing CLOUD_01_standard.set
2025-04-25 02:01:37,921 - ERROR - Error processing C:\Users\nikol\AppData\Roaming\MetaQuotes\Terminal\4B1CE69F577705455263BD980C39A82C\MQL5\Profiles\Tester\CLOUD_01_standard.set: type object 'ParameterRole' has no attribute 'POSITIONING'
2025-04-25 02:01:37,921 - INFO - Processing Constituents-EA_01_standard.set
2025-04-25 02:01:37,922 - INFO - Processing Constituents-EA_01_standard.set
2025-04-25 02:01:37,923 - ERROR - Error processing C:\Users\nikol\AppData\Roaming\MetaQuotes\Terminal\4B1CE69F577705455263BD980C39A82C\MQL5\Profiles\Tester\Constituents-EA_01_standard.set: type object 'ParameterRole' has no attribute 'POSITIONING'
2025-04-25 02:01:37,924 - INFO - Processing Contrarian-trade-MA_01_standard.set
2025-04-25 02:01:37,924 - INFO - Processing Contrarian-trade-MA_01_standard.set
2025-04-25 02:01:37,925 - ERROR - Error processing C:\Users\nikol\AppData\Roaming\MetaQuotes\Terminal\4B1CE69F577705455263BD980C39A82C\MQL5\Profiles\Tester\Contrarian-trade-MA_01_standard.set: type object 'ParameterRole' has no attribute 'POSITIONING'
2025-04-25 02:01:37,925 - INFO - Processing Crossing-Moving-Average_01_standard.set
2025-04-25 02:01:37,926 - INFO - Processing Crossing-Moving-Average_01_standard.set
2025-04-25 02:01:37,927 - ERROR - Error processing C:\Users\nikol\AppData\Roaming\MetaQuotes\Terminal\4B1CE69F577705455263BD980C39A82C\MQL5\Profiles\Tester\Crossing-Moving-Average_01_standard.set: type object 'ParameterRole' has no attribute 'POSITIONING'
2025-04-25 02:01:37,927 - INFO - Processing CrossMA_01_standard.set
2025-04-25 02:01:37,928 - INFO - Processing CrossMA_01_standard.set
2025-04-25 02:01:37,928 - WARNING - Error processing group role_technical: 'list' object has no attribute 'items'
2025-04-25 02:01:37,929 - ERROR - Error processing C:\Users\nikol\AppData\Roaming\MetaQuotes\Terminal\4B1CE69F577705455263BD980C39A82C\MQL5\Profiles\Tester\CrossMA_01_standard.set: dictionary update sequence element #0 has length 6; 2 is required
2025-04-25 02:01:37,929 - INFO - Processing Currencyprofits-01.1_01_standard.set
2025-04-25 02:01:37,930 - INFO - Processing Currencyprofits-01.1_01_standard.set
2025-04-25 02:01:37,931 - ERROR - Error processing C:\Users\nikol\AppData\Roaming\MetaQuotes\Terminal\4B1CE69F577705455263BD980C39A82C\MQL5\Profiles\Tester\Currencyprofits-01.1_01_standard.set: type object 'ParameterRole' has no attribute 'POSITIONING'
2025-04-25 02:01:37,931 - INFO - Processing Daily-20reversal-20-20EA_01_standard.set
2025-04-25 02:01:37,932 - INFO - Processing Daily-20reversal-20-20EA_01_standard.set
2025-04-25 02:01:37,933 - ERROR - Error processing C:\Users\nikol\AppData\Roaming\MetaQuotes\Terminal\4B1CE69F577705455263BD980C39A82C\MQL5\Profiles\Tester\Daily-20reversal-20-20EA_01_standard.set: type object 'ParameterRole' has no attribute 'POSITIONING'
2025-04-25 02:01:37,933 - INFO - Processing Daily-BreakPoint_01_standard.set
2025-04-25 02:01:37,934 - INFO - Processing Daily-BreakPoint_01_standard.set
2025-04-25 02:01:37,934 - ERROR - Error processing C:\Users\nikol\AppData\Roaming\MetaQuotes\Terminal\4B1CE69F577705455263BD980C39A82C\MQL5\Profiles\Tester\Daily-BreakPoint_01_standard.set: type object 'ParameterRole' has no attribute 'POSITIONING'
2025-04-25 02:01:37,935 - INFO - Processing Daily-Open-EA_01_standard.set
2025-04-25 02:01:37,935 - INFO - Processing Daily-Open-EA_01_standard.set
2025-04-25 02:01:37,936 - ERROR - Error processing C:\Users\nikol\AppData\Roaming\MetaQuotes\Terminal\4B1CE69F577705455263BD980C39A82C\MQL5\Profiles\Tester\Daily-Open-EA_01_standard.set: type object 'ParameterRole' has no attribute 'POSITIONING'
2025-04-25 02:01:37,937 - INFO - Processing Daily-range_01_standard.set
2025-04-25 02:01:37,937 - INFO - Processing Daily-range_01_standard.set
2025-04-25 02:01:37,938 - ERROR - Error processing C:\Users\nikol\AppData\Roaming\MetaQuotes\Terminal\4B1CE69F577705455263BD980C39A82C\MQL5\Profiles\Tester\Daily-range_01_standard.set: type object 'ParameterRole' has no attribute 'POSITIONING'
2025-04-25 02:01:37,939 - INFO - Processing Day-Trading-PAMXA_01_standard.set
2025-04-25 02:01:37,939 - INFO - Processing Day-Trading-PAMXA_01_standard.set
2025-04-25 02:01:37,940 - ERROR - Error processing C:\Users\nikol\AppData\Roaming\MetaQuotes\Terminal\4B1CE69F577705455263BD980C39A82C\MQL5\Profiles\Tester\Day-Trading-PAMXA_01_standard.set: type object 'ParameterRole' has no attribute 'POSITIONING'
2025-04-25 02:01:37,940 - INFO - Processing Daydream_01_standard.set
2025-04-25 02:01:37,941 - INFO - Processing Daydream_01_standard.set
2025-04-25 02:01:37,942 - ERROR - Error processing C:\Users\nikol\AppData\Roaming\MetaQuotes\Terminal\4B1CE69F577705455263BD980C39A82C\MQL5\Profiles\Tester\Daydream_01_standard.set: type object 'ParameterRole' has no attribute 'POSITIONING'
2025-04-25 02:01:37,942 - INFO - Processing DayTrading_01_standard.set
2025-04-25 02:01:37,942 - INFO - Processing DayTrading_01_standard.set
2025-04-25 02:01:37,943 - ERROR - Error processing C:\Users\nikol\AppData\Roaming\MetaQuotes\Terminal\4B1CE69F577705455263BD980C39A82C\MQL5\Profiles\Tester\DayTrading_01_standard.set: type object 'ParameterRole' has no attribute 'POSITIONING'
2025-04-25 02:01:37,944 - INFO - Processing Dealers-Trade-v-7.74-MACD_01_standard.set
2025-04-25 02:01:37,945 - INFO - Processing Dealers-Trade-v-7.74-MACD_01_standard.set
2025-04-25 02:01:37,945 - ERROR - Error processing C:\Users\nikol\AppData\Roaming\MetaQuotes\Terminal\4B1CE69F577705455263BD980C39A82C\MQL5\Profiles\Tester\Dealers-Trade-v-7.74-MACD_01_standard.set: type object 'ParameterRole' has no attribute 'POSITIONING'
2025-04-25 02:01:37,946 - INFO - Processing Deep-Drawdown-MA_01_standard.set
2025-04-25 02:01:37,946 - INFO - Processing Deep-Drawdown-MA_01_standard.set
2025-04-25 02:01:37,947 - ERROR - Error processing C:\Users\nikol\AppData\Roaming\MetaQuotes\Terminal\4B1CE69F577705455263BD980C39A82C\MQL5\Profiles\Tester\Deep-Drawdown-MA_01_standard.set: type object 'ParameterRole' has no attribute 'POSITIONING'
2025-04-25 02:01:37,948 - INFO - Processing DeMarker-gaining-position-volume-2_01_standard.set
2025-04-25 02:01:37,948 - INFO - Processing DeMarker-gaining-position-volume-2_01_standard.set
2025-04-25 02:01:37,949 - ERROR - Error processing C:\Users\nikol\AppData\Roaming\MetaQuotes\Terminal\4B1CE69F577705455263BD980C39A82C\MQL5\Profiles\Tester\DeMarker-gaining-position-volume-2_01_standard.set: type object 'ParameterRole' has no attribute 'POSITIONING'
2025-04-25 02:01:37,949 - INFO - Processing DeMarker-gaining-position-volume_01_standard.set
2025-04-25 02:01:37,950 - INFO - Processing DeMarker-gaining-position-volume_01_standard.set
2025-04-25 02:01:37,951 - ERROR - Error processing C:\Users\nikol\AppData\Roaming\MetaQuotes\Terminal\4B1CE69F577705455263BD980C39A82C\MQL5\Profiles\Tester\DeMarker-gaining-position-volume_01_standard.set: type object 'ParameterRole' has no attribute 'POSITIONING'
2025-04-25 02:01:37,952 - INFO - Processing DeMarker-Pending-2-5_01_standard.set
2025-04-25 02:01:37,952 - INFO - Processing DeMarker-Pending-2-5_01_standard.set
2025-04-25 02:01:37,953 - ERROR - Error processing C:\Users\nikol\AppData\Roaming\MetaQuotes\Terminal\4B1CE69F577705455263BD980C39A82C\MQL5\Profiles\Tester\DeMarker-Pending-2-5_01_standard.set: type object 'ParameterRole' has no attribute 'POSITIONING'
2025-04-25 02:01:37,953 - INFO - Processing DeMarker-Pending-2_01_standard.set
2025-04-25 02:01:37,954 - INFO - Processing DeMarker-Pending-2_01_standard.set
2025-04-25 02:01:37,955 - ERROR - Error processing C:\Users\nikol\AppData\Roaming\MetaQuotes\Terminal\4B1CE69F577705455263BD980C39A82C\MQL5\Profiles\Tester\DeMarker-Pending-2_01_standard.set: type object 'ParameterRole' has no attribute 'POSITIONING'
2025-04-25 02:01:37,955 - INFO - Processing DeMarker-Pending_01_standard.set
2025-04-25 02:01:37,956 - INFO - Processing DeMarker-Pending_01_standard.set
2025-04-25 02:01:37,956 - ERROR - Error processing C:\Users\nikol\AppData\Roaming\MetaQuotes\Terminal\4B1CE69F577705455263BD980C39A82C\MQL5\Profiles\Tester\DeMarker-Pending_01_standard.set: type object 'ParameterRole' has no attribute 'POSITIONING'
2025-04-25 02:01:37,957 - INFO - Processing Dematus_01_standard.set
2025-04-25 02:01:37,958 - INFO - Processing Dematus_01_standard.set
2025-04-25 02:01:37,959 - ERROR - Error processing C:\Users\nikol\AppData\Roaming\MetaQuotes\Terminal\4B1CE69F577705455263BD980C39A82C\MQL5\Profiles\Tester\Dematus_01_standard.set: type object 'ParameterRole' has no attribute 'POSITIONING'
2025-04-25 02:01:37,959 - INFO - Processing Divergence-20for-20many-20indicator_01_standard.set
2025-04-25 02:01:37,960 - INFO - Processing Divergence-20for-20many-20indicator_01_standard.set
2025-04-25 02:01:37,961 - WARNING - Error processing group role_system: 'list' object has no attribute 'items'
2025-04-25 02:01:37,961 - ERROR - Error processing C:\Users\nikol\AppData\Roaming\MetaQuotes\Terminal\4B1CE69F577705455263BD980C39A82C\MQL5\Profiles\Tester\Divergence-20for-20many-20indicator_01_standard.set: dictionary update sequence element #0 has length 3; 2 is required
2025-04-25 02:01:37,962 - INFO - Processing Divergence-EA_01_standard.set
2025-04-25 02:01:37,962 - INFO - Processing Divergence-EA_01_standard.set
2025-04-25 02:01:37,963 - ERROR - Error processing C:\Users\nikol\AppData\Roaming\MetaQuotes\Terminal\4B1CE69F577705455263BD980C39A82C\MQL5\Profiles\Tester\Divergence-EA_01_standard.set: type object 'ParameterRole' has no attribute 'POSITIONING'
2025-04-25 02:01:37,964 - INFO - Processing Doji-Arrows_01_standard.set
2025-04-25 02:01:37,965 - INFO - Processing Doji-Arrows_01_standard.set
2025-04-25 02:01:37,965 - ERROR - Error processing C:\Users\nikol\AppData\Roaming\MetaQuotes\Terminal\4B1CE69F577705455263BD980C39A82C\MQL5\Profiles\Tester\Doji-Arrows_01_standard.set: type object 'ParameterRole' has no attribute 'POSITIONING'
2025-04-25 02:01:37,966 - INFO - Processing DojiTrader_01_standard.set
2025-04-25 02:01:37,966 - INFO - Processing DojiTrader_01_standard.set
2025-04-25 02:01:37,967 - ERROR - Error processing C:\Users\nikol\AppData\Roaming\MetaQuotes\Terminal\4B1CE69F577705455263BD980C39A82C\MQL5\Profiles\Tester\DojiTrader_01_standard.set: type object 'ParameterRole' has no attribute 'POSITIONING'
2025-04-25 02:01:37,968 - INFO - Processing Donchian-Chanel-EA_01_standard.set
2025-04-25 02:01:37,968 - INFO - Processing Donchian-Chanel-EA_01_standard.set
2025-04-25 02:01:37,969 - ERROR - Error processing C:\Users\nikol\AppData\Roaming\MetaQuotes\Terminal\4B1CE69F577705455263BD980C39A82C\MQL5\Profiles\Tester\Donchian-Chanel-EA_01_standard.set: type object 'ParameterRole' has no attribute 'POSITIONING'
2025-04-25 02:01:37,970 - INFO - Processing DoubleHullMA-EA_01_standard.set
2025-04-25 02:01:37,970 - INFO - Processing DoubleHullMA-EA_01_standard.set
2025-04-25 02:01:37,971 - ERROR - Error processing C:\Users\nikol\AppData\Roaming\MetaQuotes\Terminal\4B1CE69F577705455263BD980C39A82C\MQL5\Profiles\Tester\DoubleHullMA-EA_01_standard.set: type object 'ParameterRole' has no attribute 'POSITIONING'
2025-04-25 02:01:37,972 - INFO - Processing DoubleHullMA_01_standard.set
2025-04-25 02:01:37,972 - INFO - Processing DoubleHullMA_01_standard.set
2025-04-25 02:01:37,973 - ERROR - Error processing C:\Users\nikol\AppData\Roaming\MetaQuotes\Terminal\4B1CE69F577705455263BD980C39A82C\MQL5\Profiles\Tester\DoubleHullMA_01_standard.set: type object 'ParameterRole' has no attribute 'POSITIONING'
2025-04-25 02:01:37,974 - INFO - Processing DoubleMA-Crossover-EA_01_standard.set
2025-04-25 02:01:37,974 - INFO - Processing DoubleMA-Crossover-EA_01_standard.set
2025-04-25 02:01:37,975 - ERROR - Error processing C:\Users\nikol\AppData\Roaming\MetaQuotes\Terminal\4B1CE69F577705455263BD980C39A82C\MQL5\Profiles\Tester\DoubleMA-Crossover-EA_01_standard.set: type object 'ParameterRole' has no attribute 'POSITIONING'
2025-04-25 02:01:37,975 - INFO - Processing Doubler_01_standard.set
2025-04-25 02:01:37,976 - INFO - Processing Doubler_01_standard.set
2025-04-25 02:01:37,977 - ERROR - Error processing C:\Users\nikol\AppData\Roaming\MetaQuotes\Terminal\4B1CE69F577705455263BD980C39A82C\MQL5\Profiles\Tester\Doubler_01_standard.set: type object 'ParameterRole' has no attribute 'POSITIONING'
2025-04-25 02:01:37,977 - INFO - Processing Driver-EA-MT5_01_standard.set
2025-04-25 02:01:37,978 - INFO - Processing Driver-EA-MT5_01_standard.set
2025-04-25 02:01:37,979 - ERROR - Error processing C:\Users\nikol\AppData\Roaming\MetaQuotes\Terminal\4B1CE69F577705455263BD980C39A82C\MQL5\Profiles\Tester\Driver-EA-MT5_01_standard.set: type object 'ParameterRole' has no attribute 'POSITIONING'
2025-04-25 02:01:37,979 - INFO - Processing dummy_01_standard.set
2025-04-25 02:01:37,980 - INFO - Processing dummy_01_standard.set
2025-04-25 02:01:37,981 - ERROR - Error processing C:\Users\nikol\AppData\Roaming\MetaQuotes\Terminal\4B1CE69F577705455263BD980C39A82C\MQL5\Profiles\Tester\dummy_01_standard.set: type object 'ParameterRole' has no attribute 'POSITIONING'
2025-04-25 02:01:37,981 - INFO - Processing Dynamic-averaging_01_standard.set
2025-04-25 02:01:37,982 - INFO - Processing Dynamic-averaging_01_standard.set
2025-04-25 02:01:37,982 - ERROR - Error processing C:\Users\nikol\AppData\Roaming\MetaQuotes\Terminal\4B1CE69F577705455263BD980C39A82C\MQL5\Profiles\Tester\Dynamic-averaging_01_standard.set: type object 'ParameterRole' has no attribute 'POSITIONING'
2025-04-25 02:01:37,983 - INFO - Processing e-Breakeven_01_standard.set
2025-04-25 02:01:37,983 - INFO - Processing e-Breakeven_01_standard.set
2025-04-25 02:01:37,984 - ERROR - Error processing C:\Users\nikol\AppData\Roaming\MetaQuotes\Terminal\4B1CE69F577705455263BD980C39A82C\MQL5\Profiles\Tester\e-Breakeven_01_standard.set: type object 'ParameterRole' has no attribute 'POSITIONING'
2025-04-25 02:01:37,984 - INFO - Processing E-Friday_01_standard.set
2025-04-25 02:01:37,985 - INFO - Processing E-Friday_01_standard.set
2025-04-25 02:01:37,987 - ERROR - Error processing C:\Users\nikol\AppData\Roaming\MetaQuotes\Terminal\4B1CE69F577705455263BD980C39A82C\MQL5\Profiles\Tester\E-Friday_01_standard.set: type object 'ParameterRole' has no attribute 'POSITIONING'
2025-04-25 02:01:37,987 - INFO - Processing E-Skoch-Open_01_standard.set
2025-04-25 02:01:37,988 - INFO - Processing E-Skoch-Open_01_standard.set
2025-04-25 02:01:37,989 - ERROR - Error processing C:\Users\nikol\AppData\Roaming\MetaQuotes\Terminal\4B1CE69F577705455263BD980C39A82C\MQL5\Profiles\Tester\E-Skoch-Open_01_standard.set: type object 'ParameterRole' has no attribute 'POSITIONING'
2025-04-25 02:01:37,989 - INFO - Processing e-Skoch-pending-orders_01_standard.set
2025-04-25 02:01:37,990 - INFO - Processing e-Skoch-pending-orders_01_standard.set
2025-04-25 02:01:37,990 - ERROR - Error processing C:\Users\nikol\AppData\Roaming\MetaQuotes\Terminal\4B1CE69F577705455263BD980C39A82C\MQL5\Profiles\Tester\e-Skoch-pending-orders_01_standard.set: type object 'ParameterRole' has no attribute 'POSITIONING'
2025-04-25 02:01:37,991 - INFO - Processing e-Smart-Trailing_01_standard.set
2025-04-25 02:01:37,991 - INFO - Processing e-Smart-Trailing_01_standard.set
2025-04-25 02:01:37,992 - ERROR - Error processing C:\Users\nikol\AppData\Roaming\MetaQuotes\Terminal\4B1CE69F577705455263BD980C39A82C\MQL5\Profiles\Tester\e-Smart-Trailing_01_standard.set: type object 'ParameterRole' has no attribute 'POSITIONING'
2025-04-25 02:01:37,992 - INFO - Processing e-TurboFx_01_standard.set
2025-04-25 02:01:37,993 - INFO - Processing e-TurboFx_01_standard.set
2025-04-25 02:01:37,994 - ERROR - Error processing C:\Users\nikol\AppData\Roaming\MetaQuotes\Terminal\4B1CE69F577705455263BD980C39A82C\MQL5\Profiles\Tester\e-TurboFx_01_standard.set: type object 'ParameterRole' has no attribute 'POSITIONING'
2025-04-25 02:01:37,994 - INFO - Processing EA-Close_01_standard.set
2025-04-25 02:01:37,995 - INFO - Processing EA-Close_01_standard.set
2025-04-25 02:01:37,995 - ERROR - Error processing C:\Users\nikol\AppData\Roaming\MetaQuotes\Terminal\4B1CE69F577705455263BD980C39A82C\MQL5\Profiles\Tester\EA-Close_01_standard.set: type object 'ParameterRole' has no attribute 'POSITIONING'
2025-04-25 02:01:37,996 - INFO - Processing EA-MA-Stoch-RSI_01_standard.set
2025-04-25 02:01:37,996 - INFO - Processing EA-MA-Stoch-RSI_01_standard.set
2025-04-25 02:01:37,997 - ERROR - Error processing C:\Users\nikol\AppData\Roaming\MetaQuotes\Terminal\4B1CE69F577705455263BD980C39A82C\MQL5\Profiles\Tester\EA-MA-Stoch-RSI_01_standard.set: type object 'ParameterRole' has no attribute 'POSITIONING'
2025-04-25 02:01:37,998 - INFO - Processing EA-Moving-Average_01_standard.set
2025-04-25 02:01:37,998 - INFO - Processing EA-Moving-Average_01_standard.set
2025-04-25 02:01:37,999 - ERROR - Error processing C:\Users\nikol\AppData\Roaming\MetaQuotes\Terminal\4B1CE69F577705455263BD980C39A82C\MQL5\Profiles\Tester\EA-Moving-Average_01_standard.set: type object 'ParameterRole' has no attribute 'POSITIONING'
2025-04-25 02:01:37,999 - INFO - Processing Elite-eFibo-Trader_01_standard.set
2025-04-25 02:01:38,000 - INFO - Processing Elite-eFibo-Trader_01_standard.set
2025-04-25 02:01:38,000 - ERROR - Error processing C:\Users\nikol\AppData\Roaming\MetaQuotes\Terminal\4B1CE69F577705455263BD980C39A82C\MQL5\Profiles\Tester\Elite-eFibo-Trader_01_standard.set: type object 'ParameterRole' has no attribute 'POSITIONING'
2025-04-25 02:01:38,001 - INFO - Processing EMA-6.12_01_standard.set
2025-04-25 02:01:38,002 - INFO - Processing EMA-6.12_01_standard.set
2025-04-25 02:01:38,002 - ERROR - Error processing C:\Users\nikol\AppData\Roaming\MetaQuotes\Terminal\4B1CE69F577705455263BD980C39A82C\MQL5\Profiles\Tester\EMA-6.12_01_standard.set: type object 'ParameterRole' has no attribute 'POSITIONING'
2025-04-25 02:01:38,003 - INFO - Processing EMA-CROSS_01_standard.set
2025-04-25 02:01:38,003 - INFO - Processing EMA-CROSS_01_standard.set
2025-04-25 02:01:38,004 - ERROR - Error processing C:\Users\nikol\AppData\Roaming\MetaQuotes\Terminal\4B1CE69F577705455263BD980C39A82C\MQL5\Profiles\Tester\EMA-CROSS_01_standard.set: type object 'ParameterRole' has no attribute 'POSITIONING'
2025-04-25 02:01:38,005 - INFO - Processing EMA-LWMA-RSI_01_standard.set
2025-04-25 02:01:38,005 - INFO - Processing EMA-LWMA-RSI_01_standard.set
2025-04-25 02:01:38,006 - ERROR - Error processing C:\Users\nikol\AppData\Roaming\MetaQuotes\Terminal\4B1CE69F577705455263BD980C39A82C\MQL5\Profiles\Tester\EMA-LWMA-RSI_01_standard.set: type object 'ParameterRole' has no attribute 'POSITIONING'
2025-04-25 02:01:38,007 - INFO - Processing EMA-RSI-EA_01_standard.set
2025-04-25 02:01:38,007 - INFO - Processing EMA-RSI-EA_01_standard.set
2025-04-25 02:01:38,008 - ERROR - Error processing C:\Users\nikol\AppData\Roaming\MetaQuotes\Terminal\4B1CE69F577705455263BD980C39A82C\MQL5\Profiles\Tester\EMA-RSI-EA_01_standard.set: type object 'ParameterRole' has no attribute 'POSITIONING'
2025-04-25 02:01:38,009 - INFO - Processing EMA-WMA_01_standard.set
2025-04-25 02:01:38,009 - INFO - Processing EMA-WMA_01_standard.set
2025-04-25 02:01:38,010 - ERROR - Error processing C:\Users\nikol\AppData\Roaming\MetaQuotes\Terminal\4B1CE69F577705455263BD980C39A82C\MQL5\Profiles\Tester\EMA-WMA_01_standard.set: type object 'ParameterRole' has no attribute 'POSITIONING'
2025-04-25 02:01:38,010 - INFO - Processing EMA_01_standard.set
2025-04-25 02:01:38,010 - INFO - Processing EMA_01_standard.set
2025-04-25 02:01:38,011 - ERROR - Error processing C:\Users\nikol\AppData\Roaming\MetaQuotes\Terminal\4B1CE69F577705455263BD980C39A82C\MQL5\Profiles\Tester\EMA_01_standard.set: type object 'ParameterRole' has no attribute 'POSITIONING'
2025-04-25 02:01:38,012 - INFO - Processing EMA_WMA v2_01_standard.set
2025-04-25 02:01:38,012 - INFO - Processing EMA_WMA v2_01_standard.set
2025-04-25 02:01:38,013 - ERROR - Error processing C:\Users\nikol\AppData\Roaming\MetaQuotes\Terminal\4B1CE69F577705455263BD980C39A82C\MQL5\Profiles\Tester\EMA_WMA v2_01_standard.set: type object 'ParameterRole' has no attribute 'POSITIONING'
2025-04-25 02:01:38,013 - INFO - Processing Eugene_01_standard.set
2025-04-25 02:01:38,014 - INFO - Processing Eugene_01_standard.set
2025-04-25 02:01:38,014 - WARNING - Error processing group role_system: 'list' object has no attribute 'items'
2025-04-25 02:01:38,015 - ERROR - Error processing C:\Users\nikol\AppData\Roaming\MetaQuotes\Terminal\4B1CE69F577705455263BD980C39A82C\MQL5\Profiles\Tester\Eugene_01_standard.set: dictionary update sequence element #0 has length 5; 2 is required
2025-04-25 02:01:38,015 - INFO - Processing eur-usd-m5_01_standard.set
2025-04-25 02:01:38,016 - INFO - Processing eur-usd-m5_01_standard.set
2025-04-25 02:01:38,016 - ERROR - Error processing C:\Users\nikol\AppData\Roaming\MetaQuotes\Terminal\4B1CE69F577705455263BD980C39A82C\MQL5\Profiles\Tester\eur-usd-m5_01_standard.set: type object 'ParameterRole' has no attribute 'POSITIONING'
2025-04-25 02:01:38,017 - INFO - Processing EURUSD-breakout_01_standard.set
2025-04-25 02:01:38,017 - INFO - Processing EURUSD-breakout_01_standard.set
2025-04-25 02:01:38,018 - ERROR - Error processing C:\Users\nikol\AppData\Roaming\MetaQuotes\Terminal\4B1CE69F577705455263BD980C39A82C\MQL5\Profiles\Tester\EURUSD-breakout_01_standard.set: type object 'ParameterRole' has no attribute 'POSITIONING'
2025-04-25 02:01:38,018 - INFO - Processing Executer-AC_01_standard.set
2025-04-25 02:01:38,019 - INFO - Processing Executer-AC_01_standard.set
2025-04-25 02:01:38,020 - ERROR - Error processing C:\Users\nikol\AppData\Roaming\MetaQuotes\Terminal\4B1CE69F577705455263BD980C39A82C\MQL5\Profiles\Tester\Executer-AC_01_standard.set: type object 'ParameterRole' has no attribute 'POSITIONING'
2025-04-25 02:01:38,020 - INFO - Processing Executor-AO_01_standard.set
2025-04-25 02:01:38,021 - INFO - Processing Executor-AO_01_standard.set
2025-04-25 02:01:38,021 - ERROR - Error processing C:\Users\nikol\AppData\Roaming\MetaQuotes\Terminal\4B1CE69F577705455263BD980C39A82C\MQL5\Profiles\Tester\Executor-AO_01_standard.set: type object 'ParameterRole' has no attribute 'POSITIONING'
2025-04-25 02:01:38,022 - INFO - Processing Executor-Candles_01_standard.set
2025-04-25 02:01:38,022 - INFO - Processing Executor-Candles_01_standard.set
2025-04-25 02:01:38,023 - ERROR - Error processing C:\Users\nikol\AppData\Roaming\MetaQuotes\Terminal\4B1CE69F577705455263BD980C39A82C\MQL5\Profiles\Tester\Executor-Candles_01_standard.set: type object 'ParameterRole' has no attribute 'POSITIONING'
2025-04-25 02:01:38,023 - INFO - Processing exp-Amstell_01_standard.set
2025-04-25 02:01:38,024 - INFO - Processing exp-Amstell_01_standard.set
2025-04-25 02:01:38,024 - ERROR - Error processing C:\Users\nikol\AppData\Roaming\MetaQuotes\Terminal\4B1CE69F577705455263BD980C39A82C\MQL5\Profiles\Tester\exp-Amstell_01_standard.set: type object 'ParameterRole' has no attribute 'POSITIONING'
2025-04-25 02:01:38,025 - INFO - Processing Expert-NEWS_01_standard.set
2025-04-25 02:01:38,025 - INFO - Processing Expert-NEWS_01_standard.set
2025-04-25 02:01:38,026 - ERROR - Error processing C:\Users\nikol\AppData\Roaming\MetaQuotes\Terminal\4B1CE69F577705455263BD980C39A82C\MQL5\Profiles\Tester\Expert-NEWS_01_standard.set: type object 'ParameterRole' has no attribute 'POSITIONING'
2025-04-25 02:01:38,026 - INFO - Processing Expert-RSI-Stochastic-MA_01_standard.set
2025-04-25 02:01:38,026 - INFO - Processing Expert-RSI-Stochastic-MA_01_standard.set
2025-04-25 02:01:38,028 - ERROR - Error processing C:\Users\nikol\AppData\Roaming\MetaQuotes\Terminal\4B1CE69F577705455263BD980C39A82C\MQL5\Profiles\Tester\Expert-RSI-Stochastic-MA_01_standard.set: type object 'ParameterRole' has no attribute 'POSITIONING'
2025-04-25 02:01:38,028 - INFO - Processing ExtremePrice-EA_01_standard.set
2025-04-25 02:01:38,029 - INFO - Processing ExtremePrice-EA_01_standard.set
2025-04-25 02:01:38,030 - ERROR - Error processing C:\Users\nikol\AppData\Roaming\MetaQuotes\Terminal\4B1CE69F577705455263BD980C39A82C\MQL5\Profiles\Tester\ExtremePrice-EA_01_standard.set: type object 'ParameterRole' has no attribute 'POSITIONING'
2025-04-25 02:01:38,030 - INFO - Processing FiboRetracement-20EA_01_standard.set
2025-04-25 02:01:38,030 - INFO - Processing FiboRetracement-20EA_01_standard.set
2025-04-25 02:01:38,031 - ERROR - Error processing C:\Users\nikol\AppData\Roaming\MetaQuotes\Terminal\4B1CE69F577705455263BD980C39A82C\MQL5\Profiles\Tester\FiboRetracement-20EA_01_standard.set: type object 'ParameterRole' has no attribute 'POSITIONING'
2025-04-25 02:01:38,031 - INFO - Processing Firebird_01_standard.set
2025-04-25 02:01:38,032 - INFO - Processing Firebird_01_standard.set
2025-04-25 02:01:38,032 - ERROR - Error processing C:\Users\nikol\AppData\Roaming\MetaQuotes\Terminal\4B1CE69F577705455263BD980C39A82C\MQL5\Profiles\Tester\Firebird_01_standard.set: type object 'ParameterRole' has no attribute 'POSITIONING'
2025-04-25 02:01:38,033 - INFO - Processing Firestorm-EA_01_standard.set
2025-04-25 02:01:38,033 - INFO - Processing Firestorm-EA_01_standard.set
2025-04-25 02:01:38,034 - ERROR - Error processing C:\Users\nikol\AppData\Roaming\MetaQuotes\Terminal\4B1CE69F577705455263BD980C39A82C\MQL5\Profiles\Tester\Firestorm-EA_01_standard.set: type object 'ParameterRole' has no attribute 'POSITIONING'
2025-04-25 02:01:38,035 - INFO - Processing Firestorm-indicator_01_standard.set
2025-04-25 02:01:38,036 - INFO - Processing Firestorm-indicator_01_standard.set
2025-04-25 02:01:38,037 - WARNING - Error processing group role_system: 'list' object has no attribute 'items'
2025-04-25 02:01:38,037 - ERROR - Error processing C:\Users\nikol\AppData\Roaming\MetaQuotes\Terminal\4B1CE69F577705455263BD980C39A82C\MQL5\Profiles\Tester\Firestorm-indicator_01_standard.set: dictionary update sequence element #0 has length 5; 2 is required
2025-04-25 02:01:38,038 - INFO - Processing Fluctuate_01_standard.set
2025-04-25 02:01:38,038 - INFO - Processing Fluctuate_01_standard.set
2025-04-25 02:01:38,039 - ERROR - Error processing C:\Users\nikol\AppData\Roaming\MetaQuotes\Terminal\4B1CE69F577705455263BD980C39A82C\MQL5\Profiles\Tester\Fluctuate_01_standard.set: type object 'ParameterRole' has no attribute 'POSITIONING'
2025-04-25 02:01:38,039 - INFO - Processing Forex-Fraus-M1_01_standard.set
2025-04-25 02:01:38,039 - INFO - Processing Forex-Fraus-M1_01_standard.set
2025-04-25 02:01:38,040 - ERROR - Error processing C:\Users\nikol\AppData\Roaming\MetaQuotes\Terminal\4B1CE69F577705455263BD980C39A82C\MQL5\Profiles\Tester\Forex-Fraus-M1_01_standard.set: type object 'ParameterRole' has no attribute 'POSITIONING'
2025-04-25 02:01:38,040 - INFO - Processing Forex-Profit_01_standard.set
2025-04-25 02:01:38,041 - INFO - Processing Forex-Profit_01_standard.set
2025-04-25 02:01:38,042 - ERROR - Error processing C:\Users\nikol\AppData\Roaming\MetaQuotes\Terminal\4B1CE69F577705455263BD980C39A82C\MQL5\Profiles\Tester\Forex-Profit_01_standard.set: type object 'ParameterRole' has no attribute 'POSITIONING'
2025-04-25 02:01:38,042 - INFO - Processing Fractals-minimum-distance_01_standard.set
2025-04-25 02:01:38,043 - INFO - Processing Fractals-minimum-distance_01_standard.set
2025-04-25 02:01:38,043 - WARNING - Error processing group role_system: 'list' object has no attribute 'items'
2025-04-25 02:01:38,044 - ERROR - Error processing C:\Users\nikol\AppData\Roaming\MetaQuotes\Terminal\4B1CE69F577705455263BD980C39A82C\MQL5\Profiles\Tester\Fractals-minimum-distance_01_standard.set: dictionary update sequence element #0 has length 12; 2 is required
2025-04-25 02:01:38,044 - INFO - Processing Fraktrak-xonax_01_standard.set
2025-04-25 02:01:38,045 - INFO - Processing Fraktrak-xonax_01_standard.set
2025-04-25 02:01:38,045 - ERROR - Error processing C:\Users\nikol\AppData\Roaming\MetaQuotes\Terminal\4B1CE69F577705455263BD980C39A82C\MQL5\Profiles\Tester\Fraktrak-xonax_01_standard.set: type object 'ParameterRole' has no attribute 'POSITIONING'
2025-04-25 02:01:38,046 - INFO - Processing Frank-Ud_01_standard.set
2025-04-25 02:01:38,046 - INFO - Processing Frank-Ud_01_standard.set
2025-04-25 02:01:38,047 - ERROR - Error processing C:\Users\nikol\AppData\Roaming\MetaQuotes\Terminal\4B1CE69F577705455263BD980C39A82C\MQL5\Profiles\Tester\Frank-Ud_01_standard.set: type object 'ParameterRole' has no attribute 'POSITIONING'
2025-04-25 02:01:38,047 - INFO - Processing fratal-mt5-EA_01_standard.set
2025-04-25 02:01:38,048 - INFO - Processing fratal-mt5-EA_01_standard.set
2025-04-25 02:01:38,049 - ERROR - Error processing C:\Users\nikol\AppData\Roaming\MetaQuotes\Terminal\4B1CE69F577705455263BD980C39A82C\MQL5\Profiles\Tester\fratal-mt5-EA_01_standard.set: type object 'ParameterRole' has no attribute 'POSITIONING'
2025-04-25 02:01:38,049 - INFO - Processing FT-CCI_01_standard.set
2025-04-25 02:01:38,050 - INFO - Processing FT-CCI_01_standard.set
2025-04-25 02:01:38,051 - ERROR - Error processing C:\Users\nikol\AppData\Roaming\MetaQuotes\Terminal\4B1CE69F577705455263BD980C39A82C\MQL5\Profiles\Tester\FT-CCI_01_standard.set: type object 'ParameterRole' has no attribute 'POSITIONING'
2025-04-25 02:01:38,051 - INFO - Processing Fuzzy-logic_01_standard.set
2025-04-25 02:01:38,052 - INFO - Processing Fuzzy-logic_01_standard.set
2025-04-25 02:01:38,052 - ERROR - Error processing C:\Users\nikol\AppData\Roaming\MetaQuotes\Terminal\4B1CE69F577705455263BD980C39A82C\MQL5\Profiles\Tester\Fuzzy-logic_01_standard.set: type object 'ParameterRole' has no attribute 'POSITIONING'
2025-04-25 02:01:38,053 - INFO - Processing GalacticExplosion_01_standard.set
2025-04-25 02:01:38,053 - INFO - Processing GalacticExplosion_01_standard.set
2025-04-25 02:01:38,054 - ERROR - Error processing C:\Users\nikol\AppData\Roaming\MetaQuotes\Terminal\4B1CE69F577705455263BD980C39A82C\MQL5\Profiles\Tester\GalacticExplosion_01_standard.set: type object 'ParameterRole' has no attribute 'POSITIONING'
2025-04-25 02:01:38,055 - INFO - Processing Gandalf-PRO_01_standard.set
2025-04-25 02:01:38,055 - INFO - Processing Gandalf-PRO_01_standard.set
2025-04-25 02:01:38,056 - ERROR - Error processing C:\Users\nikol\AppData\Roaming\MetaQuotes\Terminal\4B1CE69F577705455263BD980C39A82C\MQL5\Profiles\Tester\Gandalf-PRO_01_standard.set: type object 'ParameterRole' has no attribute 'POSITIONING'
2025-04-25 02:01:38,057 - INFO - Processing Gap-DM_01_standard.set
2025-04-25 02:01:38,057 - INFO - Processing Gap-DM_01_standard.set
2025-04-25 02:01:38,058 - ERROR - Error processing C:\Users\nikol\AppData\Roaming\MetaQuotes\Terminal\4B1CE69F577705455263BD980C39A82C\MQL5\Profiles\Tester\Gap-DM_01_standard.set: type object 'ParameterRole' has no attribute 'POSITIONING'
2025-04-25 02:01:38,058 - INFO - Processing GAP-EA_01_standard.set
2025-04-25 02:01:38,059 - INFO - Processing GAP-EA_01_standard.set
2025-04-25 02:01:38,059 - ERROR - Error processing C:\Users\nikol\AppData\Roaming\MetaQuotes\Terminal\4B1CE69F577705455263BD980C39A82C\MQL5\Profiles\Tester\GAP-EA_01_standard.set: type object 'ParameterRole' has no attribute 'POSITIONING'
2025-04-25 02:01:38,060 - INFO - Processing Gaps_01_standard.set
2025-04-25 02:01:38,060 - INFO - Processing Gaps_01_standard.set
2025-04-25 02:01:38,061 - ERROR - Error processing C:\Users\nikol\AppData\Roaming\MetaQuotes\Terminal\4B1CE69F577705455263BD980C39A82C\MQL5\Profiles\Tester\Gaps_01_standard.set: type object 'ParameterRole' has no attribute 'POSITIONING'
2025-04-25 02:01:38,061 - INFO - Processing GBP9AM_01_standard.set
2025-04-25 02:01:38,062 - INFO - Processing GBP9AM_01_standard.set
2025-04-25 02:01:38,063 - ERROR - Error processing C:\Users\nikol\AppData\Roaming\MetaQuotes\Terminal\4B1CE69F577705455263BD980C39A82C\MQL5\Profiles\Tester\GBP9AM_01_standard.set: type object 'ParameterRole' has no attribute 'POSITIONING'
2025-04-25 02:01:38,063 - INFO - Processing GbpChf_01_standard.set
2025-04-25 02:01:38,064 - INFO - Processing GbpChf_01_standard.set
2025-04-25 02:01:38,064 - ERROR - Error processing C:\Users\nikol\AppData\Roaming\MetaQuotes\Terminal\4B1CE69F577705455263BD980C39A82C\MQL5\Profiles\Tester\GbpChf_01_standard.set: type object 'ParameterRole' has no attribute 'POSITIONING'
2025-04-25 02:01:38,065 - INFO - Processing Gold-Dust_01_standard.set
2025-04-25 02:01:38,065 - INFO - Processing Gold-Dust_01_standard.set
2025-04-25 02:01:38,066 - ERROR - Error processing C:\Users\nikol\AppData\Roaming\MetaQuotes\Terminal\4B1CE69F577705455263BD980C39A82C\MQL5\Profiles\Tester\Gold-Dust_01_standard.set: type object 'ParameterRole' has no attribute 'POSITIONING'
2025-04-25 02:01:38,066 - INFO - Processing GO_01_standard.set
2025-04-25 02:01:38,066 - INFO - Processing GO_01_standard.set
2025-04-25 02:01:38,067 - WARNING - Error processing group role_risk: 'list' object has no attribute 'items'
2025-04-25 02:01:38,067 - ERROR - Error processing C:\Users\nikol\AppData\Roaming\MetaQuotes\Terminal\4B1CE69F577705455263BD980C39A82C\MQL5\Profiles\Tester\GO_01_standard.set: dictionary update sequence element #0 has length 5; 2 is required
2025-04-25 02:01:38,068 - INFO - Processing GreenTrade_01_standard.set
2025-04-25 02:01:38,068 - INFO - Processing GreenTrade_01_standard.set
2025-04-25 02:01:38,069 - ERROR - Error processing C:\Users\nikol\AppData\Roaming\MetaQuotes\Terminal\4B1CE69F577705455263BD980C39A82C\MQL5\Profiles\Tester\GreenTrade_01_standard.set: type object 'ParameterRole' has no attribute 'POSITIONING'
2025-04-25 02:01:38,070 - INFO - Processing Grid-Martingale_01_standard.set
2025-04-25 02:01:38,070 - INFO - Processing Grid-Martingale_01_standard.set
2025-04-25 02:01:38,071 - ERROR - Error processing C:\Users\nikol\AppData\Roaming\MetaQuotes\Terminal\4B1CE69F577705455263BD980C39A82C\MQL5\Profiles\Tester\Grid-Martingale_01_standard.set: type object 'ParameterRole' has no attribute 'POSITIONING'
2025-04-25 02:01:38,071 - INFO - Processing GridEA_01_standard.set
2025-04-25 02:01:38,072 - INFO - Processing GridEA_01_standard.set
2025-04-25 02:01:38,072 - ERROR - Error processing C:\Users\nikol\AppData\Roaming\MetaQuotes\Terminal\4B1CE69F577705455263BD980C39A82C\MQL5\Profiles\Tester\GridEA_01_standard.set: type object 'ParameterRole' has no attribute 'POSITIONING'
2025-04-25 02:01:38,073 - INFO - Processing Grid_01_standard.set
2025-04-25 02:01:38,073 - INFO - Processing Grid_01_standard.set
2025-04-25 02:01:38,074 - WARNING - Error processing group role_system: 'list' object has no attribute 'items'
2025-04-25 02:01:38,074 - ERROR - Error processing C:\Users\nikol\AppData\Roaming\MetaQuotes\Terminal\4B1CE69F577705455263BD980C39A82C\MQL5\Profiles\Tester\Grid_01_standard.set: dictionary update sequence element #0 has length 21; 2 is required
2025-04-25 02:01:38,074 - INFO - Processing HarVesteR_01_standard.set
2025-04-25 02:01:38,075 - INFO - Processing HarVesteR_01_standard.set
2025-04-25 02:01:38,076 - ERROR - Error processing C:\Users\nikol\AppData\Roaming\MetaQuotes\Terminal\4B1CE69F577705455263BD980C39A82C\MQL5\Profiles\Tester\HarVesteR_01_standard.set: type object 'ParameterRole' has no attribute 'POSITIONING'
2025-04-25 02:01:38,077 - INFO - Processing HedgeEA_01_standard.set
2025-04-25 02:01:38,077 - INFO - Processing HedgeEA_01_standard.set
2025-04-25 02:01:38,078 - WARNING - Error processing group role_system: 'list' object has no attribute 'items'
2025-04-25 02:01:38,078 - ERROR - Error processing C:\Users\nikol\AppData\Roaming\MetaQuotes\Terminal\4B1CE69F577705455263BD980C39A82C\MQL5\Profiles\Tester\HedgeEA_01_standard.set: dictionary update sequence element #0 has length 5; 2 is required
2025-04-25 02:01:38,079 - INFO - Processing hedger_01_standard.set
2025-04-25 02:01:38,079 - INFO - Processing hedger_01_standard.set
2025-04-25 02:01:38,080 - WARNING - Error processing group role_system: 'list' object has no attribute 'items'
2025-04-25 02:01:38,080 - ERROR - Error processing C:\Users\nikol\AppData\Roaming\MetaQuotes\Terminal\4B1CE69F577705455263BD980C39A82C\MQL5\Profiles\Tester\hedger_01_standard.set: dictionary update sequence element #0 has length 16; 2 is required
2025-04-25 02:01:38,080 - INFO - Processing Hedging-EA_01_standard.set
2025-04-25 02:01:38,081 - INFO - Processing Hedging-EA_01_standard.set
2025-04-25 02:01:38,081 - ERROR - Error processing C:\Users\nikol\AppData\Roaming\MetaQuotes\Terminal\4B1CE69F577705455263BD980C39A82C\MQL5\Profiles\Tester\Hedging-EA_01_standard.set: type object 'ParameterRole' has no attribute 'POSITIONING'
2025-04-25 02:01:38,082 - INFO - Processing Heiken-Ashi-Smoothed-EA-with-MA_01_standard.set
2025-04-25 02:01:38,083 - INFO - Processing Heiken-Ashi-Smoothed-EA-with-MA_01_standard.set
2025-04-25 02:01:38,083 - ERROR - Error processing C:\Users\nikol\AppData\Roaming\MetaQuotes\Terminal\4B1CE69F577705455263BD980C39A82C\MQL5\Profiles\Tester\Heiken-Ashi-Smoothed-EA-with-MA_01_standard.set: type object 'ParameterRole' has no attribute 'POSITIONING'
2025-04-25 02:01:38,084 - INFO - Processing Heiken-Ashi-Smoothed-EA_01_standard.set
2025-04-25 02:01:38,084 - INFO - Processing Heiken-Ashi-Smoothed-EA_01_standard.set
2025-04-25 02:01:38,085 - ERROR - Error processing C:\Users\nikol\AppData\Roaming\MetaQuotes\Terminal\4B1CE69F577705455263BD980C39A82C\MQL5\Profiles\Tester\Heiken-Ashi-Smoothed-EA_01_standard.set: type object 'ParameterRole' has no attribute 'POSITIONING'
2025-04-25 02:01:38,085 - INFO - Processing heiken-ashi-smoothedLine_01_standard.set
2025-04-25 02:01:38,086 - INFO - Processing heiken-ashi-smoothedLine_01_standard.set
2025-04-25 02:01:38,086 - WARNING - Error processing group role_technical: 'list' object has no attribute 'items'
2025-04-25 02:01:38,087 - ERROR - Error processing C:\Users\nikol\AppData\Roaming\MetaQuotes\Terminal\4B1CE69F577705455263BD980C39A82C\MQL5\Profiles\Tester\heiken-ashi-smoothedLine_01_standard.set: dictionary update sequence element #0 has length 12; 2 is required
2025-04-25 02:01:38,087 - INFO - Processing heiken-ashi-smoothed_01_standard.set
2025-04-25 02:01:38,088 - INFO - Processing heiken-ashi-smoothed_01_standard.set
2025-04-25 02:01:38,088 - WARNING - Error processing group role_technical: 'list' object has no attribute 'items'
2025-04-25 02:01:38,089 - ERROR - Error processing C:\Users\nikol\AppData\Roaming\MetaQuotes\Terminal\4B1CE69F577705455263BD980C39A82C\MQL5\Profiles\Tester\heiken-ashi-smoothed_01_standard.set: dictionary update sequence element #0 has length 12; 2 is required
2025-04-25 02:01:38,090 - INFO - Processing HeikenAshi-Lines-EA_01_standard.set
2025-04-25 02:01:38,090 - INFO - Processing HeikenAshi-Lines-EA_01_standard.set
2025-04-25 02:01:38,091 - ERROR - Error processing C:\Users\nikol\AppData\Roaming\MetaQuotes\Terminal\4B1CE69F577705455263BD980C39A82C\MQL5\Profiles\Tester\HeikenAshi-Lines-EA_01_standard.set: type object 'ParameterRole' has no attribute 'POSITIONING'
2025-04-25 02:01:38,091 - INFO - Processing HeikenAshi-Lines_01_standard.set
2025-04-25 02:01:38,092 - INFO - Processing HeikenAshi-Lines_01_standard.set
2025-04-25 02:01:38,093 - WARNING - Error processing group role_technical: 'list' object has no attribute 'items'
2025-04-25 02:01:38,093 - ERROR - Error processing C:\Users\nikol\AppData\Roaming\MetaQuotes\Terminal\4B1CE69F577705455263BD980C39A82C\MQL5\Profiles\Tester\HeikenAshi-Lines_01_standard.set: dictionary update sequence element #0 has length 9; 2 is required
2025-04-25 02:01:38,093 - INFO - Processing Heinken-Ashi-Color-Candles_01_standard.set
2025-04-25 02:01:38,094 - INFO - Processing Heinken-Ashi-Color-Candles_01_standard.set
2025-04-25 02:01:38,094 - WARNING - Error processing group role_technical: 'list' object has no attribute 'items'
2025-04-25 02:01:38,095 - ERROR - Error processing C:\Users\nikol\AppData\Roaming\MetaQuotes\Terminal\4B1CE69F577705455263BD980C39A82C\MQL5\Profiles\Tester\Heinken-Ashi-Color-Candles_01_standard.set: dictionary update sequence element #0 has length 12; 2 is required
2025-04-25 02:01:38,095 - INFO - Processing HelloSmart_01_standard.set
2025-04-25 02:01:38,095 - INFO - Processing HelloSmart_01_standard.set
2025-04-25 02:01:38,096 - ERROR - Error processing C:\Users\nikol\AppData\Roaming\MetaQuotes\Terminal\4B1CE69F577705455263BD980C39A82C\MQL5\Profiles\Tester\HelloSmart_01_standard.set: type object 'ParameterRole' has no attribute 'POSITIONING'
2025-04-25 02:01:38,097 - INFO - Processing High-Low-EA_01_standard.set
2025-04-25 02:01:38,098 - INFO - Processing High-Low-EA_01_standard.set
2025-04-25 02:01:38,098 - ERROR - Error processing C:\Users\nikol\AppData\Roaming\MetaQuotes\Terminal\4B1CE69F577705455263BD980C39A82C\MQL5\Profiles\Tester\High-Low-EA_01_standard.set: type object 'ParameterRole' has no attribute 'POSITIONING'
2025-04-25 02:01:38,099 - INFO - Processing High-Low-Indicator_01_standard.set
2025-04-25 02:01:38,099 - INFO - Processing High-Low-Indicator_01_standard.set
2025-04-25 02:01:38,100 - WARNING - Error processing group role_technical: 'list' object has no attribute 'items'
2025-04-25 02:01:38,101 - ERROR - Error processing C:\Users\nikol\AppData\Roaming\MetaQuotes\Terminal\4B1CE69F577705455263BD980C39A82C\MQL5\Profiles\Tester\High-Low-Indicator_01_standard.set: dictionary update sequence element #0 has length 7; 2 is required
2025-04-25 02:01:38,101 - INFO - Processing Hoop-master-2_01_standard.set
2025-04-25 02:01:38,101 - INFO - Processing Hoop-master-2_01_standard.set
2025-04-25 02:01:38,102 - ERROR - Error processing C:\Users\nikol\AppData\Roaming\MetaQuotes\Terminal\4B1CE69F577705455263BD980C39A82C\MQL5\Profiles\Tester\Hoop-master-2_01_standard.set: type object 'ParameterRole' has no attribute 'POSITIONING'
2025-04-25 02:01:38,103 - INFO - Processing iCCI-iMA_01_standard.set
2025-04-25 02:01:38,103 - INFO - Processing iCCI-iMA_01_standard.set
2025-04-25 02:01:38,104 - ERROR - Error processing C:\Users\nikol\AppData\Roaming\MetaQuotes\Terminal\4B1CE69F577705455263BD980C39A82C\MQL5\Profiles\Tester\iCCI-iMA_01_standard.set: type object 'ParameterRole' has no attribute 'POSITIONING'
2025-04-25 02:01:38,105 - INFO - Processing ICH-With-Alert-Derekers-EA_01_standard.set
2025-04-25 02:01:38,105 - INFO - Processing ICH-With-Alert-Derekers-EA_01_standard.set
2025-04-25 02:01:38,106 - ERROR - Error processing C:\Users\nikol\AppData\Roaming\MetaQuotes\Terminal\4B1CE69F577705455263BD980C39A82C\MQL5\Profiles\Tester\ICH-With-Alert-Derekers-EA_01_standard.set: type object 'ParameterRole' has no attribute 'POSITIONING'
2025-04-25 02:01:38,106 - INFO - Processing ICH-With-Alert-Derekers_01_standard.set
2025-04-25 02:01:38,107 - INFO - Processing ICH-With-Alert-Derekers_01_standard.set
2025-04-25 02:01:38,108 - WARNING - Error processing group role_technical: 'list' object has no attribute 'items'
2025-04-25 02:01:38,108 - ERROR - Error processing C:\Users\nikol\AppData\Roaming\MetaQuotes\Terminal\4B1CE69F577705455263BD980C39A82C\MQL5\Profiles\Tester\ICH-With-Alert-Derekers_01_standard.set: dictionary update sequence element #0 has length 18; 2 is required
2025-04-25 02:01:38,109 - INFO - Processing ichimok2005_01_standard.set
2025-04-25 02:01:38,109 - INFO - Processing ichimok2005_01_standard.set
2025-04-25 02:01:38,110 - ERROR - Error processing C:\Users\nikol\AppData\Roaming\MetaQuotes\Terminal\4B1CE69F577705455263BD980C39A82C\MQL5\Profiles\Tester\ichimok2005_01_standard.set: type object 'ParameterRole' has no attribute 'POSITIONING'
2025-04-25 02:01:38,110 - INFO - Processing Ichimoku-20Kijun-20Alert_01_standard.set
2025-04-25 02:01:38,111 - INFO - Processing Ichimoku-20Kijun-20Alert_01_standard.set
2025-04-25 02:01:38,112 - WARNING - Error processing group role_system: 'list' object has no attribute 'items'
2025-04-25 02:01:38,112 - ERROR - Error processing C:\Users\nikol\AppData\Roaming\MetaQuotes\Terminal\4B1CE69F577705455263BD980C39A82C\MQL5\Profiles\Tester\Ichimoku-20Kijun-20Alert_01_standard.set: dictionary update sequence element #0 has length 3; 2 is required
2025-04-25 02:01:38,113 - INFO - Processing Ichimoku-20Tenkan-20Alert_01_standard.set
2025-04-25 02:01:38,113 - INFO - Processing Ichimoku-20Tenkan-20Alert_01_standard.set
2025-04-25 02:01:38,114 - WARNING - Error processing group role_system: 'list' object has no attribute 'items'
2025-04-25 02:01:38,114 - ERROR - Error processing C:\Users\nikol\AppData\Roaming\MetaQuotes\Terminal\4B1CE69F577705455263BD980C39A82C\MQL5\Profiles\Tester\Ichimoku-20Tenkan-20Alert_01_standard.set: dictionary update sequence element #0 has length 3; 2 is required
2025-04-25 02:01:38,115 - INFO - Processing Ichimoku-Dashboard-MT5_01_standard.set
2025-04-25 02:01:38,115 - INFO - Processing Ichimoku-Dashboard-MT5_01_standard.set
2025-04-25 02:01:38,116 - WARNING - Error processing group role_system: 'list' object has no attribute 'items'
2025-04-25 02:01:38,116 - ERROR - Error processing C:\Users\nikol\AppData\Roaming\MetaQuotes\Terminal\4B1CE69F577705455263BD980C39A82C\MQL5\Profiles\Tester\Ichimoku-Dashboard-MT5_01_standard.set: dictionary update sequence element #0 has length 8; 2 is required
2025-04-25 02:01:38,117 - INFO - Processing Ichimoku-Scanner-MT5_01_standard.set
2025-04-25 02:01:38,117 - INFO - Processing Ichimoku-Scanner-MT5_01_standard.set
2025-04-25 02:01:38,118 - WARNING - Error processing group role_system: 'list' object has no attribute 'items'
2025-04-25 02:01:38,119 - ERROR - Error processing C:\Users\nikol\AppData\Roaming\MetaQuotes\Terminal\4B1CE69F577705455263BD980C39A82C\MQL5\Profiles\Tester\Ichimoku-Scanner-MT5_01_standard.set: dictionary update sequence element #0 has length 8; 2 is required
2025-04-25 02:01:38,119 - INFO - Processing Ichimoku-Scanner_01_standard.set
2025-04-25 02:01:38,120 - INFO - Processing Ichimoku-Scanner_01_standard.set
2025-04-25 02:01:38,120 - WARNING - Error processing group role_system: 'list' object has no attribute 'items'
2025-04-25 02:01:38,121 - ERROR - Error processing C:\Users\nikol\AppData\Roaming\MetaQuotes\Terminal\4B1CE69F577705455263BD980C39A82C\MQL5\Profiles\Tester\Ichimoku-Scanner_01_standard.set: dictionary update sequence element #0 has length 8; 2 is required
2025-04-25 02:01:38,121 - INFO - Processing Ichimoku-Signals-and-Alert_01_standard.set
2025-04-25 02:01:38,121 - INFO - Processing Ichimoku-Signals-and-Alert_01_standard.set
2025-04-25 02:01:38,122 - ERROR - Error processing C:\Users\nikol\AppData\Roaming\MetaQuotes\Terminal\4B1CE69F577705455263BD980C39A82C\MQL5\Profiles\Tester\Ichimoku-Signals-and-Alert_01_standard.set: type object 'ParameterRole' has no attribute 'POSITIONING'
2025-04-25 02:01:38,123 - INFO - Processing IchimokuMTF-EA_01_standard.set
2025-04-25 02:01:38,123 - INFO - Processing IchimokuMTF-EA_01_standard.set
2025-04-25 02:01:38,124 - ERROR - Error processing C:\Users\nikol\AppData\Roaming\MetaQuotes\Terminal\4B1CE69F577705455263BD980C39A82C\MQL5\Profiles\Tester\IchimokuMTF-EA_01_standard.set: type object 'ParameterRole' has no attribute 'POSITIONING'
2025-04-25 02:01:38,125 - INFO - Processing Ichimoku_01_standard.set
2025-04-25 02:01:38,125 - INFO - Processing Ichimoku_01_standard.set
2025-04-25 02:01:38,126 - WARNING - Error processing group role_system: 'list' object has no attribute 'items'
2025-04-25 02:01:38,126 - ERROR - Error processing C:\Users\nikol\AppData\Roaming\MetaQuotes\Terminal\4B1CE69F577705455263BD980C39A82C\MQL5\Profiles\Tester\Ichimoku_01_standard.set: dictionary update sequence element #0 has length 10; 2 is required
2025-04-25 02:01:38,127 - INFO - Processing Ilan-iMA_01_standard.set
2025-04-25 02:01:38,127 - INFO - Processing Ilan-iMA_01_standard.set
2025-04-25 02:01:38,128 - ERROR - Error processing C:\Users\nikol\AppData\Roaming\MetaQuotes\Terminal\4B1CE69F577705455263BD980C39A82C\MQL5\Profiles\Tester\Ilan-iMA_01_standard.set: type object 'ParameterRole' has no attribute 'POSITIONING'
2025-04-25 02:01:38,128 - INFO - Processing Ilan1.4_01_standard.set
2025-04-25 02:01:38,129 - INFO - Processing Ilan1.4_01_standard.set
2025-04-25 02:01:38,130 - ERROR - Error processing C:\Users\nikol\AppData\Roaming\MetaQuotes\Terminal\4B1CE69F577705455263BD980C39A82C\MQL5\Profiles\Tester\Ilan1.4_01_standard.set: type object 'ParameterRole' has no attribute 'POSITIONING'
2025-04-25 02:01:38,130 - INFO - Processing iMA-iStdDev_01_standard.set
2025-04-25 02:01:38,130 - INFO - Processing iMA-iStdDev_01_standard.set
2025-04-25 02:01:38,131 - ERROR - Error processing C:\Users\nikol\AppData\Roaming\MetaQuotes\Terminal\4B1CE69F577705455263BD980C39A82C\MQL5\Profiles\Tester\iMA-iStdDev_01_standard.set: type object 'ParameterRole' has no attribute 'POSITIONING'
2025-04-25 02:01:38,132 - INFO - Processing Indices-Tester_01_standard.set
2025-04-25 02:01:38,133 - INFO - Processing Indices-Tester_01_standard.set
2025-04-25 02:01:38,133 - WARNING - Error processing group role_system: 'list' object has no attribute 'items'
2025-04-25 02:01:38,134 - ERROR - Error processing C:\Users\nikol\AppData\Roaming\MetaQuotes\Terminal\4B1CE69F577705455263BD980C39A82C\MQL5\Profiles\Tester\Indices-Tester_01_standard.set: dictionary update sequence element #0 has length 9; 2 is required
2025-04-25 02:01:38,134 - INFO - Processing Inka-20Edho-20EA_01_standard.set
2025-04-25 02:01:38,135 - INFO - Processing Inka-20Edho-20EA_01_standard.set
2025-04-25 02:01:38,135 - ERROR - Error processing C:\Users\nikol\AppData\Roaming\MetaQuotes\Terminal\4B1CE69F577705455263BD980C39A82C\MQL5\Profiles\Tester\Inka-20Edho-20EA_01_standard.set: type object 'ParameterRole' has no attribute 'POSITIONING'
2025-04-25 02:01:38,136 - INFO - Processing Intersection-2-iMA_01_standard.set
2025-04-25 02:01:38,136 - INFO - Processing Intersection-2-iMA_01_standard.set
2025-04-25 02:01:38,137 - ERROR - Error processing C:\Users\nikol\AppData\Roaming\MetaQuotes\Terminal\4B1CE69F577705455263BD980C39A82C\MQL5\Profiles\Tester\Intersection-2-iMA_01_standard.set: type object 'ParameterRole' has no attribute 'POSITIONING'
2025-04-25 02:01:38,137 - INFO - Processing IStochastic-Trading_01_standard.set
2025-04-25 02:01:38,138 - INFO - Processing IStochastic-Trading_01_standard.set
2025-04-25 02:01:38,139 - ERROR - Error processing C:\Users\nikol\AppData\Roaming\MetaQuotes\Terminal\4B1CE69F577705455263BD980C39A82C\MQL5\Profiles\Tester\IStochastic-Trading_01_standard.set: type object 'ParameterRole' has no attribute 'POSITIONING'
2025-04-25 02:01:38,139 - INFO - Processing Ivan_01_standard.set
2025-04-25 02:01:38,140 - INFO - Processing Ivan_01_standard.set
2025-04-25 02:01:38,140 - ERROR - Error processing C:\Users\nikol\AppData\Roaming\MetaQuotes\Terminal\4B1CE69F577705455263BD980C39A82C\MQL5\Profiles\Tester\Ivan_01_standard.set: type object 'ParameterRole' has no attribute 'POSITIONING'
2025-04-25 02:01:38,141 - INFO - Processing iVIDyA-Simple_01_standard.set
2025-04-25 02:01:38,141 - INFO - Processing iVIDyA-Simple_01_standard.set
2025-04-25 02:01:38,142 - ERROR - Error processing C:\Users\nikol\AppData\Roaming\MetaQuotes\Terminal\4B1CE69F577705455263BD980C39A82C\MQL5\Profiles\Tester\iVIDyA-Simple_01_standard.set: type object 'ParameterRole' has no attribute 'POSITIONING'
2025-04-25 02:01:38,142 - INFO - Processing Jackpot-Strategy-EA_01_standard.set
2025-04-25 02:01:38,143 - INFO - Processing Jackpot-Strategy-EA_01_standard.set
2025-04-25 02:01:38,143 - ERROR - Error processing C:\Users\nikol\AppData\Roaming\MetaQuotes\Terminal\4B1CE69F577705455263BD980C39A82C\MQL5\Profiles\Tester\Jackpot-Strategy-EA_01_standard.set: type object 'ParameterRole' has no attribute 'POSITIONING'
2025-04-25 02:01:38,144 - INFO - Processing JackPot-Strategy-Elite_01_standard.set
2025-04-25 02:01:38,144 - INFO - Processing JackPot-Strategy-Elite_01_standard.set
2025-04-25 02:01:38,145 - WARNING - Error processing group role_system: 'list' object has no attribute 'items'
2025-04-25 02:01:38,146 - ERROR - Error processing C:\Users\nikol\AppData\Roaming\MetaQuotes\Terminal\4B1CE69F577705455263BD980C39A82C\MQL5\Profiles\Tester\JackPot-Strategy-Elite_01_standard.set: dictionary update sequence element #0 has length 3; 2 is required
2025-04-25 02:01:38,146 - INFO - Processing JK-BullP-AutoTrader_01_standard.set
2025-04-25 02:01:38,147 - INFO - Processing JK-BullP-AutoTrader_01_standard.set
2025-04-25 02:01:38,148 - ERROR - Error processing C:\Users\nikol\AppData\Roaming\MetaQuotes\Terminal\4B1CE69F577705455263BD980C39A82C\MQL5\Profiles\Tester\JK-BullP-AutoTrader_01_standard.set: type object 'ParameterRole' has no attribute 'POSITIONING'
2025-04-25 02:01:38,148 - INFO - Processing JS-Chaos_01_standard.set
2025-04-25 02:01:38,149 - INFO - Processing JS-Chaos_01_standard.set
2025-04-25 02:01:38,150 - WARNING - Error processing group role_system: 'list' object has no attribute 'items'
2025-04-25 02:01:38,150 - ERROR - Error processing C:\Users\nikol\AppData\Roaming\MetaQuotes\Terminal\4B1CE69F577705455263BD980C39A82C\MQL5\Profiles\Tester\JS-Chaos_01_standard.set: dictionary update sequence element #0 has length 14; 2 is required
2025-04-25 02:01:38,151 - INFO - Processing JS-MA-Day_01_standard.set
2025-04-25 02:01:38,151 - INFO - Processing JS-MA-Day_01_standard.set
2025-04-25 02:01:38,152 - ERROR - Error processing C:\Users\nikol\AppData\Roaming\MetaQuotes\Terminal\4B1CE69F577705455263BD980C39A82C\MQL5\Profiles\Tester\JS-MA-Day_01_standard.set: type object 'ParameterRole' has no attribute 'POSITIONING'
2025-04-25 02:01:38,153 - INFO - Processing JS-MA-SAR-Trades_01_standard.set
2025-04-25 02:01:38,154 - INFO - Processing JS-MA-SAR-Trades_01_standard.set
2025-04-25 02:01:38,154 - ERROR - Error processing C:\Users\nikol\AppData\Roaming\MetaQuotes\Terminal\4B1CE69F577705455263BD980C39A82C\MQL5\Profiles\Tester\JS-MA-SAR-Trades_01_standard.set: type object 'ParameterRole' has no attribute 'POSITIONING'
2025-04-25 02:01:38,155 - INFO - Processing KA-Gold-Bot_01_standard.set
2025-04-25 02:01:38,155 - INFO - Processing KA-Gold-Bot_01_standard.set
2025-04-25 02:01:38,156 - ERROR - Error processing C:\Users\nikol\AppData\Roaming\MetaQuotes\Terminal\4B1CE69F577705455263BD980C39A82C\MQL5\Profiles\Tester\KA-Gold-Bot_01_standard.set: type object 'ParameterRole' has no attribute 'POSITIONING'
2025-04-25 02:01:38,157 - INFO - Processing Kue-Electric-EA_01_standard.set
2025-04-25 02:01:38,157 - INFO - Processing Kue-Electric-EA_01_standard.set
2025-04-25 02:01:38,158 - ERROR - Error processing C:\Users\nikol\AppData\Roaming\MetaQuotes\Terminal\4B1CE69F577705455263BD980C39A82C\MQL5\Profiles\Tester\Kue-Electric-EA_01_standard.set: type object 'ParameterRole' has no attribute 'POSITIONING'
2025-04-25 02:01:38,158 - INFO - Processing KueFx-20Arrows_01_standard.set
2025-04-25 02:01:38,159 - INFO - Processing KueFx-20Arrows_01_standard.set
2025-04-25 02:01:38,160 - ERROR - Error processing C:\Users\nikol\AppData\Roaming\MetaQuotes\Terminal\4B1CE69F577705455263BD980C39A82C\MQL5\Profiles\Tester\KueFx-20Arrows_01_standard.set: type object 'ParameterRole' has no attribute 'POSITIONING'
2025-04-25 02:01:38,160 - INFO - Processing KueFx-20Baseline_01_standard.set
2025-04-25 02:01:38,161 - INFO - Processing KueFx-20Baseline_01_standard.set
2025-04-25 02:01:38,161 - ERROR - Error processing C:\Users\nikol\AppData\Roaming\MetaQuotes\Terminal\4B1CE69F577705455263BD980C39A82C\MQL5\Profiles\Tester\KueFx-20Baseline_01_standard.set: type object 'ParameterRole' has no attribute 'POSITIONING'
2025-04-25 02:01:38,162 - INFO - Processing KueFx-Arrows-20EA_01_standard.set
2025-04-25 02:01:38,162 - INFO - Processing KueFx-Arrows-20EA_01_standard.set
2025-04-25 02:01:38,163 - ERROR - Error processing C:\Users\nikol\AppData\Roaming\MetaQuotes\Terminal\4B1CE69F577705455263BD980C39A82C\MQL5\Profiles\Tester\KueFx-Arrows-20EA_01_standard.set: type object 'ParameterRole' has no attribute 'POSITIONING'
2025-04-25 02:01:38,163 - INFO - Processing KueFx-Arrows-EA_01_standard.set
2025-04-25 02:01:38,164 - INFO - Processing KueFx-Arrows-EA_01_standard.set
2025-04-25 02:01:38,165 - ERROR - Error processing C:\Users\nikol\AppData\Roaming\MetaQuotes\Terminal\4B1CE69F577705455263BD980C39A82C\MQL5\Profiles\Tester\KueFx-Arrows-EA_01_standard.set: type object 'ParameterRole' has no attribute 'POSITIONING'
2025-04-25 02:01:38,165 - INFO - Processing KueFx-Arrows_01_standard.set
2025-04-25 02:01:38,166 - INFO - Processing KueFx-Arrows_01_standard.set
2025-04-25 02:01:38,166 - ERROR - Error processing C:\Users\nikol\AppData\Roaming\MetaQuotes\Terminal\4B1CE69F577705455263BD980C39A82C\MQL5\Profiles\Tester\KueFx-Arrows_01_standard.set: type object 'ParameterRole' has no attribute 'POSITIONING'
2025-04-25 02:01:38,167 - INFO - Processing KueFx-Baseline-EA_01_standard.set
2025-04-25 02:01:38,167 - INFO - Processing KueFx-Baseline-EA_01_standard.set
2025-04-25 02:01:38,168 - ERROR - Error processing C:\Users\nikol\AppData\Roaming\MetaQuotes\Terminal\4B1CE69F577705455263BD980C39A82C\MQL5\Profiles\Tester\KueFx-Baseline-EA_01_standard.set: type object 'ParameterRole' has no attribute 'POSITIONING'
2025-04-25 02:01:38,169 - INFO - Processing KueFx-Baseline_01_standard.set
2025-04-25 02:01:38,169 - INFO - Processing KueFx-Baseline_01_standard.set
2025-04-25 02:01:38,170 - ERROR - Error processing C:\Users\nikol\AppData\Roaming\MetaQuotes\Terminal\4B1CE69F577705455263BD980C39A82C\MQL5\Profiles\Tester\KueFx-Baseline_01_standard.set: type object 'ParameterRole' has no attribute 'POSITIONING'
2025-04-25 02:01:38,170 - INFO - Processing KueFx-Clean-2025-EA_01_standard.set
2025-04-25 02:01:38,171 - INFO - Processing KueFx-Clean-2025-EA_01_standard.set
2025-04-25 02:01:38,171 - ERROR - Error processing C:\Users\nikol\AppData\Roaming\MetaQuotes\Terminal\4B1CE69F577705455263BD980C39A82C\MQL5\Profiles\Tester\KueFx-Clean-2025-EA_01_standard.set: type object 'ParameterRole' has no attribute 'POSITIONING'
2025-04-25 02:01:38,172 - INFO - Processing KueFx-Extreme-EA_01_standard.set
2025-04-25 02:01:38,172 - INFO - Processing KueFx-Extreme-EA_01_standard.set
2025-04-25 02:01:38,174 - ERROR - Error processing C:\Users\nikol\AppData\Roaming\MetaQuotes\Terminal\4B1CE69F577705455263BD980C39A82C\MQL5\Profiles\Tester\KueFx-Extreme-EA_01_standard.set: type object 'ParameterRole' has no attribute 'POSITIONING'
2025-04-25 02:01:38,174 - INFO - Processing KueFx-Harare-EA_01_standard.set
2025-04-25 02:01:38,175 - INFO - Processing KueFx-Harare-EA_01_standard.set
2025-04-25 02:01:38,175 - ERROR - Error processing C:\Users\nikol\AppData\Roaming\MetaQuotes\Terminal\4B1CE69F577705455263BD980C39A82C\MQL5\Profiles\Tester\KueFx-Harare-EA_01_standard.set: type object 'ParameterRole' has no attribute 'POSITIONING'
2025-04-25 02:01:38,176 - INFO - Processing KueFX-Money-Management_01_standard.set
2025-04-25 02:01:38,176 - INFO - Processing KueFX-Money-Management_01_standard.set
2025-04-25 02:01:38,177 - ERROR - Error processing C:\Users\nikol\AppData\Roaming\MetaQuotes\Terminal\4B1CE69F577705455263BD980C39A82C\MQL5\Profiles\Tester\KueFX-Money-Management_01_standard.set: type object 'ParameterRole' has no attribute 'POSITIONING'
2025-04-25 02:01:38,177 - INFO - Processing KueFx-Motor-EA_01_standard.set
2025-04-25 02:01:38,178 - INFO - Processing KueFx-Motor-EA_01_standard.set
2025-04-25 02:01:38,178 - ERROR - Error processing C:\Users\nikol\AppData\Roaming\MetaQuotes\Terminal\4B1CE69F577705455263BD980C39A82C\MQL5\Profiles\Tester\KueFx-Motor-EA_01_standard.set: type object 'ParameterRole' has no attribute 'POSITIONING'
2025-04-25 02:01:38,179 - INFO - Processing KueFx-Motor_01_standard.set
2025-04-25 02:01:38,179 - INFO - Processing KueFx-Motor_01_standard.set
2025-04-25 02:01:38,180 - WARNING - Error processing group role_system: 'list' object has no attribute 'items'
2025-04-25 02:01:38,181 - ERROR - Error processing C:\Users\nikol\AppData\Roaming\MetaQuotes\Terminal\4B1CE69F577705455263BD980C39A82C\MQL5\Profiles\Tester\KueFx-Motor_01_standard.set: dictionary update sequence element #0 has length 7; 2 is required
2025-04-25 02:01:38,181 - INFO - Processing KueFx-Trend_01_standard.set
2025-04-25 02:01:38,182 - INFO - Processing KueFx-Trend_01_standard.set
2025-04-25 02:01:38,182 - ERROR - Error processing C:\Users\nikol\AppData\Roaming\MetaQuotes\Terminal\4B1CE69F577705455263BD980C39A82C\MQL5\Profiles\Tester\KueFx-Trend_01_standard.set: type object 'ParameterRole' has no attribute 'POSITIONING'
2025-04-25 02:01:38,183 - INFO - Processing KueFxTrend-20EA_01_standard.set
2025-04-25 02:01:38,183 - INFO - Processing KueFxTrend-20EA_01_standard.set
2025-04-25 02:01:38,184 - ERROR - Error processing C:\Users\nikol\AppData\Roaming\MetaQuotes\Terminal\4B1CE69F577705455263BD980C39A82C\MQL5\Profiles\Tester\KueFxTrend-20EA_01_standard.set: type object 'ParameterRole' has no attribute 'POSITIONING'
2025-04-25 02:01:38,184 - INFO - Processing KueFxTrend-EA_01_standard.set
2025-04-25 02:01:38,185 - INFO - Processing KueFxTrend-EA_01_standard.set
2025-04-25 02:01:38,185 - ERROR - Error processing C:\Users\nikol\AppData\Roaming\MetaQuotes\Terminal\4B1CE69F577705455263BD980C39A82C\MQL5\Profiles\Tester\KueFxTrend-EA_01_standard.set: type object 'ParameterRole' has no attribute 'POSITIONING'
2025-04-25 02:01:38,186 - INFO - Processing KueFx_Arrows_EA_v1.10_01_standard.set
2025-04-25 02:01:38,186 - INFO - Processing KueFx_Arrows_EA_v1.10_01_standard.set
2025-04-25 02:01:38,187 - ERROR - Error processing C:\Users\nikol\AppData\Roaming\MetaQuotes\Terminal\4B1CE69F577705455263BD980C39A82C\MQL5\Profiles\Tester\KueFx_Arrows_EA_v1.10_01_standard.set: type object 'ParameterRole' has no attribute 'POSITIONING'
2025-04-25 02:01:38,188 - INFO - Processing KueFx_Baseline_EA_v1.10_01_standard.set
2025-04-25 02:01:38,188 - INFO - Processing KueFx_Baseline_EA_v1.10_01_standard.set
2025-04-25 02:01:38,189 - ERROR - Error processing C:\Users\nikol\AppData\Roaming\MetaQuotes\Terminal\4B1CE69F577705455263BD980C39A82C\MQL5\Profiles\Tester\KueFx_Baseline_EA_v1.10_01_standard.set: type object 'ParameterRole' has no attribute 'POSITIONING'
2025-04-25 02:01:38,190 - INFO - Processing LarryConnersRSI2_01_standard.set
2025-04-25 02:01:38,190 - INFO - Processing LarryConnersRSI2_01_standard.set
2025-04-25 02:01:38,191 - ERROR - Error processing C:\Users\nikol\AppData\Roaming\MetaQuotes\Terminal\4B1CE69F577705455263BD980C39A82C\MQL5\Profiles\Tester\LarryConnersRSI2_01_standard.set: type object 'ParameterRole' has no attribute 'POSITIONING'
2025-04-25 02:01:38,191 - INFO - Processing Last-ZZ50_01_standard.set
2025-04-25 02:01:38,192 - INFO - Processing Last-ZZ50_01_standard.set
2025-04-25 02:01:38,192 - ERROR - Error processing C:\Users\nikol\AppData\Roaming\MetaQuotes\Terminal\4B1CE69F577705455263BD980C39A82C\MQL5\Profiles\Tester\Last-ZZ50_01_standard.set: type object 'ParameterRole' has no attribute 'POSITIONING'
2025-04-25 02:01:38,193 - INFO - Processing Lavika100_01_standard.set
2025-04-25 02:01:38,194 - INFO - Processing Lavika100_01_standard.set
2025-04-25 02:01:38,194 - ERROR - Error processing C:\Users\nikol\AppData\Roaming\MetaQuotes\Terminal\4B1CE69F577705455263BD980C39A82C\MQL5\Profiles\Tester\Lavika100_01_standard.set: type object 'ParameterRole' has no attribute 'POSITIONING'
2025-04-25 02:01:38,195 - INFO - Processing LazyBot-MT5_01_standard.set
2025-04-25 02:01:38,196 - INFO - Processing LazyBot-MT5_01_standard.set
2025-04-25 02:01:38,197 - ERROR - Error processing C:\Users\nikol\AppData\Roaming\MetaQuotes\Terminal\4B1CE69F577705455263BD980C39A82C\MQL5\Profiles\Tester\LazyBot-MT5_01_standard.set: type object 'ParameterRole' has no attribute 'POSITIONING'
2025-04-25 02:01:38,197 - INFO - Processing LBS_01_standard.set
2025-04-25 02:01:38,197 - INFO - Processing LBS_01_standard.set
2025-04-25 02:01:38,198 - ERROR - Error processing C:\Users\nikol\AppData\Roaming\MetaQuotes\Terminal\4B1CE69F577705455263BD980C39A82C\MQL5\Profiles\Tester\LBS_01_standard.set: type object 'ParameterRole' has no attribute 'POSITIONING'
2025-04-25 02:01:38,199 - INFO - Processing Lego-EA_01_standard.set
2025-04-25 02:01:38,199 - INFO - Processing Lego-EA_01_standard.set
2025-04-25 02:01:38,200 - ERROR - Error processing C:\Users\nikol\AppData\Roaming\MetaQuotes\Terminal\4B1CE69F577705455263BD980C39A82C\MQL5\Profiles\Tester\Lego-EA_01_standard.set: type object 'ParameterRole' has no attribute 'POSITIONING'
2025-04-25 02:01:38,201 - INFO - Processing Lesson-3-Price-Action_01_standard.set
2025-04-25 02:01:38,201 - INFO - Processing Lesson-3-Price-Action_01_standard.set
2025-04-25 02:01:38,202 - ERROR - Error processing C:\Users\nikol\AppData\Roaming\MetaQuotes\Terminal\4B1CE69F577705455263BD980C39A82C\MQL5\Profiles\Tester\Lesson-3-Price-Action_01_standard.set: type object 'ParameterRole' has no attribute 'POSITIONING'
2025-04-25 02:01:38,202 - INFO - Processing Lesson-4-Price-Action-MA-Filter_01_standard.set
2025-04-25 02:01:38,203 - INFO - Processing Lesson-4-Price-Action-MA-Filter_01_standard.set
2025-04-25 02:01:38,204 - ERROR - Error processing C:\Users\nikol\AppData\Roaming\MetaQuotes\Terminal\4B1CE69F577705455263BD980C39A82C\MQL5\Profiles\Tester\Lesson-4-Price-Action-MA-Filter_01_standard.set: type object 'ParameterRole' has no attribute 'POSITIONING'
2025-04-25 02:01:38,204 - INFO - Processing Lesson-6-Trailling-ATR_01_standard.set
2025-04-25 02:01:38,205 - INFO - Processing Lesson-6-Trailling-ATR_01_standard.set
2025-04-25 02:01:38,205 - ERROR - Error processing C:\Users\nikol\AppData\Roaming\MetaQuotes\Terminal\4B1CE69F577705455263BD980C39A82C\MQL5\Profiles\Tester\Lesson-6-Trailling-ATR_01_standard.set: type object 'ParameterRole' has no attribute 'POSITIONING'
2025-04-25 02:01:38,206 - INFO - Processing Lesson-7-Price-action-Ket-hop-Volume-VSA_01_standard.set
2025-04-25 02:01:38,206 - INFO - Processing Lesson-7-Price-action-Ket-hop-Volume-VSA_01_standard.set
2025-04-25 02:01:38,207 - ERROR - Error processing C:\Users\nikol\AppData\Roaming\MetaQuotes\Terminal\4B1CE69F577705455263BD980C39A82C\MQL5\Profiles\Tester\Lesson-7-Price-action-Ket-hop-Volume-VSA_01_standard.set: type object 'ParameterRole' has no attribute 'POSITIONING'
2025-04-25 02:01:38,208 - INFO - Processing Little-EA_01_standard.set
2025-04-25 02:01:38,208 - INFO - Processing Little-EA_01_standard.set
2025-04-25 02:01:38,209 - ERROR - Error processing C:\Users\nikol\AppData\Roaming\MetaQuotes\Terminal\4B1CE69F577705455263BD980C39A82C\MQL5\Profiles\Tester\Little-EA_01_standard.set: type object 'ParameterRole' has no attribute 'POSITIONING'
2025-04-25 02:01:38,210 - INFO - Processing Locker_01_standard.set
2025-04-25 02:01:38,210 - INFO - Processing Locker_01_standard.set
2025-04-25 02:01:38,211 - ERROR - Error processing C:\Users\nikol\AppData\Roaming\MetaQuotes\Terminal\4B1CE69F577705455263BD980C39A82C\MQL5\Profiles\Tester\Locker_01_standard.set: type object 'ParameterRole' has no attribute 'POSITIONING'
2025-04-25 02:01:38,211 - INFO - Processing Lock_01_standard.set
2025-04-25 02:01:38,212 - INFO - Processing Lock_01_standard.set
2025-04-25 02:01:38,212 - ERROR - Error processing C:\Users\nikol\AppData\Roaming\MetaQuotes\Terminal\4B1CE69F577705455263BD980C39A82C\MQL5\Profiles\Tester\Lock_01_standard.set: type object 'ParameterRole' has no attribute 'POSITIONING'
2025-04-25 02:01:38,213 - INFO - Processing Lucky_01_standard.set
2025-04-25 02:01:38,213 - INFO - Processing Lucky_01_standard.set
2025-04-25 02:01:38,214 - WARNING - Error processing group role_technical: 'list' object has no attribute 'items'
2025-04-25 02:01:38,215 - ERROR - Error processing C:\Users\nikol\AppData\Roaming\MetaQuotes\Terminal\4B1CE69F577705455263BD980C39A82C\MQL5\Profiles\Tester\Lucky_01_standard.set: dictionary update sequence element #0 has length 9; 2 is required
2025-04-25 02:01:38,215 - INFO - Processing MA MACD Position averaging v2_01_standard.set
2025-04-25 02:01:38,216 - INFO - Processing MA MACD Position averaging v2_01_standard.set
2025-04-25 02:01:38,217 - ERROR - Error processing C:\Users\nikol\AppData\Roaming\MetaQuotes\Terminal\4B1CE69F577705455263BD980C39A82C\MQL5\Profiles\Tester\MA MACD Position averaging v2_01_standard.set: type object 'ParameterRole' has no attribute 'POSITIONING'
2025-04-25 02:01:38,217 - INFO - Processing MA-20Alert_01_standard.set
2025-04-25 02:01:38,217 - INFO - Processing MA-20Alert_01_standard.set
2025-04-25 02:01:38,218 - WARNING - Error processing group role_technical: 'list' object has no attribute 'items'
2025-04-25 02:01:38,219 - ERROR - Error processing C:\Users\nikol\AppData\Roaming\MetaQuotes\Terminal\4B1CE69F577705455263BD980C39A82C\MQL5\Profiles\Tester\MA-20Alert_01_standard.set: dictionary update sequence element #0 has length 10; 2 is required
2025-04-25 02:01:38,219 - INFO - Processing MA-20AO-20Arrow_01_standard.set
2025-04-25 02:01:38,219 - INFO - Processing MA-20AO-20Arrow_01_standard.set
2025-04-25 02:01:38,220 - ERROR - Error processing C:\Users\nikol\AppData\Roaming\MetaQuotes\Terminal\4B1CE69F577705455263BD980C39A82C\MQL5\Profiles\Tester\MA-20AO-20Arrow_01_standard.set: type object 'ParameterRole' has no attribute 'POSITIONING'
2025-04-25 02:01:38,221 - INFO - Processing MA-AO-EA_01_standard.set
2025-04-25 02:01:38,221 - INFO - Processing MA-AO-EA_01_standard.set
2025-04-25 02:01:38,222 - ERROR - Error processing C:\Users\nikol\AppData\Roaming\MetaQuotes\Terminal\4B1CE69F577705455263BD980C39A82C\MQL5\Profiles\Tester\MA-AO-EA_01_standard.set: type object 'ParameterRole' has no attribute 'POSITIONING'
2025-04-25 02:01:38,223 - INFO - Processing ma-channels_01_standard.set
2025-04-25 02:01:38,223 - INFO - Processing ma-channels_01_standard.set
2025-04-25 02:01:38,224 - WARNING - Error processing group role_system: 'list' object has no attribute 'items'
2025-04-25 02:01:38,224 - ERROR - Error processing C:\Users\nikol\AppData\Roaming\MetaQuotes\Terminal\4B1CE69F577705455263BD980C39A82C\MQL5\Profiles\Tester\ma-channels_01_standard.set: dictionary update sequence element #0 has length 10; 2 is required
2025-04-25 02:01:38,225 - INFO - Processing Ma-Crosses-MT5_01_standard.set
2025-04-25 02:01:38,225 - INFO - Processing Ma-Crosses-MT5_01_standard.set
2025-04-25 02:01:38,226 - ERROR - Error processing C:\Users\nikol\AppData\Roaming\MetaQuotes\Terminal\4B1CE69F577705455263BD980C39A82C\MQL5\Profiles\Tester\Ma-Crosses-MT5_01_standard.set: type object 'ParameterRole' has no attribute 'POSITIONING'
2025-04-25 02:01:38,226 - INFO - Processing MA-Crossover-mt5-20EA_01_standard.set
2025-04-25 02:01:38,226 - INFO - Processing MA-Crossover-mt5-20EA_01_standard.set
2025-04-25 02:01:38,227 - ERROR - Error processing C:\Users\nikol\AppData\Roaming\MetaQuotes\Terminal\4B1CE69F577705455263BD980C39A82C\MQL5\Profiles\Tester\MA-Crossover-mt5-20EA_01_standard.set: type object 'ParameterRole' has no attribute 'POSITIONING'
2025-04-25 02:01:38,228 - INFO - Processing MA-Cross_01_standard.set
2025-04-25 02:01:38,228 - INFO - Processing MA-Cross_01_standard.set
2025-04-25 02:01:38,229 - ERROR - Error processing C:\Users\nikol\AppData\Roaming\MetaQuotes\Terminal\4B1CE69F577705455263BD980C39A82C\MQL5\Profiles\Tester\MA-Cross_01_standard.set: type object 'ParameterRole' has no attribute 'POSITIONING'
2025-04-25 02:01:38,230 - INFO - Processing MA-Envelopes_01_standard.set
2025-04-25 02:01:38,230 - INFO - Processing MA-Envelopes_01_standard.set
2025-04-25 02:01:38,231 - ERROR - Error processing C:\Users\nikol\AppData\Roaming\MetaQuotes\Terminal\4B1CE69F577705455263BD980C39A82C\MQL5\Profiles\Tester\MA-Envelopes_01_standard.set: type object 'ParameterRole' has no attribute 'POSITIONING'
2025-04-25 02:01:38,231 - INFO - Processing MA-MACD-Position-averaging_01_standard.set
2025-04-25 02:01:38,232 - INFO - Processing MA-MACD-Position-averaging_01_standard.set
2025-04-25 02:01:38,232 - ERROR - Error processing C:\Users\nikol\AppData\Roaming\MetaQuotes\Terminal\4B1CE69F577705455263BD980C39A82C\MQL5\Profiles\Tester\MA-MACD-Position-averaging_01_standard.set: type object 'ParameterRole' has no attribute 'POSITIONING'
2025-04-25 02:01:38,233 - INFO - Processing MA-Trend_01_standard.set
2025-04-25 02:01:38,233 - INFO - Processing MA-Trend_01_standard.set
2025-04-25 02:01:38,234 - ERROR - Error processing C:\Users\nikol\AppData\Roaming\MetaQuotes\Terminal\4B1CE69F577705455263BD980C39A82C\MQL5\Profiles\Tester\MA-Trend_01_standard.set: type object 'ParameterRole' has no attribute 'POSITIONING'
2025-04-25 02:01:38,234 - INFO - Processing MA2CCI_01_standard.set
2025-04-25 02:01:38,235 - INFO - Processing MA2CCI_01_standard.set
2025-04-25 02:01:38,236 - ERROR - Error processing C:\Users\nikol\AppData\Roaming\MetaQuotes\Terminal\4B1CE69F577705455263BD980C39A82C\MQL5\Profiles\Tester\MA2CCI_01_standard.set: type object 'ParameterRole' has no attribute 'POSITIONING'
2025-04-25 02:01:38,236 - INFO - Processing MACD-and-SAR_01_standard.set
2025-04-25 02:01:38,237 - INFO - Processing MACD-and-SAR_01_standard.set
2025-04-25 02:01:38,237 - ERROR - Error processing C:\Users\nikol\AppData\Roaming\MetaQuotes\Terminal\4B1CE69F577705455263BD980C39A82C\MQL5\Profiles\Tester\MACD-and-SAR_01_standard.set: type object 'ParameterRole' has no attribute 'POSITIONING'
2025-04-25 02:01:38,238 - INFO - Processing MACD-Cleaner_01_standard.set
2025-04-25 02:01:38,238 - INFO - Processing MACD-Cleaner_01_standard.set
2025-04-25 02:01:38,239 - ERROR - Error processing C:\Users\nikol\AppData\Roaming\MetaQuotes\Terminal\4B1CE69F577705455263BD980C39A82C\MQL5\Profiles\Tester\MACD-Cleaner_01_standard.set: type object 'ParameterRole' has no attribute 'POSITIONING'
2025-04-25 02:01:38,239 - INFO - Processing MACD-EA-H4_01_standard.set
2025-04-25 02:01:38,240 - INFO - Processing MACD-EA-H4_01_standard.set
2025-04-25 02:01:38,241 - ERROR - Error processing C:\Users\nikol\AppData\Roaming\MetaQuotes\Terminal\4B1CE69F577705455263BD980C39A82C\MQL5\Profiles\Tester\MACD-EA-H4_01_standard.set: type object 'ParameterRole' has no attribute 'POSITIONING'
2025-04-25 02:01:38,241 - INFO - Processing MACD-No-Sample_01_standard.set
2025-04-25 02:01:38,241 - INFO - Processing MACD-No-Sample_01_standard.set
2025-04-25 02:01:38,242 - ERROR - Error processing C:\Users\nikol\AppData\Roaming\MetaQuotes\Terminal\4B1CE69F577705455263BD980C39A82C\MQL5\Profiles\Tester\MACD-No-Sample_01_standard.set: type object 'ParameterRole' has no attribute 'POSITIONING'
2025-04-25 02:01:38,243 - INFO - Processing MACD-signal_01_standard.set
2025-04-25 02:01:38,243 - INFO - Processing MACD-signal_01_standard.set
2025-04-25 02:01:38,244 - ERROR - Error processing C:\Users\nikol\AppData\Roaming\MetaQuotes\Terminal\4B1CE69F577705455263BD980C39A82C\MQL5\Profiles\Tester\MACD-signal_01_standard.set: type object 'ParameterRole' has no attribute 'POSITIONING'
2025-04-25 02:01:38,245 - INFO - Processing MACD-Stochastic-2_01_standard.set
2025-04-25 02:01:38,245 - INFO - Processing MACD-Stochastic-2_01_standard.set
2025-04-25 02:01:38,246 - ERROR - Error processing C:\Users\nikol\AppData\Roaming\MetaQuotes\Terminal\4B1CE69F577705455263BD980C39A82C\MQL5\Profiles\Tester\MACD-Stochastic-2_01_standard.set: type object 'ParameterRole' has no attribute 'POSITIONING'
2025-04-25 02:01:38,246 - INFO - Processing MACD-Stochastic_01_standard.set
2025-04-25 02:01:38,247 - INFO - Processing MACD-Stochastic_01_standard.set
2025-04-25 02:01:38,247 - ERROR - Error processing C:\Users\nikol\AppData\Roaming\MetaQuotes\Terminal\4B1CE69F577705455263BD980C39A82C\MQL5\Profiles\Tester\MACD-Stochastic_01_standard.set: type object 'ParameterRole' has no attribute 'POSITIONING'
2025-04-25 02:01:38,248 - INFO - Processing MACDCCI_01_standard.set
2025-04-25 02:01:38,248 - INFO - Processing MACDCCI_01_standard.set
2025-04-25 02:01:38,249 - ERROR - Error processing C:\Users\nikol\AppData\Roaming\MetaQuotes\Terminal\4B1CE69F577705455263BD980C39A82C\MQL5\Profiles\Tester\MACDCCI_01_standard.set: type object 'ParameterRole' has no attribute 'POSITIONING'
2025-04-25 02:01:38,250 - INFO - Processing MacdPatternTraderAll0.01_01_standard.set
2025-04-25 02:01:38,250 - INFO - Processing MacdPatternTraderAll0.01_01_standard.set
2025-04-25 02:01:38,251 - ERROR - Error processing C:\Users\nikol\AppData\Roaming\MetaQuotes\Terminal\4B1CE69F577705455263BD980C39A82C\MQL5\Profiles\Tester\MacdPatternTraderAll0.01_01_standard.set: type object 'ParameterRole' has no attribute 'POSITIONING'
2025-04-25 02:01:38,252 - INFO - Processing MacdPatternTraderAll_01_standard.set
2025-04-25 02:01:38,252 - INFO - Processing MacdPatternTraderAll_01_standard.set
2025-04-25 02:01:38,253 - ERROR - Error processing C:\Users\nikol\AppData\Roaming\MetaQuotes\Terminal\4B1CE69F577705455263BD980C39A82C\MQL5\Profiles\Tester\MacdPatternTraderAll_01_standard.set: type object 'ParameterRole' has no attribute 'POSITIONING'
2025-04-25 02:01:38,253 - INFO - Processing MACD_01_standard.set
2025-04-25 02:01:38,254 - INFO - Processing MACD_01_standard.set
2025-04-25 02:01:38,254 - ERROR - Error processing C:\Users\nikol\AppData\Roaming\MetaQuotes\Terminal\4B1CE69F577705455263BD980C39A82C\MQL5\Profiles\Tester\MACD_01_standard.set: type object 'ParameterRole' has no attribute 'POSITIONING'
2025-04-25 02:01:38,255 - INFO - Processing MAGrid_01_standard.set
2025-04-25 02:01:38,255 - INFO - Processing MAGrid_01_standard.set
2025-04-25 02:01:38,256 - WARNING - Error processing group role_system: 'list' object has no attribute 'items'
2025-04-25 02:01:38,256 - ERROR - Error processing C:\Users\nikol\AppData\Roaming\MetaQuotes\Terminal\4B1CE69F577705455263BD980C39A82C\MQL5\Profiles\Tester\MAGrid_01_standard.set: dictionary update sequence element #0 has length 6; 2 is required
2025-04-25 02:01:38,257 - INFO - Processing MAMACD_01_standard.set
2025-04-25 02:01:38,257 - INFO - Processing MAMACD_01_standard.set
2025-04-25 02:01:38,258 - ERROR - Error processing C:\Users\nikol\AppData\Roaming\MetaQuotes\Terminal\4B1CE69F577705455263BD980C39A82C\MQL5\Profiles\Tester\MAMACD_01_standard.set: type object 'ParameterRole' has no attribute 'POSITIONING'
2025-04-25 02:01:38,258 - INFO - Processing Mariner-MT5_01_standard.set
2025-04-25 02:01:38,259 - INFO - Processing Mariner-MT5_01_standard.set
2025-04-25 02:01:38,260 - ERROR - Error processing C:\Users\nikol\AppData\Roaming\MetaQuotes\Terminal\4B1CE69F577705455263BD980C39A82C\MQL5\Profiles\Tester\Mariner-MT5_01_standard.set: type object 'ParameterRole' has no attribute 'POSITIONING'
2025-04-25 02:01:38,260 - INFO - Processing Market-Capture_01_standard.set
2025-04-25 02:01:38,260 - INFO - Processing Market-Capture_01_standard.set
2025-04-25 02:01:38,261 - ERROR - Error processing C:\Users\nikol\AppData\Roaming\MetaQuotes\Terminal\4B1CE69F577705455263BD980C39A82C\MQL5\Profiles\Tester\Market-Capture_01_standard.set: type object 'ParameterRole' has no attribute 'POSITIONING'
2025-04-25 02:01:38,262 - INFO - Processing Martin-1_01_standard.set
2025-04-25 02:01:38,262 - INFO - Processing Martin-1_01_standard.set
2025-04-25 02:01:38,263 - ERROR - Error processing C:\Users\nikol\AppData\Roaming\MetaQuotes\Terminal\4B1CE69F577705455263BD980C39A82C\MQL5\Profiles\Tester\Martin-1_01_standard.set: type object 'ParameterRole' has no attribute 'POSITIONING'
2025-04-25 02:01:38,263 - INFO - Processing Martin-for-small-deposits_01_standard.set
2025-04-25 02:01:38,264 - INFO - Processing Martin-for-small-deposits_01_standard.set
2025-04-25 02:01:38,265 - ERROR - Error processing C:\Users\nikol\AppData\Roaming\MetaQuotes\Terminal\4B1CE69F577705455263BD980C39A82C\MQL5\Profiles\Tester\Martin-for-small-deposits_01_standard.set: type object 'ParameterRole' has no attribute 'POSITIONING'
2025-04-25 02:01:38,265 - INFO - Processing MartingailExpert_01_standard.set
2025-04-25 02:01:38,265 - INFO - Processing MartingailExpert_01_standard.set
2025-04-25 02:01:38,266 - ERROR - Error processing C:\Users\nikol\AppData\Roaming\MetaQuotes\Terminal\4B1CE69F577705455263BD980C39A82C\MQL5\Profiles\Tester\MartingailExpert_01_standard.set: type object 'ParameterRole' has no attribute 'POSITIONING'
2025-04-25 02:01:38,266 - INFO - Processing MartinGaleBreakout_01_standard.set
2025-04-25 02:01:38,267 - INFO - Processing MartinGaleBreakout_01_standard.set
2025-04-25 02:01:38,268 - ERROR - Error processing C:\Users\nikol\AppData\Roaming\MetaQuotes\Terminal\4B1CE69F577705455263BD980C39A82C\MQL5\Profiles\Tester\MartinGaleBreakout_01_standard.set: type object 'ParameterRole' has no attribute 'POSITIONING'
2025-04-25 02:01:38,268 - INFO - Processing Martin_01_standard.set
2025-04-25 02:01:38,268 - INFO - Processing Martin_01_standard.set
2025-04-25 02:01:38,269 - ERROR - Error processing C:\Users\nikol\AppData\Roaming\MetaQuotes\Terminal\4B1CE69F577705455263BD980C39A82C\MQL5\Profiles\Tester\Martin_01_standard.set: type object 'ParameterRole' has no attribute 'POSITIONING'
2025-04-25 02:01:38,270 - INFO - Processing Marubozu-EA_01_standard.set
2025-04-25 02:01:38,270 - INFO - Processing Marubozu-EA_01_standard.set
2025-04-25 02:01:38,271 - ERROR - Error processing C:\Users\nikol\AppData\Roaming\MetaQuotes\Terminal\4B1CE69F577705455263BD980C39A82C\MQL5\Profiles\Tester\Marubozu-EA_01_standard.set: type object 'ParameterRole' has no attribute 'POSITIONING'
2025-04-25 02:01:38,271 - INFO - Processing Marubozu_01_standard.set
2025-04-25 02:01:38,272 - INFO - Processing Marubozu_01_standard.set
2025-04-25 02:01:38,272 - WARNING - Error processing group role_system: 'list' object has no attribute 'items'
2025-04-25 02:01:38,273 - ERROR - Error processing C:\Users\nikol\AppData\Roaming\MetaQuotes\Terminal\4B1CE69F577705455263BD980C39A82C\MQL5\Profiles\Tester\Marubozu_01_standard.set: dictionary update sequence element #0 has length 10; 2 is required
2025-04-25 02:01:38,273 - INFO - Processing Marubozu_EA_v1.10_01_standard.set
2025-04-25 02:01:38,274 - INFO - Processing Marubozu_EA_v1.10_01_standard.set
2025-04-25 02:01:38,274 - ERROR - Error processing C:\Users\nikol\AppData\Roaming\MetaQuotes\Terminal\4B1CE69F577705455263BD980C39A82C\MQL5\Profiles\Tester\Marubozu_EA_v1.10_01_standard.set: type object 'ParameterRole' has no attribute 'POSITIONING'
2025-04-25 02:01:38,275 - INFO - Processing MelBar-EuSwiss-1.85_01_standard.set
2025-04-25 02:01:38,275 - INFO - Processing MelBar-EuSwiss-1.85_01_standard.set
2025-04-25 02:01:38,276 - ERROR - Error processing C:\Users\nikol\AppData\Roaming\MetaQuotes\Terminal\4B1CE69F577705455263BD980C39A82C\MQL5\Profiles\Tester\MelBar-EuSwiss-1.85_01_standard.set: type object 'ParameterRole' has no attribute 'POSITIONING'
2025-04-25 02:01:38,276 - INFO - Processing MelBar™Take325-™-5.5Y-NZD-USD_01_standard.set
2025-04-25 02:01:38,277 - INFO - Processing MelBar™Take325-™-5.5Y-NZD-USD_01_standard.set
2025-04-25 02:01:38,277 - ERROR - Error processing C:\Users\nikol\AppData\Roaming\MetaQuotes\Terminal\4B1CE69F577705455263BD980C39A82C\MQL5\Profiles\Tester\MelBar™Take325-™-5.5Y-NZD-USD_01_standard.set: type object 'ParameterRole' has no attribute 'POSITIONING'
2025-04-25 02:01:38,278 - INFO - Processing Mobo-Bands-EA_01_standard.set
2025-04-25 02:01:38,278 - INFO - Processing Mobo-Bands-EA_01_standard.set
2025-04-25 02:01:38,279 - ERROR - Error processing C:\Users\nikol\AppData\Roaming\MetaQuotes\Terminal\4B1CE69F577705455263BD980C39A82C\MQL5\Profiles\Tester\Mobo-Bands-EA_01_standard.set: type object 'ParameterRole' has no attribute 'POSITIONING'
2025-04-25 02:01:38,280 - INFO - Processing Mobo-Bands_01_standard.set
2025-04-25 02:01:38,280 - INFO - Processing Mobo-Bands_01_standard.set
2025-04-25 02:01:38,281 - WARNING - Error processing group role_technical: 'list' object has no attribute 'items'
2025-04-25 02:01:38,281 - ERROR - Error processing C:\Users\nikol\AppData\Roaming\MetaQuotes\Terminal\4B1CE69F577705455263BD980C39A82C\MQL5\Profiles\Tester\Mobo-Bands_01_standard.set: dictionary update sequence element #0 has length 8; 2 is required
2025-04-25 02:01:38,282 - INFO - Processing Modified-Moving-Averages_01_standard.set
2025-04-25 02:01:38,282 - INFO - Processing Modified-Moving-Averages_01_standard.set
2025-04-25 02:01:38,283 - ERROR - Error processing C:\Users\nikol\AppData\Roaming\MetaQuotes\Terminal\4B1CE69F577705455263BD980C39A82C\MQL5\Profiles\Tester\Modified-Moving-Averages_01_standard.set: type object 'ParameterRole' has no attribute 'POSITIONING'
2025-04-25 02:01:38,283 - INFO - Processing Momentum-M15_01_standard.set
2025-04-25 02:01:38,284 - INFO - Processing Momentum-M15_01_standard.set
2025-04-25 02:01:38,285 - ERROR - Error processing C:\Users\nikol\AppData\Roaming\MetaQuotes\Terminal\4B1CE69F577705455263BD980C39A82C\MQL5\Profiles\Tester\Momentum-M15_01_standard.set: type object 'ParameterRole' has no attribute 'POSITIONING'
2025-04-25 02:01:38,285 - INFO - Processing Momo-trades_01_standard.set
2025-04-25 02:01:38,286 - INFO - Processing Momo-trades_01_standard.set
2025-04-25 02:01:38,286 - ERROR - Error processing C:\Users\nikol\AppData\Roaming\MetaQuotes\Terminal\4B1CE69F577705455263BD980C39A82C\MQL5\Profiles\Tester\Momo-trades_01_standard.set: type object 'ParameterRole' has no attribute 'POSITIONING'
2025-04-25 02:01:38,287 - INFO - Processing Money-Fixed-Margin_01_standard.set
2025-04-25 02:01:38,287 - INFO - Processing Money-Fixed-Margin_01_standard.set
2025-04-25 02:01:38,288 - ERROR - Error processing C:\Users\nikol\AppData\Roaming\MetaQuotes\Terminal\4B1CE69F577705455263BD980C39A82C\MQL5\Profiles\Tester\Money-Fixed-Margin_01_standard.set: type object 'ParameterRole' has no attribute 'POSITIONING'
2025-04-25 02:01:38,288 - INFO - Processing Money-Fixed-Risk_01_standard.set
2025-04-25 02:01:38,289 - INFO - Processing Money-Fixed-Risk_01_standard.set
2025-04-25 02:01:38,289 - ERROR - Error processing C:\Users\nikol\AppData\Roaming\MetaQuotes\Terminal\4B1CE69F577705455263BD980C39A82C\MQL5\Profiles\Tester\Money-Fixed-Risk_01_standard.set: type object 'ParameterRole' has no attribute 'POSITIONING'
2025-04-25 02:01:38,290 - INFO - Processing MoneyRain_01_standard.set
2025-04-25 02:01:38,290 - INFO - Processing MoneyRain_01_standard.set
2025-04-25 02:01:38,291 - ERROR - Error processing C:\Users\nikol\AppData\Roaming\MetaQuotes\Terminal\4B1CE69F577705455263BD980C39A82C\MQL5\Profiles\Tester\MoneyRain_01_standard.set: type object 'ParameterRole' has no attribute 'POSITIONING'
2025-04-25 02:01:38,292 - INFO - Processing Morning-evening-star-EA_01_standard.set
2025-04-25 02:01:38,292 - INFO - Processing Morning-evening-star-EA_01_standard.set
2025-04-25 02:01:38,293 - ERROR - Error processing C:\Users\nikol\AppData\Roaming\MetaQuotes\Terminal\4B1CE69F577705455263BD980C39A82C\MQL5\Profiles\Tester\Morning-evening-star-EA_01_standard.set: type object 'ParameterRole' has no attribute 'POSITIONING'
2025-04-25 02:01:38,294 - INFO - Processing MostasHaR15-Pivot_01_standard.set
2025-04-25 02:01:38,294 - INFO - Processing MostasHaR15-Pivot_01_standard.set
2025-04-25 02:01:38,295 - ERROR - Error processing C:\Users\nikol\AppData\Roaming\MetaQuotes\Terminal\4B1CE69F577705455263BD980C39A82C\MQL5\Profiles\Tester\MostasHaR15-Pivot_01_standard.set: type object 'ParameterRole' has no attribute 'POSITIONING'
2025-04-25 02:01:38,296 - INFO - Processing Moving-20average-20and-20ichimoku-20EA_01_standard.set
2025-04-25 02:01:38,296 - INFO - Processing Moving-20average-20and-20ichimoku-20EA_01_standard.set
2025-04-25 02:01:38,297 - ERROR - Error processing C:\Users\nikol\AppData\Roaming\MetaQuotes\Terminal\4B1CE69F577705455263BD980C39A82C\MQL5\Profiles\Tester\Moving-20average-20and-20ichimoku-20EA_01_standard.set: type object 'ParameterRole' has no attribute 'POSITIONING'
2025-04-25 02:01:38,297 - INFO - Processing Moving-Average-Trade-System_01_standard.set
2025-04-25 02:01:38,298 - INFO - Processing Moving-Average-Trade-System_01_standard.set
2025-04-25 02:01:38,298 - ERROR - Error processing C:\Users\nikol\AppData\Roaming\MetaQuotes\Terminal\4B1CE69F577705455263BD980C39A82C\MQL5\Profiles\Tester\Moving-Average-Trade-System_01_standard.set: type object 'ParameterRole' has no attribute 'POSITIONING'
2025-04-25 02:01:38,299 - INFO - Processing Moving-Averages_01_standard.set
2025-04-25 02:01:38,299 - INFO - Processing Moving-Averages_01_standard.set
2025-04-25 02:01:38,300 - WARNING - Error processing group role_system: 'list' object has no attribute 'items'
2025-04-25 02:01:38,300 - ERROR - Error processing C:\Users\nikol\AppData\Roaming\MetaQuotes\Terminal\4B1CE69F577705455263BD980C39A82C\MQL5\Profiles\Tester\Moving-Averages_01_standard.set: dictionary update sequence element #0 has length 20; 2 is required
2025-04-25 02:01:38,301 - INFO - Processing MovingAverageMartinGale_01_standard.set
2025-04-25 02:01:38,301 - INFO - Processing MovingAverageMartinGale_01_standard.set
2025-04-25 02:01:38,302 - ERROR - Error processing C:\Users\nikol\AppData\Roaming\MetaQuotes\Terminal\4B1CE69F577705455263BD980C39A82C\MQL5\Profiles\Tester\MovingAverageMartinGale_01_standard.set: type object 'ParameterRole' has no attribute 'POSITIONING'
2025-04-25 02:01:38,302 - INFO - Processing MovingAverage_01_standard.set
2025-04-25 02:01:38,303 - INFO - Processing MovingAverage_01_standard.set
2025-04-25 02:01:38,303 - ERROR - Error processing C:\Users\nikol\AppData\Roaming\MetaQuotes\Terminal\4B1CE69F577705455263BD980C39A82C\MQL5\Profiles\Tester\MovingAverage_01_standard.set: type object 'ParameterRole' has no attribute 'POSITIONING'
2025-04-25 02:01:38,304 - INFO - Processing MQL5-Wizard-MA-RSI_01_standard.set
2025-04-25 02:01:38,304 - INFO - Processing MQL5-Wizard-MA-RSI_01_standard.set
2025-04-25 02:01:38,305 - ERROR - Error processing C:\Users\nikol\AppData\Roaming\MetaQuotes\Terminal\4B1CE69F577705455263BD980C39A82C\MQL5\Profiles\Tester\MQL5-Wizard-MA-RSI_01_standard.set: type object 'ParameterRole' has no attribute 'POSITIONING'
2025-04-25 02:01:38,306 - INFO - Processing MQL5-Wizard-MACD-Parabolic-SAR_01_standard.set
2025-04-25 02:01:38,306 - INFO - Processing MQL5-Wizard-MACD-Parabolic-SAR_01_standard.set
2025-04-25 02:01:38,307 - ERROR - Error processing C:\Users\nikol\AppData\Roaming\MetaQuotes\Terminal\4B1CE69F577705455263BD980C39A82C\MQL5\Profiles\Tester\MQL5-Wizard-MACD-Parabolic-SAR_01_standard.set: type object 'ParameterRole' has no attribute 'POSITIONING'
2025-04-25 02:01:38,308 - INFO - Processing MT45_01_standard.set
2025-04-25 02:01:38,308 - INFO - Processing MT45_01_standard.set
2025-04-25 02:01:38,309 - ERROR - Error processing C:\Users\nikol\AppData\Roaming\MetaQuotes\Terminal\4B1CE69F577705455263BD980C39A82C\MQL5\Profiles\Tester\MT45_01_standard.set: type object 'ParameterRole' has no attribute 'POSITIONING'
2025-04-25 02:01:38,309 - INFO - Processing MT5-CoupleHedgeEA_01_standard.set
2025-04-25 02:01:38,309 - INFO - Processing MT5-CoupleHedgeEA_01_standard.set
2025-04-25 02:01:38,310 - ERROR - Error processing C:\Users\nikol\AppData\Roaming\MetaQuotes\Terminal\4B1CE69F577705455263BD980C39A82C\MQL5\Profiles\Tester\MT5-CoupleHedgeEA_01_standard.set: type object 'ParameterRole' has no attribute 'POSITIONING'
2025-04-25 02:01:38,311 - INFO - Processing MT5-RingSystemEA_01_standard.set
2025-04-25 02:01:38,311 - INFO - Processing MT5-RingSystemEA_01_standard.set
2025-04-25 02:01:38,312 - ERROR - Error processing C:\Users\nikol\AppData\Roaming\MetaQuotes\Terminal\4B1CE69F577705455263BD980C39A82C\MQL5\Profiles\Tester\MT5-RingSystemEA_01_standard.set: type object 'ParameterRole' has no attribute 'POSITIONING'
2025-04-25 02:01:38,313 - INFO - Processing Mt5-williams-directional-index-EA_01_standard.set
2025-04-25 02:01:38,313 - INFO - Processing Mt5-williams-directional-index-EA_01_standard.set
2025-04-25 02:01:38,314 - ERROR - Error processing C:\Users\nikol\AppData\Roaming\MetaQuotes\Terminal\4B1CE69F577705455263BD980C39A82C\MQL5\Profiles\Tester\Mt5-williams-directional-index-EA_01_standard.set: type object 'ParameterRole' has no attribute 'POSITIONING'
2025-04-25 02:01:38,314 - INFO - Processing MTC-Сombo_01_standard.set
2025-04-25 02:01:38,315 - INFO - Processing MTC-Сombo_01_standard.set
2025-04-25 02:01:38,315 - ERROR - Error processing C:\Users\nikol\AppData\Roaming\MetaQuotes\Terminal\4B1CE69F577705455263BD980C39A82C\MQL5\Profiles\Tester\MTC-Сombo_01_standard.set: type object 'ParameterRole' has no attribute 'POSITIONING'
2025-04-25 02:01:38,316 - INFO - Processing Multi-Stochastic_01_standard.set
2025-04-25 02:01:38,316 - INFO - Processing Multi-Stochastic_01_standard.set
2025-04-25 02:01:38,317 - ERROR - Error processing C:\Users\nikol\AppData\Roaming\MetaQuotes\Terminal\4B1CE69F577705455263BD980C39A82C\MQL5\Profiles\Tester\Multi-Stochastic_01_standard.set: type object 'ParameterRole' has no attribute 'POSITIONING'
2025-04-25 02:01:38,317 - INFO - Processing MultiMartin_01_standard.set
2025-04-25 02:01:38,318 - INFO - Processing MultiMartin_01_standard.set
2025-04-25 02:01:38,319 - ERROR - Error processing C:\Users\nikol\AppData\Roaming\MetaQuotes\Terminal\4B1CE69F577705455263BD980C39A82C\MQL5\Profiles\Tester\MultiMartin_01_standard.set: type object 'ParameterRole' has no attribute 'POSITIONING'
2025-04-25 02:01:38,319 - INFO - Processing MySystem_01_standard.set
2025-04-25 02:01:38,320 - INFO - Processing MySystem_01_standard.set
2025-04-25 02:01:38,320 - ERROR - Error processing C:\Users\nikol\AppData\Roaming\MetaQuotes\Terminal\4B1CE69F577705455263BD980C39A82C\MQL5\Profiles\Tester\MySystem_01_standard.set: type object 'ParameterRole' has no attribute 'POSITIONING'
2025-04-25 02:01:38,321 - INFO - Processing N Candles v2_01_standard.set
2025-04-25 02:01:38,321 - INFO - Processing N Candles v2_01_standard.set
2025-04-25 02:01:38,322 - ERROR - Error processing C:\Users\nikol\AppData\Roaming\MetaQuotes\Terminal\4B1CE69F577705455263BD980C39A82C\MQL5\Profiles\Tester\N Candles v2_01_standard.set: type object 'ParameterRole' has no attribute 'POSITIONING'
2025-04-25 02:01:38,322 - INFO - Processing N Candles v3_01_standard.set
2025-04-25 02:01:38,323 - INFO - Processing N Candles v3_01_standard.set
2025-04-25 02:01:38,323 - ERROR - Error processing C:\Users\nikol\AppData\Roaming\MetaQuotes\Terminal\4B1CE69F577705455263BD980C39A82C\MQL5\Profiles\Tester\N Candles v3_01_standard.set: type object 'ParameterRole' has no attribute 'POSITIONING'
2025-04-25 02:01:38,324 - INFO - Processing N Candles v4_01_standard.set
2025-04-25 02:01:38,324 - INFO - Processing N Candles v4_01_standard.set
2025-04-25 02:01:38,325 - ERROR - Error processing C:\Users\nikol\AppData\Roaming\MetaQuotes\Terminal\4B1CE69F577705455263BD980C39A82C\MQL5\Profiles\Tester\N Candles v4_01_standard.set: type object 'ParameterRole' has no attribute 'POSITIONING'
2025-04-25 02:01:38,325 - INFO - Processing N Candles v5_01_standard.set
2025-04-25 02:01:38,326 - INFO - Processing N Candles v5_01_standard.set
2025-04-25 02:01:38,326 - ERROR - Error processing C:\Users\nikol\AppData\Roaming\MetaQuotes\Terminal\4B1CE69F577705455263BD980C39A82C\MQL5\Profiles\Tester\N Candles v5_01_standard.set: type object 'ParameterRole' has no attribute 'POSITIONING'
2025-04-25 02:01:38,327 - INFO - Processing N-Candles_01_standard.set
2025-04-25 02:01:38,327 - INFO - Processing N-Candles_01_standard.set
2025-04-25 02:01:38,328 - ERROR - Error processing C:\Users\nikol\AppData\Roaming\MetaQuotes\Terminal\4B1CE69F577705455263BD980C39A82C\MQL5\Profiles\Tester\N-Candles_01_standard.set: type object 'ParameterRole' has no attribute 'POSITIONING'
2025-04-25 02:01:38,329 - INFO - Processing N-_Candles_v7_01_standard.set
2025-04-25 02:01:38,329 - INFO - Processing N-_Candles_v7_01_standard.set
2025-04-25 02:01:38,330 - ERROR - Error processing C:\Users\nikol\AppData\Roaming\MetaQuotes\Terminal\4B1CE69F577705455263BD980C39A82C\MQL5\Profiles\Tester\N-_Candles_v7_01_standard.set: type object 'ParameterRole' has no attribute 'POSITIONING'
2025-04-25 02:01:38,330 - INFO - Processing Nevalyashka-BreakdownLevel_01_standard.set
2025-04-25 02:01:38,330 - INFO - Processing Nevalyashka-BreakdownLevel_01_standard.set
2025-04-25 02:01:38,331 - WARNING - Error processing group role_system: 'list' object has no attribute 'items'
2025-04-25 02:01:38,331 - ERROR - Error processing C:\Users\nikol\AppData\Roaming\MetaQuotes\Terminal\4B1CE69F577705455263BD980C39A82C\MQL5\Profiles\Tester\Nevalyashka-BreakdownLevel_01_standard.set: dictionary update sequence element #0 has length 13; 2 is required
2025-04-25 02:01:38,332 - INFO - Processing Nevalyashka3-1_01_standard.set
2025-04-25 02:01:38,333 - INFO - Processing Nevalyashka3-1_01_standard.set
2025-04-25 02:01:38,333 - ERROR - Error processing C:\Users\nikol\AppData\Roaming\MetaQuotes\Terminal\4B1CE69F577705455263BD980C39A82C\MQL5\Profiles\Tester\Nevalyashka3-1_01_standard.set: type object 'ParameterRole' has no attribute 'POSITIONING'
2025-04-25 02:01:38,334 - INFO - Processing Nevalyashka_01_standard.set
2025-04-25 02:01:38,334 - INFO - Processing Nevalyashka_01_standard.set
2025-04-25 02:01:38,335 - ERROR - Error processing C:\Users\nikol\AppData\Roaming\MetaQuotes\Terminal\4B1CE69F577705455263BD980C39A82C\MQL5\Profiles\Tester\Nevalyashka_01_standard.set: type object 'ParameterRole' has no attribute 'POSITIONING'
2025-04-25 02:01:38,336 - INFO - Processing New-Martin_01_standard.set
2025-04-25 02:01:38,336 - INFO - Processing New-Martin_01_standard.set
2025-04-25 02:01:38,337 - ERROR - Error processing C:\Users\nikol\AppData\Roaming\MetaQuotes\Terminal\4B1CE69F577705455263BD980C39A82C\MQL5\Profiles\Tester\New-Martin_01_standard.set: type object 'ParameterRole' has no attribute 'POSITIONING'
2025-04-25 02:01:38,337 - INFO - Processing New-Random_01_standard.set
2025-04-25 02:01:38,338 - INFO - Processing New-Random_01_standard.set
2025-04-25 02:01:38,338 - ERROR - Error processing C:\Users\nikol\AppData\Roaming\MetaQuotes\Terminal\4B1CE69F577705455263BD980C39A82C\MQL5\Profiles\Tester\New-Random_01_standard.set: type object 'ParameterRole' has no attribute 'POSITIONING'
2025-04-25 02:01:38,339 - INFO - Processing Nextbar_01_standard.set
2025-04-25 02:01:38,340 - INFO - Processing Nextbar_01_standard.set
2025-04-25 02:01:38,341 - ERROR - Error processing C:\Users\nikol\AppData\Roaming\MetaQuotes\Terminal\4B1CE69F577705455263BD980C39A82C\MQL5\Profiles\Tester\Nextbar_01_standard.set: type object 'ParameterRole' has no attribute 'POSITIONING'
2025-04-25 02:01:38,341 - INFO - Processing Night-Flat-Trade_01_standard.set
2025-04-25 02:01:38,342 - INFO - Processing Night-Flat-Trade_01_standard.set
2025-04-25 02:01:38,343 - ERROR - Error processing C:\Users\nikol\AppData\Roaming\MetaQuotes\Terminal\4B1CE69F577705455263BD980C39A82C\MQL5\Profiles\Tester\Night-Flat-Trade_01_standard.set: type object 'ParameterRole' has no attribute 'POSITIONING'
2025-04-25 02:01:38,343 - INFO - Processing NightScalper_01_standard.set
2025-04-25 02:01:38,344 - INFO - Processing NightScalper_01_standard.set
2025-04-25 02:01:38,345 - ERROR - Error processing C:\Users\nikol\AppData\Roaming\MetaQuotes\Terminal\4B1CE69F577705455263BD980C39A82C\MQL5\Profiles\Tester\NightScalper_01_standard.set: type object 'ParameterRole' has no attribute 'POSITIONING'
2025-04-25 02:01:38,345 - INFO - Processing NRTR-Revers_01_standard.set
2025-04-25 02:01:38,346 - INFO - Processing NRTR-Revers_01_standard.set
2025-04-25 02:01:38,347 - ERROR - Error processing C:\Users\nikol\AppData\Roaming\MetaQuotes\Terminal\4B1CE69F577705455263BD980C39A82C\MQL5\Profiles\Tester\NRTR-Revers_01_standard.set: type object 'ParameterRole' has no attribute 'POSITIONING'
2025-04-25 02:01:38,348 - INFO - Processing NUp1Down_01_standard.set
2025-04-25 02:01:38,348 - INFO - Processing NUp1Down_01_standard.set
2025-04-25 02:01:38,349 - ERROR - Error processing C:\Users\nikol\AppData\Roaming\MetaQuotes\Terminal\4B1CE69F577705455263BD980C39A82C\MQL5\Profiles\Tester\NUp1Down_01_standard.set: type object 'ParameterRole' has no attribute 'POSITIONING'
2025-04-25 02:01:38,350 - INFO - Processing Open-Candle-EA_01_standard.set
2025-04-25 02:01:38,350 - INFO - Processing Open-Candle-EA_01_standard.set
2025-04-25 02:01:38,351 - ERROR - Error processing C:\Users\nikol\AppData\Roaming\MetaQuotes\Terminal\4B1CE69F577705455263BD980C39A82C\MQL5\Profiles\Tester\Open-Candle-EA_01_standard.set: type object 'ParameterRole' has no attribute 'POSITIONING'
2025-04-25 02:01:38,351 - INFO - Processing Open-Close_01_standard.set
2025-04-25 02:01:38,352 - INFO - Processing Open-Close_01_standard.set
2025-04-25 02:01:38,352 - WARNING - Error processing group role_risk: 'list' object has no attribute 'items'
2025-04-25 02:01:38,353 - ERROR - Error processing C:\Users\nikol\AppData\Roaming\MetaQuotes\Terminal\4B1CE69F577705455263BD980C39A82C\MQL5\Profiles\Tester\Open-Close_01_standard.set: dictionary update sequence element #0 has length 15; 2 is required
2025-04-25 02:01:38,354 - INFO - Processing Opening-and-ilosing-on-time_01_standard.set
2025-04-25 02:01:38,354 - INFO - Processing Opening-and-ilosing-on-time_01_standard.set
2025-04-25 02:01:38,355 - WARNING - Error processing group role_system: 'list' object has no attribute 'items'
2025-04-25 02:01:38,356 - ERROR - Error processing C:\Users\nikol\AppData\Roaming\MetaQuotes\Terminal\4B1CE69F577705455263BD980C39A82C\MQL5\Profiles\Tester\Opening-and-ilosing-on-time_01_standard.set: dictionary update sequence element #0 has length 12; 2 is required
2025-04-25 02:01:38,356 - INFO - Processing Opening-and-Сlosing-on-time_01_standard.set
2025-04-25 02:01:38,357 - INFO - Processing Opening-and-Сlosing-on-time_01_standard.set
2025-04-25 02:01:38,358 - ERROR - Error processing C:\Users\nikol\AppData\Roaming\MetaQuotes\Terminal\4B1CE69F577705455263BD980C39A82C\MQL5\Profiles\Tester\Opening-and-Сlosing-on-time_01_standard.set: type object 'ParameterRole' has no attribute 'POSITIONING'
2025-04-25 02:01:38,359 - INFO - Processing OpenPendingorderAfterPositionGetStopLoss_01_standard.set
2025-04-25 02:01:38,359 - INFO - Processing OpenPendingorderAfterPositionGetStopLoss_01_standard.set
2025-04-25 02:01:38,360 - ERROR - Error processing C:\Users\nikol\AppData\Roaming\MetaQuotes\Terminal\4B1CE69F577705455263BD980C39A82C\MQL5\Profiles\Tester\OpenPendingorderAfterPositionGetStopLoss_01_standard.set: type object 'ParameterRole' has no attribute 'POSITIONING'
2025-04-25 02:01:38,361 - INFO - Processing OpenTicks_01_standard.set
2025-04-25 02:01:38,361 - INFO - Processing OpenTicks_01_standard.set
2025-04-25 02:01:38,362 - ERROR - Error processing C:\Users\nikol\AppData\Roaming\MetaQuotes\Terminal\4B1CE69F577705455263BD980C39A82C\MQL5\Profiles\Tester\OpenTicks_01_standard.set: type object 'ParameterRole' has no attribute 'POSITIONING'
2025-04-25 02:01:38,362 - INFO - Processing ORB-EA-BOX_01_standard.set
2025-04-25 02:01:38,363 - INFO - Processing ORB-EA-BOX_01_standard.set
2025-04-25 02:01:38,364 - ERROR - Error processing C:\Users\nikol\AppData\Roaming\MetaQuotes\Terminal\4B1CE69F577705455263BD980C39A82C\MQL5\Profiles\Tester\ORB-EA-BOX_01_standard.set: type object 'ParameterRole' has no attribute 'POSITIONING'
2025-04-25 02:01:38,365 - INFO - Processing OsMaSter_01_standard.set
2025-04-25 02:01:38,365 - INFO - Processing OsMaSter_01_standard.set
2025-04-25 02:01:38,366 - ERROR - Error processing C:\Users\nikol\AppData\Roaming\MetaQuotes\Terminal\4B1CE69F577705455263BD980C39A82C\MQL5\Profiles\Tester\OsMaSter_01_standard.set: type object 'ParameterRole' has no attribute 'POSITIONING'
2025-04-25 02:01:38,367 - INFO - Processing OTT-20AND-20PRICE-20CROSS-20EA_01_standard.set
2025-04-25 02:01:38,367 - INFO - Processing OTT-20AND-20PRICE-20CROSS-20EA_01_standard.set
2025-04-25 02:01:38,368 - ERROR - Error processing C:\Users\nikol\AppData\Roaming\MetaQuotes\Terminal\4B1CE69F577705455263BD980C39A82C\MQL5\Profiles\Tester\OTT-20AND-20PRICE-20CROSS-20EA_01_standard.set: type object 'ParameterRole' has no attribute 'POSITIONING'
2025-04-25 02:01:38,369 - INFO - Processing OverHedge_01_standard.set
2025-04-25 02:01:38,369 - INFO - Processing OverHedge_01_standard.set
2025-04-25 02:01:38,370 - ERROR - Error processing C:\Users\nikol\AppData\Roaming\MetaQuotes\Terminal\4B1CE69F577705455263BD980C39A82C\MQL5\Profiles\Tester\OverHedge_01_standard.set: type object 'ParameterRole' has no attribute 'POSITIONING'
2025-04-25 02:01:38,371 - INFO - Processing OzFx_01_standard.set
2025-04-25 02:01:38,371 - INFO - Processing OzFx_01_standard.set
2025-04-25 02:01:38,372 - ERROR - Error processing C:\Users\nikol\AppData\Roaming\MetaQuotes\Terminal\4B1CE69F577705455263BD980C39A82C\MQL5\Profiles\Tester\OzFx_01_standard.set: type object 'ParameterRole' has no attribute 'POSITIONING'
2025-04-25 02:01:38,372 - INFO - Processing Parabolic-SAR_01_standard.set
2025-04-25 02:01:38,373 - INFO - Processing Parabolic-SAR_01_standard.set
2025-04-25 02:01:38,374 - WARNING - Error processing group role_system: 'list' object has no attribute 'items'
2025-04-25 02:01:38,374 - ERROR - Error processing C:\Users\nikol\AppData\Roaming\MetaQuotes\Terminal\4B1CE69F577705455263BD980C39A82C\MQL5\Profiles\Tester\Parabolic-SAR_01_standard.set: dictionary update sequence element #0 has length 20; 2 is required
2025-04-25 02:01:38,375 - INFO - Processing PARSI-EA_01_standard.set
2025-04-25 02:01:38,375 - INFO - Processing PARSI-EA_01_standard.set
2025-04-25 02:01:38,376 - ERROR - Error processing C:\Users\nikol\AppData\Roaming\MetaQuotes\Terminal\4B1CE69F577705455263BD980C39A82C\MQL5\Profiles\Tester\PARSI-EA_01_standard.set: type object 'ParameterRole' has no attribute 'POSITIONING'
2025-04-25 02:01:38,377 - INFO - Processing Peceptron-Mult_01_standard.set
2025-04-25 02:01:38,377 - INFO - Processing Peceptron-Mult_01_standard.set
2025-04-25 02:01:38,378 - ERROR - Error processing C:\Users\nikol\AppData\Roaming\MetaQuotes\Terminal\4B1CE69F577705455263BD980C39A82C\MQL5\Profiles\Tester\Peceptron-Mult_01_standard.set: type object 'ParameterRole' has no attribute 'POSITIONING'
2025-04-25 02:01:38,379 - INFO - Processing Pending-orders-by-time-2_01_standard.set
2025-04-25 02:01:38,379 - INFO - Processing Pending-orders-by-time-2_01_standard.set
2025-04-25 02:01:38,380 - ERROR - Error processing C:\Users\nikol\AppData\Roaming\MetaQuotes\Terminal\4B1CE69F577705455263BD980C39A82C\MQL5\Profiles\Tester\Pending-orders-by-time-2_01_standard.set: type object 'ParameterRole' has no attribute 'POSITIONING'
2025-04-25 02:01:38,381 - INFO - Processing Pending-orders-by-time_01_standard.set
2025-04-25 02:01:38,382 - INFO - Processing Pending-orders-by-time_01_standard.set
2025-04-25 02:01:38,382 - ERROR - Error processing C:\Users\nikol\AppData\Roaming\MetaQuotes\Terminal\4B1CE69F577705455263BD980C39A82C\MQL5\Profiles\Tester\Pending-orders-by-time_01_standard.set: type object 'ParameterRole' has no attribute 'POSITIONING'
2025-04-25 02:01:38,383 - INFO - Processing Pendulum_01_standard.set
2025-04-25 02:01:38,383 - INFO - Processing Pendulum_01_standard.set
2025-04-25 02:01:38,384 - WARNING - Error processing group role_risk: 'list' object has no attribute 'items'
2025-04-25 02:01:38,385 - ERROR - Error processing C:\Users\nikol\AppData\Roaming\MetaQuotes\Terminal\4B1CE69F577705455263BD980C39A82C\MQL5\Profiles\Tester\Pendulum_01_standard.set: dictionary update sequence element #0 has length 8; 2 is required
2025-04-25 02:01:38,385 - INFO - Processing Pinball-machine_01_standard.set
2025-04-25 02:01:38,386 - INFO - Processing Pinball-machine_01_standard.set
2025-04-25 02:01:38,386 - WARNING - Error processing group role_risk: 'list' object has no attribute 'items'
2025-04-25 02:01:38,387 - ERROR - Error processing C:\Users\nikol\AppData\Roaming\MetaQuotes\Terminal\4B1CE69F577705455263BD980C39A82C\MQL5\Profiles\Tester\Pinball-machine_01_standard.set: dictionary update sequence element #0 has length 15; 2 is required
2025-04-25 02:01:38,387 - INFO - Processing Pinbar-Magic-EA_01_standard.set
2025-04-25 02:01:38,388 - INFO - Processing Pinbar-Magic-EA_01_standard.set
2025-04-25 02:01:38,389 - ERROR - Error processing C:\Users\nikol\AppData\Roaming\MetaQuotes\Terminal\4B1CE69F577705455263BD980C39A82C\MQL5\Profiles\Tester\Pinbar-Magic-EA_01_standard.set: type object 'ParameterRole' has no attribute 'POSITIONING'
2025-04-25 02:01:38,390 - INFO - Processing PinBar-Magic-Indicator_01_standard.set
2025-04-25 02:01:38,390 - INFO - Processing PinBar-Magic-Indicator_01_standard.set
2025-04-25 02:01:38,391 - ERROR - Error processing C:\Users\nikol\AppData\Roaming\MetaQuotes\Terminal\4B1CE69F577705455263BD980C39A82C\MQL5\Profiles\Tester\PinBar-Magic-Indicator_01_standard.set: type object 'ParameterRole' has no attribute 'POSITIONING'
2025-04-25 02:01:38,391 - INFO - Processing Pipsover_01_standard.set
2025-04-25 02:01:38,392 - INFO - Processing Pipsover_01_standard.set
2025-04-25 02:01:38,392 - ERROR - Error processing C:\Users\nikol\AppData\Roaming\MetaQuotes\Terminal\4B1CE69F577705455263BD980C39A82C\MQL5\Profiles\Tester\Pipsover_01_standard.set: type object 'ParameterRole' has no attribute 'POSITIONING'
2025-04-25 02:01:38,393 - INFO - Processing Plan-X_01_standard.set
2025-04-25 02:01:38,393 - INFO - Processing Plan-X_01_standard.set
2025-04-25 02:01:38,394 - ERROR - Error processing C:\Users\nikol\AppData\Roaming\MetaQuotes\Terminal\4B1CE69F577705455263BD980C39A82C\MQL5\Profiles\Tester\Plan-X_01_standard.set: type object 'ParameterRole' has no attribute 'POSITIONING'
2025-04-25 02:01:38,395 - INFO - Processing Plateau_01_standard.set
2025-04-25 02:01:38,395 - INFO - Processing Plateau_01_standard.set
2025-04-25 02:01:38,396 - ERROR - Error processing C:\Users\nikol\AppData\Roaming\MetaQuotes\Terminal\4B1CE69F577705455263BD980C39A82C\MQL5\Profiles\Tester\Plateau_01_standard.set: type object 'ParameterRole' has no attribute 'POSITIONING'
2025-04-25 02:01:38,397 - INFO - Processing Poker-SHOW_01_standard.set
2025-04-25 02:01:38,397 - INFO - Processing Poker-SHOW_01_standard.set
2025-04-25 02:01:38,398 - ERROR - Error processing C:\Users\nikol\AppData\Roaming\MetaQuotes\Terminal\4B1CE69F577705455263BD980C39A82C\MQL5\Profiles\Tester\Poker-SHOW_01_standard.set: type object 'ParameterRole' has no attribute 'POSITIONING'
2025-04-25 02:01:38,398 - INFO - Processing Precipice-MartIn_01_standard.set
2025-04-25 02:01:38,399 - INFO - Processing Precipice-MartIn_01_standard.set
2025-04-25 02:01:38,399 - WARNING - Error processing group role_system: 'list' object has no attribute 'items'
2025-04-25 02:01:38,400 - ERROR - Error processing C:\Users\nikol\AppData\Roaming\MetaQuotes\Terminal\4B1CE69F577705455263BD980C39A82C\MQL5\Profiles\Tester\Precipice-MartIn_01_standard.set: dictionary update sequence element #0 has length 7; 2 is required
2025-04-25 02:01:38,400 - INFO - Processing Precipice_01_standard.set
2025-04-25 02:01:38,401 - INFO - Processing Precipice_01_standard.set
2025-04-25 02:01:38,401 - ERROR - Error processing C:\Users\nikol\AppData\Roaming\MetaQuotes\Terminal\4B1CE69F577705455263BD980C39A82C\MQL5\Profiles\Tester\Precipice_01_standard.set: type object 'ParameterRole' has no attribute 'POSITIONING'
2025-04-25 02:01:38,402 - INFO - Processing Probe_01_standard.set
2025-04-25 02:01:38,403 - INFO - Processing Probe_01_standard.set
2025-04-25 02:01:38,404 - ERROR - Error processing C:\Users\nikol\AppData\Roaming\MetaQuotes\Terminal\4B1CE69F577705455263BD980C39A82C\MQL5\Profiles\Tester\Probe_01_standard.set: type object 'ParameterRole' has no attribute 'POSITIONING'
2025-04-25 02:01:38,404 - INFO - Processing Proffessor_01_standard.set
2025-04-25 02:01:38,405 - INFO - Processing Proffessor_01_standard.set
2025-04-25 02:01:38,406 - ERROR - Error processing C:\Users\nikol\AppData\Roaming\MetaQuotes\Terminal\4B1CE69F577705455263BD980C39A82C\MQL5\Profiles\Tester\Proffessor_01_standard.set: type object 'ParameterRole' has no attribute 'POSITIONING'
2025-04-25 02:01:38,406 - INFO - Processing PropFirmHelper_01_standard.set
2025-04-25 02:01:38,406 - INFO - Processing PropFirmHelper_01_standard.set
2025-04-25 02:01:38,407 - WARNING - Error processing group role_system: 'list' object has no attribute 'items'
2025-04-25 02:01:38,408 - ERROR - Error processing C:\Users\nikol\AppData\Roaming\MetaQuotes\Terminal\4B1CE69F577705455263BD980C39A82C\MQL5\Profiles\Tester\PropFirmHelper_01_standard.set: dictionary update sequence element #0 has length 3; 2 is required
2025-04-25 02:01:38,408 - INFO - Processing PROphet_01_standard.set
2025-04-25 02:01:38,409 - INFO - Processing PROphet_01_standard.set
2025-04-25 02:01:38,410 - ERROR - Error processing C:\Users\nikol\AppData\Roaming\MetaQuotes\Terminal\4B1CE69F577705455263BD980C39A82C\MQL5\Profiles\Tester\PROphet_01_standard.set: type object 'ParameterRole' has no attribute 'POSITIONING'
2025-04-25 02:01:38,411 - INFO - Processing Puria-method_01_standard.set
2025-04-25 02:01:38,411 - INFO - Processing Puria-method_01_standard.set
2025-04-25 02:01:38,412 - ERROR - Error processing C:\Users\nikol\AppData\Roaming\MetaQuotes\Terminal\4B1CE69F577705455263BD980C39A82C\MQL5\Profiles\Tester\Puria-method_01_standard.set: type object 'ParameterRole' has no attribute 'POSITIONING'
2025-04-25 02:01:38,413 - INFO - Processing Rabbit3_01_standard.set
2025-04-25 02:01:38,413 - INFO - Processing Rabbit3_01_standard.set
2025-04-25 02:01:38,414 - ERROR - Error processing C:\Users\nikol\AppData\Roaming\MetaQuotes\Terminal\4B1CE69F577705455263BD980C39A82C\MQL5\Profiles\Tester\Rabbit3_01_standard.set: type object 'ParameterRole' has no attribute 'POSITIONING'
2025-04-25 02:01:38,415 - INFO - Processing Range-Breakout_01_standard.set
2025-04-25 02:01:38,415 - INFO - Processing Range-Breakout_01_standard.set
2025-04-25 02:01:38,416 - WARNING - Error processing group role_system: 'list' object has no attribute 'items'
2025-04-25 02:01:38,417 - ERROR - Error processing C:\Users\nikol\AppData\Roaming\MetaQuotes\Terminal\4B1CE69F577705455263BD980C39A82C\MQL5\Profiles\Tester\Range-Breakout_01_standard.set: dictionary update sequence element #0 has length 20; 2 is required
2025-04-25 02:01:38,417 - INFO - Processing Rapid-Doji-EA_01_standard.set
2025-04-25 02:01:38,418 - INFO - Processing Rapid-Doji-EA_01_standard.set
2025-04-25 02:01:38,419 - ERROR - Error processing C:\Users\nikol\AppData\Roaming\MetaQuotes\Terminal\4B1CE69F577705455263BD980C39A82C\MQL5\Profiles\Tester\Rapid-Doji-EA_01_standard.set: type object 'ParameterRole' has no attribute 'POSITIONING'
2025-04-25 02:01:38,419 - INFO - Processing Raymond-Cloudy-Day-for-EA_01_standard.set
2025-04-25 02:01:38,420 - INFO - Processing Raymond-Cloudy-Day-for-EA_01_standard.set
2025-04-25 02:01:38,420 - WARNING - Error processing group role_system: 'list' object has no attribute 'items'
2025-04-25 02:01:38,421 - ERROR - Error processing C:\Users\nikol\AppData\Roaming\MetaQuotes\Terminal\4B1CE69F577705455263BD980C39A82C\MQL5\Profiles\Tester\Raymond-Cloudy-Day-for-EA_01_standard.set: dictionary update sequence element #0 has length 6; 2 is required
2025-04-25 02:01:38,422 - INFO - Processing Reflex-EA_01_standard.set
2025-04-25 02:01:38,422 - INFO - Processing Reflex-EA_01_standard.set
2025-04-25 02:01:38,423 - ERROR - Error processing C:\Users\nikol\AppData\Roaming\MetaQuotes\Terminal\4B1CE69F577705455263BD980C39A82C\MQL5\Profiles\Tester\Reflex-EA_01_standard.set: type object 'ParameterRole' has no attribute 'POSITIONING'
2025-04-25 02:01:38,424 - INFO - Processing REFLEX-INDICATOR_01_standard.set
2025-04-25 02:01:38,425 - INFO - Processing REFLEX-INDICATOR_01_standard.set
2025-04-25 02:01:38,426 - WARNING - Error processing group role_system: 'list' object has no attribute 'items'
2025-04-25 02:01:38,426 - ERROR - Error processing C:\Users\nikol\AppData\Roaming\MetaQuotes\Terminal\4B1CE69F577705455263BD980C39A82C\MQL5\Profiles\Tester\REFLEX-INDICATOR_01_standard.set: dictionary update sequence element #0 has length 7; 2 is required
2025-04-25 02:01:38,427 - INFO - Processing Reflex_01_standard.set
2025-04-25 02:01:38,428 - INFO - Processing Reflex_01_standard.set
2025-04-25 02:01:38,429 - WARNING - Error processing group role_technical: 'list' object has no attribute 'items'
2025-04-25 02:01:38,429 - ERROR - Error processing C:\Users\nikol\AppData\Roaming\MetaQuotes\Terminal\4B1CE69F577705455263BD980C39A82C\MQL5\Profiles\Tester\Reflex_01_standard.set: dictionary update sequence element #0 has length 16; 2 is required
2025-04-25 02:01:38,430 - INFO - Processing Reversing-Martingale_01_standard.set
2025-04-25 02:01:38,431 - INFO - Processing Reversing-Martingale_01_standard.set
2025-04-25 02:01:38,432 - WARNING - Error processing group role_system: 'list' object has no attribute 'items'
2025-04-25 02:01:38,432 - ERROR - Error processing C:\Users\nikol\AppData\Roaming\MetaQuotes\Terminal\4B1CE69F577705455263BD980C39A82C\MQL5\Profiles\Tester\Reversing-Martingale_01_standard.set: dictionary update sequence element #0 has length 21; 2 is required
2025-04-25 02:01:38,433 - INFO - Processing RideAlligator_01_standard.set
2025-04-25 02:01:38,433 - INFO - Processing RideAlligator_01_standard.set
2025-04-25 02:01:38,434 - WARNING - Error processing group role_technical: 'list' object has no attribute 'items'
2025-04-25 02:01:38,435 - ERROR - Error processing C:\Users\nikol\AppData\Roaming\MetaQuotes\Terminal\4B1CE69F577705455263BD980C39A82C\MQL5\Profiles\Tester\RideAlligator_01_standard.set: dictionary update sequence element #0 has length 16; 2 is required
2025-04-25 02:01:38,435 - INFO - Processing RNN_01_standard.set
2025-04-25 02:01:38,435 - INFO - Processing RNN_01_standard.set
2025-04-25 02:01:38,436 - ERROR - Error processing C:\Users\nikol\AppData\Roaming\MetaQuotes\Terminal\4B1CE69F577705455263BD980C39A82C\MQL5\Profiles\Tester\RNN_01_standard.set: type object 'ParameterRole' has no attribute 'POSITIONING'
2025-04-25 02:01:38,437 - INFO - Processing Robot-MACD_01_standard.set
2025-04-25 02:01:38,438 - INFO - Processing Robot-MACD_01_standard.set
2025-04-25 02:01:38,438 - ERROR - Error processing C:\Users\nikol\AppData\Roaming\MetaQuotes\Terminal\4B1CE69F577705455263BD980C39A82C\MQL5\Profiles\Tester\Robot-MACD_01_standard.set: type object 'ParameterRole' has no attribute 'POSITIONING'
2025-04-25 02:01:38,439 - INFO - Processing RobotPowerM5-meta4_01_standard.set
2025-04-25 02:01:38,439 - INFO - Processing RobotPowerM5-meta4_01_standard.set
2025-04-25 02:01:38,440 - ERROR - Error processing C:\Users\nikol\AppData\Roaming\MetaQuotes\Terminal\4B1CE69F577705455263BD980C39A82C\MQL5\Profiles\Tester\RobotPowerM5-meta4_01_standard.set: type object 'ParameterRole' has no attribute 'POSITIONING'
2025-04-25 02:01:38,440 - INFO - Processing Rollback-system_01_standard.set
2025-04-25 02:01:38,441 - INFO - Processing Rollback-system_01_standard.set
2025-04-25 02:01:38,441 - ERROR - Error processing C:\Users\nikol\AppData\Roaming\MetaQuotes\Terminal\4B1CE69F577705455263BD980C39A82C\MQL5\Profiles\Tester\Rollback-system_01_standard.set: type object 'ParameterRole' has no attribute 'POSITIONING'
2025-04-25 02:01:38,442 - INFO - Processing RSI EA v2_01_standard.set
2025-04-25 02:01:38,442 - INFO - Processing RSI EA v2_01_standard.set
2025-04-25 02:01:38,443 - ERROR - Error processing C:\Users\nikol\AppData\Roaming\MetaQuotes\Terminal\4B1CE69F577705455263BD980C39A82C\MQL5\Profiles\Tester\RSI EA v2_01_standard.set: type object 'ParameterRole' has no attribute 'POSITIONING'
2025-04-25 02:01:38,444 - INFO - Processing RSI-and-Bollinger-Bands_01_standard.set
2025-04-25 02:01:38,444 - INFO - Processing RSI-and-Bollinger-Bands_01_standard.set
2025-04-25 02:01:38,445 - ERROR - Error processing C:\Users\nikol\AppData\Roaming\MetaQuotes\Terminal\4B1CE69F577705455263BD980C39A82C\MQL5\Profiles\Tester\RSI-and-Bollinger-Bands_01_standard.set: type object 'ParameterRole' has no attribute 'POSITIONING'
2025-04-25 02:01:38,446 - INFO - Processing RSI-Arrow-EA_01_standard.set
2025-04-25 02:01:38,446 - INFO - Processing RSI-Arrow-EA_01_standard.set
2025-04-25 02:01:38,447 - ERROR - Error processing C:\Users\nikol\AppData\Roaming\MetaQuotes\Terminal\4B1CE69F577705455263BD980C39A82C\MQL5\Profiles\Tester\RSI-Arrow-EA_01_standard.set: type object 'ParameterRole' has no attribute 'POSITIONING'
2025-04-25 02:01:38,448 - INFO - Processing RSI-Arrow_01_standard.set
2025-04-25 02:01:38,448 - INFO - Processing RSI-Arrow_01_standard.set
2025-04-25 02:01:38,449 - ERROR - Error processing C:\Users\nikol\AppData\Roaming\MetaQuotes\Terminal\4B1CE69F577705455263BD980C39A82C\MQL5\Profiles\Tester\RSI-Arrow_01_standard.set: type object 'ParameterRole' has no attribute 'POSITIONING'
2025-04-25 02:01:38,449 - INFO - Processing RSI-EA_01_standard.set
2025-04-25 02:01:38,450 - INFO - Processing RSI-EA_01_standard.set
2025-04-25 02:01:38,451 - ERROR - Error processing C:\Users\nikol\AppData\Roaming\MetaQuotes\Terminal\4B1CE69F577705455263BD980C39A82C\MQL5\Profiles\Tester\RSI-EA_01_standard.set: type object 'ParameterRole' has no attribute 'POSITIONING'
2025-04-25 02:01:38,452 - INFO - Processing RSI-Eraser_01_standard.set
2025-04-25 02:01:38,453 - INFO - Processing RSI-Eraser_01_standard.set
2025-04-25 02:01:38,454 - ERROR - Error processing C:\Users\nikol\AppData\Roaming\MetaQuotes\Terminal\4B1CE69F577705455263BD980C39A82C\MQL5\Profiles\Tester\RSI-Eraser_01_standard.set: type object 'ParameterRole' has no attribute 'POSITIONING'
2025-04-25 02:01:38,454 - INFO - Processing RSI-Expert_01_standard.set
2025-04-25 02:01:38,455 - INFO - Processing RSI-Expert_01_standard.set
2025-04-25 02:01:38,456 - ERROR - Error processing C:\Users\nikol\AppData\Roaming\MetaQuotes\Terminal\4B1CE69F577705455263BD980C39A82C\MQL5\Profiles\Tester\RSI-Expert_01_standard.set: type object 'ParameterRole' has no attribute 'POSITIONING'
2025-04-25 02:01:38,456 - INFO - Processing RSI-Levels_01_standard.set
2025-04-25 02:01:38,457 - INFO - Processing RSI-Levels_01_standard.set
2025-04-25 02:01:38,458 - WARNING - Error processing group role_system: 'list' object has no attribute 'items'
2025-04-25 02:01:38,459 - ERROR - Error processing C:\Users\nikol\AppData\Roaming\MetaQuotes\Terminal\4B1CE69F577705455263BD980C39A82C\MQL5\Profiles\Tester\RSI-Levels_01_standard.set: dictionary update sequence element #0 has length 20; 2 is required
2025-04-25 02:01:38,460 - INFO - Processing RSI-trader_01_standard.set
2025-04-25 02:01:38,460 - INFO - Processing RSI-trader_01_standard.set
2025-04-25 02:01:38,461 - WARNING - Error processing group role_technical: 'list' object has no attribute 'items'
2025-04-25 02:01:38,461 - ERROR - Error processing C:\Users\nikol\AppData\Roaming\MetaQuotes\Terminal\4B1CE69F577705455263BD980C39A82C\MQL5\Profiles\Tester\RSI-trader_01_standard.set: dictionary update sequence element #0 has length 14; 2 is required
2025-04-25 02:01:38,462 - INFO - Processing RSI-Trend-EA_01_standard.set
2025-04-25 02:01:38,462 - INFO - Processing RSI-Trend-EA_01_standard.set
2025-04-25 02:01:38,463 - ERROR - Error processing C:\Users\nikol\AppData\Roaming\MetaQuotes\Terminal\4B1CE69F577705455263BD980C39A82C\MQL5\Profiles\Tester\RSI-Trend-EA_01_standard.set: type object 'ParameterRole' has no attribute 'POSITIONING'
2025-04-25 02:01:38,464 - INFO - Processing RSI-Trend_01_standard.set
2025-04-25 02:01:38,465 - INFO - Processing RSI-Trend_01_standard.set
2025-04-25 02:01:38,466 - ERROR - Error processing C:\Users\nikol\AppData\Roaming\MetaQuotes\Terminal\4B1CE69F577705455263BD980C39A82C\MQL5\Profiles\Tester\RSI-Trend_01_standard.set: type object 'ParameterRole' has no attribute 'POSITIONING'
2025-04-25 02:01:38,467 - INFO - Processing RSI-with-channels-EA_01_standard.set
2025-04-25 02:01:38,468 - INFO - Processing RSI-with-channels-EA_01_standard.set
2025-04-25 02:01:38,469 - ERROR - Error processing C:\Users\nikol\AppData\Roaming\MetaQuotes\Terminal\4B1CE69F577705455263BD980C39A82C\MQL5\Profiles\Tester\RSI-with-channels-EA_01_standard.set: type object 'ParameterRole' has no attribute 'POSITIONING'
2025-04-25 02:01:38,469 - INFO - Processing RSI-with-channels_01_standard.set
2025-04-25 02:01:38,470 - INFO - Processing RSI-with-channels_01_standard.set
2025-04-25 02:01:38,471 - ERROR - Error processing C:\Users\nikol\AppData\Roaming\MetaQuotes\Terminal\4B1CE69F577705455263BD980C39A82C\MQL5\Profiles\Tester\RSI-with-channels_01_standard.set: type object 'ParameterRole' has no attribute 'POSITIONING'
2025-04-25 02:01:38,471 - INFO - Processing RSI_Expert_v2.0_01_standard.set
2025-04-25 02:01:38,472 - INFO - Processing RSI_Expert_v2.0_01_standard.set
2025-04-25 02:01:38,473 - ERROR - Error processing C:\Users\nikol\AppData\Roaming\MetaQuotes\Terminal\4B1CE69F577705455263BD980C39A82C\MQL5\Profiles\Tester\RSI_Expert_v2.0_01_standard.set: type object 'ParameterRole' has no attribute 'POSITIONING'
2025-04-25 02:01:38,474 - INFO - Processing Russian20-hp1_01_standard.set
2025-04-25 02:01:38,474 - INFO - Processing Russian20-hp1_01_standard.set
2025-04-25 02:01:38,475 - ERROR - Error processing C:\Users\nikol\AppData\Roaming\MetaQuotes\Terminal\4B1CE69F577705455263BD980C39A82C\MQL5\Profiles\Tester\Russian20-hp1_01_standard.set: type object 'ParameterRole' has no attribute 'POSITIONING'
2025-04-25 02:01:38,476 - INFO - Processing SampleCheckPendingOrder_01_standard.set
2025-04-25 02:01:38,477 - INFO - Processing SampleCheckPendingOrder_01_standard.set
2025-04-25 02:01:38,478 - ERROR - Error processing C:\Users\nikol\AppData\Roaming\MetaQuotes\Terminal\4B1CE69F577705455263BD980C39A82C\MQL5\Profiles\Tester\SampleCheckPendingOrder_01_standard.set: type object 'ParameterRole' has no attribute 'POSITIONING'
2025-04-25 02:01:38,479 - INFO - Processing SampleTrailingstop-MT5_01_standard.set
2025-04-25 02:01:38,479 - INFO - Processing SampleTrailingstop-MT5_01_standard.set
2025-04-25 02:01:38,480 - ERROR - Error processing C:\Users\nikol\AppData\Roaming\MetaQuotes\Terminal\4B1CE69F577705455263BD980C39A82C\MQL5\Profiles\Tester\SampleTrailingstop-MT5_01_standard.set: type object 'ParameterRole' has no attribute 'POSITIONING'
2025-04-25 02:01:38,481 - INFO - Processing SAR-trading_01_standard.set
2025-04-25 02:01:38,481 - INFO - Processing SAR-trading_01_standard.set
2025-04-25 02:01:38,482 - ERROR - Error processing C:\Users\nikol\AppData\Roaming\MetaQuotes\Terminal\4B1CE69F577705455263BD980C39A82C\MQL5\Profiles\Tester\SAR-trading_01_standard.set: type object 'ParameterRole' has no attribute 'POSITIONING'
2025-04-25 02:01:38,483 - INFO - Processing Secwenta_01_standard.set
2025-04-25 02:01:38,484 - INFO - Processing Secwenta_01_standard.set
2025-04-25 02:01:38,485 - WARNING - Error processing group role_risk: 'list' object has no attribute 'items'
2025-04-25 02:01:38,486 - ERROR - Error processing C:\Users\nikol\AppData\Roaming\MetaQuotes\Terminal\4B1CE69F577705455263BD980C39A82C\MQL5\Profiles\Tester\Secwenta_01_standard.set: dictionary update sequence element #0 has length 8; 2 is required
2025-04-25 02:01:38,487 - INFO - Processing Sell-Stop_01_standard.set
2025-04-25 02:01:38,487 - INFO - Processing Sell-Stop_01_standard.set
2025-04-25 02:01:38,488 - ERROR - Error processing C:\Users\nikol\AppData\Roaming\MetaQuotes\Terminal\4B1CE69F577705455263BD980C39A82C\MQL5\Profiles\Tester\Sell-Stop_01_standard.set: type object 'ParameterRole' has no attribute 'POSITIONING'
2025-04-25 02:01:38,489 - INFO - Processing Sensitive_01_standard.set
2025-04-25 02:01:38,490 - INFO - Processing Sensitive_01_standard.set
2025-04-25 02:01:38,491 - ERROR - Error processing C:\Users\nikol\AppData\Roaming\MetaQuotes\Terminal\4B1CE69F577705455263BD980C39A82C\MQL5\Profiles\Tester\Sensitive_01_standard.set: type object 'ParameterRole' has no attribute 'POSITIONING'
2025-04-25 02:01:38,491 - INFO - Processing Separate-trade_01_standard.set
2025-04-25 02:01:38,492 - INFO - Processing Separate-trade_01_standard.set
2025-04-25 02:01:38,493 - ERROR - Error processing C:\Users\nikol\AppData\Roaming\MetaQuotes\Terminal\4B1CE69F577705455263BD980C39A82C\MQL5\Profiles\Tester\Separate-trade_01_standard.set: type object 'ParameterRole' has no attribute 'POSITIONING'
2025-04-25 02:01:38,494 - INFO - Processing SilverTrend_01_standard.set
2025-04-25 02:01:38,494 - INFO - Processing SilverTrend_01_standard.set
2025-04-25 02:01:38,495 - ERROR - Error processing C:\Users\nikol\AppData\Roaming\MetaQuotes\Terminal\4B1CE69F577705455263BD980C39A82C\MQL5\Profiles\Tester\SilverTrend_01_standard.set: type object 'ParameterRole' has no attribute 'POSITIONING'
2025-04-25 02:01:38,496 - INFO - Processing Simple-20Price-20Alert-20-20EA_01_standard.set
2025-04-25 02:01:38,497 - INFO - Processing Simple-20Price-20Alert-20-20EA_01_standard.set
2025-04-25 02:01:38,497 - ERROR - Error processing C:\Users\nikol\AppData\Roaming\MetaQuotes\Terminal\4B1CE69F577705455263BD980C39A82C\MQL5\Profiles\Tester\Simple-20Price-20Alert-20-20EA_01_standard.set: type object 'ParameterRole' has no attribute 'POSITIONING'
2025-04-25 02:01:38,498 - INFO - Processing Simple-20Volume-20EA_01_standard.set
2025-04-25 02:01:38,498 - INFO - Processing Simple-20Volume-20EA_01_standard.set
2025-04-25 02:01:38,500 - ERROR - Error processing C:\Users\nikol\AppData\Roaming\MetaQuotes\Terminal\4B1CE69F577705455263BD980C39A82C\MQL5\Profiles\Tester\Simple-20Volume-20EA_01_standard.set: type object 'ParameterRole' has no attribute 'POSITIONING'
2025-04-25 02:01:38,500 - INFO - Processing Simple-EA-MA-plus-MACD_01_standard.set
2025-04-25 02:01:38,501 - INFO - Processing Simple-EA-MA-plus-MACD_01_standard.set
2025-04-25 02:01:38,502 - ERROR - Error processing C:\Users\nikol\AppData\Roaming\MetaQuotes\Terminal\4B1CE69F577705455263BD980C39A82C\MQL5\Profiles\Tester\Simple-EA-MA-plus-MACD_01_standard.set: type object 'ParameterRole' has no attribute 'POSITIONING'
2025-04-25 02:01:38,502 - INFO - Processing Simple-FX_01_standard.set
2025-04-25 02:01:38,503 - INFO - Processing Simple-FX_01_standard.set
2025-04-25 02:01:38,504 - ERROR - Error processing C:\Users\nikol\AppData\Roaming\MetaQuotes\Terminal\4B1CE69F577705455263BD980C39A82C\MQL5\Profiles\Tester\Simple-FX_01_standard.set: type object 'ParameterRole' has no attribute 'POSITIONING'
2025-04-25 02:01:38,505 - INFO - Processing Simple-MACD_01_standard.set
2025-04-25 02:01:38,505 - INFO - Processing Simple-MACD_01_standard.set
2025-04-25 02:01:38,506 - WARNING - Error processing group role_risk: 'list' object has no attribute 'items'
2025-04-25 02:01:38,507 - ERROR - Error processing C:\Users\nikol\AppData\Roaming\MetaQuotes\Terminal\4B1CE69F577705455263BD980C39A82C\MQL5\Profiles\Tester\Simple-MACD_01_standard.set: dictionary update sequence element #0 has length 8; 2 is required
2025-04-25 02:01:38,508 - INFO - Processing Simple-Volume-EA_01_standard.set
2025-04-25 02:01:38,509 - INFO - Processing Simple-Volume-EA_01_standard.set
2025-04-25 02:01:38,510 - ERROR - Error processing C:\Users\nikol\AppData\Roaming\MetaQuotes\Terminal\4B1CE69F577705455263BD980C39A82C\MQL5\Profiles\Tester\Simple-Volume-EA_01_standard.set: type object 'ParameterRole' has no attribute 'POSITIONING'
2025-04-25 02:01:38,510 - INFO - Processing SimplePivot_01_standard.set
2025-04-25 02:01:38,511 - INFO - Processing SimplePivot_01_standard.set
2025-04-25 02:01:38,511 - WARNING - Error processing group role_risk: 'list' object has no attribute 'items'
2025-04-25 02:01:38,512 - ERROR - Error processing C:\Users\nikol\AppData\Roaming\MetaQuotes\Terminal\4B1CE69F577705455263BD980C39A82C\MQL5\Profiles\Tester\SimplePivot_01_standard.set: dictionary update sequence element #0 has length 8; 2 is required
2025-04-25 02:01:38,513 - INFO - Processing Simplest-Hedging-EA-ever_01_standard.set
2025-04-25 02:01:38,513 - INFO - Processing Simplest-Hedging-EA-ever_01_standard.set
2025-04-25 02:01:38,514 - ERROR - Error processing C:\Users\nikol\AppData\Roaming\MetaQuotes\Terminal\4B1CE69F577705455263BD980C39A82C\MQL5\Profiles\Tester\Simplest-Hedging-EA-ever_01_standard.set: type object 'ParameterRole' has no attribute 'POSITIONING'
2025-04-25 02:01:38,515 - INFO - Processing SimpleTrade _01_standard.set
2025-04-25 02:01:38,516 - INFO - Processing SimpleTrade _01_standard.set
2025-04-25 02:01:38,516 - ERROR - Error processing C:\Users\nikol\AppData\Roaming\MetaQuotes\Terminal\4B1CE69F577705455263BD980C39A82C\MQL5\Profiles\Tester\SimpleTrade _01_standard.set: type object 'ParameterRole' has no attribute 'POSITIONING'
2025-04-25 02:01:38,517 - INFO - Processing Six-Soldiers-EA-Grid_01_standard.set
2025-04-25 02:01:38,518 - INFO - Processing Six-Soldiers-EA-Grid_01_standard.set
2025-04-25 02:01:38,519 - ERROR - Error processing C:\Users\nikol\AppData\Roaming\MetaQuotes\Terminal\4B1CE69F577705455263BD980C39A82C\MQL5\Profiles\Tester\Six-Soldiers-EA-Grid_01_standard.set: type object 'ParameterRole' has no attribute 'POSITIONING'
2025-04-25 02:01:38,519 - INFO - Processing Six-Soldiers-EA_01_standard.set
2025-04-25 02:01:38,520 - INFO - Processing Six-Soldiers-EA_01_standard.set
2025-04-25 02:01:38,521 - ERROR - Error processing C:\Users\nikol\AppData\Roaming\MetaQuotes\Terminal\4B1CE69F577705455263BD980C39A82C\MQL5\Profiles\Tester\Six-Soldiers-EA_01_standard.set: type object 'ParameterRole' has no attribute 'POSITIONING'
2025-04-25 02:01:38,522 - INFO - Processing Six-Soldiers_01_standard.set
2025-04-25 02:01:38,522 - INFO - Processing Six-Soldiers_01_standard.set
2025-04-25 02:01:38,524 - WARNING - Error processing group role_system: 'list' object has no attribute 'items'
2025-04-25 02:01:38,524 - ERROR - Error processing C:\Users\nikol\AppData\Roaming\MetaQuotes\Terminal\4B1CE69F577705455263BD980C39A82C\MQL5\Profiles\Tester\Six-Soldiers_01_standard.set: dictionary update sequence element #0 has length 20; 2 is required
2025-04-25 02:01:38,525 - INFO - Processing Small-Inside-Bar-Strategy_01_standard.set
2025-04-25 02:01:38,525 - INFO - Processing Small-Inside-Bar-Strategy_01_standard.set
2025-04-25 02:01:38,526 - ERROR - Error processing C:\Users\nikol\AppData\Roaming\MetaQuotes\Terminal\4B1CE69F577705455263BD980C39A82C\MQL5\Profiles\Tester\Small-Inside-Bar-Strategy_01_standard.set: type object 'ParameterRole' has no attribute 'POSITIONING'
2025-04-25 02:01:38,527 - INFO - Processing Smart-Machine-20EA_01_standard.set
2025-04-25 02:01:38,528 - INFO - Processing Smart-Machine-20EA_01_standard.set
2025-04-25 02:01:38,529 - ERROR - Error processing C:\Users\nikol\AppData\Roaming\MetaQuotes\Terminal\4B1CE69F577705455263BD980C39A82C\MQL5\Profiles\Tester\Smart-Machine-20EA_01_standard.set: type object 'ParameterRole' has no attribute 'POSITIONING'
2025-04-25 02:01:38,530 - INFO - Processing Smoothing-Average_01_standard.set
2025-04-25 02:01:38,530 - INFO - Processing Smoothing-Average_01_standard.set
2025-04-25 02:01:38,531 - ERROR - Error processing C:\Users\nikol\AppData\Roaming\MetaQuotes\Terminal\4B1CE69F577705455263BD980C39A82C\MQL5\Profiles\Tester\Smoothing-Average_01_standard.set: type object 'ParameterRole' has no attribute 'POSITIONING'
2025-04-25 02:01:38,531 - INFO - Processing Spasm_01_standard.set
2025-04-25 02:01:38,532 - INFO - Processing Spasm_01_standard.set
2025-04-25 02:01:38,533 - ERROR - Error processing C:\Users\nikol\AppData\Roaming\MetaQuotes\Terminal\4B1CE69F577705455263BD980C39A82C\MQL5\Profiles\Tester\Spasm_01_standard.set: type object 'ParameterRole' has no attribute 'POSITIONING'
2025-04-25 02:01:38,534 - INFO - Processing Sprd-mt5-20EA_01_standard.set
2025-04-25 02:01:38,534 - INFO - Processing Sprd-mt5-20EA_01_standard.set
2025-04-25 02:01:38,535 - ERROR - Error processing C:\Users\nikol\AppData\Roaming\MetaQuotes\Terminal\4B1CE69F577705455263BD980C39A82C\MQL5\Profiles\Tester\Sprd-mt5-20EA_01_standard.set: type object 'ParameterRole' has no attribute 'POSITIONING'
2025-04-25 02:01:38,536 - INFO - Processing ssb5-123_01_standard.set
2025-04-25 02:01:38,537 - INFO - Processing ssb5-123_01_standard.set
2025-04-25 02:01:38,538 - ERROR - Error processing C:\Users\nikol\AppData\Roaming\MetaQuotes\Terminal\4B1CE69F577705455263BD980C39A82C\MQL5\Profiles\Tester\ssb5-123_01_standard.set: type object 'ParameterRole' has no attribute 'POSITIONING'
2025-04-25 02:01:38,538 - INFO - Processing Starter_01_standard.set
2025-04-25 02:01:38,539 - INFO - Processing Starter_01_standard.set
2025-04-25 02:01:38,539 - ERROR - Error processing C:\Users\nikol\AppData\Roaming\MetaQuotes\Terminal\4B1CE69F577705455263BD980C39A82C\MQL5\Profiles\Tester\Starter_01_standard.set: type object 'ParameterRole' has no attribute 'POSITIONING'
2025-04-25 02:01:38,540 - INFO - Processing Steve-Cartwright-Trader-Camel-CCI-MACD_01_standard.set
2025-04-25 02:01:38,541 - INFO - Processing Steve-Cartwright-Trader-Camel-CCI-MACD_01_standard.set
2025-04-25 02:01:38,542 - ERROR - Error processing C:\Users\nikol\AppData\Roaming\MetaQuotes\Terminal\4B1CE69F577705455263BD980C39A82C\MQL5\Profiles\Tester\Steve-Cartwright-Trader-Camel-CCI-MACD_01_standard.set: type object 'ParameterRole' has no attribute 'POSITIONING'
2025-04-25 02:01:38,543 - INFO - Processing Stoch-EA-1192_01_standard.set
2025-04-25 02:01:38,543 - INFO - Processing Stoch-EA-1192_01_standard.set
2025-04-25 02:01:38,544 - ERROR - Error processing C:\Users\nikol\AppData\Roaming\MetaQuotes\Terminal\4B1CE69F577705455263BD980C39A82C\MQL5\Profiles\Tester\Stoch-EA-1192_01_standard.set: type object 'ParameterRole' has no attribute 'POSITIONING'
2025-04-25 02:01:38,544 - INFO - Processing Stochastic-20Alert_01_standard.set
2025-04-25 02:01:38,545 - INFO - Processing Stochastic-20Alert_01_standard.set
2025-04-25 02:01:38,545 - ERROR - Error processing C:\Users\nikol\AppData\Roaming\MetaQuotes\Terminal\4B1CE69F577705455263BD980C39A82C\MQL5\Profiles\Tester\Stochastic-20Alert_01_standard.set: type object 'ParameterRole' has no attribute 'POSITIONING'
2025-04-25 02:01:38,546 - INFO - Processing Stochastic-K-Divergence.lua_01_standard.set
2025-04-25 02:01:38,546 - INFO - Processing Stochastic-K-Divergence.lua_01_standard.set
2025-04-25 02:01:38,547 - ERROR - Error processing C:\Users\nikol\AppData\Roaming\MetaQuotes\Terminal\4B1CE69F577705455263BD980C39A82C\MQL5\Profiles\Tester\Stochastic-K-Divergence.lua_01_standard.set: type object 'ParameterRole' has no attribute 'POSITIONING'
2025-04-25 02:01:38,548 - INFO - Processing stochastic-three-periods_01_standard.set
2025-04-25 02:01:38,549 - INFO - Processing stochastic-three-periods_01_standard.set
2025-04-25 02:01:38,550 - ERROR - Error processing C:\Users\nikol\AppData\Roaming\MetaQuotes\Terminal\4B1CE69F577705455263BD980C39A82C\MQL5\Profiles\Tester\stochastic-three-periods_01_standard.set: type object 'ParameterRole' has no attribute 'POSITIONING'
2025-04-25 02:01:38,550 - INFO - Processing StochasticDiffSign-EA_01_standard.set
2025-04-25 02:01:38,551 - INFO - Processing StochasticDiffSign-EA_01_standard.set
2025-04-25 02:01:38,552 - ERROR - Error processing C:\Users\nikol\AppData\Roaming\MetaQuotes\Terminal\4B1CE69F577705455263BD980C39A82C\MQL5\Profiles\Tester\StochasticDiffSign-EA_01_standard.set: type object 'ParameterRole' has no attribute 'POSITIONING'
2025-04-25 02:01:38,552 - INFO - Processing stochasticdiffsign_01_standard.set
2025-04-25 02:01:38,553 - INFO - Processing stochasticdiffsign_01_standard.set
2025-04-25 02:01:38,554 - ERROR - Error processing C:\Users\nikol\AppData\Roaming\MetaQuotes\Terminal\4B1CE69F577705455263BD980C39A82C\MQL5\Profiles\Tester\stochasticdiffsign_01_standard.set: type object 'ParameterRole' has no attribute 'POSITIONING'
2025-04-25 02:01:38,554 - INFO - Processing StochMA-EA_01_standard.set
2025-04-25 02:01:38,555 - INFO - Processing StochMA-EA_01_standard.set
2025-04-25 02:01:38,556 - ERROR - Error processing C:\Users\nikol\AppData\Roaming\MetaQuotes\Terminal\4B1CE69F577705455263BD980C39A82C\MQL5\Profiles\Tester\StochMA-EA_01_standard.set: type object 'ParameterRole' has no attribute 'POSITIONING'
2025-04-25 02:01:38,557 - INFO - Processing StochMA_01_standard.set
2025-04-25 02:01:38,557 - INFO - Processing StochMA_01_standard.set
2025-04-25 02:01:38,558 - ERROR - Error processing C:\Users\nikol\AppData\Roaming\MetaQuotes\Terminal\4B1CE69F577705455263BD980C39A82C\MQL5\Profiles\Tester\StochMA_01_standard.set: type object 'ParameterRole' has no attribute 'POSITIONING'
2025-04-25 02:01:38,559 - INFO - Processing Stoch_01_standard.set
2025-04-25 02:01:38,559 - INFO - Processing Stoch_01_standard.set
2025-04-25 02:01:38,560 - ERROR - Error processing C:\Users\nikol\AppData\Roaming\MetaQuotes\Terminal\4B1CE69F577705455263BD980C39A82C\MQL5\Profiles\Tester\Stoch_01_standard.set: type object 'ParameterRole' has no attribute 'POSITIONING'
2025-04-25 02:01:38,560 - INFO - Processing Stop-Loss-Take-Profit_01_standard.set
2025-04-25 02:01:38,561 - INFO - Processing Stop-Loss-Take-Profit_01_standard.set
2025-04-25 02:01:38,562 - ERROR - Error processing C:\Users\nikol\AppData\Roaming\MetaQuotes\Terminal\4B1CE69F577705455263BD980C39A82C\MQL5\Profiles\Tester\Stop-Loss-Take-Profit_01_standard.set: type object 'ParameterRole' has no attribute 'POSITIONING'
2025-04-25 02:01:38,562 - INFO - Processing StraddleqTrail_01_standard.set
2025-04-25 02:01:38,563 - INFO - Processing StraddleqTrail_01_standard.set
2025-04-25 02:01:38,564 - ERROR - Error processing C:\Users\nikol\AppData\Roaming\MetaQuotes\Terminal\4B1CE69F577705455263BD980C39A82C\MQL5\Profiles\Tester\StraddleqTrail_01_standard.set: type object 'ParameterRole' has no attribute 'POSITIONING'
2025-04-25 02:01:38,565 - INFO - Processing Surefirething_01_standard.set
2025-04-25 02:01:38,565 - INFO - Processing Surefirething_01_standard.set
2025-04-25 02:01:38,566 - ERROR - Error processing C:\Users\nikol\AppData\Roaming\MetaQuotes\Terminal\4B1CE69F577705455263BD980C39A82C\MQL5\Profiles\Tester\Surefirething_01_standard.set: type object 'ParameterRole' has no attribute 'POSITIONING'
2025-04-25 02:01:38,567 - INFO - Processing TDSGlobal_01_standard.set
2025-04-25 02:01:38,567 - INFO - Processing TDSGlobal_01_standard.set
2025-04-25 02:01:38,568 - ERROR - Error processing C:\Users\nikol\AppData\Roaming\MetaQuotes\Terminal\4B1CE69F577705455263BD980C39A82C\MQL5\Profiles\Tester\TDSGlobal_01_standard.set: type object 'ParameterRole' has no attribute 'POSITIONING'
2025-04-25 02:01:38,569 - INFO - Processing The-MasterMind-2_01_standard.set
2025-04-25 02:01:38,570 - INFO - Processing The-MasterMind-2_01_standard.set
2025-04-25 02:01:38,571 - ERROR - Error processing C:\Users\nikol\AppData\Roaming\MetaQuotes\Terminal\4B1CE69F577705455263BD980C39A82C\MQL5\Profiles\Tester\The-MasterMind-2_01_standard.set: type object 'ParameterRole' has no attribute 'POSITIONING'
2025-04-25 02:01:38,571 - INFO - Processing The-MasterMind-3_01_standard.set
2025-04-25 02:01:38,572 - INFO - Processing The-MasterMind-3_01_standard.set
2025-04-25 02:01:38,573 - ERROR - Error processing C:\Users\nikol\AppData\Roaming\MetaQuotes\Terminal\4B1CE69F577705455263BD980C39A82C\MQL5\Profiles\Tester\The-MasterMind-3_01_standard.set: type object 'ParameterRole' has no attribute 'POSITIONING'
2025-04-25 02:01:38,574 - INFO - Processing The-MasterMind_01_standard.set
2025-04-25 02:01:38,574 - INFO - Processing The-MasterMind_01_standard.set
2025-04-25 02:01:38,575 - ERROR - Error processing C:\Users\nikol\AppData\Roaming\MetaQuotes\Terminal\4B1CE69F577705455263BD980C39A82C\MQL5\Profiles\Tester\The-MasterMind_01_standard.set: type object 'ParameterRole' has no attribute 'POSITIONING'
2025-04-25 02:01:38,576 - INFO - Processing The-Puncher_01_standard.set
2025-04-25 02:01:38,576 - INFO - Processing The-Puncher_01_standard.set
2025-04-25 02:01:38,578 - ERROR - Error processing C:\Users\nikol\AppData\Roaming\MetaQuotes\Terminal\4B1CE69F577705455263BD980C39A82C\MQL5\Profiles\Tester\The-Puncher_01_standard.set: type object 'ParameterRole' has no attribute 'POSITIONING'
2025-04-25 02:01:38,578 - INFO - Processing TheClassicTurtleTrader-no-dots-EA_01_standard.set
2025-04-25 02:01:38,579 - INFO - Processing TheClassicTurtleTrader-no-dots-EA_01_standard.set
2025-04-25 02:01:38,580 - ERROR - Error processing C:\Users\nikol\AppData\Roaming\MetaQuotes\Terminal\4B1CE69F577705455263BD980C39A82C\MQL5\Profiles\Tester\TheClassicTurtleTrader-no-dots-EA_01_standard.set: type object 'ParameterRole' has no attribute 'POSITIONING'
2025-04-25 02:01:38,581 - INFO - Processing TheClassicTurtleTrader-no-dots_01_standard.set
2025-04-25 02:01:38,581 - INFO - Processing TheClassicTurtleTrader-no-dots_01_standard.set
2025-04-25 02:01:38,582 - ERROR - Error processing C:\Users\nikol\AppData\Roaming\MetaQuotes\Terminal\4B1CE69F577705455263BD980C39A82C\MQL5\Profiles\Tester\TheClassicTurtleTrader-no-dots_01_standard.set: type object 'ParameterRole' has no attribute 'POSITIONING'
2025-04-25 02:01:38,583 - INFO - Processing Three-indicators_01_standard.set
2025-04-25 02:01:38,584 - INFO - Processing Three-indicators_01_standard.set
2025-04-25 02:01:38,585 - ERROR - Error processing C:\Users\nikol\AppData\Roaming\MetaQuotes\Terminal\4B1CE69F577705455263BD980C39A82C\MQL5\Profiles\Tester\Three-indicators_01_standard.set: type object 'ParameterRole' has no attribute 'POSITIONING'
2025-04-25 02:01:38,586 - INFO - Processing Three-neural-networks_01_standard.set
2025-04-25 02:01:38,586 - INFO - Processing Three-neural-networks_01_standard.set
2025-04-25 02:01:38,587 - ERROR - Error processing C:\Users\nikol\AppData\Roaming\MetaQuotes\Terminal\4B1CE69F577705455263BD980C39A82C\MQL5\Profiles\Tester\Three-neural-networks_01_standard.set: type object 'ParameterRole' has no attribute 'POSITIONING'
2025-04-25 02:01:38,588 - INFO - Processing Three-timeframes_01_standard.set
2025-04-25 02:01:38,588 - INFO - Processing Three-timeframes_01_standard.set
2025-04-25 02:01:38,590 - ERROR - Error processing C:\Users\nikol\AppData\Roaming\MetaQuotes\Terminal\4B1CE69F577705455263BD980C39A82C\MQL5\Profiles\Tester\Three-timeframes_01_standard.set: type object 'ParameterRole' has no attribute 'POSITIONING'
2025-04-25 02:01:38,590 - INFO - Processing Three-Typical-Candles_01_standard.set
2025-04-25 02:01:38,591 - INFO - Processing Three-Typical-Candles_01_standard.set
2025-04-25 02:01:38,592 - WARNING - Error processing group role_risk: 'list' object has no attribute 'items'
2025-04-25 02:01:38,592 - ERROR - Error processing C:\Users\nikol\AppData\Roaming\MetaQuotes\Terminal\4B1CE69F577705455263BD980C39A82C\MQL5\Profiles\Tester\Three-Typical-Candles_01_standard.set: dictionary update sequence element #0 has length 13; 2 is required
2025-04-25 02:01:38,593 - INFO - Processing Time-sync-forts_01_standard.set
2025-04-25 02:01:38,594 - INFO - Processing Time-sync-forts_01_standard.set
2025-04-25 02:01:38,595 - WARNING - Error processing group role_system: 'list' object has no attribute 'items'
2025-04-25 02:01:38,595 - ERROR - Error processing C:\Users\nikol\AppData\Roaming\MetaQuotes\Terminal\4B1CE69F577705455263BD980C39A82C\MQL5\Profiles\Tester\Time-sync-forts_01_standard.set: dictionary update sequence element #0 has length 9; 2 is required
2025-04-25 02:01:38,596 - INFO - Processing timer-trade_01_standard.set
2025-04-25 02:01:38,597 - INFO - Processing timer-trade_01_standard.set
2025-04-25 02:01:38,598 - ERROR - Error processing C:\Users\nikol\AppData\Roaming\MetaQuotes\Terminal\4B1CE69F577705455263BD980C39A82C\MQL5\Profiles\Tester\timer-trade_01_standard.set: type object 'ParameterRole' has no attribute 'POSITIONING'
2025-04-25 02:01:38,599 - INFO - Processing TMA-ATR-Channel_01_standard.set
2025-04-25 02:01:38,600 - INFO - Processing TMA-ATR-Channel_01_standard.set
2025-04-25 02:01:38,601 - ERROR - Error processing C:\Users\nikol\AppData\Roaming\MetaQuotes\Terminal\4B1CE69F577705455263BD980C39A82C\MQL5\Profiles\Tester\TMA-ATR-Channel_01_standard.set: type object 'ParameterRole' has no attribute 'POSITIONING'
2025-04-25 02:01:38,602 - INFO - Processing TMA-ATR-EA_01_standard.set
2025-04-25 02:01:38,602 - INFO - Processing TMA-ATR-EA_01_standard.set
2025-04-25 02:01:38,604 - ERROR - Error processing C:\Users\nikol\AppData\Roaming\MetaQuotes\Terminal\4B1CE69F577705455263BD980C39A82C\MQL5\Profiles\Tester\TMA-ATR-EA_01_standard.set: type object 'ParameterRole' has no attribute 'POSITIONING'
2025-04-25 02:01:38,605 - INFO - Processing TMA-CG-EA_01_standard.set
2025-04-25 02:01:38,605 - INFO - Processing TMA-CG-EA_01_standard.set
2025-04-25 02:01:38,607 - ERROR - Error processing C:\Users\nikol\AppData\Roaming\MetaQuotes\Terminal\4B1CE69F577705455263BD980C39A82C\MQL5\Profiles\Tester\TMA-CG-EA_01_standard.set: type object 'ParameterRole' has no attribute 'POSITIONING'
2025-04-25 02:01:38,607 - INFO - Processing TMA-CG-Martingale-20EA_01_standard.set
2025-04-25 02:01:38,608 - INFO - Processing TMA-CG-Martingale-20EA_01_standard.set
2025-04-25 02:01:38,609 - ERROR - Error processing C:\Users\nikol\AppData\Roaming\MetaQuotes\Terminal\4B1CE69F577705455263BD980C39A82C\MQL5\Profiles\Tester\TMA-CG-Martingale-20EA_01_standard.set: type object 'ParameterRole' has no attribute 'POSITIONING'
2025-04-25 02:01:38,609 - INFO - Processing TMA-CG-mladen_01_standard.set
2025-04-25 02:01:38,610 - INFO - Processing TMA-CG-mladen_01_standard.set
2025-04-25 02:01:38,611 - ERROR - Error processing C:\Users\nikol\AppData\Roaming\MetaQuotes\Terminal\4B1CE69F577705455263BD980C39A82C\MQL5\Profiles\Tester\TMA-CG-mladen_01_standard.set: type object 'ParameterRole' has no attribute 'POSITIONING'
2025-04-25 02:01:38,612 - INFO - Processing TMA-CG-special_01_standard.set
2025-04-25 02:01:38,613 - INFO - Processing TMA-CG-special_01_standard.set
2025-04-25 02:01:38,614 - ERROR - Error processing C:\Users\nikol\AppData\Roaming\MetaQuotes\Terminal\4B1CE69F577705455263BD980C39A82C\MQL5\Profiles\Tester\TMA-CG-special_01_standard.set: type object 'ParameterRole' has no attribute 'POSITIONING'
2025-04-25 02:01:38,614 - INFO - Processing TMA-slope-bands_01_standard.set
2025-04-25 02:01:38,615 - INFO - Processing TMA-slope-bands_01_standard.set
2025-04-25 02:01:38,616 - ERROR - Error processing C:\Users\nikol\AppData\Roaming\MetaQuotes\Terminal\4B1CE69F577705455263BD980C39A82C\MQL5\Profiles\Tester\TMA-slope-bands_01_standard.set: type object 'ParameterRole' has no attribute 'POSITIONING'
2025-04-25 02:01:38,617 - INFO - Processing TmaTrue-2.0-with-Distances-6xx_01_standard.set
2025-04-25 02:01:38,618 - INFO - Processing TmaTrue-2.0-with-Distances-6xx_01_standard.set
2025-04-25 02:01:38,619 - ERROR - Error processing C:\Users\nikol\AppData\Roaming\MetaQuotes\Terminal\4B1CE69F577705455263BD980C39A82C\MQL5\Profiles\Tester\TmaTrue-2.0-with-Distances-6xx_01_standard.set: type object 'ParameterRole' has no attribute 'POSITIONING'
2025-04-25 02:01:38,620 - INFO - Processing TmaTrue-3.0-with-Distances-6xx_01_standard.set
2025-04-25 02:01:38,621 - INFO - Processing TmaTrue-3.0-with-Distances-6xx_01_standard.set
2025-04-25 02:01:38,622 - ERROR - Error processing C:\Users\nikol\AppData\Roaming\MetaQuotes\Terminal\4B1CE69F577705455263BD980C39A82C\MQL5\Profiles\Tester\TmaTrue-3.0-with-Distances-6xx_01_standard.set: type object 'ParameterRole' has no attribute 'POSITIONING'
2025-04-25 02:01:38,623 - INFO - Processing TP-with-money_01_standard.set
2025-04-25 02:01:38,624 - INFO - Processing TP-with-money_01_standard.set
2025-04-25 02:01:38,625 - ERROR - Error processing C:\Users\nikol\AppData\Roaming\MetaQuotes\Terminal\4B1CE69F577705455263BD980C39A82C\MQL5\Profiles\Tester\TP-with-money_01_standard.set: type object 'ParameterRole' has no attribute 'POSITIONING'
2025-04-25 02:01:38,626 - INFO - Processing Trade-in-Channel_01_standard.set
2025-04-25 02:01:38,627 - INFO - Processing Trade-in-Channel_01_standard.set
2025-04-25 02:01:38,628 - ERROR - Error processing C:\Users\nikol\AppData\Roaming\MetaQuotes\Terminal\4B1CE69F577705455263BD980C39A82C\MQL5\Profiles\Tester\Trade-in-Channel_01_standard.set: type object 'ParameterRole' has no attribute 'POSITIONING'
2025-04-25 02:01:38,629 - INFO - Processing Trade-on-qualified-RSI_01_standard.set
2025-04-25 02:01:38,629 - INFO - Processing Trade-on-qualified-RSI_01_standard.set
2025-04-25 02:01:38,630 - ERROR - Error processing C:\Users\nikol\AppData\Roaming\MetaQuotes\Terminal\4B1CE69F577705455263BD980C39A82C\MQL5\Profiles\Tester\Trade-on-qualified-RSI_01_standard.set: type object 'ParameterRole' has no attribute 'POSITIONING'
2025-04-25 02:01:38,631 - INFO - Processing Trading-Breakout-MrThanhTan_01_standard.set
2025-04-25 02:01:38,631 - INFO - Processing Trading-Breakout-MrThanhTan_01_standard.set
2025-04-25 02:01:38,632 - ERROR - Error processing C:\Users\nikol\AppData\Roaming\MetaQuotes\Terminal\4B1CE69F577705455263BD980C39A82C\MQL5\Profiles\Tester\Trading-Breakout-MrThanhTan_01_standard.set: type object 'ParameterRole' has no attribute 'POSITIONING'
2025-04-25 02:01:38,633 - INFO - Processing Trend-Trader-Strategy-EA_01_standard.set
2025-04-25 02:01:38,634 - INFO - Processing Trend-Trader-Strategy-EA_01_standard.set
2025-04-25 02:01:38,635 - ERROR - Error processing C:\Users\nikol\AppData\Roaming\MetaQuotes\Terminal\4B1CE69F577705455263BD980C39A82C\MQL5\Profiles\Tester\Trend-Trader-Strategy-EA_01_standard.set: type object 'ParameterRole' has no attribute 'POSITIONING'
2025-04-25 02:01:38,635 - INFO - Processing Trend-Trader-Strategy_01_standard.set
2025-04-25 02:01:38,636 - INFO - Processing Trend-Trader-Strategy_01_standard.set
2025-04-25 02:01:38,637 - WARNING - Error processing group role_system: 'list' object has no attribute 'items'
2025-04-25 02:01:38,637 - ERROR - Error processing C:\Users\nikol\AppData\Roaming\MetaQuotes\Terminal\4B1CE69F577705455263BD980C39A82C\MQL5\Profiles\Tester\Trend-Trader-Strategy_01_standard.set: dictionary update sequence element #0 has length 11; 2 is required
2025-04-25 02:01:38,638 - INFO - Processing Tru-EA_01_standard.set
2025-04-25 02:01:38,639 - INFO - Processing Tru-EA_01_standard.set
2025-04-25 02:01:38,640 - ERROR - Error processing C:\Users\nikol\AppData\Roaming\MetaQuotes\Terminal\4B1CE69F577705455263BD980C39A82C\MQL5\Profiles\Tester\Tru-EA_01_standard.set: type object 'ParameterRole' has no attribute 'POSITIONING'
2025-04-25 02:01:38,641 - INFO - Processing True-Scalper-Profit-Lock_01_standard.set
2025-04-25 02:01:38,641 - INFO - Processing True-Scalper-Profit-Lock_01_standard.set
2025-04-25 02:01:38,642 - ERROR - Error processing C:\Users\nikol\AppData\Roaming\MetaQuotes\Terminal\4B1CE69F577705455263BD980C39A82C\MQL5\Profiles\Tester\True-Scalper-Profit-Lock_01_standard.set: type object 'ParameterRole' has no attribute 'POSITIONING'
2025-04-25 02:01:38,643 - INFO - Processing TrueSort-1100_01_standard.set
2025-04-25 02:01:38,644 - INFO - Processing TrueSort-1100_01_standard.set
2025-04-25 02:01:38,645 - ERROR - Error processing C:\Users\nikol\AppData\Roaming\MetaQuotes\Terminal\4B1CE69F577705455263BD980C39A82C\MQL5\Profiles\Tester\TrueSort-1100_01_standard.set: type object 'ParameterRole' has no attribute 'POSITIONING'
2025-04-25 02:01:38,646 - INFO - Processing Tunnel-gen4_01_standard.set
2025-04-25 02:01:38,646 - INFO - Processing Tunnel-gen4_01_standard.set
2025-04-25 02:01:38,647 - WARNING - Error processing group role_risk: 'list' object has no attribute 'items'
2025-04-25 02:01:38,648 - ERROR - Error processing C:\Users\nikol\AppData\Roaming\MetaQuotes\Terminal\4B1CE69F577705455263BD980C39A82C\MQL5\Profiles\Tester\Tunnel-gen4_01_standard.set: dictionary update sequence element #0 has length 8; 2 is required
2025-04-25 02:01:38,648 - INFO - Processing Tunnel-Method_01_standard.set
2025-04-25 02:01:38,649 - INFO - Processing Tunnel-Method_01_standard.set
2025-04-25 02:01:38,649 - ERROR - Error processing C:\Users\nikol\AppData\Roaming\MetaQuotes\Terminal\4B1CE69F577705455263BD980C39A82C\MQL5\Profiles\Tester\Tunnel-Method_01_standard.set: type object 'ParameterRole' has no attribute 'POSITIONING'
2025-04-25 02:01:38,650 - INFO - Processing TurnGrid_01_standard.set
2025-04-25 02:01:38,650 - INFO - Processing TurnGrid_01_standard.set
2025-04-25 02:01:38,652 - ERROR - Error processing C:\Users\nikol\AppData\Roaming\MetaQuotes\Terminal\4B1CE69F577705455263BD980C39A82C\MQL5\Profiles\Tester\TurnGrid_01_standard.set: type object 'ParameterRole' has no attribute 'POSITIONING'
2025-04-25 02:01:38,653 - INFO - Processing Two PerBar _01_standard.set
2025-04-25 02:01:38,653 - INFO - Processing Two PerBar _01_standard.set
2025-04-25 02:01:38,654 - ERROR - Error processing C:\Users\nikol\AppData\Roaming\MetaQuotes\Terminal\4B1CE69F577705455263BD980C39A82C\MQL5\Profiles\Tester\Two PerBar _01_standard.set: type object 'ParameterRole' has no attribute 'POSITIONING'
2025-04-25 02:01:38,655 - INFO - Processing Two-20MA-20RSI-20ADX-20EA_01_standard.set
2025-04-25 02:01:38,656 - INFO - Processing Two-20MA-20RSI-20ADX-20EA_01_standard.set
2025-04-25 02:01:38,656 - ERROR - Error processing C:\Users\nikol\AppData\Roaming\MetaQuotes\Terminal\4B1CE69F577705455263BD980C39A82C\MQL5\Profiles\Tester\Two-20MA-20RSI-20ADX-20EA_01_standard.set: type object 'ParameterRole' has no attribute 'POSITIONING'
2025-04-25 02:01:38,657 - INFO - Processing Two-20Orders-20Panel_01_standard.set
2025-04-25 02:01:38,658 - INFO - Processing Two-20Orders-20Panel_01_standard.set
2025-04-25 02:01:38,659 - WARNING - Error processing group role_risk: 'list' object has no attribute 'items'
2025-04-25 02:01:38,660 - ERROR - Error processing C:\Users\nikol\AppData\Roaming\MetaQuotes\Terminal\4B1CE69F577705455263BD980C39A82C\MQL5\Profiles\Tester\Two-20Orders-20Panel_01_standard.set: dictionary update sequence element #0 has length 6; 2 is required
2025-04-25 02:01:38,661 - INFO - Processing Two-pending-orders-2_01_standard.set
2025-04-25 02:01:38,662 - INFO - Processing Two-pending-orders-2_01_standard.set
2025-04-25 02:01:38,663 - ERROR - Error processing C:\Users\nikol\AppData\Roaming\MetaQuotes\Terminal\4B1CE69F577705455263BD980C39A82C\MQL5\Profiles\Tester\Two-pending-orders-2_01_standard.set: type object 'ParameterRole' has no attribute 'POSITIONING'
2025-04-25 02:01:38,664 - INFO - Processing UnityPro_01_standard.set
2025-04-25 02:01:38,665 - INFO - Processing UnityPro_01_standard.set
2025-04-25 02:01:38,666 - ERROR - Error processing C:\Users\nikol\AppData\Roaming\MetaQuotes\Terminal\4B1CE69F577705455263BD980C39A82C\MQL5\Profiles\Tester\UnityPro_01_standard.set: type object 'ParameterRole' has no attribute 'POSITIONING'
2025-04-25 02:01:38,667 - INFO - Processing UniversalMACrossEA_01_standard.set
2025-04-25 02:01:38,668 - INFO - Processing UniversalMACrossEA_01_standard.set
2025-04-25 02:01:38,669 - ERROR - Error processing C:\Users\nikol\AppData\Roaming\MetaQuotes\Terminal\4B1CE69F577705455263BD980C39A82C\MQL5\Profiles\Tester\UniversalMACrossEA_01_standard.set: type object 'ParameterRole' has no attribute 'POSITIONING'
2025-04-25 02:01:38,670 - INFO - Processing UniversalSignalDemo_01_standard.set
2025-04-25 02:01:38,670 - INFO - Processing UniversalSignalDemo_01_standard.set
2025-04-25 02:01:38,671 - ERROR - Error processing C:\Users\nikol\AppData\Roaming\MetaQuotes\Terminal\4B1CE69F577705455263BD980C39A82C\MQL5\Profiles\Tester\UniversalSignalDemo_01_standard.set: type object 'ParameterRole' has no attribute 'POSITIONING'
2025-04-25 02:01:38,674 - INFO - Processing Universum-3.0_01_standard.set
2025-04-25 02:01:38,674 - INFO - Processing Universum-3.0_01_standard.set
2025-04-25 02:01:38,675 - ERROR - Error processing C:\Users\nikol\AppData\Roaming\MetaQuotes\Terminal\4B1CE69F577705455263BD980C39A82C\MQL5\Profiles\Tester\Universum-3.0_01_standard.set: type object 'ParameterRole' has no attribute 'POSITIONING'
2025-04-25 02:01:38,677 - INFO - Processing UnNomGuai-20EA_01_standard.set
2025-04-25 02:01:38,677 - INFO - Processing UnNomGuai-20EA_01_standard.set
2025-04-25 02:01:38,678 - ERROR - Error processing C:\Users\nikol\AppData\Roaming\MetaQuotes\Terminal\4B1CE69F577705455263BD980C39A82C\MQL5\Profiles\Tester\UnNomGuai-20EA_01_standard.set: type object 'ParameterRole' has no attribute 'POSITIONING'
2025-04-25 02:01:38,680 - INFO - Processing up3x1-Investor_01_standard.set
2025-04-25 02:01:38,680 - INFO - Processing up3x1-Investor_01_standard.set
2025-04-25 02:01:38,681 - ERROR - Error processing C:\Users\nikol\AppData\Roaming\MetaQuotes\Terminal\4B1CE69F577705455263BD980C39A82C\MQL5\Profiles\Tester\up3x1-Investor_01_standard.set: type object 'ParameterRole' has no attribute 'POSITIONING'
2025-04-25 02:01:38,682 - INFO - Processing up3x1-premium-M_01_standard.set
2025-04-25 02:01:38,683 - INFO - Processing up3x1-premium-M_01_standard.set
2025-04-25 02:01:38,684 - ERROR - Error processing C:\Users\nikol\AppData\Roaming\MetaQuotes\Terminal\4B1CE69F577705455263BD980C39A82C\MQL5\Profiles\Tester\up3x1-premium-M_01_standard.set: type object 'ParameterRole' has no attribute 'POSITIONING'
2025-04-25 02:01:38,684 - INFO - Processing up3x1_01_standard.set
2025-04-25 02:01:38,685 - INFO - Processing up3x1_01_standard.set
2025-04-25 02:01:38,686 - ERROR - Error processing C:\Users\nikol\AppData\Roaming\MetaQuotes\Terminal\4B1CE69F577705455263BD980C39A82C\MQL5\Profiles\Tester\up3x1_01_standard.set: type object 'ParameterRole' has no attribute 'POSITIONING'
2025-04-25 02:01:38,687 - INFO - Processing Urdala-Trol_01_standard.set
2025-04-25 02:01:38,688 - INFO - Processing Urdala-Trol_01_standard.set
2025-04-25 02:01:38,689 - ERROR - Error processing C:\Users\nikol\AppData\Roaming\MetaQuotes\Terminal\4B1CE69F577705455263BD980C39A82C\MQL5\Profiles\Tester\Urdala-Trol_01_standard.set: type object 'ParameterRole' has no attribute 'POSITIONING'
2025-04-25 02:01:38,689 - INFO - Processing Very-Blonde-System_01_standard.set
2025-04-25 02:01:38,690 - INFO - Processing Very-Blonde-System_01_standard.set
2025-04-25 02:01:38,691 - WARNING - Error processing group role_system: 'list' object has no attribute 'items'
2025-04-25 02:01:38,692 - ERROR - Error processing C:\Users\nikol\AppData\Roaming\MetaQuotes\Terminal\4B1CE69F577705455263BD980C39A82C\MQL5\Profiles\Tester\Very-Blonde-System_01_standard.set: dictionary update sequence element #0 has length 10; 2 is required
2025-04-25 02:01:38,695 - INFO - Processing Virtual-Trailing-Stop_01_standard.set
2025-04-25 02:01:38,696 - INFO - Processing Virtual-Trailing-Stop_01_standard.set
2025-04-25 02:01:38,697 - ERROR - Error processing C:\Users\nikol\AppData\Roaming\MetaQuotes\Terminal\4B1CE69F577705455263BD980C39A82C\MQL5\Profiles\Tester\Virtual-Trailing-Stop_01_standard.set: type object 'ParameterRole' has no attribute 'POSITIONING'
2025-04-25 02:01:38,698 - INFO - Processing VLT-TRADER_01_standard.set
2025-04-25 02:01:38,698 - INFO - Processing VLT-TRADER_01_standard.set
2025-04-25 02:01:38,699 - ERROR - Error processing C:\Users\nikol\AppData\Roaming\MetaQuotes\Terminal\4B1CE69F577705455263BD980C39A82C\MQL5\Profiles\Tester\VLT-TRADER_01_standard.set: type object 'ParameterRole' has no attribute 'POSITIONING'
2025-04-25 02:01:38,701 - INFO - Processing Volume-trader_01_standard.set
2025-04-25 02:01:38,702 - INFO - Processing Volume-trader_01_standard.set
2025-04-25 02:01:38,703 - WARNING - Error processing group role_risk: 'list' object has no attribute 'items'
2025-04-25 02:01:38,703 - ERROR - Error processing C:\Users\nikol\AppData\Roaming\MetaQuotes\Terminal\4B1CE69F577705455263BD980C39A82C\MQL5\Profiles\Tester\Volume-trader_01_standard.set: dictionary update sequence element #0 has length 8; 2 is required
2025-04-25 02:01:38,704 - INFO - Processing Vortex-Indicator-System_01_standard.set
2025-04-25 02:01:38,705 - INFO - Processing Vortex-Indicator-System_01_standard.set
2025-04-25 02:01:38,706 - WARNING - Error processing group role_system: 'list' object has no attribute 'items'
2025-04-25 02:01:38,706 - ERROR - Error processing C:\Users\nikol\AppData\Roaming\MetaQuotes\Terminal\4B1CE69F577705455263BD980C39A82C\MQL5\Profiles\Tester\Vortex-Indicator-System_01_standard.set: dictionary update sequence element #0 has length 10; 2 is required
2025-04-25 02:01:38,707 - INFO - Processing VR-Overturn_01_standard.set
2025-04-25 02:01:38,708 - INFO - Processing VR-Overturn_01_standard.set
2025-04-25 02:01:38,709 - ERROR - Error processing C:\Users\nikol\AppData\Roaming\MetaQuotes\Terminal\4B1CE69F577705455263BD980C39A82C\MQL5\Profiles\Tester\VR-Overturn_01_standard.set: type object 'ParameterRole' has no attribute 'POSITIONING'
2025-04-25 02:01:38,710 - INFO - Processing VR-ZVER-v.2_01_standard.set
2025-04-25 02:01:38,711 - INFO - Processing VR-ZVER-v.2_01_standard.set
2025-04-25 02:01:38,712 - ERROR - Error processing C:\Users\nikol\AppData\Roaming\MetaQuotes\Terminal\4B1CE69F577705455263BD980C39A82C\MQL5\Profiles\Tester\VR-ZVER-v.2_01_standard.set: type object 'ParameterRole' has no attribute 'POSITIONING'
2025-04-25 02:01:38,712 - INFO - Processing VR-ZVER_01_standard.set
2025-04-25 02:01:38,713 - INFO - Processing VR-ZVER_01_standard.set
2025-04-25 02:01:38,715 - ERROR - Error processing C:\Users\nikol\AppData\Roaming\MetaQuotes\Terminal\4B1CE69F577705455263BD980C39A82C\MQL5\Profiles\Tester\VR-ZVER_01_standard.set: type object 'ParameterRole' has no attribute 'POSITIONING'
2025-04-25 02:01:38,716 - INFO - Processing VZO_01_standard.set
2025-04-25 02:01:38,717 - INFO - Processing VZO_01_standard.set
2025-04-25 02:01:38,718 - WARNING - Error processing group role_system: 'list' object has no attribute 'items'
2025-04-25 02:01:38,718 - ERROR - Error processing C:\Users\nikol\AppData\Roaming\MetaQuotes\Terminal\4B1CE69F577705455263BD980C39A82C\MQL5\Profiles\Tester\VZO_01_standard.set: dictionary update sequence element #0 has length 11; 2 is required
2025-04-25 02:01:38,719 - INFO - Processing Waddah-Attar-Win_01_standard.set
2025-04-25 02:01:38,719 - INFO - Processing Waddah-Attar-Win_01_standard.set
2025-04-25 02:01:38,720 - ERROR - Error processing C:\Users\nikol\AppData\Roaming\MetaQuotes\Terminal\4B1CE69F577705455263BD980C39A82C\MQL5\Profiles\Tester\Waddah-Attar-Win_01_standard.set: type object 'ParameterRole' has no attribute 'POSITIONING'
2025-04-25 02:01:38,721 - INFO - Processing WE-TRUST_01_standard.set
2025-04-25 02:01:38,722 - INFO - Processing WE-TRUST_01_standard.set
2025-04-25 02:01:38,723 - ERROR - Error processing C:\Users\nikol\AppData\Roaming\MetaQuotes\Terminal\4B1CE69F577705455263BD980C39A82C\MQL5\Profiles\Tester\WE-TRUST_01_standard.set: type object 'ParameterRole' has no attribute 'POSITIONING'
2025-04-25 02:01:38,724 - INFO - Processing X-RSIOMA_01_standard.set
2025-04-25 02:01:38,725 - INFO - Processing X-RSIOMA_01_standard.set
2025-04-25 02:01:38,726 - ERROR - Error processing C:\Users\nikol\AppData\Roaming\MetaQuotes\Terminal\4B1CE69F577705455263BD980C39A82C\MQL5\Profiles\Tester\X-RSIOMA_01_standard.set: type object 'ParameterRole' has no attribute 'POSITIONING'
2025-04-25 02:01:38,726 - INFO - Processing Yesterday-Today_01_standard.set
2025-04-25 02:01:38,727 - INFO - Processing Yesterday-Today_01_standard.set
2025-04-25 02:01:38,728 - ERROR - Error processing C:\Users\nikol\AppData\Roaming\MetaQuotes\Terminal\4B1CE69F577705455263BD980C39A82C\MQL5\Profiles\Tester\Yesterday-Today_01_standard.set: type object 'ParameterRole' has no attribute 'POSITIONING'
2025-04-25 02:01:38,729 - INFO - 
Processing Summary:
2025-04-25 02:01:38,729 - INFO - Total files: 482
2025-04-25 02:01:38,730 - INFO - Successfully processed: 0
2025-04-25 02:01:38,731 - INFO - Failed: 482
2025-04-25 02:01:38,731 - INFO - Skipped: 0
