2025-04-27 11:28:26,026 - INFO - Found 2718 .set files to process
2025-04-27 11:28:26,028 - INFO - Successfully optimized 10-pips-EURUSD_01_standard.set -> 10-pips-EURUSD_01_otp.set
2025-04-27 11:28:26,029 - INFO - Successfully optimized 10-pips_01_standard.set -> 10-pips_01_otp.set
2025-04-27 11:28:26,030 - INFO - Successfully optimized 1H-EUR-USD_01_standard.set -> 1H-EUR-USD_01_otp.set
2025-04-27 11:28:26,031 - INFO - Successfully optimized 20011201-GBPUSD-M1_01_standard.set -> 20011201-GBPUSD-M1_01_otp.set
2025-04-27 11:28:26,032 - INFO - Successfully optimized 21hour_01_standard.set -> 21hour_01_otp.set
2025-04-27 11:28:26,045 - INFO - Successfully optimized 2HR-HL_01_standard.set -> 2HR-HL_01_otp.set
2025-04-27 11:28:26,046 - INFO - Successfully optimized 2MA-4Level_01_standard.set -> 2MA-4Level_01_otp.set
2025-04-27 11:28:26,048 - INFO - Successfully optimized 2MA-Bunny-Cross_01_standard.set -> 2MA-Bunny-Cross_01_otp.set
2025-04-27 11:28:26,049 - INFO - Successfully optimized 3-bars-high-low-indicator_01_standard.set -> 3-bars-high-low-indicator_01_otp.set
2025-04-27 11:28:26,050 - INFO - Successfully optimized 35-Pip-Scalper_01_standard.set -> 35-Pip-Scalper_01_otp.set
2025-04-27 11:28:26,051 - INFO - Successfully optimized 3BarsHighLowEA_01_standard.set -> 3BarsHighLowEA_01_otp.set
2025-04-27 11:28:26,052 - INFO - Successfully optimized 3sma_01_standard.set -> 3sma_01_otp.set
2025-04-27 11:28:26,053 - INFO - Successfully optimized 500_01_standard.set -> 500_01_otp.set
2025-04-27 11:28:26,054 - INFO - Successfully optimized 55-MA_01_standard.set -> 55-MA_01_otp.set
2025-04-27 11:28:26,055 - INFO - Successfully optimized Above-Below-MA_01_standard.set -> Above-Below-MA_01_otp.set
2025-04-27 11:28:26,056 - INFO - Successfully optimized Absorption_01_standard.set -> Absorption_01_otp.set
2025-04-27 11:28:26,057 - INFO - Successfully optimized ADX-MACD-Deev_01_standard.set -> ADX-MACD-Deev_01_otp.set
2025-04-27 11:28:26,059 - INFO - Successfully optimized ADX-MA_01_standard.set -> ADX-MA_01_otp.set
2025-04-27 11:28:26,060 - INFO - Successfully optimized ADX-System_01_standard.set -> ADX-System_01_otp.set
2025-04-27 11:28:26,061 - INFO - Successfully optimized AIS1_01_standard.set -> AIS1_01_otp.set
2025-04-27 11:28:26,062 - INFO - Successfully optimized Alexav-D1-Profit-GBPUSD_01_standard.set -> Alexav-D1-Profit-GBPUSD_01_otp.set
2025-04-27 11:28:26,063 - INFO - Successfully optimized All-Average-Ea_01_standard.set -> All-Average-Ea_01_otp.set
2025-04-27 11:28:26,064 - INFO - Successfully optimized Alligator-Simple_01_standard.set -> Alligator-Simple_01_otp.set
2025-04-27 11:28:26,065 - INFO - Successfully optimized Alligator_01_standard.set -> Alligator_01_otp.set
2025-04-27 11:28:26,067 - INFO - Successfully optimized Altarius-RSI-Stohastic_01_standard.set -> Altarius-RSI-Stohastic_01_otp.set
2025-04-27 11:28:26,069 - INFO - Successfully optimized AMA-Trader-2_01_standard.set -> AMA-Trader-2_01_otp.set
2025-04-27 11:28:26,070 - INFO - Successfully optimized AMA-Trader_01_standard.set -> AMA-Trader_01_otp.set
2025-04-27 11:28:26,071 - INFO - Successfully optimized AO-Lightning_01_standard.set -> AO-Lightning_01_otp.set
2025-04-27 11:28:26,072 - INFO - Successfully optimized AOCCI_01_standard.set -> AOCCI_01_otp.set
2025-04-27 11:28:26,073 - INFO - Successfully optimized Arbitrage_01_standard.set -> Arbitrage_01_otp.set
2025-04-27 11:28:26,074 - INFO - Successfully optimized ArbSint_01_standard.set -> ArbSint_01_otp.set
2025-04-27 11:28:26,076 - INFO - Successfully optimized Area-MACD_01_standard.set -> Area-MACD_01_otp.set
2025-04-27 11:28:26,077 - INFO - Successfully optimized Artificial-Intelligence_01_standard.set -> Artificial-Intelligence_01_otp.set
2025-04-27 11:28:26,078 - INFO - Successfully optimized At-random-Full_01_standard.set -> At-random-Full_01_otp.set
2025-04-27 11:28:26,079 - INFO - Successfully optimized At-random_01_standard.set -> At-random_01_otp.set
2025-04-27 11:28:26,080 - INFO - Successfully optimized Auto-ADX_01_standard.set -> Auto-ADX_01_otp.set
2025-04-27 11:28:26,081 - INFO - Successfully optimized Auto-Pivot-Plotter-28Mid-Levels-29-41_01_standard.set -> Auto-Pivot-Plotter-28Mid-Levels-29-41_01_otp.set
2025-04-27 11:28:26,082 - INFO - Successfully optimized AutoLock-EA_01_standard.set -> AutoLock-EA_01_otp.set
2025-04-27 11:28:26,083 - INFO - Successfully optimized Autotrader-Momentum_01_standard.set -> Autotrader-Momentum_01_otp.set
2025-04-27 11:28:26,084 - INFO - Successfully optimized Avalanche-AV_01_standard.set -> Avalanche-AV_01_otp.set
2025-04-27 11:28:26,086 - INFO - Successfully optimized Backbone_01_standard.set -> Backbone_01_otp.set
2025-04-27 11:28:26,087 - INFO - Successfully optimized BADX_01_standard.set -> BADX_01_otp.set
2025-04-27 11:28:26,088 - INFO - Successfully optimized Bago-EA_01_standard.set -> Bago-EA_01_otp.set
2025-04-27 11:28:26,090 - INFO - Successfully optimized BalancedScalper-20EA_01_standard.set -> BalancedScalper-20EA_01_otp.set
2025-04-27 11:28:26,091 - INFO - Successfully optimized Bands-2_01_standard.set -> Bands-2_01_otp.set
2025-04-27 11:28:26,092 - INFO - Successfully optimized BARS-Alligator_01_standard.set -> BARS-Alligator_01_otp.set
2025-04-27 11:28:26,093 - INFO - Successfully optimized Basic-CCI-RSI_01_standard.set -> Basic-CCI-RSI_01_otp.set
2025-04-27 11:28:26,094 - INFO - Successfully optimized Basic-Martingale-EA-3_01_standard.set -> Basic-Martingale-EA-3_01_otp.set
2025-04-27 11:28:26,095 - INFO - Successfully optimized BBPercentile-EA_01_standard.set -> BBPercentile-EA_01_otp.set
2025-04-27 11:28:26,096 - INFO - Successfully optimized BBPercentile_01_standard.set -> BBPercentile_01_otp.set
2025-04-27 11:28:26,098 - INFO - Successfully optimized BDCrossOver-20EA_01_standard.set -> BDCrossOver-20EA_01_otp.set
2025-04-27 11:28:26,099 - INFO - Successfully optimized BIG-DOG_01_standard.set -> BIG-DOG_01_otp.set
2025-04-27 11:28:26,099 - INFO - Successfully optimized Bill-Williams_01_standard.set -> Bill-Williams_01_otp.set
2025-04-27 11:28:26,101 - INFO - Successfully optimized Bollinger-Band-Two-MA-and-Zig-Zag_01_standard.set -> Bollinger-Band-Two-MA-and-Zig-Zag_01_otp.set
2025-04-27 11:28:26,102 - INFO - Successfully optimized Bollinger-Bands-N-positions_01_standard.set -> Bollinger-Bands-N-positions_01_otp.set
2025-04-27 11:28:26,103 - INFO - Successfully optimized Bollinger-Bands-RSI_01_standard.set -> Bollinger-Bands-RSI_01_otp.set
2025-04-27 11:28:26,104 - INFO - Successfully optimized bollinger_01_standard.set -> bollinger_01_otp.set
2025-04-27 11:28:26,105 - INFO - Successfully optimized Brakeout-Trader_01_standard.set -> Brakeout-Trader_01_otp.set
2025-04-27 11:28:26,106 - INFO - Successfully optimized Brandy_01_standard.set -> Brandy_01_otp.set
2025-04-27 11:28:26,107 - INFO - Successfully optimized Breadandbutter2_01_standard.set -> Breadandbutter2_01_otp.set
2025-04-27 11:28:26,108 - INFO - Successfully optimized Breakdown-catcher_01_standard.set -> Breakdown-catcher_01_otp.set
2025-04-27 11:28:26,109 - INFO - Successfully optimized breakdown_01_standard.set -> breakdown_01_otp.set
2025-04-27 11:28:26,111 - INFO - Successfully optimized Breakout-Str_01_standard.set -> Breakout-Str_01_otp.set
2025-04-27 11:28:26,112 - INFO - Successfully optimized Bronze-Warrioir_01_standard.set -> Bronze-Warrioir_01_otp.set
2025-04-27 11:28:26,113 - INFO - Successfully optimized Bruno_01_standard.set -> Bruno_01_otp.set
2025-04-27 11:28:26,114 - INFO - Successfully optimized BSS-1-0_01_standard.set -> BSS-1-0_01_otp.set
2025-04-27 11:28:26,115 - INFO - Successfully optimized Bullish-and-Bearish-Engulfing_01_standard.set -> Bullish-and-Bearish-Engulfing_01_otp.set
2025-04-27 11:28:26,117 - INFO - Successfully optimized Burg-Extrapolator_01_standard.set -> Burg-Extrapolator_01_otp.set
2025-04-27 11:28:26,118 - INFO - Successfully optimized BykovTrend-EA_01_standard.set -> BykovTrend-EA_01_otp.set
2025-04-27 11:28:26,119 - INFO - Successfully optimized Calculate-lotsize-and-Trailling-stop_01_standard.set -> Calculate-lotsize-and-Trailling-stop_01_otp.set
2025-04-27 11:28:26,120 - INFO - Successfully optimized candlepatternsexample_01_standard.set -> candlepatternsexample_01_otp.set
2025-04-27 11:28:26,121 - INFO - Successfully optimized Candle_01_standard.set -> Candle_01_otp.set
2025-04-27 11:28:26,122 - INFO - Successfully optimized Carbophos_01_standard.set -> Carbophos_01_otp.set
2025-04-27 11:28:26,124 - INFO - Successfully optimized CashMachine-5min_01_standard.set -> CashMachine-5min_01_otp.set
2025-04-27 11:28:26,125 - INFO - Successfully optimized CCI-MACD-Scalper_01_standard.set -> CCI-MACD-Scalper_01_otp.set
2025-04-27 11:28:26,126 - INFO - Successfully optimized Cidomo_01_standard.set -> Cidomo_01_otp.set
2025-04-27 11:28:26,127 - INFO - Successfully optimized CloseAgent_01_standard.set -> CloseAgent_01_otp.set
2025-04-27 11:28:26,128 - INFO - Successfully optimized CloseProfit_01_standard.set -> CloseProfit_01_otp.set
2025-04-27 11:28:26,129 - INFO - Successfully optimized cloud's-trade-2_01_standard.set -> cloud's-trade-2_01_otp.set
2025-04-27 11:28:26,130 - INFO - Successfully optimized CLOUD_01_standard.set -> CLOUD_01_otp.set
2025-04-27 11:28:26,131 - INFO - Successfully optimized Constituents-EA_01_standard.set -> Constituents-EA_01_otp.set
2025-04-27 11:28:26,132 - INFO - Successfully optimized Contrarian-trade-MA_01_standard.set -> Contrarian-trade-MA_01_otp.set
2025-04-27 11:28:26,133 - INFO - Successfully optimized Crossing-Moving-Average_01_standard.set -> Crossing-Moving-Average_01_otp.set
2025-04-27 11:28:26,134 - INFO - Successfully optimized CrossMA_01_standard.set -> CrossMA_01_otp.set
2025-04-27 11:28:26,136 - INFO - Successfully optimized Currencyprofits-01.1_01_standard.set -> Currencyprofits-01.1_01_otp.set
2025-04-27 11:28:26,137 - INFO - Successfully optimized Daily-20reversal-20-20EA_01_standard.set -> Daily-20reversal-20-20EA_01_otp.set
2025-04-27 11:28:26,138 - INFO - Successfully optimized Daily-BreakPoint_01_standard.set -> Daily-BreakPoint_01_otp.set
2025-04-27 11:28:26,140 - INFO - Successfully optimized Daily-Open-EA_01_standard.set -> Daily-Open-EA_01_otp.set
2025-04-27 11:28:26,140 - INFO - Successfully optimized Daily-range_01_standard.set -> Daily-range_01_otp.set
2025-04-27 11:28:26,141 - INFO - Successfully optimized Day-Trading-PAMXA_01_standard.set -> Day-Trading-PAMXA_01_otp.set
2025-04-27 11:28:26,143 - INFO - Successfully optimized Daydream_01_standard.set -> Daydream_01_otp.set
2025-04-27 11:28:26,144 - INFO - Successfully optimized DayTrading_01_standard.set -> DayTrading_01_otp.set
2025-04-27 11:28:26,145 - INFO - Successfully optimized Dealers-Trade-v-7.74-MACD_01_standard.set -> Dealers-Trade-v-7.74-MACD_01_otp.set
2025-04-27 11:28:26,146 - INFO - Successfully optimized Deep-Drawdown-MA_01_standard.set -> Deep-Drawdown-MA_01_otp.set
2025-04-27 11:28:26,147 - INFO - Successfully optimized DeMarker-gaining-position-volume-2_01_standard.set -> DeMarker-gaining-position-volume-2_01_otp.set
2025-04-27 11:28:26,148 - INFO - Successfully optimized DeMarker-gaining-position-volume_01_standard.set -> DeMarker-gaining-position-volume_01_otp.set
2025-04-27 11:28:26,149 - INFO - Successfully optimized DeMarker-Pending-2-5_01_standard.set -> DeMarker-Pending-2-5_01_otp.set
2025-04-27 11:28:26,151 - INFO - Successfully optimized DeMarker-Pending-2_01_standard.set -> DeMarker-Pending-2_01_otp.set
2025-04-27 11:28:26,152 - INFO - Successfully optimized DeMarker-Pending_01_standard.set -> DeMarker-Pending_01_otp.set
2025-04-27 11:28:26,153 - INFO - Successfully optimized Dematus_01_standard.set -> Dematus_01_otp.set
2025-04-27 11:28:26,154 - INFO - Successfully optimized Divergence-20for-20many-20indicator_01_standard.set -> Divergence-20for-20many-20indicator_01_otp.set
2025-04-27 11:28:26,155 - INFO - Successfully optimized Divergence-EA_01_standard.set -> Divergence-EA_01_otp.set
2025-04-27 11:28:26,156 - INFO - Successfully optimized Doji-Arrows_01_standard.set -> Doji-Arrows_01_otp.set
2025-04-27 11:28:26,158 - INFO - Successfully optimized DojiTrader_01_standard.set -> DojiTrader_01_otp.set
2025-04-27 11:28:26,159 - INFO - Successfully optimized Donchian-Chanel-EA_01_standard.set -> Donchian-Chanel-EA_01_otp.set
2025-04-27 11:28:26,160 - INFO - Successfully optimized DoubleHullMA-EA_01_standard.set -> DoubleHullMA-EA_01_otp.set
2025-04-27 11:28:26,161 - INFO - Successfully optimized DoubleHullMA_01_standard.set -> DoubleHullMA_01_otp.set
2025-04-27 11:28:26,163 - INFO - Successfully optimized DoubleMA-Crossover-EA_01_standard.set -> DoubleMA-Crossover-EA_01_otp.set
2025-04-27 11:28:26,164 - INFO - Successfully optimized Doubler_01_standard.set -> Doubler_01_otp.set
2025-04-27 11:28:26,165 - INFO - Successfully optimized dummy_01_standard.set -> dummy_01_otp.set
2025-04-27 11:28:26,166 - INFO - Successfully optimized Dynamic-averaging_01_standard.set -> Dynamic-averaging_01_otp.set
2025-04-27 11:28:26,167 - INFO - Successfully optimized e-Breakeven_01_standard.set -> e-Breakeven_01_otp.set
2025-04-27 11:28:26,168 - INFO - Successfully optimized E-Friday_01_standard.set -> E-Friday_01_otp.set
2025-04-27 11:28:26,169 - INFO - Successfully optimized E-Skoch-Open_01_standard.set -> E-Skoch-Open_01_otp.set
2025-04-27 11:28:26,170 - INFO - Successfully optimized e-Skoch-pending-orders_01_standard.set -> e-Skoch-pending-orders_01_otp.set
2025-04-27 11:28:26,171 - INFO - Successfully optimized e-Smart-Trailing_01_standard.set -> e-Smart-Trailing_01_otp.set
2025-04-27 11:28:26,173 - INFO - Successfully optimized e-TurboFx_01_standard.set -> e-TurboFx_01_otp.set
2025-04-27 11:28:26,173 - INFO - Successfully optimized EA-Close_01_standard.set -> EA-Close_01_otp.set
2025-04-27 11:28:26,175 - INFO - Successfully optimized EA-MA-Stoch-RSI_01_standard.set -> EA-MA-Stoch-RSI_01_otp.set
2025-04-27 11:28:26,176 - INFO - Successfully optimized EA-Moving-Average_01_standard.set -> EA-Moving-Average_01_otp.set
2025-04-27 11:28:26,177 - INFO - Successfully optimized Elite-eFibo-Trader_01_standard.set -> Elite-eFibo-Trader_01_otp.set
2025-04-27 11:28:26,178 - INFO - Successfully optimized EMA-6.12_01_standard.set -> EMA-6.12_01_otp.set
2025-04-27 11:28:26,179 - INFO - Successfully optimized EMA-CROSS_01_standard.set -> EMA-CROSS_01_otp.set
2025-04-27 11:28:26,180 - INFO - Successfully optimized EMA-LWMA-RSI_01_standard.set -> EMA-LWMA-RSI_01_otp.set
2025-04-27 11:28:26,182 - INFO - Successfully optimized EMA-RSI-EA_01_standard.set -> EMA-RSI-EA_01_otp.set
2025-04-27 11:28:26,183 - INFO - Successfully optimized EMA-WMA_01_standard.set -> EMA-WMA_01_otp.set
2025-04-27 11:28:26,184 - INFO - Successfully optimized EMA_01_standard.set -> EMA_01_otp.set
2025-04-27 11:28:26,185 - INFO - Successfully optimized Eugene_01_standard.set -> Eugene_01_otp.set
2025-04-27 11:28:26,186 - INFO - Successfully optimized eur-usd-m5_01_standard.set -> eur-usd-m5_01_otp.set
2025-04-27 11:28:26,187 - INFO - Successfully optimized EURUSD-breakout_01_standard.set -> EURUSD-breakout_01_otp.set
2025-04-27 11:28:26,188 - INFO - Successfully optimized Executer-AC_01_standard.set -> Executer-AC_01_otp.set
2025-04-27 11:28:26,188 - ERROR - Error reading C:\Users\nikol\AppData\Roaming\MetaQuotes\Terminal\4B1CE69F577705455263BD980C39A82C\MQL5\Profiles\Tester\Executor AO.set: 'utf-8' codec can't decode byte 0xff in position 0: invalid start byte
2025-04-27 11:28:26,189 - INFO - Successfully optimized Executor AO.set -> Executor AO_otp.set
2025-04-27 11:28:26,190 - INFO - Successfully optimized Executor-AO_01_standard.set -> Executor-AO_01_otp.set
2025-04-27 11:28:26,191 - INFO - Successfully optimized Executor-Candles_01_standard.set -> Executor-Candles_01_otp.set
2025-04-27 11:28:26,192 - INFO - Successfully optimized exp-Amstell_01_standard.set -> exp-Amstell_01_otp.set
2025-04-27 11:28:26,194 - INFO - Successfully optimized Expert-NEWS_01_standard.set -> Expert-NEWS_01_otp.set
2025-04-27 11:28:26,195 - INFO - Successfully optimized Expert-RSI-Stochastic-MA_01_standard.set -> Expert-RSI-Stochastic-MA_01_otp.set
2025-04-27 11:28:26,195 - ERROR - Error reading C:\Users\nikol\AppData\Roaming\MetaQuotes\Terminal\4B1CE69F577705455263BD980C39A82C\MQL5\Profiles\Tester\Expert_RSI_Stochastic_MA.set: 'utf-8' codec can't decode byte 0xff in position 0: invalid start byte
2025-04-27 11:28:26,196 - INFO - Successfully optimized Expert_RSI_Stochastic_MA.set -> Expert_RSI_Stochastic_MA_otp.set
2025-04-27 11:28:26,196 - ERROR - Error reading C:\Users\nikol\AppData\Roaming\MetaQuotes\Terminal\4B1CE69F577705455263BD980C39A82C\MQL5\Profiles\Tester\exp_Amstell.set: 'utf-8' codec can't decode byte 0xff in position 0: invalid start byte
2025-04-27 11:28:26,197 - INFO - Successfully optimized exp_Amstell.set -> exp_Amstell_otp.set
2025-04-27 11:28:26,198 - INFO - Successfully optimized ExtremePrice-EA_01_standard.set -> ExtremePrice-EA_01_otp.set
2025-04-27 11:28:26,199 - INFO - Successfully optimized FiboRetracement-20EA_01_standard.set -> FiboRetracement-20EA_01_otp.set
2025-04-27 11:28:26,201 - INFO - Successfully optimized Firebird_01_standard.set -> Firebird_01_otp.set
2025-04-27 11:28:26,202 - INFO - Successfully optimized Firestorm-EA_01_standard.set -> Firestorm-EA_01_otp.set
2025-04-27 11:28:26,203 - INFO - Successfully optimized Firestorm-indicator_01_standard.set -> Firestorm-indicator_01_otp.set
2025-04-27 11:28:26,204 - INFO - Successfully optimized Fluctuate_01_standard.set -> Fluctuate_01_otp.set
2025-04-27 11:28:26,205 - INFO - Successfully optimized Forex-Fraus-M1_01_standard.set -> Forex-Fraus-M1_01_otp.set
2025-04-27 11:28:26,206 - INFO - Successfully optimized Forex-Profit_01_standard.set -> Forex-Profit_01_otp.set
2025-04-27 11:28:26,208 - INFO - Successfully optimized Fractals-minimum-distance_01_standard.set -> Fractals-minimum-distance_01_otp.set
2025-04-27 11:28:26,209 - INFO - Successfully optimized Fraktrak-xonax_01_standard.set -> Fraktrak-xonax_01_otp.set
2025-04-27 11:28:26,210 - INFO - Successfully optimized Frank-Ud_01_standard.set -> Frank-Ud_01_otp.set
2025-04-27 11:28:26,211 - INFO - Successfully optimized FT-CCI_01_standard.set -> FT-CCI_01_otp.set
2025-04-27 11:28:26,212 - INFO - Successfully optimized Fuzzy-logic_01_standard.set -> Fuzzy-logic_01_otp.set
2025-04-27 11:28:26,213 - INFO - Successfully optimized GalacticExplosion_01_standard.set -> GalacticExplosion_01_otp.set
2025-04-27 11:28:26,214 - INFO - Successfully optimized Gandalf-PRO_01_standard.set -> Gandalf-PRO_01_otp.set
2025-04-27 11:28:26,215 - INFO - Successfully optimized Gap-DM_01_standard.set -> Gap-DM_01_otp.set
2025-04-27 11:28:26,216 - INFO - Successfully optimized GAP-EA_01_standard.set -> GAP-EA_01_otp.set
2025-04-27 11:28:26,217 - INFO - Successfully optimized Gaps_01_standard.set -> Gaps_01_otp.set
2025-04-27 11:28:26,218 - INFO - Successfully optimized GBP9AM_01_standard.set -> GBP9AM_01_otp.set
2025-04-27 11:28:26,219 - INFO - Successfully optimized GbpChf_01_standard.set -> GbpChf_01_otp.set
2025-04-27 11:28:26,221 - INFO - Successfully optimized Gold-Dust_01_standard.set -> Gold-Dust_01_otp.set
2025-04-27 11:28:26,222 - INFO - Successfully optimized GO_01_standard.set -> GO_01_otp.set
2025-04-27 11:28:26,223 - INFO - Successfully optimized GreenTrade_01_standard.set -> GreenTrade_01_otp.set
2025-04-27 11:28:26,224 - INFO - Successfully optimized Grid-Martingale_01_standard.set -> Grid-Martingale_01_otp.set
2025-04-27 11:28:26,225 - INFO - Successfully optimized GridEA_01_standard.set -> GridEA_01_otp.set
2025-04-27 11:28:26,226 - INFO - Successfully optimized Grid_01_standard.set -> Grid_01_otp.set
2025-04-27 11:28:26,228 - INFO - Successfully optimized HarVesteR_01_standard.set -> HarVesteR_01_otp.set
2025-04-27 11:28:26,229 - INFO - Successfully optimized HedgeEA_01_standard.set -> HedgeEA_01_otp.set
2025-04-27 11:28:26,230 - INFO - Successfully optimized hedger_01_standard.set -> hedger_01_otp.set
2025-04-27 11:28:26,231 - INFO - Successfully optimized Hedging-EA_01_standard.set -> Hedging-EA_01_otp.set
2025-04-27 11:28:26,232 - INFO - Successfully optimized Heiken-Ashi-Smoothed-EA-with-MA_01_standard.set -> Heiken-Ashi-Smoothed-EA-with-MA_01_otp.set
2025-04-27 11:28:26,234 - INFO - Successfully optimized Heiken-Ashi-Smoothed-EA_01_standard.set -> Heiken-Ashi-Smoothed-EA_01_otp.set
2025-04-27 11:28:26,235 - INFO - Successfully optimized heiken-ashi-smoothedLine_01_standard.set -> heiken-ashi-smoothedLine_01_otp.set
2025-04-27 11:28:26,236 - INFO - Successfully optimized heiken-ashi-smoothed_01_standard.set -> heiken-ashi-smoothed_01_otp.set
2025-04-27 11:28:26,237 - INFO - Successfully optimized HeikenAshi-Lines-EA_01_standard.set -> HeikenAshi-Lines-EA_01_otp.set
2025-04-27 11:28:26,238 - INFO - Successfully optimized HeikenAshi-Lines_01_standard.set -> HeikenAshi-Lines_01_otp.set
2025-04-27 11:28:26,239 - INFO - Successfully optimized Heinken-Ashi-Color-Candles_01_standard.set -> Heinken-Ashi-Color-Candles_01_otp.set
2025-04-27 11:28:26,240 - INFO - Successfully optimized HelloSmart_01_standard.set -> HelloSmart_01_otp.set
2025-04-27 11:28:26,242 - INFO - Successfully optimized High-Low-EA_01_standard.set -> High-Low-EA_01_otp.set
2025-04-27 11:28:26,243 - INFO - Successfully optimized High-Low-Indicator_01_standard.set -> High-Low-Indicator_01_otp.set
2025-04-27 11:28:26,244 - INFO - Successfully optimized Hoop-master-2_01_standard.set -> Hoop-master-2_01_otp.set
2025-04-27 11:28:26,245 - INFO - Successfully optimized iCCI-iMA_01_standard.set -> iCCI-iMA_01_otp.set
2025-04-27 11:28:26,246 - INFO - Successfully optimized ICH-With-Alert-Derekers-EA_01_standard.set -> ICH-With-Alert-Derekers-EA_01_otp.set
2025-04-27 11:28:26,247 - INFO - Successfully optimized ICH-With-Alert-Derekers_01_standard.set -> ICH-With-Alert-Derekers_01_otp.set
2025-04-27 11:28:26,248 - INFO - Successfully optimized ichimok2005_01_standard.set -> ichimok2005_01_otp.set
2025-04-27 11:28:26,249 - INFO - Successfully optimized Ichimoku-20Kijun-20Alert_01_standard.set -> Ichimoku-20Kijun-20Alert_01_otp.set
2025-04-27 11:28:26,250 - INFO - Successfully optimized Ichimoku-20Tenkan-20Alert_01_standard.set -> Ichimoku-20Tenkan-20Alert_01_otp.set
2025-04-27 11:28:26,251 - INFO - Successfully optimized Ichimoku-Scanner_01_standard.set -> Ichimoku-Scanner_01_otp.set
2025-04-27 11:28:26,252 - INFO - Successfully optimized Ichimoku-Signals-and-Alert_01_standard.set -> Ichimoku-Signals-and-Alert_01_otp.set
2025-04-27 11:28:26,254 - INFO - Successfully optimized IchimokuMTF-EA_01_standard.set -> IchimokuMTF-EA_01_otp.set
2025-04-27 11:28:26,255 - INFO - Successfully optimized Ichimoku_01_standard.set -> Ichimoku_01_otp.set
2025-04-27 11:28:26,256 - INFO - Successfully optimized Ilan-iMA_01_standard.set -> Ilan-iMA_01_otp.set
2025-04-27 11:28:26,257 - INFO - Successfully optimized Ilan1.4_01_standard.set -> Ilan1.4_01_otp.set
2025-04-27 11:28:26,258 - INFO - Successfully optimized iMA-iStdDev_01_standard.set -> iMA-iStdDev_01_otp.set
2025-04-27 11:28:26,259 - INFO - Successfully optimized Indices-Tester_01_standard.set -> Indices-Tester_01_otp.set
2025-04-27 11:28:26,261 - INFO - Successfully optimized Inka-20Edho-20EA_01_standard.set -> Inka-20Edho-20EA_01_otp.set
2025-04-27 11:28:26,262 - INFO - Successfully optimized Intersection-2-iMA_01_standard.set -> Intersection-2-iMA_01_otp.set
2025-04-27 11:28:26,263 - INFO - Successfully optimized IStochastic-Trading_01_standard.set -> IStochastic-Trading_01_otp.set
2025-04-27 11:28:26,264 - INFO - Successfully optimized Ivan_01_standard.set -> Ivan_01_otp.set
2025-04-27 11:28:26,265 - INFO - Successfully optimized iVIDyA-Simple_01_standard.set -> iVIDyA-Simple_01_otp.set
2025-04-27 11:28:26,266 - INFO - Successfully optimized Jackpot-Strategy-EA_01_standard.set -> Jackpot-Strategy-EA_01_otp.set
2025-04-27 11:28:26,267 - INFO - Successfully optimized JackPot-Strategy-Elite_01_standard.set -> JackPot-Strategy-Elite_01_otp.set
2025-04-27 11:28:26,268 - INFO - Successfully optimized JK-BullP-AutoTrader_01_standard.set -> JK-BullP-AutoTrader_01_otp.set
2025-04-27 11:28:26,270 - INFO - Successfully optimized JS-Chaos_01_standard.set -> JS-Chaos_01_otp.set
2025-04-27 11:28:26,271 - INFO - Successfully optimized JS-MA-Day_01_standard.set -> JS-MA-Day_01_otp.set
2025-04-27 11:28:26,272 - INFO - Successfully optimized JS-MA-SAR-Trades_01_standard.set -> JS-MA-SAR-Trades_01_otp.set
2025-04-27 11:28:26,273 - INFO - Successfully optimized KA-Gold-Bot_01_standard.set -> KA-Gold-Bot_01_otp.set
2025-04-27 11:28:26,274 - INFO - Successfully optimized Kue-Electric-EA_01_standard.set -> Kue-Electric-EA_01_otp.set
2025-04-27 11:28:26,275 - INFO - Successfully optimized KueFx-20Arrows_01_standard.set -> KueFx-20Arrows_01_otp.set
2025-04-27 11:28:26,277 - INFO - Successfully optimized KueFx-20Baseline_01_standard.set -> KueFx-20Baseline_01_otp.set
2025-04-27 11:28:26,278 - INFO - Successfully optimized KueFx-Arrows-20EA_01_standard.set -> KueFx-Arrows-20EA_01_otp.set
2025-04-27 11:28:26,279 - INFO - Successfully optimized KueFx-Arrows-EA_01_standard.set -> KueFx-Arrows-EA_01_otp.set
2025-04-27 11:28:26,280 - INFO - Successfully optimized KueFx-Arrows_01_standard.set -> KueFx-Arrows_01_otp.set
2025-04-27 11:28:26,282 - INFO - Successfully optimized KueFx-Baseline-EA_01_standard.set -> KueFx-Baseline-EA_01_otp.set
2025-04-27 11:28:26,283 - INFO - Successfully optimized KueFx-Baseline_01_standard.set -> KueFx-Baseline_01_otp.set
2025-04-27 11:28:26,285 - INFO - Successfully optimized KueFx-Clean-2025-EA_01_standard.set -> KueFx-Clean-2025-EA_01_otp.set
2025-04-27 11:28:26,286 - INFO - Successfully optimized KueFx-Extreme-EA_01_standard.set -> KueFx-Extreme-EA_01_otp.set
2025-04-27 11:28:26,287 - INFO - Successfully optimized KueFx-Harare-EA_01_standard.set -> KueFx-Harare-EA_01_otp.set
2025-04-27 11:28:26,289 - INFO - Successfully optimized KueFX-Money-Management_01_standard.set -> KueFX-Money-Management_01_otp.set
2025-04-27 11:28:26,291 - INFO - Successfully optimized KueFx-Motor-EA_01_standard.set -> KueFx-Motor-EA_01_otp.set
2025-04-27 11:28:26,292 - INFO - Successfully optimized KueFx-Motor_01_standard.set -> KueFx-Motor_01_otp.set
2025-04-27 11:28:26,293 - INFO - Successfully optimized KueFx-Trend_01_standard.set -> KueFx-Trend_01_otp.set
2025-04-27 11:28:26,295 - INFO - Successfully optimized KueFxTrend-20EA_01_standard.set -> KueFxTrend-20EA_01_otp.set
2025-04-27 11:28:26,296 - INFO - Successfully optimized KueFxTrend-EA_01_standard.set -> KueFxTrend-EA_01_otp.set
2025-04-27 11:28:26,297 - INFO - Successfully optimized LarryConnersRSI2_01_standard.set -> LarryConnersRSI2_01_otp.set
2025-04-27 11:28:26,299 - INFO - Successfully optimized Last-ZZ50_01_standard.set -> Last-ZZ50_01_otp.set
2025-04-27 11:28:26,299 - INFO - Successfully optimized Lavika100_01_standard.set -> Lavika100_01_otp.set
2025-04-27 11:28:26,300 - INFO - Successfully optimized LBS_01_standard.set -> LBS_01_otp.set
2025-04-27 11:28:26,302 - INFO - Successfully optimized Lego-EA_01_standard.set -> Lego-EA_01_otp.set
2025-04-27 11:28:26,303 - INFO - Successfully optimized Lesson-3-Price-Action_01_standard.set -> Lesson-3-Price-Action_01_otp.set
2025-04-27 11:28:26,304 - INFO - Successfully optimized Lesson-4-Price-Action-MA-Filter_01_standard.set -> Lesson-4-Price-Action-MA-Filter_01_otp.set
2025-04-27 11:28:26,305 - INFO - Successfully optimized Lesson-6-Trailling-ATR_01_standard.set -> Lesson-6-Trailling-ATR_01_otp.set
2025-04-27 11:28:26,306 - INFO - Successfully optimized Lesson-7-Price-action-Ket-hop-Volume-VSA_01_standard.set -> Lesson-7-Price-action-Ket-hop-Volume-VSA_01_otp.set
2025-04-27 11:28:26,307 - INFO - Successfully optimized Little-EA_01_standard.set -> Little-EA_01_otp.set
2025-04-27 11:28:26,308 - INFO - Successfully optimized Locker_01_standard.set -> Locker_01_otp.set
2025-04-27 11:28:26,309 - INFO - Successfully optimized Lock_01_standard.set -> Lock_01_otp.set
2025-04-27 11:28:26,310 - INFO - Successfully optimized Lucky_01_standard.set -> Lucky_01_otp.set
2025-04-27 11:28:26,311 - INFO - Successfully optimized MA-20Alert_01_standard.set -> MA-20Alert_01_otp.set
2025-04-27 11:28:26,312 - INFO - Successfully optimized MA-20AO-20Arrow_01_standard.set -> MA-20AO-20Arrow_01_otp.set
2025-04-27 11:28:26,314 - INFO - Successfully optimized MA-AO-EA_01_standard.set -> MA-AO-EA_01_otp.set
2025-04-27 11:28:26,315 - INFO - Successfully optimized ma-channels_01_standard.set -> ma-channels_01_otp.set
2025-04-27 11:28:26,315 - INFO - Successfully optimized MA-Cross_01_standard.set -> MA-Cross_01_otp.set
2025-04-27 11:28:26,317 - INFO - Successfully optimized MA-Envelopes_01_standard.set -> MA-Envelopes_01_otp.set
2025-04-27 11:28:26,318 - INFO - Successfully optimized MA-MACD-Position-averaging_01_standard.set -> MA-MACD-Position-averaging_01_otp.set
2025-04-27 11:28:26,319 - INFO - Successfully optimized MA-Trend_01_standard.set -> MA-Trend_01_otp.set
2025-04-27 11:28:26,320 - INFO - Successfully optimized MA2CCI_01_standard.set -> MA2CCI_01_otp.set
2025-04-27 11:28:26,321 - INFO - Successfully optimized MACD-and-SAR_01_standard.set -> MACD-and-SAR_01_otp.set
2025-04-27 11:28:26,322 - INFO - Successfully optimized MACD-Cleaner_01_standard.set -> MACD-Cleaner_01_otp.set
2025-04-27 11:28:26,324 - INFO - Successfully optimized MACD-EA-H4_01_standard.set -> MACD-EA-H4_01_otp.set
2025-04-27 11:28:26,325 - INFO - Successfully optimized MACD-No-Sample_01_standard.set -> MACD-No-Sample_01_otp.set
2025-04-27 11:28:26,326 - INFO - Successfully optimized MACD-signal_01_standard.set -> MACD-signal_01_otp.set
2025-04-27 11:28:26,327 - INFO - Successfully optimized MACD-Stochastic-2_01_standard.set -> MACD-Stochastic-2_01_otp.set
2025-04-27 11:28:26,328 - INFO - Successfully optimized MACD-Stochastic_01_standard.set -> MACD-Stochastic_01_otp.set
2025-04-27 11:28:26,329 - INFO - Successfully optimized MACDCCI_01_standard.set -> MACDCCI_01_otp.set
2025-04-27 11:28:26,331 - INFO - Successfully optimized MacdPatternTraderAll0.01_01_standard.set -> MacdPatternTraderAll0.01_01_otp.set
2025-04-27 11:28:26,333 - INFO - Successfully optimized MacdPatternTraderAll_01_standard.set -> MacdPatternTraderAll_01_otp.set
2025-04-27 11:28:26,334 - INFO - Successfully optimized MACD_01_standard.set -> MACD_01_otp.set
2025-04-27 11:28:26,335 - INFO - Successfully optimized MAGrid_01_standard.set -> MAGrid_01_otp.set
2025-04-27 11:28:26,336 - INFO - Successfully optimized MAMACD_01_standard.set -> MAMACD_01_otp.set
2025-04-27 11:28:26,337 - INFO - Successfully optimized Market-Capture_01_standard.set -> Market-Capture_01_otp.set
2025-04-27 11:28:26,338 - INFO - Successfully optimized Martin-1_01_standard.set -> Martin-1_01_otp.set
2025-04-27 11:28:26,339 - INFO - Successfully optimized Martin-for-small-deposits_01_standard.set -> Martin-for-small-deposits_01_otp.set
2025-04-27 11:28:26,340 - INFO - Successfully optimized MartingailExpert_01_standard.set -> MartingailExpert_01_otp.set
2025-04-27 11:28:26,341 - INFO - Successfully optimized MartinGaleBreakout_01_standard.set -> MartinGaleBreakout_01_otp.set
2025-04-27 11:28:26,342 - INFO - Successfully optimized Martin_01_standard.set -> Martin_01_otp.set
2025-04-27 11:28:26,343 - INFO - Successfully optimized Marubozu-EA_01_standard.set -> Marubozu-EA_01_otp.set
2025-04-27 11:28:26,344 - INFO - Successfully optimized Marubozu_01_standard.set -> Marubozu_01_otp.set
2025-04-27 11:28:26,346 - INFO - Successfully optimized MelBar-EuSwiss-1.85_01_standard.set -> MelBar-EuSwiss-1.85_01_otp.set
2025-04-27 11:28:26,347 - INFO - Successfully optimized MelBar™Take325-™-5.5Y-NZD-USD_01_standard.set -> MelBar™Take325-™-5.5Y-NZD-USD_01_otp.set
2025-04-27 11:28:26,348 - INFO - Successfully optimized Mobo-Bands-EA_01_standard.set -> Mobo-Bands-EA_01_otp.set
2025-04-27 11:28:26,349 - INFO - Successfully optimized Mobo-Bands_01_standard.set -> Mobo-Bands_01_otp.set
2025-04-27 11:28:26,350 - INFO - Successfully optimized Modified-Moving-Averages_01_standard.set -> Modified-Moving-Averages_01_otp.set
2025-04-27 11:28:26,351 - INFO - Successfully optimized Momentum-M15_01_standard.set -> Momentum-M15_01_otp.set
2025-04-27 11:28:26,353 - INFO - Successfully optimized Momo-trades_01_standard.set -> Momo-trades_01_otp.set
2025-04-27 11:28:26,354 - INFO - Successfully optimized Money-Fixed-Margin_01_standard.set -> Money-Fixed-Margin_01_otp.set
2025-04-27 11:28:26,355 - INFO - Successfully optimized Money-Fixed-Risk_01_standard.set -> Money-Fixed-Risk_01_otp.set
2025-04-27 11:28:26,356 - INFO - Successfully optimized MoneyRain_01_standard.set -> MoneyRain_01_otp.set
2025-04-27 11:28:26,357 - INFO - Successfully optimized Morning-evening-star-EA_01_standard.set -> Morning-evening-star-EA_01_otp.set
2025-04-27 11:28:26,358 - INFO - Successfully optimized MostasHaR15-Pivot_01_standard.set -> MostasHaR15-Pivot_01_otp.set
2025-04-27 11:28:26,359 - INFO - Successfully optimized Moving-20average-20and-20ichimoku-20EA_01_standard.set -> Moving-20average-20and-20ichimoku-20EA_01_otp.set
2025-04-27 11:28:26,361 - INFO - Successfully optimized Moving-Average-Trade-System_01_standard.set -> Moving-Average-Trade-System_01_otp.set
2025-04-27 11:28:26,362 - INFO - Successfully optimized Moving-Averages_01_standard.set -> Moving-Averages_01_otp.set
2025-04-27 11:28:26,363 - INFO - Successfully optimized MovingAverageMartinGale_01_standard.set -> MovingAverageMartinGale_01_otp.set
2025-04-27 11:28:26,364 - INFO - Successfully optimized MovingAverage_01_standard.set -> MovingAverage_01_otp.set
2025-04-27 11:28:26,365 - INFO - Successfully optimized MQL5-Wizard-MA-RSI_01_standard.set -> MQL5-Wizard-MA-RSI_01_otp.set
2025-04-27 11:28:26,366 - INFO - Successfully optimized MQL5-Wizard-MACD-Parabolic-SAR_01_standard.set -> MQL5-Wizard-MACD-Parabolic-SAR_01_otp.set
2025-04-27 11:28:26,367 - INFO - Successfully optimized MTC-Сombo_01_standard.set -> MTC-Сombo_01_otp.set
2025-04-27 11:28:26,369 - INFO - Successfully optimized Multi-Stochastic_01_standard.set -> Multi-Stochastic_01_otp.set
2025-04-27 11:28:26,370 - INFO - Successfully optimized MultiMartin_01_standard.set -> MultiMartin_01_otp.set
2025-04-27 11:28:26,371 - INFO - Successfully optimized MySystem_01_standard.set -> MySystem_01_otp.set
2025-04-27 11:28:26,372 - INFO - Successfully optimized N-Candles_01_standard.set -> N-Candles_01_otp.set
2025-04-27 11:28:26,374 - INFO - Successfully optimized Nevalyashka-BreakdownLevel_01_standard.set -> Nevalyashka-BreakdownLevel_01_otp.set
2025-04-27 11:28:26,375 - INFO - Successfully optimized Nevalyashka3-1_01_standard.set -> Nevalyashka3-1_01_otp.set
2025-04-27 11:28:26,376 - INFO - Successfully optimized Nevalyashka_01_standard.set -> Nevalyashka_01_otp.set
2025-04-27 11:28:26,377 - INFO - Successfully optimized New-Martin_01_standard.set -> New-Martin_01_otp.set
2025-04-27 11:28:26,378 - INFO - Successfully optimized New-Random_01_standard.set -> New-Random_01_otp.set
2025-04-27 11:28:26,379 - INFO - Successfully optimized Nextbar_01_standard.set -> Nextbar_01_otp.set
2025-04-27 11:28:26,380 - INFO - Successfully optimized Night-Flat-Trade_01_standard.set -> Night-Flat-Trade_01_otp.set
2025-04-27 11:28:26,382 - INFO - Successfully optimized NightScalper_01_standard.set -> NightScalper_01_otp.set
2025-04-27 11:28:26,383 - INFO - Successfully optimized NRTR-Revers_01_standard.set -> NRTR-Revers_01_otp.set
2025-04-27 11:28:26,384 - INFO - Successfully optimized NUp1Down_01_standard.set -> NUp1Down_01_otp.set
2025-04-27 11:28:26,385 - INFO - Successfully optimized Open-Candle-EA_01_standard.set -> Open-Candle-EA_01_otp.set
2025-04-27 11:28:26,386 - INFO - Successfully optimized Open-Close_01_standard.set -> Open-Close_01_otp.set
2025-04-27 11:28:26,387 - INFO - Successfully optimized Opening-and-ilosing-on-time_01_standard.set -> Opening-and-ilosing-on-time_01_otp.set
2025-04-27 11:28:26,388 - INFO - Successfully optimized Opening-and-Сlosing-on-time_01_standard.set -> Opening-and-Сlosing-on-time_01_otp.set
2025-04-27 11:28:26,389 - INFO - Successfully optimized OpenPendingorderAfterPositionGetStopLoss_01_standard.set -> OpenPendingorderAfterPositionGetStopLoss_01_otp.set
2025-04-27 11:28:26,390 - INFO - Successfully optimized OpenTicks_01_standard.set -> OpenTicks_01_otp.set
2025-04-27 11:28:26,391 - INFO - Successfully optimized ORB-EA-BOX_01_standard.set -> ORB-EA-BOX_01_otp.set
2025-04-27 11:28:26,392 - INFO - Successfully optimized OsMaSter_01_standard.set -> OsMaSter_01_otp.set
2025-04-27 11:28:26,394 - INFO - Successfully optimized OTT-20AND-20PRICE-20CROSS-20EA_01_standard.set -> OTT-20AND-20PRICE-20CROSS-20EA_01_otp.set
2025-04-27 11:28:26,395 - INFO - Successfully optimized OverHedge_01_standard.set -> OverHedge_01_otp.set
2025-04-27 11:28:26,396 - INFO - Successfully optimized OzFx_01_standard.set -> OzFx_01_otp.set
2025-04-27 11:28:26,397 - INFO - Successfully optimized Parabolic-SAR_01_standard.set -> Parabolic-SAR_01_otp.set
2025-04-27 11:28:26,398 - INFO - Successfully optimized PARSI-EA_01_standard.set -> PARSI-EA_01_otp.set
2025-04-27 11:28:26,399 - INFO - Successfully optimized Peceptron-Mult_01_standard.set -> Peceptron-Mult_01_otp.set
2025-04-27 11:28:26,400 - INFO - Successfully optimized Pending-orders-by-time-2_01_standard.set -> Pending-orders-by-time-2_01_otp.set
2025-04-27 11:28:26,401 - INFO - Successfully optimized Pending-orders-by-time_01_standard.set -> Pending-orders-by-time_01_otp.set
2025-04-27 11:28:26,402 - INFO - Successfully optimized Pendulum_01_standard.set -> Pendulum_01_otp.set
2025-04-27 11:28:26,403 - INFO - Successfully optimized Pinball-machine_01_standard.set -> Pinball-machine_01_otp.set
2025-04-27 11:28:26,405 - INFO - Successfully optimized Pinbar-Magic-EA_01_standard.set -> Pinbar-Magic-EA_01_otp.set
2025-04-27 11:28:26,406 - INFO - Successfully optimized PinBar-Magic-Indicator_01_standard.set -> PinBar-Magic-Indicator_01_otp.set
2025-04-27 11:28:26,407 - INFO - Successfully optimized Pipsover_01_standard.set -> Pipsover_01_otp.set
2025-04-27 11:28:26,408 - INFO - Successfully optimized Plan-X_01_standard.set -> Plan-X_01_otp.set
2025-04-27 11:28:26,409 - INFO - Successfully optimized Plateau_01_standard.set -> Plateau_01_otp.set
2025-04-27 11:28:26,410 - INFO - Successfully optimized Poker-SHOW_01_standard.set -> Poker-SHOW_01_otp.set
2025-04-27 11:28:26,411 - INFO - Successfully optimized Precipice-MartIn_01_standard.set -> Precipice-MartIn_01_otp.set
2025-04-27 11:28:26,412 - INFO - Successfully optimized Precipice_01_standard.set -> Precipice_01_otp.set
2025-04-27 11:28:26,413 - INFO - Successfully optimized Probe_01_standard.set -> Probe_01_otp.set
2025-04-27 11:28:26,415 - INFO - Successfully optimized Proffessor_01_standard.set -> Proffessor_01_otp.set
2025-04-27 11:28:26,416 - INFO - Successfully optimized PropFirmHelper_01_standard.set -> PropFirmHelper_01_otp.set
2025-04-27 11:28:26,417 - INFO - Successfully optimized PROphet_01_standard.set -> PROphet_01_otp.set
2025-04-27 11:28:26,418 - INFO - Successfully optimized Puria-method_01_standard.set -> Puria-method_01_otp.set
2025-04-27 11:28:26,419 - INFO - Successfully optimized Rabbit3_01_standard.set -> Rabbit3_01_otp.set
2025-04-27 11:28:26,420 - INFO - Successfully optimized Range-Breakout_01_standard.set -> Range-Breakout_01_otp.set
2025-04-27 11:28:26,421 - INFO - Successfully optimized Rapid-Doji-EA_01_standard.set -> Rapid-Doji-EA_01_otp.set
2025-04-27 11:28:26,423 - INFO - Successfully optimized Raymond-Cloudy-Day-for-EA_01_standard.set -> Raymond-Cloudy-Day-for-EA_01_otp.set
2025-04-27 11:28:26,424 - INFO - Successfully optimized Reflex-EA_01_standard.set -> Reflex-EA_01_otp.set
2025-04-27 11:28:26,425 - INFO - Successfully optimized REFLEX-INDICATOR_01_standard.set -> REFLEX-INDICATOR_01_otp.set
2025-04-27 11:28:26,426 - INFO - Successfully optimized Reflex_01_standard.set -> Reflex_01_otp.set
2025-04-27 11:28:26,427 - INFO - Successfully optimized Reversing-Martingale_01_standard.set -> Reversing-Martingale_01_otp.set
2025-04-27 11:28:26,428 - INFO - Successfully optimized RideAlligator_01_standard.set -> RideAlligator_01_otp.set
2025-04-27 11:28:26,430 - INFO - Successfully optimized RNN_01_standard.set -> RNN_01_otp.set
2025-04-27 11:28:26,431 - INFO - Successfully optimized Robot-MACD_01_standard.set -> Robot-MACD_01_otp.set
2025-04-27 11:28:26,432 - INFO - Successfully optimized RobotPowerM5-meta4_01_standard.set -> RobotPowerM5-meta4_01_otp.set
2025-04-27 11:28:26,432 - INFO - Successfully optimized Rollback-system_01_standard.set -> Rollback-system_01_otp.set
2025-04-27 11:28:26,433 - INFO - Successfully optimized RSI-and-Bollinger-Bands_01_standard.set -> RSI-and-Bollinger-Bands_01_otp.set
2025-04-27 11:28:26,435 - INFO - Successfully optimized RSI-Arrow-EA_01_standard.set -> RSI-Arrow-EA_01_otp.set
2025-04-27 11:28:26,436 - INFO - Successfully optimized RSI-Arrow_01_standard.set -> RSI-Arrow_01_otp.set
2025-04-27 11:28:26,437 - INFO - Successfully optimized RSI-EA_01_standard.set -> RSI-EA_01_otp.set
2025-04-27 11:28:26,438 - INFO - Successfully optimized RSI-Eraser_01_standard.set -> RSI-Eraser_01_otp.set
2025-04-27 11:28:26,439 - INFO - Successfully optimized RSI-Expert_01_standard.set -> RSI-Expert_01_otp.set
2025-04-27 11:28:26,440 - INFO - Successfully optimized RSI-Levels_01_standard.set -> RSI-Levels_01_otp.set
2025-04-27 11:28:26,442 - INFO - Successfully optimized RSI-trader_01_standard.set -> RSI-trader_01_otp.set
2025-04-27 11:28:26,443 - INFO - Successfully optimized RSI-Trend-EA_01_standard.set -> RSI-Trend-EA_01_otp.set
2025-04-27 11:28:26,445 - INFO - Successfully optimized RSI-Trend_01_standard.set -> RSI-Trend_01_otp.set
2025-04-27 11:28:26,446 - INFO - Successfully optimized RSI-with-channels-EA_01_standard.set -> RSI-with-channels-EA_01_otp.set
2025-04-27 11:28:26,447 - INFO - Successfully optimized RSI-with-channels_01_standard.set -> RSI-with-channels_01_otp.set
2025-04-27 11:28:26,449 - INFO - Successfully optimized Russian20-hp1_01_standard.set -> Russian20-hp1_01_otp.set
2025-04-27 11:28:26,450 - INFO - Successfully optimized SampleCheckPendingOrder_01_standard.set -> SampleCheckPendingOrder_01_otp.set
2025-04-27 11:28:26,451 - INFO - Successfully optimized SAR-trading_01_standard.set -> SAR-trading_01_otp.set
2025-04-27 11:28:26,452 - INFO - Successfully optimized Secwenta_01_standard.set -> Secwenta_01_otp.set
2025-04-27 11:28:26,453 - INFO - Successfully optimized Sell-Stop_01_standard.set -> Sell-Stop_01_otp.set
2025-04-27 11:28:26,454 - INFO - Successfully optimized Sensitive_01_standard.set -> Sensitive_01_otp.set
2025-04-27 11:28:26,455 - INFO - Successfully optimized Separate-trade_01_standard.set -> Separate-trade_01_otp.set
2025-04-27 11:28:26,456 - INFO - Successfully optimized SilverTrend_01_standard.set -> SilverTrend_01_otp.set
2025-04-27 11:28:26,458 - INFO - Successfully optimized Simple-20Price-20Alert-20-20EA_01_standard.set -> Simple-20Price-20Alert-20-20EA_01_otp.set
2025-04-27 11:28:26,459 - INFO - Successfully optimized Simple-20Volume-20EA_01_standard.set -> Simple-20Volume-20EA_01_otp.set
2025-04-27 11:28:26,460 - INFO - Successfully optimized Simple-EA-MA-plus-MACD_01_standard.set -> Simple-EA-MA-plus-MACD_01_otp.set
2025-04-27 11:28:26,461 - INFO - Successfully optimized Simple-FX_01_standard.set -> Simple-FX_01_otp.set
2025-04-27 11:28:26,462 - INFO - Successfully optimized Simple-MACD_01_standard.set -> Simple-MACD_01_otp.set
2025-04-27 11:28:26,463 - INFO - Successfully optimized Simple-Volume-EA_01_standard.set -> Simple-Volume-EA_01_otp.set
2025-04-27 11:28:26,464 - INFO - Successfully optimized SimplePivot_01_standard.set -> SimplePivot_01_otp.set
2025-04-27 11:28:26,465 - INFO - Successfully optimized Simplest-Hedging-EA-ever_01_standard.set -> Simplest-Hedging-EA-ever_01_otp.set
2025-04-27 11:28:26,466 - INFO - Successfully optimized SimpleTrade _01_standard.set -> SimpleTrade _01_otp.set
2025-04-27 11:28:26,468 - INFO - Successfully optimized Six-Soldiers-EA-Grid_01_standard.set -> Six-Soldiers-EA-Grid_01_otp.set
2025-04-27 11:28:26,469 - INFO - Successfully optimized Six-Soldiers-EA_01_standard.set -> Six-Soldiers-EA_01_otp.set
2025-04-27 11:28:26,470 - INFO - Successfully optimized Six-Soldiers_01_standard.set -> Six-Soldiers_01_otp.set
2025-04-27 11:28:26,471 - INFO - Successfully optimized Small-Inside-Bar-Strategy_01_standard.set -> Small-Inside-Bar-Strategy_01_otp.set
2025-04-27 11:28:26,472 - INFO - Successfully optimized Smart-Machine-20EA_01_standard.set -> Smart-Machine-20EA_01_otp.set
2025-04-27 11:28:26,473 - INFO - Successfully optimized Smoothing-Average_01_standard.set -> Smoothing-Average_01_otp.set
2025-04-27 11:28:26,475 - INFO - Successfully optimized Spasm_01_standard.set -> Spasm_01_otp.set
2025-04-27 11:28:26,476 - INFO - Successfully optimized ssb5-123_01_standard.set -> ssb5-123_01_otp.set
2025-04-27 11:28:26,477 - INFO - Successfully optimized Starter_01_standard.set -> Starter_01_otp.set
2025-04-27 11:28:26,478 - INFO - Successfully optimized Steve-Cartwright-Trader-Camel-CCI-MACD_01_standard.set -> Steve-Cartwright-Trader-Camel-CCI-MACD_01_otp.set
2025-04-27 11:28:26,479 - INFO - Successfully optimized Stoch-EA-1192_01_standard.set -> Stoch-EA-1192_01_otp.set
2025-04-27 11:28:26,480 - INFO - Successfully optimized Stochastic-20Alert_01_standard.set -> Stochastic-20Alert_01_otp.set
2025-04-27 11:28:26,481 - INFO - Successfully optimized Stochastic-K-Divergence.lua_01_standard.set -> Stochastic-K-Divergence.lua_01_otp.set
2025-04-27 11:28:26,482 - INFO - Successfully optimized stochastic-three-periods_01_standard.set -> stochastic-three-periods_01_otp.set
2025-04-27 11:28:26,484 - INFO - Successfully optimized StochasticDiffSign-EA_01_standard.set -> StochasticDiffSign-EA_01_otp.set
2025-04-27 11:28:26,485 - INFO - Successfully optimized stochasticdiffsign_01_standard.set -> stochasticdiffsign_01_otp.set
2025-04-27 11:28:26,486 - INFO - Successfully optimized StochMA-EA_01_standard.set -> StochMA-EA_01_otp.set
2025-04-27 11:28:26,487 - INFO - Successfully optimized StochMA_01_standard.set -> StochMA_01_otp.set
2025-04-27 11:28:26,489 - INFO - Successfully optimized Stoch_01_standard.set -> Stoch_01_otp.set
2025-04-27 11:28:26,490 - INFO - Successfully optimized Stop-Loss-Take-Profit_01_standard.set -> Stop-Loss-Take-Profit_01_otp.set
2025-04-27 11:28:26,491 - INFO - Successfully optimized StraddleqTrail_01_standard.set -> StraddleqTrail_01_otp.set
2025-04-27 11:28:26,492 - INFO - Successfully optimized Surefirething_01_standard.set -> Surefirething_01_otp.set
2025-04-27 11:28:26,493 - INFO - Successfully optimized TDSGlobal_01_standard.set -> TDSGlobal_01_otp.set
2025-04-27 11:28:26,494 - INFO - Successfully optimized The-MasterMind-2_01_standard.set -> The-MasterMind-2_01_otp.set
2025-04-27 11:28:26,495 - INFO - Successfully optimized The-MasterMind-3_01_standard.set -> The-MasterMind-3_01_otp.set
2025-04-27 11:28:26,496 - INFO - Successfully optimized The-MasterMind_01_standard.set -> The-MasterMind_01_otp.set
2025-04-27 11:28:26,498 - INFO - Successfully optimized The-Puncher_01_standard.set -> The-Puncher_01_otp.set
2025-04-27 11:28:26,499 - INFO - Successfully optimized TheClassicTurtleTrader-no-dots-EA_01_standard.set -> TheClassicTurtleTrader-no-dots-EA_01_otp.set
2025-04-27 11:28:26,500 - INFO - Successfully optimized TheClassicTurtleTrader-no-dots_01_standard.set -> TheClassicTurtleTrader-no-dots_01_otp.set
2025-04-27 11:28:26,501 - INFO - Successfully optimized Three-indicators_01_standard.set -> Three-indicators_01_otp.set
2025-04-27 11:28:26,502 - INFO - Successfully optimized Three-neural-networks_01_standard.set -> Three-neural-networks_01_otp.set
2025-04-27 11:28:26,503 - INFO - Successfully optimized Three-timeframes_01_standard.set -> Three-timeframes_01_otp.set
2025-04-27 11:28:26,505 - INFO - Successfully optimized Three-Typical-Candles_01_standard.set -> Three-Typical-Candles_01_otp.set
2025-04-27 11:28:26,506 - INFO - Successfully optimized Time-sync-forts_01_standard.set -> Time-sync-forts_01_otp.set
2025-04-27 11:28:26,507 - INFO - Successfully optimized timer-trade_01_standard.set -> timer-trade_01_otp.set
2025-04-27 11:28:26,508 - INFO - Successfully optimized TMA-ATR-Channel_01_standard.set -> TMA-ATR-Channel_01_otp.set
2025-04-27 11:28:26,509 - INFO - Successfully optimized TMA-ATR-EA_01_standard.set -> TMA-ATR-EA_01_otp.set
2025-04-27 11:28:26,511 - INFO - Successfully optimized TMA-CG-EA_01_standard.set -> TMA-CG-EA_01_otp.set
2025-04-27 11:28:26,512 - INFO - Successfully optimized TMA-CG-Martingale-20EA_01_standard.set -> TMA-CG-Martingale-20EA_01_otp.set
2025-04-27 11:28:26,513 - INFO - Successfully optimized TMA-CG-mladen_01_standard.set -> TMA-CG-mladen_01_otp.set
2025-04-27 11:28:26,514 - INFO - Successfully optimized TMA-CG-special_01_standard.set -> TMA-CG-special_01_otp.set
2025-04-27 11:28:26,515 - INFO - Successfully optimized TMA-slope-bands_01_standard.set -> TMA-slope-bands_01_otp.set
2025-04-27 11:28:26,516 - INFO - Successfully optimized TmaTrue-2.0-with-Distances-6xx_01_standard.set -> TmaTrue-2.0-with-Distances-6xx_01_otp.set
2025-04-27 11:28:26,517 - INFO - Successfully optimized TmaTrue-3.0-with-Distances-6xx_01_standard.set -> TmaTrue-3.0-with-Distances-6xx_01_otp.set
2025-04-27 11:28:26,518 - INFO - Successfully optimized TP-with-money_01_standard.set -> TP-with-money_01_otp.set
2025-04-27 11:28:26,520 - INFO - Successfully optimized Trade-in-Channel_01_standard.set -> Trade-in-Channel_01_otp.set
2025-04-27 11:28:26,521 - INFO - Successfully optimized Trade-on-qualified-RSI_01_standard.set -> Trade-on-qualified-RSI_01_otp.set
2025-04-27 11:28:26,521 - INFO - Successfully optimized Trading-Breakout-MrThanhTan_01_standard.set -> Trading-Breakout-MrThanhTan_01_otp.set
2025-04-27 11:28:26,523 - INFO - Successfully optimized Trend-Trader-Strategy-EA_01_standard.set -> Trend-Trader-Strategy-EA_01_otp.set
2025-04-27 11:28:26,524 - INFO - Successfully optimized Trend-Trader-Strategy_01_standard.set -> Trend-Trader-Strategy_01_otp.set
2025-04-27 11:28:26,525 - INFO - Successfully optimized Tru-EA_01_standard.set -> Tru-EA_01_otp.set
2025-04-27 11:28:26,527 - INFO - Successfully optimized True-Scalper-Profit-Lock_01_standard.set -> True-Scalper-Profit-Lock_01_otp.set
2025-04-27 11:28:26,528 - INFO - Successfully optimized TrueSort-1100_01_standard.set -> TrueSort-1100_01_otp.set
2025-04-27 11:28:26,529 - INFO - Successfully optimized Tunnel-gen4_01_standard.set -> Tunnel-gen4_01_otp.set
2025-04-27 11:28:26,530 - INFO - Successfully optimized Tunnel-Method_01_standard.set -> Tunnel-Method_01_otp.set
2025-04-27 11:28:26,531 - INFO - Successfully optimized TurnGrid_01_standard.set -> TurnGrid_01_otp.set
2025-04-27 11:28:26,533 - INFO - Successfully optimized Two PerBar _01_standard.set -> Two PerBar _01_otp.set
2025-04-27 11:28:26,534 - INFO - Successfully optimized Two-20MA-20RSI-20ADX-20EA_01_standard.set -> Two-20MA-20RSI-20ADX-20EA_01_otp.set
2025-04-27 11:28:26,535 - INFO - Successfully optimized Two-20Orders-20Panel_01_standard.set -> Two-20Orders-20Panel_01_otp.set
2025-04-27 11:28:26,536 - INFO - Successfully optimized Two-pending-orders-2_01_standard.set -> Two-pending-orders-2_01_otp.set
2025-04-27 11:28:26,537 - INFO - Successfully optimized UnityPro_01_standard.set -> UnityPro_01_otp.set
2025-04-27 11:28:26,539 - INFO - Successfully optimized UniversalMACrossEA_01_standard.set -> UniversalMACrossEA_01_otp.set
2025-04-27 11:28:26,540 - INFO - Successfully optimized UniversalSignalDemo_01_standard.set -> UniversalSignalDemo_01_otp.set
2025-04-27 11:28:26,541 - INFO - Successfully optimized Universum-3.0_01_standard.set -> Universum-3.0_01_otp.set
2025-04-27 11:28:26,543 - INFO - Successfully optimized UnNomGuai-20EA_01_standard.set -> UnNomGuai-20EA_01_otp.set
2025-04-27 11:28:26,544 - INFO - Successfully optimized up3x1-Investor_01_standard.set -> up3x1-Investor_01_otp.set
2025-04-27 11:28:26,544 - INFO - Successfully optimized up3x1-premium-M_01_standard.set -> up3x1-premium-M_01_otp.set
2025-04-27 11:28:26,546 - INFO - Successfully optimized up3x1_01_standard.set -> up3x1_01_otp.set
2025-04-27 11:28:26,547 - INFO - Successfully optimized Urdala-Trol_01_standard.set -> Urdala-Trol_01_otp.set
2025-04-27 11:28:26,548 - INFO - Successfully optimized Very-Blonde-System_01_standard.set -> Very-Blonde-System_01_otp.set
2025-04-27 11:28:26,549 - INFO - Successfully optimized Virtual-Trailing-Stop_01_standard.set -> Virtual-Trailing-Stop_01_otp.set
2025-04-27 11:28:26,550 - INFO - Successfully optimized VLT-TRADER_01_standard.set -> VLT-TRADER_01_otp.set
2025-04-27 11:28:26,551 - INFO - Successfully optimized Volume-trader_01_standard.set -> Volume-trader_01_otp.set
2025-04-27 11:28:26,552 - INFO - Successfully optimized Vortex-Indicator-System_01_standard.set -> Vortex-Indicator-System_01_otp.set
2025-04-27 11:28:26,553 - INFO - Successfully optimized VR-Overturn_01_standard.set -> VR-Overturn_01_otp.set
2025-04-27 11:28:26,555 - INFO - Successfully optimized VR-ZVER-v.2_01_standard.set -> VR-ZVER-v.2_01_otp.set
2025-04-27 11:28:26,556 - INFO - Successfully optimized VR-ZVER_01_standard.set -> VR-ZVER_01_otp.set
2025-04-27 11:28:26,557 - INFO - Successfully optimized VZO_01_standard.set -> VZO_01_otp.set
2025-04-27 11:28:26,558 - INFO - Successfully optimized Waddah-Attar-Win_01_standard.set -> Waddah-Attar-Win_01_otp.set
2025-04-27 11:28:26,559 - INFO - Successfully optimized WE-TRUST_01_standard.set -> WE-TRUST_01_otp.set
2025-04-27 11:28:26,560 - INFO - Successfully optimized X-RSIOMA_01_standard.set -> X-RSIOMA_01_otp.set
2025-04-27 11:28:26,561 - INFO - Successfully optimized Yesterday-Today_01_standard.set -> Yesterday-Today_01_otp.set
2025-04-27 11:28:26,563 - INFO - Successfully optimized 10-pips-EURUSD_01_otp.set -> 10-pips-EURUSD_01_otp_otp.set
2025-04-27 11:28:26,564 - INFO - Successfully optimized 10-pips_01_otp.set -> 10-pips_01_otp_otp.set
2025-04-27 11:28:26,565 - INFO - Successfully optimized 1H-EUR-USD_01_otp.set -> 1H-EUR-USD_01_otp_otp.set
2025-04-27 11:28:26,567 - INFO - Successfully optimized 20011201-GBPUSD-M1_01_otp.set -> 20011201-GBPUSD-M1_01_otp_otp.set
2025-04-27 11:28:26,568 - INFO - Successfully optimized 21hour_01_otp.set -> 21hour_01_otp_otp.set
2025-04-27 11:28:26,570 - INFO - Successfully optimized 2HR-HL_01_otp.set -> 2HR-HL_01_otp_otp.set
2025-04-27 11:28:26,571 - INFO - Successfully optimized 2MA-4Level_01_otp.set -> 2MA-4Level_01_otp_otp.set
2025-04-27 11:28:26,572 - INFO - Successfully optimized 2MA-Bunny-Cross_01_otp.set -> 2MA-Bunny-Cross_01_otp_otp.set
2025-04-27 11:28:26,573 - INFO - Successfully optimized 3-bars-high-low-indicator_01_otp.set -> 3-bars-high-low-indicator_01_otp_otp.set
2025-04-27 11:28:26,575 - INFO - Successfully optimized 35-Pip-Scalper_01_otp.set -> 35-Pip-Scalper_01_otp_otp.set
2025-04-27 11:28:26,576 - INFO - Successfully optimized 3BarsHighLowEA_01_otp.set -> 3BarsHighLowEA_01_otp_otp.set
2025-04-27 11:28:26,577 - INFO - Successfully optimized 3sma_01_otp.set -> 3sma_01_otp_otp.set
2025-04-27 11:28:26,579 - INFO - Successfully optimized 500_01_otp.set -> 500_01_otp_otp.set
2025-04-27 11:28:26,580 - INFO - Successfully optimized 55-MA_01_otp.set -> 55-MA_01_otp_otp.set
2025-04-27 11:28:26,582 - INFO - Successfully optimized Above-Below-MA_01_otp.set -> Above-Below-MA_01_otp_otp.set
2025-04-27 11:28:26,583 - INFO - Successfully optimized Absorption_01_otp.set -> Absorption_01_otp_otp.set
2025-04-27 11:28:26,584 - INFO - Successfully optimized ADX-MACD-Deev_01_otp.set -> ADX-MACD-Deev_01_otp_otp.set
2025-04-27 11:28:26,586 - INFO - Successfully optimized ADX-MA_01_otp.set -> ADX-MA_01_otp_otp.set
2025-04-27 11:28:26,587 - INFO - Successfully optimized ADX-System_01_otp.set -> ADX-System_01_otp_otp.set
2025-04-27 11:28:26,588 - INFO - Successfully optimized AIS1_01_otp.set -> AIS1_01_otp_otp.set
2025-04-27 11:28:26,590 - INFO - Successfully optimized Alexav-D1-Profit-GBPUSD_01_otp.set -> Alexav-D1-Profit-GBPUSD_01_otp_otp.set
2025-04-27 11:28:26,591 - INFO - Successfully optimized All-Average-Ea_01_otp.set -> All-Average-Ea_01_otp_otp.set
2025-04-27 11:28:26,592 - INFO - Successfully optimized Alligator-Simple_01_otp.set -> Alligator-Simple_01_otp_otp.set
2025-04-27 11:28:26,593 - INFO - Successfully optimized Alligator_01_otp.set -> Alligator_01_otp_otp.set
2025-04-27 11:28:26,595 - INFO - Successfully optimized Altarius-RSI-Stohastic_01_otp.set -> Altarius-RSI-Stohastic_01_otp_otp.set
2025-04-27 11:28:26,597 - INFO - Successfully optimized AMA-Trader-2_01_otp.set -> AMA-Trader-2_01_otp_otp.set
2025-04-27 11:28:26,598 - INFO - Successfully optimized AMA-Trader_01_otp.set -> AMA-Trader_01_otp_otp.set
2025-04-27 11:28:26,599 - INFO - Successfully optimized AO-Lightning_01_otp.set -> AO-Lightning_01_otp_otp.set
2025-04-27 11:28:26,600 - INFO - Successfully optimized AOCCI_01_otp.set -> AOCCI_01_otp_otp.set
2025-04-27 11:28:26,602 - INFO - Successfully optimized Arbitrage_01_otp.set -> Arbitrage_01_otp_otp.set
2025-04-27 11:28:26,603 - INFO - Successfully optimized ArbSint_01_otp.set -> ArbSint_01_otp_otp.set
2025-04-27 11:28:26,605 - INFO - Successfully optimized Area-MACD_01_otp.set -> Area-MACD_01_otp_otp.set
2025-04-27 11:28:26,606 - INFO - Successfully optimized Artificial-Intelligence_01_otp.set -> Artificial-Intelligence_01_otp_otp.set
2025-04-27 11:28:26,608 - INFO - Successfully optimized At-random-Full_01_otp.set -> At-random-Full_01_otp_otp.set
2025-04-27 11:28:26,609 - INFO - Successfully optimized At-random_01_otp.set -> At-random_01_otp_otp.set
2025-04-27 11:28:26,611 - INFO - Successfully optimized Auto-ADX_01_otp.set -> Auto-ADX_01_otp_otp.set
2025-04-27 11:28:26,612 - INFO - Successfully optimized Auto-Pivot-Plotter-28Mid-Levels-29-41_01_otp.set -> Auto-Pivot-Plotter-28Mid-Levels-29-41_01_otp_otp.set
2025-04-27 11:28:26,614 - INFO - Successfully optimized AutoLock-EA_01_otp.set -> AutoLock-EA_01_otp_otp.set
2025-04-27 11:28:26,615 - INFO - Successfully optimized Autotrader-Momentum_01_otp.set -> Autotrader-Momentum_01_otp_otp.set
2025-04-27 11:28:26,616 - INFO - Successfully optimized Avalanche-AV_01_otp.set -> Avalanche-AV_01_otp_otp.set
2025-04-27 11:28:26,618 - INFO - Successfully optimized Backbone_01_otp.set -> Backbone_01_otp_otp.set
2025-04-27 11:28:26,619 - INFO - Successfully optimized BADX_01_otp.set -> BADX_01_otp_otp.set
2025-04-27 11:28:26,620 - INFO - Successfully optimized Bago-EA_01_otp.set -> Bago-EA_01_otp_otp.set
2025-04-27 11:28:26,624 - INFO - Successfully optimized BalancedScalper-20EA_01_otp.set -> BalancedScalper-20EA_01_otp_otp.set
2025-04-27 11:28:26,625 - INFO - Successfully optimized Bands-2_01_otp.set -> Bands-2_01_otp_otp.set
2025-04-27 11:28:26,628 - INFO - Successfully optimized BARS-Alligator_01_otp.set -> BARS-Alligator_01_otp_otp.set
2025-04-27 11:28:26,632 - INFO - Successfully optimized Basic-CCI-RSI_01_otp.set -> Basic-CCI-RSI_01_otp_otp.set
2025-04-27 11:28:26,634 - INFO - Successfully optimized Basic-Martingale-EA-3_01_otp.set -> Basic-Martingale-EA-3_01_otp_otp.set
2025-04-27 11:28:26,636 - INFO - Successfully optimized BBPercentile-EA_01_otp.set -> BBPercentile-EA_01_otp_otp.set
2025-04-27 11:28:26,638 - INFO - Successfully optimized BBPercentile_01_otp.set -> BBPercentile_01_otp_otp.set
2025-04-27 11:28:26,640 - INFO - Successfully optimized BDCrossOver-20EA_01_otp.set -> BDCrossOver-20EA_01_otp_otp.set
2025-04-27 11:28:26,642 - INFO - Successfully optimized BIG-DOG_01_otp.set -> BIG-DOG_01_otp_otp.set
2025-04-27 11:28:26,644 - INFO - Successfully optimized Bill-Williams_01_otp.set -> Bill-Williams_01_otp_otp.set
2025-04-27 11:28:26,646 - INFO - Successfully optimized Bollinger-Band-Two-MA-and-Zig-Zag_01_otp.set -> Bollinger-Band-Two-MA-and-Zig-Zag_01_otp_otp.set
2025-04-27 11:28:26,647 - INFO - Successfully optimized Bollinger-Bands-N-positions_01_otp.set -> Bollinger-Bands-N-positions_01_otp_otp.set
2025-04-27 11:28:26,648 - INFO - Successfully optimized Bollinger-Bands-RSI_01_otp.set -> Bollinger-Bands-RSI_01_otp_otp.set
2025-04-27 11:28:26,650 - INFO - Successfully optimized bollinger_01_otp.set -> bollinger_01_otp_otp.set
2025-04-27 11:28:26,651 - INFO - Successfully optimized Brakeout-Trader_01_otp.set -> Brakeout-Trader_01_otp_otp.set
2025-04-27 11:28:26,653 - INFO - Successfully optimized Brandy_01_otp.set -> Brandy_01_otp_otp.set
2025-04-27 11:28:26,654 - INFO - Successfully optimized Breadandbutter2_01_otp.set -> Breadandbutter2_01_otp_otp.set
2025-04-27 11:28:26,655 - INFO - Successfully optimized Breakdown-catcher_01_otp.set -> Breakdown-catcher_01_otp_otp.set
2025-04-27 11:28:26,657 - INFO - Successfully optimized breakdown_01_otp.set -> breakdown_01_otp_otp.set
2025-04-27 11:28:26,658 - INFO - Successfully optimized Breakout-Str_01_otp.set -> Breakout-Str_01_otp_otp.set
2025-04-27 11:28:26,660 - INFO - Successfully optimized Bronze-Warrioir_01_otp.set -> Bronze-Warrioir_01_otp_otp.set
2025-04-27 11:28:26,661 - INFO - Successfully optimized Bruno_01_otp.set -> Bruno_01_otp_otp.set
2025-04-27 11:28:26,663 - INFO - Successfully optimized BSS-1-0_01_otp.set -> BSS-1-0_01_otp_otp.set
2025-04-27 11:28:26,665 - INFO - Successfully optimized Bullish-and-Bearish-Engulfing_01_otp.set -> Bullish-and-Bearish-Engulfing_01_otp_otp.set
2025-04-27 11:28:26,666 - INFO - Successfully optimized Burg-Extrapolator_01_otp.set -> Burg-Extrapolator_01_otp_otp.set
2025-04-27 11:28:26,668 - INFO - Successfully optimized BykovTrend-EA_01_otp.set -> BykovTrend-EA_01_otp_otp.set
2025-04-27 11:28:26,669 - INFO - Successfully optimized Calculate-lotsize-and-Trailling-stop_01_otp.set -> Calculate-lotsize-and-Trailling-stop_01_otp_otp.set
2025-04-27 11:28:26,670 - INFO - Successfully optimized candlepatternsexample_01_otp.set -> candlepatternsexample_01_otp_otp.set
2025-04-27 11:28:26,672 - INFO - Successfully optimized Candle_01_otp.set -> Candle_01_otp_otp.set
2025-04-27 11:28:26,673 - INFO - Successfully optimized Carbophos_01_otp.set -> Carbophos_01_otp_otp.set
2025-04-27 11:28:26,674 - INFO - Successfully optimized CashMachine-5min_01_otp.set -> CashMachine-5min_01_otp_otp.set
2025-04-27 11:28:26,675 - INFO - Successfully optimized CCI-MACD-Scalper_01_otp.set -> CCI-MACD-Scalper_01_otp_otp.set
2025-04-27 11:28:26,677 - INFO - Successfully optimized Cidomo_01_otp.set -> Cidomo_01_otp_otp.set
2025-04-27 11:28:26,679 - INFO - Successfully optimized CloseAgent_01_otp.set -> CloseAgent_01_otp_otp.set
2025-04-27 11:28:26,681 - INFO - Successfully optimized CloseProfit_01_otp.set -> CloseProfit_01_otp_otp.set
2025-04-27 11:28:26,682 - INFO - Successfully optimized cloud's-trade-2_01_otp.set -> cloud's-trade-2_01_otp_otp.set
2025-04-27 11:28:26,684 - INFO - Successfully optimized CLOUD_01_otp.set -> CLOUD_01_otp_otp.set
2025-04-27 11:28:26,686 - INFO - Successfully optimized Constituents-EA_01_otp.set -> Constituents-EA_01_otp_otp.set
2025-04-27 11:28:26,687 - INFO - Successfully optimized Contrarian-trade-MA_01_otp.set -> Contrarian-trade-MA_01_otp_otp.set
2025-04-27 11:28:26,689 - INFO - Successfully optimized Crossing-Moving-Average_01_otp.set -> Crossing-Moving-Average_01_otp_otp.set
2025-04-27 11:28:26,690 - INFO - Successfully optimized CrossMA_01_otp.set -> CrossMA_01_otp_otp.set
2025-04-27 11:28:26,691 - INFO - Successfully optimized Currencyprofits-01.1_01_otp.set -> Currencyprofits-01.1_01_otp_otp.set
2025-04-27 11:28:26,693 - INFO - Successfully optimized Daily-20reversal-20-20EA_01_otp.set -> Daily-20reversal-20-20EA_01_otp_otp.set
2025-04-27 11:28:26,694 - INFO - Successfully optimized Daily-BreakPoint_01_otp.set -> Daily-BreakPoint_01_otp_otp.set
2025-04-27 11:28:26,696 - INFO - Successfully optimized Daily-Open-EA_01_otp.set -> Daily-Open-EA_01_otp_otp.set
2025-04-27 11:28:26,697 - INFO - Successfully optimized Daily-range_01_otp.set -> Daily-range_01_otp_otp.set
2025-04-27 11:28:26,698 - INFO - Successfully optimized Day-Trading-PAMXA_01_otp.set -> Day-Trading-PAMXA_01_otp_otp.set
2025-04-27 11:28:26,700 - INFO - Successfully optimized Daydream_01_otp.set -> Daydream_01_otp_otp.set
2025-04-27 11:28:26,701 - INFO - Successfully optimized DayTrading_01_otp.set -> DayTrading_01_otp_otp.set
2025-04-27 11:28:26,702 - INFO - Successfully optimized Dealers-Trade-v-7.74-MACD_01_otp.set -> Dealers-Trade-v-7.74-MACD_01_otp_otp.set
2025-04-27 11:28:26,704 - INFO - Successfully optimized Deep-Drawdown-MA_01_otp.set -> Deep-Drawdown-MA_01_otp_otp.set
2025-04-27 11:28:26,705 - INFO - Successfully optimized DeMarker-gaining-position-volume-2_01_otp.set -> DeMarker-gaining-position-volume-2_01_otp_otp.set
2025-04-27 11:28:26,707 - INFO - Successfully optimized DeMarker-gaining-position-volume_01_otp.set -> DeMarker-gaining-position-volume_01_otp_otp.set
2025-04-27 11:28:26,708 - INFO - Successfully optimized DeMarker-Pending-2-5_01_otp.set -> DeMarker-Pending-2-5_01_otp_otp.set
2025-04-27 11:28:26,709 - INFO - Successfully optimized DeMarker-Pending-2_01_otp.set -> DeMarker-Pending-2_01_otp_otp.set
2025-04-27 11:28:26,711 - INFO - Successfully optimized DeMarker-Pending_01_otp.set -> DeMarker-Pending_01_otp_otp.set
2025-04-27 11:28:26,712 - INFO - Successfully optimized Dematus_01_otp.set -> Dematus_01_otp_otp.set
2025-04-27 11:28:26,714 - INFO - Successfully optimized Divergence-20for-20many-20indicator_01_otp.set -> Divergence-20for-20many-20indicator_01_otp_otp.set
2025-04-27 11:28:26,715 - INFO - Successfully optimized Divergence-EA_01_otp.set -> Divergence-EA_01_otp_otp.set
2025-04-27 11:28:26,717 - INFO - Successfully optimized Doji-Arrows_01_otp.set -> Doji-Arrows_01_otp_otp.set
2025-04-27 11:28:26,718 - INFO - Successfully optimized DojiTrader_01_otp.set -> DojiTrader_01_otp_otp.set
2025-04-27 11:28:26,719 - INFO - Successfully optimized Donchian-Chanel-EA_01_otp.set -> Donchian-Chanel-EA_01_otp_otp.set
2025-04-27 11:28:26,721 - INFO - Successfully optimized DoubleHullMA-EA_01_otp.set -> DoubleHullMA-EA_01_otp_otp.set
2025-04-27 11:28:26,723 - INFO - Successfully optimized DoubleHullMA_01_otp.set -> DoubleHullMA_01_otp_otp.set
2025-04-27 11:28:26,724 - INFO - Successfully optimized DoubleMA-Crossover-EA_01_otp.set -> DoubleMA-Crossover-EA_01_otp_otp.set
2025-04-27 11:28:26,725 - INFO - Successfully optimized Doubler_01_otp.set -> Doubler_01_otp_otp.set
2025-04-27 11:28:26,727 - INFO - Successfully optimized dummy_01_otp.set -> dummy_01_otp_otp.set
2025-04-27 11:28:26,728 - INFO - Successfully optimized Dynamic-averaging_01_otp.set -> Dynamic-averaging_01_otp_otp.set
2025-04-27 11:28:26,729 - INFO - Successfully optimized e-Breakeven_01_otp.set -> e-Breakeven_01_otp_otp.set
2025-04-27 11:28:26,731 - INFO - Successfully optimized E-Friday_01_otp.set -> E-Friday_01_otp_otp.set
2025-04-27 11:28:26,732 - INFO - Successfully optimized E-Skoch-Open_01_otp.set -> E-Skoch-Open_01_otp_otp.set
2025-04-27 11:28:26,733 - INFO - Successfully optimized e-Skoch-pending-orders_01_otp.set -> e-Skoch-pending-orders_01_otp_otp.set
2025-04-27 11:28:26,735 - INFO - Successfully optimized e-Smart-Trailing_01_otp.set -> e-Smart-Trailing_01_otp_otp.set
2025-04-27 11:28:26,736 - INFO - Successfully optimized e-TurboFx_01_otp.set -> e-TurboFx_01_otp_otp.set
2025-04-27 11:28:26,737 - INFO - Successfully optimized EA-Close_01_otp.set -> EA-Close_01_otp_otp.set
2025-04-27 11:28:26,738 - INFO - Successfully optimized EA-MA-Stoch-RSI_01_otp.set -> EA-MA-Stoch-RSI_01_otp_otp.set
2025-04-27 11:28:26,740 - INFO - Successfully optimized EA-Moving-Average_01_otp.set -> EA-Moving-Average_01_otp_otp.set
2025-04-27 11:28:26,741 - INFO - Successfully optimized Elite-eFibo-Trader_01_otp.set -> Elite-eFibo-Trader_01_otp_otp.set
2025-04-27 11:28:26,743 - INFO - Successfully optimized EMA-6.12_01_otp.set -> EMA-6.12_01_otp_otp.set
2025-04-27 11:28:26,744 - INFO - Successfully optimized EMA-CROSS_01_otp.set -> EMA-CROSS_01_otp_otp.set
2025-04-27 11:28:26,745 - INFO - Successfully optimized EMA-LWMA-RSI_01_otp.set -> EMA-LWMA-RSI_01_otp_otp.set
2025-04-27 11:28:26,747 - INFO - Successfully optimized EMA-RSI-EA_01_otp.set -> EMA-RSI-EA_01_otp_otp.set
2025-04-27 11:28:26,748 - INFO - Successfully optimized EMA-WMA_01_otp.set -> EMA-WMA_01_otp_otp.set
2025-04-27 11:28:26,749 - INFO - Successfully optimized EMA_01_otp.set -> EMA_01_otp_otp.set
2025-04-27 11:28:26,751 - INFO - Successfully optimized Eugene_01_otp.set -> Eugene_01_otp_otp.set
2025-04-27 11:28:26,752 - INFO - Successfully optimized eur-usd-m5_01_otp.set -> eur-usd-m5_01_otp_otp.set
2025-04-27 11:28:26,753 - INFO - Successfully optimized EURUSD-breakout_01_otp.set -> EURUSD-breakout_01_otp_otp.set
2025-04-27 11:28:26,754 - INFO - Successfully optimized Executer-AC_01_otp.set -> Executer-AC_01_otp_otp.set
2025-04-27 11:28:26,755 - INFO - Successfully optimized Executor AO_otp.set -> Executor AO_otp_otp.set
2025-04-27 11:28:26,757 - INFO - Successfully optimized Executor-AO_01_otp.set -> Executor-AO_01_otp_otp.set
2025-04-27 11:28:26,758 - INFO - Successfully optimized Executor-Candles_01_otp.set -> Executor-Candles_01_otp_otp.set
2025-04-27 11:28:26,759 - INFO - Successfully optimized exp-Amstell_01_otp.set -> exp-Amstell_01_otp_otp.set
2025-04-27 11:28:26,760 - INFO - Successfully optimized Expert-NEWS_01_otp.set -> Expert-NEWS_01_otp_otp.set
2025-04-27 11:28:26,762 - INFO - Successfully optimized Expert-RSI-Stochastic-MA_01_otp.set -> Expert-RSI-Stochastic-MA_01_otp_otp.set
2025-04-27 11:28:26,763 - INFO - Successfully optimized Expert_RSI_Stochastic_MA_otp.set -> Expert_RSI_Stochastic_MA_otp_otp.set
2025-04-27 11:28:26,764 - INFO - Successfully optimized exp_Amstell_otp.set -> exp_Amstell_otp_otp.set
2025-04-27 11:28:26,765 - INFO - Successfully optimized ExtremePrice-EA_01_otp.set -> ExtremePrice-EA_01_otp_otp.set
2025-04-27 11:28:26,767 - INFO - Successfully optimized FiboRetracement-20EA_01_otp.set -> FiboRetracement-20EA_01_otp_otp.set
2025-04-27 11:28:26,769 - INFO - Successfully optimized Firebird_01_otp.set -> Firebird_01_otp_otp.set
2025-04-27 11:28:26,777 - INFO - Successfully optimized Firestorm-EA_01_otp.set -> Firestorm-EA_01_otp_otp.set
2025-04-27 11:28:26,780 - INFO - Successfully optimized Firestorm-indicator_01_otp.set -> Firestorm-indicator_01_otp_otp.set
2025-04-27 11:28:26,784 - INFO - Successfully optimized Fluctuate_01_otp.set -> Fluctuate_01_otp_otp.set
2025-04-27 11:28:26,787 - INFO - Successfully optimized Forex-Fraus-M1_01_otp.set -> Forex-Fraus-M1_01_otp_otp.set
2025-04-27 11:28:26,790 - INFO - Successfully optimized Forex-Profit_01_otp.set -> Forex-Profit_01_otp_otp.set
2025-04-27 11:28:26,794 - INFO - Successfully optimized Fractals-minimum-distance_01_otp.set -> Fractals-minimum-distance_01_otp_otp.set
2025-04-27 11:28:26,799 - INFO - Successfully optimized Fraktrak-xonax_01_otp.set -> Fraktrak-xonax_01_otp_otp.set
2025-04-27 11:28:26,802 - INFO - Successfully optimized Frank-Ud_01_otp.set -> Frank-Ud_01_otp_otp.set
2025-04-27 11:28:26,806 - INFO - Successfully optimized FT-CCI_01_otp.set -> FT-CCI_01_otp_otp.set
2025-04-27 11:28:26,808 - INFO - Successfully optimized Fuzzy-logic_01_otp.set -> Fuzzy-logic_01_otp_otp.set
2025-04-27 11:28:26,810 - INFO - Successfully optimized GalacticExplosion_01_otp.set -> GalacticExplosion_01_otp_otp.set
2025-04-27 11:28:26,812 - INFO - Successfully optimized Gandalf-PRO_01_otp.set -> Gandalf-PRO_01_otp_otp.set
2025-04-27 11:28:26,815 - INFO - Successfully optimized Gap-DM_01_otp.set -> Gap-DM_01_otp_otp.set
2025-04-27 11:28:26,817 - INFO - Successfully optimized GAP-EA_01_otp.set -> GAP-EA_01_otp_otp.set
2025-04-27 11:28:26,820 - INFO - Successfully optimized Gaps_01_otp.set -> Gaps_01_otp_otp.set
2025-04-27 11:28:26,824 - INFO - Successfully optimized GBP9AM_01_otp.set -> GBP9AM_01_otp_otp.set
2025-04-27 11:28:26,827 - INFO - Successfully optimized GbpChf_01_otp.set -> GbpChf_01_otp_otp.set
2025-04-27 11:28:26,829 - INFO - Successfully optimized Gold-Dust_01_otp.set -> Gold-Dust_01_otp_otp.set
2025-04-27 11:28:26,832 - INFO - Successfully optimized GO_01_otp.set -> GO_01_otp_otp.set
2025-04-27 11:28:26,834 - INFO - Successfully optimized GreenTrade_01_otp.set -> GreenTrade_01_otp_otp.set
2025-04-27 11:28:26,839 - INFO - Successfully optimized Grid-Martingale_01_otp.set -> Grid-Martingale_01_otp_otp.set
2025-04-27 11:28:26,844 - INFO - Successfully optimized GridEA_01_otp.set -> GridEA_01_otp_otp.set
2025-04-27 11:28:26,848 - INFO - Successfully optimized Grid_01_otp.set -> Grid_01_otp_otp.set
2025-04-27 11:28:26,851 - INFO - Successfully optimized HarVesteR_01_otp.set -> HarVesteR_01_otp_otp.set
2025-04-27 11:28:26,854 - INFO - Successfully optimized HedgeEA_01_otp.set -> HedgeEA_01_otp_otp.set
2025-04-27 11:28:26,856 - INFO - Successfully optimized hedger_01_otp.set -> hedger_01_otp_otp.set
2025-04-27 11:28:26,859 - INFO - Successfully optimized Hedging-EA_01_otp.set -> Hedging-EA_01_otp_otp.set
2025-04-27 11:28:26,862 - INFO - Successfully optimized Heiken-Ashi-Smoothed-EA-with-MA_01_otp.set -> Heiken-Ashi-Smoothed-EA-with-MA_01_otp_otp.set
2025-04-27 11:28:26,865 - INFO - Successfully optimized Heiken-Ashi-Smoothed-EA_01_otp.set -> Heiken-Ashi-Smoothed-EA_01_otp_otp.set
2025-04-27 11:28:26,867 - INFO - Successfully optimized heiken-ashi-smoothedLine_01_otp.set -> heiken-ashi-smoothedLine_01_otp_otp.set
2025-04-27 11:28:26,869 - INFO - Successfully optimized heiken-ashi-smoothed_01_otp.set -> heiken-ashi-smoothed_01_otp_otp.set
2025-04-27 11:28:26,873 - INFO - Successfully optimized HeikenAshi-Lines-EA_01_otp.set -> HeikenAshi-Lines-EA_01_otp_otp.set
2025-04-27 11:28:26,884 - INFO - Successfully optimized HeikenAshi-Lines_01_otp.set -> HeikenAshi-Lines_01_otp_otp.set
2025-04-27 11:28:26,887 - INFO - Successfully optimized Heinken-Ashi-Color-Candles_01_otp.set -> Heinken-Ashi-Color-Candles_01_otp_otp.set
2025-04-27 11:28:26,889 - INFO - Successfully optimized HelloSmart_01_otp.set -> HelloSmart_01_otp_otp.set
2025-04-27 11:28:26,892 - INFO - Successfully optimized High-Low-EA_01_otp.set -> High-Low-EA_01_otp_otp.set
2025-04-27 11:28:26,894 - INFO - Successfully optimized High-Low-Indicator_01_otp.set -> High-Low-Indicator_01_otp_otp.set
2025-04-27 11:28:26,897 - INFO - Successfully optimized Hoop-master-2_01_otp.set -> Hoop-master-2_01_otp_otp.set
2025-04-27 11:28:26,899 - INFO - Successfully optimized iCCI-iMA_01_otp.set -> iCCI-iMA_01_otp_otp.set
2025-04-27 11:28:26,902 - INFO - Successfully optimized ICH-With-Alert-Derekers-EA_01_otp.set -> ICH-With-Alert-Derekers-EA_01_otp_otp.set
2025-04-27 11:28:26,905 - INFO - Successfully optimized ICH-With-Alert-Derekers_01_otp.set -> ICH-With-Alert-Derekers_01_otp_otp.set
2025-04-27 11:28:26,907 - INFO - Successfully optimized ichimok2005_01_otp.set -> ichimok2005_01_otp_otp.set
2025-04-27 11:28:26,909 - INFO - Successfully optimized Ichimoku-20Kijun-20Alert_01_otp.set -> Ichimoku-20Kijun-20Alert_01_otp_otp.set
2025-04-27 11:28:26,911 - INFO - Successfully optimized Ichimoku-20Tenkan-20Alert_01_otp.set -> Ichimoku-20Tenkan-20Alert_01_otp_otp.set
2025-04-27 11:28:26,913 - INFO - Successfully optimized Ichimoku-Scanner_01_otp.set -> Ichimoku-Scanner_01_otp_otp.set
2025-04-27 11:28:26,915 - INFO - Successfully optimized Ichimoku-Signals-and-Alert_01_otp.set -> Ichimoku-Signals-and-Alert_01_otp_otp.set
2025-04-27 11:28:26,917 - INFO - Successfully optimized IchimokuMTF-EA_01_otp.set -> IchimokuMTF-EA_01_otp_otp.set
2025-04-27 11:28:26,918 - INFO - Successfully optimized Ichimoku_01_otp.set -> Ichimoku_01_otp_otp.set
2025-04-27 11:28:26,920 - INFO - Successfully optimized Ilan-iMA_01_otp.set -> Ilan-iMA_01_otp_otp.set
2025-04-27 11:28:26,921 - INFO - Successfully optimized Ilan1.4_01_otp.set -> Ilan1.4_01_otp_otp.set
2025-04-27 11:28:26,923 - INFO - Successfully optimized iMA-iStdDev_01_otp.set -> iMA-iStdDev_01_otp_otp.set
2025-04-27 11:28:26,924 - INFO - Successfully optimized Indices-Tester_01_otp.set -> Indices-Tester_01_otp_otp.set
2025-04-27 11:28:26,926 - INFO - Successfully optimized Inka-20Edho-20EA_01_otp.set -> Inka-20Edho-20EA_01_otp_otp.set
2025-04-27 11:28:26,930 - INFO - Successfully optimized Intersection-2-iMA_01_otp.set -> Intersection-2-iMA_01_otp_otp.set
2025-04-27 11:28:26,932 - INFO - Successfully optimized IStochastic-Trading_01_otp.set -> IStochastic-Trading_01_otp_otp.set
2025-04-27 11:28:26,936 - INFO - Successfully optimized Ivan_01_otp.set -> Ivan_01_otp_otp.set
2025-04-27 11:28:26,939 - INFO - Successfully optimized iVIDyA-Simple_01_otp.set -> iVIDyA-Simple_01_otp_otp.set
2025-04-27 11:28:26,941 - INFO - Successfully optimized Jackpot-Strategy-EA_01_otp.set -> Jackpot-Strategy-EA_01_otp_otp.set
2025-04-27 11:28:26,943 - INFO - Successfully optimized JackPot-Strategy-Elite_01_otp.set -> JackPot-Strategy-Elite_01_otp_otp.set
2025-04-27 11:28:26,945 - INFO - Successfully optimized JK-BullP-AutoTrader_01_otp.set -> JK-BullP-AutoTrader_01_otp_otp.set
2025-04-27 11:28:26,947 - INFO - Successfully optimized JS-Chaos_01_otp.set -> JS-Chaos_01_otp_otp.set
2025-04-27 11:28:26,949 - INFO - Successfully optimized JS-MA-Day_01_otp.set -> JS-MA-Day_01_otp_otp.set
2025-04-27 11:28:26,951 - INFO - Successfully optimized JS-MA-SAR-Trades_01_otp.set -> JS-MA-SAR-Trades_01_otp_otp.set
2025-04-27 11:28:26,953 - INFO - Successfully optimized KA-Gold-Bot_01_otp.set -> KA-Gold-Bot_01_otp_otp.set
2025-04-27 11:28:26,955 - INFO - Successfully optimized Kue-Electric-EA_01_otp.set -> Kue-Electric-EA_01_otp_otp.set
2025-04-27 11:28:26,957 - INFO - Successfully optimized KueFx-20Arrows_01_otp.set -> KueFx-20Arrows_01_otp_otp.set
2025-04-27 11:28:26,959 - INFO - Successfully optimized KueFx-20Baseline_01_otp.set -> KueFx-20Baseline_01_otp_otp.set
2025-04-27 11:28:26,961 - INFO - Successfully optimized KueFx-Arrows-20EA_01_otp.set -> KueFx-Arrows-20EA_01_otp_otp.set
2025-04-27 11:28:26,963 - INFO - Successfully optimized KueFx-Arrows-EA_01_otp.set -> KueFx-Arrows-EA_01_otp_otp.set
2025-04-27 11:28:26,965 - INFO - Successfully optimized KueFx-Arrows_01_otp.set -> KueFx-Arrows_01_otp_otp.set
2025-04-27 11:28:26,967 - INFO - Successfully optimized KueFx-Baseline-EA_01_otp.set -> KueFx-Baseline-EA_01_otp_otp.set
2025-04-27 11:28:26,969 - INFO - Successfully optimized KueFx-Baseline_01_otp.set -> KueFx-Baseline_01_otp_otp.set
2025-04-27 11:28:26,970 - INFO - Successfully optimized KueFx-Clean-2025-EA_01_otp.set -> KueFx-Clean-2025-EA_01_otp_otp.set
2025-04-27 11:28:26,972 - INFO - Successfully optimized KueFx-Extreme-EA_01_otp.set -> KueFx-Extreme-EA_01_otp_otp.set
2025-04-27 11:28:26,975 - INFO - Successfully optimized KueFx-Harare-EA_01_otp.set -> KueFx-Harare-EA_01_otp_otp.set
2025-04-27 11:28:26,977 - INFO - Successfully optimized KueFX-Money-Management_01_otp.set -> KueFX-Money-Management_01_otp_otp.set
2025-04-27 11:28:26,979 - INFO - Successfully optimized KueFx-Motor-EA_01_otp.set -> KueFx-Motor-EA_01_otp_otp.set
2025-04-27 11:28:26,981 - INFO - Successfully optimized KueFx-Motor_01_otp.set -> KueFx-Motor_01_otp_otp.set
2025-04-27 11:28:26,983 - INFO - Successfully optimized KueFx-Trend_01_otp.set -> KueFx-Trend_01_otp_otp.set
2025-04-27 11:28:26,985 - INFO - Successfully optimized KueFxTrend-20EA_01_otp.set -> KueFxTrend-20EA_01_otp_otp.set
2025-04-27 11:28:26,987 - INFO - Successfully optimized KueFxTrend-EA_01_otp.set -> KueFxTrend-EA_01_otp_otp.set
2025-04-27 11:28:26,989 - INFO - Successfully optimized LarryConnersRSI2_01_otp.set -> LarryConnersRSI2_01_otp_otp.set
2025-04-27 11:28:26,991 - INFO - Successfully optimized Last-ZZ50_01_otp.set -> Last-ZZ50_01_otp_otp.set
2025-04-27 11:28:26,992 - INFO - Successfully optimized Lavika100_01_otp.set -> Lavika100_01_otp_otp.set
2025-04-27 11:28:26,993 - INFO - Successfully optimized LBS_01_otp.set -> LBS_01_otp_otp.set
2025-04-27 11:28:26,995 - INFO - Successfully optimized Lego-EA_01_otp.set -> Lego-EA_01_otp_otp.set
2025-04-27 11:28:26,997 - INFO - Successfully optimized Lesson-3-Price-Action_01_otp.set -> Lesson-3-Price-Action_01_otp_otp.set
2025-04-27 11:28:26,999 - INFO - Successfully optimized Lesson-4-Price-Action-MA-Filter_01_otp.set -> Lesson-4-Price-Action-MA-Filter_01_otp_otp.set
2025-04-27 11:28:27,001 - INFO - Successfully optimized Lesson-6-Trailling-ATR_01_otp.set -> Lesson-6-Trailling-ATR_01_otp_otp.set
2025-04-27 11:28:27,002 - INFO - Successfully optimized Lesson-7-Price-action-Ket-hop-Volume-VSA_01_otp.set -> Lesson-7-Price-action-Ket-hop-Volume-VSA_01_otp_otp.set
2025-04-27 11:28:27,004 - INFO - Successfully optimized Little-EA_01_otp.set -> Little-EA_01_otp_otp.set
2025-04-27 11:28:27,006 - INFO - Successfully optimized Locker_01_otp.set -> Locker_01_otp_otp.set
2025-04-27 11:28:27,007 - INFO - Successfully optimized Lock_01_otp.set -> Lock_01_otp_otp.set
2025-04-27 11:28:27,009 - INFO - Successfully optimized Lucky_01_otp.set -> Lucky_01_otp_otp.set
2025-04-27 11:28:27,010 - INFO - Successfully optimized MA-20Alert_01_otp.set -> MA-20Alert_01_otp_otp.set
2025-04-27 11:28:27,012 - INFO - Successfully optimized MA-20AO-20Arrow_01_otp.set -> MA-20AO-20Arrow_01_otp_otp.set
2025-04-27 11:28:27,014 - INFO - Successfully optimized MA-AO-EA_01_otp.set -> MA-AO-EA_01_otp_otp.set
2025-04-27 11:28:27,015 - INFO - Successfully optimized ma-channels_01_otp.set -> ma-channels_01_otp_otp.set
2025-04-27 11:28:27,017 - INFO - Successfully optimized MA-Cross_01_otp.set -> MA-Cross_01_otp_otp.set
2025-04-27 11:28:27,019 - INFO - Successfully optimized MA-Envelopes_01_otp.set -> MA-Envelopes_01_otp_otp.set
2025-04-27 11:28:27,020 - INFO - Successfully optimized MA-MACD-Position-averaging_01_otp.set -> MA-MACD-Position-averaging_01_otp_otp.set
2025-04-27 11:28:27,022 - INFO - Successfully optimized MA-Trend_01_otp.set -> MA-Trend_01_otp_otp.set
2025-04-27 11:28:27,023 - INFO - Successfully optimized MA2CCI_01_otp.set -> MA2CCI_01_otp_otp.set
2025-04-27 11:28:27,025 - INFO - Successfully optimized MACD-and-SAR_01_otp.set -> MACD-and-SAR_01_otp_otp.set
2025-04-27 11:28:27,027 - INFO - Successfully optimized MACD-Cleaner_01_otp.set -> MACD-Cleaner_01_otp_otp.set
2025-04-27 11:28:27,029 - INFO - Successfully optimized MACD-EA-H4_01_otp.set -> MACD-EA-H4_01_otp_otp.set
2025-04-27 11:28:27,030 - INFO - Successfully optimized MACD-No-Sample_01_otp.set -> MACD-No-Sample_01_otp_otp.set
2025-04-27 11:28:27,032 - INFO - Successfully optimized MACD-signal_01_otp.set -> MACD-signal_01_otp_otp.set
2025-04-27 11:28:27,034 - INFO - Successfully optimized MACD-Stochastic-2_01_otp.set -> MACD-Stochastic-2_01_otp_otp.set
2025-04-27 11:28:27,035 - INFO - Successfully optimized MACD-Stochastic_01_otp.set -> MACD-Stochastic_01_otp_otp.set
2025-04-27 11:28:27,037 - INFO - Successfully optimized MACDCCI_01_otp.set -> MACDCCI_01_otp_otp.set
2025-04-27 11:28:27,039 - INFO - Successfully optimized MacdPatternTraderAll0.01_01_otp.set -> MacdPatternTraderAll0.01_01_otp_otp.set
2025-04-27 11:28:27,041 - INFO - Successfully optimized MacdPatternTraderAll_01_otp.set -> MacdPatternTraderAll_01_otp_otp.set
2025-04-27 11:28:27,043 - INFO - Successfully optimized MACD_01_otp.set -> MACD_01_otp_otp.set
2025-04-27 11:28:27,044 - INFO - Successfully optimized MAGrid_01_otp.set -> MAGrid_01_otp_otp.set
2025-04-27 11:28:27,046 - INFO - Successfully optimized MAMACD_01_otp.set -> MAMACD_01_otp_otp.set
2025-04-27 11:28:27,048 - INFO - Successfully optimized Market-Capture_01_otp.set -> Market-Capture_01_otp_otp.set
2025-04-27 11:28:27,049 - INFO - Successfully optimized Martin-1_01_otp.set -> Martin-1_01_otp_otp.set
2025-04-27 11:28:27,051 - INFO - Successfully optimized Martin-for-small-deposits_01_otp.set -> Martin-for-small-deposits_01_otp_otp.set
2025-04-27 11:28:27,052 - INFO - Successfully optimized MartingailExpert_01_otp.set -> MartingailExpert_01_otp_otp.set
2025-04-27 11:28:27,054 - INFO - Successfully optimized MartinGaleBreakout_01_otp.set -> MartinGaleBreakout_01_otp_otp.set
2025-04-27 11:28:27,056 - INFO - Successfully optimized Martin_01_otp.set -> Martin_01_otp_otp.set
2025-04-27 11:28:27,057 - INFO - Successfully optimized Marubozu-EA_01_otp.set -> Marubozu-EA_01_otp_otp.set
2025-04-27 11:28:27,059 - INFO - Successfully optimized Marubozu_01_otp.set -> Marubozu_01_otp_otp.set
2025-04-27 11:28:27,061 - INFO - Successfully optimized MelBar-EuSwiss-1.85_01_otp.set -> MelBar-EuSwiss-1.85_01_otp_otp.set
2025-04-27 11:28:27,063 - INFO - Successfully optimized MelBar™Take325-™-5.5Y-NZD-USD_01_otp.set -> MelBar™Take325-™-5.5Y-NZD-USD_01_otp_otp.set
2025-04-27 11:28:27,065 - INFO - Successfully optimized Mobo-Bands-EA_01_otp.set -> Mobo-Bands-EA_01_otp_otp.set
2025-04-27 11:28:27,067 - INFO - Successfully optimized Mobo-Bands_01_otp.set -> Mobo-Bands_01_otp_otp.set
2025-04-27 11:28:27,070 - INFO - Successfully optimized Modified-Moving-Averages_01_otp.set -> Modified-Moving-Averages_01_otp_otp.set
2025-04-27 11:28:27,072 - INFO - Successfully optimized Momentum-M15_01_otp.set -> Momentum-M15_01_otp_otp.set
2025-04-27 11:28:27,074 - INFO - Successfully optimized Momo-trades_01_otp.set -> Momo-trades_01_otp_otp.set
2025-04-27 11:28:27,077 - INFO - Successfully optimized Money-Fixed-Margin_01_otp.set -> Money-Fixed-Margin_01_otp_otp.set
2025-04-27 11:28:27,079 - INFO - Successfully optimized Money-Fixed-Risk_01_otp.set -> Money-Fixed-Risk_01_otp_otp.set
2025-04-27 11:28:27,081 - INFO - Successfully optimized MoneyRain_01_otp.set -> MoneyRain_01_otp_otp.set
2025-04-27 11:28:27,083 - INFO - Successfully optimized Morning-evening-star-EA_01_otp.set -> Morning-evening-star-EA_01_otp_otp.set
2025-04-27 11:28:27,085 - INFO - Successfully optimized MostasHaR15-Pivot_01_otp.set -> MostasHaR15-Pivot_01_otp_otp.set
2025-04-27 11:28:27,087 - INFO - Successfully optimized Moving-20average-20and-20ichimoku-20EA_01_otp.set -> Moving-20average-20and-20ichimoku-20EA_01_otp_otp.set
2025-04-27 11:28:27,090 - INFO - Successfully optimized Moving-Average-Trade-System_01_otp.set -> Moving-Average-Trade-System_01_otp_otp.set
2025-04-27 11:28:27,091 - INFO - Successfully optimized Moving-Averages_01_otp.set -> Moving-Averages_01_otp_otp.set
2025-04-27 11:28:27,093 - INFO - Successfully optimized MovingAverageMartinGale_01_otp.set -> MovingAverageMartinGale_01_otp_otp.set
2025-04-27 11:28:27,096 - INFO - Successfully optimized MovingAverage_01_otp.set -> MovingAverage_01_otp_otp.set
2025-04-27 11:28:27,098 - INFO - Successfully optimized MQL5-Wizard-MA-RSI_01_otp.set -> MQL5-Wizard-MA-RSI_01_otp_otp.set
2025-04-27 11:28:27,099 - INFO - Successfully optimized MQL5-Wizard-MACD-Parabolic-SAR_01_otp.set -> MQL5-Wizard-MACD-Parabolic-SAR_01_otp_otp.set
2025-04-27 11:28:27,102 - INFO - Successfully optimized MTC-Сombo_01_otp.set -> MTC-Сombo_01_otp_otp.set
2025-04-27 11:28:27,105 - INFO - Successfully optimized Multi-Stochastic_01_otp.set -> Multi-Stochastic_01_otp_otp.set
2025-04-27 11:28:27,107 - INFO - Successfully optimized MultiMartin_01_otp.set -> MultiMartin_01_otp_otp.set
2025-04-27 11:28:27,109 - INFO - Successfully optimized MySystem_01_otp.set -> MySystem_01_otp_otp.set
2025-04-27 11:28:27,111 - INFO - Successfully optimized N-Candles_01_otp.set -> N-Candles_01_otp_otp.set
2025-04-27 11:28:27,112 - INFO - Successfully optimized Nevalyashka-BreakdownLevel_01_otp.set -> Nevalyashka-BreakdownLevel_01_otp_otp.set
2025-04-27 11:28:27,114 - INFO - Successfully optimized Nevalyashka3-1_01_otp.set -> Nevalyashka3-1_01_otp_otp.set
2025-04-27 11:28:27,116 - INFO - Successfully optimized Nevalyashka_01_otp.set -> Nevalyashka_01_otp_otp.set
2025-04-27 11:28:27,118 - INFO - Successfully optimized New-Martin_01_otp.set -> New-Martin_01_otp_otp.set
2025-04-27 11:28:27,119 - INFO - Successfully optimized New-Random_01_otp.set -> New-Random_01_otp_otp.set
2025-04-27 11:28:27,121 - INFO - Successfully optimized Nextbar_01_otp.set -> Nextbar_01_otp_otp.set
2025-04-27 11:28:27,123 - INFO - Successfully optimized Night-Flat-Trade_01_otp.set -> Night-Flat-Trade_01_otp_otp.set
2025-04-27 11:28:27,125 - INFO - Successfully optimized NightScalper_01_otp.set -> NightScalper_01_otp_otp.set
2025-04-27 11:28:27,127 - INFO - Successfully optimized NRTR-Revers_01_otp.set -> NRTR-Revers_01_otp_otp.set
2025-04-27 11:28:27,128 - INFO - Successfully optimized NUp1Down_01_otp.set -> NUp1Down_01_otp_otp.set
2025-04-27 11:28:27,130 - INFO - Successfully optimized Open-Candle-EA_01_otp.set -> Open-Candle-EA_01_otp_otp.set
2025-04-27 11:28:27,132 - INFO - Successfully optimized Open-Close_01_otp.set -> Open-Close_01_otp_otp.set
2025-04-27 11:28:27,133 - INFO - Successfully optimized Opening-and-ilosing-on-time_01_otp.set -> Opening-and-ilosing-on-time_01_otp_otp.set
2025-04-27 11:28:27,135 - INFO - Successfully optimized Opening-and-Сlosing-on-time_01_otp.set -> Opening-and-Сlosing-on-time_01_otp_otp.set
2025-04-27 11:28:27,137 - INFO - Successfully optimized OpenPendingorderAfterPositionGetStopLoss_01_otp.set -> OpenPendingorderAfterPositionGetStopLoss_01_otp_otp.set
2025-04-27 11:28:27,138 - INFO - Successfully optimized OpenTicks_01_otp.set -> OpenTicks_01_otp_otp.set
2025-04-27 11:28:27,140 - INFO - Successfully optimized ORB-EA-BOX_01_otp.set -> ORB-EA-BOX_01_otp_otp.set
2025-04-27 11:28:27,142 - INFO - Successfully optimized OsMaSter_01_otp.set -> OsMaSter_01_otp_otp.set
2025-04-27 11:28:27,143 - INFO - Successfully optimized OTT-20AND-20PRICE-20CROSS-20EA_01_otp.set -> OTT-20AND-20PRICE-20CROSS-20EA_01_otp_otp.set
2025-04-27 11:28:27,145 - INFO - Successfully optimized OverHedge_01_otp.set -> OverHedge_01_otp_otp.set
2025-04-27 11:28:27,146 - INFO - Successfully optimized OzFx_01_otp.set -> OzFx_01_otp_otp.set
2025-04-27 11:28:27,148 - INFO - Successfully optimized Parabolic-SAR_01_otp.set -> Parabolic-SAR_01_otp_otp.set
2025-04-27 11:28:27,150 - INFO - Successfully optimized PARSI-EA_01_otp.set -> PARSI-EA_01_otp_otp.set
2025-04-27 11:28:27,152 - INFO - Successfully optimized Peceptron-Mult_01_otp.set -> Peceptron-Mult_01_otp_otp.set
2025-04-27 11:28:27,153 - INFO - Successfully optimized Pending-orders-by-time-2_01_otp.set -> Pending-orders-by-time-2_01_otp_otp.set
2025-04-27 11:28:27,155 - INFO - Successfully optimized Pending-orders-by-time_01_otp.set -> Pending-orders-by-time_01_otp_otp.set
2025-04-27 11:28:27,156 - INFO - Successfully optimized Pendulum_01_otp.set -> Pendulum_01_otp_otp.set
2025-04-27 11:28:27,158 - INFO - Successfully optimized Pinball-machine_01_otp.set -> Pinball-machine_01_otp_otp.set
2025-04-27 11:28:27,160 - INFO - Successfully optimized Pinbar-Magic-EA_01_otp.set -> Pinbar-Magic-EA_01_otp_otp.set
2025-04-27 11:28:27,161 - INFO - Successfully optimized PinBar-Magic-Indicator_01_otp.set -> PinBar-Magic-Indicator_01_otp_otp.set
2025-04-27 11:28:27,163 - INFO - Successfully optimized Pipsover_01_otp.set -> Pipsover_01_otp_otp.set
2025-04-27 11:28:27,165 - INFO - Successfully optimized Plan-X_01_otp.set -> Plan-X_01_otp_otp.set
2025-04-27 11:28:27,167 - INFO - Successfully optimized Plateau_01_otp.set -> Plateau_01_otp_otp.set
2025-04-27 11:28:27,168 - INFO - Successfully optimized Poker-SHOW_01_otp.set -> Poker-SHOW_01_otp_otp.set
2025-04-27 11:28:27,169 - INFO - Successfully optimized Precipice-MartIn_01_otp.set -> Precipice-MartIn_01_otp_otp.set
2025-04-27 11:28:27,171 - INFO - Successfully optimized Precipice_01_otp.set -> Precipice_01_otp_otp.set
2025-04-27 11:28:27,173 - INFO - Successfully optimized Probe_01_otp.set -> Probe_01_otp_otp.set
2025-04-27 11:28:27,174 - INFO - Successfully optimized Proffessor_01_otp.set -> Proffessor_01_otp_otp.set
2025-04-27 11:28:27,176 - INFO - Successfully optimized PropFirmHelper_01_otp.set -> PropFirmHelper_01_otp_otp.set
2025-04-27 11:28:27,177 - INFO - Successfully optimized PROphet_01_otp.set -> PROphet_01_otp_otp.set
2025-04-27 11:28:27,179 - INFO - Successfully optimized Puria-method_01_otp.set -> Puria-method_01_otp_otp.set
2025-04-27 11:28:27,181 - INFO - Successfully optimized Rabbit3_01_otp.set -> Rabbit3_01_otp_otp.set
2025-04-27 11:28:27,182 - INFO - Successfully optimized Range-Breakout_01_otp.set -> Range-Breakout_01_otp_otp.set
2025-04-27 11:28:27,183 - INFO - Successfully optimized Rapid-Doji-EA_01_otp.set -> Rapid-Doji-EA_01_otp_otp.set
2025-04-27 11:28:27,185 - INFO - Successfully optimized Raymond-Cloudy-Day-for-EA_01_otp.set -> Raymond-Cloudy-Day-for-EA_01_otp_otp.set
2025-04-27 11:28:27,187 - INFO - Successfully optimized Reflex-EA_01_otp.set -> Reflex-EA_01_otp_otp.set
2025-04-27 11:28:27,188 - INFO - Successfully optimized REFLEX-INDICATOR_01_otp.set -> REFLEX-INDICATOR_01_otp_otp.set
2025-04-27 11:28:27,201 - INFO - Successfully optimized Reflex_01_otp.set -> Reflex_01_otp_otp.set
2025-04-27 11:28:27,202 - INFO - Successfully optimized Reversing-Martingale_01_otp.set -> Reversing-Martingale_01_otp_otp.set
2025-04-27 11:28:27,204 - INFO - Successfully optimized RideAlligator_01_otp.set -> RideAlligator_01_otp_otp.set
2025-04-27 11:28:27,205 - INFO - Successfully optimized RNN_01_otp.set -> RNN_01_otp_otp.set
2025-04-27 11:28:27,207 - INFO - Successfully optimized Robot-MACD_01_otp.set -> Robot-MACD_01_otp_otp.set
2025-04-27 11:28:27,209 - INFO - Successfully optimized RobotPowerM5-meta4_01_otp.set -> RobotPowerM5-meta4_01_otp_otp.set
2025-04-27 11:28:27,210 - INFO - Successfully optimized Rollback-system_01_otp.set -> Rollback-system_01_otp_otp.set
2025-04-27 11:28:27,212 - INFO - Successfully optimized RSI-and-Bollinger-Bands_01_otp.set -> RSI-and-Bollinger-Bands_01_otp_otp.set
2025-04-27 11:28:27,214 - INFO - Successfully optimized RSI-Arrow-EA_01_otp.set -> RSI-Arrow-EA_01_otp_otp.set
2025-04-27 11:28:27,215 - INFO - Successfully optimized RSI-Arrow_01_otp.set -> RSI-Arrow_01_otp_otp.set
2025-04-27 11:28:27,217 - INFO - Successfully optimized RSI-EA_01_otp.set -> RSI-EA_01_otp_otp.set
2025-04-27 11:28:27,218 - INFO - Successfully optimized RSI-Eraser_01_otp.set -> RSI-Eraser_01_otp_otp.set
2025-04-27 11:28:27,220 - INFO - Successfully optimized RSI-Expert_01_otp.set -> RSI-Expert_01_otp_otp.set
2025-04-27 11:28:27,222 - INFO - Successfully optimized RSI-Levels_01_otp.set -> RSI-Levels_01_otp_otp.set
2025-04-27 11:28:27,223 - INFO - Successfully optimized RSI-trader_01_otp.set -> RSI-trader_01_otp_otp.set
2025-04-27 11:28:27,225 - INFO - Successfully optimized RSI-Trend-EA_01_otp.set -> RSI-Trend-EA_01_otp_otp.set
2025-04-27 11:28:27,227 - INFO - Successfully optimized RSI-Trend_01_otp.set -> RSI-Trend_01_otp_otp.set
2025-04-27 11:28:27,228 - INFO - Successfully optimized RSI-with-channels-EA_01_otp.set -> RSI-with-channels-EA_01_otp_otp.set
2025-04-27 11:28:27,230 - INFO - Successfully optimized RSI-with-channels_01_otp.set -> RSI-with-channels_01_otp_otp.set
2025-04-27 11:28:27,231 - INFO - Successfully optimized Russian20-hp1_01_otp.set -> Russian20-hp1_01_otp_otp.set
2025-04-27 11:28:27,233 - INFO - Successfully optimized SampleCheckPendingOrder_01_otp.set -> SampleCheckPendingOrder_01_otp_otp.set
2025-04-27 11:28:27,235 - INFO - Successfully optimized SAR-trading_01_otp.set -> SAR-trading_01_otp_otp.set
2025-04-27 11:28:27,236 - INFO - Successfully optimized Secwenta_01_otp.set -> Secwenta_01_otp_otp.set
2025-04-27 11:28:27,238 - INFO - Successfully optimized Sell-Stop_01_otp.set -> Sell-Stop_01_otp_otp.set
2025-04-27 11:28:27,240 - INFO - Successfully optimized Sensitive_01_otp.set -> Sensitive_01_otp_otp.set
2025-04-27 11:28:27,242 - INFO - Successfully optimized Separate-trade_01_otp.set -> Separate-trade_01_otp_otp.set
2025-04-27 11:28:27,243 - INFO - Successfully optimized SilverTrend_01_otp.set -> SilverTrend_01_otp_otp.set
2025-04-27 11:28:27,245 - INFO - Successfully optimized Simple-20Price-20Alert-20-20EA_01_otp.set -> Simple-20Price-20Alert-20-20EA_01_otp_otp.set
2025-04-27 11:28:27,247 - INFO - Successfully optimized Simple-20Volume-20EA_01_otp.set -> Simple-20Volume-20EA_01_otp_otp.set
2025-04-27 11:28:27,249 - INFO - Successfully optimized Simple-EA-MA-plus-MACD_01_otp.set -> Simple-EA-MA-plus-MACD_01_otp_otp.set
2025-04-27 11:28:27,250 - INFO - Successfully optimized Simple-FX_01_otp.set -> Simple-FX_01_otp_otp.set
2025-04-27 11:28:27,252 - INFO - Successfully optimized Simple-MACD_01_otp.set -> Simple-MACD_01_otp_otp.set
2025-04-27 11:28:27,254 - INFO - Successfully optimized Simple-Volume-EA_01_otp.set -> Simple-Volume-EA_01_otp_otp.set
2025-04-27 11:28:27,256 - INFO - Successfully optimized SimplePivot_01_otp.set -> SimplePivot_01_otp_otp.set
2025-04-27 11:28:27,257 - INFO - Successfully optimized Simplest-Hedging-EA-ever_01_otp.set -> Simplest-Hedging-EA-ever_01_otp_otp.set
2025-04-27 11:28:27,259 - INFO - Successfully optimized SimpleTrade _01_otp.set -> SimpleTrade _01_otp_otp.set
2025-04-27 11:28:27,261 - INFO - Successfully optimized Six-Soldiers-EA-Grid_01_otp.set -> Six-Soldiers-EA-Grid_01_otp_otp.set
2025-04-27 11:28:27,263 - INFO - Successfully optimized Six-Soldiers-EA_01_otp.set -> Six-Soldiers-EA_01_otp_otp.set
2025-04-27 11:28:27,264 - INFO - Successfully optimized Six-Soldiers_01_otp.set -> Six-Soldiers_01_otp_otp.set
2025-04-27 11:28:27,266 - INFO - Successfully optimized Small-Inside-Bar-Strategy_01_otp.set -> Small-Inside-Bar-Strategy_01_otp_otp.set
2025-04-27 11:28:27,267 - INFO - Successfully optimized Smart-Machine-20EA_01_otp.set -> Smart-Machine-20EA_01_otp_otp.set
2025-04-27 11:28:27,269 - INFO - Successfully optimized Smoothing-Average_01_otp.set -> Smoothing-Average_01_otp_otp.set
2025-04-27 11:28:27,271 - INFO - Successfully optimized Spasm_01_otp.set -> Spasm_01_otp_otp.set
2025-04-27 11:28:27,272 - INFO - Successfully optimized ssb5-123_01_otp.set -> ssb5-123_01_otp_otp.set
2025-04-27 11:28:27,274 - INFO - Successfully optimized Starter_01_otp.set -> Starter_01_otp_otp.set
2025-04-27 11:28:27,276 - INFO - Successfully optimized Steve-Cartwright-Trader-Camel-CCI-MACD_01_otp.set -> Steve-Cartwright-Trader-Camel-CCI-MACD_01_otp_otp.set
2025-04-27 11:28:27,278 - INFO - Successfully optimized Stoch-EA-1192_01_otp.set -> Stoch-EA-1192_01_otp_otp.set
2025-04-27 11:28:27,280 - INFO - Successfully optimized Stochastic-20Alert_01_otp.set -> Stochastic-20Alert_01_otp_otp.set
2025-04-27 11:28:27,281 - INFO - Successfully optimized Stochastic-K-Divergence.lua_01_otp.set -> Stochastic-K-Divergence.lua_01_otp_otp.set
2025-04-27 11:28:27,283 - INFO - Successfully optimized stochastic-three-periods_01_otp.set -> stochastic-three-periods_01_otp_otp.set
2025-04-27 11:28:27,285 - INFO - Successfully optimized StochasticDiffSign-EA_01_otp.set -> StochasticDiffSign-EA_01_otp_otp.set
2025-04-27 11:28:27,287 - INFO - Successfully optimized stochasticdiffsign_01_otp.set -> stochasticdiffsign_01_otp_otp.set
2025-04-27 11:28:27,289 - INFO - Successfully optimized StochMA-EA_01_otp.set -> StochMA-EA_01_otp_otp.set
2025-04-27 11:28:27,291 - INFO - Successfully optimized StochMA_01_otp.set -> StochMA_01_otp_otp.set
2025-04-27 11:28:27,292 - INFO - Successfully optimized Stoch_01_otp.set -> Stoch_01_otp_otp.set
2025-04-27 11:28:27,294 - INFO - Successfully optimized Stop-Loss-Take-Profit_01_otp.set -> Stop-Loss-Take-Profit_01_otp_otp.set
2025-04-27 11:28:27,295 - INFO - Successfully optimized StraddleqTrail_01_otp.set -> StraddleqTrail_01_otp_otp.set
2025-04-27 11:28:27,297 - INFO - Successfully optimized Surefirething_01_otp.set -> Surefirething_01_otp_otp.set
2025-04-27 11:28:27,299 - INFO - Successfully optimized TDSGlobal_01_otp.set -> TDSGlobal_01_otp_otp.set
2025-04-27 11:28:27,300 - INFO - Successfully optimized The-MasterMind-2_01_otp.set -> The-MasterMind-2_01_otp_otp.set
2025-04-27 11:28:27,302 - INFO - Successfully optimized The-MasterMind-3_01_otp.set -> The-MasterMind-3_01_otp_otp.set
2025-04-27 11:28:27,304 - INFO - Successfully optimized The-MasterMind_01_otp.set -> The-MasterMind_01_otp_otp.set
2025-04-27 11:28:27,306 - INFO - Successfully optimized The-Puncher_01_otp.set -> The-Puncher_01_otp_otp.set
2025-04-27 11:28:27,308 - INFO - Successfully optimized TheClassicTurtleTrader-no-dots-EA_01_otp.set -> TheClassicTurtleTrader-no-dots-EA_01_otp_otp.set
2025-04-27 11:28:27,310 - INFO - Successfully optimized TheClassicTurtleTrader-no-dots_01_otp.set -> TheClassicTurtleTrader-no-dots_01_otp_otp.set
2025-04-27 11:28:27,312 - INFO - Successfully optimized Three-indicators_01_otp.set -> Three-indicators_01_otp_otp.set
2025-04-27 11:28:27,313 - INFO - Successfully optimized Three-neural-networks_01_otp.set -> Three-neural-networks_01_otp_otp.set
2025-04-27 11:28:27,315 - INFO - Successfully optimized Three-timeframes_01_otp.set -> Three-timeframes_01_otp_otp.set
2025-04-27 11:28:27,317 - INFO - Successfully optimized Three-Typical-Candles_01_otp.set -> Three-Typical-Candles_01_otp_otp.set
2025-04-27 11:28:27,319 - INFO - Successfully optimized Time-sync-forts_01_otp.set -> Time-sync-forts_01_otp_otp.set
2025-04-27 11:28:27,320 - INFO - Successfully optimized timer-trade_01_otp.set -> timer-trade_01_otp_otp.set
2025-04-27 11:28:27,322 - INFO - Successfully optimized TMA-ATR-Channel_01_otp.set -> TMA-ATR-Channel_01_otp_otp.set
2025-04-27 11:28:27,324 - INFO - Successfully optimized TMA-ATR-EA_01_otp.set -> TMA-ATR-EA_01_otp_otp.set
2025-04-27 11:28:27,326 - INFO - Successfully optimized TMA-CG-EA_01_otp.set -> TMA-CG-EA_01_otp_otp.set
2025-04-27 11:28:27,328 - INFO - Successfully optimized TMA-CG-Martingale-20EA_01_otp.set -> TMA-CG-Martingale-20EA_01_otp_otp.set
2025-04-27 11:28:27,330 - INFO - Successfully optimized TMA-CG-mladen_01_otp.set -> TMA-CG-mladen_01_otp_otp.set
2025-04-27 11:28:27,331 - INFO - Successfully optimized TMA-CG-special_01_otp.set -> TMA-CG-special_01_otp_otp.set
2025-04-27 11:28:27,334 - INFO - Successfully optimized TMA-slope-bands_01_otp.set -> TMA-slope-bands_01_otp_otp.set
2025-04-27 11:28:27,335 - INFO - Successfully optimized TmaTrue-2.0-with-Distances-6xx_01_otp.set -> TmaTrue-2.0-with-Distances-6xx_01_otp_otp.set
2025-04-27 11:28:27,337 - INFO - Successfully optimized TmaTrue-3.0-with-Distances-6xx_01_otp.set -> TmaTrue-3.0-with-Distances-6xx_01_otp_otp.set
2025-04-27 11:28:27,339 - INFO - Successfully optimized TP-with-money_01_otp.set -> TP-with-money_01_otp_otp.set
2025-04-27 11:28:27,340 - INFO - Successfully optimized Trade-in-Channel_01_otp.set -> Trade-in-Channel_01_otp_otp.set
2025-04-27 11:28:27,342 - INFO - Successfully optimized Trade-on-qualified-RSI_01_otp.set -> Trade-on-qualified-RSI_01_otp_otp.set
2025-04-27 11:28:27,343 - INFO - Successfully optimized Trading-Breakout-MrThanhTan_01_otp.set -> Trading-Breakout-MrThanhTan_01_otp_otp.set
2025-04-27 11:28:27,346 - INFO - Successfully optimized Trend-Trader-Strategy-EA_01_otp.set -> Trend-Trader-Strategy-EA_01_otp_otp.set
2025-04-27 11:28:27,347 - INFO - Successfully optimized Trend-Trader-Strategy_01_otp.set -> Trend-Trader-Strategy_01_otp_otp.set
2025-04-27 11:28:27,349 - INFO - Successfully optimized Tru-EA_01_otp.set -> Tru-EA_01_otp_otp.set
2025-04-27 11:28:27,350 - INFO - Successfully optimized True-Scalper-Profit-Lock_01_otp.set -> True-Scalper-Profit-Lock_01_otp_otp.set
2025-04-27 11:28:27,352 - INFO - Successfully optimized TrueSort-1100_01_otp.set -> TrueSort-1100_01_otp_otp.set
2025-04-27 11:28:27,354 - INFO - Successfully optimized Tunnel-gen4_01_otp.set -> Tunnel-gen4_01_otp_otp.set
2025-04-27 11:28:27,355 - INFO - Successfully optimized Tunnel-Method_01_otp.set -> Tunnel-Method_01_otp_otp.set
2025-04-27 11:28:27,356 - INFO - Successfully optimized TurnGrid_01_otp.set -> TurnGrid_01_otp_otp.set
2025-04-27 11:28:27,358 - INFO - Successfully optimized Two PerBar _01_otp.set -> Two PerBar _01_otp_otp.set
2025-04-27 11:28:27,360 - INFO - Successfully optimized Two-20MA-20RSI-20ADX-20EA_01_otp.set -> Two-20MA-20RSI-20ADX-20EA_01_otp_otp.set
2025-04-27 11:28:27,361 - INFO - Successfully optimized Two-20Orders-20Panel_01_otp.set -> Two-20Orders-20Panel_01_otp_otp.set
2025-04-27 11:28:27,363 - INFO - Successfully optimized Two-pending-orders-2_01_otp.set -> Two-pending-orders-2_01_otp_otp.set
2025-04-27 11:28:27,364 - INFO - Successfully optimized UnityPro_01_otp.set -> UnityPro_01_otp_otp.set
2025-04-27 11:28:27,366 - INFO - Successfully optimized UniversalMACrossEA_01_otp.set -> UniversalMACrossEA_01_otp_otp.set
2025-04-27 11:28:27,368 - INFO - Successfully optimized UniversalSignalDemo_01_otp.set -> UniversalSignalDemo_01_otp_otp.set
2025-04-27 11:28:27,369 - INFO - Successfully optimized Universum-3.0_01_otp.set -> Universum-3.0_01_otp_otp.set
2025-04-27 11:28:27,370 - INFO - Successfully optimized UnNomGuai-20EA_01_otp.set -> UnNomGuai-20EA_01_otp_otp.set
2025-04-27 11:28:27,372 - INFO - Successfully optimized up3x1-Investor_01_otp.set -> up3x1-Investor_01_otp_otp.set
2025-04-27 11:28:27,374 - INFO - Successfully optimized up3x1-premium-M_01_otp.set -> up3x1-premium-M_01_otp_otp.set
2025-04-27 11:28:27,375 - INFO - Successfully optimized up3x1_01_otp.set -> up3x1_01_otp_otp.set
2025-04-27 11:28:27,377 - INFO - Successfully optimized Urdala-Trol_01_otp.set -> Urdala-Trol_01_otp_otp.set
2025-04-27 11:28:27,378 - INFO - Successfully optimized Very-Blonde-System_01_otp.set -> Very-Blonde-System_01_otp_otp.set
2025-04-27 11:28:27,380 - INFO - Successfully optimized Virtual-Trailing-Stop_01_otp.set -> Virtual-Trailing-Stop_01_otp_otp.set
2025-04-27 11:28:27,381 - INFO - Successfully optimized VLT-TRADER_01_otp.set -> VLT-TRADER_01_otp_otp.set
2025-04-27 11:28:27,383 - INFO - Successfully optimized Volume-trader_01_otp.set -> Volume-trader_01_otp_otp.set
2025-04-27 11:28:27,384 - INFO - Successfully optimized Vortex-Indicator-System_01_otp.set -> Vortex-Indicator-System_01_otp_otp.set
2025-04-27 11:28:27,386 - INFO - Successfully optimized VR-Overturn_01_otp.set -> VR-Overturn_01_otp_otp.set
2025-04-27 11:28:27,388 - INFO - Successfully optimized VR-ZVER-v.2_01_otp.set -> VR-ZVER-v.2_01_otp_otp.set
2025-04-27 11:28:27,389 - INFO - Successfully optimized VR-ZVER_01_otp.set -> VR-ZVER_01_otp_otp.set
2025-04-27 11:28:27,391 - INFO - Successfully optimized VZO_01_otp.set -> VZO_01_otp_otp.set
2025-04-27 11:28:27,392 - INFO - Successfully optimized Waddah-Attar-Win_01_otp.set -> Waddah-Attar-Win_01_otp_otp.set
2025-04-27 11:28:27,394 - INFO - Successfully optimized WE-TRUST_01_otp.set -> WE-TRUST_01_otp_otp.set
2025-04-27 11:28:27,395 - INFO - Successfully optimized X-RSIOMA_01_otp.set -> X-RSIOMA_01_otp_otp.set
2025-04-27 11:28:27,397 - INFO - Successfully optimized Yesterday-Today_01_otp.set -> Yesterday-Today_01_otp_otp.set
2025-04-27 11:28:27,398 - INFO - Successfully optimized 10-pips-EURUSD_01_standard.set -> 10-pips-EURUSD_01_otp.set
2025-04-27 11:28:27,399 - INFO - Successfully optimized 10-pips_01_standard.set -> 10-pips_01_otp.set
2025-04-27 11:28:27,401 - INFO - Successfully optimized 1H-EUR-USD_01_standard.set -> 1H-EUR-USD_01_otp.set
2025-04-27 11:28:27,403 - INFO - Successfully optimized 20011201-GBPUSD-M1_01_standard.set -> 20011201-GBPUSD-M1_01_otp.set
2025-04-27 11:28:27,404 - INFO - Successfully optimized 21hour_01_standard.set -> 21hour_01_otp.set
2025-04-27 11:28:27,406 - INFO - Successfully optimized 2HR-HL_01_standard.set -> 2HR-HL_01_otp.set
2025-04-27 11:28:27,408 - INFO - Successfully optimized 2MA-4Level_01_standard.set -> 2MA-4Level_01_otp.set
2025-04-27 11:28:27,409 - INFO - Successfully optimized 2MA-Bunny-Cross_01_standard.set -> 2MA-Bunny-Cross_01_otp.set
2025-04-27 11:28:27,410 - INFO - Successfully optimized 3-bars-high-low-indicator_01_standard.set -> 3-bars-high-low-indicator_01_otp.set
2025-04-27 11:28:27,412 - INFO - Successfully optimized 35-Pip-Scalper_01_standard.set -> 35-Pip-Scalper_01_otp.set
2025-04-27 11:28:27,413 - INFO - Successfully optimized 3BarsHighLowEA_01_standard.set -> 3BarsHighLowEA_01_otp.set
2025-04-27 11:28:27,415 - INFO - Successfully optimized 3sma_01_standard.set -> 3sma_01_otp.set
2025-04-27 11:28:27,416 - INFO - Successfully optimized 500_01_standard.set -> 500_01_otp.set
2025-04-27 11:28:27,418 - INFO - Successfully optimized 55-MA_01_standard.set -> 55-MA_01_otp.set
2025-04-27 11:28:27,419 - INFO - Successfully optimized Above-Below-MA_01_standard.set -> Above-Below-MA_01_otp.set
2025-04-27 11:28:27,421 - INFO - Successfully optimized Absorption_01_standard.set -> Absorption_01_otp.set
2025-04-27 11:28:27,422 - INFO - Successfully optimized ADX-MACD-Deev_01_standard.set -> ADX-MACD-Deev_01_otp.set
2025-04-27 11:28:27,424 - INFO - Successfully optimized ADX-MA_01_standard.set -> ADX-MA_01_otp.set
2025-04-27 11:28:27,425 - INFO - Successfully optimized ADX-System_01_standard.set -> ADX-System_01_otp.set
2025-04-27 11:28:27,426 - INFO - Successfully optimized AIS1_01_standard.set -> AIS1_01_otp.set
2025-04-27 11:28:27,428 - INFO - Successfully optimized Alexav-D1-Profit-GBPUSD_01_standard.set -> Alexav-D1-Profit-GBPUSD_01_otp.set
2025-04-27 11:28:27,430 - INFO - Successfully optimized All-Average-Ea_01_standard.set -> All-Average-Ea_01_otp.set
2025-04-27 11:28:27,431 - INFO - Successfully optimized Alligator-Simple_01_standard.set -> Alligator-Simple_01_otp.set
2025-04-27 11:28:27,432 - INFO - Successfully optimized Alligator_01_standard.set -> Alligator_01_otp.set
2025-04-27 11:28:27,434 - INFO - Successfully optimized Altarius-RSI-Stohastic_01_standard.set -> Altarius-RSI-Stohastic_01_otp.set
2025-04-27 11:28:27,435 - INFO - Successfully optimized AMA-Trader-2_01_standard.set -> AMA-Trader-2_01_otp.set
2025-04-27 11:28:27,437 - INFO - Successfully optimized AMA-Trader_01_standard.set -> AMA-Trader_01_otp.set
2025-04-27 11:28:27,438 - INFO - Successfully optimized AO-Lightning_01_standard.set -> AO-Lightning_01_otp.set
2025-04-27 11:28:27,439 - INFO - Successfully optimized AOCCI_01_standard.set -> AOCCI_01_otp.set
2025-04-27 11:28:27,440 - INFO - Successfully optimized Arbitrage_01_standard.set -> Arbitrage_01_otp.set
2025-04-27 11:28:27,441 - INFO - Successfully optimized ArbSint_01_standard.set -> ArbSint_01_otp.set
2025-04-27 11:28:27,443 - INFO - Successfully optimized Area-MACD_01_standard.set -> Area-MACD_01_otp.set
2025-04-27 11:28:27,444 - INFO - Successfully optimized Artificial-Intelligence_01_standard.set -> Artificial-Intelligence_01_otp.set
2025-04-27 11:28:27,445 - INFO - Successfully optimized At-random-Full_01_standard.set -> At-random-Full_01_otp.set
2025-04-27 11:28:27,446 - INFO - Successfully optimized At-random_01_standard.set -> At-random_01_otp.set
2025-04-27 11:28:27,447 - INFO - Successfully optimized Auto-ADX_01_standard.set -> Auto-ADX_01_otp.set
2025-04-27 11:28:27,449 - INFO - Successfully optimized Auto-Pivot-Plotter-28Mid-Levels-29-41_01_standard.set -> Auto-Pivot-Plotter-28Mid-Levels-29-41_01_otp.set
2025-04-27 11:28:27,450 - INFO - Successfully optimized AutoLock-EA_01_standard.set -> AutoLock-EA_01_otp.set
2025-04-27 11:28:27,452 - INFO - Successfully optimized Autotrader-Momentum_01_standard.set -> Autotrader-Momentum_01_otp.set
2025-04-27 11:28:27,453 - INFO - Successfully optimized Avalanche-AV_01_standard.set -> Avalanche-AV_01_otp.set
2025-04-27 11:28:27,454 - INFO - Successfully optimized Backbone_01_standard.set -> Backbone_01_otp.set
2025-04-27 11:28:27,455 - INFO - Successfully optimized BADX_01_standard.set -> BADX_01_otp.set
2025-04-27 11:28:27,457 - INFO - Successfully optimized Bago-EA_01_standard.set -> Bago-EA_01_otp.set
2025-04-27 11:28:27,459 - INFO - Successfully optimized BalancedScalper-20EA_01_standard.set -> BalancedScalper-20EA_01_otp.set
2025-04-27 11:28:27,460 - INFO - Successfully optimized Bands-2_01_standard.set -> Bands-2_01_otp.set
2025-04-27 11:28:27,462 - INFO - Successfully optimized BARS-Alligator_01_standard.set -> BARS-Alligator_01_otp.set
2025-04-27 11:28:27,464 - INFO - Successfully optimized Basic-CCI-RSI_01_standard.set -> Basic-CCI-RSI_01_otp.set
2025-04-27 11:28:27,465 - INFO - Successfully optimized Basic-Martingale-EA-3_01_standard.set -> Basic-Martingale-EA-3_01_otp.set
2025-04-27 11:28:27,467 - INFO - Successfully optimized BBPercentile-EA_01_standard.set -> BBPercentile-EA_01_otp.set
2025-04-27 11:28:27,469 - INFO - Successfully optimized BBPercentile_01_standard.set -> BBPercentile_01_otp.set
2025-04-27 11:28:27,471 - INFO - Successfully optimized BDCrossOver-20EA_01_standard.set -> BDCrossOver-20EA_01_otp.set
2025-04-27 11:28:27,473 - INFO - Successfully optimized BIG-DOG_01_standard.set -> BIG-DOG_01_otp.set
2025-04-27 11:28:27,475 - INFO - Successfully optimized Bill-Williams_01_standard.set -> Bill-Williams_01_otp.set
2025-04-27 11:28:27,477 - INFO - Successfully optimized Bollinger-Band-Two-MA-and-Zig-Zag_01_standard.set -> Bollinger-Band-Two-MA-and-Zig-Zag_01_otp.set
2025-04-27 11:28:27,480 - INFO - Successfully optimized Bollinger-Bands-N-positions_01_standard.set -> Bollinger-Bands-N-positions_01_otp.set
2025-04-27 11:28:27,482 - INFO - Successfully optimized Bollinger-Bands-RSI_01_standard.set -> Bollinger-Bands-RSI_01_otp.set
2025-04-27 11:28:27,485 - INFO - Successfully optimized bollinger_01_standard.set -> bollinger_01_otp.set
2025-04-27 11:28:27,488 - INFO - Successfully optimized Brakeout-Trader_01_standard.set -> Brakeout-Trader_01_otp.set
2025-04-27 11:28:27,490 - INFO - Successfully optimized Brandy_01_standard.set -> Brandy_01_otp.set
2025-04-27 11:28:27,492 - INFO - Successfully optimized Breadandbutter2_01_standard.set -> Breadandbutter2_01_otp.set
2025-04-27 11:28:27,494 - INFO - Successfully optimized Breakdown-catcher_01_standard.set -> Breakdown-catcher_01_otp.set
2025-04-27 11:28:27,495 - INFO - Successfully optimized breakdown_01_standard.set -> breakdown_01_otp.set
2025-04-27 11:28:27,497 - INFO - Successfully optimized Breakout-Str_01_standard.set -> Breakout-Str_01_otp.set
2025-04-27 11:28:27,499 - INFO - Successfully optimized Bronze-Warrioir_01_standard.set -> Bronze-Warrioir_01_otp.set
2025-04-27 11:28:27,501 - INFO - Successfully optimized Bruno_01_standard.set -> Bruno_01_otp.set
2025-04-27 11:28:27,503 - INFO - Successfully optimized BSS-1-0_01_standard.set -> BSS-1-0_01_otp.set
2025-04-27 11:28:27,505 - INFO - Successfully optimized Bullish-and-Bearish-Engulfing_01_standard.set -> Bullish-and-Bearish-Engulfing_01_otp.set
2025-04-27 11:28:27,506 - INFO - Successfully optimized Burg-Extrapolator_01_standard.set -> Burg-Extrapolator_01_otp.set
2025-04-27 11:28:27,509 - INFO - Successfully optimized BykovTrend-EA_01_standard.set -> BykovTrend-EA_01_otp.set
2025-04-27 11:28:27,511 - INFO - Successfully optimized Calculate-lotsize-and-Trailling-stop_01_standard.set -> Calculate-lotsize-and-Trailling-stop_01_otp.set
2025-04-27 11:28:27,513 - INFO - Successfully optimized candlepatternsexample_01_standard.set -> candlepatternsexample_01_otp.set
2025-04-27 11:28:27,515 - INFO - Successfully optimized Candle_01_standard.set -> Candle_01_otp.set
2025-04-27 11:28:27,517 - INFO - Successfully optimized Carbophos_01_standard.set -> Carbophos_01_otp.set
2025-04-27 11:28:27,520 - INFO - Successfully optimized CashMachine-5min_01_standard.set -> CashMachine-5min_01_otp.set
2025-04-27 11:28:27,522 - INFO - Successfully optimized CCI-MACD-Scalper_01_standard.set -> CCI-MACD-Scalper_01_otp.set
2025-04-27 11:28:27,524 - INFO - Successfully optimized Cidomo_01_standard.set -> Cidomo_01_otp.set
2025-04-27 11:28:27,526 - INFO - Successfully optimized CloseAgent_01_standard.set -> CloseAgent_01_otp.set
2025-04-27 11:28:27,527 - INFO - Successfully optimized CloseProfit_01_standard.set -> CloseProfit_01_otp.set
2025-04-27 11:28:27,529 - INFO - Successfully optimized cloud's-trade-2_01_standard.set -> cloud's-trade-2_01_otp.set
2025-04-27 11:28:27,531 - INFO - Successfully optimized CLOUD_01_standard.set -> CLOUD_01_otp.set
2025-04-27 11:28:27,533 - INFO - Successfully optimized Constituents-EA_01_standard.set -> Constituents-EA_01_otp.set
2025-04-27 11:28:27,535 - INFO - Successfully optimized Contrarian-trade-MA_01_standard.set -> Contrarian-trade-MA_01_otp.set
2025-04-27 11:28:27,536 - INFO - Successfully optimized Crossing-Moving-Average_01_standard.set -> Crossing-Moving-Average_01_otp.set
2025-04-27 11:28:27,539 - INFO - Successfully optimized CrossMA_01_standard.set -> CrossMA_01_otp.set
2025-04-27 11:28:27,541 - INFO - Successfully optimized Currencyprofits-01.1_01_standard.set -> Currencyprofits-01.1_01_otp.set
2025-04-27 11:28:27,543 - INFO - Successfully optimized Daily-20reversal-20-20EA_01_standard.set -> Daily-20reversal-20-20EA_01_otp.set
2025-04-27 11:28:27,545 - INFO - Successfully optimized Daily-BreakPoint_01_standard.set -> Daily-BreakPoint_01_otp.set
2025-04-27 11:28:27,547 - INFO - Successfully optimized Daily-Open-EA_01_standard.set -> Daily-Open-EA_01_otp.set
2025-04-27 11:28:27,549 - INFO - Successfully optimized Daily-range_01_standard.set -> Daily-range_01_otp.set
2025-04-27 11:28:27,551 - INFO - Successfully optimized Day-Trading-PAMXA_01_standard.set -> Day-Trading-PAMXA_01_otp.set
2025-04-27 11:28:27,553 - INFO - Successfully optimized Daydream_01_standard.set -> Daydream_01_otp.set
2025-04-27 11:28:27,555 - INFO - Successfully optimized DayTrading_01_standard.set -> DayTrading_01_otp.set
2025-04-27 11:28:27,557 - INFO - Successfully optimized Dealers-Trade-v-7.74-MACD_01_standard.set -> Dealers-Trade-v-7.74-MACD_01_otp.set
2025-04-27 11:28:27,561 - INFO - Successfully optimized Deep-Drawdown-MA_01_standard.set -> Deep-Drawdown-MA_01_otp.set
2025-04-27 11:28:27,564 - INFO - Successfully optimized DeMarker-gaining-position-volume-2_01_standard.set -> DeMarker-gaining-position-volume-2_01_otp.set
2025-04-27 11:28:27,570 - INFO - Successfully optimized DeMarker-gaining-position-volume_01_standard.set -> DeMarker-gaining-position-volume_01_otp.set
2025-04-27 11:28:27,575 - INFO - Successfully optimized DeMarker-Pending-2-5_01_standard.set -> DeMarker-Pending-2-5_01_otp.set
2025-04-27 11:28:27,577 - INFO - Successfully optimized DeMarker-Pending-2_01_standard.set -> DeMarker-Pending-2_01_otp.set
2025-04-27 11:28:27,579 - INFO - Successfully optimized DeMarker-Pending_01_standard.set -> DeMarker-Pending_01_otp.set
2025-04-27 11:28:27,582 - INFO - Successfully optimized Dematus_01_standard.set -> Dematus_01_otp.set
2025-04-27 11:28:27,584 - INFO - Successfully optimized Divergence-20for-20many-20indicator_01_standard.set -> Divergence-20for-20many-20indicator_01_otp.set
2025-04-27 11:28:27,586 - INFO - Successfully optimized Divergence-EA_01_standard.set -> Divergence-EA_01_otp.set
2025-04-27 11:28:27,589 - INFO - Successfully optimized Doji-Arrows_01_standard.set -> Doji-Arrows_01_otp.set
2025-04-27 11:28:27,592 - INFO - Successfully optimized DojiTrader_01_standard.set -> DojiTrader_01_otp.set
2025-04-27 11:28:27,594 - INFO - Successfully optimized Donchian-Chanel-EA_01_standard.set -> Donchian-Chanel-EA_01_otp.set
2025-04-27 11:28:27,597 - INFO - Successfully optimized DoubleHullMA-EA_01_standard.set -> DoubleHullMA-EA_01_otp.set
2025-04-27 11:28:27,599 - INFO - Successfully optimized DoubleHullMA_01_standard.set -> DoubleHullMA_01_otp.set
2025-04-27 11:28:27,601 - INFO - Successfully optimized DoubleMA-Crossover-EA_01_standard.set -> DoubleMA-Crossover-EA_01_otp.set
2025-04-27 11:28:27,604 - INFO - Successfully optimized Doubler_01_standard.set -> Doubler_01_otp.set
2025-04-27 11:28:27,606 - INFO - Successfully optimized dummy_01_standard.set -> dummy_01_otp.set
2025-04-27 11:28:27,609 - INFO - Successfully optimized Dynamic-averaging_01_standard.set -> Dynamic-averaging_01_otp.set
2025-04-27 11:28:27,612 - INFO - Successfully optimized e-Breakeven_01_standard.set -> e-Breakeven_01_otp.set
2025-04-27 11:28:27,615 - INFO - Successfully optimized E-Friday_01_standard.set -> E-Friday_01_otp.set
2025-04-27 11:28:27,617 - INFO - Successfully optimized E-Skoch-Open_01_standard.set -> E-Skoch-Open_01_otp.set
2025-04-27 11:28:27,620 - INFO - Successfully optimized e-Skoch-pending-orders_01_standard.set -> e-Skoch-pending-orders_01_otp.set
2025-04-27 11:28:27,621 - INFO - Successfully optimized e-Smart-Trailing_01_standard.set -> e-Smart-Trailing_01_otp.set
2025-04-27 11:28:27,624 - INFO - Successfully optimized e-TurboFx_01_standard.set -> e-TurboFx_01_otp.set
2025-04-27 11:28:27,626 - INFO - Successfully optimized EA-Close_01_standard.set -> EA-Close_01_otp.set
2025-04-27 11:28:27,628 - INFO - Successfully optimized EA-MA-Stoch-RSI_01_standard.set -> EA-MA-Stoch-RSI_01_otp.set
2025-04-27 11:28:27,631 - INFO - Successfully optimized EA-Moving-Average_01_standard.set -> EA-Moving-Average_01_otp.set
2025-04-27 11:28:27,633 - INFO - Successfully optimized Elite-eFibo-Trader_01_standard.set -> Elite-eFibo-Trader_01_otp.set
2025-04-27 11:28:27,634 - INFO - Successfully optimized EMA-6.12_01_standard.set -> EMA-6.12_01_otp.set
2025-04-27 11:28:27,636 - INFO - Successfully optimized EMA-CROSS_01_standard.set -> EMA-CROSS_01_otp.set
2025-04-27 11:28:27,638 - INFO - Successfully optimized EMA-LWMA-RSI_01_standard.set -> EMA-LWMA-RSI_01_otp.set
2025-04-27 11:28:27,640 - INFO - Successfully optimized EMA-RSI-EA_01_standard.set -> EMA-RSI-EA_01_otp.set
2025-04-27 11:28:27,641 - INFO - Successfully optimized EMA-WMA_01_standard.set -> EMA-WMA_01_otp.set
2025-04-27 11:28:27,643 - INFO - Successfully optimized EMA_01_standard.set -> EMA_01_otp.set
2025-04-27 11:28:27,644 - INFO - Successfully optimized Eugene_01_standard.set -> Eugene_01_otp.set
2025-04-27 11:28:27,646 - INFO - Successfully optimized eur-usd-m5_01_standard.set -> eur-usd-m5_01_otp.set
2025-04-27 11:28:27,647 - INFO - Successfully optimized EURUSD-breakout_01_standard.set -> EURUSD-breakout_01_otp.set
2025-04-27 11:28:27,648 - INFO - Successfully optimized Executer-AC_01_standard.set -> Executer-AC_01_otp.set
2025-04-27 11:28:27,650 - INFO - Successfully optimized Executor-AO_01_standard.set -> Executor-AO_01_otp.set
2025-04-27 11:28:27,652 - INFO - Successfully optimized Executor-Candles_01_standard.set -> Executor-Candles_01_otp.set
2025-04-27 11:28:27,653 - INFO - Successfully optimized exp-Amstell_01_standard.set -> exp-Amstell_01_otp.set
2025-04-27 11:28:27,654 - INFO - Successfully optimized Expert-NEWS_01_standard.set -> Expert-NEWS_01_otp.set
2025-04-27 11:28:27,656 - INFO - Successfully optimized Expert-RSI-Stochastic-MA_01_standard.set -> Expert-RSI-Stochastic-MA_01_otp.set
2025-04-27 11:28:27,658 - INFO - Successfully optimized ExtremePrice-EA_01_standard.set -> ExtremePrice-EA_01_otp.set
2025-04-27 11:28:27,660 - INFO - Successfully optimized FiboRetracement-20EA_01_standard.set -> FiboRetracement-20EA_01_otp.set
2025-04-27 11:28:27,662 - INFO - Successfully optimized Firebird_01_standard.set -> Firebird_01_otp.set
2025-04-27 11:28:27,665 - INFO - Successfully optimized Firestorm-EA_01_standard.set -> Firestorm-EA_01_otp.set
2025-04-27 11:28:27,666 - INFO - Successfully optimized Firestorm-indicator_01_standard.set -> Firestorm-indicator_01_otp.set
2025-04-27 11:28:27,668 - INFO - Successfully optimized Fluctuate_01_standard.set -> Fluctuate_01_otp.set
2025-04-27 11:28:27,669 - INFO - Successfully optimized Forex-Fraus-M1_01_standard.set -> Forex-Fraus-M1_01_otp.set
2025-04-27 11:28:27,671 - INFO - Successfully optimized Forex-Profit_01_standard.set -> Forex-Profit_01_otp.set
2025-04-27 11:28:27,673 - INFO - Successfully optimized Fractals-minimum-distance_01_standard.set -> Fractals-minimum-distance_01_otp.set
2025-04-27 11:28:27,674 - INFO - Successfully optimized Fraktrak-xonax_01_standard.set -> Fraktrak-xonax_01_otp.set
2025-04-27 11:28:27,675 - INFO - Successfully optimized Frank-Ud_01_standard.set -> Frank-Ud_01_otp.set
2025-04-27 11:28:27,676 - INFO - Successfully optimized FT-CCI_01_standard.set -> FT-CCI_01_otp.set
2025-04-27 11:28:27,678 - INFO - Successfully optimized Fuzzy-logic_01_standard.set -> Fuzzy-logic_01_otp.set
2025-04-27 11:28:27,679 - INFO - Successfully optimized GalacticExplosion_01_standard.set -> GalacticExplosion_01_otp.set
2025-04-27 11:28:27,681 - INFO - Successfully optimized Gandalf-PRO_01_standard.set -> Gandalf-PRO_01_otp.set
2025-04-27 11:28:27,682 - INFO - Successfully optimized Gap-DM_01_standard.set -> Gap-DM_01_otp.set
2025-04-27 11:28:27,683 - INFO - Successfully optimized GAP-EA_01_standard.set -> GAP-EA_01_otp.set
2025-04-27 11:28:27,684 - INFO - Successfully optimized Gaps_01_standard.set -> Gaps_01_otp.set
2025-04-27 11:28:27,686 - INFO - Successfully optimized GBP9AM_01_standard.set -> GBP9AM_01_otp.set
2025-04-27 11:28:27,687 - INFO - Successfully optimized GbpChf_01_standard.set -> GbpChf_01_otp.set
2025-04-27 11:28:27,689 - INFO - Successfully optimized Gold-Dust_01_standard.set -> Gold-Dust_01_otp.set
2025-04-27 11:28:27,690 - INFO - Successfully optimized GO_01_standard.set -> GO_01_otp.set
2025-04-27 11:28:27,691 - INFO - Successfully optimized GreenTrade_01_standard.set -> GreenTrade_01_otp.set
2025-04-27 11:28:27,693 - INFO - Successfully optimized Grid-Martingale_01_standard.set -> Grid-Martingale_01_otp.set
2025-04-27 11:28:27,694 - INFO - Successfully optimized GridEA_01_standard.set -> GridEA_01_otp.set
2025-04-27 11:28:27,695 - INFO - Successfully optimized Grid_01_standard.set -> Grid_01_otp.set
2025-04-27 11:28:27,696 - INFO - Successfully optimized HarVesteR_01_standard.set -> HarVesteR_01_otp.set
2025-04-27 11:28:27,698 - INFO - Successfully optimized HedgeEA_01_standard.set -> HedgeEA_01_otp.set
2025-04-27 11:28:27,699 - INFO - Successfully optimized hedger_01_standard.set -> hedger_01_otp.set
2025-04-27 11:28:27,700 - INFO - Successfully optimized Hedging-EA_01_standard.set -> Hedging-EA_01_otp.set
2025-04-27 11:28:27,702 - INFO - Successfully optimized Heiken-Ashi-Smoothed-EA-with-MA_01_standard.set -> Heiken-Ashi-Smoothed-EA-with-MA_01_otp.set
2025-04-27 11:28:27,703 - INFO - Successfully optimized Heiken-Ashi-Smoothed-EA_01_standard.set -> Heiken-Ashi-Smoothed-EA_01_otp.set
2025-04-27 11:28:27,704 - INFO - Successfully optimized heiken-ashi-smoothedLine_01_standard.set -> heiken-ashi-smoothedLine_01_otp.set
2025-04-27 11:28:27,706 - INFO - Successfully optimized heiken-ashi-smoothed_01_standard.set -> heiken-ashi-smoothed_01_otp.set
2025-04-27 11:28:27,707 - INFO - Successfully optimized HeikenAshi-Lines-EA_01_standard.set -> HeikenAshi-Lines-EA_01_otp.set
2025-04-27 11:28:27,708 - INFO - Successfully optimized HeikenAshi-Lines_01_standard.set -> HeikenAshi-Lines_01_otp.set
2025-04-27 11:28:27,710 - INFO - Successfully optimized Heinken-Ashi-Color-Candles_01_standard.set -> Heinken-Ashi-Color-Candles_01_otp.set
2025-04-27 11:28:27,711 - INFO - Successfully optimized HelloSmart_01_standard.set -> HelloSmart_01_otp.set
2025-04-27 11:28:27,714 - INFO - Successfully optimized High-Low-EA_01_standard.set -> High-Low-EA_01_otp.set
2025-04-27 11:28:27,715 - INFO - Successfully optimized High-Low-Indicator_01_standard.set -> High-Low-Indicator_01_otp.set
2025-04-27 11:28:27,716 - INFO - Successfully optimized Hoop-master-2_01_standard.set -> Hoop-master-2_01_otp.set
2025-04-27 11:28:27,718 - INFO - Successfully optimized iCCI-iMA_01_standard.set -> iCCI-iMA_01_otp.set
2025-04-27 11:28:27,720 - INFO - Successfully optimized ICH-With-Alert-Derekers-EA_01_standard.set -> ICH-With-Alert-Derekers-EA_01_otp.set
2025-04-27 11:28:27,721 - INFO - Successfully optimized ICH-With-Alert-Derekers_01_standard.set -> ICH-With-Alert-Derekers_01_otp.set
2025-04-27 11:28:27,723 - INFO - Successfully optimized ichimok2005_01_standard.set -> ichimok2005_01_otp.set
2025-04-27 11:28:27,724 - INFO - Successfully optimized Ichimoku-20Kijun-20Alert_01_standard.set -> Ichimoku-20Kijun-20Alert_01_otp.set
2025-04-27 11:28:27,725 - INFO - Successfully optimized Ichimoku-20Tenkan-20Alert_01_standard.set -> Ichimoku-20Tenkan-20Alert_01_otp.set
2025-04-27 11:28:27,727 - INFO - Successfully optimized Ichimoku-Scanner_01_standard.set -> Ichimoku-Scanner_01_otp.set
2025-04-27 11:28:27,728 - INFO - Successfully optimized Ichimoku-Signals-and-Alert_01_standard.set -> Ichimoku-Signals-and-Alert_01_otp.set
2025-04-27 11:28:27,730 - INFO - Successfully optimized IchimokuMTF-EA_01_standard.set -> IchimokuMTF-EA_01_otp.set
2025-04-27 11:28:27,731 - INFO - Successfully optimized Ichimoku_01_standard.set -> Ichimoku_01_otp.set
2025-04-27 11:28:27,734 - INFO - Successfully optimized Ilan-iMA_01_standard.set -> Ilan-iMA_01_otp.set
2025-04-27 11:28:27,736 - INFO - Successfully optimized Ilan1.4_01_standard.set -> Ilan1.4_01_otp.set
2025-04-27 11:28:27,737 - INFO - Successfully optimized iMA-iStdDev_01_standard.set -> iMA-iStdDev_01_otp.set
2025-04-27 11:28:27,738 - INFO - Successfully optimized Indices-Tester_01_standard.set -> Indices-Tester_01_otp.set
2025-04-27 11:28:27,740 - INFO - Successfully optimized Inka-20Edho-20EA_01_standard.set -> Inka-20Edho-20EA_01_otp.set
2025-04-27 11:28:27,741 - INFO - Successfully optimized Intersection-2-iMA_01_standard.set -> Intersection-2-iMA_01_otp.set
2025-04-27 11:28:27,743 - INFO - Successfully optimized IStochastic-Trading_01_standard.set -> IStochastic-Trading_01_otp.set
2025-04-27 11:28:27,744 - INFO - Successfully optimized Ivan_01_standard.set -> Ivan_01_otp.set
2025-04-27 11:28:27,745 - INFO - Successfully optimized iVIDyA-Simple_01_standard.set -> iVIDyA-Simple_01_otp.set
2025-04-27 11:28:27,747 - INFO - Successfully optimized Jackpot-Strategy-EA_01_standard.set -> Jackpot-Strategy-EA_01_otp.set
2025-04-27 11:28:27,749 - INFO - Successfully optimized JackPot-Strategy-Elite_01_standard.set -> JackPot-Strategy-Elite_01_otp.set
2025-04-27 11:28:27,750 - INFO - Successfully optimized JK-BullP-AutoTrader_01_standard.set -> JK-BullP-AutoTrader_01_otp.set
2025-04-27 11:28:27,751 - INFO - Successfully optimized JS-Chaos_01_standard.set -> JS-Chaos_01_otp.set
2025-04-27 11:28:27,753 - INFO - Successfully optimized JS-MA-Day_01_standard.set -> JS-MA-Day_01_otp.set
2025-04-27 11:28:27,754 - INFO - Successfully optimized JS-MA-SAR-Trades_01_standard.set -> JS-MA-SAR-Trades_01_otp.set
2025-04-27 11:28:27,756 - INFO - Successfully optimized KA-Gold-Bot_01_standard.set -> KA-Gold-Bot_01_otp.set
2025-04-27 11:28:27,758 - INFO - Successfully optimized Kue-Electric-EA_01_standard.set -> Kue-Electric-EA_01_otp.set
2025-04-27 11:28:27,759 - INFO - Successfully optimized KueFx-20Arrows_01_standard.set -> KueFx-20Arrows_01_otp.set
2025-04-27 11:28:27,760 - INFO - Successfully optimized KueFx-20Baseline_01_standard.set -> KueFx-20Baseline_01_otp.set
2025-04-27 11:28:27,762 - INFO - Successfully optimized KueFx-Arrows-20EA_01_standard.set -> KueFx-Arrows-20EA_01_otp.set
2025-04-27 11:28:27,764 - INFO - Successfully optimized KueFx-Arrows-EA_01_standard.set -> KueFx-Arrows-EA_01_otp.set
2025-04-27 11:28:27,765 - INFO - Successfully optimized KueFx-Arrows_01_standard.set -> KueFx-Arrows_01_otp.set
2025-04-27 11:28:27,767 - INFO - Successfully optimized KueFx-Baseline-EA_01_standard.set -> KueFx-Baseline-EA_01_otp.set
2025-04-27 11:28:27,768 - INFO - Successfully optimized KueFx-Baseline_01_standard.set -> KueFx-Baseline_01_otp.set
2025-04-27 11:28:27,770 - INFO - Successfully optimized KueFx-Clean-2025-EA_01_standard.set -> KueFx-Clean-2025-EA_01_otp.set
2025-04-27 11:28:27,771 - INFO - Successfully optimized KueFx-Extreme-EA_01_standard.set -> KueFx-Extreme-EA_01_otp.set
2025-04-27 11:28:27,773 - INFO - Successfully optimized KueFx-Harare-EA_01_standard.set -> KueFx-Harare-EA_01_otp.set
2025-04-27 11:28:27,774 - INFO - Successfully optimized KueFX-Money-Management_01_standard.set -> KueFX-Money-Management_01_otp.set
2025-04-27 11:28:27,777 - INFO - Successfully optimized KueFx-Motor-EA_01_standard.set -> KueFx-Motor-EA_01_otp.set
2025-04-27 11:28:27,778 - INFO - Successfully optimized KueFx-Motor_01_standard.set -> KueFx-Motor_01_otp.set
2025-04-27 11:28:27,780 - INFO - Successfully optimized KueFx-Trend_01_standard.set -> KueFx-Trend_01_otp.set
2025-04-27 11:28:27,782 - INFO - Successfully optimized KueFxTrend-20EA_01_standard.set -> KueFxTrend-20EA_01_otp.set
2025-04-27 11:28:27,784 - INFO - Successfully optimized KueFxTrend-EA_01_standard.set -> KueFxTrend-EA_01_otp.set
2025-04-27 11:28:27,785 - INFO - Successfully optimized LarryConnersRSI2_01_standard.set -> LarryConnersRSI2_01_otp.set
2025-04-27 11:28:27,786 - INFO - Successfully optimized Last-ZZ50_01_standard.set -> Last-ZZ50_01_otp.set
2025-04-27 11:28:27,787 - INFO - Successfully optimized Lavika100_01_standard.set -> Lavika100_01_otp.set
2025-04-27 11:28:27,789 - INFO - Successfully optimized LBS_01_standard.set -> LBS_01_otp.set
2025-04-27 11:28:27,790 - INFO - Successfully optimized Lego-EA_01_standard.set -> Lego-EA_01_otp.set
2025-04-27 11:28:27,792 - INFO - Successfully optimized Lesson-3-Price-Action_01_standard.set -> Lesson-3-Price-Action_01_otp.set
2025-04-27 11:28:27,793 - INFO - Successfully optimized Lesson-4-Price-Action-MA-Filter_01_standard.set -> Lesson-4-Price-Action-MA-Filter_01_otp.set
2025-04-27 11:28:27,794 - INFO - Successfully optimized Lesson-6-Trailling-ATR_01_standard.set -> Lesson-6-Trailling-ATR_01_otp.set
2025-04-27 11:28:27,796 - INFO - Successfully optimized Lesson-7-Price-action-Ket-hop-Volume-VSA_01_standard.set -> Lesson-7-Price-action-Ket-hop-Volume-VSA_01_otp.set
2025-04-27 11:28:27,798 - INFO - Successfully optimized Little-EA_01_standard.set -> Little-EA_01_otp.set
2025-04-27 11:28:27,799 - INFO - Successfully optimized Locker_01_standard.set -> Locker_01_otp.set
2025-04-27 11:28:27,800 - INFO - Successfully optimized Lock_01_standard.set -> Lock_01_otp.set
2025-04-27 11:28:27,801 - INFO - Successfully optimized Lucky_01_standard.set -> Lucky_01_otp.set
2025-04-27 11:28:27,803 - INFO - Successfully optimized MA-20Alert_01_standard.set -> MA-20Alert_01_otp.set
2025-04-27 11:28:27,804 - INFO - Successfully optimized MA-20AO-20Arrow_01_standard.set -> MA-20AO-20Arrow_01_otp.set
2025-04-27 11:28:27,806 - INFO - Successfully optimized MA-AO-EA_01_standard.set -> MA-AO-EA_01_otp.set
2025-04-27 11:28:27,808 - INFO - Successfully optimized ma-channels_01_standard.set -> ma-channels_01_otp.set
2025-04-27 11:28:27,809 - INFO - Successfully optimized MA-Cross_01_standard.set -> MA-Cross_01_otp.set
2025-04-27 11:28:27,811 - INFO - Successfully optimized MA-Envelopes_01_standard.set -> MA-Envelopes_01_otp.set
2025-04-27 11:28:27,813 - INFO - Successfully optimized MA-MACD-Position-averaging_01_standard.set -> MA-MACD-Position-averaging_01_otp.set
2025-04-27 11:28:27,815 - INFO - Successfully optimized MA-Trend_01_standard.set -> MA-Trend_01_otp.set
2025-04-27 11:28:27,816 - INFO - Successfully optimized MA2CCI_01_standard.set -> MA2CCI_01_otp.set
2025-04-27 11:28:27,819 - INFO - Successfully optimized MACD-and-SAR_01_standard.set -> MACD-and-SAR_01_otp.set
2025-04-27 11:28:27,821 - INFO - Successfully optimized MACD-Cleaner_01_standard.set -> MACD-Cleaner_01_otp.set
2025-04-27 11:28:27,823 - INFO - Successfully optimized MACD-EA-H4_01_standard.set -> MACD-EA-H4_01_otp.set
2025-04-27 11:28:27,825 - INFO - Successfully optimized MACD-No-Sample_01_standard.set -> MACD-No-Sample_01_otp.set
2025-04-27 11:28:27,826 - INFO - Successfully optimized MACD-signal_01_standard.set -> MACD-signal_01_otp.set
2025-04-27 11:28:27,828 - INFO - Successfully optimized MACD-Stochastic-2_01_standard.set -> MACD-Stochastic-2_01_otp.set
2025-04-27 11:28:27,830 - INFO - Successfully optimized MACD-Stochastic_01_standard.set -> MACD-Stochastic_01_otp.set
2025-04-27 11:28:27,831 - INFO - Successfully optimized MACDCCI_01_standard.set -> MACDCCI_01_otp.set
2025-04-27 11:28:27,832 - INFO - Successfully optimized MacdPatternTraderAll0.01_01_standard.set -> MacdPatternTraderAll0.01_01_otp.set
2025-04-27 11:28:27,834 - INFO - Successfully optimized MacdPatternTraderAll_01_standard.set -> MacdPatternTraderAll_01_otp.set
2025-04-27 11:28:27,835 - INFO - Successfully optimized MACD_01_standard.set -> MACD_01_otp.set
2025-04-27 11:28:27,837 - INFO - Successfully optimized MAGrid_01_standard.set -> MAGrid_01_otp.set
2025-04-27 11:28:27,839 - INFO - Successfully optimized MAMACD_01_standard.set -> MAMACD_01_otp.set
2025-04-27 11:28:27,840 - INFO - Successfully optimized Market-Capture_01_standard.set -> Market-Capture_01_otp.set
2025-04-27 11:28:27,841 - INFO - Successfully optimized Martin-1_01_standard.set -> Martin-1_01_otp.set
2025-04-27 11:28:27,842 - INFO - Successfully optimized Martin-for-small-deposits_01_standard.set -> Martin-for-small-deposits_01_otp.set
2025-04-27 11:28:27,843 - INFO - Successfully optimized MartingailExpert_01_standard.set -> MartingailExpert_01_otp.set
2025-04-27 11:28:27,845 - INFO - Successfully optimized MartinGaleBreakout_01_standard.set -> MartinGaleBreakout_01_otp.set
2025-04-27 11:28:27,846 - INFO - Successfully optimized Martin_01_standard.set -> Martin_01_otp.set
2025-04-27 11:28:27,847 - INFO - Successfully optimized Marubozu-EA_01_standard.set -> Marubozu-EA_01_otp.set
2025-04-27 11:28:27,849 - INFO - Successfully optimized Marubozu_01_standard.set -> Marubozu_01_otp.set
2025-04-27 11:28:27,850 - INFO - Successfully optimized MelBar-EuSwiss-1.85_01_standard.set -> MelBar-EuSwiss-1.85_01_otp.set
2025-04-27 11:28:27,851 - INFO - Successfully optimized MelBar™Take325-™-5.5Y-NZD-USD_01_standard.set -> MelBar™Take325-™-5.5Y-NZD-USD_01_otp.set
2025-04-27 11:28:27,852 - INFO - Successfully optimized Mobo-Bands-EA_01_standard.set -> Mobo-Bands-EA_01_otp.set
2025-04-27 11:28:27,854 - INFO - Successfully optimized Mobo-Bands_01_standard.set -> Mobo-Bands_01_otp.set
2025-04-27 11:28:27,855 - INFO - Successfully optimized Modified-Moving-Averages_01_standard.set -> Modified-Moving-Averages_01_otp.set
2025-04-27 11:28:27,856 - INFO - Successfully optimized Momentum-M15_01_standard.set -> Momentum-M15_01_otp.set
2025-04-27 11:28:27,857 - INFO - Successfully optimized Momo-trades_01_standard.set -> Momo-trades_01_otp.set
2025-04-27 11:28:27,858 - INFO - Successfully optimized Money-Fixed-Margin_01_standard.set -> Money-Fixed-Margin_01_otp.set
2025-04-27 11:28:27,860 - INFO - Successfully optimized Money-Fixed-Risk_01_standard.set -> Money-Fixed-Risk_01_otp.set
2025-04-27 11:28:27,861 - INFO - Successfully optimized MoneyRain_01_standard.set -> MoneyRain_01_otp.set
2025-04-27 11:28:27,862 - INFO - Successfully optimized Morning-evening-star-EA_01_standard.set -> Morning-evening-star-EA_01_otp.set
2025-04-27 11:28:27,863 - INFO - Successfully optimized MostasHaR15-Pivot_01_standard.set -> MostasHaR15-Pivot_01_otp.set
2025-04-27 11:28:27,865 - INFO - Successfully optimized Moving-20average-20and-20ichimoku-20EA_01_standard.set -> Moving-20average-20and-20ichimoku-20EA_01_otp.set
2025-04-27 11:28:27,866 - INFO - Successfully optimized Moving-Average-Trade-System_01_standard.set -> Moving-Average-Trade-System_01_otp.set
2025-04-27 11:28:27,867 - INFO - Successfully optimized Moving-Averages_01_standard.set -> Moving-Averages_01_otp.set
2025-04-27 11:28:27,868 - INFO - Successfully optimized MovingAverageMartinGale_01_standard.set -> MovingAverageMartinGale_01_otp.set
2025-04-27 11:28:27,870 - INFO - Successfully optimized MovingAverage_01_standard.set -> MovingAverage_01_otp.set
2025-04-27 11:28:27,871 - INFO - Successfully optimized MQL5-Wizard-MA-RSI_01_standard.set -> MQL5-Wizard-MA-RSI_01_otp.set
2025-04-27 11:28:27,873 - INFO - Successfully optimized MQL5-Wizard-MACD-Parabolic-SAR_01_standard.set -> MQL5-Wizard-MACD-Parabolic-SAR_01_otp.set
2025-04-27 11:28:27,874 - INFO - Successfully optimized MTC-Сombo_01_standard.set -> MTC-Сombo_01_otp.set
2025-04-27 11:28:27,876 - INFO - Successfully optimized Multi-Stochastic_01_standard.set -> Multi-Stochastic_01_otp.set
2025-04-27 11:28:27,877 - INFO - Successfully optimized MultiMartin_01_standard.set -> MultiMartin_01_otp.set
2025-04-27 11:28:27,878 - INFO - Successfully optimized MySystem_01_standard.set -> MySystem_01_otp.set
2025-04-27 11:28:27,880 - INFO - Successfully optimized N-Candles_01_standard.set -> N-Candles_01_otp.set
2025-04-27 11:28:27,881 - INFO - Successfully optimized Nevalyashka-BreakdownLevel_01_standard.set -> Nevalyashka-BreakdownLevel_01_otp.set
2025-04-27 11:28:27,882 - INFO - Successfully optimized Nevalyashka3-1_01_standard.set -> Nevalyashka3-1_01_otp.set
2025-04-27 11:28:27,883 - INFO - Successfully optimized Nevalyashka_01_standard.set -> Nevalyashka_01_otp.set
2025-04-27 11:28:27,884 - INFO - Successfully optimized New-Martin_01_standard.set -> New-Martin_01_otp.set
2025-04-27 11:28:27,886 - INFO - Successfully optimized New-Random_01_standard.set -> New-Random_01_otp.set
2025-04-27 11:28:27,888 - INFO - Successfully optimized Nextbar_01_standard.set -> Nextbar_01_otp.set
2025-04-27 11:28:27,889 - INFO - Successfully optimized Night-Flat-Trade_01_standard.set -> Night-Flat-Trade_01_otp.set
2025-04-27 11:28:27,890 - INFO - Successfully optimized NightScalper_01_standard.set -> NightScalper_01_otp.set
2025-04-27 11:28:27,891 - INFO - Successfully optimized NRTR-Revers_01_standard.set -> NRTR-Revers_01_otp.set
2025-04-27 11:28:27,892 - INFO - Successfully optimized NUp1Down_01_standard.set -> NUp1Down_01_otp.set
2025-04-27 11:28:27,893 - INFO - Successfully optimized Open-Candle-EA_01_standard.set -> Open-Candle-EA_01_otp.set
2025-04-27 11:28:27,895 - INFO - Successfully optimized Open-Close_01_standard.set -> Open-Close_01_otp.set
2025-04-27 11:28:27,896 - INFO - Successfully optimized Opening-and-ilosing-on-time_01_standard.set -> Opening-and-ilosing-on-time_01_otp.set
2025-04-27 11:28:27,897 - INFO - Successfully optimized Opening-and-Сlosing-on-time_01_standard.set -> Opening-and-Сlosing-on-time_01_otp.set
2025-04-27 11:28:27,898 - INFO - Successfully optimized OpenPendingorderAfterPositionGetStopLoss_01_standard.set -> OpenPendingorderAfterPositionGetStopLoss_01_otp.set
2025-04-27 11:28:27,899 - INFO - Successfully optimized OpenTicks_01_standard.set -> OpenTicks_01_otp.set
2025-04-27 11:28:27,901 - INFO - Successfully optimized ORB-EA-BOX_01_standard.set -> ORB-EA-BOX_01_otp.set
2025-04-27 11:28:27,902 - INFO - Successfully optimized OsMaSter_01_standard.set -> OsMaSter_01_otp.set
2025-04-27 11:28:27,904 - INFO - Successfully optimized OTT-20AND-20PRICE-20CROSS-20EA_01_standard.set -> OTT-20AND-20PRICE-20CROSS-20EA_01_otp.set
2025-04-27 11:28:27,905 - INFO - Successfully optimized OverHedge_01_standard.set -> OverHedge_01_otp.set
2025-04-27 11:28:27,906 - INFO - Successfully optimized OzFx_01_standard.set -> OzFx_01_otp.set
2025-04-27 11:28:27,907 - INFO - Successfully optimized Parabolic-SAR_01_standard.set -> Parabolic-SAR_01_otp.set
2025-04-27 11:28:27,909 - INFO - Successfully optimized PARSI-EA_01_standard.set -> PARSI-EA_01_otp.set
2025-04-27 11:28:27,911 - INFO - Successfully optimized Peceptron-Mult_01_standard.set -> Peceptron-Mult_01_otp.set
2025-04-27 11:28:27,912 - INFO - Successfully optimized Pending-orders-by-time-2_01_standard.set -> Pending-orders-by-time-2_01_otp.set
2025-04-27 11:28:27,914 - INFO - Successfully optimized Pending-orders-by-time_01_standard.set -> Pending-orders-by-time_01_otp.set
2025-04-27 11:28:27,915 - INFO - Successfully optimized Pendulum_01_standard.set -> Pendulum_01_otp.set
2025-04-27 11:28:27,916 - INFO - Successfully optimized Pinball-machine_01_standard.set -> Pinball-machine_01_otp.set
2025-04-27 11:28:27,918 - INFO - Successfully optimized Pinbar-Magic-EA_01_standard.set -> Pinbar-Magic-EA_01_otp.set
2025-04-27 11:28:27,920 - INFO - Successfully optimized PinBar-Magic-Indicator_01_standard.set -> PinBar-Magic-Indicator_01_otp.set
2025-04-27 11:28:27,922 - INFO - Successfully optimized Pipsover_01_standard.set -> Pipsover_01_otp.set
2025-04-27 11:28:27,923 - INFO - Successfully optimized Plan-X_01_standard.set -> Plan-X_01_otp.set
2025-04-27 11:28:27,925 - INFO - Successfully optimized Plateau_01_standard.set -> Plateau_01_otp.set
2025-04-27 11:28:27,927 - INFO - Successfully optimized Poker-SHOW_01_standard.set -> Poker-SHOW_01_otp.set
2025-04-27 11:28:27,928 - INFO - Successfully optimized Precipice-MartIn_01_standard.set -> Precipice-MartIn_01_otp.set
2025-04-27 11:28:27,930 - INFO - Successfully optimized Precipice_01_standard.set -> Precipice_01_otp.set
2025-04-27 11:28:27,932 - INFO - Successfully optimized Probe_01_standard.set -> Probe_01_otp.set
2025-04-27 11:28:27,933 - INFO - Successfully optimized Proffessor_01_standard.set -> Proffessor_01_otp.set
2025-04-27 11:28:27,936 - INFO - Successfully optimized PropFirmHelper_01_standard.set -> PropFirmHelper_01_otp.set
2025-04-27 11:28:27,937 - INFO - Successfully optimized PROphet_01_standard.set -> PROphet_01_otp.set
2025-04-27 11:28:27,939 - INFO - Successfully optimized Puria-method_01_standard.set -> Puria-method_01_otp.set
2025-04-27 11:28:27,941 - INFO - Successfully optimized Rabbit3_01_standard.set -> Rabbit3_01_otp.set
2025-04-27 11:28:27,942 - INFO - Successfully optimized Range-Breakout_01_standard.set -> Range-Breakout_01_otp.set
2025-04-27 11:28:27,944 - INFO - Successfully optimized Rapid-Doji-EA_01_standard.set -> Rapid-Doji-EA_01_otp.set
2025-04-27 11:28:27,945 - INFO - Successfully optimized Raymond-Cloudy-Day-for-EA_01_standard.set -> Raymond-Cloudy-Day-for-EA_01_otp.set
2025-04-27 11:28:27,949 - INFO - Successfully optimized Reflex-EA_01_standard.set -> Reflex-EA_01_otp.set
2025-04-27 11:28:27,950 - INFO - Successfully optimized REFLEX-INDICATOR_01_standard.set -> REFLEX-INDICATOR_01_otp.set
2025-04-27 11:28:27,952 - INFO - Successfully optimized Reflex_01_standard.set -> Reflex_01_otp.set
2025-04-27 11:28:27,954 - INFO - Successfully optimized Reversing-Martingale_01_standard.set -> Reversing-Martingale_01_otp.set
2025-04-27 11:28:27,956 - INFO - Successfully optimized RideAlligator_01_standard.set -> RideAlligator_01_otp.set
2025-04-27 11:28:27,958 - INFO - Successfully optimized RNN_01_standard.set -> RNN_01_otp.set
2025-04-27 11:28:27,959 - INFO - Successfully optimized Robot-MACD_01_standard.set -> Robot-MACD_01_otp.set
2025-04-27 11:28:27,961 - INFO - Successfully optimized RobotPowerM5-meta4_01_standard.set -> RobotPowerM5-meta4_01_otp.set
2025-04-27 11:28:27,963 - INFO - Successfully optimized Rollback-system_01_standard.set -> Rollback-system_01_otp.set
2025-04-27 11:28:27,965 - INFO - Successfully optimized RSI-and-Bollinger-Bands_01_standard.set -> RSI-and-Bollinger-Bands_01_otp.set
2025-04-27 11:28:27,967 - INFO - Successfully optimized RSI-Arrow-EA_01_standard.set -> RSI-Arrow-EA_01_otp.set
2025-04-27 11:28:27,969 - INFO - Successfully optimized RSI-Arrow_01_standard.set -> RSI-Arrow_01_otp.set
2025-04-27 11:28:27,971 - INFO - Successfully optimized RSI-EA_01_standard.set -> RSI-EA_01_otp.set
2025-04-27 11:28:27,973 - INFO - Successfully optimized RSI-Eraser_01_standard.set -> RSI-Eraser_01_otp.set
2025-04-27 11:28:27,975 - INFO - Successfully optimized RSI-Expert_01_standard.set -> RSI-Expert_01_otp.set
2025-04-27 11:28:27,977 - INFO - Successfully optimized RSI-Levels_01_standard.set -> RSI-Levels_01_otp.set
2025-04-27 11:28:27,979 - INFO - Successfully optimized RSI-trader_01_standard.set -> RSI-trader_01_otp.set
2025-04-27 11:28:27,981 - INFO - Successfully optimized RSI-Trend-EA_01_standard.set -> RSI-Trend-EA_01_otp.set
2025-04-27 11:28:27,983 - INFO - Successfully optimized RSI-Trend_01_standard.set -> RSI-Trend_01_otp.set
2025-04-27 11:28:27,985 - INFO - Successfully optimized RSI-with-channels-EA_01_standard.set -> RSI-with-channels-EA_01_otp.set
2025-04-27 11:28:27,989 - INFO - Successfully optimized RSI-with-channels_01_standard.set -> RSI-with-channels_01_otp.set
2025-04-27 11:28:27,992 - INFO - Successfully optimized Russian20-hp1_01_standard.set -> Russian20-hp1_01_otp.set
2025-04-27 11:28:27,995 - INFO - Successfully optimized SampleCheckPendingOrder_01_standard.set -> SampleCheckPendingOrder_01_otp.set
2025-04-27 11:28:28,000 - INFO - Successfully optimized SAR-trading_01_standard.set -> SAR-trading_01_otp.set
2025-04-27 11:28:28,003 - INFO - Successfully optimized Secwenta_01_standard.set -> Secwenta_01_otp.set
2025-04-27 11:28:28,006 - INFO - Successfully optimized Sell-Stop_01_standard.set -> Sell-Stop_01_otp.set
2025-04-27 11:28:28,009 - INFO - Successfully optimized Sensitive_01_standard.set -> Sensitive_01_otp.set
2025-04-27 11:28:28,012 - INFO - Successfully optimized Separate-trade_01_standard.set -> Separate-trade_01_otp.set
2025-04-27 11:28:28,015 - INFO - Successfully optimized SilverTrend_01_standard.set -> SilverTrend_01_otp.set
2025-04-27 11:28:28,017 - INFO - Successfully optimized Simple-20Price-20Alert-20-20EA_01_standard.set -> Simple-20Price-20Alert-20-20EA_01_otp.set
2025-04-27 11:28:28,020 - INFO - Successfully optimized Simple-20Volume-20EA_01_standard.set -> Simple-20Volume-20EA_01_otp.set
2025-04-27 11:28:28,022 - INFO - Successfully optimized Simple-EA-MA-plus-MACD_01_standard.set -> Simple-EA-MA-plus-MACD_01_otp.set
2025-04-27 11:28:28,025 - INFO - Successfully optimized Simple-FX_01_standard.set -> Simple-FX_01_otp.set
2025-04-27 11:28:28,027 - INFO - Successfully optimized Simple-MACD_01_standard.set -> Simple-MACD_01_otp.set
2025-04-27 11:28:28,028 - INFO - Successfully optimized Simple-Volume-EA_01_standard.set -> Simple-Volume-EA_01_otp.set
2025-04-27 11:28:28,030 - INFO - Successfully optimized SimplePivot_01_standard.set -> SimplePivot_01_otp.set
2025-04-27 11:28:28,032 - INFO - Successfully optimized Simplest-Hedging-EA-ever_01_standard.set -> Simplest-Hedging-EA-ever_01_otp.set
2025-04-27 11:28:28,034 - INFO - Successfully optimized SimpleTrade _01_standard.set -> SimpleTrade _01_otp.set
2025-04-27 11:28:28,036 - INFO - Successfully optimized Six-Soldiers-EA-Grid_01_standard.set -> Six-Soldiers-EA-Grid_01_otp.set
2025-04-27 11:28:28,038 - INFO - Successfully optimized Six-Soldiers-EA_01_standard.set -> Six-Soldiers-EA_01_otp.set
2025-04-27 11:28:28,040 - INFO - Successfully optimized Six-Soldiers_01_standard.set -> Six-Soldiers_01_otp.set
2025-04-27 11:28:28,042 - INFO - Successfully optimized Small-Inside-Bar-Strategy_01_standard.set -> Small-Inside-Bar-Strategy_01_otp.set
2025-04-27 11:28:28,044 - INFO - Successfully optimized Smart-Machine-20EA_01_standard.set -> Smart-Machine-20EA_01_otp.set
2025-04-27 11:28:28,045 - INFO - Successfully optimized Smoothing-Average_01_standard.set -> Smoothing-Average_01_otp.set
2025-04-27 11:28:28,047 - INFO - Successfully optimized Spasm_01_standard.set -> Spasm_01_otp.set
2025-04-27 11:28:28,049 - INFO - Successfully optimized ssb5-123_01_standard.set -> ssb5-123_01_otp.set
2025-04-27 11:28:28,051 - INFO - Successfully optimized Starter_01_standard.set -> Starter_01_otp.set
2025-04-27 11:28:28,053 - INFO - Successfully optimized Steve-Cartwright-Trader-Camel-CCI-MACD_01_standard.set -> Steve-Cartwright-Trader-Camel-CCI-MACD_01_otp.set
2025-04-27 11:28:28,055 - INFO - Successfully optimized Stoch-EA-1192_01_standard.set -> Stoch-EA-1192_01_otp.set
2025-04-27 11:28:28,057 - INFO - Successfully optimized Stochastic-20Alert_01_standard.set -> Stochastic-20Alert_01_otp.set
2025-04-27 11:28:28,058 - INFO - Successfully optimized Stochastic-K-Divergence.lua_01_standard.set -> Stochastic-K-Divergence.lua_01_otp.set
2025-04-27 11:28:28,060 - INFO - Successfully optimized stochastic-three-periods_01_standard.set -> stochastic-three-periods_01_otp.set
2025-04-27 11:28:28,062 - INFO - Successfully optimized StochasticDiffSign-EA_01_standard.set -> StochasticDiffSign-EA_01_otp.set
2025-04-27 11:28:28,064 - INFO - Successfully optimized stochasticdiffsign_01_standard.set -> stochasticdiffsign_01_otp.set
2025-04-27 11:28:28,066 - INFO - Successfully optimized StochMA-EA_01_standard.set -> StochMA-EA_01_otp.set
2025-04-27 11:28:28,068 - INFO - Successfully optimized StochMA_01_standard.set -> StochMA_01_otp.set
2025-04-27 11:28:28,070 - INFO - Successfully optimized Stoch_01_standard.set -> Stoch_01_otp.set
2025-04-27 11:28:28,072 - INFO - Successfully optimized Stop-Loss-Take-Profit_01_standard.set -> Stop-Loss-Take-Profit_01_otp.set
2025-04-27 11:28:28,074 - INFO - Successfully optimized StraddleqTrail_01_standard.set -> StraddleqTrail_01_otp.set
2025-04-27 11:28:28,075 - INFO - Successfully optimized Surefirething_01_standard.set -> Surefirething_01_otp.set
2025-04-27 11:28:28,077 - INFO - Successfully optimized TDSGlobal_01_standard.set -> TDSGlobal_01_otp.set
2025-04-27 11:28:28,079 - INFO - Successfully optimized The-MasterMind-2_01_standard.set -> The-MasterMind-2_01_otp.set
2025-04-27 11:28:28,081 - INFO - Successfully optimized The-MasterMind-3_01_standard.set -> The-MasterMind-3_01_otp.set
2025-04-27 11:28:28,083 - INFO - Successfully optimized The-MasterMind_01_standard.set -> The-MasterMind_01_otp.set
2025-04-27 11:28:28,084 - INFO - Successfully optimized The-Puncher_01_standard.set -> The-Puncher_01_otp.set
2025-04-27 11:28:28,086 - INFO - Successfully optimized TheClassicTurtleTrader-no-dots-EA_01_standard.set -> TheClassicTurtleTrader-no-dots-EA_01_otp.set
2025-04-27 11:28:28,088 - INFO - Successfully optimized TheClassicTurtleTrader-no-dots_01_standard.set -> TheClassicTurtleTrader-no-dots_01_otp.set
2025-04-27 11:28:28,089 - INFO - Successfully optimized Three-indicators_01_standard.set -> Three-indicators_01_otp.set
2025-04-27 11:28:28,091 - INFO - Successfully optimized Three-neural-networks_01_standard.set -> Three-neural-networks_01_otp.set
2025-04-27 11:28:28,093 - INFO - Successfully optimized Three-timeframes_01_standard.set -> Three-timeframes_01_otp.set
2025-04-27 11:28:28,094 - INFO - Successfully optimized Three-Typical-Candles_01_standard.set -> Three-Typical-Candles_01_otp.set
2025-04-27 11:28:28,096 - INFO - Successfully optimized Time-sync-forts_01_standard.set -> Time-sync-forts_01_otp.set
2025-04-27 11:28:28,098 - INFO - Successfully optimized timer-trade_01_standard.set -> timer-trade_01_otp.set
2025-04-27 11:28:28,099 - INFO - Successfully optimized TMA-ATR-Channel_01_standard.set -> TMA-ATR-Channel_01_otp.set
2025-04-27 11:28:28,101 - INFO - Successfully optimized TMA-ATR-EA_01_standard.set -> TMA-ATR-EA_01_otp.set
2025-04-27 11:28:28,103 - INFO - Successfully optimized TMA-CG-EA_01_standard.set -> TMA-CG-EA_01_otp.set
2025-04-27 11:28:28,105 - INFO - Successfully optimized TMA-CG-Martingale-20EA_01_standard.set -> TMA-CG-Martingale-20EA_01_otp.set
2025-04-27 11:28:28,107 - INFO - Successfully optimized TMA-CG-mladen_01_standard.set -> TMA-CG-mladen_01_otp.set
2025-04-27 11:28:28,108 - INFO - Successfully optimized TMA-CG-special_01_standard.set -> TMA-CG-special_01_otp.set
2025-04-27 11:28:28,110 - INFO - Successfully optimized TMA-slope-bands_01_standard.set -> TMA-slope-bands_01_otp.set
2025-04-27 11:28:28,111 - INFO - Successfully optimized TmaTrue-2.0-with-Distances-6xx_01_standard.set -> TmaTrue-2.0-with-Distances-6xx_01_otp.set
2025-04-27 11:28:28,113 - INFO - Successfully optimized TmaTrue-3.0-with-Distances-6xx_01_standard.set -> TmaTrue-3.0-with-Distances-6xx_01_otp.set
2025-04-27 11:28:28,114 - INFO - Successfully optimized TP-with-money_01_standard.set -> TP-with-money_01_otp.set
2025-04-27 11:28:28,116 - INFO - Successfully optimized Trade-in-Channel_01_standard.set -> Trade-in-Channel_01_otp.set
2025-04-27 11:28:28,117 - INFO - Successfully optimized Trade-on-qualified-RSI_01_standard.set -> Trade-on-qualified-RSI_01_otp.set
2025-04-27 11:28:28,120 - INFO - Successfully optimized Trading-Breakout-MrThanhTan_01_standard.set -> Trading-Breakout-MrThanhTan_01_otp.set
2025-04-27 11:28:28,122 - INFO - Successfully optimized Trend-Trader-Strategy-EA_01_standard.set -> Trend-Trader-Strategy-EA_01_otp.set
2025-04-27 11:28:28,124 - INFO - Successfully optimized Trend-Trader-Strategy_01_standard.set -> Trend-Trader-Strategy_01_otp.set
2025-04-27 11:28:28,126 - INFO - Successfully optimized Tru-EA_01_standard.set -> Tru-EA_01_otp.set
2025-04-27 11:28:28,128 - INFO - Successfully optimized True-Scalper-Profit-Lock_01_standard.set -> True-Scalper-Profit-Lock_01_otp.set
2025-04-27 11:28:28,130 - INFO - Successfully optimized TrueSort-1100_01_standard.set -> TrueSort-1100_01_otp.set
2025-04-27 11:28:28,131 - INFO - Successfully optimized Tunnel-gen4_01_standard.set -> Tunnel-gen4_01_otp.set
2025-04-27 11:28:28,133 - INFO - Successfully optimized Tunnel-Method_01_standard.set -> Tunnel-Method_01_otp.set
2025-04-27 11:28:28,134 - INFO - Successfully optimized TurnGrid_01_standard.set -> TurnGrid_01_otp.set
2025-04-27 11:28:28,136 - INFO - Successfully optimized Two PerBar _01_standard.set -> Two PerBar _01_otp.set
2025-04-27 11:28:28,138 - INFO - Successfully optimized Two-20MA-20RSI-20ADX-20EA_01_standard.set -> Two-20MA-20RSI-20ADX-20EA_01_otp.set
2025-04-27 11:28:28,139 - INFO - Successfully optimized Two-20Orders-20Panel_01_standard.set -> Two-20Orders-20Panel_01_otp.set
2025-04-27 11:28:28,141 - INFO - Successfully optimized Two-pending-orders-2_01_standard.set -> Two-pending-orders-2_01_otp.set
2025-04-27 11:28:28,143 - INFO - Successfully optimized UnityPro_01_standard.set -> UnityPro_01_otp.set
2025-04-27 11:28:28,145 - INFO - Successfully optimized UniversalMACrossEA_01_standard.set -> UniversalMACrossEA_01_otp.set
2025-04-27 11:28:28,146 - INFO - Successfully optimized UniversalSignalDemo_01_standard.set -> UniversalSignalDemo_01_otp.set
2025-04-27 11:28:28,148 - INFO - Successfully optimized Universum-3.0_01_standard.set -> Universum-3.0_01_otp.set
2025-04-27 11:28:28,150 - INFO - Successfully optimized UnNomGuai-20EA_01_standard.set -> UnNomGuai-20EA_01_otp.set
2025-04-27 11:28:28,152 - INFO - Successfully optimized up3x1-Investor_01_standard.set -> up3x1-Investor_01_otp.set
2025-04-27 11:28:28,153 - INFO - Successfully optimized up3x1-premium-M_01_standard.set -> up3x1-premium-M_01_otp.set
2025-04-27 11:28:28,155 - INFO - Successfully optimized up3x1_01_standard.set -> up3x1_01_otp.set
2025-04-27 11:28:28,157 - INFO - Successfully optimized Urdala-Trol_01_standard.set -> Urdala-Trol_01_otp.set
2025-04-27 11:28:28,158 - INFO - Successfully optimized Very-Blonde-System_01_standard.set -> Very-Blonde-System_01_otp.set
2025-04-27 11:28:28,160 - INFO - Successfully optimized Virtual-Trailing-Stop_01_standard.set -> Virtual-Trailing-Stop_01_otp.set
2025-04-27 11:28:28,161 - INFO - Successfully optimized VLT-TRADER_01_standard.set -> VLT-TRADER_01_otp.set
2025-04-27 11:28:28,162 - INFO - Successfully optimized Volume-trader_01_standard.set -> Volume-trader_01_otp.set
2025-04-27 11:28:28,164 - INFO - Successfully optimized Vortex-Indicator-System_01_standard.set -> Vortex-Indicator-System_01_otp.set
2025-04-27 11:28:28,166 - INFO - Successfully optimized VR-Overturn_01_standard.set -> VR-Overturn_01_otp.set
2025-04-27 11:28:28,167 - INFO - Successfully optimized VR-ZVER-v.2_01_standard.set -> VR-ZVER-v.2_01_otp.set
2025-04-27 11:28:28,169 - INFO - Successfully optimized VR-ZVER_01_standard.set -> VR-ZVER_01_otp.set
2025-04-27 11:28:28,170 - INFO - Successfully optimized VZO_01_standard.set -> VZO_01_otp.set
2025-04-27 11:28:28,172 - INFO - Successfully optimized Waddah-Attar-Win_01_standard.set -> Waddah-Attar-Win_01_otp.set
2025-04-27 11:28:28,174 - INFO - Successfully optimized WE-TRUST_01_standard.set -> WE-TRUST_01_otp.set
2025-04-27 11:28:28,175 - INFO - Successfully optimized X-RSIOMA_01_standard.set -> X-RSIOMA_01_otp.set
2025-04-27 11:28:28,177 - INFO - Successfully optimized Yesterday-Today_01_standard.set -> Yesterday-Today_01_otp.set
2025-04-27 11:28:28,179 - INFO - Successfully optimized 10-pips-EURUSD_01_standard.set -> 10-pips-EURUSD_01_otp.set
2025-04-27 11:28:28,180 - INFO - Successfully optimized 10-pips_01_standard.set -> 10-pips_01_otp.set
2025-04-27 11:28:28,182 - INFO - Successfully optimized 1H-EUR-USD_01_standard.set -> 1H-EUR-USD_01_otp.set
2025-04-27 11:28:28,184 - INFO - Successfully optimized 20011201-GBPUSD-M1_01_standard.set -> 20011201-GBPUSD-M1_01_otp.set
2025-04-27 11:28:28,186 - INFO - Successfully optimized 21hour_01_standard.set -> 21hour_01_otp.set
2025-04-27 11:28:28,188 - INFO - Successfully optimized 2HR-HL_01_standard.set -> 2HR-HL_01_otp.set
2025-04-27 11:28:28,190 - INFO - Successfully optimized 2MA-4Level_01_standard.set -> 2MA-4Level_01_otp.set
2025-04-27 11:28:28,192 - INFO - Successfully optimized 2MA-Bunny-Cross_01_standard.set -> 2MA-Bunny-Cross_01_otp.set
2025-04-27 11:28:28,194 - INFO - Successfully optimized 3-bars-high-low-indicator_01_standard.set -> 3-bars-high-low-indicator_01_otp.set
2025-04-27 11:28:28,195 - INFO - Successfully optimized 35-Pip-Scalper_01_standard.set -> 35-Pip-Scalper_01_otp.set
2025-04-27 11:28:28,197 - INFO - Successfully optimized 3BarsHighLowEA_01_standard.set -> 3BarsHighLowEA_01_otp.set
2025-04-27 11:28:28,199 - INFO - Successfully optimized 3sma_01_standard.set -> 3sma_01_otp.set
2025-04-27 11:28:28,201 - INFO - Successfully optimized 500_01_standard.set -> 500_01_otp.set
2025-04-27 11:28:28,202 - INFO - Successfully optimized 55-MA_01_standard.set -> 55-MA_01_otp.set
2025-04-27 11:28:28,203 - INFO - Successfully optimized Above-Below-MA_01_standard.set -> Above-Below-MA_01_otp.set
2025-04-27 11:28:28,205 - INFO - Successfully optimized Absorption_01_standard.set -> Absorption_01_otp.set
2025-04-27 11:28:28,207 - INFO - Successfully optimized ADX-MACD-Deev_01_standard.set -> ADX-MACD-Deev_01_otp.set
2025-04-27 11:28:28,209 - INFO - Successfully optimized ADX-MA_01_standard.set -> ADX-MA_01_otp.set
2025-04-27 11:28:28,210 - INFO - Successfully optimized ADX-System_01_standard.set -> ADX-System_01_otp.set
2025-04-27 11:28:28,211 - INFO - Successfully optimized AIS1_01_standard.set -> AIS1_01_otp.set
2025-04-27 11:28:28,212 - INFO - Successfully optimized Alexav-D1-Profit-GBPUSD_01_standard.set -> Alexav-D1-Profit-GBPUSD_01_otp.set
2025-04-27 11:28:28,214 - INFO - Successfully optimized All-Average-Ea_01_standard.set -> All-Average-Ea_01_otp.set
2025-04-27 11:28:28,216 - INFO - Successfully optimized Alligator-Simple_01_standard.set -> Alligator-Simple_01_otp.set
2025-04-27 11:28:28,217 - INFO - Successfully optimized Alligator_01_standard.set -> Alligator_01_otp.set
2025-04-27 11:28:28,219 - INFO - Successfully optimized Altarius-RSI-Stohastic_01_standard.set -> Altarius-RSI-Stohastic_01_otp.set
2025-04-27 11:28:28,220 - INFO - Successfully optimized AMA-Trader-2_01_standard.set -> AMA-Trader-2_01_otp.set
2025-04-27 11:28:28,222 - INFO - Successfully optimized AMA-Trader_01_standard.set -> AMA-Trader_01_otp.set
2025-04-27 11:28:28,223 - INFO - Successfully optimized AO-Lightning_01_standard.set -> AO-Lightning_01_otp.set
2025-04-27 11:28:28,225 - INFO - Successfully optimized AOCCI_01_standard.set -> AOCCI_01_otp.set
2025-04-27 11:28:28,226 - INFO - Successfully optimized Arbitrage_01_standard.set -> Arbitrage_01_otp.set
2025-04-27 11:28:28,228 - INFO - Successfully optimized ArbSint_01_standard.set -> ArbSint_01_otp.set
2025-04-27 11:28:28,229 - INFO - Successfully optimized Area-MACD_01_standard.set -> Area-MACD_01_otp.set
2025-04-27 11:28:28,230 - INFO - Successfully optimized Artificial-Intelligence_01_standard.set -> Artificial-Intelligence_01_otp.set
2025-04-27 11:28:28,232 - INFO - Successfully optimized At-random-Full_01_standard.set -> At-random-Full_01_otp.set
2025-04-27 11:28:28,233 - INFO - Successfully optimized At-random_01_standard.set -> At-random_01_otp.set
2025-04-27 11:28:28,235 - INFO - Successfully optimized Auto-ADX_01_standard.set -> Auto-ADX_01_otp.set
2025-04-27 11:28:28,236 - INFO - Successfully optimized Auto-Pivot-Plotter-28Mid-Levels-29-41_01_standard.set -> Auto-Pivot-Plotter-28Mid-Levels-29-41_01_otp.set
2025-04-27 11:28:28,238 - INFO - Successfully optimized AutoLock-EA_01_standard.set -> AutoLock-EA_01_otp.set
2025-04-27 11:28:28,240 - INFO - Successfully optimized Autotrader-Momentum_01_standard.set -> Autotrader-Momentum_01_otp.set
2025-04-27 11:28:28,242 - INFO - Successfully optimized Avalanche-AV_01_standard.set -> Avalanche-AV_01_otp.set
2025-04-27 11:28:28,243 - INFO - Successfully optimized Backbone_01_standard.set -> Backbone_01_otp.set
2025-04-27 11:28:28,245 - INFO - Successfully optimized BADX_01_standard.set -> BADX_01_otp.set
2025-04-27 11:28:28,247 - INFO - Successfully optimized Bago-EA_01_standard.set -> Bago-EA_01_otp.set
2025-04-27 11:28:28,248 - INFO - Successfully optimized BalancedScalper-20EA_01_standard.set -> BalancedScalper-20EA_01_otp.set
2025-04-27 11:28:28,250 - INFO - Successfully optimized Bands-2_01_standard.set -> Bands-2_01_otp.set
2025-04-27 11:28:28,251 - INFO - Successfully optimized BARS-Alligator_01_standard.set -> BARS-Alligator_01_otp.set
2025-04-27 11:28:28,253 - INFO - Successfully optimized Basic-CCI-RSI_01_standard.set -> Basic-CCI-RSI_01_otp.set
2025-04-27 11:28:28,254 - INFO - Successfully optimized Basic-Martingale-EA-3_01_standard.set -> Basic-Martingale-EA-3_01_otp.set
2025-04-27 11:28:28,257 - INFO - Successfully optimized BBPercentile-EA_01_standard.set -> BBPercentile-EA_01_otp.set
2025-04-27 11:28:28,258 - INFO - Successfully optimized BBPercentile_01_standard.set -> BBPercentile_01_otp.set
2025-04-27 11:28:28,260 - INFO - Successfully optimized BDCrossOver-20EA_01_standard.set -> BDCrossOver-20EA_01_otp.set
2025-04-27 11:28:28,262 - INFO - Successfully optimized BIG-DOG_01_standard.set -> BIG-DOG_01_otp.set
2025-04-27 11:28:28,264 - INFO - Successfully optimized Bill-Williams_01_standard.set -> Bill-Williams_01_otp.set
2025-04-27 11:28:28,265 - INFO - Successfully optimized Bollinger-Band-Two-MA-and-Zig-Zag_01_standard.set -> Bollinger-Band-Two-MA-and-Zig-Zag_01_otp.set
2025-04-27 11:28:28,267 - INFO - Successfully optimized Bollinger-Bands-N-positions_01_standard.set -> Bollinger-Bands-N-positions_01_otp.set
2025-04-27 11:28:28,269 - INFO - Successfully optimized Bollinger-Bands-RSI_01_standard.set -> Bollinger-Bands-RSI_01_otp.set
2025-04-27 11:28:28,271 - INFO - Successfully optimized bollinger_01_standard.set -> bollinger_01_otp.set
2025-04-27 11:28:28,272 - INFO - Successfully optimized Brakeout-Trader_01_standard.set -> Brakeout-Trader_01_otp.set
2025-04-27 11:28:28,274 - INFO - Successfully optimized Brandy_01_standard.set -> Brandy_01_otp.set
2025-04-27 11:28:28,276 - INFO - Successfully optimized Breadandbutter2_01_standard.set -> Breadandbutter2_01_otp.set
2025-04-27 11:28:28,278 - INFO - Successfully optimized Breakdown-catcher_01_standard.set -> Breakdown-catcher_01_otp.set
2025-04-27 11:28:28,279 - INFO - Successfully optimized breakdown_01_standard.set -> breakdown_01_otp.set
2025-04-27 11:28:28,282 - INFO - Successfully optimized Breakout-Str_01_standard.set -> Breakout-Str_01_otp.set
2025-04-27 11:28:28,283 - INFO - Successfully optimized Bronze-Warrioir_01_standard.set -> Bronze-Warrioir_01_otp.set
2025-04-27 11:28:28,285 - INFO - Successfully optimized Bruno_01_standard.set -> Bruno_01_otp.set
2025-04-27 11:28:28,286 - INFO - Successfully optimized BSS-1-0_01_standard.set -> BSS-1-0_01_otp.set
2025-04-27 11:28:28,288 - INFO - Successfully optimized Bullish-and-Bearish-Engulfing_01_standard.set -> Bullish-and-Bearish-Engulfing_01_otp.set
2025-04-27 11:28:28,290 - INFO - Successfully optimized Burg-Extrapolator_01_standard.set -> Burg-Extrapolator_01_otp.set
2025-04-27 11:28:28,291 - INFO - Successfully optimized BykovTrend-EA_01_standard.set -> BykovTrend-EA_01_otp.set
2025-04-27 11:28:28,293 - INFO - Successfully optimized Calculate-lotsize-and-Trailling-stop_01_standard.set -> Calculate-lotsize-and-Trailling-stop_01_otp.set
2025-04-27 11:28:28,296 - INFO - Successfully optimized candlepatternsexample_01_standard.set -> candlepatternsexample_01_otp.set
2025-04-27 11:28:28,297 - INFO - Successfully optimized Candle_01_standard.set -> Candle_01_otp.set
2025-04-27 11:28:28,299 - INFO - Successfully optimized Carbophos_01_standard.set -> Carbophos_01_otp.set
2025-04-27 11:28:28,301 - INFO - Successfully optimized CashMachine-5min_01_standard.set -> CashMachine-5min_01_otp.set
2025-04-27 11:28:28,303 - INFO - Successfully optimized CCI-MACD-Scalper_01_standard.set -> CCI-MACD-Scalper_01_otp.set
2025-04-27 11:28:28,304 - INFO - Successfully optimized Cidomo_01_standard.set -> Cidomo_01_otp.set
2025-04-27 11:28:28,306 - INFO - Successfully optimized CloseAgent_01_standard.set -> CloseAgent_01_otp.set
2025-04-27 11:28:28,307 - INFO - Successfully optimized CloseProfit_01_standard.set -> CloseProfit_01_otp.set
2025-04-27 11:28:28,309 - INFO - Successfully optimized cloud's-trade-2_01_standard.set -> cloud's-trade-2_01_otp.set
2025-04-27 11:28:28,311 - INFO - Successfully optimized CLOUD_01_standard.set -> CLOUD_01_otp.set
2025-04-27 11:28:28,313 - INFO - Successfully optimized Constituents-EA_01_standard.set -> Constituents-EA_01_otp.set
2025-04-27 11:28:28,315 - INFO - Successfully optimized Contrarian-trade-MA_01_standard.set -> Contrarian-trade-MA_01_otp.set
2025-04-27 11:28:28,317 - INFO - Successfully optimized Crossing-Moving-Average_01_standard.set -> Crossing-Moving-Average_01_otp.set
2025-04-27 11:28:28,319 - INFO - Successfully optimized CrossMA_01_standard.set -> CrossMA_01_otp.set
2025-04-27 11:28:28,322 - INFO - Successfully optimized Currencyprofits-01.1_01_standard.set -> Currencyprofits-01.1_01_otp.set
2025-04-27 11:28:28,324 - INFO - Successfully optimized Daily-20reversal-20-20EA_01_standard.set -> Daily-20reversal-20-20EA_01_otp.set
2025-04-27 11:28:28,326 - INFO - Successfully optimized Daily-BreakPoint_01_standard.set -> Daily-BreakPoint_01_otp.set
2025-04-27 11:28:28,329 - INFO - Successfully optimized Daily-Open-EA_01_standard.set -> Daily-Open-EA_01_otp.set
2025-04-27 11:28:28,332 - INFO - Successfully optimized Daily-range_01_standard.set -> Daily-range_01_otp.set
2025-04-27 11:28:28,333 - INFO - Successfully optimized Day-Trading-PAMXA_01_standard.set -> Day-Trading-PAMXA_01_otp.set
2025-04-27 11:28:28,335 - INFO - Successfully optimized Daydream_01_standard.set -> Daydream_01_otp.set
2025-04-27 11:28:28,337 - INFO - Successfully optimized DayTrading_01_standard.set -> DayTrading_01_otp.set
2025-04-27 11:28:28,339 - INFO - Successfully optimized Dealers-Trade-v-7.74-MACD_01_standard.set -> Dealers-Trade-v-7.74-MACD_01_otp.set
2025-04-27 11:28:28,341 - INFO - Successfully optimized Deep-Drawdown-MA_01_standard.set -> Deep-Drawdown-MA_01_otp.set
2025-04-27 11:28:28,343 - INFO - Successfully optimized DeMarker-gaining-position-volume-2_01_standard.set -> DeMarker-gaining-position-volume-2_01_otp.set
2025-04-27 11:28:28,345 - INFO - Successfully optimized DeMarker-gaining-position-volume_01_standard.set -> DeMarker-gaining-position-volume_01_otp.set
2025-04-27 11:28:28,347 - INFO - Successfully optimized DeMarker-Pending-2-5_01_standard.set -> DeMarker-Pending-2-5_01_otp.set
2025-04-27 11:28:28,348 - INFO - Successfully optimized DeMarker-Pending-2_01_standard.set -> DeMarker-Pending-2_01_otp.set
2025-04-27 11:28:28,350 - INFO - Successfully optimized DeMarker-Pending_01_standard.set -> DeMarker-Pending_01_otp.set
2025-04-27 11:28:28,353 - INFO - Successfully optimized Dematus_01_standard.set -> Dematus_01_otp.set
2025-04-27 11:28:28,354 - INFO - Successfully optimized Divergence-20for-20many-20indicator_01_standard.set -> Divergence-20for-20many-20indicator_01_otp.set
2025-04-27 11:28:28,356 - INFO - Successfully optimized Divergence-EA_01_standard.set -> Divergence-EA_01_otp.set
2025-04-27 11:28:28,358 - INFO - Successfully optimized Doji-Arrows_01_standard.set -> Doji-Arrows_01_otp.set
2025-04-27 11:28:28,360 - INFO - Successfully optimized DojiTrader_01_standard.set -> DojiTrader_01_otp.set
2025-04-27 11:28:28,362 - INFO - Successfully optimized Donchian-Chanel-EA_01_standard.set -> Donchian-Chanel-EA_01_otp.set
2025-04-27 11:28:28,364 - INFO - Successfully optimized DoubleHullMA-EA_01_standard.set -> DoubleHullMA-EA_01_otp.set
2025-04-27 11:28:28,366 - INFO - Successfully optimized DoubleHullMA_01_standard.set -> DoubleHullMA_01_otp.set
2025-04-27 11:28:28,368 - INFO - Successfully optimized DoubleMA-Crossover-EA_01_standard.set -> DoubleMA-Crossover-EA_01_otp.set
2025-04-27 11:28:28,370 - INFO - Successfully optimized Doubler_01_standard.set -> Doubler_01_otp.set
2025-04-27 11:28:28,372 - INFO - Successfully optimized dummy_01_standard.set -> dummy_01_otp.set
2025-04-27 11:28:28,373 - INFO - Successfully optimized Dynamic-averaging_01_standard.set -> Dynamic-averaging_01_otp.set
2025-04-27 11:28:28,375 - INFO - Successfully optimized e-Breakeven_01_standard.set -> e-Breakeven_01_otp.set
2025-04-27 11:28:28,377 - INFO - Successfully optimized E-Friday_01_standard.set -> E-Friday_01_otp.set
2025-04-27 11:28:28,379 - INFO - Successfully optimized E-Skoch-Open_01_standard.set -> E-Skoch-Open_01_otp.set
2025-04-27 11:28:28,381 - INFO - Successfully optimized e-Skoch-pending-orders_01_standard.set -> e-Skoch-pending-orders_01_otp.set
2025-04-27 11:28:28,382 - INFO - Successfully optimized e-Smart-Trailing_01_standard.set -> e-Smart-Trailing_01_otp.set
2025-04-27 11:28:28,384 - INFO - Successfully optimized e-TurboFx_01_standard.set -> e-TurboFx_01_otp.set
2025-04-27 11:28:28,385 - INFO - Successfully optimized EA-Close_01_standard.set -> EA-Close_01_otp.set
2025-04-27 11:28:28,387 - INFO - Successfully optimized EA-MA-Stoch-RSI_01_standard.set -> EA-MA-Stoch-RSI_01_otp.set
2025-04-27 11:28:28,389 - INFO - Successfully optimized EA-Moving-Average_01_standard.set -> EA-Moving-Average_01_otp.set
2025-04-27 11:28:28,391 - INFO - Successfully optimized Elite-eFibo-Trader_01_standard.set -> Elite-eFibo-Trader_01_otp.set
2025-04-27 11:28:28,393 - INFO - Successfully optimized EMA-6.12_01_standard.set -> EMA-6.12_01_otp.set
2025-04-27 11:28:28,394 - INFO - Successfully optimized EMA-CROSS_01_standard.set -> EMA-CROSS_01_otp.set
2025-04-27 11:28:28,396 - INFO - Successfully optimized EMA-LWMA-RSI_01_standard.set -> EMA-LWMA-RSI_01_otp.set
2025-04-27 11:28:28,398 - INFO - Successfully optimized EMA-RSI-EA_01_standard.set -> EMA-RSI-EA_01_otp.set
2025-04-27 11:28:28,400 - INFO - Successfully optimized EMA-WMA_01_standard.set -> EMA-WMA_01_otp.set
2025-04-27 11:28:28,401 - INFO - Successfully optimized EMA_01_standard.set -> EMA_01_otp.set
2025-04-27 11:28:28,403 - INFO - Successfully optimized Eugene_01_standard.set -> Eugene_01_otp.set
2025-04-27 11:28:28,404 - INFO - Successfully optimized eur-usd-m5_01_standard.set -> eur-usd-m5_01_otp.set
2025-04-27 11:28:28,405 - INFO - Successfully optimized EURUSD-breakout_01_standard.set -> EURUSD-breakout_01_otp.set
2025-04-27 11:28:28,407 - INFO - Successfully optimized Executer-AC_01_standard.set -> Executer-AC_01_otp.set
2025-04-27 11:28:28,409 - INFO - Successfully optimized Executor-AO_01_standard.set -> Executor-AO_01_otp.set
2025-04-27 11:28:28,410 - INFO - Successfully optimized Executor-Candles_01_standard.set -> Executor-Candles_01_otp.set
2025-04-27 11:28:28,411 - INFO - Successfully optimized exp-Amstell_01_standard.set -> exp-Amstell_01_otp.set
2025-04-27 11:28:28,414 - INFO - Successfully optimized Expert-NEWS_01_standard.set -> Expert-NEWS_01_otp.set
2025-04-27 11:28:28,416 - INFO - Successfully optimized Expert-RSI-Stochastic-MA_01_standard.set -> Expert-RSI-Stochastic-MA_01_otp.set
2025-04-27 11:28:28,418 - INFO - Successfully optimized ExtremePrice-EA_01_standard.set -> ExtremePrice-EA_01_otp.set
2025-04-27 11:28:28,420 - INFO - Successfully optimized FiboRetracement-20EA_01_standard.set -> FiboRetracement-20EA_01_otp.set
2025-04-27 11:28:28,422 - INFO - Successfully optimized Firebird_01_standard.set -> Firebird_01_otp.set
2025-04-27 11:28:28,425 - INFO - Successfully optimized Firestorm-EA_01_standard.set -> Firestorm-EA_01_otp.set
2025-04-27 11:28:28,427 - INFO - Successfully optimized Firestorm-indicator_01_standard.set -> Firestorm-indicator_01_otp.set
2025-04-27 11:28:28,430 - INFO - Successfully optimized Fluctuate_01_standard.set -> Fluctuate_01_otp.set
2025-04-27 11:28:28,431 - INFO - Successfully optimized Forex-Fraus-M1_01_standard.set -> Forex-Fraus-M1_01_otp.set
2025-04-27 11:28:28,433 - INFO - Successfully optimized Forex-Profit_01_standard.set -> Forex-Profit_01_otp.set
2025-04-27 11:28:28,435 - INFO - Successfully optimized Fractals-minimum-distance_01_standard.set -> Fractals-minimum-distance_01_otp.set
2025-04-27 11:28:28,437 - INFO - Successfully optimized Fraktrak-xonax_01_standard.set -> Fraktrak-xonax_01_otp.set
2025-04-27 11:28:28,438 - INFO - Successfully optimized Frank-Ud_01_standard.set -> Frank-Ud_01_otp.set
2025-04-27 11:28:28,440 - INFO - Successfully optimized FT-CCI_01_standard.set -> FT-CCI_01_otp.set
2025-04-27 11:28:28,442 - INFO - Successfully optimized Fuzzy-logic_01_standard.set -> Fuzzy-logic_01_otp.set
2025-04-27 11:28:28,444 - INFO - Successfully optimized GalacticExplosion_01_standard.set -> GalacticExplosion_01_otp.set
2025-04-27 11:28:28,446 - INFO - Successfully optimized Gandalf-PRO_01_standard.set -> Gandalf-PRO_01_otp.set
2025-04-27 11:28:28,449 - INFO - Successfully optimized Gap-DM_01_standard.set -> Gap-DM_01_otp.set
2025-04-27 11:28:28,452 - INFO - Successfully optimized GAP-EA_01_standard.set -> GAP-EA_01_otp.set
2025-04-27 11:28:28,453 - INFO - Successfully optimized Gaps_01_standard.set -> Gaps_01_otp.set
2025-04-27 11:28:28,455 - INFO - Successfully optimized GBP9AM_01_standard.set -> GBP9AM_01_otp.set
2025-04-27 11:28:28,458 - INFO - Successfully optimized GbpChf_01_standard.set -> GbpChf_01_otp.set
2025-04-27 11:28:28,459 - INFO - Successfully optimized Gold-Dust_01_standard.set -> Gold-Dust_01_otp.set
2025-04-27 11:28:28,461 - INFO - Successfully optimized GO_01_standard.set -> GO_01_otp.set
2025-04-27 11:28:28,463 - INFO - Successfully optimized GreenTrade_01_standard.set -> GreenTrade_01_otp.set
2025-04-27 11:28:28,465 - INFO - Successfully optimized Grid-Martingale_01_standard.set -> Grid-Martingale_01_otp.set
2025-04-27 11:28:28,467 - INFO - Successfully optimized GridEA_01_standard.set -> GridEA_01_otp.set
2025-04-27 11:28:28,469 - INFO - Successfully optimized Grid_01_standard.set -> Grid_01_otp.set
2025-04-27 11:28:28,472 - INFO - Successfully optimized HarVesteR_01_standard.set -> HarVesteR_01_otp.set
2025-04-27 11:28:28,473 - INFO - Successfully optimized HedgeEA_01_standard.set -> HedgeEA_01_otp.set
2025-04-27 11:28:28,475 - INFO - Successfully optimized hedger_01_standard.set -> hedger_01_otp.set
2025-04-27 11:28:28,478 - INFO - Successfully optimized Hedging-EA_01_standard.set -> Hedging-EA_01_otp.set
2025-04-27 11:28:28,480 - INFO - Successfully optimized Heiken-Ashi-Smoothed-EA-with-MA_01_standard.set -> Heiken-Ashi-Smoothed-EA-with-MA_01_otp.set
2025-04-27 11:28:28,483 - INFO - Successfully optimized Heiken-Ashi-Smoothed-EA_01_standard.set -> Heiken-Ashi-Smoothed-EA_01_otp.set
2025-04-27 11:28:28,485 - INFO - Successfully optimized heiken-ashi-smoothedLine_01_standard.set -> heiken-ashi-smoothedLine_01_otp.set
2025-04-27 11:28:28,487 - INFO - Successfully optimized heiken-ashi-smoothed_01_standard.set -> heiken-ashi-smoothed_01_otp.set
2025-04-27 11:28:28,489 - INFO - Successfully optimized HeikenAshi-Lines-EA_01_standard.set -> HeikenAshi-Lines-EA_01_otp.set
2025-04-27 11:28:28,491 - INFO - Successfully optimized HeikenAshi-Lines_01_standard.set -> HeikenAshi-Lines_01_otp.set
2025-04-27 11:28:28,493 - INFO - Successfully optimized Heinken-Ashi-Color-Candles_01_standard.set -> Heinken-Ashi-Color-Candles_01_otp.set
2025-04-27 11:28:28,495 - INFO - Successfully optimized HelloSmart_01_standard.set -> HelloSmart_01_otp.set
2025-04-27 11:28:28,498 - INFO - Successfully optimized High-Low-EA_01_standard.set -> High-Low-EA_01_otp.set
2025-04-27 11:28:28,499 - INFO - Successfully optimized High-Low-Indicator_01_standard.set -> High-Low-Indicator_01_otp.set
2025-04-27 11:28:28,501 - INFO - Successfully optimized Hoop-master-2_01_standard.set -> Hoop-master-2_01_otp.set
2025-04-27 11:28:28,503 - INFO - Successfully optimized iCCI-iMA_01_standard.set -> iCCI-iMA_01_otp.set
2025-04-27 11:28:28,505 - INFO - Successfully optimized ICH-With-Alert-Derekers-EA_01_standard.set -> ICH-With-Alert-Derekers-EA_01_otp.set
2025-04-27 11:28:28,507 - INFO - Successfully optimized ICH-With-Alert-Derekers_01_standard.set -> ICH-With-Alert-Derekers_01_otp.set
2025-04-27 11:28:28,508 - INFO - Successfully optimized ichimok2005_01_standard.set -> ichimok2005_01_otp.set
2025-04-27 11:28:28,510 - INFO - Successfully optimized Ichimoku-20Kijun-20Alert_01_standard.set -> Ichimoku-20Kijun-20Alert_01_otp.set
2025-04-27 11:28:28,512 - INFO - Successfully optimized Ichimoku-20Tenkan-20Alert_01_standard.set -> Ichimoku-20Tenkan-20Alert_01_otp.set
2025-04-27 11:28:28,513 - INFO - Successfully optimized Ichimoku-Scanner_01_standard.set -> Ichimoku-Scanner_01_otp.set
2025-04-27 11:28:28,515 - INFO - Successfully optimized Ichimoku-Signals-and-Alert_01_standard.set -> Ichimoku-Signals-and-Alert_01_otp.set
2025-04-27 11:28:28,517 - INFO - Successfully optimized IchimokuMTF-EA_01_standard.set -> IchimokuMTF-EA_01_otp.set
2025-04-27 11:28:28,519 - INFO - Successfully optimized Ichimoku_01_standard.set -> Ichimoku_01_otp.set
2025-04-27 11:28:28,521 - INFO - Successfully optimized Ilan-iMA_01_standard.set -> Ilan-iMA_01_otp.set
2025-04-27 11:28:28,523 - INFO - Successfully optimized Ilan1.4_01_standard.set -> Ilan1.4_01_otp.set
2025-04-27 11:28:28,525 - INFO - Successfully optimized iMA-iStdDev_01_standard.set -> iMA-iStdDev_01_otp.set
2025-04-27 11:28:28,526 - INFO - Successfully optimized Indices-Tester_01_standard.set -> Indices-Tester_01_otp.set
2025-04-27 11:28:28,528 - INFO - Successfully optimized Inka-20Edho-20EA_01_standard.set -> Inka-20Edho-20EA_01_otp.set
2025-04-27 11:28:28,530 - INFO - Successfully optimized Intersection-2-iMA_01_standard.set -> Intersection-2-iMA_01_otp.set
2025-04-27 11:28:28,532 - INFO - Successfully optimized IStochastic-Trading_01_standard.set -> IStochastic-Trading_01_otp.set
2025-04-27 11:28:28,534 - INFO - Successfully optimized Ivan_01_standard.set -> Ivan_01_otp.set
2025-04-27 11:28:28,535 - INFO - Successfully optimized iVIDyA-Simple_01_standard.set -> iVIDyA-Simple_01_otp.set
2025-04-27 11:28:28,537 - INFO - Successfully optimized Jackpot-Strategy-EA_01_standard.set -> Jackpot-Strategy-EA_01_otp.set
2025-04-27 11:28:28,539 - INFO - Successfully optimized JackPot-Strategy-Elite_01_standard.set -> JackPot-Strategy-Elite_01_otp.set
2025-04-27 11:28:28,541 - INFO - Successfully optimized JK-BullP-AutoTrader_01_standard.set -> JK-BullP-AutoTrader_01_otp.set
2025-04-27 11:28:28,542 - INFO - Successfully optimized JS-Chaos_01_standard.set -> JS-Chaos_01_otp.set
2025-04-27 11:28:28,544 - INFO - Successfully optimized JS-MA-Day_01_standard.set -> JS-MA-Day_01_otp.set
2025-04-27 11:28:28,545 - INFO - Successfully optimized JS-MA-SAR-Trades_01_standard.set -> JS-MA-SAR-Trades_01_otp.set
2025-04-27 11:28:28,547 - INFO - Successfully optimized KA-Gold-Bot_01_standard.set -> KA-Gold-Bot_01_otp.set
2025-04-27 11:28:28,549 - INFO - Successfully optimized Kue-Electric-EA_01_standard.set -> Kue-Electric-EA_01_otp.set
2025-04-27 11:28:28,551 - INFO - Successfully optimized KueFx-20Arrows_01_standard.set -> KueFx-20Arrows_01_otp.set
2025-04-27 11:28:28,552 - INFO - Successfully optimized KueFx-20Baseline_01_standard.set -> KueFx-20Baseline_01_otp.set
2025-04-27 11:28:28,554 - INFO - Successfully optimized KueFx-Arrows-20EA_01_standard.set -> KueFx-Arrows-20EA_01_otp.set
2025-04-27 11:28:28,556 - INFO - Successfully optimized KueFx-Arrows-EA_01_standard.set -> KueFx-Arrows-EA_01_otp.set
2025-04-27 11:28:28,557 - INFO - Successfully optimized KueFx-Arrows_01_standard.set -> KueFx-Arrows_01_otp.set
2025-04-27 11:28:28,559 - INFO - Successfully optimized KueFx-Baseline-EA_01_standard.set -> KueFx-Baseline-EA_01_otp.set
2025-04-27 11:28:28,560 - INFO - Successfully optimized KueFx-Baseline_01_standard.set -> KueFx-Baseline_01_otp.set
2025-04-27 11:28:28,562 - INFO - Successfully optimized KueFx-Clean-2025-EA_01_standard.set -> KueFx-Clean-2025-EA_01_otp.set
2025-04-27 11:28:28,564 - INFO - Successfully optimized KueFx-Extreme-EA_01_standard.set -> KueFx-Extreme-EA_01_otp.set
2025-04-27 11:28:28,565 - INFO - Successfully optimized KueFx-Harare-EA_01_standard.set -> KueFx-Harare-EA_01_otp.set
2025-04-27 11:28:28,568 - INFO - Successfully optimized KueFX-Money-Management_01_standard.set -> KueFX-Money-Management_01_otp.set
2025-04-27 11:28:28,570 - INFO - Successfully optimized KueFx-Motor-EA_01_standard.set -> KueFx-Motor-EA_01_otp.set
2025-04-27 11:28:28,571 - INFO - Successfully optimized KueFx-Motor_01_standard.set -> KueFx-Motor_01_otp.set
2025-04-27 11:28:28,573 - INFO - Successfully optimized KueFx-Trend_01_standard.set -> KueFx-Trend_01_otp.set
2025-04-27 11:28:28,575 - INFO - Successfully optimized KueFxTrend-20EA_01_standard.set -> KueFxTrend-20EA_01_otp.set
2025-04-27 11:28:28,577 - INFO - Successfully optimized KueFxTrend-EA_01_standard.set -> KueFxTrend-EA_01_otp.set
2025-04-27 11:28:28,578 - INFO - Successfully optimized LarryConnersRSI2_01_standard.set -> LarryConnersRSI2_01_otp.set
2025-04-27 11:28:28,579 - INFO - Successfully optimized Last-ZZ50_01_standard.set -> Last-ZZ50_01_otp.set
2025-04-27 11:28:28,580 - INFO - Successfully optimized Lavika100_01_standard.set -> Lavika100_01_otp.set
2025-04-27 11:28:28,582 - INFO - Successfully optimized LBS_01_standard.set -> LBS_01_otp.set
2025-04-27 11:28:28,583 - INFO - Successfully optimized Lego-EA_01_standard.set -> Lego-EA_01_otp.set
2025-04-27 11:28:28,584 - INFO - Successfully optimized Lesson-3-Price-Action_01_standard.set -> Lesson-3-Price-Action_01_otp.set
2025-04-27 11:28:28,585 - INFO - Successfully optimized Lesson-4-Price-Action-MA-Filter_01_standard.set -> Lesson-4-Price-Action-MA-Filter_01_otp.set
2025-04-27 11:28:28,587 - INFO - Successfully optimized Lesson-6-Trailling-ATR_01_standard.set -> Lesson-6-Trailling-ATR_01_otp.set
2025-04-27 11:28:28,588 - INFO - Successfully optimized Lesson-7-Price-action-Ket-hop-Volume-VSA_01_standard.set -> Lesson-7-Price-action-Ket-hop-Volume-VSA_01_otp.set
2025-04-27 11:28:28,590 - INFO - Successfully optimized Little-EA_01_standard.set -> Little-EA_01_otp.set
2025-04-27 11:28:28,591 - INFO - Successfully optimized Locker_01_standard.set -> Locker_01_otp.set
2025-04-27 11:28:28,592 - INFO - Successfully optimized Lock_01_standard.set -> Lock_01_otp.set
2025-04-27 11:28:28,593 - INFO - Successfully optimized Lucky_01_standard.set -> Lucky_01_otp.set
2025-04-27 11:28:28,595 - INFO - Successfully optimized MA-20Alert_01_standard.set -> MA-20Alert_01_otp.set
2025-04-27 11:28:28,597 - INFO - Successfully optimized MA-20AO-20Arrow_01_standard.set -> MA-20AO-20Arrow_01_otp.set
2025-04-27 11:28:28,598 - INFO - Successfully optimized MA-AO-EA_01_standard.set -> MA-AO-EA_01_otp.set
2025-04-27 11:28:28,599 - INFO - Successfully optimized ma-channels_01_standard.set -> ma-channels_01_otp.set
2025-04-27 11:28:28,601 - INFO - Successfully optimized MA-Cross_01_standard.set -> MA-Cross_01_otp.set
2025-04-27 11:28:28,602 - INFO - Successfully optimized MA-Envelopes_01_standard.set -> MA-Envelopes_01_otp.set
2025-04-27 11:28:28,604 - INFO - Successfully optimized MA-MACD-Position-averaging_01_standard.set -> MA-MACD-Position-averaging_01_otp.set
2025-04-27 11:28:28,605 - INFO - Successfully optimized MA-Trend_01_standard.set -> MA-Trend_01_otp.set
2025-04-27 11:28:28,606 - INFO - Successfully optimized MA2CCI_01_standard.set -> MA2CCI_01_otp.set
2025-04-27 11:28:28,608 - INFO - Successfully optimized MACD-and-SAR_01_standard.set -> MACD-and-SAR_01_otp.set
2025-04-27 11:28:28,609 - INFO - Successfully optimized MACD-Cleaner_01_standard.set -> MACD-Cleaner_01_otp.set
2025-04-27 11:28:28,611 - INFO - Successfully optimized MACD-EA-H4_01_standard.set -> MACD-EA-H4_01_otp.set
2025-04-27 11:28:28,612 - INFO - Successfully optimized MACD-No-Sample_01_standard.set -> MACD-No-Sample_01_otp.set
2025-04-27 11:28:28,613 - INFO - Successfully optimized MACD-signal_01_standard.set -> MACD-signal_01_otp.set
2025-04-27 11:28:28,614 - INFO - Successfully optimized MACD-Stochastic-2_01_standard.set -> MACD-Stochastic-2_01_otp.set
2025-04-27 11:28:28,616 - INFO - Successfully optimized MACD-Stochastic_01_standard.set -> MACD-Stochastic_01_otp.set
2025-04-27 11:28:28,617 - INFO - Successfully optimized MACDCCI_01_standard.set -> MACDCCI_01_otp.set
2025-04-27 11:28:28,619 - INFO - Successfully optimized MacdPatternTraderAll0.01_01_standard.set -> MacdPatternTraderAll0.01_01_otp.set
2025-04-27 11:28:28,620 - INFO - Successfully optimized MacdPatternTraderAll_01_standard.set -> MacdPatternTraderAll_01_otp.set
2025-04-27 11:28:28,622 - INFO - Successfully optimized MACD_01_standard.set -> MACD_01_otp.set
2025-04-27 11:28:28,624 - INFO - Successfully optimized MAGrid_01_standard.set -> MAGrid_01_otp.set
2025-04-27 11:28:28,625 - INFO - Successfully optimized MAMACD_01_standard.set -> MAMACD_01_otp.set
2025-04-27 11:28:28,626 - INFO - Successfully optimized Market-Capture_01_standard.set -> Market-Capture_01_otp.set
2025-04-27 11:28:28,627 - INFO - Successfully optimized Martin-1_01_standard.set -> Martin-1_01_otp.set
2025-04-27 11:28:28,629 - INFO - Successfully optimized Martin-for-small-deposits_01_standard.set -> Martin-for-small-deposits_01_otp.set
2025-04-27 11:28:28,630 - INFO - Successfully optimized MartingailExpert_01_standard.set -> MartingailExpert_01_otp.set
2025-04-27 11:28:28,631 - INFO - Successfully optimized MartinGaleBreakout_01_standard.set -> MartinGaleBreakout_01_otp.set
2025-04-27 11:28:28,632 - INFO - Successfully optimized Martin_01_standard.set -> Martin_01_otp.set
2025-04-27 11:28:28,634 - INFO - Successfully optimized Marubozu-EA_01_standard.set -> Marubozu-EA_01_otp.set
2025-04-27 11:28:28,635 - INFO - Successfully optimized Marubozu_01_standard.set -> Marubozu_01_otp.set
2025-04-27 11:28:28,636 - INFO - Successfully optimized MelBar-EuSwiss-1.85_01_standard.set -> MelBar-EuSwiss-1.85_01_otp.set
2025-04-27 11:28:28,638 - INFO - Successfully optimized MelBar™Take325-™-5.5Y-NZD-USD_01_standard.set -> MelBar™Take325-™-5.5Y-NZD-USD_01_otp.set
2025-04-27 11:28:28,639 - INFO - Successfully optimized Mobo-Bands-EA_01_standard.set -> Mobo-Bands-EA_01_otp.set
2025-04-27 11:28:28,641 - INFO - Successfully optimized Mobo-Bands_01_standard.set -> Mobo-Bands_01_otp.set
2025-04-27 11:28:28,642 - INFO - Successfully optimized Modified-Moving-Averages_01_standard.set -> Modified-Moving-Averages_01_otp.set
2025-04-27 11:28:28,643 - INFO - Successfully optimized Momentum-M15_01_standard.set -> Momentum-M15_01_otp.set
2025-04-27 11:28:28,645 - INFO - Successfully optimized Momo-trades_01_standard.set -> Momo-trades_01_otp.set
2025-04-27 11:28:28,646 - INFO - Successfully optimized Money-Fixed-Margin_01_standard.set -> Money-Fixed-Margin_01_otp.set
2025-04-27 11:28:28,647 - INFO - Successfully optimized Money-Fixed-Risk_01_standard.set -> Money-Fixed-Risk_01_otp.set
2025-04-27 11:28:28,648 - INFO - Successfully optimized MoneyRain_01_standard.set -> MoneyRain_01_otp.set
2025-04-27 11:28:28,649 - INFO - Successfully optimized Morning-evening-star-EA_01_standard.set -> Morning-evening-star-EA_01_otp.set
2025-04-27 11:28:28,651 - INFO - Successfully optimized MostasHaR15-Pivot_01_standard.set -> MostasHaR15-Pivot_01_otp.set
2025-04-27 11:28:28,652 - INFO - Successfully optimized Moving-20average-20and-20ichimoku-20EA_01_standard.set -> Moving-20average-20and-20ichimoku-20EA_01_otp.set
2025-04-27 11:28:28,654 - INFO - Successfully optimized Moving-Average-Trade-System_01_standard.set -> Moving-Average-Trade-System_01_otp.set
2025-04-27 11:28:28,655 - INFO - Successfully optimized Moving-Averages_01_standard.set -> Moving-Averages_01_otp.set
2025-04-27 11:28:28,656 - INFO - Successfully optimized MovingAverageMartinGale_01_standard.set -> MovingAverageMartinGale_01_otp.set
2025-04-27 11:28:28,657 - INFO - Successfully optimized MovingAverage_01_standard.set -> MovingAverage_01_otp.set
2025-04-27 11:28:28,659 - INFO - Successfully optimized MQL5-Wizard-MA-RSI_01_standard.set -> MQL5-Wizard-MA-RSI_01_otp.set
2025-04-27 11:28:28,660 - INFO - Successfully optimized MQL5-Wizard-MACD-Parabolic-SAR_01_standard.set -> MQL5-Wizard-MACD-Parabolic-SAR_01_otp.set
2025-04-27 11:28:28,661 - INFO - Successfully optimized MTC-Сombo_01_standard.set -> MTC-Сombo_01_otp.set
2025-04-27 11:28:28,662 - INFO - Successfully optimized Multi-Stochastic_01_standard.set -> Multi-Stochastic_01_otp.set
2025-04-27 11:28:28,664 - INFO - Successfully optimized MultiMartin_01_standard.set -> MultiMartin_01_otp.set
2025-04-27 11:28:28,665 - INFO - Successfully optimized MySystem_01_standard.set -> MySystem_01_otp.set
2025-04-27 11:28:28,667 - INFO - Successfully optimized N-Candles_01_standard.set -> N-Candles_01_otp.set
2025-04-27 11:28:28,668 - INFO - Successfully optimized Nevalyashka-BreakdownLevel_01_standard.set -> Nevalyashka-BreakdownLevel_01_otp.set
2025-04-27 11:28:28,669 - INFO - Successfully optimized Nevalyashka3-1_01_standard.set -> Nevalyashka3-1_01_otp.set
2025-04-27 11:28:28,670 - INFO - Successfully optimized Nevalyashka_01_standard.set -> Nevalyashka_01_otp.set
2025-04-27 11:28:28,671 - INFO - Successfully optimized New-Martin_01_standard.set -> New-Martin_01_otp.set
2025-04-27 11:28:28,673 - INFO - Successfully optimized New-Random_01_standard.set -> New-Random_01_otp.set
2025-04-27 11:28:28,674 - INFO - Successfully optimized Nextbar_01_standard.set -> Nextbar_01_otp.set
2025-04-27 11:28:28,675 - INFO - Successfully optimized Night-Flat-Trade_01_standard.set -> Night-Flat-Trade_01_otp.set
2025-04-27 11:28:28,677 - INFO - Successfully optimized NightScalper_01_standard.set -> NightScalper_01_otp.set
2025-04-27 11:28:28,678 - INFO - Successfully optimized NRTR-Revers_01_standard.set -> NRTR-Revers_01_otp.set
2025-04-27 11:28:28,680 - INFO - Successfully optimized NUp1Down_01_standard.set -> NUp1Down_01_otp.set
2025-04-27 11:28:28,682 - INFO - Successfully optimized Open-Candle-EA_01_standard.set -> Open-Candle-EA_01_otp.set
2025-04-27 11:28:28,683 - INFO - Successfully optimized Open-Close_01_standard.set -> Open-Close_01_otp.set
2025-04-27 11:28:28,685 - INFO - Successfully optimized Opening-and-ilosing-on-time_01_standard.set -> Opening-and-ilosing-on-time_01_otp.set
2025-04-27 11:28:28,686 - INFO - Successfully optimized Opening-and-Сlosing-on-time_01_standard.set -> Opening-and-Сlosing-on-time_01_otp.set
2025-04-27 11:28:28,687 - INFO - Successfully optimized OpenPendingorderAfterPositionGetStopLoss_01_standard.set -> OpenPendingorderAfterPositionGetStopLoss_01_otp.set
2025-04-27 11:28:28,689 - INFO - Successfully optimized OpenTicks_01_standard.set -> OpenTicks_01_otp.set
2025-04-27 11:28:28,690 - INFO - Successfully optimized ORB-EA-BOX_01_standard.set -> ORB-EA-BOX_01_otp.set
2025-04-27 11:28:28,691 - INFO - Successfully optimized OsMaSter_01_standard.set -> OsMaSter_01_otp.set
2025-04-27 11:28:28,693 - INFO - Successfully optimized OTT-20AND-20PRICE-20CROSS-20EA_01_standard.set -> OTT-20AND-20PRICE-20CROSS-20EA_01_otp.set
2025-04-27 11:28:28,694 - INFO - Successfully optimized OverHedge_01_standard.set -> OverHedge_01_otp.set
2025-04-27 11:28:28,696 - INFO - Successfully optimized OzFx_01_standard.set -> OzFx_01_otp.set
2025-04-27 11:28:28,696 - INFO - Successfully optimized Parabolic-SAR_01_standard.set -> Parabolic-SAR_01_otp.set
2025-04-27 11:28:28,698 - INFO - Successfully optimized PARSI-EA_01_standard.set -> PARSI-EA_01_otp.set
2025-04-27 11:28:28,700 - INFO - Successfully optimized Peceptron-Mult_01_standard.set -> Peceptron-Mult_01_otp.set
2025-04-27 11:28:28,701 - INFO - Successfully optimized Pending-orders-by-time-2_01_standard.set -> Pending-orders-by-time-2_01_otp.set
2025-04-27 11:28:28,702 - INFO - Successfully optimized Pending-orders-by-time_01_standard.set -> Pending-orders-by-time_01_otp.set
2025-04-27 11:28:28,703 - INFO - Successfully optimized Pendulum_01_standard.set -> Pendulum_01_otp.set
2025-04-27 11:28:28,704 - INFO - Successfully optimized Pinball-machine_01_standard.set -> Pinball-machine_01_otp.set
2025-04-27 11:28:28,706 - INFO - Successfully optimized Pinbar-Magic-EA_01_standard.set -> Pinbar-Magic-EA_01_otp.set
2025-04-27 11:28:28,708 - INFO - Successfully optimized PinBar-Magic-Indicator_01_standard.set -> PinBar-Magic-Indicator_01_otp.set
2025-04-27 11:28:28,709 - INFO - Successfully optimized Pipsover_01_standard.set -> Pipsover_01_otp.set
2025-04-27 11:28:28,710 - INFO - Successfully optimized Plan-X_01_standard.set -> Plan-X_01_otp.set
2025-04-27 11:28:28,711 - INFO - Successfully optimized Plateau_01_standard.set -> Plateau_01_otp.set
2025-04-27 11:28:28,712 - INFO - Successfully optimized Poker-SHOW_01_standard.set -> Poker-SHOW_01_otp.set
2025-04-27 11:28:28,713 - INFO - Successfully optimized Precipice-MartIn_01_standard.set -> Precipice-MartIn_01_otp.set
2025-04-27 11:28:28,715 - INFO - Successfully optimized Precipice_01_standard.set -> Precipice_01_otp.set
2025-04-27 11:28:28,716 - INFO - Successfully optimized Probe_01_standard.set -> Probe_01_otp.set
2025-04-27 11:28:28,717 - INFO - Successfully optimized Proffessor_01_standard.set -> Proffessor_01_otp.set
2025-04-27 11:28:28,718 - INFO - Successfully optimized PropFirmHelper_01_standard.set -> PropFirmHelper_01_otp.set
2025-04-27 11:28:28,720 - INFO - Successfully optimized PROphet_01_standard.set -> PROphet_01_otp.set
2025-04-27 11:28:28,721 - INFO - Successfully optimized Puria-method_01_standard.set -> Puria-method_01_otp.set
2025-04-27 11:28:28,722 - INFO - Successfully optimized Rabbit3_01_standard.set -> Rabbit3_01_otp.set
2025-04-27 11:28:28,723 - INFO - Successfully optimized Range-Breakout_01_standard.set -> Range-Breakout_01_otp.set
2025-04-27 11:28:28,724 - INFO - Successfully optimized Rapid-Doji-EA_01_standard.set -> Rapid-Doji-EA_01_otp.set
2025-04-27 11:28:28,726 - INFO - Successfully optimized Raymond-Cloudy-Day-for-EA_01_standard.set -> Raymond-Cloudy-Day-for-EA_01_otp.set
2025-04-27 11:28:28,728 - INFO - Successfully optimized Reflex-EA_01_standard.set -> Reflex-EA_01_otp.set
2025-04-27 11:28:28,729 - INFO - Successfully optimized REFLEX-INDICATOR_01_standard.set -> REFLEX-INDICATOR_01_otp.set
2025-04-27 11:28:28,730 - INFO - Successfully optimized Reflex_01_standard.set -> Reflex_01_otp.set
2025-04-27 11:28:28,731 - INFO - Successfully optimized Reversing-Martingale_01_standard.set -> Reversing-Martingale_01_otp.set
2025-04-27 11:28:28,732 - INFO - Successfully optimized RideAlligator_01_standard.set -> RideAlligator_01_otp.set
2025-04-27 11:28:28,734 - INFO - Successfully optimized RNN_01_standard.set -> RNN_01_otp.set
2025-04-27 11:28:28,735 - INFO - Successfully optimized Robot-MACD_01_standard.set -> Robot-MACD_01_otp.set
2025-04-27 11:28:28,736 - INFO - Successfully optimized RobotPowerM5-meta4_01_standard.set -> RobotPowerM5-meta4_01_otp.set
2025-04-27 11:28:28,737 - INFO - Successfully optimized Rollback-system_01_standard.set -> Rollback-system_01_otp.set
2025-04-27 11:28:28,738 - INFO - Successfully optimized RSI-and-Bollinger-Bands_01_standard.set -> RSI-and-Bollinger-Bands_01_otp.set
2025-04-27 11:28:28,740 - INFO - Successfully optimized RSI-Arrow-EA_01_standard.set -> RSI-Arrow-EA_01_otp.set
2025-04-27 11:28:28,741 - INFO - Successfully optimized RSI-Arrow_01_standard.set -> RSI-Arrow_01_otp.set
2025-04-27 11:28:28,743 - INFO - Successfully optimized RSI-EA_01_standard.set -> RSI-EA_01_otp.set
2025-04-27 11:28:28,744 - INFO - Successfully optimized RSI-Eraser_01_standard.set -> RSI-Eraser_01_otp.set
2025-04-27 11:28:28,745 - INFO - Successfully optimized RSI-Expert_01_standard.set -> RSI-Expert_01_otp.set
2025-04-27 11:28:28,746 - INFO - Successfully optimized RSI-Levels_01_standard.set -> RSI-Levels_01_otp.set
2025-04-27 11:28:28,747 - INFO - Successfully optimized RSI-trader_01_standard.set -> RSI-trader_01_otp.set
2025-04-27 11:28:28,749 - INFO - Successfully optimized RSI-Trend-EA_01_standard.set -> RSI-Trend-EA_01_otp.set
2025-04-27 11:28:28,750 - INFO - Successfully optimized RSI-Trend_01_standard.set -> RSI-Trend_01_otp.set
2025-04-27 11:28:28,751 - INFO - Successfully optimized RSI-with-channels-EA_01_standard.set -> RSI-with-channels-EA_01_otp.set
2025-04-27 11:28:28,753 - INFO - Successfully optimized RSI-with-channels_01_standard.set -> RSI-with-channels_01_otp.set
2025-04-27 11:28:28,754 - INFO - Successfully optimized Russian20-hp1_01_standard.set -> Russian20-hp1_01_otp.set
2025-04-27 11:28:28,755 - INFO - Successfully optimized SampleCheckPendingOrder_01_standard.set -> SampleCheckPendingOrder_01_otp.set
2025-04-27 11:28:28,757 - INFO - Successfully optimized SAR-trading_01_standard.set -> SAR-trading_01_otp.set
2025-04-27 11:28:28,759 - INFO - Successfully optimized Secwenta_01_standard.set -> Secwenta_01_otp.set
2025-04-27 11:28:28,760 - INFO - Successfully optimized Sell-Stop_01_standard.set -> Sell-Stop_01_otp.set
2025-04-27 11:28:28,762 - INFO - Successfully optimized Sensitive_01_standard.set -> Sensitive_01_otp.set
2025-04-27 11:28:28,764 - INFO - Successfully optimized Separate-trade_01_standard.set -> Separate-trade_01_otp.set
2025-04-27 11:28:28,765 - INFO - Successfully optimized SilverTrend_01_standard.set -> SilverTrend_01_otp.set
2025-04-27 11:28:28,766 - INFO - Successfully optimized Simple-20Price-20Alert-20-20EA_01_standard.set -> Simple-20Price-20Alert-20-20EA_01_otp.set
2025-04-27 11:28:28,768 - INFO - Successfully optimized Simple-20Volume-20EA_01_standard.set -> Simple-20Volume-20EA_01_otp.set
2025-04-27 11:28:28,769 - INFO - Successfully optimized Simple-EA-MA-plus-MACD_01_standard.set -> Simple-EA-MA-plus-MACD_01_otp.set
2025-04-27 11:28:28,771 - INFO - Successfully optimized Simple-FX_01_standard.set -> Simple-FX_01_otp.set
2025-04-27 11:28:28,772 - INFO - Successfully optimized Simple-MACD_01_standard.set -> Simple-MACD_01_otp.set
2025-04-27 11:28:28,773 - INFO - Successfully optimized Simple-Volume-EA_01_standard.set -> Simple-Volume-EA_01_otp.set
2025-04-27 11:28:28,774 - INFO - Successfully optimized SimplePivot_01_standard.set -> SimplePivot_01_otp.set
2025-04-27 11:28:28,775 - INFO - Successfully optimized Simplest-Hedging-EA-ever_01_standard.set -> Simplest-Hedging-EA-ever_01_otp.set
2025-04-27 11:28:28,777 - INFO - Successfully optimized SimpleTrade _01_standard.set -> SimpleTrade _01_otp.set
2025-04-27 11:28:28,778 - INFO - Successfully optimized Six-Soldiers-EA-Grid_01_standard.set -> Six-Soldiers-EA-Grid_01_otp.set
2025-04-27 11:28:28,780 - INFO - Successfully optimized Six-Soldiers-EA_01_standard.set -> Six-Soldiers-EA_01_otp.set
2025-04-27 11:28:28,781 - INFO - Successfully optimized Six-Soldiers_01_standard.set -> Six-Soldiers_01_otp.set
2025-04-27 11:28:28,782 - INFO - Successfully optimized Small-Inside-Bar-Strategy_01_standard.set -> Small-Inside-Bar-Strategy_01_otp.set
2025-04-27 11:28:28,784 - INFO - Successfully optimized Smart-Machine-20EA_01_standard.set -> Smart-Machine-20EA_01_otp.set
2025-04-27 11:28:28,785 - INFO - Successfully optimized Smoothing-Average_01_standard.set -> Smoothing-Average_01_otp.set
2025-04-27 11:28:28,786 - INFO - Successfully optimized Spasm_01_standard.set -> Spasm_01_otp.set
2025-04-27 11:28:28,787 - INFO - Successfully optimized ssb5-123_01_standard.set -> ssb5-123_01_otp.set
2025-04-27 11:28:28,789 - INFO - Successfully optimized Starter_01_standard.set -> Starter_01_otp.set
2025-04-27 11:28:28,790 - INFO - Successfully optimized Steve-Cartwright-Trader-Camel-CCI-MACD_01_standard.set -> Steve-Cartwright-Trader-Camel-CCI-MACD_01_otp.set
2025-04-27 11:28:28,791 - INFO - Successfully optimized Stoch-EA-1192_01_standard.set -> Stoch-EA-1192_01_otp.set
2025-04-27 11:28:28,792 - INFO - Successfully optimized Stochastic-20Alert_01_standard.set -> Stochastic-20Alert_01_otp.set
2025-04-27 11:28:28,793 - INFO - Successfully optimized Stochastic-K-Divergence.lua_01_standard.set -> Stochastic-K-Divergence.lua_01_otp.set
2025-04-27 11:28:28,794 - INFO - Successfully optimized stochastic-three-periods_01_standard.set -> stochastic-three-periods_01_otp.set
2025-04-27 11:28:28,797 - INFO - Successfully optimized StochasticDiffSign-EA_01_standard.set -> StochasticDiffSign-EA_01_otp.set
2025-04-27 11:28:28,798 - INFO - Successfully optimized stochasticdiffsign_01_standard.set -> stochasticdiffsign_01_otp.set
2025-04-27 11:28:28,799 - INFO - Successfully optimized StochMA-EA_01_standard.set -> StochMA-EA_01_otp.set
2025-04-27 11:28:28,800 - INFO - Successfully optimized StochMA_01_standard.set -> StochMA_01_otp.set
2025-04-27 11:28:28,801 - INFO - Successfully optimized Stoch_01_standard.set -> Stoch_01_otp.set
2025-04-27 11:28:28,802 - INFO - Successfully optimized Stop-Loss-Take-Profit_01_standard.set -> Stop-Loss-Take-Profit_01_otp.set
2025-04-27 11:28:28,804 - INFO - Successfully optimized StraddleqTrail_01_standard.set -> StraddleqTrail_01_otp.set
2025-04-27 11:28:28,805 - INFO - Successfully optimized Surefirething_01_standard.set -> Surefirething_01_otp.set
2025-04-27 11:28:28,806 - INFO - Successfully optimized TDSGlobal_01_standard.set -> TDSGlobal_01_otp.set
2025-04-27 11:28:28,807 - INFO - Successfully optimized The-MasterMind-2_01_standard.set -> The-MasterMind-2_01_otp.set
2025-04-27 11:28:28,809 - INFO - Successfully optimized The-MasterMind-3_01_standard.set -> The-MasterMind-3_01_otp.set
2025-04-27 11:28:28,810 - INFO - Successfully optimized The-MasterMind_01_standard.set -> The-MasterMind_01_otp.set
2025-04-27 11:28:28,811 - INFO - Successfully optimized The-Puncher_01_standard.set -> The-Puncher_01_otp.set
2025-04-27 11:28:28,813 - INFO - Successfully optimized TheClassicTurtleTrader-no-dots-EA_01_standard.set -> TheClassicTurtleTrader-no-dots-EA_01_otp.set
2025-04-27 11:28:28,814 - INFO - Successfully optimized TheClassicTurtleTrader-no-dots_01_standard.set -> TheClassicTurtleTrader-no-dots_01_otp.set
2025-04-27 11:28:28,815 - INFO - Successfully optimized Three-indicators_01_standard.set -> Three-indicators_01_otp.set
2025-04-27 11:28:28,817 - INFO - Successfully optimized Three-neural-networks_01_standard.set -> Three-neural-networks_01_otp.set
2025-04-27 11:28:28,818 - INFO - Successfully optimized Three-timeframes_01_standard.set -> Three-timeframes_01_otp.set
2025-04-27 11:28:28,820 - INFO - Successfully optimized Three-Typical-Candles_01_standard.set -> Three-Typical-Candles_01_otp.set
2025-04-27 11:28:28,821 - INFO - Successfully optimized Time-sync-forts_01_standard.set -> Time-sync-forts_01_otp.set
2025-04-27 11:28:28,822 - INFO - Successfully optimized timer-trade_01_standard.set -> timer-trade_01_otp.set
2025-04-27 11:28:28,824 - INFO - Successfully optimized TMA-ATR-Channel_01_standard.set -> TMA-ATR-Channel_01_otp.set
2025-04-27 11:28:28,825 - INFO - Successfully optimized TMA-ATR-EA_01_standard.set -> TMA-ATR-EA_01_otp.set
2025-04-27 11:28:28,827 - INFO - Successfully optimized TMA-CG-EA_01_standard.set -> TMA-CG-EA_01_otp.set
2025-04-27 11:28:28,828 - INFO - Successfully optimized TMA-CG-Martingale-20EA_01_standard.set -> TMA-CG-Martingale-20EA_01_otp.set
2025-04-27 11:28:28,830 - INFO - Successfully optimized TMA-CG-mladen_01_standard.set -> TMA-CG-mladen_01_otp.set
2025-04-27 11:28:28,831 - INFO - Successfully optimized TMA-CG-special_01_standard.set -> TMA-CG-special_01_otp.set
2025-04-27 11:28:28,833 - INFO - Successfully optimized TMA-slope-bands_01_standard.set -> TMA-slope-bands_01_otp.set
2025-04-27 11:28:28,834 - INFO - Successfully optimized TmaTrue-2.0-with-Distances-6xx_01_standard.set -> TmaTrue-2.0-with-Distances-6xx_01_otp.set
2025-04-27 11:28:28,835 - INFO - Successfully optimized TmaTrue-3.0-with-Distances-6xx_01_standard.set -> TmaTrue-3.0-with-Distances-6xx_01_otp.set
2025-04-27 11:28:28,836 - INFO - Successfully optimized TP-with-money_01_standard.set -> TP-with-money_01_otp.set
2025-04-27 11:28:28,838 - INFO - Successfully optimized Trade-in-Channel_01_standard.set -> Trade-in-Channel_01_otp.set
2025-04-27 11:28:28,839 - INFO - Successfully optimized Trade-on-qualified-RSI_01_standard.set -> Trade-on-qualified-RSI_01_otp.set
2025-04-27 11:28:28,841 - INFO - Successfully optimized Trading-Breakout-MrThanhTan_01_standard.set -> Trading-Breakout-MrThanhTan_01_otp.set
2025-04-27 11:28:28,842 - INFO - Successfully optimized Trend-Trader-Strategy-EA_01_standard.set -> Trend-Trader-Strategy-EA_01_otp.set
2025-04-27 11:28:28,843 - INFO - Successfully optimized Trend-Trader-Strategy_01_standard.set -> Trend-Trader-Strategy_01_otp.set
2025-04-27 11:28:28,845 - INFO - Successfully optimized Tru-EA_01_standard.set -> Tru-EA_01_otp.set
2025-04-27 11:28:28,847 - INFO - Successfully optimized True-Scalper-Profit-Lock_01_standard.set -> True-Scalper-Profit-Lock_01_otp.set
2025-04-27 11:28:28,848 - INFO - Successfully optimized TrueSort-1100_01_standard.set -> TrueSort-1100_01_otp.set
2025-04-27 11:28:28,849 - INFO - Successfully optimized Tunnel-gen4_01_standard.set -> Tunnel-gen4_01_otp.set
2025-04-27 11:28:28,850 - INFO - Successfully optimized Tunnel-Method_01_standard.set -> Tunnel-Method_01_otp.set
2025-04-27 11:28:28,852 - INFO - Successfully optimized TurnGrid_01_standard.set -> TurnGrid_01_otp.set
2025-04-27 11:28:28,853 - INFO - Successfully optimized Two PerBar _01_standard.set -> Two PerBar _01_otp.set
2025-04-27 11:28:28,855 - INFO - Successfully optimized Two-20MA-20RSI-20ADX-20EA_01_standard.set -> Two-20MA-20RSI-20ADX-20EA_01_otp.set
2025-04-27 11:28:28,856 - INFO - Successfully optimized Two-20Orders-20Panel_01_standard.set -> Two-20Orders-20Panel_01_otp.set
2025-04-27 11:28:28,857 - INFO - Successfully optimized Two-pending-orders-2_01_standard.set -> Two-pending-orders-2_01_otp.set
2025-04-27 11:28:28,858 - INFO - Successfully optimized UnityPro_01_standard.set -> UnityPro_01_otp.set
2025-04-27 11:28:28,860 - INFO - Successfully optimized UniversalMACrossEA_01_standard.set -> UniversalMACrossEA_01_otp.set
2025-04-27 11:28:28,861 - INFO - Successfully optimized UniversalSignalDemo_01_standard.set -> UniversalSignalDemo_01_otp.set
2025-04-27 11:28:28,862 - INFO - Successfully optimized Universum-3.0_01_standard.set -> Universum-3.0_01_otp.set
2025-04-27 11:28:28,863 - INFO - Successfully optimized UnNomGuai-20EA_01_standard.set -> UnNomGuai-20EA_01_otp.set
2025-04-27 11:28:28,864 - INFO - Successfully optimized up3x1-Investor_01_standard.set -> up3x1-Investor_01_otp.set
2025-04-27 11:28:28,866 - INFO - Successfully optimized up3x1-premium-M_01_standard.set -> up3x1-premium-M_01_otp.set
2025-04-27 11:28:28,867 - INFO - Successfully optimized up3x1_01_standard.set -> up3x1_01_otp.set
2025-04-27 11:28:28,868 - INFO - Successfully optimized Urdala-Trol_01_standard.set -> Urdala-Trol_01_otp.set
2025-04-27 11:28:28,869 - INFO - Successfully optimized Very-Blonde-System_01_standard.set -> Very-Blonde-System_01_otp.set
2025-04-27 11:28:28,870 - INFO - Successfully optimized Virtual-Trailing-Stop_01_standard.set -> Virtual-Trailing-Stop_01_otp.set
2025-04-27 11:28:28,872 - INFO - Successfully optimized VLT-TRADER_01_standard.set -> VLT-TRADER_01_otp.set
2025-04-27 11:28:28,873 - INFO - Successfully optimized Volume-trader_01_standard.set -> Volume-trader_01_otp.set
2025-04-27 11:28:28,875 - INFO - Successfully optimized Vortex-Indicator-System_01_standard.set -> Vortex-Indicator-System_01_otp.set
2025-04-27 11:28:28,876 - INFO - Successfully optimized VR-Overturn_01_standard.set -> VR-Overturn_01_otp.set
2025-04-27 11:28:28,877 - INFO - Successfully optimized VR-ZVER-v.2_01_standard.set -> VR-ZVER-v.2_01_otp.set
2025-04-27 11:28:28,878 - INFO - Successfully optimized VR-ZVER_01_standard.set -> VR-ZVER_01_otp.set
2025-04-27 11:28:28,879 - INFO - Successfully optimized VZO_01_standard.set -> VZO_01_otp.set
2025-04-27 11:28:28,881 - INFO - Successfully optimized Waddah-Attar-Win_01_standard.set -> Waddah-Attar-Win_01_otp.set
2025-04-27 11:28:28,882 - INFO - Successfully optimized WE-TRUST_01_standard.set -> WE-TRUST_01_otp.set
2025-04-27 11:28:28,883 - INFO - Successfully optimized X-RSIOMA_01_standard.set -> X-RSIOMA_01_otp.set
2025-04-27 11:28:28,884 - INFO - Successfully optimized Yesterday-Today_01_standard.set -> Yesterday-Today_01_otp.set
2025-04-27 11:28:28,886 - INFO - Successfully optimized 10-pips-EURUSD_01_standard.set -> 10-pips-EURUSD_01_otp.set
2025-04-27 11:28:28,887 - INFO - Successfully optimized 10-pips_01_standard.set -> 10-pips_01_otp.set
2025-04-27 11:28:28,889 - INFO - Successfully optimized 1H-EUR-USD_01_standard.set -> 1H-EUR-USD_01_otp.set
2025-04-27 11:28:28,890 - INFO - Successfully optimized 20011201-GBPUSD-M1_01_standard.set -> 20011201-GBPUSD-M1_01_otp.set
2025-04-27 11:28:28,891 - INFO - Successfully optimized 21hour_01_standard.set -> 21hour_01_otp.set
2025-04-27 11:28:28,893 - INFO - Successfully optimized 2HR-HL_01_standard.set -> 2HR-HL_01_otp.set
2025-04-27 11:28:28,894 - INFO - Successfully optimized 2MA-4Level_01_standard.set -> 2MA-4Level_01_otp.set
2025-04-27 11:28:28,895 - INFO - Successfully optimized 2MA-Bunny-Cross_01_standard.set -> 2MA-Bunny-Cross_01_otp.set
2025-04-27 11:28:28,896 - INFO - Successfully optimized 3-bars-high-low-indicator_01_standard.set -> 3-bars-high-low-indicator_01_otp.set
2025-04-27 11:28:28,898 - INFO - Successfully optimized 35-Pip-Scalper_01_standard.set -> 35-Pip-Scalper_01_otp.set
2025-04-27 11:28:28,899 - INFO - Successfully optimized 3BarsHighLowEA_01_standard.set -> 3BarsHighLowEA_01_otp.set
2025-04-27 11:28:28,900 - INFO - Successfully optimized 3sma_01_standard.set -> 3sma_01_otp.set
2025-04-27 11:28:28,902 - INFO - Successfully optimized 500_01_standard.set -> 500_01_otp.set
2025-04-27 11:28:28,903 - INFO - Successfully optimized 55-MA_01_standard.set -> 55-MA_01_otp.set
2025-04-27 11:28:28,904 - INFO - Successfully optimized Above-Below-MA_01_standard.set -> Above-Below-MA_01_otp.set
2025-04-27 11:28:28,905 - INFO - Successfully optimized Absorption_01_standard.set -> Absorption_01_otp.set
2025-04-27 11:28:28,907 - INFO - Successfully optimized ADX-MACD-Deev_01_standard.set -> ADX-MACD-Deev_01_otp.set
2025-04-27 11:28:28,908 - INFO - Successfully optimized ADX-MA_01_standard.set -> ADX-MA_01_otp.set
2025-04-27 11:28:28,909 - INFO - Successfully optimized ADX-System_01_standard.set -> ADX-System_01_otp.set
2025-04-27 11:28:28,910 - INFO - Successfully optimized AIS1_01_standard.set -> AIS1_01_otp.set
2025-04-27 11:28:28,911 - INFO - Successfully optimized Alexav-D1-Profit-GBPUSD_01_standard.set -> Alexav-D1-Profit-GBPUSD_01_otp.set
2025-04-27 11:28:28,913 - INFO - Successfully optimized All-Average-Ea_01_standard.set -> All-Average-Ea_01_otp.set
2025-04-27 11:28:28,914 - INFO - Successfully optimized Alligator-Simple_01_standard.set -> Alligator-Simple_01_otp.set
2025-04-27 11:28:28,916 - INFO - Successfully optimized Alligator_01_standard.set -> Alligator_01_otp.set
2025-04-27 11:28:28,917 - INFO - Successfully optimized Altarius-RSI-Stohastic_01_standard.set -> Altarius-RSI-Stohastic_01_otp.set
2025-04-27 11:28:28,918 - INFO - Successfully optimized AMA-Trader-2_01_standard.set -> AMA-Trader-2_01_otp.set
2025-04-27 11:28:28,919 - INFO - Successfully optimized AMA-Trader_01_standard.set -> AMA-Trader_01_otp.set
2025-04-27 11:28:28,920 - INFO - Successfully optimized AO-Lightning_01_standard.set -> AO-Lightning_01_otp.set
2025-04-27 11:28:28,922 - INFO - Successfully optimized AOCCI_01_standard.set -> AOCCI_01_otp.set
2025-04-27 11:28:28,923 - INFO - Successfully optimized Arbitrage_01_standard.set -> Arbitrage_01_otp.set
2025-04-27 11:28:28,924 - INFO - Successfully optimized ArbSint_01_standard.set -> ArbSint_01_otp.set
2025-04-27 11:28:28,925 - INFO - Successfully optimized Area-MACD_01_standard.set -> Area-MACD_01_otp.set
2025-04-27 11:28:28,926 - INFO - Successfully optimized Artificial-Intelligence_01_standard.set -> Artificial-Intelligence_01_otp.set
2025-04-27 11:28:28,928 - INFO - Successfully optimized At-random-Full_01_standard.set -> At-random-Full_01_otp.set
2025-04-27 11:28:28,930 - INFO - Successfully optimized At-random_01_standard.set -> At-random_01_otp.set
2025-04-27 11:28:28,931 - INFO - Successfully optimized Auto-ADX_01_standard.set -> Auto-ADX_01_otp.set
2025-04-27 11:28:28,933 - INFO - Successfully optimized Auto-Pivot-Plotter-28Mid-Levels-29-41_01_standard.set -> Auto-Pivot-Plotter-28Mid-Levels-29-41_01_otp.set
2025-04-27 11:28:28,934 - INFO - Successfully optimized AutoLock-EA_01_standard.set -> AutoLock-EA_01_otp.set
2025-04-27 11:28:28,936 - INFO - Successfully optimized Autotrader-Momentum_01_standard.set -> Autotrader-Momentum_01_otp.set
2025-04-27 11:28:28,937 - INFO - Successfully optimized Avalanche-AV_01_standard.set -> Avalanche-AV_01_otp.set
2025-04-27 11:28:28,938 - INFO - Successfully optimized Backbone_01_standard.set -> Backbone_01_otp.set
2025-04-27 11:28:28,939 - INFO - Successfully optimized BADX_01_standard.set -> BADX_01_otp.set
2025-04-27 11:28:28,941 - INFO - Successfully optimized Bago-EA_01_standard.set -> Bago-EA_01_otp.set
2025-04-27 11:28:28,943 - INFO - Successfully optimized BalancedScalper-20EA_01_standard.set -> BalancedScalper-20EA_01_otp.set
2025-04-27 11:28:28,944 - INFO - Successfully optimized Bands-2_01_standard.set -> Bands-2_01_otp.set
2025-04-27 11:28:28,945 - INFO - Successfully optimized BARS-Alligator_01_standard.set -> BARS-Alligator_01_otp.set
2025-04-27 11:28:28,947 - INFO - Successfully optimized Basic-CCI-RSI_01_standard.set -> Basic-CCI-RSI_01_otp.set
2025-04-27 11:28:28,948 - INFO - Successfully optimized Basic-Martingale-EA-3_01_standard.set -> Basic-Martingale-EA-3_01_otp.set
2025-04-27 11:28:28,950 - INFO - Successfully optimized BBPercentile-EA_01_standard.set -> BBPercentile-EA_01_otp.set
2025-04-27 11:28:28,951 - INFO - Successfully optimized BBPercentile_01_standard.set -> BBPercentile_01_otp.set
2025-04-27 11:28:28,953 - INFO - Successfully optimized BDCrossOver-20EA_01_standard.set -> BDCrossOver-20EA_01_otp.set
2025-04-27 11:28:28,954 - INFO - Successfully optimized BIG-DOG_01_standard.set -> BIG-DOG_01_otp.set
2025-04-27 11:28:28,956 - INFO - Successfully optimized Bill-Williams_01_standard.set -> Bill-Williams_01_otp.set
2025-04-27 11:28:28,957 - INFO - Successfully optimized Bollinger-Band-Two-MA-and-Zig-Zag_01_standard.set -> Bollinger-Band-Two-MA-and-Zig-Zag_01_otp.set
2025-04-27 11:28:28,959 - INFO - Successfully optimized Bollinger-Bands-N-positions_01_standard.set -> Bollinger-Bands-N-positions_01_otp.set
2025-04-27 11:28:28,960 - INFO - Successfully optimized Bollinger-Bands-RSI_01_standard.set -> Bollinger-Bands-RSI_01_otp.set
2025-04-27 11:28:28,961 - INFO - Successfully optimized bollinger_01_standard.set -> bollinger_01_otp.set
2025-04-27 11:28:28,963 - INFO - Successfully optimized Brakeout-Trader_01_standard.set -> Brakeout-Trader_01_otp.set
2025-04-27 11:28:28,964 - INFO - Successfully optimized Brandy_01_standard.set -> Brandy_01_otp.set
2025-04-27 11:28:28,965 - INFO - Successfully optimized Breadandbutter2_01_standard.set -> Breadandbutter2_01_otp.set
2025-04-27 11:28:28,967 - INFO - Successfully optimized Breakdown-catcher_01_standard.set -> Breakdown-catcher_01_otp.set
2025-04-27 11:28:28,968 - INFO - Successfully optimized breakdown_01_standard.set -> breakdown_01_otp.set
2025-04-27 11:28:28,970 - INFO - Successfully optimized Breakout-Str_01_standard.set -> Breakout-Str_01_otp.set
2025-04-27 11:28:28,971 - INFO - Successfully optimized Bronze-Warrioir_01_standard.set -> Bronze-Warrioir_01_otp.set
2025-04-27 11:28:28,972 - INFO - Successfully optimized Bruno_01_standard.set -> Bruno_01_otp.set
2025-04-27 11:28:28,973 - INFO - Successfully optimized BSS-1-0_01_standard.set -> BSS-1-0_01_otp.set
2025-04-27 11:28:28,974 - INFO - Successfully optimized Bullish-and-Bearish-Engulfing_01_standard.set -> Bullish-and-Bearish-Engulfing_01_otp.set
2025-04-27 11:28:28,976 - INFO - Successfully optimized Burg-Extrapolator_01_standard.set -> Burg-Extrapolator_01_otp.set
2025-04-27 11:28:28,978 - INFO - Successfully optimized BykovTrend-EA_01_standard.set -> BykovTrend-EA_01_otp.set
2025-04-27 11:28:28,979 - INFO - Successfully optimized Calculate-lotsize-and-Trailling-stop_01_standard.set -> Calculate-lotsize-and-Trailling-stop_01_otp.set
2025-04-27 11:28:28,981 - INFO - Successfully optimized candlepatternsexample_01_standard.set -> candlepatternsexample_01_otp.set
2025-04-27 11:28:28,982 - INFO - Successfully optimized Candle_01_standard.set -> Candle_01_otp.set
2025-04-27 11:28:28,983 - INFO - Successfully optimized Carbophos_01_standard.set -> Carbophos_01_otp.set
2025-04-27 11:28:28,985 - INFO - Successfully optimized CashMachine-5min_01_standard.set -> CashMachine-5min_01_otp.set
2025-04-27 11:28:28,986 - INFO - Successfully optimized CCI-MACD-Scalper_01_standard.set -> CCI-MACD-Scalper_01_otp.set
2025-04-27 11:28:28,987 - INFO - Successfully optimized Cidomo_01_standard.set -> Cidomo_01_otp.set
2025-04-27 11:28:28,988 - INFO - Successfully optimized CloseAgent_01_standard.set -> CloseAgent_01_otp.set
2025-04-27 11:28:28,990 - INFO - Successfully optimized CloseProfit_01_standard.set -> CloseProfit_01_otp.set
2025-04-27 11:28:28,992 - INFO - Successfully optimized cloud's-trade-2_01_standard.set -> cloud's-trade-2_01_otp.set
2025-04-27 11:28:28,993 - INFO - Successfully optimized CLOUD_01_standard.set -> CLOUD_01_otp.set
2025-04-27 11:28:28,994 - INFO - Successfully optimized Constituents-EA_01_standard.set -> Constituents-EA_01_otp.set
2025-04-27 11:28:28,995 - INFO - Successfully optimized Contrarian-trade-MA_01_standard.set -> Contrarian-trade-MA_01_otp.set
2025-04-27 11:28:28,997 - INFO - Successfully optimized Crossing-Moving-Average_01_standard.set -> Crossing-Moving-Average_01_otp.set
2025-04-27 11:28:28,998 - INFO - Successfully optimized CrossMA_01_standard.set -> CrossMA_01_otp.set
2025-04-27 11:28:29,000 - INFO - Successfully optimized Currencyprofits-01.1_01_standard.set -> Currencyprofits-01.1_01_otp.set
2025-04-27 11:28:29,001 - INFO - Successfully optimized Daily-20reversal-20-20EA_01_standard.set -> Daily-20reversal-20-20EA_01_otp.set
2025-04-27 11:28:29,002 - INFO - Successfully optimized Daily-BreakPoint_01_standard.set -> Daily-BreakPoint_01_otp.set
2025-04-27 11:28:29,004 - INFO - Successfully optimized Daily-Open-EA_01_standard.set -> Daily-Open-EA_01_otp.set
2025-04-27 11:28:29,006 - INFO - Successfully optimized Daily-range_01_standard.set -> Daily-range_01_otp.set
2025-04-27 11:28:29,007 - INFO - Successfully optimized Day-Trading-PAMXA_01_standard.set -> Day-Trading-PAMXA_01_otp.set
2025-04-27 11:28:29,008 - INFO - Successfully optimized Daydream_01_standard.set -> Daydream_01_otp.set
2025-04-27 11:28:29,009 - INFO - Successfully optimized DayTrading_01_standard.set -> DayTrading_01_otp.set
2025-04-27 11:28:29,011 - INFO - Successfully optimized Dealers-Trade-v-7.74-MACD_01_standard.set -> Dealers-Trade-v-7.74-MACD_01_otp.set
2025-04-27 11:28:29,013 - INFO - Successfully optimized Deep-Drawdown-MA_01_standard.set -> Deep-Drawdown-MA_01_otp.set
2025-04-27 11:28:29,014 - INFO - Successfully optimized DeMarker-gaining-position-volume-2_01_standard.set -> DeMarker-gaining-position-volume-2_01_otp.set
2025-04-27 11:28:29,015 - INFO - Successfully optimized DeMarker-gaining-position-volume_01_standard.set -> DeMarker-gaining-position-volume_01_otp.set
2025-04-27 11:28:29,016 - INFO - Successfully optimized DeMarker-Pending-2-5_01_standard.set -> DeMarker-Pending-2-5_01_otp.set
2025-04-27 11:28:29,018 - INFO - Successfully optimized DeMarker-Pending-2_01_standard.set -> DeMarker-Pending-2_01_otp.set
2025-04-27 11:28:29,020 - INFO - Successfully optimized DeMarker-Pending_01_standard.set -> DeMarker-Pending_01_otp.set
2025-04-27 11:28:29,021 - INFO - Successfully optimized Dematus_01_standard.set -> Dematus_01_otp.set
2025-04-27 11:28:29,022 - INFO - Successfully optimized Divergence-20for-20many-20indicator_01_standard.set -> Divergence-20for-20many-20indicator_01_otp.set
2025-04-27 11:28:29,023 - INFO - Successfully optimized Divergence-EA_01_standard.set -> Divergence-EA_01_otp.set
2025-04-27 11:28:29,025 - INFO - Successfully optimized Doji-Arrows_01_standard.set -> Doji-Arrows_01_otp.set
2025-04-27 11:28:29,026 - INFO - Successfully optimized DojiTrader_01_standard.set -> DojiTrader_01_otp.set
2025-04-27 11:28:29,027 - INFO - Successfully optimized Donchian-Chanel-EA_01_standard.set -> Donchian-Chanel-EA_01_otp.set
2025-04-27 11:28:29,028 - INFO - Successfully optimized DoubleHullMA-EA_01_standard.set -> DoubleHullMA-EA_01_otp.set
2025-04-27 11:28:29,029 - INFO - Successfully optimized DoubleHullMA_01_standard.set -> DoubleHullMA_01_otp.set
2025-04-27 11:28:29,030 - INFO - Successfully optimized DoubleMA-Crossover-EA_01_standard.set -> DoubleMA-Crossover-EA_01_otp.set
2025-04-27 11:28:29,032 - INFO - Successfully optimized Doubler_01_standard.set -> Doubler_01_otp.set
2025-04-27 11:28:29,033 - INFO - Successfully optimized dummy_01_standard.set -> dummy_01_otp.set
2025-04-27 11:28:29,042 - INFO - Successfully optimized Dynamic-averaging_01_standard.set -> Dynamic-averaging_01_otp.set
2025-04-27 11:28:29,043 - INFO - Successfully optimized e-Breakeven_01_standard.set -> e-Breakeven_01_otp.set
2025-04-27 11:28:29,047 - INFO - Successfully optimized E-Friday_01_standard.set -> E-Friday_01_otp.set
2025-04-27 11:28:29,049 - INFO - Successfully optimized E-Skoch-Open_01_standard.set -> E-Skoch-Open_01_otp.set
2025-04-27 11:28:29,051 - INFO - Successfully optimized e-Skoch-pending-orders_01_standard.set -> e-Skoch-pending-orders_01_otp.set
2025-04-27 11:28:29,053 - INFO - Successfully optimized e-Smart-Trailing_01_standard.set -> e-Smart-Trailing_01_otp.set
2025-04-27 11:28:29,056 - INFO - Successfully optimized e-TurboFx_01_standard.set -> e-TurboFx_01_otp.set
2025-04-27 11:28:29,058 - INFO - Successfully optimized EA-Close_01_standard.set -> EA-Close_01_otp.set
2025-04-27 11:28:29,060 - INFO - Successfully optimized EA-MA-Stoch-RSI_01_standard.set -> EA-MA-Stoch-RSI_01_otp.set
2025-04-27 11:28:29,063 - INFO - Successfully optimized EA-Moving-Average_01_standard.set -> EA-Moving-Average_01_otp.set
2025-04-27 11:28:29,067 - INFO - Successfully optimized Elite-eFibo-Trader_01_standard.set -> Elite-eFibo-Trader_01_otp.set
2025-04-27 11:28:29,069 - INFO - Successfully optimized EMA-6.12_01_standard.set -> EMA-6.12_01_otp.set
2025-04-27 11:28:29,071 - INFO - Successfully optimized EMA-CROSS_01_standard.set -> EMA-CROSS_01_otp.set
2025-04-27 11:28:29,073 - INFO - Successfully optimized EMA-LWMA-RSI_01_standard.set -> EMA-LWMA-RSI_01_otp.set
2025-04-27 11:28:29,076 - INFO - Successfully optimized EMA-RSI-EA_01_standard.set -> EMA-RSI-EA_01_otp.set
2025-04-27 11:28:29,077 - INFO - Successfully optimized EMA-WMA_01_standard.set -> EMA-WMA_01_otp.set
2025-04-27 11:28:29,080 - INFO - Successfully optimized EMA_01_standard.set -> EMA_01_otp.set
2025-04-27 11:28:29,082 - INFO - Successfully optimized Eugene_01_standard.set -> Eugene_01_otp.set
2025-04-27 11:28:29,084 - INFO - Successfully optimized eur-usd-m5_01_standard.set -> eur-usd-m5_01_otp.set
2025-04-27 11:28:29,085 - INFO - Successfully optimized EURUSD-breakout_01_standard.set -> EURUSD-breakout_01_otp.set
2025-04-27 11:28:29,088 - INFO - Successfully optimized Executer-AC_01_standard.set -> Executer-AC_01_otp.set
2025-04-27 11:28:29,090 - INFO - Successfully optimized Executor-AO_01_standard.set -> Executor-AO_01_otp.set
2025-04-27 11:28:29,092 - INFO - Successfully optimized Executor-Candles_01_standard.set -> Executor-Candles_01_otp.set
2025-04-27 11:28:29,095 - INFO - Successfully optimized exp-Amstell_01_standard.set -> exp-Amstell_01_otp.set
2025-04-27 11:28:29,098 - INFO - Successfully optimized Expert-NEWS_01_standard.set -> Expert-NEWS_01_otp.set
2025-04-27 11:28:29,101 - INFO - Successfully optimized Expert-RSI-Stochastic-MA_01_standard.set -> Expert-RSI-Stochastic-MA_01_otp.set
2025-04-27 11:28:29,104 - INFO - Successfully optimized ExtremePrice-EA_01_standard.set -> ExtremePrice-EA_01_otp.set
2025-04-27 11:28:29,106 - INFO - Successfully optimized FiboRetracement-20EA_01_standard.set -> FiboRetracement-20EA_01_otp.set
2025-04-27 11:28:29,109 - INFO - Successfully optimized Firebird_01_standard.set -> Firebird_01_otp.set
2025-04-27 11:28:29,112 - INFO - Successfully optimized Firestorm-EA_01_standard.set -> Firestorm-EA_01_otp.set
2025-04-27 11:28:29,115 - INFO - Successfully optimized Firestorm-indicator_01_standard.set -> Firestorm-indicator_01_otp.set
2025-04-27 11:28:29,117 - INFO - Successfully optimized Fluctuate_01_standard.set -> Fluctuate_01_otp.set
2025-04-27 11:28:29,119 - INFO - Successfully optimized Forex-Fraus-M1_01_standard.set -> Forex-Fraus-M1_01_otp.set
2025-04-27 11:28:29,121 - INFO - Successfully optimized Forex-Profit_01_standard.set -> Forex-Profit_01_otp.set
2025-04-27 11:28:29,123 - INFO - Successfully optimized Fractals-minimum-distance_01_standard.set -> Fractals-minimum-distance_01_otp.set
2025-04-27 11:28:29,126 - INFO - Successfully optimized Fraktrak-xonax_01_standard.set -> Fraktrak-xonax_01_otp.set
2025-04-27 11:28:29,128 - INFO - Successfully optimized Frank-Ud_01_standard.set -> Frank-Ud_01_otp.set
2025-04-27 11:28:29,131 - INFO - Successfully optimized FT-CCI_01_standard.set -> FT-CCI_01_otp.set
2025-04-27 11:28:29,133 - INFO - Successfully optimized Fuzzy-logic_01_standard.set -> Fuzzy-logic_01_otp.set
2025-04-27 11:28:29,135 - INFO - Successfully optimized GalacticExplosion_01_standard.set -> GalacticExplosion_01_otp.set
2025-04-27 11:28:29,137 - INFO - Successfully optimized Gandalf-PRO_01_standard.set -> Gandalf-PRO_01_otp.set
2025-04-27 11:28:29,139 - INFO - Successfully optimized Gap-DM_01_standard.set -> Gap-DM_01_otp.set
2025-04-27 11:28:29,141 - INFO - Successfully optimized GAP-EA_01_standard.set -> GAP-EA_01_otp.set
2025-04-27 11:28:29,143 - INFO - Successfully optimized Gaps_01_standard.set -> Gaps_01_otp.set
2025-04-27 11:28:29,145 - INFO - Successfully optimized GBP9AM_01_standard.set -> GBP9AM_01_otp.set
2025-04-27 11:28:29,147 - INFO - Successfully optimized GbpChf_01_standard.set -> GbpChf_01_otp.set
2025-04-27 11:28:29,149 - INFO - Successfully optimized Gold-Dust_01_standard.set -> Gold-Dust_01_otp.set
2025-04-27 11:28:29,152 - INFO - Successfully optimized GO_01_standard.set -> GO_01_otp.set
2025-04-27 11:28:29,154 - INFO - Successfully optimized GreenTrade_01_standard.set -> GreenTrade_01_otp.set
2025-04-27 11:28:29,156 - INFO - Successfully optimized Grid-Martingale_01_standard.set -> Grid-Martingale_01_otp.set
2025-04-27 11:28:29,159 - INFO - Successfully optimized GridEA_01_standard.set -> GridEA_01_otp.set
2025-04-27 11:28:29,161 - INFO - Successfully optimized Grid_01_standard.set -> Grid_01_otp.set
2025-04-27 11:28:29,164 - INFO - Successfully optimized HarVesteR_01_standard.set -> HarVesteR_01_otp.set
2025-04-27 11:28:29,167 - INFO - Successfully optimized HedgeEA_01_standard.set -> HedgeEA_01_otp.set
2025-04-27 11:28:29,168 - INFO - Successfully optimized hedger_01_standard.set -> hedger_01_otp.set
2025-04-27 11:28:29,171 - INFO - Successfully optimized Hedging-EA_01_standard.set -> Hedging-EA_01_otp.set
2025-04-27 11:28:29,173 - INFO - Successfully optimized Heiken-Ashi-Smoothed-EA-with-MA_01_standard.set -> Heiken-Ashi-Smoothed-EA-with-MA_01_otp.set
2025-04-27 11:28:29,175 - INFO - Successfully optimized Heiken-Ashi-Smoothed-EA_01_standard.set -> Heiken-Ashi-Smoothed-EA_01_otp.set
2025-04-27 11:28:29,176 - INFO - Successfully optimized heiken-ashi-smoothedLine_01_standard.set -> heiken-ashi-smoothedLine_01_otp.set
2025-04-27 11:28:29,178 - INFO - Successfully optimized heiken-ashi-smoothed_01_standard.set -> heiken-ashi-smoothed_01_otp.set
2025-04-27 11:28:29,180 - INFO - Successfully optimized HeikenAshi-Lines-EA_01_standard.set -> HeikenAshi-Lines-EA_01_otp.set
2025-04-27 11:28:29,181 - INFO - Successfully optimized HeikenAshi-Lines_01_standard.set -> HeikenAshi-Lines_01_otp.set
2025-04-27 11:28:29,182 - INFO - Successfully optimized Heinken-Ashi-Color-Candles_01_standard.set -> Heinken-Ashi-Color-Candles_01_otp.set
2025-04-27 11:28:29,184 - INFO - Successfully optimized HelloSmart_01_standard.set -> HelloSmart_01_otp.set
2025-04-27 11:28:29,190 - INFO - Successfully optimized High-Low-EA_01_standard.set -> High-Low-EA_01_otp.set
2025-04-27 11:28:29,193 - INFO - Successfully optimized High-Low-Indicator_01_standard.set -> High-Low-Indicator_01_otp.set
2025-04-27 11:28:29,195 - INFO - Successfully optimized Hoop-master-2_01_standard.set -> Hoop-master-2_01_otp.set
2025-04-27 11:28:29,197 - INFO - Successfully optimized iCCI-iMA_01_standard.set -> iCCI-iMA_01_otp.set
2025-04-27 11:28:29,199 - INFO - Successfully optimized ICH-With-Alert-Derekers-EA_01_standard.set -> ICH-With-Alert-Derekers-EA_01_otp.set
2025-04-27 11:28:29,202 - INFO - Successfully optimized ICH-With-Alert-Derekers_01_standard.set -> ICH-With-Alert-Derekers_01_otp.set
2025-04-27 11:28:29,204 - INFO - Successfully optimized ichimok2005_01_standard.set -> ichimok2005_01_otp.set
2025-04-27 11:28:29,206 - INFO - Successfully optimized Ichimoku-20Kijun-20Alert_01_standard.set -> Ichimoku-20Kijun-20Alert_01_otp.set
2025-04-27 11:28:29,208 - INFO - Successfully optimized Ichimoku-20Tenkan-20Alert_01_standard.set -> Ichimoku-20Tenkan-20Alert_01_otp.set
2025-04-27 11:28:29,210 - INFO - Successfully optimized Ichimoku-Scanner_01_standard.set -> Ichimoku-Scanner_01_otp.set
2025-04-27 11:28:29,211 - INFO - Successfully optimized Ichimoku-Signals-and-Alert_01_standard.set -> Ichimoku-Signals-and-Alert_01_otp.set
2025-04-27 11:28:29,214 - INFO - Successfully optimized IchimokuMTF-EA_01_standard.set -> IchimokuMTF-EA_01_otp.set
2025-04-27 11:28:29,216 - INFO - Successfully optimized Ichimoku_01_standard.set -> Ichimoku_01_otp.set
2025-04-27 11:28:29,217 - INFO - Successfully optimized Ilan-iMA_01_standard.set -> Ilan-iMA_01_otp.set
2025-04-27 11:28:29,218 - INFO - Successfully optimized Ilan1.4_01_standard.set -> Ilan1.4_01_otp.set
2025-04-27 11:28:29,220 - INFO - Successfully optimized iMA-iStdDev_01_standard.set -> iMA-iStdDev_01_otp.set
2025-04-27 11:28:29,221 - INFO - Successfully optimized Indices-Tester_01_standard.set -> Indices-Tester_01_otp.set
2025-04-27 11:28:29,223 - INFO - Successfully optimized Inka-20Edho-20EA_01_standard.set -> Inka-20Edho-20EA_01_otp.set
2025-04-27 11:28:29,224 - INFO - Successfully optimized Intersection-2-iMA_01_standard.set -> Intersection-2-iMA_01_otp.set
2025-04-27 11:28:29,225 - INFO - Successfully optimized IStochastic-Trading_01_standard.set -> IStochastic-Trading_01_otp.set
2025-04-27 11:28:29,226 - INFO - Successfully optimized Ivan_01_standard.set -> Ivan_01_otp.set
2025-04-27 11:28:29,228 - INFO - Successfully optimized iVIDyA-Simple_01_standard.set -> iVIDyA-Simple_01_otp.set
2025-04-27 11:28:29,229 - INFO - Successfully optimized Jackpot-Strategy-EA_01_standard.set -> Jackpot-Strategy-EA_01_otp.set
2025-04-27 11:28:29,230 - INFO - Successfully optimized JackPot-Strategy-Elite_01_standard.set -> JackPot-Strategy-Elite_01_otp.set
2025-04-27 11:28:29,231 - INFO - Successfully optimized JK-BullP-AutoTrader_01_standard.set -> JK-BullP-AutoTrader_01_otp.set
2025-04-27 11:28:29,233 - INFO - Successfully optimized JS-Chaos_01_standard.set -> JS-Chaos_01_otp.set
2025-04-27 11:28:29,234 - INFO - Successfully optimized JS-MA-Day_01_standard.set -> JS-MA-Day_01_otp.set
2025-04-27 11:28:29,235 - INFO - Successfully optimized JS-MA-SAR-Trades_01_standard.set -> JS-MA-SAR-Trades_01_otp.set
2025-04-27 11:28:29,237 - INFO - Successfully optimized KA-Gold-Bot_01_standard.set -> KA-Gold-Bot_01_otp.set
2025-04-27 11:28:29,238 - INFO - Successfully optimized Kue-Electric-EA_01_standard.set -> Kue-Electric-EA_01_otp.set
2025-04-27 11:28:29,239 - INFO - Successfully optimized KueFx-20Arrows_01_standard.set -> KueFx-20Arrows_01_otp.set
2025-04-27 11:28:29,241 - INFO - Successfully optimized KueFx-20Baseline_01_standard.set -> KueFx-20Baseline_01_otp.set
2025-04-27 11:28:29,243 - INFO - Successfully optimized KueFx-Arrows-20EA_01_standard.set -> KueFx-Arrows-20EA_01_otp.set
2025-04-27 11:28:29,245 - INFO - Successfully optimized KueFx-Arrows-EA_01_standard.set -> KueFx-Arrows-EA_01_otp.set
2025-04-27 11:28:29,246 - INFO - Successfully optimized KueFx-Arrows_01_standard.set -> KueFx-Arrows_01_otp.set
2025-04-27 11:28:29,249 - INFO - Successfully optimized KueFx-Baseline-EA_01_standard.set -> KueFx-Baseline-EA_01_otp.set
2025-04-27 11:28:29,250 - INFO - Successfully optimized KueFx-Baseline_01_standard.set -> KueFx-Baseline_01_otp.set
2025-04-27 11:28:29,252 - INFO - Successfully optimized KueFx-Clean-2025-EA_01_standard.set -> KueFx-Clean-2025-EA_01_otp.set
2025-04-27 11:28:29,253 - INFO - Successfully optimized KueFx-Extreme-EA_01_standard.set -> KueFx-Extreme-EA_01_otp.set
2025-04-27 11:28:29,255 - INFO - Successfully optimized KueFx-Harare-EA_01_standard.set -> KueFx-Harare-EA_01_otp.set
2025-04-27 11:28:29,257 - INFO - Successfully optimized KueFX-Money-Management_01_standard.set -> KueFX-Money-Management_01_otp.set
2025-04-27 11:28:29,258 - INFO - Successfully optimized KueFx-Motor-EA_01_standard.set -> KueFx-Motor-EA_01_otp.set
2025-04-27 11:28:29,259 - INFO - Successfully optimized KueFx-Motor_01_standard.set -> KueFx-Motor_01_otp.set
2025-04-27 11:28:29,261 - INFO - Successfully optimized KueFx-Trend_01_standard.set -> KueFx-Trend_01_otp.set
2025-04-27 11:28:29,263 - INFO - Successfully optimized KueFxTrend-20EA_01_standard.set -> KueFxTrend-20EA_01_otp.set
2025-04-27 11:28:29,264 - INFO - Successfully optimized KueFxTrend-EA_01_standard.set -> KueFxTrend-EA_01_otp.set
2025-04-27 11:28:29,265 - INFO - Successfully optimized LarryConnersRSI2_01_standard.set -> LarryConnersRSI2_01_otp.set
2025-04-27 11:28:29,266 - INFO - Successfully optimized Last-ZZ50_01_standard.set -> Last-ZZ50_01_otp.set
2025-04-27 11:28:29,267 - INFO - Successfully optimized Lavika100_01_standard.set -> Lavika100_01_otp.set
2025-04-27 11:28:29,269 - INFO - Successfully optimized LBS_01_standard.set -> LBS_01_otp.set
2025-04-27 11:28:29,270 - INFO - Successfully optimized Lego-EA_01_standard.set -> Lego-EA_01_otp.set
2025-04-27 11:28:29,271 - INFO - Successfully optimized Lesson-3-Price-Action_01_standard.set -> Lesson-3-Price-Action_01_otp.set
2025-04-27 11:28:29,273 - INFO - Successfully optimized Lesson-4-Price-Action-MA-Filter_01_standard.set -> Lesson-4-Price-Action-MA-Filter_01_otp.set
2025-04-27 11:28:29,274 - INFO - Successfully optimized Lesson-6-Trailling-ATR_01_standard.set -> Lesson-6-Trailling-ATR_01_otp.set
2025-04-27 11:28:29,275 - INFO - Successfully optimized Lesson-7-Price-action-Ket-hop-Volume-VSA_01_standard.set -> Lesson-7-Price-action-Ket-hop-Volume-VSA_01_otp.set
2025-04-27 11:28:29,277 - INFO - Successfully optimized Little-EA_01_standard.set -> Little-EA_01_otp.set
2025-04-27 11:28:29,278 - INFO - Successfully optimized Locker_01_standard.set -> Locker_01_otp.set
2025-04-27 11:28:29,279 - INFO - Successfully optimized Lock_01_standard.set -> Lock_01_otp.set
2025-04-27 11:28:29,280 - INFO - Successfully optimized Lucky_01_standard.set -> Lucky_01_otp.set
2025-04-27 11:28:29,282 - INFO - Successfully optimized MA-20Alert_01_standard.set -> MA-20Alert_01_otp.set
2025-04-27 11:28:29,284 - INFO - Successfully optimized MA-20AO-20Arrow_01_standard.set -> MA-20AO-20Arrow_01_otp.set
2025-04-27 11:28:29,285 - INFO - Successfully optimized MA-AO-EA_01_standard.set -> MA-AO-EA_01_otp.set
2025-04-27 11:28:29,286 - INFO - Successfully optimized ma-channels_01_standard.set -> ma-channels_01_otp.set
2025-04-27 11:28:29,287 - INFO - Successfully optimized MA-Cross_01_standard.set -> MA-Cross_01_otp.set
2025-04-27 11:28:29,288 - INFO - Successfully optimized MA-Envelopes_01_standard.set -> MA-Envelopes_01_otp.set
2025-04-27 11:28:29,290 - INFO - Successfully optimized MA-MACD-Position-averaging_01_standard.set -> MA-MACD-Position-averaging_01_otp.set
2025-04-27 11:28:29,291 - INFO - Successfully optimized MA-Trend_01_standard.set -> MA-Trend_01_otp.set
2025-04-27 11:28:29,292 - INFO - Successfully optimized MA2CCI_01_standard.set -> MA2CCI_01_otp.set
2025-04-27 11:28:29,293 - INFO - Successfully optimized MACD-and-SAR_01_standard.set -> MACD-and-SAR_01_otp.set
2025-04-27 11:28:29,294 - INFO - Successfully optimized MACD-Cleaner_01_standard.set -> MACD-Cleaner_01_otp.set
2025-04-27 11:28:29,296 - INFO - Successfully optimized MACD-EA-H4_01_standard.set -> MACD-EA-H4_01_otp.set
2025-04-27 11:28:29,297 - INFO - Successfully optimized MACD-No-Sample_01_standard.set -> MACD-No-Sample_01_otp.set
2025-04-27 11:28:29,298 - INFO - Successfully optimized MACD-signal_01_standard.set -> MACD-signal_01_otp.set
2025-04-27 11:28:29,299 - INFO - Successfully optimized MACD-Stochastic-2_01_standard.set -> MACD-Stochastic-2_01_otp.set
2025-04-27 11:28:29,301 - INFO - Successfully optimized MACD-Stochastic_01_standard.set -> MACD-Stochastic_01_otp.set
2025-04-27 11:28:29,302 - INFO - Successfully optimized MACDCCI_01_standard.set -> MACDCCI_01_otp.set
2025-04-27 11:28:29,304 - INFO - Successfully optimized MacdPatternTraderAll0.01_01_standard.set -> MacdPatternTraderAll0.01_01_otp.set
2025-04-27 11:28:29,305 - INFO - Successfully optimized MacdPatternTraderAll_01_standard.set -> MacdPatternTraderAll_01_otp.set
2025-04-27 11:28:29,306 - INFO - Successfully optimized MACD_01_standard.set -> MACD_01_otp.set
2025-04-27 11:28:29,307 - INFO - Successfully optimized MAGrid_01_standard.set -> MAGrid_01_otp.set
2025-04-27 11:28:29,308 - INFO - Successfully optimized MAMACD_01_standard.set -> MAMACD_01_otp.set
2025-04-27 11:28:29,310 - INFO - Successfully optimized Market-Capture_01_standard.set -> Market-Capture_01_otp.set
2025-04-27 11:28:29,312 - INFO - Successfully optimized Martin-1_01_standard.set -> Martin-1_01_otp.set
2025-04-27 11:28:29,313 - INFO - Successfully optimized Martin-for-small-deposits_01_standard.set -> Martin-for-small-deposits_01_otp.set
2025-04-27 11:28:29,314 - INFO - Successfully optimized MartingailExpert_01_standard.set -> MartingailExpert_01_otp.set
2025-04-27 11:28:29,315 - INFO - Successfully optimized MartinGaleBreakout_01_standard.set -> MartinGaleBreakout_01_otp.set
2025-04-27 11:28:29,316 - INFO - Successfully optimized Martin_01_standard.set -> Martin_01_otp.set
2025-04-27 11:28:29,318 - INFO - Successfully optimized Marubozu-EA_01_standard.set -> Marubozu-EA_01_otp.set
2025-04-27 11:28:29,319 - INFO - Successfully optimized Marubozu_01_standard.set -> Marubozu_01_otp.set
2025-04-27 11:28:29,320 - INFO - Successfully optimized MelBar-EuSwiss-1.85_01_standard.set -> MelBar-EuSwiss-1.85_01_otp.set
2025-04-27 11:28:29,321 - INFO - Successfully optimized MelBar™Take325-™-5.5Y-NZD-USD_01_standard.set -> MelBar™Take325-™-5.5Y-NZD-USD_01_otp.set
2025-04-27 11:28:29,322 - INFO - Successfully optimized Mobo-Bands-EA_01_standard.set -> Mobo-Bands-EA_01_otp.set
2025-04-27 11:28:29,323 - INFO - Successfully optimized Mobo-Bands_01_standard.set -> Mobo-Bands_01_otp.set
2025-04-27 11:28:29,325 - INFO - Successfully optimized Modified-Moving-Averages_01_standard.set -> Modified-Moving-Averages_01_otp.set
2025-04-27 11:28:29,326 - INFO - Successfully optimized Momentum-M15_01_standard.set -> Momentum-M15_01_otp.set
2025-04-27 11:28:29,327 - INFO - Successfully optimized Momo-trades_01_standard.set -> Momo-trades_01_otp.set
2025-04-27 11:28:29,328 - INFO - Successfully optimized Money-Fixed-Margin_01_standard.set -> Money-Fixed-Margin_01_otp.set
2025-04-27 11:28:29,329 - INFO - Successfully optimized Money-Fixed-Risk_01_standard.set -> Money-Fixed-Risk_01_otp.set
2025-04-27 11:28:29,331 - INFO - Successfully optimized MoneyRain_01_standard.set -> MoneyRain_01_otp.set
2025-04-27 11:28:29,333 - INFO - Successfully optimized Morning-evening-star-EA_01_standard.set -> Morning-evening-star-EA_01_otp.set
2025-04-27 11:28:29,334 - INFO - Successfully optimized MostasHaR15-Pivot_01_standard.set -> MostasHaR15-Pivot_01_otp.set
2025-04-27 11:28:29,335 - INFO - Successfully optimized Moving-20average-20and-20ichimoku-20EA_01_standard.set -> Moving-20average-20and-20ichimoku-20EA_01_otp.set
2025-04-27 11:28:29,336 - INFO - Successfully optimized Moving-Average-Trade-System_01_standard.set -> Moving-Average-Trade-System_01_otp.set
2025-04-27 11:28:29,338 - INFO - Successfully optimized Moving-Averages_01_standard.set -> Moving-Averages_01_otp.set
2025-04-27 11:28:29,339 - INFO - Successfully optimized MovingAverageMartinGale_01_standard.set -> MovingAverageMartinGale_01_otp.set
2025-04-27 11:28:29,340 - INFO - Successfully optimized MovingAverage_01_standard.set -> MovingAverage_01_otp.set
2025-04-27 11:28:29,358 - INFO - Successfully optimized MQL5-Wizard-MA-RSI_01_standard.set -> MQL5-Wizard-MA-RSI_01_otp.set
2025-04-27 11:28:29,360 - INFO - Successfully optimized MQL5-Wizard-MACD-Parabolic-SAR_01_standard.set -> MQL5-Wizard-MACD-Parabolic-SAR_01_otp.set
2025-04-27 11:28:29,362 - INFO - Successfully optimized MTC-Сombo_01_standard.set -> MTC-Сombo_01_otp.set
2025-04-27 11:28:29,364 - INFO - Successfully optimized Multi-Stochastic_01_standard.set -> Multi-Stochastic_01_otp.set
2025-04-27 11:28:29,366 - INFO - Successfully optimized MultiMartin_01_standard.set -> MultiMartin_01_otp.set
2025-04-27 11:28:29,368 - INFO - Successfully optimized MySystem_01_standard.set -> MySystem_01_otp.set
2025-04-27 11:28:29,369 - INFO - Successfully optimized N-Candles_01_standard.set -> N-Candles_01_otp.set
2025-04-27 11:28:29,371 - INFO - Successfully optimized Nevalyashka-BreakdownLevel_01_standard.set -> Nevalyashka-BreakdownLevel_01_otp.set
2025-04-27 11:28:29,373 - INFO - Successfully optimized Nevalyashka3-1_01_standard.set -> Nevalyashka3-1_01_otp.set
2025-04-27 11:28:29,374 - INFO - Successfully optimized Nevalyashka_01_standard.set -> Nevalyashka_01_otp.set
2025-04-27 11:28:29,376 - INFO - Successfully optimized New-Martin_01_standard.set -> New-Martin_01_otp.set
2025-04-27 11:28:29,377 - INFO - Successfully optimized New-Random_01_standard.set -> New-Random_01_otp.set
2025-04-27 11:28:29,378 - INFO - Successfully optimized Nextbar_01_standard.set -> Nextbar_01_otp.set
2025-04-27 11:28:29,380 - INFO - Successfully optimized Night-Flat-Trade_01_standard.set -> Night-Flat-Trade_01_otp.set
2025-04-27 11:28:29,382 - INFO - Successfully optimized NightScalper_01_standard.set -> NightScalper_01_otp.set
2025-04-27 11:28:29,383 - INFO - Successfully optimized NRTR-Revers_01_standard.set -> NRTR-Revers_01_otp.set
2025-04-27 11:28:29,384 - INFO - Successfully optimized NUp1Down_01_standard.set -> NUp1Down_01_otp.set
2025-04-27 11:28:29,385 - INFO - Successfully optimized Open-Candle-EA_01_standard.set -> Open-Candle-EA_01_otp.set
2025-04-27 11:28:29,387 - INFO - Successfully optimized Open-Close_01_standard.set -> Open-Close_01_otp.set
2025-04-27 11:28:29,388 - INFO - Successfully optimized Opening-and-ilosing-on-time_01_standard.set -> Opening-and-ilosing-on-time_01_otp.set
2025-04-27 11:28:29,389 - INFO - Successfully optimized Opening-and-Сlosing-on-time_01_standard.set -> Opening-and-Сlosing-on-time_01_otp.set
2025-04-27 11:28:29,390 - INFO - Successfully optimized OpenPendingorderAfterPositionGetStopLoss_01_standard.set -> OpenPendingorderAfterPositionGetStopLoss_01_otp.set
2025-04-27 11:28:29,391 - INFO - Successfully optimized OpenTicks_01_standard.set -> OpenTicks_01_otp.set
2025-04-27 11:28:29,393 - INFO - Successfully optimized ORB-EA-BOX_01_standard.set -> ORB-EA-BOX_01_otp.set
2025-04-27 11:28:29,395 - INFO - Successfully optimized OsMaSter_01_standard.set -> OsMaSter_01_otp.set
2025-04-27 11:28:29,396 - INFO - Successfully optimized OTT-20AND-20PRICE-20CROSS-20EA_01_standard.set -> OTT-20AND-20PRICE-20CROSS-20EA_01_otp.set
2025-04-27 11:28:29,397 - INFO - Successfully optimized OverHedge_01_standard.set -> OverHedge_01_otp.set
2025-04-27 11:28:29,398 - INFO - Successfully optimized OzFx_01_standard.set -> OzFx_01_otp.set
2025-04-27 11:28:29,399 - INFO - Successfully optimized Parabolic-SAR_01_standard.set -> Parabolic-SAR_01_otp.set
2025-04-27 11:28:29,401 - INFO - Successfully optimized PARSI-EA_01_standard.set -> PARSI-EA_01_otp.set
2025-04-27 11:28:29,402 - INFO - Successfully optimized Peceptron-Mult_01_standard.set -> Peceptron-Mult_01_otp.set
2025-04-27 11:28:29,404 - INFO - Successfully optimized Pending-orders-by-time-2_01_standard.set -> Pending-orders-by-time-2_01_otp.set
2025-04-27 11:28:29,405 - INFO - Successfully optimized Pending-orders-by-time_01_standard.set -> Pending-orders-by-time_01_otp.set
2025-04-27 11:28:29,406 - INFO - Successfully optimized Pendulum_01_standard.set -> Pendulum_01_otp.set
2025-04-27 11:28:29,407 - INFO - Successfully optimized Pinball-machine_01_standard.set -> Pinball-machine_01_otp.set
2025-04-27 11:28:29,409 - INFO - Successfully optimized Pinbar-Magic-EA_01_standard.set -> Pinbar-Magic-EA_01_otp.set
2025-04-27 11:28:29,410 - INFO - Successfully optimized PinBar-Magic-Indicator_01_standard.set -> PinBar-Magic-Indicator_01_otp.set
2025-04-27 11:28:29,411 - INFO - Successfully optimized Pipsover_01_standard.set -> Pipsover_01_otp.set
2025-04-27 11:28:29,412 - INFO - Successfully optimized Plan-X_01_standard.set -> Plan-X_01_otp.set
2025-04-27 11:28:29,414 - INFO - Successfully optimized Plateau_01_standard.set -> Plateau_01_otp.set
2025-04-27 11:28:29,415 - INFO - Successfully optimized Poker-SHOW_01_standard.set -> Poker-SHOW_01_otp.set
2025-04-27 11:28:29,417 - INFO - Successfully optimized Precipice-MartIn_01_standard.set -> Precipice-MartIn_01_otp.set
2025-04-27 11:28:29,418 - INFO - Successfully optimized Precipice_01_standard.set -> Precipice_01_otp.set
2025-04-27 11:28:29,419 - INFO - Successfully optimized Probe_01_standard.set -> Probe_01_otp.set
2025-04-27 11:28:29,420 - INFO - Successfully optimized Proffessor_01_standard.set -> Proffessor_01_otp.set
2025-04-27 11:28:29,422 - INFO - Successfully optimized PropFirmHelper_01_standard.set -> PropFirmHelper_01_otp.set
2025-04-27 11:28:29,423 - INFO - Successfully optimized PROphet_01_standard.set -> PROphet_01_otp.set
2025-04-27 11:28:29,424 - INFO - Successfully optimized Puria-method_01_standard.set -> Puria-method_01_otp.set
2025-04-27 11:28:29,426 - INFO - Successfully optimized Rabbit3_01_standard.set -> Rabbit3_01_otp.set
2025-04-27 11:28:29,427 - INFO - Successfully optimized Range-Breakout_01_standard.set -> Range-Breakout_01_otp.set
2025-04-27 11:28:29,429 - INFO - Successfully optimized Rapid-Doji-EA_01_standard.set -> Rapid-Doji-EA_01_otp.set
2025-04-27 11:28:29,430 - INFO - Successfully optimized Raymond-Cloudy-Day-for-EA_01_standard.set -> Raymond-Cloudy-Day-for-EA_01_otp.set
2025-04-27 11:28:29,432 - INFO - Successfully optimized Reflex-EA_01_standard.set -> Reflex-EA_01_otp.set
2025-04-27 11:28:29,433 - INFO - Successfully optimized REFLEX-INDICATOR_01_standard.set -> REFLEX-INDICATOR_01_otp.set
2025-04-27 11:28:29,434 - INFO - Successfully optimized Reflex_01_standard.set -> Reflex_01_otp.set
2025-04-27 11:28:29,435 - INFO - Successfully optimized Reversing-Martingale_01_standard.set -> Reversing-Martingale_01_otp.set
2025-04-27 11:28:29,436 - INFO - Successfully optimized RideAlligator_01_standard.set -> RideAlligator_01_otp.set
2025-04-27 11:28:29,438 - INFO - Successfully optimized RNN_01_standard.set -> RNN_01_otp.set
2025-04-27 11:28:29,439 - INFO - Successfully optimized Robot-MACD_01_standard.set -> Robot-MACD_01_otp.set
2025-04-27 11:28:29,440 - INFO - Successfully optimized RobotPowerM5-meta4_01_standard.set -> RobotPowerM5-meta4_01_otp.set
2025-04-27 11:28:29,441 - INFO - Successfully optimized Rollback-system_01_standard.set -> Rollback-system_01_otp.set
2025-04-27 11:28:29,443 - INFO - Successfully optimized RSI-and-Bollinger-Bands_01_standard.set -> RSI-and-Bollinger-Bands_01_otp.set
2025-04-27 11:28:29,444 - INFO - Successfully optimized RSI-Arrow-EA_01_standard.set -> RSI-Arrow-EA_01_otp.set
2025-04-27 11:28:29,445 - INFO - Successfully optimized RSI-Arrow_01_standard.set -> RSI-Arrow_01_otp.set
2025-04-27 11:28:29,446 - INFO - Successfully optimized RSI-EA_01_standard.set -> RSI-EA_01_otp.set
2025-04-27 11:28:29,447 - INFO - Successfully optimized RSI-Eraser_01_standard.set -> RSI-Eraser_01_otp.set
2025-04-27 11:28:29,449 - INFO - Successfully optimized RSI-Expert_01_standard.set -> RSI-Expert_01_otp.set
2025-04-27 11:28:29,451 - INFO - Successfully optimized RSI-Levels_01_standard.set -> RSI-Levels_01_otp.set
2025-04-27 11:28:29,452 - INFO - Successfully optimized RSI-trader_01_standard.set -> RSI-trader_01_otp.set
2025-04-27 11:28:29,453 - INFO - Successfully optimized RSI-Trend-EA_01_standard.set -> RSI-Trend-EA_01_otp.set
2025-04-27 11:28:29,454 - INFO - Successfully optimized RSI-Trend_01_standard.set -> RSI-Trend_01_otp.set
2025-04-27 11:28:29,456 - INFO - Successfully optimized RSI-with-channels-EA_01_standard.set -> RSI-with-channels-EA_01_otp.set
2025-04-27 11:28:29,457 - INFO - Successfully optimized RSI-with-channels_01_standard.set -> RSI-with-channels_01_otp.set
2025-04-27 11:28:29,458 - INFO - Successfully optimized Russian20-hp1_01_standard.set -> Russian20-hp1_01_otp.set
2025-04-27 11:28:29,459 - INFO - Successfully optimized SampleCheckPendingOrder_01_standard.set -> SampleCheckPendingOrder_01_otp.set
2025-04-27 11:28:29,461 - INFO - Successfully optimized SAR-trading_01_standard.set -> SAR-trading_01_otp.set
2025-04-27 11:28:29,462 - INFO - Successfully optimized Secwenta_01_standard.set -> Secwenta_01_otp.set
2025-04-27 11:28:29,463 - INFO - Successfully optimized Sell-Stop_01_standard.set -> Sell-Stop_01_otp.set
2025-04-27 11:28:29,465 - INFO - Successfully optimized Sensitive_01_standard.set -> Sensitive_01_otp.set
2025-04-27 11:28:29,466 - INFO - Successfully optimized Separate-trade_01_standard.set -> Separate-trade_01_otp.set
2025-04-27 11:28:29,467 - INFO - Successfully optimized SilverTrend_01_standard.set -> SilverTrend_01_otp.set
2025-04-27 11:28:29,468 - INFO - Successfully optimized Simple-20Price-20Alert-20-20EA_01_standard.set -> Simple-20Price-20Alert-20-20EA_01_otp.set
2025-04-27 11:28:29,470 - INFO - Successfully optimized Simple-20Volume-20EA_01_standard.set -> Simple-20Volume-20EA_01_otp.set
2025-04-27 11:28:29,471 - INFO - Successfully optimized Simple-EA-MA-plus-MACD_01_standard.set -> Simple-EA-MA-plus-MACD_01_otp.set
2025-04-27 11:28:29,472 - INFO - Successfully optimized Simple-FX_01_standard.set -> Simple-FX_01_otp.set
2025-04-27 11:28:29,473 - INFO - Successfully optimized Simple-MACD_01_standard.set -> Simple-MACD_01_otp.set
2025-04-27 11:28:29,474 - INFO - Successfully optimized Simple-Volume-EA_01_standard.set -> Simple-Volume-EA_01_otp.set
2025-04-27 11:28:29,476 - INFO - Successfully optimized SimplePivot_01_standard.set -> SimplePivot_01_otp.set
2025-04-27 11:28:29,477 - INFO - Successfully optimized Simplest-Hedging-EA-ever_01_standard.set -> Simplest-Hedging-EA-ever_01_otp.set
2025-04-27 11:28:29,478 - INFO - Successfully optimized SimpleTrade _01_standard.set -> SimpleTrade _01_otp.set
2025-04-27 11:28:29,480 - INFO - Successfully optimized Six-Soldiers-EA-Grid_01_standard.set -> Six-Soldiers-EA-Grid_01_otp.set
2025-04-27 11:28:29,481 - INFO - Successfully optimized Six-Soldiers-EA_01_standard.set -> Six-Soldiers-EA_01_otp.set
2025-04-27 11:28:29,483 - INFO - Successfully optimized Six-Soldiers_01_standard.set -> Six-Soldiers_01_otp.set
2025-04-27 11:28:29,484 - INFO - Successfully optimized Small-Inside-Bar-Strategy_01_standard.set -> Small-Inside-Bar-Strategy_01_otp.set
2025-04-27 11:28:29,486 - INFO - Successfully optimized Smart-Machine-20EA_01_standard.set -> Smart-Machine-20EA_01_otp.set
2025-04-27 11:28:29,487 - INFO - Successfully optimized Smoothing-Average_01_standard.set -> Smoothing-Average_01_otp.set
2025-04-27 11:28:29,488 - INFO - Successfully optimized Spasm_01_standard.set -> Spasm_01_otp.set
2025-04-27 11:28:29,489 - INFO - Successfully optimized ssb5-123_01_standard.set -> ssb5-123_01_otp.set
2025-04-27 11:28:29,490 - INFO - Successfully optimized Starter_01_standard.set -> Starter_01_otp.set
2025-04-27 11:28:29,492 - INFO - Successfully optimized Steve-Cartwright-Trader-Camel-CCI-MACD_01_standard.set -> Steve-Cartwright-Trader-Camel-CCI-MACD_01_otp.set
2025-04-27 11:28:29,493 - INFO - Successfully optimized Stoch-EA-1192_01_standard.set -> Stoch-EA-1192_01_otp.set
2025-04-27 11:28:29,494 - INFO - Successfully optimized Stochastic-20Alert_01_standard.set -> Stochastic-20Alert_01_otp.set
2025-04-27 11:28:29,495 - INFO - Successfully optimized Stochastic-K-Divergence.lua_01_standard.set -> Stochastic-K-Divergence.lua_01_otp.set
2025-04-27 11:28:29,496 - INFO - Successfully optimized stochastic-three-periods_01_standard.set -> stochastic-three-periods_01_otp.set
2025-04-27 11:28:29,498 - INFO - Successfully optimized StochasticDiffSign-EA_01_standard.set -> StochasticDiffSign-EA_01_otp.set
2025-04-27 11:28:29,499 - INFO - Successfully optimized stochasticdiffsign_01_standard.set -> stochasticdiffsign_01_otp.set
2025-04-27 11:28:29,500 - INFO - Successfully optimized StochMA-EA_01_standard.set -> StochMA-EA_01_otp.set
2025-04-27 11:28:29,501 - INFO - Successfully optimized StochMA_01_standard.set -> StochMA_01_otp.set
2025-04-27 11:28:29,503 - INFO - Successfully optimized Stoch_01_standard.set -> Stoch_01_otp.set
2025-04-27 11:28:29,504 - INFO - Successfully optimized Stop-Loss-Take-Profit_01_standard.set -> Stop-Loss-Take-Profit_01_otp.set
2025-04-27 11:28:29,506 - INFO - Successfully optimized StraddleqTrail_01_standard.set -> StraddleqTrail_01_otp.set
2025-04-27 11:28:29,507 - INFO - Successfully optimized Surefirething_01_standard.set -> Surefirething_01_otp.set
2025-04-27 11:28:29,508 - INFO - Successfully optimized TDSGlobal_01_standard.set -> TDSGlobal_01_otp.set
2025-04-27 11:28:29,509 - INFO - Successfully optimized The-MasterMind-2_01_standard.set -> The-MasterMind-2_01_otp.set
2025-04-27 11:28:29,511 - INFO - Successfully optimized The-MasterMind-3_01_standard.set -> The-MasterMind-3_01_otp.set
2025-04-27 11:28:29,513 - INFO - Successfully optimized The-MasterMind_01_standard.set -> The-MasterMind_01_otp.set
2025-04-27 11:28:29,514 - INFO - Successfully optimized The-Puncher_01_standard.set -> The-Puncher_01_otp.set
2025-04-27 11:28:29,515 - INFO - Successfully optimized TheClassicTurtleTrader-no-dots-EA_01_standard.set -> TheClassicTurtleTrader-no-dots-EA_01_otp.set
2025-04-27 11:28:29,517 - INFO - Successfully optimized TheClassicTurtleTrader-no-dots_01_standard.set -> TheClassicTurtleTrader-no-dots_01_otp.set
2025-04-27 11:28:29,519 - INFO - Successfully optimized Three-indicators_01_standard.set -> Three-indicators_01_otp.set
2025-04-27 11:28:29,521 - INFO - Successfully optimized Three-neural-networks_01_standard.set -> Three-neural-networks_01_otp.set
2025-04-27 11:28:29,522 - INFO - Successfully optimized Three-timeframes_01_standard.set -> Three-timeframes_01_otp.set
2025-04-27 11:28:29,523 - INFO - Successfully optimized Three-Typical-Candles_01_standard.set -> Three-Typical-Candles_01_otp.set
2025-04-27 11:28:29,525 - INFO - Successfully optimized Time-sync-forts_01_standard.set -> Time-sync-forts_01_otp.set
2025-04-27 11:28:29,526 - INFO - Successfully optimized timer-trade_01_standard.set -> timer-trade_01_otp.set
2025-04-27 11:28:29,528 - INFO - Successfully optimized TMA-ATR-Channel_01_standard.set -> TMA-ATR-Channel_01_otp.set
2025-04-27 11:28:29,530 - INFO - Successfully optimized TMA-ATR-EA_01_standard.set -> TMA-ATR-EA_01_otp.set
2025-04-27 11:28:29,532 - INFO - Successfully optimized TMA-CG-EA_01_standard.set -> TMA-CG-EA_01_otp.set
2025-04-27 11:28:29,534 - INFO - Successfully optimized TMA-CG-Martingale-20EA_01_standard.set -> TMA-CG-Martingale-20EA_01_otp.set
2025-04-27 11:28:29,536 - INFO - Successfully optimized TMA-CG-mladen_01_standard.set -> TMA-CG-mladen_01_otp.set
2025-04-27 11:28:29,537 - INFO - Successfully optimized TMA-CG-special_01_standard.set -> TMA-CG-special_01_otp.set
2025-04-27 11:28:29,539 - INFO - Successfully optimized TMA-slope-bands_01_standard.set -> TMA-slope-bands_01_otp.set
2025-04-27 11:28:29,541 - INFO - Successfully optimized TmaTrue-2.0-with-Distances-6xx_01_standard.set -> TmaTrue-2.0-with-Distances-6xx_01_otp.set
2025-04-27 11:28:29,543 - INFO - Successfully optimized TmaTrue-3.0-with-Distances-6xx_01_standard.set -> TmaTrue-3.0-with-Distances-6xx_01_otp.set
2025-04-27 11:28:29,544 - INFO - Successfully optimized TP-with-money_01_standard.set -> TP-with-money_01_otp.set
2025-04-27 11:28:29,546 - INFO - Successfully optimized Trade-in-Channel_01_standard.set -> Trade-in-Channel_01_otp.set
2025-04-27 11:28:29,548 - INFO - Successfully optimized Trade-on-qualified-RSI_01_standard.set -> Trade-on-qualified-RSI_01_otp.set
2025-04-27 11:28:29,549 - INFO - Successfully optimized Trading-Breakout-MrThanhTan_01_standard.set -> Trading-Breakout-MrThanhTan_01_otp.set
2025-04-27 11:28:29,550 - INFO - Successfully optimized Trend-Trader-Strategy-EA_01_standard.set -> Trend-Trader-Strategy-EA_01_otp.set
2025-04-27 11:28:29,552 - INFO - Successfully optimized Trend-Trader-Strategy_01_standard.set -> Trend-Trader-Strategy_01_otp.set
2025-04-27 11:28:29,554 - INFO - Successfully optimized Tru-EA_01_standard.set -> Tru-EA_01_otp.set
2025-04-27 11:28:29,555 - INFO - Successfully optimized True-Scalper-Profit-Lock_01_standard.set -> True-Scalper-Profit-Lock_01_otp.set
2025-04-27 11:28:29,556 - INFO - Successfully optimized TrueSort-1100_01_standard.set -> TrueSort-1100_01_otp.set
2025-04-27 11:28:29,557 - INFO - Successfully optimized Tunnel-gen4_01_standard.set -> Tunnel-gen4_01_otp.set
2025-04-27 11:28:29,558 - INFO - Successfully optimized Tunnel-Method_01_standard.set -> Tunnel-Method_01_otp.set
2025-04-27 11:28:29,560 - INFO - Successfully optimized TurnGrid_01_standard.set -> TurnGrid_01_otp.set
2025-04-27 11:28:29,561 - INFO - Successfully optimized Two PerBar _01_standard.set -> Two PerBar _01_otp.set
2025-04-27 11:28:29,563 - INFO - Successfully optimized Two-20MA-20RSI-20ADX-20EA_01_standard.set -> Two-20MA-20RSI-20ADX-20EA_01_otp.set
2025-04-27 11:28:29,564 - INFO - Successfully optimized Two-20Orders-20Panel_01_standard.set -> Two-20Orders-20Panel_01_otp.set
2025-04-27 11:28:29,565 - INFO - Successfully optimized Two-pending-orders-2_01_standard.set -> Two-pending-orders-2_01_otp.set
2025-04-27 11:28:29,566 - INFO - Successfully optimized UnityPro_01_standard.set -> UnityPro_01_otp.set
2025-04-27 11:28:29,568 - INFO - Successfully optimized UniversalMACrossEA_01_standard.set -> UniversalMACrossEA_01_otp.set
2025-04-27 11:28:29,569 - INFO - Successfully optimized UniversalSignalDemo_01_standard.set -> UniversalSignalDemo_01_otp.set
2025-04-27 11:28:29,570 - INFO - Successfully optimized Universum-3.0_01_standard.set -> Universum-3.0_01_otp.set
2025-04-27 11:28:29,572 - INFO - Successfully optimized UnNomGuai-20EA_01_standard.set -> UnNomGuai-20EA_01_otp.set
2025-04-27 11:28:29,573 - INFO - Successfully optimized up3x1-Investor_01_standard.set -> up3x1-Investor_01_otp.set
2025-04-27 11:28:29,574 - INFO - Successfully optimized up3x1-premium-M_01_standard.set -> up3x1-premium-M_01_otp.set
2025-04-27 11:28:29,575 - INFO - Successfully optimized up3x1_01_standard.set -> up3x1_01_otp.set
2025-04-27 11:28:29,576 - INFO - Successfully optimized Urdala-Trol_01_standard.set -> Urdala-Trol_01_otp.set
2025-04-27 11:28:29,577 - INFO - Successfully optimized Very-Blonde-System_01_standard.set -> Very-Blonde-System_01_otp.set
2025-04-27 11:28:29,579 - INFO - Successfully optimized Virtual-Trailing-Stop_01_standard.set -> Virtual-Trailing-Stop_01_otp.set
2025-04-27 11:28:29,580 - INFO - Successfully optimized VLT-TRADER_01_standard.set -> VLT-TRADER_01_otp.set
2025-04-27 11:28:29,582 - INFO - Successfully optimized Volume-trader_01_standard.set -> Volume-trader_01_otp.set
2025-04-27 11:28:29,583 - INFO - Successfully optimized Vortex-Indicator-System_01_standard.set -> Vortex-Indicator-System_01_otp.set
2025-04-27 11:28:29,584 - INFO - Successfully optimized VR-Overturn_01_standard.set -> VR-Overturn_01_otp.set
2025-04-27 11:28:29,585 - INFO - Successfully optimized VR-ZVER-v.2_01_standard.set -> VR-ZVER-v.2_01_otp.set
2025-04-27 11:28:29,587 - INFO - Successfully optimized VR-ZVER_01_standard.set -> VR-ZVER_01_otp.set
2025-04-27 11:28:29,588 - INFO - Successfully optimized VZO_01_standard.set -> VZO_01_otp.set
2025-04-27 11:28:29,590 - INFO - Successfully optimized Waddah-Attar-Win_01_standard.set -> Waddah-Attar-Win_01_otp.set
2025-04-27 11:28:29,591 - INFO - Successfully optimized WE-TRUST_01_standard.set -> WE-TRUST_01_otp.set
2025-04-27 11:28:29,592 - INFO - Successfully optimized X-RSIOMA_01_standard.set -> X-RSIOMA_01_otp.set
2025-04-27 11:28:29,593 - INFO - Successfully optimized Yesterday-Today_01_standard.set -> Yesterday-Today_01_otp.set
2025-04-27 11:28:29,595 - INFO - Successfully optimized 10-pips-EURUSD_01_standard.set -> 10-pips-EURUSD_01_otp.set
2025-04-27 11:28:29,596 - INFO - Successfully optimized 10-pips_01_standard.set -> 10-pips_01_otp.set
2025-04-27 11:28:29,598 - INFO - Successfully optimized 1H-EUR-USD_01_standard.set -> 1H-EUR-USD_01_otp.set
2025-04-27 11:28:29,599 - INFO - Successfully optimized 20011201-GBPUSD-M1_01_standard.set -> 20011201-GBPUSD-M1_01_otp.set
2025-04-27 11:28:29,600 - INFO - Successfully optimized 21hour_01_standard.set -> 21hour_01_otp.set
2025-04-27 11:28:29,603 - INFO - Successfully optimized 2HR-HL_01_standard.set -> 2HR-HL_01_otp.set
2025-04-27 11:28:29,604 - INFO - Successfully optimized 2MA-4Level_01_standard.set -> 2MA-4Level_01_otp.set
2025-04-27 11:28:29,605 - INFO - Successfully optimized 2MA-Bunny-Cross_01_standard.set -> 2MA-Bunny-Cross_01_otp.set
2025-04-27 11:28:29,607 - INFO - Successfully optimized 3-bars-high-low-indicator_01_standard.set -> 3-bars-high-low-indicator_01_otp.set
2025-04-27 11:28:29,608 - INFO - Successfully optimized 35-Pip-Scalper_01_standard.set -> 35-Pip-Scalper_01_otp.set
2025-04-27 11:28:29,610 - INFO - Successfully optimized 3BarsHighLowEA_01_standard.set -> 3BarsHighLowEA_01_otp.set
2025-04-27 11:28:29,611 - INFO - Successfully optimized 3sma_01_standard.set -> 3sma_01_otp.set
2025-04-27 11:28:29,612 - INFO - Successfully optimized 500_01_standard.set -> 500_01_otp.set
2025-04-27 11:28:29,613 - INFO - Successfully optimized 55-MA_01_standard.set -> 55-MA_01_otp.set
2025-04-27 11:28:29,615 - INFO - Successfully optimized Above-Below-MA_01_standard.set -> Above-Below-MA_01_otp.set
2025-04-27 11:28:29,617 - INFO - Successfully optimized Absorption_01_standard.set -> Absorption_01_otp.set
2025-04-27 11:28:29,618 - INFO - Successfully optimized ADX-MACD-Deev_01_standard.set -> ADX-MACD-Deev_01_otp.set
2025-04-27 11:28:29,619 - INFO - Successfully optimized ADX-MA_01_standard.set -> ADX-MA_01_otp.set
2025-04-27 11:28:29,620 - INFO - Successfully optimized ADX-System_01_standard.set -> ADX-System_01_otp.set
2025-04-27 11:28:29,622 - INFO - Successfully optimized AIS1_01_standard.set -> AIS1_01_otp.set
2025-04-27 11:28:29,624 - INFO - Successfully optimized Alexav-D1-Profit-GBPUSD_01_standard.set -> Alexav-D1-Profit-GBPUSD_01_otp.set
2025-04-27 11:28:29,625 - INFO - Successfully optimized All-Average-Ea_01_standard.set -> All-Average-Ea_01_otp.set
2025-04-27 11:28:29,627 - INFO - Successfully optimized Alligator-Simple_01_standard.set -> Alligator-Simple_01_otp.set
2025-04-27 11:28:29,628 - INFO - Successfully optimized Alligator_01_standard.set -> Alligator_01_otp.set
2025-04-27 11:28:29,630 - INFO - Successfully optimized Altarius-RSI-Stohastic_01_standard.set -> Altarius-RSI-Stohastic_01_otp.set
2025-04-27 11:28:29,632 - INFO - Successfully optimized AMA-Trader-2_01_standard.set -> AMA-Trader-2_01_otp.set
2025-04-27 11:28:29,633 - INFO - Successfully optimized AMA-Trader_01_standard.set -> AMA-Trader_01_otp.set
2025-04-27 11:28:29,634 - INFO - Successfully optimized AO-Lightning_01_standard.set -> AO-Lightning_01_otp.set
2025-04-27 11:28:29,636 - INFO - Successfully optimized AOCCI_01_standard.set -> AOCCI_01_otp.set
2025-04-27 11:28:29,638 - INFO - Successfully optimized Arbitrage_01_standard.set -> Arbitrage_01_otp.set
2025-04-27 11:28:29,639 - INFO - Successfully optimized ArbSint_01_standard.set -> ArbSint_01_otp.set
2025-04-27 11:28:29,641 - INFO - Successfully optimized Area-MACD_01_standard.set -> Area-MACD_01_otp.set
2025-04-27 11:28:29,642 - INFO - Successfully optimized Artificial-Intelligence_01_standard.set -> Artificial-Intelligence_01_otp.set
2025-04-27 11:28:29,644 - INFO - Successfully optimized At-random-Full_01_standard.set -> At-random-Full_01_otp.set
2025-04-27 11:28:29,646 - INFO - Successfully optimized At-random_01_standard.set -> At-random_01_otp.set
2025-04-27 11:28:29,647 - INFO - Successfully optimized Auto-ADX_01_standard.set -> Auto-ADX_01_otp.set
2025-04-27 11:28:29,648 - INFO - Successfully optimized Auto-Pivot-Plotter-28Mid-Levels-29-41_01_standard.set -> Auto-Pivot-Plotter-28Mid-Levels-29-41_01_otp.set
2025-04-27 11:28:29,651 - INFO - Successfully optimized AutoLock-EA_01_standard.set -> AutoLock-EA_01_otp.set
2025-04-27 11:28:29,653 - INFO - Successfully optimized Autotrader-Momentum_01_standard.set -> Autotrader-Momentum_01_otp.set
2025-04-27 11:28:29,656 - INFO - Successfully optimized Avalanche-AV_01_standard.set -> Avalanche-AV_01_otp.set
2025-04-27 11:28:29,659 - INFO - Successfully optimized Backbone_01_standard.set -> Backbone_01_otp.set
2025-04-27 11:28:29,662 - INFO - Successfully optimized BADX_01_standard.set -> BADX_01_otp.set
2025-04-27 11:28:29,664 - INFO - Successfully optimized Bago-EA_01_standard.set -> Bago-EA_01_otp.set
2025-04-27 11:28:29,666 - INFO - Successfully optimized BalancedScalper-20EA_01_standard.set -> BalancedScalper-20EA_01_otp.set
2025-04-27 11:28:29,669 - INFO - Successfully optimized Bands-2_01_standard.set -> Bands-2_01_otp.set
2025-04-27 11:28:29,672 - INFO - Successfully optimized BARS-Alligator_01_standard.set -> BARS-Alligator_01_otp.set
2025-04-27 11:28:29,674 - INFO - Successfully optimized Basic-CCI-RSI_01_standard.set -> Basic-CCI-RSI_01_otp.set
2025-04-27 11:28:29,675 - INFO - Successfully optimized Basic-Martingale-EA-3_01_standard.set -> Basic-Martingale-EA-3_01_otp.set
2025-04-27 11:28:29,677 - INFO - Successfully optimized BBPercentile-EA_01_standard.set -> BBPercentile-EA_01_otp.set
2025-04-27 11:28:29,679 - INFO - Successfully optimized BBPercentile_01_standard.set -> BBPercentile_01_otp.set
2025-04-27 11:28:29,681 - INFO - Successfully optimized BDCrossOver-20EA_01_standard.set -> BDCrossOver-20EA_01_otp.set
2025-04-27 11:28:29,684 - INFO - Successfully optimized BIG-DOG_01_standard.set -> BIG-DOG_01_otp.set
2025-04-27 11:28:29,687 - INFO - Successfully optimized Bill-Williams_01_standard.set -> Bill-Williams_01_otp.set
2025-04-27 11:28:29,690 - INFO - Successfully optimized Bollinger-Band-Two-MA-and-Zig-Zag_01_standard.set -> Bollinger-Band-Two-MA-and-Zig-Zag_01_otp.set
2025-04-27 11:28:29,692 - INFO - Successfully optimized Bollinger-Bands-N-positions_01_standard.set -> Bollinger-Bands-N-positions_01_otp.set
2025-04-27 11:28:29,694 - INFO - Successfully optimized Bollinger-Bands-RSI_01_standard.set -> Bollinger-Bands-RSI_01_otp.set
2025-04-27 11:28:29,695 - INFO - Successfully optimized bollinger_01_standard.set -> bollinger_01_otp.set
2025-04-27 11:28:29,696 - INFO - Successfully optimized Brakeout-Trader_01_standard.set -> Brakeout-Trader_01_otp.set
2025-04-27 11:28:29,698 - INFO - Successfully optimized Brandy_01_standard.set -> Brandy_01_otp.set
2025-04-27 11:28:29,700 - INFO - Successfully optimized Breadandbutter2_01_standard.set -> Breadandbutter2_01_otp.set
2025-04-27 11:28:29,702 - INFO - Successfully optimized Breakdown-catcher_01_standard.set -> Breakdown-catcher_01_otp.set
2025-04-27 11:28:29,704 - INFO - Successfully optimized breakdown_01_standard.set -> breakdown_01_otp.set
2025-04-27 11:28:29,707 - INFO - Successfully optimized Breakout-Str_01_standard.set -> Breakout-Str_01_otp.set
2025-04-27 11:28:29,709 - INFO - Successfully optimized Bronze-Warrioir_01_standard.set -> Bronze-Warrioir_01_otp.set
2025-04-27 11:28:29,710 - INFO - Successfully optimized Bruno_01_standard.set -> Bruno_01_otp.set
2025-04-27 11:28:29,712 - INFO - Successfully optimized BSS-1-0_01_standard.set -> BSS-1-0_01_otp.set
2025-04-27 11:28:29,714 - INFO - Successfully optimized Bullish-and-Bearish-Engulfing_01_standard.set -> Bullish-and-Bearish-Engulfing_01_otp.set
2025-04-27 11:28:29,716 - INFO - Successfully optimized Burg-Extrapolator_01_standard.set -> Burg-Extrapolator_01_otp.set
2025-04-27 11:28:29,720 - INFO - Successfully optimized BykovTrend-EA_01_standard.set -> BykovTrend-EA_01_otp.set
2025-04-27 11:28:29,723 - INFO - Successfully optimized Calculate-lotsize-and-Trailling-stop_01_standard.set -> Calculate-lotsize-and-Trailling-stop_01_otp.set
2025-04-27 11:28:29,725 - INFO - Successfully optimized candlepatternsexample_01_standard.set -> candlepatternsexample_01_otp.set
2025-04-27 11:28:29,727 - INFO - Successfully optimized Candle_01_standard.set -> Candle_01_otp.set
2025-04-27 11:28:29,730 - INFO - Successfully optimized Carbophos_01_standard.set -> Carbophos_01_otp.set
2025-04-27 11:28:29,732 - INFO - Successfully optimized CashMachine-5min_01_standard.set -> CashMachine-5min_01_otp.set
2025-04-27 11:28:29,736 - INFO - Successfully optimized CCI-MACD-Scalper_01_standard.set -> CCI-MACD-Scalper_01_otp.set
2025-04-27 11:28:29,738 - INFO - Successfully optimized Cidomo_01_standard.set -> Cidomo_01_otp.set
2025-04-27 11:28:29,739 - INFO - Successfully optimized CloseAgent_01_standard.set -> CloseAgent_01_otp.set
2025-04-27 11:28:29,741 - INFO - Successfully optimized CloseProfit_01_standard.set -> CloseProfit_01_otp.set
2025-04-27 11:28:29,743 - INFO - Successfully optimized cloud's-trade-2_01_standard.set -> cloud's-trade-2_01_otp.set
2025-04-27 11:28:29,745 - INFO - Successfully optimized CLOUD_01_standard.set -> CLOUD_01_otp.set
2025-04-27 11:28:29,747 - INFO - Successfully optimized Constituents-EA_01_standard.set -> Constituents-EA_01_otp.set
2025-04-27 11:28:29,751 - INFO - Successfully optimized Contrarian-trade-MA_01_standard.set -> Contrarian-trade-MA_01_otp.set
2025-04-27 11:28:29,753 - INFO - Successfully optimized Crossing-Moving-Average_01_standard.set -> Crossing-Moving-Average_01_otp.set
2025-04-27 11:28:29,755 - INFO - Successfully optimized CrossMA_01_standard.set -> CrossMA_01_otp.set
2025-04-27 11:28:29,756 - INFO - Successfully optimized Currencyprofits-01.1_01_standard.set -> Currencyprofits-01.1_01_otp.set
2025-04-27 11:28:29,760 - INFO - Successfully optimized Daily-20reversal-20-20EA_01_standard.set -> Daily-20reversal-20-20EA_01_otp.set
2025-04-27 11:28:29,763 - INFO - Successfully optimized Daily-BreakPoint_01_standard.set -> Daily-BreakPoint_01_otp.set
2025-04-27 11:28:29,765 - INFO - Successfully optimized Daily-Open-EA_01_standard.set -> Daily-Open-EA_01_otp.set
2025-04-27 11:28:29,767 - INFO - Successfully optimized Daily-range_01_standard.set -> Daily-range_01_otp.set
2025-04-27 11:28:29,769 - INFO - Successfully optimized Day-Trading-PAMXA_01_standard.set -> Day-Trading-PAMXA_01_otp.set
2025-04-27 11:28:29,771 - INFO - Successfully optimized Daydream_01_standard.set -> Daydream_01_otp.set
2025-04-27 11:28:29,773 - INFO - Successfully optimized DayTrading_01_standard.set -> DayTrading_01_otp.set
2025-04-27 11:28:29,776 - INFO - Successfully optimized Dealers-Trade-v-7.74-MACD_01_standard.set -> Dealers-Trade-v-7.74-MACD_01_otp.set
2025-04-27 11:28:29,779 - INFO - Successfully optimized Deep-Drawdown-MA_01_standard.set -> Deep-Drawdown-MA_01_otp.set
2025-04-27 11:28:29,781 - INFO - Successfully optimized DeMarker-gaining-position-volume-2_01_standard.set -> DeMarker-gaining-position-volume-2_01_otp.set
2025-04-27 11:28:29,783 - INFO - Successfully optimized DeMarker-gaining-position-volume_01_standard.set -> DeMarker-gaining-position-volume_01_otp.set
2025-04-27 11:28:29,785 - INFO - Successfully optimized DeMarker-Pending-2-5_01_standard.set -> DeMarker-Pending-2-5_01_otp.set
2025-04-27 11:28:29,788 - INFO - Successfully optimized DeMarker-Pending-2_01_standard.set -> DeMarker-Pending-2_01_otp.set
2025-04-27 11:28:29,791 - INFO - Successfully optimized DeMarker-Pending_01_standard.set -> DeMarker-Pending_01_otp.set
2025-04-27 11:28:29,793 - INFO - Successfully optimized Dematus_01_standard.set -> Dematus_01_otp.set
2025-04-27 11:28:29,795 - INFO - Successfully optimized Divergence-20for-20many-20indicator_01_standard.set -> Divergence-20for-20many-20indicator_01_otp.set
2025-04-27 11:28:29,797 - INFO - Successfully optimized Divergence-EA_01_standard.set -> Divergence-EA_01_otp.set
2025-04-27 11:28:29,799 - INFO - Successfully optimized Doji-Arrows_01_standard.set -> Doji-Arrows_01_otp.set
2025-04-27 11:28:29,800 - INFO - Successfully optimized DojiTrader_01_standard.set -> DojiTrader_01_otp.set
2025-04-27 11:28:29,803 - INFO - Successfully optimized Donchian-Chanel-EA_01_standard.set -> Donchian-Chanel-EA_01_otp.set
2025-04-27 11:28:29,805 - INFO - Successfully optimized DoubleHullMA-EA_01_standard.set -> DoubleHullMA-EA_01_otp.set
2025-04-27 11:28:29,806 - INFO - Successfully optimized DoubleHullMA_01_standard.set -> DoubleHullMA_01_otp.set
2025-04-27 11:28:29,808 - INFO - Successfully optimized DoubleMA-Crossover-EA_01_standard.set -> DoubleMA-Crossover-EA_01_otp.set
2025-04-27 11:28:29,809 - INFO - Successfully optimized Doubler_01_standard.set -> Doubler_01_otp.set
2025-04-27 11:28:29,811 - INFO - Successfully optimized dummy_01_standard.set -> dummy_01_otp.set
2025-04-27 11:28:29,812 - INFO - Successfully optimized Dynamic-averaging_01_standard.set -> Dynamic-averaging_01_otp.set
2025-04-27 11:28:29,814 - INFO - Successfully optimized e-Breakeven_01_standard.set -> e-Breakeven_01_otp.set
2025-04-27 11:28:29,815 - INFO - Successfully optimized E-Friday_01_standard.set -> E-Friday_01_otp.set
2025-04-27 11:28:29,817 - INFO - Successfully optimized E-Skoch-Open_01_standard.set -> E-Skoch-Open_01_otp.set
2025-04-27 11:28:29,819 - INFO - Successfully optimized e-Skoch-pending-orders_01_standard.set -> e-Skoch-pending-orders_01_otp.set
2025-04-27 11:28:29,820 - INFO - Successfully optimized e-Smart-Trailing_01_standard.set -> e-Smart-Trailing_01_otp.set
2025-04-27 11:28:29,821 - INFO - Successfully optimized e-TurboFx_01_standard.set -> e-TurboFx_01_otp.set
2025-04-27 11:28:29,823 - INFO - Successfully optimized EA-Close_01_standard.set -> EA-Close_01_otp.set
2025-04-27 11:28:29,826 - INFO - Successfully optimized EA-MA-Stoch-RSI_01_standard.set -> EA-MA-Stoch-RSI_01_otp.set
2025-04-27 11:28:29,827 - INFO - Successfully optimized EA-Moving-Average_01_standard.set -> EA-Moving-Average_01_otp.set
2025-04-27 11:28:29,829 - INFO - Successfully optimized Elite-eFibo-Trader_01_standard.set -> Elite-eFibo-Trader_01_otp.set
2025-04-27 11:28:29,830 - INFO - Successfully optimized EMA-6.12_01_standard.set -> EMA-6.12_01_otp.set
2025-04-27 11:28:29,832 - INFO - Successfully optimized EMA-CROSS_01_standard.set -> EMA-CROSS_01_otp.set
2025-04-27 11:28:29,834 - INFO - Successfully optimized EMA-LWMA-RSI_01_standard.set -> EMA-LWMA-RSI_01_otp.set
2025-04-27 11:28:29,836 - INFO - Successfully optimized EMA-RSI-EA_01_standard.set -> EMA-RSI-EA_01_otp.set
2025-04-27 11:28:29,838 - INFO - Successfully optimized EMA-WMA_01_standard.set -> EMA-WMA_01_otp.set
2025-04-27 11:28:29,840 - INFO - Successfully optimized EMA_01_standard.set -> EMA_01_otp.set
2025-04-27 11:28:29,841 - INFO - Successfully optimized Eugene_01_standard.set -> Eugene_01_otp.set
2025-04-27 11:28:29,842 - INFO - Successfully optimized eur-usd-m5_01_standard.set -> eur-usd-m5_01_otp.set
2025-04-27 11:28:29,844 - INFO - Successfully optimized EURUSD-breakout_01_standard.set -> EURUSD-breakout_01_otp.set
2025-04-27 11:28:29,845 - INFO - Successfully optimized Executer-AC_01_standard.set -> Executer-AC_01_otp.set
2025-04-27 11:28:29,847 - INFO - Successfully optimized Executor-AO_01_standard.set -> Executor-AO_01_otp.set
2025-04-27 11:28:29,848 - INFO - Successfully optimized Executor-Candles_01_standard.set -> Executor-Candles_01_otp.set
2025-04-27 11:28:29,849 - INFO - Successfully optimized exp-Amstell_01_standard.set -> exp-Amstell_01_otp.set
2025-04-27 11:28:29,851 - INFO - Successfully optimized Expert-NEWS_01_standard.set -> Expert-NEWS_01_otp.set
2025-04-27 11:28:29,853 - INFO - Successfully optimized Expert-RSI-Stochastic-MA_01_standard.set -> Expert-RSI-Stochastic-MA_01_otp.set
2025-04-27 11:28:29,855 - INFO - Successfully optimized ExtremePrice-EA_01_standard.set -> ExtremePrice-EA_01_otp.set
2025-04-27 11:28:29,856 - INFO - Successfully optimized FiboRetracement-20EA_01_standard.set -> FiboRetracement-20EA_01_otp.set
2025-04-27 11:28:29,858 - INFO - Successfully optimized Firebird_01_standard.set -> Firebird_01_otp.set
2025-04-27 11:28:29,860 - INFO - Successfully optimized Firestorm-EA_01_standard.set -> Firestorm-EA_01_otp.set
2025-04-27 11:28:29,861 - INFO - Successfully optimized Firestorm-indicator_01_standard.set -> Firestorm-indicator_01_otp.set
2025-04-27 11:28:29,863 - INFO - Successfully optimized Fluctuate_01_standard.set -> Fluctuate_01_otp.set
2025-04-27 11:28:29,864 - INFO - Successfully optimized Forex-Fraus-M1_01_standard.set -> Forex-Fraus-M1_01_otp.set
2025-04-27 11:28:29,866 - INFO - Successfully optimized Forex-Profit_01_standard.set -> Forex-Profit_01_otp.set
2025-04-27 11:28:29,867 - INFO - Successfully optimized Fractals-minimum-distance_01_standard.set -> Fractals-minimum-distance_01_otp.set
2025-04-27 11:28:29,868 - INFO - Successfully optimized Fraktrak-xonax_01_standard.set -> Fraktrak-xonax_01_otp.set
2025-04-27 11:28:29,870 - INFO - Successfully optimized Frank-Ud_01_standard.set -> Frank-Ud_01_otp.set
2025-04-27 11:28:29,871 - INFO - Successfully optimized FT-CCI_01_standard.set -> FT-CCI_01_otp.set
2025-04-27 11:28:29,873 - INFO - Successfully optimized Fuzzy-logic_01_standard.set -> Fuzzy-logic_01_otp.set
2025-04-27 11:28:29,874 - INFO - Successfully optimized GalacticExplosion_01_standard.set -> GalacticExplosion_01_otp.set
2025-04-27 11:28:29,875 - INFO - Successfully optimized Gandalf-PRO_01_standard.set -> Gandalf-PRO_01_otp.set
2025-04-27 11:28:29,877 - INFO - Successfully optimized Gap-DM_01_standard.set -> Gap-DM_01_otp.set
2025-04-27 11:28:29,878 - INFO - Successfully optimized GAP-EA_01_standard.set -> GAP-EA_01_otp.set
2025-04-27 11:28:29,880 - INFO - Successfully optimized Gaps_01_standard.set -> Gaps_01_otp.set
2025-04-27 11:28:29,882 - INFO - Successfully optimized GBP9AM_01_standard.set -> GBP9AM_01_otp.set
2025-04-27 11:28:29,883 - INFO - Successfully optimized GbpChf_01_standard.set -> GbpChf_01_otp.set
2025-04-27 11:28:29,884 - INFO - Successfully optimized Gold-Dust_01_standard.set -> Gold-Dust_01_otp.set
2025-04-27 11:28:29,886 - INFO - Successfully optimized GO_01_standard.set -> GO_01_otp.set
2025-04-27 11:28:29,888 - INFO - Successfully optimized GreenTrade_01_standard.set -> GreenTrade_01_otp.set
2025-04-27 11:28:29,890 - INFO - Successfully optimized Grid-Martingale_01_standard.set -> Grid-Martingale_01_otp.set
2025-04-27 11:28:29,891 - INFO - Successfully optimized GridEA_01_standard.set -> GridEA_01_otp.set
2025-04-27 11:28:29,893 - INFO - Successfully optimized Grid_01_standard.set -> Grid_01_otp.set
2025-04-27 11:28:29,895 - INFO - Successfully optimized HarVesteR_01_standard.set -> HarVesteR_01_otp.set
2025-04-27 11:28:29,896 - INFO - Successfully optimized HedgeEA_01_standard.set -> HedgeEA_01_otp.set
2025-04-27 11:28:29,897 - INFO - Successfully optimized hedger_01_standard.set -> hedger_01_otp.set
2025-04-27 11:28:29,899 - INFO - Successfully optimized Hedging-EA_01_standard.set -> Hedging-EA_01_otp.set
2025-04-27 11:28:29,901 - INFO - Successfully optimized Heiken-Ashi-Smoothed-EA-with-MA_01_standard.set -> Heiken-Ashi-Smoothed-EA-with-MA_01_otp.set
2025-04-27 11:28:29,903 - INFO - Successfully optimized Heiken-Ashi-Smoothed-EA_01_standard.set -> Heiken-Ashi-Smoothed-EA_01_otp.set
2025-04-27 11:28:29,904 - INFO - Successfully optimized heiken-ashi-smoothedLine_01_standard.set -> heiken-ashi-smoothedLine_01_otp.set
2025-04-27 11:28:29,905 - INFO - Successfully optimized heiken-ashi-smoothed_01_standard.set -> heiken-ashi-smoothed_01_otp.set
2025-04-27 11:28:29,907 - INFO - Successfully optimized HeikenAshi-Lines-EA_01_standard.set -> HeikenAshi-Lines-EA_01_otp.set
2025-04-27 11:28:29,909 - INFO - Successfully optimized HeikenAshi-Lines_01_standard.set -> HeikenAshi-Lines_01_otp.set
2025-04-27 11:28:29,910 - INFO - Successfully optimized Heinken-Ashi-Color-Candles_01_standard.set -> Heinken-Ashi-Color-Candles_01_otp.set
2025-04-27 11:28:29,911 - INFO - Successfully optimized HelloSmart_01_standard.set -> HelloSmart_01_otp.set
2025-04-27 11:28:29,912 - INFO - Successfully optimized High-Low-EA_01_standard.set -> High-Low-EA_01_otp.set
2025-04-27 11:28:29,914 - INFO - Successfully optimized High-Low-Indicator_01_standard.set -> High-Low-Indicator_01_otp.set
2025-04-27 11:28:29,916 - INFO - Successfully optimized Hoop-master-2_01_standard.set -> Hoop-master-2_01_otp.set
2025-04-27 11:28:29,918 - INFO - Successfully optimized iCCI-iMA_01_standard.set -> iCCI-iMA_01_otp.set
2025-04-27 11:28:29,919 - INFO - Successfully optimized ICH-With-Alert-Derekers-EA_01_standard.set -> ICH-With-Alert-Derekers-EA_01_otp.set
2025-04-27 11:28:29,921 - INFO - Successfully optimized ICH-With-Alert-Derekers_01_standard.set -> ICH-With-Alert-Derekers_01_otp.set
2025-04-27 11:28:29,922 - INFO - Successfully optimized ichimok2005_01_standard.set -> ichimok2005_01_otp.set
2025-04-27 11:28:29,924 - INFO - Successfully optimized Ichimoku-20Kijun-20Alert_01_standard.set -> Ichimoku-20Kijun-20Alert_01_otp.set
2025-04-27 11:28:29,925 - INFO - Successfully optimized Ichimoku-20Tenkan-20Alert_01_standard.set -> Ichimoku-20Tenkan-20Alert_01_otp.set
2025-04-27 11:28:29,927 - INFO - Successfully optimized Ichimoku-Scanner_01_standard.set -> Ichimoku-Scanner_01_otp.set
2025-04-27 11:28:29,928 - INFO - Successfully optimized Ichimoku-Signals-and-Alert_01_standard.set -> Ichimoku-Signals-and-Alert_01_otp.set
2025-04-27 11:28:29,930 - INFO - Successfully optimized IchimokuMTF-EA_01_standard.set -> IchimokuMTF-EA_01_otp.set
2025-04-27 11:28:29,932 - INFO - Successfully optimized Ichimoku_01_standard.set -> Ichimoku_01_otp.set
2025-04-27 11:28:29,933 - INFO - Successfully optimized Ilan-iMA_01_standard.set -> Ilan-iMA_01_otp.set
2025-04-27 11:28:29,935 - INFO - Successfully optimized Ilan1.4_01_standard.set -> Ilan1.4_01_otp.set
2025-04-27 11:28:29,936 - INFO - Successfully optimized iMA-iStdDev_01_standard.set -> iMA-iStdDev_01_otp.set
2025-04-27 11:28:29,938 - INFO - Successfully optimized Indices-Tester_01_standard.set -> Indices-Tester_01_otp.set
2025-04-27 11:28:29,939 - INFO - Successfully optimized Inka-20Edho-20EA_01_standard.set -> Inka-20Edho-20EA_01_otp.set
2025-04-27 11:28:29,940 - INFO - Successfully optimized Intersection-2-iMA_01_standard.set -> Intersection-2-iMA_01_otp.set
2025-04-27 11:28:29,942 - INFO - Successfully optimized IStochastic-Trading_01_standard.set -> IStochastic-Trading_01_otp.set
2025-04-27 11:28:29,944 - INFO - Successfully optimized Ivan_01_standard.set -> Ivan_01_otp.set
2025-04-27 11:28:29,945 - INFO - Successfully optimized iVIDyA-Simple_01_standard.set -> iVIDyA-Simple_01_otp.set
2025-04-27 11:28:29,947 - INFO - Successfully optimized Jackpot-Strategy-EA_01_standard.set -> Jackpot-Strategy-EA_01_otp.set
2025-04-27 11:28:29,949 - INFO - Successfully optimized JackPot-Strategy-Elite_01_standard.set -> JackPot-Strategy-Elite_01_otp.set
2025-04-27 11:28:29,951 - INFO - Successfully optimized JK-BullP-AutoTrader_01_standard.set -> JK-BullP-AutoTrader_01_otp.set
2025-04-27 11:28:29,952 - INFO - Successfully optimized JS-Chaos_01_standard.set -> JS-Chaos_01_otp.set
2025-04-27 11:28:29,953 - INFO - Successfully optimized JS-MA-Day_01_standard.set -> JS-MA-Day_01_otp.set
2025-04-27 11:28:29,955 - INFO - Successfully optimized JS-MA-SAR-Trades_01_standard.set -> JS-MA-SAR-Trades_01_otp.set
2025-04-27 11:28:29,957 - INFO - Successfully optimized KA-Gold-Bot_01_standard.set -> KA-Gold-Bot_01_otp.set
2025-04-27 11:28:29,958 - INFO - Successfully optimized Kue-Electric-EA_01_standard.set -> Kue-Electric-EA_01_otp.set
2025-04-27 11:28:29,960 - INFO - Successfully optimized KueFx-20Arrows_01_standard.set -> KueFx-20Arrows_01_otp.set
2025-04-27 11:28:29,961 - INFO - Successfully optimized KueFx-20Baseline_01_standard.set -> KueFx-20Baseline_01_otp.set
2025-04-27 11:28:29,964 - INFO - Successfully optimized KueFx-Arrows-20EA_01_standard.set -> KueFx-Arrows-20EA_01_otp.set
2025-04-27 11:28:29,965 - INFO - Successfully optimized KueFx-Arrows-EA_01_standard.set -> KueFx-Arrows-EA_01_otp.set
2025-04-27 11:28:29,967 - INFO - Successfully optimized KueFx-Arrows_01_standard.set -> KueFx-Arrows_01_otp.set
2025-04-27 11:28:29,968 - INFO - Successfully optimized KueFx-Baseline-EA_01_standard.set -> KueFx-Baseline-EA_01_otp.set
2025-04-27 11:28:29,970 - INFO - Successfully optimized KueFx-Baseline_01_standard.set -> KueFx-Baseline_01_otp.set
2025-04-27 11:28:29,971 - INFO - Successfully optimized KueFx-Clean-2025-EA_01_standard.set -> KueFx-Clean-2025-EA_01_otp.set
2025-04-27 11:28:29,973 - INFO - Successfully optimized KueFx-Extreme-EA_01_standard.set -> KueFx-Extreme-EA_01_otp.set
2025-04-27 11:28:29,975 - INFO - Successfully optimized KueFx-Harare-EA_01_standard.set -> KueFx-Harare-EA_01_otp.set
2025-04-27 11:28:29,977 - INFO - Successfully optimized KueFX-Money-Management_01_standard.set -> KueFX-Money-Management_01_otp.set
2025-04-27 11:28:29,979 - INFO - Successfully optimized KueFx-Motor-EA_01_standard.set -> KueFx-Motor-EA_01_otp.set
2025-04-27 11:28:29,981 - INFO - Successfully optimized KueFx-Motor_01_standard.set -> KueFx-Motor_01_otp.set
2025-04-27 11:28:29,983 - INFO - Successfully optimized KueFx-Trend_01_standard.set -> KueFx-Trend_01_otp.set
2025-04-27 11:28:29,985 - INFO - Successfully optimized KueFxTrend-20EA_01_standard.set -> KueFxTrend-20EA_01_otp.set
2025-04-27 11:28:29,987 - INFO - Successfully optimized KueFxTrend-EA_01_standard.set -> KueFxTrend-EA_01_otp.set
2025-04-27 11:28:29,988 - INFO - Successfully optimized LarryConnersRSI2_01_standard.set -> LarryConnersRSI2_01_otp.set
2025-04-27 11:28:29,990 - INFO - Successfully optimized Last-ZZ50_01_standard.set -> Last-ZZ50_01_otp.set
2025-04-27 11:28:29,992 - INFO - Successfully optimized Lavika100_01_standard.set -> Lavika100_01_otp.set
2025-04-27 11:28:29,993 - INFO - Successfully optimized LBS_01_standard.set -> LBS_01_otp.set
2025-04-27 11:28:29,995 - INFO - Successfully optimized Lego-EA_01_standard.set -> Lego-EA_01_otp.set
2025-04-27 11:28:29,996 - INFO - Successfully optimized Lesson-3-Price-Action_01_standard.set -> Lesson-3-Price-Action_01_otp.set
2025-04-27 11:28:29,998 - INFO - Successfully optimized Lesson-4-Price-Action-MA-Filter_01_standard.set -> Lesson-4-Price-Action-MA-Filter_01_otp.set
2025-04-27 11:28:30,000 - INFO - Successfully optimized Lesson-6-Trailling-ATR_01_standard.set -> Lesson-6-Trailling-ATR_01_otp.set
2025-04-27 11:28:30,001 - INFO - Successfully optimized Lesson-7-Price-action-Ket-hop-Volume-VSA_01_standard.set -> Lesson-7-Price-action-Ket-hop-Volume-VSA_01_otp.set
2025-04-27 11:28:30,002 - INFO - Successfully optimized Little-EA_01_standard.set -> Little-EA_01_otp.set
2025-04-27 11:28:30,004 - INFO - Successfully optimized Locker_01_standard.set -> Locker_01_otp.set
2025-04-27 11:28:30,006 - INFO - Successfully optimized Lock_01_standard.set -> Lock_01_otp.set
2025-04-27 11:28:30,007 - INFO - Successfully optimized Lucky_01_standard.set -> Lucky_01_otp.set
2025-04-27 11:28:30,008 - INFO - Successfully optimized MA-20Alert_01_standard.set -> MA-20Alert_01_otp.set
2025-04-27 11:28:30,009 - INFO - Successfully optimized MA-20AO-20Arrow_01_standard.set -> MA-20AO-20Arrow_01_otp.set
2025-04-27 11:28:30,012 - INFO - Successfully optimized MA-AO-EA_01_standard.set -> MA-AO-EA_01_otp.set
2025-04-27 11:28:30,013 - INFO - Successfully optimized ma-channels_01_standard.set -> ma-channels_01_otp.set
2025-04-27 11:28:30,015 - INFO - Successfully optimized MA-Cross_01_standard.set -> MA-Cross_01_otp.set
2025-04-27 11:28:30,016 - INFO - Successfully optimized MA-Envelopes_01_standard.set -> MA-Envelopes_01_otp.set
2025-04-27 11:28:30,018 - INFO - Successfully optimized MA-MACD-Position-averaging_01_standard.set -> MA-MACD-Position-averaging_01_otp.set
2025-04-27 11:28:30,020 - INFO - Successfully optimized MA-Trend_01_standard.set -> MA-Trend_01_otp.set
2025-04-27 11:28:30,022 - INFO - Successfully optimized MA2CCI_01_standard.set -> MA2CCI_01_otp.set
2025-04-27 11:28:30,023 - INFO - Successfully optimized MACD-and-SAR_01_standard.set -> MACD-and-SAR_01_otp.set
2025-04-27 11:28:30,025 - INFO - Successfully optimized MACD-Cleaner_01_standard.set -> MACD-Cleaner_01_otp.set
2025-04-27 11:28:30,027 - INFO - Successfully optimized MACD-EA-H4_01_standard.set -> MACD-EA-H4_01_otp.set
2025-04-27 11:28:30,029 - INFO - Successfully optimized MACD-No-Sample_01_standard.set -> MACD-No-Sample_01_otp.set
2025-04-27 11:28:30,030 - INFO - Successfully optimized MACD-signal_01_standard.set -> MACD-signal_01_otp.set
2025-04-27 11:28:30,032 - INFO - Successfully optimized MACD-Stochastic-2_01_standard.set -> MACD-Stochastic-2_01_otp.set
2025-04-27 11:28:30,034 - INFO - Successfully optimized MACD-Stochastic_01_standard.set -> MACD-Stochastic_01_otp.set
2025-04-27 11:28:30,035 - INFO - Successfully optimized MACDCCI_01_standard.set -> MACDCCI_01_otp.set
2025-04-27 11:28:30,037 - INFO - Successfully optimized MacdPatternTraderAll0.01_01_standard.set -> MacdPatternTraderAll0.01_01_otp.set
2025-04-27 11:28:30,040 - INFO - Successfully optimized MacdPatternTraderAll_01_standard.set -> MacdPatternTraderAll_01_otp.set
2025-04-27 11:28:30,041 - INFO - Successfully optimized MACD_01_standard.set -> MACD_01_otp.set
2025-04-27 11:28:30,042 - INFO - Successfully optimized MAGrid_01_standard.set -> MAGrid_01_otp.set
2025-04-27 11:28:30,043 - INFO - Successfully optimized MAMACD_01_standard.set -> MAMACD_01_otp.set
2025-04-27 11:28:30,045 - INFO - Successfully optimized Market-Capture_01_standard.set -> Market-Capture_01_otp.set
2025-04-27 11:28:30,046 - INFO - Successfully optimized Martin-1_01_standard.set -> Martin-1_01_otp.set
2025-04-27 11:28:30,048 - INFO - Successfully optimized Martin-for-small-deposits_01_standard.set -> Martin-for-small-deposits_01_otp.set
2025-04-27 11:28:30,049 - INFO - Successfully optimized MartingailExpert_01_standard.set -> MartingailExpert_01_otp.set
2025-04-27 11:28:30,050 - INFO - Successfully optimized MartinGaleBreakout_01_standard.set -> MartinGaleBreakout_01_otp.set
2025-04-27 11:28:30,051 - INFO - Successfully optimized Martin_01_standard.set -> Martin_01_otp.set
2025-04-27 11:28:30,054 - INFO - Successfully optimized Marubozu-EA_01_standard.set -> Marubozu-EA_01_otp.set
2025-04-27 11:28:30,055 - INFO - Successfully optimized Marubozu_01_standard.set -> Marubozu_01_otp.set
2025-04-27 11:28:30,057 - INFO - Successfully optimized MelBar-EuSwiss-1.85_01_standard.set -> MelBar-EuSwiss-1.85_01_otp.set
2025-04-27 11:28:30,058 - INFO - Successfully optimized MelBar™Take325-™-5.5Y-NZD-USD_01_standard.set -> MelBar™Take325-™-5.5Y-NZD-USD_01_otp.set
2025-04-27 11:28:30,060 - INFO - Successfully optimized Mobo-Bands-EA_01_standard.set -> Mobo-Bands-EA_01_otp.set
2025-04-27 11:28:30,062 - INFO - Successfully optimized Mobo-Bands_01_standard.set -> Mobo-Bands_01_otp.set
2025-04-27 11:28:30,063 - INFO - Successfully optimized Modified-Moving-Averages_01_standard.set -> Modified-Moving-Averages_01_otp.set
2025-04-27 11:28:30,065 - INFO - Successfully optimized Momentum-M15_01_standard.set -> Momentum-M15_01_otp.set
2025-04-27 11:28:30,066 - INFO - Successfully optimized Momo-trades_01_standard.set -> Momo-trades_01_otp.set
2025-04-27 11:28:30,068 - INFO - Successfully optimized Money-Fixed-Margin_01_standard.set -> Money-Fixed-Margin_01_otp.set
2025-04-27 11:28:30,070 - INFO - Successfully optimized Money-Fixed-Risk_01_standard.set -> Money-Fixed-Risk_01_otp.set
2025-04-27 11:28:30,071 - INFO - Successfully optimized MoneyRain_01_standard.set -> MoneyRain_01_otp.set
2025-04-27 11:28:30,074 - INFO - Successfully optimized Morning-evening-star-EA_01_standard.set -> Morning-evening-star-EA_01_otp.set
2025-04-27 11:28:30,076 - INFO - Successfully optimized MostasHaR15-Pivot_01_standard.set -> MostasHaR15-Pivot_01_otp.set
2025-04-27 11:28:30,078 - INFO - Successfully optimized Moving-20average-20and-20ichimoku-20EA_01_standard.set -> Moving-20average-20and-20ichimoku-20EA_01_otp.set
2025-04-27 11:28:30,079 - INFO - Successfully optimized Moving-Average-Trade-System_01_standard.set -> Moving-Average-Trade-System_01_otp.set
2025-04-27 11:28:30,081 - INFO - Successfully optimized Moving-Averages_01_standard.set -> Moving-Averages_01_otp.set
2025-04-27 11:28:30,083 - INFO - Successfully optimized MovingAverageMartinGale_01_standard.set -> MovingAverageMartinGale_01_otp.set
2025-04-27 11:28:30,084 - INFO - Successfully optimized MovingAverage_01_standard.set -> MovingAverage_01_otp.set
2025-04-27 11:28:30,086 - INFO - Successfully optimized MQL5-Wizard-MA-RSI_01_standard.set -> MQL5-Wizard-MA-RSI_01_otp.set
2025-04-27 11:28:30,087 - INFO - Successfully optimized MQL5-Wizard-MACD-Parabolic-SAR_01_standard.set -> MQL5-Wizard-MACD-Parabolic-SAR_01_otp.set
2025-04-27 11:28:30,089 - INFO - Successfully optimized MTC-Сombo_01_standard.set -> MTC-Сombo_01_otp.set
2025-04-27 11:28:30,091 - INFO - Successfully optimized Multi-Stochastic_01_standard.set -> Multi-Stochastic_01_otp.set
2025-04-27 11:28:30,092 - INFO - Successfully optimized MultiMartin_01_standard.set -> MultiMartin_01_otp.set
2025-04-27 11:28:30,093 - INFO - Successfully optimized MySystem_01_standard.set -> MySystem_01_otp.set
2025-04-27 11:28:30,095 - INFO - Successfully optimized N-Candles_01_standard.set -> N-Candles_01_otp.set
2025-04-27 11:28:30,097 - INFO - Successfully optimized Nevalyashka-BreakdownLevel_01_standard.set -> Nevalyashka-BreakdownLevel_01_otp.set
2025-04-27 11:28:30,098 - INFO - Successfully optimized Nevalyashka3-1_01_standard.set -> Nevalyashka3-1_01_otp.set
2025-04-27 11:28:30,099 - INFO - Successfully optimized Nevalyashka_01_standard.set -> Nevalyashka_01_otp.set
2025-04-27 11:28:30,101 - INFO - Successfully optimized New-Martin_01_standard.set -> New-Martin_01_otp.set
2025-04-27 11:28:30,103 - INFO - Successfully optimized New-Random_01_standard.set -> New-Random_01_otp.set
2025-04-27 11:28:30,104 - INFO - Successfully optimized Nextbar_01_standard.set -> Nextbar_01_otp.set
2025-04-27 11:28:30,105 - INFO - Successfully optimized Night-Flat-Trade_01_standard.set -> Night-Flat-Trade_01_otp.set
2025-04-27 11:28:30,107 - INFO - Successfully optimized NightScalper_01_standard.set -> NightScalper_01_otp.set
2025-04-27 11:28:30,109 - INFO - Successfully optimized NRTR-Revers_01_standard.set -> NRTR-Revers_01_otp.set
2025-04-27 11:28:30,110 - INFO - Successfully optimized NUp1Down_01_standard.set -> NUp1Down_01_otp.set
2025-04-27 11:28:30,112 - INFO - Successfully optimized Open-Candle-EA_01_standard.set -> Open-Candle-EA_01_otp.set
2025-04-27 11:28:30,113 - INFO - Successfully optimized Open-Close_01_standard.set -> Open-Close_01_otp.set
2025-04-27 11:28:30,114 - INFO - Successfully optimized Opening-and-ilosing-on-time_01_standard.set -> Opening-and-ilosing-on-time_01_otp.set
2025-04-27 11:28:30,116 - INFO - Successfully optimized Opening-and-Сlosing-on-time_01_standard.set -> Opening-and-Сlosing-on-time_01_otp.set
2025-04-27 11:28:30,118 - INFO - Successfully optimized OpenPendingorderAfterPositionGetStopLoss_01_standard.set -> OpenPendingorderAfterPositionGetStopLoss_01_otp.set
2025-04-27 11:28:30,120 - INFO - Successfully optimized OpenTicks_01_standard.set -> OpenTicks_01_otp.set
2025-04-27 11:28:30,122 - INFO - Successfully optimized ORB-EA-BOX_01_standard.set -> ORB-EA-BOX_01_otp.set
2025-04-27 11:28:30,124 - INFO - Successfully optimized OsMaSter_01_standard.set -> OsMaSter_01_otp.set
2025-04-27 11:28:30,126 - INFO - Successfully optimized OTT-20AND-20PRICE-20CROSS-20EA_01_standard.set -> OTT-20AND-20PRICE-20CROSS-20EA_01_otp.set
2025-04-27 11:28:30,127 - INFO - Successfully optimized OverHedge_01_standard.set -> OverHedge_01_otp.set
2025-04-27 11:28:30,129 - INFO - Successfully optimized OzFx_01_standard.set -> OzFx_01_otp.set
2025-04-27 11:28:30,131 - INFO - Successfully optimized Parabolic-SAR_01_standard.set -> Parabolic-SAR_01_otp.set
2025-04-27 11:28:30,133 - INFO - Successfully optimized PARSI-EA_01_standard.set -> PARSI-EA_01_otp.set
2025-04-27 11:28:30,134 - INFO - Successfully optimized Peceptron-Mult_01_standard.set -> Peceptron-Mult_01_otp.set
2025-04-27 11:28:30,136 - INFO - Successfully optimized Pending-orders-by-time-2_01_standard.set -> Pending-orders-by-time-2_01_otp.set
2025-04-27 11:28:30,138 - INFO - Successfully optimized Pending-orders-by-time_01_standard.set -> Pending-orders-by-time_01_otp.set
2025-04-27 11:28:30,140 - INFO - Successfully optimized Pendulum_01_standard.set -> Pendulum_01_otp.set
2025-04-27 11:28:30,141 - INFO - Successfully optimized Pinball-machine_01_standard.set -> Pinball-machine_01_otp.set
2025-04-27 11:28:30,144 - INFO - Successfully optimized Pinbar-Magic-EA_01_standard.set -> Pinbar-Magic-EA_01_otp.set
2025-04-27 11:28:30,146 - INFO - Successfully optimized PinBar-Magic-Indicator_01_standard.set -> PinBar-Magic-Indicator_01_otp.set
2025-04-27 11:28:30,147 - INFO - Successfully optimized Pipsover_01_standard.set -> Pipsover_01_otp.set
2025-04-27 11:28:30,148 - INFO - Successfully optimized Plan-X_01_standard.set -> Plan-X_01_otp.set
2025-04-27 11:28:30,150 - INFO - Successfully optimized Plateau_01_standard.set -> Plateau_01_otp.set
2025-04-27 11:28:30,152 - INFO - Successfully optimized Poker-SHOW_01_standard.set -> Poker-SHOW_01_otp.set
2025-04-27 11:28:30,154 - INFO - Successfully optimized Precipice-MartIn_01_standard.set -> Precipice-MartIn_01_otp.set
2025-04-27 11:28:30,155 - INFO - Successfully optimized Precipice_01_standard.set -> Precipice_01_otp.set
2025-04-27 11:28:30,157 - INFO - Successfully optimized Probe_01_standard.set -> Probe_01_otp.set
2025-04-27 11:28:30,159 - INFO - Successfully optimized Proffessor_01_standard.set -> Proffessor_01_otp.set
2025-04-27 11:28:30,160 - INFO - Successfully optimized PropFirmHelper_01_standard.set -> PropFirmHelper_01_otp.set
2025-04-27 11:28:30,162 - INFO - Successfully optimized PROphet_01_standard.set -> PROphet_01_otp.set
2025-04-27 11:28:30,164 - INFO - Successfully optimized Puria-method_01_standard.set -> Puria-method_01_otp.set
2025-04-27 11:28:30,166 - INFO - Successfully optimized Rabbit3_01_standard.set -> Rabbit3_01_otp.set
2025-04-27 11:28:30,168 - INFO - Successfully optimized Range-Breakout_01_standard.set -> Range-Breakout_01_otp.set
2025-04-27 11:28:30,169 - INFO - Successfully optimized Rapid-Doji-EA_01_standard.set -> Rapid-Doji-EA_01_otp.set
2025-04-27 11:28:30,171 - INFO - Successfully optimized Raymond-Cloudy-Day-for-EA_01_standard.set -> Raymond-Cloudy-Day-for-EA_01_otp.set
2025-04-27 11:28:30,173 - INFO - Successfully optimized Reflex-EA_01_standard.set -> Reflex-EA_01_otp.set
2025-04-27 11:28:30,175 - INFO - Successfully optimized REFLEX-INDICATOR_01_standard.set -> REFLEX-INDICATOR_01_otp.set
2025-04-27 11:28:30,177 - INFO - Successfully optimized Reflex_01_standard.set -> Reflex_01_otp.set
2025-04-27 11:28:30,179 - INFO - Successfully optimized Reversing-Martingale_01_standard.set -> Reversing-Martingale_01_otp.set
2025-04-27 11:28:30,180 - INFO - Successfully optimized RideAlligator_01_standard.set -> RideAlligator_01_otp.set
2025-04-27 11:28:30,182 - INFO - Successfully optimized RNN_01_standard.set -> RNN_01_otp.set
2025-04-27 11:28:30,183 - INFO - Successfully optimized Robot-MACD_01_standard.set -> Robot-MACD_01_otp.set
2025-04-27 11:28:30,185 - INFO - Successfully optimized RobotPowerM5-meta4_01_standard.set -> RobotPowerM5-meta4_01_otp.set
2025-04-27 11:28:30,187 - INFO - Successfully optimized Rollback-system_01_standard.set -> Rollback-system_01_otp.set
2025-04-27 11:28:30,188 - INFO - Successfully optimized RSI-and-Bollinger-Bands_01_standard.set -> RSI-and-Bollinger-Bands_01_otp.set
2025-04-27 11:28:30,190 - INFO - Successfully optimized RSI-Arrow-EA_01_standard.set -> RSI-Arrow-EA_01_otp.set
2025-04-27 11:28:30,191 - INFO - Successfully optimized RSI-Arrow_01_standard.set -> RSI-Arrow_01_otp.set
2025-04-27 11:28:30,193 - INFO - Successfully optimized RSI-EA_01_standard.set -> RSI-EA_01_otp.set
2025-04-27 11:28:30,194 - INFO - Successfully optimized RSI-Eraser_01_standard.set -> RSI-Eraser_01_otp.set
2025-04-27 11:28:30,196 - INFO - Successfully optimized RSI-Expert_01_standard.set -> RSI-Expert_01_otp.set
2025-04-27 11:28:30,197 - INFO - Successfully optimized RSI-Levels_01_standard.set -> RSI-Levels_01_otp.set
2025-04-27 11:28:30,198 - INFO - Successfully optimized RSI-trader_01_standard.set -> RSI-trader_01_otp.set
2025-04-27 11:28:30,200 - INFO - Successfully optimized RSI-Trend-EA_01_standard.set -> RSI-Trend-EA_01_otp.set
2025-04-27 11:28:30,201 - INFO - Successfully optimized RSI-Trend_01_standard.set -> RSI-Trend_01_otp.set
2025-04-27 11:28:30,203 - INFO - Successfully optimized RSI-with-channels-EA_01_standard.set -> RSI-with-channels-EA_01_otp.set
2025-04-27 11:28:30,204 - INFO - Successfully optimized RSI-with-channels_01_standard.set -> RSI-with-channels_01_otp.set
2025-04-27 11:28:30,206 - INFO - Successfully optimized Russian20-hp1_01_standard.set -> Russian20-hp1_01_otp.set
2025-04-27 11:28:30,207 - INFO - Successfully optimized SampleCheckPendingOrder_01_standard.set -> SampleCheckPendingOrder_01_otp.set
2025-04-27 11:28:30,208 - INFO - Successfully optimized SAR-trading_01_standard.set -> SAR-trading_01_otp.set
2025-04-27 11:28:30,210 - INFO - Successfully optimized Secwenta_01_standard.set -> Secwenta_01_otp.set
2025-04-27 11:28:30,211 - INFO - Successfully optimized Sell-Stop_01_standard.set -> Sell-Stop_01_otp.set
2025-04-27 11:28:30,213 - INFO - Successfully optimized Sensitive_01_standard.set -> Sensitive_01_otp.set
2025-04-27 11:28:30,214 - INFO - Successfully optimized Separate-trade_01_standard.set -> Separate-trade_01_otp.set
2025-04-27 11:28:30,216 - INFO - Successfully optimized SilverTrend_01_standard.set -> SilverTrend_01_otp.set
2025-04-27 11:28:30,217 - INFO - Successfully optimized Simple-20Price-20Alert-20-20EA_01_standard.set -> Simple-20Price-20Alert-20-20EA_01_otp.set
2025-04-27 11:28:30,219 - INFO - Successfully optimized Simple-20Volume-20EA_01_standard.set -> Simple-20Volume-20EA_01_otp.set
2025-04-27 11:28:30,221 - INFO - Successfully optimized Simple-EA-MA-plus-MACD_01_standard.set -> Simple-EA-MA-plus-MACD_01_otp.set
2025-04-27 11:28:30,222 - INFO - Successfully optimized Simple-FX_01_standard.set -> Simple-FX_01_otp.set
2025-04-27 11:28:30,223 - INFO - Successfully optimized Simple-MACD_01_standard.set -> Simple-MACD_01_otp.set
2025-04-27 11:28:30,224 - INFO - Successfully optimized Simple-Volume-EA_01_standard.set -> Simple-Volume-EA_01_otp.set
2025-04-27 11:28:30,226 - INFO - Successfully optimized SimplePivot_01_standard.set -> SimplePivot_01_otp.set
2025-04-27 11:28:30,228 - INFO - Successfully optimized Simplest-Hedging-EA-ever_01_standard.set -> Simplest-Hedging-EA-ever_01_otp.set
2025-04-27 11:28:30,229 - INFO - Successfully optimized SimpleTrade _01_standard.set -> SimpleTrade _01_otp.set
2025-04-27 11:28:30,231 - INFO - Successfully optimized Six-Soldiers-EA-Grid_01_standard.set -> Six-Soldiers-EA-Grid_01_otp.set
2025-04-27 11:28:30,232 - INFO - Successfully optimized Six-Soldiers-EA_01_standard.set -> Six-Soldiers-EA_01_otp.set
2025-04-27 11:28:30,234 - INFO - Successfully optimized Six-Soldiers_01_standard.set -> Six-Soldiers_01_otp.set
2025-04-27 11:28:30,235 - INFO - Successfully optimized Small-Inside-Bar-Strategy_01_standard.set -> Small-Inside-Bar-Strategy_01_otp.set
2025-04-27 11:28:30,237 - INFO - Successfully optimized Smart-Machine-20EA_01_standard.set -> Smart-Machine-20EA_01_otp.set
2025-04-27 11:28:30,238 - INFO - Successfully optimized Smoothing-Average_01_standard.set -> Smoothing-Average_01_otp.set
2025-04-27 11:28:30,240 - INFO - Successfully optimized Spasm_01_standard.set -> Spasm_01_otp.set
2025-04-27 11:28:30,242 - INFO - Successfully optimized ssb5-123_01_standard.set -> ssb5-123_01_otp.set
2025-04-27 11:28:30,243 - INFO - Successfully optimized Starter_01_standard.set -> Starter_01_otp.set
2025-04-27 11:28:30,245 - INFO - Successfully optimized Steve-Cartwright-Trader-Camel-CCI-MACD_01_standard.set -> Steve-Cartwright-Trader-Camel-CCI-MACD_01_otp.set
2025-04-27 11:28:30,246 - INFO - Successfully optimized Stoch-EA-1192_01_standard.set -> Stoch-EA-1192_01_otp.set
2025-04-27 11:28:30,249 - INFO - Successfully optimized Stochastic-20Alert_01_standard.set -> Stochastic-20Alert_01_otp.set
2025-04-27 11:28:30,250 - INFO - Successfully optimized Stochastic-K-Divergence.lua_01_standard.set -> Stochastic-K-Divergence.lua_01_otp.set
2025-04-27 11:28:30,251 - INFO - Successfully optimized stochastic-three-periods_01_standard.set -> stochastic-three-periods_01_otp.set
2025-04-27 11:28:30,253 - INFO - Successfully optimized StochasticDiffSign-EA_01_standard.set -> StochasticDiffSign-EA_01_otp.set
2025-04-27 11:28:30,255 - INFO - Successfully optimized stochasticdiffsign_01_standard.set -> stochasticdiffsign_01_otp.set
2025-04-27 11:28:30,256 - INFO - Successfully optimized StochMA-EA_01_standard.set -> StochMA-EA_01_otp.set
2025-04-27 11:28:30,258 - INFO - Successfully optimized StochMA_01_standard.set -> StochMA_01_otp.set
2025-04-27 11:28:30,259 - INFO - Successfully optimized Stoch_01_standard.set -> Stoch_01_otp.set
2025-04-27 11:28:30,260 - INFO - Successfully optimized Stop-Loss-Take-Profit_01_standard.set -> Stop-Loss-Take-Profit_01_otp.set
2025-04-27 11:28:30,262 - INFO - Successfully optimized StraddleqTrail_01_standard.set -> StraddleqTrail_01_otp.set
2025-04-27 11:28:30,264 - INFO - Successfully optimized Surefirething_01_standard.set -> Surefirething_01_otp.set
2025-04-27 11:28:30,265 - INFO - Successfully optimized TDSGlobal_01_standard.set -> TDSGlobal_01_otp.set
2025-04-27 11:28:30,266 - INFO - Successfully optimized The-MasterMind-2_01_standard.set -> The-MasterMind-2_01_otp.set
2025-04-27 11:28:30,268 - INFO - Successfully optimized The-MasterMind-3_01_standard.set -> The-MasterMind-3_01_otp.set
2025-04-27 11:28:30,270 - INFO - Successfully optimized The-MasterMind_01_standard.set -> The-MasterMind_01_otp.set
2025-04-27 11:28:30,271 - INFO - Successfully optimized The-Puncher_01_standard.set -> The-Puncher_01_otp.set
2025-04-27 11:28:30,273 - INFO - Successfully optimized TheClassicTurtleTrader-no-dots-EA_01_standard.set -> TheClassicTurtleTrader-no-dots-EA_01_otp.set
2025-04-27 11:28:30,274 - INFO - Successfully optimized TheClassicTurtleTrader-no-dots_01_standard.set -> TheClassicTurtleTrader-no-dots_01_otp.set
2025-04-27 11:28:30,276 - INFO - Successfully optimized Three-indicators_01_standard.set -> Three-indicators_01_otp.set
2025-04-27 11:28:30,278 - INFO - Successfully optimized Three-neural-networks_01_standard.set -> Three-neural-networks_01_otp.set
2025-04-27 11:28:30,279 - INFO - Successfully optimized Three-timeframes_01_standard.set -> Three-timeframes_01_otp.set
2025-04-27 11:28:30,281 - INFO - Successfully optimized Three-Typical-Candles_01_standard.set -> Three-Typical-Candles_01_otp.set
2025-04-27 11:28:30,282 - INFO - Successfully optimized Time-sync-forts_01_standard.set -> Time-sync-forts_01_otp.set
2025-04-27 11:28:30,284 - INFO - Successfully optimized timer-trade_01_standard.set -> timer-trade_01_otp.set
2025-04-27 11:28:30,285 - INFO - Successfully optimized TMA-ATR-Channel_01_standard.set -> TMA-ATR-Channel_01_otp.set
2025-04-27 11:28:30,287 - INFO - Successfully optimized TMA-ATR-EA_01_standard.set -> TMA-ATR-EA_01_otp.set
2025-04-27 11:28:30,289 - INFO - Successfully optimized TMA-CG-EA_01_standard.set -> TMA-CG-EA_01_otp.set
2025-04-27 11:28:30,291 - INFO - Successfully optimized TMA-CG-Martingale-20EA_01_standard.set -> TMA-CG-Martingale-20EA_01_otp.set
2025-04-27 11:28:30,292 - INFO - Successfully optimized TMA-CG-mladen_01_standard.set -> TMA-CG-mladen_01_otp.set
2025-04-27 11:28:30,293 - INFO - Successfully optimized TMA-CG-special_01_standard.set -> TMA-CG-special_01_otp.set
2025-04-27 11:28:30,294 - INFO - Successfully optimized TMA-slope-bands_01_standard.set -> TMA-slope-bands_01_otp.set
2025-04-27 11:28:30,296 - INFO - Successfully optimized TmaTrue-2.0-with-Distances-6xx_01_standard.set -> TmaTrue-2.0-with-Distances-6xx_01_otp.set
2025-04-27 11:28:30,298 - INFO - Successfully optimized TmaTrue-3.0-with-Distances-6xx_01_standard.set -> TmaTrue-3.0-with-Distances-6xx_01_otp.set
2025-04-27 11:28:30,299 - INFO - Successfully optimized TP-with-money_01_standard.set -> TP-with-money_01_otp.set
2025-04-27 11:28:30,301 - INFO - Successfully optimized Trade-in-Channel_01_standard.set -> Trade-in-Channel_01_otp.set
2025-04-27 11:28:30,303 - INFO - Successfully optimized Trade-on-qualified-RSI_01_standard.set -> Trade-on-qualified-RSI_01_otp.set
2025-04-27 11:28:30,304 - INFO - Successfully optimized Trading-Breakout-MrThanhTan_01_standard.set -> Trading-Breakout-MrThanhTan_01_otp.set
2025-04-27 11:28:30,306 - INFO - Successfully optimized Trend-Trader-Strategy-EA_01_standard.set -> Trend-Trader-Strategy-EA_01_otp.set
2025-04-27 11:28:30,307 - INFO - Successfully optimized Trend-Trader-Strategy_01_standard.set -> Trend-Trader-Strategy_01_otp.set
2025-04-27 11:28:30,309 - INFO - Successfully optimized Tru-EA_01_standard.set -> Tru-EA_01_otp.set
2025-04-27 11:28:30,311 - INFO - Successfully optimized True-Scalper-Profit-Lock_01_standard.set -> True-Scalper-Profit-Lock_01_otp.set
2025-04-27 11:28:30,313 - INFO - Successfully optimized TrueSort-1100_01_standard.set -> TrueSort-1100_01_otp.set
2025-04-27 11:28:30,314 - INFO - Successfully optimized Tunnel-gen4_01_standard.set -> Tunnel-gen4_01_otp.set
2025-04-27 11:28:30,315 - INFO - Successfully optimized Tunnel-Method_01_standard.set -> Tunnel-Method_01_otp.set
2025-04-27 11:28:30,317 - INFO - Successfully optimized TurnGrid_01_standard.set -> TurnGrid_01_otp.set
2025-04-27 11:28:30,319 - INFO - Successfully optimized Two PerBar _01_standard.set -> Two PerBar _01_otp.set
2025-04-27 11:28:30,320 - INFO - Successfully optimized Two-20MA-20RSI-20ADX-20EA_01_standard.set -> Two-20MA-20RSI-20ADX-20EA_01_otp.set
2025-04-27 11:28:30,322 - INFO - Successfully optimized Two-20Orders-20Panel_01_standard.set -> Two-20Orders-20Panel_01_otp.set
2025-04-27 11:28:30,323 - INFO - Successfully optimized Two-pending-orders-2_01_standard.set -> Two-pending-orders-2_01_otp.set
2025-04-27 11:28:30,326 - INFO - Successfully optimized UnityPro_01_standard.set -> UnityPro_01_otp.set
2025-04-27 11:28:30,327 - INFO - Successfully optimized UniversalMACrossEA_01_standard.set -> UniversalMACrossEA_01_otp.set
2025-04-27 11:28:30,329 - INFO - Successfully optimized UniversalSignalDemo_01_standard.set -> UniversalSignalDemo_01_otp.set
2025-04-27 11:28:30,331 - INFO - Successfully optimized Universum-3.0_01_standard.set -> Universum-3.0_01_otp.set
2025-04-27 11:28:30,333 - INFO - Successfully optimized UnNomGuai-20EA_01_standard.set -> UnNomGuai-20EA_01_otp.set
2025-04-27 11:28:30,334 - INFO - Successfully optimized up3x1-Investor_01_standard.set -> up3x1-Investor_01_otp.set
2025-04-27 11:28:30,336 - INFO - Successfully optimized up3x1-premium-M_01_standard.set -> up3x1-premium-M_01_otp.set
2025-04-27 11:28:30,338 - INFO - Successfully optimized up3x1_01_standard.set -> up3x1_01_otp.set
2025-04-27 11:28:30,340 - INFO - Successfully optimized Urdala-Trol_01_standard.set -> Urdala-Trol_01_otp.set
2025-04-27 11:28:30,342 - INFO - Successfully optimized Very-Blonde-System_01_standard.set -> Very-Blonde-System_01_otp.set
2025-04-27 11:28:30,346 - INFO - Successfully optimized Virtual-Trailing-Stop_01_standard.set -> Virtual-Trailing-Stop_01_otp.set
2025-04-27 11:28:30,349 - INFO - Successfully optimized VLT-TRADER_01_standard.set -> VLT-TRADER_01_otp.set
2025-04-27 11:28:30,351 - INFO - Successfully optimized Volume-trader_01_standard.set -> Volume-trader_01_otp.set
2025-04-27 11:28:30,352 - INFO - Successfully optimized Vortex-Indicator-System_01_standard.set -> Vortex-Indicator-System_01_otp.set
2025-04-27 11:28:30,354 - INFO - Successfully optimized VR-Overturn_01_standard.set -> VR-Overturn_01_otp.set
2025-04-27 11:28:30,357 - INFO - Successfully optimized VR-ZVER-v.2_01_standard.set -> VR-ZVER-v.2_01_otp.set
2025-04-27 11:28:30,361 - INFO - Successfully optimized VR-ZVER_01_standard.set -> VR-ZVER_01_otp.set
2025-04-27 11:28:30,363 - INFO - Successfully optimized VZO_01_standard.set -> VZO_01_otp.set
2025-04-27 11:28:30,365 - INFO - Successfully optimized Waddah-Attar-Win_01_standard.set -> Waddah-Attar-Win_01_otp.set
2025-04-27 11:28:30,367 - INFO - Successfully optimized WE-TRUST_01_standard.set -> WE-TRUST_01_otp.set
2025-04-27 11:28:30,369 - INFO - Successfully optimized X-RSIOMA_01_standard.set -> X-RSIOMA_01_otp.set
2025-04-27 11:28:30,373 - INFO - Successfully optimized Yesterday-Today_01_standard.set -> Yesterday-Today_01_otp.set
