2025-04-25 02:45:58,444 - INFO - Processing 10-pips-EURUSD_01_standard.set
2025-04-25 02:45:58,445 - ERROR - Error processing C:\Users\nikol\AppData\Roaming\MetaQuotes\Terminal\4B1CE69F577705455263BD980C39A82C\MQL5\Profiles\Tester\10-pips-EURUSD_01_standard.set: 'SetFileOptimizer' object has no attribute 'read_set_file'
2025-04-25 02:45:58,446 - INFO - Processing 10-pips_01_standard.set
2025-04-25 02:45:58,447 - ERROR - Error processing C:\Users\nikol\AppData\Roaming\MetaQuotes\Terminal\4B1CE69F577705455263BD980C39A82C\MQL5\Profiles\Tester\10-pips_01_standard.set: 'SetFileOptimizer' object has no attribute 'read_set_file'
2025-04-25 02:45:58,448 - INFO - Processing 1H-EUR-USD_01_standard.set
2025-04-25 02:45:58,450 - ERROR - Error processing C:\Users\nikol\AppData\Roaming\MetaQuotes\Terminal\4B1CE69F577705455263BD980C39A82C\MQL5\Profiles\Tester\1H-EUR-USD_01_standard.set: 'SetFileOptimizer' object has no attribute 'read_set_file'
2025-04-25 02:45:58,451 - INFO - Processing 20011201-GBPUSD-M1_01_standard.set
2025-04-25 02:45:58,452 - ERROR - Error processing C:\Users\nikol\AppData\Roaming\MetaQuotes\Terminal\4B1CE69F577705455263BD980C39A82C\MQL5\Profiles\Tester\20011201-GBPUSD-M1_01_standard.set: 'SetFileOptimizer' object has no attribute 'read_set_file'
2025-04-25 02:45:58,453 - INFO - Processing 21hour_01_standard.set
2025-04-25 02:45:58,453 - ERROR - Error processing C:\Users\nikol\AppData\Roaming\MetaQuotes\Terminal\4B1CE69F577705455263BD980C39A82C\MQL5\Profiles\Tester\21hour_01_standard.set: 'SetFileOptimizer' object has no attribute 'read_set_file'
2025-04-25 02:45:58,454 - INFO - Processing 2HR-HL_01_standard.set
2025-04-25 02:45:58,456 - ERROR - Error processing C:\Users\nikol\AppData\Roaming\MetaQuotes\Terminal\4B1CE69F577705455263BD980C39A82C\MQL5\Profiles\Tester\2HR-HL_01_standard.set: 'SetFileOptimizer' object has no attribute 'read_set_file'
2025-04-25 02:45:58,457 - INFO - Processing 2MA-4Level_01_standard.set
2025-04-25 02:45:58,458 - ERROR - Error processing C:\Users\nikol\AppData\Roaming\MetaQuotes\Terminal\4B1CE69F577705455263BD980C39A82C\MQL5\Profiles\Tester\2MA-4Level_01_standard.set: 'SetFileOptimizer' object has no attribute 'read_set_file'
2025-04-25 02:45:58,459 - INFO - Processing 2MA-Bunny-Cross_01_standard.set
2025-04-25 02:45:58,459 - ERROR - Error processing C:\Users\nikol\AppData\Roaming\MetaQuotes\Terminal\4B1CE69F577705455263BD980C39A82C\MQL5\Profiles\Tester\2MA-Bunny-Cross_01_standard.set: 'SetFileOptimizer' object has no attribute 'read_set_file'
2025-04-25 02:45:58,460 - INFO - Processing 3-bars-high-low-indicator_01_standard.set
2025-04-25 02:45:58,461 - ERROR - Error processing C:\Users\nikol\AppData\Roaming\MetaQuotes\Terminal\4B1CE69F577705455263BD980C39A82C\MQL5\Profiles\Tester\3-bars-high-low-indicator_01_standard.set: 'SetFileOptimizer' object has no attribute 'read_set_file'
2025-04-25 02:45:58,462 - INFO - Processing 35-Pip-Scalper_01_standard.set
2025-04-25 02:45:58,463 - ERROR - Error processing C:\Users\nikol\AppData\Roaming\MetaQuotes\Terminal\4B1CE69F577705455263BD980C39A82C\MQL5\Profiles\Tester\35-Pip-Scalper_01_standard.set: 'SetFileOptimizer' object has no attribute 'read_set_file'
2025-04-25 02:45:58,464 - INFO - Processing 3BarsHighLowEA_01_standard.set
2025-04-25 02:45:58,465 - ERROR - Error processing C:\Users\nikol\AppData\Roaming\MetaQuotes\Terminal\4B1CE69F577705455263BD980C39A82C\MQL5\Profiles\Tester\3BarsHighLowEA_01_standard.set: 'SetFileOptimizer' object has no attribute 'read_set_file'
2025-04-25 02:45:58,466 - INFO - Processing 3sma_01_standard.set
2025-04-25 02:45:58,467 - ERROR - Error processing C:\Users\nikol\AppData\Roaming\MetaQuotes\Terminal\4B1CE69F577705455263BD980C39A82C\MQL5\Profiles\Tester\3sma_01_standard.set: 'SetFileOptimizer' object has no attribute 'read_set_file'
2025-04-25 02:45:58,468 - INFO - Processing 500_01_standard.set
2025-04-25 02:45:58,469 - ERROR - Error processing C:\Users\nikol\AppData\Roaming\MetaQuotes\Terminal\4B1CE69F577705455263BD980C39A82C\MQL5\Profiles\Tester\500_01_standard.set: 'SetFileOptimizer' object has no attribute 'read_set_file'
2025-04-25 02:45:58,472 - INFO - Processing 55-MA_01_standard.set
2025-04-25 02:45:58,473 - ERROR - Error processing C:\Users\nikol\AppData\Roaming\MetaQuotes\Terminal\4B1CE69F577705455263BD980C39A82C\MQL5\Profiles\Tester\55-MA_01_standard.set: 'SetFileOptimizer' object has no attribute 'read_set_file'
2025-04-25 02:45:58,474 - INFO - Processing Above-Below-MA_01_standard.set
2025-04-25 02:45:58,475 - ERROR - Error processing C:\Users\nikol\AppData\Roaming\MetaQuotes\Terminal\4B1CE69F577705455263BD980C39A82C\MQL5\Profiles\Tester\Above-Below-MA_01_standard.set: 'SetFileOptimizer' object has no attribute 'read_set_file'
2025-04-25 02:45:58,475 - INFO - Processing Absorption_01_standard.set
2025-04-25 02:45:58,476 - ERROR - Error processing C:\Users\nikol\AppData\Roaming\MetaQuotes\Terminal\4B1CE69F577705455263BD980C39A82C\MQL5\Profiles\Tester\Absorption_01_standard.set: 'SetFileOptimizer' object has no attribute 'read_set_file'
2025-04-25 02:45:58,478 - INFO - Processing ADX-MACD-Deev_01_standard.set
2025-04-25 02:45:58,479 - ERROR - Error processing C:\Users\nikol\AppData\Roaming\MetaQuotes\Terminal\4B1CE69F577705455263BD980C39A82C\MQL5\Profiles\Tester\ADX-MACD-Deev_01_standard.set: 'SetFileOptimizer' object has no attribute 'read_set_file'
2025-04-25 02:45:58,480 - INFO - Processing ADX-MA_01_standard.set
2025-04-25 02:45:58,481 - ERROR - Error processing C:\Users\nikol\AppData\Roaming\MetaQuotes\Terminal\4B1CE69F577705455263BD980C39A82C\MQL5\Profiles\Tester\ADX-MA_01_standard.set: 'SetFileOptimizer' object has no attribute 'read_set_file'
2025-04-25 02:45:58,482 - INFO - Processing ADX-System_01_standard.set
2025-04-25 02:45:58,483 - ERROR - Error processing C:\Users\nikol\AppData\Roaming\MetaQuotes\Terminal\4B1CE69F577705455263BD980C39A82C\MQL5\Profiles\Tester\ADX-System_01_standard.set: 'SetFileOptimizer' object has no attribute 'read_set_file'
2025-04-25 02:45:58,485 - INFO - Processing AIS1_01_standard.set
2025-04-25 02:45:58,486 - ERROR - Error processing C:\Users\nikol\AppData\Roaming\MetaQuotes\Terminal\4B1CE69F577705455263BD980C39A82C\MQL5\Profiles\Tester\AIS1_01_standard.set: 'SetFileOptimizer' object has no attribute 'read_set_file'
2025-04-25 02:45:58,487 - INFO - Processing AK-47-Scalper-EA-MT5_01_standard.set
2025-04-25 02:45:58,488 - ERROR - Error processing C:\Users\nikol\AppData\Roaming\MetaQuotes\Terminal\4B1CE69F577705455263BD980C39A82C\MQL5\Profiles\Tester\AK-47-Scalper-EA-MT5_01_standard.set: 'SetFileOptimizer' object has no attribute 'read_set_file'
2025-04-25 02:45:58,489 - INFO - Processing AK-47-Scalper-EA-yoforexPremium-MT5_01_standard.set
2025-04-25 02:45:58,490 - ERROR - Error processing C:\Users\nikol\AppData\Roaming\MetaQuotes\Terminal\4B1CE69F577705455263BD980C39A82C\MQL5\Profiles\Tester\AK-47-Scalper-EA-yoforexPremium-MT5_01_standard.set: 'SetFileOptimizer' object has no attribute 'read_set_file'
2025-04-25 02:45:58,491 - INFO - Processing Alexav-D1-Profit-GBPUSD_01_standard.set
2025-04-25 02:45:58,492 - ERROR - Error processing C:\Users\nikol\AppData\Roaming\MetaQuotes\Terminal\4B1CE69F577705455263BD980C39A82C\MQL5\Profiles\Tester\Alexav-D1-Profit-GBPUSD_01_standard.set: 'SetFileOptimizer' object has no attribute 'read_set_file'
2025-04-25 02:45:58,493 - INFO - Processing All-Average-Ea_01_standard.set
2025-04-25 02:45:58,494 - ERROR - Error processing C:\Users\nikol\AppData\Roaming\MetaQuotes\Terminal\4B1CE69F577705455263BD980C39A82C\MQL5\Profiles\Tester\All-Average-Ea_01_standard.set: 'SetFileOptimizer' object has no attribute 'read_set_file'
2025-04-25 02:45:58,494 - INFO - Processing Alligator-Simple_01_standard.set
2025-04-25 02:45:58,495 - ERROR - Error processing C:\Users\nikol\AppData\Roaming\MetaQuotes\Terminal\4B1CE69F577705455263BD980C39A82C\MQL5\Profiles\Tester\Alligator-Simple_01_standard.set: 'SetFileOptimizer' object has no attribute 'read_set_file'
2025-04-25 02:45:58,496 - INFO - Processing Alligator_01_standard.set
2025-04-25 02:45:58,496 - ERROR - Error processing C:\Users\nikol\AppData\Roaming\MetaQuotes\Terminal\4B1CE69F577705455263BD980C39A82C\MQL5\Profiles\Tester\Alligator_01_standard.set: 'SetFileOptimizer' object has no attribute 'read_set_file'
2025-04-25 02:45:58,498 - INFO - Processing Altarius-RSI-Stohastic_01_standard.set
2025-04-25 02:45:58,500 - ERROR - Error processing C:\Users\nikol\AppData\Roaming\MetaQuotes\Terminal\4B1CE69F577705455263BD980C39A82C\MQL5\Profiles\Tester\Altarius-RSI-Stohastic_01_standard.set: 'SetFileOptimizer' object has no attribute 'read_set_file'
2025-04-25 02:45:58,501 - INFO - Processing AMA-Trader-2_01_standard.set
2025-04-25 02:45:58,502 - ERROR - Error processing C:\Users\nikol\AppData\Roaming\MetaQuotes\Terminal\4B1CE69F577705455263BD980C39A82C\MQL5\Profiles\Tester\AMA-Trader-2_01_standard.set: 'SetFileOptimizer' object has no attribute 'read_set_file'
2025-04-25 02:45:58,503 - INFO - Processing AMA-Trader_01_standard.set
2025-04-25 02:45:58,504 - ERROR - Error processing C:\Users\nikol\AppData\Roaming\MetaQuotes\Terminal\4B1CE69F577705455263BD980C39A82C\MQL5\Profiles\Tester\AMA-Trader_01_standard.set: 'SetFileOptimizer' object has no attribute 'read_set_file'
2025-04-25 02:45:58,505 - INFO - Processing AO-Lightning_01_standard.set
2025-04-25 02:45:58,506 - ERROR - Error processing C:\Users\nikol\AppData\Roaming\MetaQuotes\Terminal\4B1CE69F577705455263BD980C39A82C\MQL5\Profiles\Tester\AO-Lightning_01_standard.set: 'SetFileOptimizer' object has no attribute 'read_set_file'
2025-04-25 02:45:58,506 - INFO - Processing AOCCI_01_standard.set
2025-04-25 02:45:58,507 - ERROR - Error processing C:\Users\nikol\AppData\Roaming\MetaQuotes\Terminal\4B1CE69F577705455263BD980C39A82C\MQL5\Profiles\Tester\AOCCI_01_standard.set: 'SetFileOptimizer' object has no attribute 'read_set_file'
2025-04-25 02:45:58,508 - INFO - Processing Arbitrage_01_standard.set
2025-04-25 02:45:58,509 - ERROR - Error processing C:\Users\nikol\AppData\Roaming\MetaQuotes\Terminal\4B1CE69F577705455263BD980C39A82C\MQL5\Profiles\Tester\Arbitrage_01_standard.set: 'SetFileOptimizer' object has no attribute 'read_set_file'
2025-04-25 02:45:58,510 - INFO - Processing ArbSint_01_standard.set
2025-04-25 02:45:58,511 - ERROR - Error processing C:\Users\nikol\AppData\Roaming\MetaQuotes\Terminal\4B1CE69F577705455263BD980C39A82C\MQL5\Profiles\Tester\ArbSint_01_standard.set: 'SetFileOptimizer' object has no attribute 'read_set_file'
2025-04-25 02:45:58,512 - INFO - Processing Area-MACD_01_standard.set
2025-04-25 02:45:58,513 - ERROR - Error processing C:\Users\nikol\AppData\Roaming\MetaQuotes\Terminal\4B1CE69F577705455263BD980C39A82C\MQL5\Profiles\Tester\Area-MACD_01_standard.set: 'SetFileOptimizer' object has no attribute 'read_set_file'
2025-04-25 02:45:58,515 - INFO - Processing Artificial-Intelligence_01_standard.set
2025-04-25 02:45:58,516 - ERROR - Error processing C:\Users\nikol\AppData\Roaming\MetaQuotes\Terminal\4B1CE69F577705455263BD980C39A82C\MQL5\Profiles\Tester\Artificial-Intelligence_01_standard.set: 'SetFileOptimizer' object has no attribute 'read_set_file'
2025-04-25 02:45:58,517 - INFO - Processing At-random-Full_01_standard.set
2025-04-25 02:45:58,518 - ERROR - Error processing C:\Users\nikol\AppData\Roaming\MetaQuotes\Terminal\4B1CE69F577705455263BD980C39A82C\MQL5\Profiles\Tester\At-random-Full_01_standard.set: 'SetFileOptimizer' object has no attribute 'read_set_file'
2025-04-25 02:45:58,519 - INFO - Processing At-random_01_standard.set
2025-04-25 02:45:58,520 - ERROR - Error processing C:\Users\nikol\AppData\Roaming\MetaQuotes\Terminal\4B1CE69F577705455263BD980C39A82C\MQL5\Profiles\Tester\At-random_01_standard.set: 'SetFileOptimizer' object has no attribute 'read_set_file'
2025-04-25 02:45:58,521 - INFO - Processing Auto-ADX_01_standard.set
2025-04-25 02:45:58,522 - ERROR - Error processing C:\Users\nikol\AppData\Roaming\MetaQuotes\Terminal\4B1CE69F577705455263BD980C39A82C\MQL5\Profiles\Tester\Auto-ADX_01_standard.set: 'SetFileOptimizer' object has no attribute 'read_set_file'
2025-04-25 02:45:58,523 - INFO - Processing Auto-Pivot-Plotter-28Mid-Levels-29-41_01_standard.set
2025-04-25 02:45:58,524 - ERROR - Error processing C:\Users\nikol\AppData\Roaming\MetaQuotes\Terminal\4B1CE69F577705455263BD980C39A82C\MQL5\Profiles\Tester\Auto-Pivot-Plotter-28Mid-Levels-29-41_01_standard.set: 'SetFileOptimizer' object has no attribute 'read_set_file'
2025-04-25 02:45:58,525 - INFO - Processing AutoLock-EA_01_standard.set
2025-04-25 02:45:58,526 - ERROR - Error processing C:\Users\nikol\AppData\Roaming\MetaQuotes\Terminal\4B1CE69F577705455263BD980C39A82C\MQL5\Profiles\Tester\AutoLock-EA_01_standard.set: 'SetFileOptimizer' object has no attribute 'read_set_file'
2025-04-25 02:45:58,527 - INFO - Processing Autotrader-Momentum_01_standard.set
2025-04-25 02:45:58,528 - ERROR - Error processing C:\Users\nikol\AppData\Roaming\MetaQuotes\Terminal\4B1CE69F577705455263BD980C39A82C\MQL5\Profiles\Tester\Autotrader-Momentum_01_standard.set: 'SetFileOptimizer' object has no attribute 'read_set_file'
2025-04-25 02:45:58,529 - INFO - Processing Avalanche-AV_01_standard.set
2025-04-25 02:45:58,531 - ERROR - Error processing C:\Users\nikol\AppData\Roaming\MetaQuotes\Terminal\4B1CE69F577705455263BD980C39A82C\MQL5\Profiles\Tester\Avalanche-AV_01_standard.set: 'SetFileOptimizer' object has no attribute 'read_set_file'
2025-04-25 02:45:58,533 - INFO - Processing Backbone_01_standard.set
2025-04-25 02:45:58,534 - ERROR - Error processing C:\Users\nikol\AppData\Roaming\MetaQuotes\Terminal\4B1CE69F577705455263BD980C39A82C\MQL5\Profiles\Tester\Backbone_01_standard.set: 'SetFileOptimizer' object has no attribute 'read_set_file'
2025-04-25 02:45:58,535 - INFO - Processing BADX_01_standard.set
2025-04-25 02:45:58,536 - ERROR - Error processing C:\Users\nikol\AppData\Roaming\MetaQuotes\Terminal\4B1CE69F577705455263BD980C39A82C\MQL5\Profiles\Tester\BADX_01_standard.set: 'SetFileOptimizer' object has no attribute 'read_set_file'
2025-04-25 02:45:58,537 - INFO - Processing Bago-EA_01_standard.set
2025-04-25 02:45:58,538 - ERROR - Error processing C:\Users\nikol\AppData\Roaming\MetaQuotes\Terminal\4B1CE69F577705455263BD980C39A82C\MQL5\Profiles\Tester\Bago-EA_01_standard.set: 'SetFileOptimizer' object has no attribute 'read_set_file'
2025-04-25 02:45:58,540 - INFO - Processing BalancedScalper-20EA_01_standard.set
2025-04-25 02:45:58,542 - ERROR - Error processing C:\Users\nikol\AppData\Roaming\MetaQuotes\Terminal\4B1CE69F577705455263BD980C39A82C\MQL5\Profiles\Tester\BalancedScalper-20EA_01_standard.set: 'SetFileOptimizer' object has no attribute 'read_set_file'
2025-04-25 02:45:58,543 - INFO - Processing Bands-2_01_standard.set
2025-04-25 02:45:58,544 - ERROR - Error processing C:\Users\nikol\AppData\Roaming\MetaQuotes\Terminal\4B1CE69F577705455263BD980C39A82C\MQL5\Profiles\Tester\Bands-2_01_standard.set: 'SetFileOptimizer' object has no attribute 'read_set_file'
2025-04-25 02:45:58,545 - INFO - Processing BARS-Alligator_01_standard.set
2025-04-25 02:45:58,548 - ERROR - Error processing C:\Users\nikol\AppData\Roaming\MetaQuotes\Terminal\4B1CE69F577705455263BD980C39A82C\MQL5\Profiles\Tester\BARS-Alligator_01_standard.set: 'SetFileOptimizer' object has no attribute 'read_set_file'
2025-04-25 02:45:58,550 - INFO - Processing Basic-CCI-RSI_01_standard.set
2025-04-25 02:45:58,551 - ERROR - Error processing C:\Users\nikol\AppData\Roaming\MetaQuotes\Terminal\4B1CE69F577705455263BD980C39A82C\MQL5\Profiles\Tester\Basic-CCI-RSI_01_standard.set: 'SetFileOptimizer' object has no attribute 'read_set_file'
2025-04-25 02:45:58,552 - INFO - Processing Basic-Martingale-EA-3_01_standard.set
2025-04-25 02:45:58,553 - ERROR - Error processing C:\Users\nikol\AppData\Roaming\MetaQuotes\Terminal\4B1CE69F577705455263BD980C39A82C\MQL5\Profiles\Tester\Basic-Martingale-EA-3_01_standard.set: 'SetFileOptimizer' object has no attribute 'read_set_file'
2025-04-25 02:45:58,554 - INFO - Processing BB-stops-MT5_01_standard.set
2025-04-25 02:45:58,555 - ERROR - Error processing C:\Users\nikol\AppData\Roaming\MetaQuotes\Terminal\4B1CE69F577705455263BD980C39A82C\MQL5\Profiles\Tester\BB-stops-MT5_01_standard.set: 'SetFileOptimizer' object has no attribute 'read_set_file'
2025-04-25 02:45:58,556 - INFO - Processing BBPercentile-EA_01_standard.set
2025-04-25 02:45:58,557 - ERROR - Error processing C:\Users\nikol\AppData\Roaming\MetaQuotes\Terminal\4B1CE69F577705455263BD980C39A82C\MQL5\Profiles\Tester\BBPercentile-EA_01_standard.set: 'SetFileOptimizer' object has no attribute 'read_set_file'
2025-04-25 02:45:58,558 - INFO - Processing BBPercentile_01_standard.set
2025-04-25 02:45:58,562 - ERROR - Error processing C:\Users\nikol\AppData\Roaming\MetaQuotes\Terminal\4B1CE69F577705455263BD980C39A82C\MQL5\Profiles\Tester\BBPercentile_01_standard.set: 'SetFileOptimizer' object has no attribute 'read_set_file'
2025-04-25 02:45:58,564 - INFO - Processing BDCrossOver-20EA_01_standard.set
2025-04-25 02:45:58,565 - ERROR - Error processing C:\Users\nikol\AppData\Roaming\MetaQuotes\Terminal\4B1CE69F577705455263BD980C39A82C\MQL5\Profiles\Tester\BDCrossOver-20EA_01_standard.set: 'SetFileOptimizer' object has no attribute 'read_set_file'
2025-04-25 02:45:58,566 - INFO - Processing BIG-DOG_01_standard.set
2025-04-25 02:45:58,566 - ERROR - Error processing C:\Users\nikol\AppData\Roaming\MetaQuotes\Terminal\4B1CE69F577705455263BD980C39A82C\MQL5\Profiles\Tester\BIG-DOG_01_standard.set: 'SetFileOptimizer' object has no attribute 'read_set_file'
2025-04-25 02:45:58,568 - INFO - Processing Bill-Williams_01_standard.set
2025-04-25 02:45:58,570 - ERROR - Error processing C:\Users\nikol\AppData\Roaming\MetaQuotes\Terminal\4B1CE69F577705455263BD980C39A82C\MQL5\Profiles\Tester\Bill-Williams_01_standard.set: 'SetFileOptimizer' object has no attribute 'read_set_file'
2025-04-25 02:45:58,571 - INFO - Processing Bollinger-Band-Two-MA-and-Zig-Zag_01_standard.set
2025-04-25 02:45:58,572 - ERROR - Error processing C:\Users\nikol\AppData\Roaming\MetaQuotes\Terminal\4B1CE69F577705455263BD980C39A82C\MQL5\Profiles\Tester\Bollinger-Band-Two-MA-and-Zig-Zag_01_standard.set: 'SetFileOptimizer' object has no attribute 'read_set_file'
2025-04-25 02:45:58,573 - INFO - Processing Bollinger-Bands-N-positions_01_standard.set
2025-04-25 02:45:58,575 - ERROR - Error processing C:\Users\nikol\AppData\Roaming\MetaQuotes\Terminal\4B1CE69F577705455263BD980C39A82C\MQL5\Profiles\Tester\Bollinger-Bands-N-positions_01_standard.set: 'SetFileOptimizer' object has no attribute 'read_set_file'
2025-04-25 02:45:58,577 - INFO - Processing Bollinger-Bands-RSI_01_standard.set
2025-04-25 02:45:58,578 - ERROR - Error processing C:\Users\nikol\AppData\Roaming\MetaQuotes\Terminal\4B1CE69F577705455263BD980C39A82C\MQL5\Profiles\Tester\Bollinger-Bands-RSI_01_standard.set: 'SetFileOptimizer' object has no attribute 'read_set_file'
2025-04-25 02:45:58,579 - INFO - Processing bollinger_01_standard.set
2025-04-25 02:45:58,580 - ERROR - Error processing C:\Users\nikol\AppData\Roaming\MetaQuotes\Terminal\4B1CE69F577705455263BD980C39A82C\MQL5\Profiles\Tester\bollinger_01_standard.set: 'SetFileOptimizer' object has no attribute 'read_set_file'
2025-04-25 02:45:58,582 - INFO - Processing Brakeout-Trader_01_standard.set
2025-04-25 02:45:58,583 - ERROR - Error processing C:\Users\nikol\AppData\Roaming\MetaQuotes\Terminal\4B1CE69F577705455263BD980C39A82C\MQL5\Profiles\Tester\Brakeout-Trader_01_standard.set: 'SetFileOptimizer' object has no attribute 'read_set_file'
2025-04-25 02:45:58,584 - INFO - Processing Brandy_01_standard.set
2025-04-25 02:45:58,584 - ERROR - Error processing C:\Users\nikol\AppData\Roaming\MetaQuotes\Terminal\4B1CE69F577705455263BD980C39A82C\MQL5\Profiles\Tester\Brandy_01_standard.set: 'SetFileOptimizer' object has no attribute 'read_set_file'
2025-04-25 02:45:58,585 - INFO - Processing Breadandbutter2_01_standard.set
2025-04-25 02:45:58,586 - ERROR - Error processing C:\Users\nikol\AppData\Roaming\MetaQuotes\Terminal\4B1CE69F577705455263BD980C39A82C\MQL5\Profiles\Tester\Breadandbutter2_01_standard.set: 'SetFileOptimizer' object has no attribute 'read_set_file'
2025-04-25 02:45:58,587 - INFO - Processing Breakdown-catcher_01_standard.set
2025-04-25 02:45:58,590 - ERROR - Error processing C:\Users\nikol\AppData\Roaming\MetaQuotes\Terminal\4B1CE69F577705455263BD980C39A82C\MQL5\Profiles\Tester\Breakdown-catcher_01_standard.set: 'SetFileOptimizer' object has no attribute 'read_set_file'
2025-04-25 02:45:58,591 - INFO - Processing breakdown_01_standard.set
2025-04-25 02:45:58,592 - ERROR - Error processing C:\Users\nikol\AppData\Roaming\MetaQuotes\Terminal\4B1CE69F577705455263BD980C39A82C\MQL5\Profiles\Tester\breakdown_01_standard.set: 'SetFileOptimizer' object has no attribute 'read_set_file'
2025-04-25 02:45:58,593 - INFO - Processing Breakout-Str_01_standard.set
2025-04-25 02:45:58,594 - ERROR - Error processing C:\Users\nikol\AppData\Roaming\MetaQuotes\Terminal\4B1CE69F577705455263BD980C39A82C\MQL5\Profiles\Tester\Breakout-Str_01_standard.set: 'SetFileOptimizer' object has no attribute 'read_set_file'
2025-04-25 02:45:58,595 - INFO - Processing Bronze-Warrioir_01_standard.set
2025-04-25 02:45:58,597 - ERROR - Error processing C:\Users\nikol\AppData\Roaming\MetaQuotes\Terminal\4B1CE69F577705455263BD980C39A82C\MQL5\Profiles\Tester\Bronze-Warrioir_01_standard.set: 'SetFileOptimizer' object has no attribute 'read_set_file'
2025-04-25 02:45:58,598 - INFO - Processing Bruno_01_standard.set
2025-04-25 02:45:58,599 - ERROR - Error processing C:\Users\nikol\AppData\Roaming\MetaQuotes\Terminal\4B1CE69F577705455263BD980C39A82C\MQL5\Profiles\Tester\Bruno_01_standard.set: 'SetFileOptimizer' object has no attribute 'read_set_file'
2025-04-25 02:45:58,600 - INFO - Processing BSS-1-0_01_standard.set
2025-04-25 02:45:58,601 - ERROR - Error processing C:\Users\nikol\AppData\Roaming\MetaQuotes\Terminal\4B1CE69F577705455263BD980C39A82C\MQL5\Profiles\Tester\BSS-1-0_01_standard.set: 'SetFileOptimizer' object has no attribute 'read_set_file'
2025-04-25 02:45:58,602 - INFO - Processing Bullish-and-Bearish-Engulfing_01_standard.set
2025-04-25 02:45:58,603 - ERROR - Error processing C:\Users\nikol\AppData\Roaming\MetaQuotes\Terminal\4B1CE69F577705455263BD980C39A82C\MQL5\Profiles\Tester\Bullish-and-Bearish-Engulfing_01_standard.set: 'SetFileOptimizer' object has no attribute 'read_set_file'
2025-04-25 02:45:58,604 - INFO - Processing Burg-Extrapolator_01_standard.set
2025-04-25 02:45:58,606 - ERROR - Error processing C:\Users\nikol\AppData\Roaming\MetaQuotes\Terminal\4B1CE69F577705455263BD980C39A82C\MQL5\Profiles\Tester\Burg-Extrapolator_01_standard.set: 'SetFileOptimizer' object has no attribute 'read_set_file'
2025-04-25 02:45:58,607 - INFO - Processing BykovTrend-EA_01_standard.set
2025-04-25 02:45:58,608 - ERROR - Error processing C:\Users\nikol\AppData\Roaming\MetaQuotes\Terminal\4B1CE69F577705455263BD980C39A82C\MQL5\Profiles\Tester\BykovTrend-EA_01_standard.set: 'SetFileOptimizer' object has no attribute 'read_set_file'
2025-04-25 02:45:58,609 - INFO - Processing BykovTrend_EA_v3_01_standard.set
2025-04-25 02:45:58,611 - ERROR - Error processing C:\Users\nikol\AppData\Roaming\MetaQuotes\Terminal\4B1CE69F577705455263BD980C39A82C\MQL5\Profiles\Tester\BykovTrend_EA_v3_01_standard.set: 'SetFileOptimizer' object has no attribute 'read_set_file'
2025-04-25 02:45:58,612 - INFO - Processing Calculate-lotsize-and-Trailling-stop_01_standard.set
2025-04-25 02:45:58,613 - ERROR - Error processing C:\Users\nikol\AppData\Roaming\MetaQuotes\Terminal\4B1CE69F577705455263BD980C39A82C\MQL5\Profiles\Tester\Calculate-lotsize-and-Trailling-stop_01_standard.set: 'SetFileOptimizer' object has no attribute 'read_set_file'
2025-04-25 02:45:58,614 - INFO - Processing candlepatternsexample_01_standard.set
2025-04-25 02:45:58,615 - ERROR - Error processing C:\Users\nikol\AppData\Roaming\MetaQuotes\Terminal\4B1CE69F577705455263BD980C39A82C\MQL5\Profiles\Tester\candlepatternsexample_01_standard.set: 'SetFileOptimizer' object has no attribute 'read_set_file'
2025-04-25 02:45:58,616 - INFO - Processing Candle_01_standard.set
2025-04-25 02:45:58,617 - ERROR - Error processing C:\Users\nikol\AppData\Roaming\MetaQuotes\Terminal\4B1CE69F577705455263BD980C39A82C\MQL5\Profiles\Tester\Candle_01_standard.set: 'SetFileOptimizer' object has no attribute 'read_set_file'
2025-04-25 02:45:58,618 - INFO - Processing Carbophos_01_standard.set
2025-04-25 02:45:58,619 - ERROR - Error processing C:\Users\nikol\AppData\Roaming\MetaQuotes\Terminal\4B1CE69F577705455263BD980C39A82C\MQL5\Profiles\Tester\Carbophos_01_standard.set: 'SetFileOptimizer' object has no attribute 'read_set_file'
2025-04-25 02:45:58,620 - INFO - Processing CashMachine-5min_01_standard.set
2025-04-25 02:45:58,620 - ERROR - Error processing C:\Users\nikol\AppData\Roaming\MetaQuotes\Terminal\4B1CE69F577705455263BD980C39A82C\MQL5\Profiles\Tester\CashMachine-5min_01_standard.set: 'SetFileOptimizer' object has no attribute 'read_set_file'
2025-04-25 02:45:58,621 - INFO - Processing CCI-MACD-Scalper_01_standard.set
2025-04-25 02:45:58,622 - ERROR - Error processing C:\Users\nikol\AppData\Roaming\MetaQuotes\Terminal\4B1CE69F577705455263BD980C39A82C\MQL5\Profiles\Tester\CCI-MACD-Scalper_01_standard.set: 'SetFileOptimizer' object has no attribute 'read_set_file'
2025-04-25 02:45:58,623 - INFO - Processing Cidomo_01_standard.set
2025-04-25 02:45:58,624 - ERROR - Error processing C:\Users\nikol\AppData\Roaming\MetaQuotes\Terminal\4B1CE69F577705455263BD980C39A82C\MQL5\Profiles\Tester\Cidomo_01_standard.set: 'SetFileOptimizer' object has no attribute 'read_set_file'
2025-04-25 02:45:58,625 - INFO - Processing CloseAgent_01_standard.set
2025-04-25 02:45:58,626 - ERROR - Error processing C:\Users\nikol\AppData\Roaming\MetaQuotes\Terminal\4B1CE69F577705455263BD980C39A82C\MQL5\Profiles\Tester\CloseAgent_01_standard.set: 'SetFileOptimizer' object has no attribute 'read_set_file'
2025-04-25 02:45:58,627 - INFO - Processing CloseProfit_01_standard.set
2025-04-25 02:45:58,627 - ERROR - Error processing C:\Users\nikol\AppData\Roaming\MetaQuotes\Terminal\4B1CE69F577705455263BD980C39A82C\MQL5\Profiles\Tester\CloseProfit_01_standard.set: 'SetFileOptimizer' object has no attribute 'read_set_file'
2025-04-25 02:45:58,628 - INFO - Processing cloud's-trade-2_01_standard.set
2025-04-25 02:45:58,629 - ERROR - Error processing C:\Users\nikol\AppData\Roaming\MetaQuotes\Terminal\4B1CE69F577705455263BD980C39A82C\MQL5\Profiles\Tester\cloud's-trade-2_01_standard.set: 'SetFileOptimizer' object has no attribute 'read_set_file'
2025-04-25 02:45:58,630 - INFO - Processing CLOUD_01_standard.set
2025-04-25 02:45:58,631 - ERROR - Error processing C:\Users\nikol\AppData\Roaming\MetaQuotes\Terminal\4B1CE69F577705455263BD980C39A82C\MQL5\Profiles\Tester\CLOUD_01_standard.set: 'SetFileOptimizer' object has no attribute 'read_set_file'
2025-04-25 02:45:58,632 - INFO - Processing Constituents-EA_01_standard.set
2025-04-25 02:45:58,633 - ERROR - Error processing C:\Users\nikol\AppData\Roaming\MetaQuotes\Terminal\4B1CE69F577705455263BD980C39A82C\MQL5\Profiles\Tester\Constituents-EA_01_standard.set: 'SetFileOptimizer' object has no attribute 'read_set_file'
2025-04-25 02:45:58,634 - INFO - Processing Contrarian-trade-MA_01_standard.set
2025-04-25 02:45:58,634 - ERROR - Error processing C:\Users\nikol\AppData\Roaming\MetaQuotes\Terminal\4B1CE69F577705455263BD980C39A82C\MQL5\Profiles\Tester\Contrarian-trade-MA_01_standard.set: 'SetFileOptimizer' object has no attribute 'read_set_file'
2025-04-25 02:45:58,635 - INFO - Processing Crossing-Moving-Average_01_standard.set
2025-04-25 02:45:58,636 - ERROR - Error processing C:\Users\nikol\AppData\Roaming\MetaQuotes\Terminal\4B1CE69F577705455263BD980C39A82C\MQL5\Profiles\Tester\Crossing-Moving-Average_01_standard.set: 'SetFileOptimizer' object has no attribute 'read_set_file'
2025-04-25 02:45:58,637 - INFO - Processing CrossMA_01_standard.set
2025-04-25 02:45:58,640 - ERROR - Error processing C:\Users\nikol\AppData\Roaming\MetaQuotes\Terminal\4B1CE69F577705455263BD980C39A82C\MQL5\Profiles\Tester\CrossMA_01_standard.set: 'SetFileOptimizer' object has no attribute 'read_set_file'
2025-04-25 02:45:58,641 - INFO - Processing Currencyprofits-01.1_01_standard.set
2025-04-25 02:45:58,642 - ERROR - Error processing C:\Users\nikol\AppData\Roaming\MetaQuotes\Terminal\4B1CE69F577705455263BD980C39A82C\MQL5\Profiles\Tester\Currencyprofits-01.1_01_standard.set: 'SetFileOptimizer' object has no attribute 'read_set_file'
2025-04-25 02:45:58,643 - INFO - Processing Daily-20reversal-20-20EA_01_standard.set
2025-04-25 02:45:58,644 - ERROR - Error processing C:\Users\nikol\AppData\Roaming\MetaQuotes\Terminal\4B1CE69F577705455263BD980C39A82C\MQL5\Profiles\Tester\Daily-20reversal-20-20EA_01_standard.set: 'SetFileOptimizer' object has no attribute 'read_set_file'
2025-04-25 02:45:58,645 - INFO - Processing Daily-BreakPoint_01_standard.set
2025-04-25 02:45:58,646 - ERROR - Error processing C:\Users\nikol\AppData\Roaming\MetaQuotes\Terminal\4B1CE69F577705455263BD980C39A82C\MQL5\Profiles\Tester\Daily-BreakPoint_01_standard.set: 'SetFileOptimizer' object has no attribute 'read_set_file'
2025-04-25 02:45:58,647 - INFO - Processing Daily-Open-EA_01_standard.set
2025-04-25 02:45:58,647 - ERROR - Error processing C:\Users\nikol\AppData\Roaming\MetaQuotes\Terminal\4B1CE69F577705455263BD980C39A82C\MQL5\Profiles\Tester\Daily-Open-EA_01_standard.set: 'SetFileOptimizer' object has no attribute 'read_set_file'
2025-04-25 02:45:58,648 - INFO - Processing Daily-range_01_standard.set
2025-04-25 02:45:58,649 - ERROR - Error processing C:\Users\nikol\AppData\Roaming\MetaQuotes\Terminal\4B1CE69F577705455263BD980C39A82C\MQL5\Profiles\Tester\Daily-range_01_standard.set: 'SetFileOptimizer' object has no attribute 'read_set_file'
2025-04-25 02:45:58,650 - INFO - Processing Day-Trading-PAMXA_01_standard.set
2025-04-25 02:45:58,651 - ERROR - Error processing C:\Users\nikol\AppData\Roaming\MetaQuotes\Terminal\4B1CE69F577705455263BD980C39A82C\MQL5\Profiles\Tester\Day-Trading-PAMXA_01_standard.set: 'SetFileOptimizer' object has no attribute 'read_set_file'
2025-04-25 02:45:58,653 - INFO - Processing Daydream_01_standard.set
2025-04-25 02:45:58,654 - ERROR - Error processing C:\Users\nikol\AppData\Roaming\MetaQuotes\Terminal\4B1CE69F577705455263BD980C39A82C\MQL5\Profiles\Tester\Daydream_01_standard.set: 'SetFileOptimizer' object has no attribute 'read_set_file'
2025-04-25 02:45:58,655 - INFO - Processing DayTrading_01_standard.set
2025-04-25 02:45:58,656 - ERROR - Error processing C:\Users\nikol\AppData\Roaming\MetaQuotes\Terminal\4B1CE69F577705455263BD980C39A82C\MQL5\Profiles\Tester\DayTrading_01_standard.set: 'SetFileOptimizer' object has no attribute 'read_set_file'
2025-04-25 02:45:58,656 - INFO - Processing Dealers-Trade-v-7.74-MACD_01_standard.set
2025-04-25 02:45:58,657 - ERROR - Error processing C:\Users\nikol\AppData\Roaming\MetaQuotes\Terminal\4B1CE69F577705455263BD980C39A82C\MQL5\Profiles\Tester\Dealers-Trade-v-7.74-MACD_01_standard.set: 'SetFileOptimizer' object has no attribute 'read_set_file'
2025-04-25 02:45:58,659 - INFO - Processing Deep-Drawdown-MA_01_standard.set
2025-04-25 02:45:58,660 - ERROR - Error processing C:\Users\nikol\AppData\Roaming\MetaQuotes\Terminal\4B1CE69F577705455263BD980C39A82C\MQL5\Profiles\Tester\Deep-Drawdown-MA_01_standard.set: 'SetFileOptimizer' object has no attribute 'read_set_file'
2025-04-25 02:45:58,660 - INFO - Processing DeMarker-gaining-position-volume-2_01_standard.set
2025-04-25 02:45:58,661 - ERROR - Error processing C:\Users\nikol\AppData\Roaming\MetaQuotes\Terminal\4B1CE69F577705455263BD980C39A82C\MQL5\Profiles\Tester\DeMarker-gaining-position-volume-2_01_standard.set: 'SetFileOptimizer' object has no attribute 'read_set_file'
2025-04-25 02:45:58,662 - INFO - Processing DeMarker-gaining-position-volume_01_standard.set
2025-04-25 02:45:58,663 - ERROR - Error processing C:\Users\nikol\AppData\Roaming\MetaQuotes\Terminal\4B1CE69F577705455263BD980C39A82C\MQL5\Profiles\Tester\DeMarker-gaining-position-volume_01_standard.set: 'SetFileOptimizer' object has no attribute 'read_set_file'
2025-04-25 02:45:58,663 - INFO - Processing DeMarker-Pending-2-5_01_standard.set
2025-04-25 02:45:58,664 - ERROR - Error processing C:\Users\nikol\AppData\Roaming\MetaQuotes\Terminal\4B1CE69F577705455263BD980C39A82C\MQL5\Profiles\Tester\DeMarker-Pending-2-5_01_standard.set: 'SetFileOptimizer' object has no attribute 'read_set_file'
2025-04-25 02:45:58,665 - INFO - Processing DeMarker-Pending-2_01_standard.set
2025-04-25 02:45:58,666 - ERROR - Error processing C:\Users\nikol\AppData\Roaming\MetaQuotes\Terminal\4B1CE69F577705455263BD980C39A82C\MQL5\Profiles\Tester\DeMarker-Pending-2_01_standard.set: 'SetFileOptimizer' object has no attribute 'read_set_file'
2025-04-25 02:45:58,668 - INFO - Processing DeMarker-Pending_01_standard.set
2025-04-25 02:45:58,668 - ERROR - Error processing C:\Users\nikol\AppData\Roaming\MetaQuotes\Terminal\4B1CE69F577705455263BD980C39A82C\MQL5\Profiles\Tester\DeMarker-Pending_01_standard.set: 'SetFileOptimizer' object has no attribute 'read_set_file'
2025-04-25 02:45:58,669 - INFO - Processing Dematus_01_standard.set
2025-04-25 02:45:58,670 - ERROR - Error processing C:\Users\nikol\AppData\Roaming\MetaQuotes\Terminal\4B1CE69F577705455263BD980C39A82C\MQL5\Profiles\Tester\Dematus_01_standard.set: 'SetFileOptimizer' object has no attribute 'read_set_file'
2025-04-25 02:45:58,671 - INFO - Processing Divergence-20for-20many-20indicator_01_standard.set
2025-04-25 02:45:58,672 - ERROR - Error processing C:\Users\nikol\AppData\Roaming\MetaQuotes\Terminal\4B1CE69F577705455263BD980C39A82C\MQL5\Profiles\Tester\Divergence-20for-20many-20indicator_01_standard.set: 'SetFileOptimizer' object has no attribute 'read_set_file'
2025-04-25 02:45:58,673 - INFO - Processing Divergence-EA_01_standard.set
2025-04-25 02:45:58,673 - ERROR - Error processing C:\Users\nikol\AppData\Roaming\MetaQuotes\Terminal\4B1CE69F577705455263BD980C39A82C\MQL5\Profiles\Tester\Divergence-EA_01_standard.set: 'SetFileOptimizer' object has no attribute 'read_set_file'
2025-04-25 02:45:58,674 - INFO - Processing Doji-Arrows_01_standard.set
2025-04-25 02:45:58,675 - ERROR - Error processing C:\Users\nikol\AppData\Roaming\MetaQuotes\Terminal\4B1CE69F577705455263BD980C39A82C\MQL5\Profiles\Tester\Doji-Arrows_01_standard.set: 'SetFileOptimizer' object has no attribute 'read_set_file'
2025-04-25 02:45:58,676 - INFO - Processing DojiTrader_01_standard.set
2025-04-25 02:45:58,676 - ERROR - Error processing C:\Users\nikol\AppData\Roaming\MetaQuotes\Terminal\4B1CE69F577705455263BD980C39A82C\MQL5\Profiles\Tester\DojiTrader_01_standard.set: 'SetFileOptimizer' object has no attribute 'read_set_file'
2025-04-25 02:45:58,677 - INFO - Processing Donchian-Chanel-EA_01_standard.set
2025-04-25 02:45:58,678 - ERROR - Error processing C:\Users\nikol\AppData\Roaming\MetaQuotes\Terminal\4B1CE69F577705455263BD980C39A82C\MQL5\Profiles\Tester\Donchian-Chanel-EA_01_standard.set: 'SetFileOptimizer' object has no attribute 'read_set_file'
2025-04-25 02:45:58,679 - INFO - Processing DoubleHullMA-EA_01_standard.set
2025-04-25 02:45:58,680 - ERROR - Error processing C:\Users\nikol\AppData\Roaming\MetaQuotes\Terminal\4B1CE69F577705455263BD980C39A82C\MQL5\Profiles\Tester\DoubleHullMA-EA_01_standard.set: 'SetFileOptimizer' object has no attribute 'read_set_file'
2025-04-25 02:45:58,681 - INFO - Processing DoubleHullMA_01_standard.set
2025-04-25 02:45:58,681 - ERROR - Error processing C:\Users\nikol\AppData\Roaming\MetaQuotes\Terminal\4B1CE69F577705455263BD980C39A82C\MQL5\Profiles\Tester\DoubleHullMA_01_standard.set: 'SetFileOptimizer' object has no attribute 'read_set_file'
2025-04-25 02:45:58,683 - INFO - Processing DoubleMA-Crossover-EA_01_standard.set
2025-04-25 02:45:58,684 - ERROR - Error processing C:\Users\nikol\AppData\Roaming\MetaQuotes\Terminal\4B1CE69F577705455263BD980C39A82C\MQL5\Profiles\Tester\DoubleMA-Crossover-EA_01_standard.set: 'SetFileOptimizer' object has no attribute 'read_set_file'
2025-04-25 02:45:58,685 - INFO - Processing Doubler_01_standard.set
2025-04-25 02:45:58,686 - ERROR - Error processing C:\Users\nikol\AppData\Roaming\MetaQuotes\Terminal\4B1CE69F577705455263BD980C39A82C\MQL5\Profiles\Tester\Doubler_01_standard.set: 'SetFileOptimizer' object has no attribute 'read_set_file'
2025-04-25 02:45:58,687 - INFO - Processing Driver-EA-MT5_01_standard.set
2025-04-25 02:45:58,688 - ERROR - Error processing C:\Users\nikol\AppData\Roaming\MetaQuotes\Terminal\4B1CE69F577705455263BD980C39A82C\MQL5\Profiles\Tester\Driver-EA-MT5_01_standard.set: 'SetFileOptimizer' object has no attribute 'read_set_file'
2025-04-25 02:45:58,689 - INFO - Processing dummy_01_standard.set
2025-04-25 02:45:58,690 - ERROR - Error processing C:\Users\nikol\AppData\Roaming\MetaQuotes\Terminal\4B1CE69F577705455263BD980C39A82C\MQL5\Profiles\Tester\dummy_01_standard.set: 'SetFileOptimizer' object has no attribute 'read_set_file'
2025-04-25 02:45:58,691 - INFO - Processing Dynamic-averaging_01_standard.set
2025-04-25 02:45:58,691 - ERROR - Error processing C:\Users\nikol\AppData\Roaming\MetaQuotes\Terminal\4B1CE69F577705455263BD980C39A82C\MQL5\Profiles\Tester\Dynamic-averaging_01_standard.set: 'SetFileOptimizer' object has no attribute 'read_set_file'
2025-04-25 02:45:58,692 - INFO - Processing e-Breakeven_01_standard.set
2025-04-25 02:45:58,694 - ERROR - Error processing C:\Users\nikol\AppData\Roaming\MetaQuotes\Terminal\4B1CE69F577705455263BD980C39A82C\MQL5\Profiles\Tester\e-Breakeven_01_standard.set: 'SetFileOptimizer' object has no attribute 'read_set_file'
2025-04-25 02:45:58,695 - INFO - Processing E-Friday_01_standard.set
2025-04-25 02:45:58,696 - ERROR - Error processing C:\Users\nikol\AppData\Roaming\MetaQuotes\Terminal\4B1CE69F577705455263BD980C39A82C\MQL5\Profiles\Tester\E-Friday_01_standard.set: 'SetFileOptimizer' object has no attribute 'read_set_file'
2025-04-25 02:45:58,697 - INFO - Processing E-Skoch-Open_01_standard.set
2025-04-25 02:45:58,698 - ERROR - Error processing C:\Users\nikol\AppData\Roaming\MetaQuotes\Terminal\4B1CE69F577705455263BD980C39A82C\MQL5\Profiles\Tester\E-Skoch-Open_01_standard.set: 'SetFileOptimizer' object has no attribute 'read_set_file'
2025-04-25 02:45:58,699 - INFO - Processing e-Skoch-pending-orders_01_standard.set
2025-04-25 02:45:58,700 - ERROR - Error processing C:\Users\nikol\AppData\Roaming\MetaQuotes\Terminal\4B1CE69F577705455263BD980C39A82C\MQL5\Profiles\Tester\e-Skoch-pending-orders_01_standard.set: 'SetFileOptimizer' object has no attribute 'read_set_file'
2025-04-25 02:45:58,701 - INFO - Processing e-Smart-Trailing_01_standard.set
2025-04-25 02:45:58,702 - ERROR - Error processing C:\Users\nikol\AppData\Roaming\MetaQuotes\Terminal\4B1CE69F577705455263BD980C39A82C\MQL5\Profiles\Tester\e-Smart-Trailing_01_standard.set: 'SetFileOptimizer' object has no attribute 'read_set_file'
2025-04-25 02:45:58,703 - INFO - Processing e-TurboFx_01_standard.set
2025-04-25 02:45:58,704 - ERROR - Error processing C:\Users\nikol\AppData\Roaming\MetaQuotes\Terminal\4B1CE69F577705455263BD980C39A82C\MQL5\Profiles\Tester\e-TurboFx_01_standard.set: 'SetFileOptimizer' object has no attribute 'read_set_file'
2025-04-25 02:45:58,705 - INFO - Processing EA-Close_01_standard.set
2025-04-25 02:45:58,705 - ERROR - Error processing C:\Users\nikol\AppData\Roaming\MetaQuotes\Terminal\4B1CE69F577705455263BD980C39A82C\MQL5\Profiles\Tester\EA-Close_01_standard.set: 'SetFileOptimizer' object has no attribute 'read_set_file'
2025-04-25 02:45:58,706 - INFO - Processing EA-MA-Stoch-RSI_01_standard.set
2025-04-25 02:45:58,707 - ERROR - Error processing C:\Users\nikol\AppData\Roaming\MetaQuotes\Terminal\4B1CE69F577705455263BD980C39A82C\MQL5\Profiles\Tester\EA-MA-Stoch-RSI_01_standard.set: 'SetFileOptimizer' object has no attribute 'read_set_file'
2025-04-25 02:45:58,708 - INFO - Processing EA-Moving-Average_01_standard.set
2025-04-25 02:45:58,710 - ERROR - Error processing C:\Users\nikol\AppData\Roaming\MetaQuotes\Terminal\4B1CE69F577705455263BD980C39A82C\MQL5\Profiles\Tester\EA-Moving-Average_01_standard.set: 'SetFileOptimizer' object has no attribute 'read_set_file'
2025-04-25 02:45:58,711 - INFO - Processing Elite-eFibo-Trader_01_standard.set
2025-04-25 02:45:58,711 - ERROR - Error processing C:\Users\nikol\AppData\Roaming\MetaQuotes\Terminal\4B1CE69F577705455263BD980C39A82C\MQL5\Profiles\Tester\Elite-eFibo-Trader_01_standard.set: 'SetFileOptimizer' object has no attribute 'read_set_file'
2025-04-25 02:45:58,712 - INFO - Processing EMA-6.12_01_standard.set
2025-04-25 02:45:58,714 - ERROR - Error processing C:\Users\nikol\AppData\Roaming\MetaQuotes\Terminal\4B1CE69F577705455263BD980C39A82C\MQL5\Profiles\Tester\EMA-6.12_01_standard.set: 'SetFileOptimizer' object has no attribute 'read_set_file'
2025-04-25 02:45:58,715 - INFO - Processing EMA-CROSS_01_standard.set
2025-04-25 02:45:58,716 - ERROR - Error processing C:\Users\nikol\AppData\Roaming\MetaQuotes\Terminal\4B1CE69F577705455263BD980C39A82C\MQL5\Profiles\Tester\EMA-CROSS_01_standard.set: 'SetFileOptimizer' object has no attribute 'read_set_file'
2025-04-25 02:45:58,717 - INFO - Processing EMA-LWMA-RSI_01_standard.set
2025-04-25 02:45:58,718 - ERROR - Error processing C:\Users\nikol\AppData\Roaming\MetaQuotes\Terminal\4B1CE69F577705455263BD980C39A82C\MQL5\Profiles\Tester\EMA-LWMA-RSI_01_standard.set: 'SetFileOptimizer' object has no attribute 'read_set_file'
2025-04-25 02:45:58,719 - INFO - Processing EMA-RSI-EA_01_standard.set
2025-04-25 02:45:58,719 - ERROR - Error processing C:\Users\nikol\AppData\Roaming\MetaQuotes\Terminal\4B1CE69F577705455263BD980C39A82C\MQL5\Profiles\Tester\EMA-RSI-EA_01_standard.set: 'SetFileOptimizer' object has no attribute 'read_set_file'
2025-04-25 02:45:58,721 - INFO - Processing EMA-WMA_01_standard.set
2025-04-25 02:45:58,722 - ERROR - Error processing C:\Users\nikol\AppData\Roaming\MetaQuotes\Terminal\4B1CE69F577705455263BD980C39A82C\MQL5\Profiles\Tester\EMA-WMA_01_standard.set: 'SetFileOptimizer' object has no attribute 'read_set_file'
2025-04-25 02:45:58,723 - INFO - Processing EMA_01_standard.set
2025-04-25 02:45:58,724 - ERROR - Error processing C:\Users\nikol\AppData\Roaming\MetaQuotes\Terminal\4B1CE69F577705455263BD980C39A82C\MQL5\Profiles\Tester\EMA_01_standard.set: 'SetFileOptimizer' object has no attribute 'read_set_file'
2025-04-25 02:45:58,725 - INFO - Processing EMA_WMA v2_01_standard.set
2025-04-25 02:45:58,726 - ERROR - Error processing C:\Users\nikol\AppData\Roaming\MetaQuotes\Terminal\4B1CE69F577705455263BD980C39A82C\MQL5\Profiles\Tester\EMA_WMA v2_01_standard.set: 'SetFileOptimizer' object has no attribute 'read_set_file'
2025-04-25 02:45:58,727 - INFO - Processing Eugene_01_standard.set
2025-04-25 02:45:58,728 - ERROR - Error processing C:\Users\nikol\AppData\Roaming\MetaQuotes\Terminal\4B1CE69F577705455263BD980C39A82C\MQL5\Profiles\Tester\Eugene_01_standard.set: 'SetFileOptimizer' object has no attribute 'read_set_file'
2025-04-25 02:45:58,729 - INFO - Processing eur-usd-m5_01_standard.set
2025-04-25 02:45:58,730 - ERROR - Error processing C:\Users\nikol\AppData\Roaming\MetaQuotes\Terminal\4B1CE69F577705455263BD980C39A82C\MQL5\Profiles\Tester\eur-usd-m5_01_standard.set: 'SetFileOptimizer' object has no attribute 'read_set_file'
2025-04-25 02:45:58,731 - INFO - Processing EURUSD-breakout_01_standard.set
2025-04-25 02:45:58,732 - ERROR - Error processing C:\Users\nikol\AppData\Roaming\MetaQuotes\Terminal\4B1CE69F577705455263BD980C39A82C\MQL5\Profiles\Tester\EURUSD-breakout_01_standard.set: 'SetFileOptimizer' object has no attribute 'read_set_file'
2025-04-25 02:45:58,734 - INFO - Processing Executer-AC_01_standard.set
2025-04-25 02:45:58,735 - ERROR - Error processing C:\Users\nikol\AppData\Roaming\MetaQuotes\Terminal\4B1CE69F577705455263BD980C39A82C\MQL5\Profiles\Tester\Executer-AC_01_standard.set: 'SetFileOptimizer' object has no attribute 'read_set_file'
2025-04-25 02:45:58,735 - INFO - Processing Executor-AO_01_standard.set
2025-04-25 02:45:58,736 - ERROR - Error processing C:\Users\nikol\AppData\Roaming\MetaQuotes\Terminal\4B1CE69F577705455263BD980C39A82C\MQL5\Profiles\Tester\Executor-AO_01_standard.set: 'SetFileOptimizer' object has no attribute 'read_set_file'
2025-04-25 02:45:58,737 - INFO - Processing Executor-Candles_01_standard.set
2025-04-25 02:45:58,739 - ERROR - Error processing C:\Users\nikol\AppData\Roaming\MetaQuotes\Terminal\4B1CE69F577705455263BD980C39A82C\MQL5\Profiles\Tester\Executor-Candles_01_standard.set: 'SetFileOptimizer' object has no attribute 'read_set_file'
2025-04-25 02:45:58,740 - INFO - Processing exp-Amstell_01_standard.set
2025-04-25 02:45:58,741 - ERROR - Error processing C:\Users\nikol\AppData\Roaming\MetaQuotes\Terminal\4B1CE69F577705455263BD980C39A82C\MQL5\Profiles\Tester\exp-Amstell_01_standard.set: 'SetFileOptimizer' object has no attribute 'read_set_file'
2025-04-25 02:45:58,742 - INFO - Processing Expert-NEWS_01_standard.set
2025-04-25 02:45:58,743 - ERROR - Error processing C:\Users\nikol\AppData\Roaming\MetaQuotes\Terminal\4B1CE69F577705455263BD980C39A82C\MQL5\Profiles\Tester\Expert-NEWS_01_standard.set: 'SetFileOptimizer' object has no attribute 'read_set_file'
2025-04-25 02:45:58,744 - INFO - Processing Expert-RSI-Stochastic-MA_01_standard.set
2025-04-25 02:45:58,745 - ERROR - Error processing C:\Users\nikol\AppData\Roaming\MetaQuotes\Terminal\4B1CE69F577705455263BD980C39A82C\MQL5\Profiles\Tester\Expert-RSI-Stochastic-MA_01_standard.set: 'SetFileOptimizer' object has no attribute 'read_set_file'
2025-04-25 02:45:58,746 - INFO - Processing ExtremePrice-EA_01_standard.set
2025-04-25 02:45:58,747 - ERROR - Error processing C:\Users\nikol\AppData\Roaming\MetaQuotes\Terminal\4B1CE69F577705455263BD980C39A82C\MQL5\Profiles\Tester\ExtremePrice-EA_01_standard.set: 'SetFileOptimizer' object has no attribute 'read_set_file'
2025-04-25 02:45:58,748 - INFO - Processing FiboRetracement-20EA_01_standard.set
2025-04-25 02:45:58,749 - ERROR - Error processing C:\Users\nikol\AppData\Roaming\MetaQuotes\Terminal\4B1CE69F577705455263BD980C39A82C\MQL5\Profiles\Tester\FiboRetracement-20EA_01_standard.set: 'SetFileOptimizer' object has no attribute 'read_set_file'
2025-04-25 02:45:58,750 - INFO - Processing Firebird_01_standard.set
2025-04-25 02:45:58,751 - ERROR - Error processing C:\Users\nikol\AppData\Roaming\MetaQuotes\Terminal\4B1CE69F577705455263BD980C39A82C\MQL5\Profiles\Tester\Firebird_01_standard.set: 'SetFileOptimizer' object has no attribute 'read_set_file'
2025-04-25 02:45:58,751 - INFO - Processing Firestorm-EA_01_standard.set
2025-04-25 02:45:58,753 - ERROR - Error processing C:\Users\nikol\AppData\Roaming\MetaQuotes\Terminal\4B1CE69F577705455263BD980C39A82C\MQL5\Profiles\Tester\Firestorm-EA_01_standard.set: 'SetFileOptimizer' object has no attribute 'read_set_file'
2025-04-25 02:45:58,754 - INFO - Processing Firestorm-indicator_01_standard.set
2025-04-25 02:45:58,755 - ERROR - Error processing C:\Users\nikol\AppData\Roaming\MetaQuotes\Terminal\4B1CE69F577705455263BD980C39A82C\MQL5\Profiles\Tester\Firestorm-indicator_01_standard.set: 'SetFileOptimizer' object has no attribute 'read_set_file'
2025-04-25 02:45:58,756 - INFO - Processing Fluctuate_01_standard.set
2025-04-25 02:45:58,757 - ERROR - Error processing C:\Users\nikol\AppData\Roaming\MetaQuotes\Terminal\4B1CE69F577705455263BD980C39A82C\MQL5\Profiles\Tester\Fluctuate_01_standard.set: 'SetFileOptimizer' object has no attribute 'read_set_file'
2025-04-25 02:45:58,758 - INFO - Processing Forex-Fraus-M1_01_standard.set
2025-04-25 02:45:58,758 - ERROR - Error processing C:\Users\nikol\AppData\Roaming\MetaQuotes\Terminal\4B1CE69F577705455263BD980C39A82C\MQL5\Profiles\Tester\Forex-Fraus-M1_01_standard.set: 'SetFileOptimizer' object has no attribute 'read_set_file'
2025-04-25 02:45:58,760 - INFO - Processing Forex-Profit_01_standard.set
2025-04-25 02:45:58,760 - ERROR - Error processing C:\Users\nikol\AppData\Roaming\MetaQuotes\Terminal\4B1CE69F577705455263BD980C39A82C\MQL5\Profiles\Tester\Forex-Profit_01_standard.set: 'SetFileOptimizer' object has no attribute 'read_set_file'
2025-04-25 02:45:58,761 - INFO - Processing Fractals-minimum-distance_01_standard.set
2025-04-25 02:45:58,762 - ERROR - Error processing C:\Users\nikol\AppData\Roaming\MetaQuotes\Terminal\4B1CE69F577705455263BD980C39A82C\MQL5\Profiles\Tester\Fractals-minimum-distance_01_standard.set: 'SetFileOptimizer' object has no attribute 'read_set_file'
2025-04-25 02:45:58,763 - INFO - Processing Fraktrak-xonax_01_standard.set
2025-04-25 02:45:58,764 - ERROR - Error processing C:\Users\nikol\AppData\Roaming\MetaQuotes\Terminal\4B1CE69F577705455263BD980C39A82C\MQL5\Profiles\Tester\Fraktrak-xonax_01_standard.set: 'SetFileOptimizer' object has no attribute 'read_set_file'
2025-04-25 02:45:58,765 - INFO - Processing Frank-Ud_01_standard.set
2025-04-25 02:45:58,766 - ERROR - Error processing C:\Users\nikol\AppData\Roaming\MetaQuotes\Terminal\4B1CE69F577705455263BD980C39A82C\MQL5\Profiles\Tester\Frank-Ud_01_standard.set: 'SetFileOptimizer' object has no attribute 'read_set_file'
2025-04-25 02:45:58,767 - INFO - Processing fratal-mt5-EA_01_standard.set
2025-04-25 02:45:58,769 - ERROR - Error processing C:\Users\nikol\AppData\Roaming\MetaQuotes\Terminal\4B1CE69F577705455263BD980C39A82C\MQL5\Profiles\Tester\fratal-mt5-EA_01_standard.set: 'SetFileOptimizer' object has no attribute 'read_set_file'
2025-04-25 02:45:58,770 - INFO - Processing FT-CCI_01_standard.set
2025-04-25 02:45:58,771 - ERROR - Error processing C:\Users\nikol\AppData\Roaming\MetaQuotes\Terminal\4B1CE69F577705455263BD980C39A82C\MQL5\Profiles\Tester\FT-CCI_01_standard.set: 'SetFileOptimizer' object has no attribute 'read_set_file'
2025-04-25 02:45:58,772 - INFO - Processing Fuzzy-logic_01_standard.set
2025-04-25 02:45:58,772 - ERROR - Error processing C:\Users\nikol\AppData\Roaming\MetaQuotes\Terminal\4B1CE69F577705455263BD980C39A82C\MQL5\Profiles\Tester\Fuzzy-logic_01_standard.set: 'SetFileOptimizer' object has no attribute 'read_set_file'
2025-04-25 02:45:58,773 - INFO - Processing GalacticExplosion_01_standard.set
2025-04-25 02:45:58,774 - ERROR - Error processing C:\Users\nikol\AppData\Roaming\MetaQuotes\Terminal\4B1CE69F577705455263BD980C39A82C\MQL5\Profiles\Tester\GalacticExplosion_01_standard.set: 'SetFileOptimizer' object has no attribute 'read_set_file'
2025-04-25 02:45:58,777 - INFO - Processing Gandalf-PRO_01_standard.set
2025-04-25 02:45:58,778 - ERROR - Error processing C:\Users\nikol\AppData\Roaming\MetaQuotes\Terminal\4B1CE69F577705455263BD980C39A82C\MQL5\Profiles\Tester\Gandalf-PRO_01_standard.set: 'SetFileOptimizer' object has no attribute 'read_set_file'
2025-04-25 02:45:58,779 - INFO - Processing Gap-DM_01_standard.set
2025-04-25 02:45:58,780 - ERROR - Error processing C:\Users\nikol\AppData\Roaming\MetaQuotes\Terminal\4B1CE69F577705455263BD980C39A82C\MQL5\Profiles\Tester\Gap-DM_01_standard.set: 'SetFileOptimizer' object has no attribute 'read_set_file'
2025-04-25 02:45:58,782 - INFO - Processing GAP-EA_01_standard.set
2025-04-25 02:45:58,783 - ERROR - Error processing C:\Users\nikol\AppData\Roaming\MetaQuotes\Terminal\4B1CE69F577705455263BD980C39A82C\MQL5\Profiles\Tester\GAP-EA_01_standard.set: 'SetFileOptimizer' object has no attribute 'read_set_file'
2025-04-25 02:45:58,784 - INFO - Processing Gaps_01_standard.set
2025-04-25 02:45:58,785 - ERROR - Error processing C:\Users\nikol\AppData\Roaming\MetaQuotes\Terminal\4B1CE69F577705455263BD980C39A82C\MQL5\Profiles\Tester\Gaps_01_standard.set: 'SetFileOptimizer' object has no attribute 'read_set_file'
2025-04-25 02:45:58,786 - INFO - Processing GBP9AM_01_standard.set
2025-04-25 02:45:58,787 - ERROR - Error processing C:\Users\nikol\AppData\Roaming\MetaQuotes\Terminal\4B1CE69F577705455263BD980C39A82C\MQL5\Profiles\Tester\GBP9AM_01_standard.set: 'SetFileOptimizer' object has no attribute 'read_set_file'
2025-04-25 02:45:58,788 - INFO - Processing GbpChf_01_standard.set
2025-04-25 02:45:58,790 - ERROR - Error processing C:\Users\nikol\AppData\Roaming\MetaQuotes\Terminal\4B1CE69F577705455263BD980C39A82C\MQL5\Profiles\Tester\GbpChf_01_standard.set: 'SetFileOptimizer' object has no attribute 'read_set_file'
2025-04-25 02:45:58,792 - INFO - Processing Gold-Dust_01_standard.set
2025-04-25 02:45:58,792 - ERROR - Error processing C:\Users\nikol\AppData\Roaming\MetaQuotes\Terminal\4B1CE69F577705455263BD980C39A82C\MQL5\Profiles\Tester\Gold-Dust_01_standard.set: 'SetFileOptimizer' object has no attribute 'read_set_file'
2025-04-25 02:45:58,793 - INFO - Processing GO_01_standard.set
2025-04-25 02:45:58,794 - ERROR - Error processing C:\Users\nikol\AppData\Roaming\MetaQuotes\Terminal\4B1CE69F577705455263BD980C39A82C\MQL5\Profiles\Tester\GO_01_standard.set: 'SetFileOptimizer' object has no attribute 'read_set_file'
2025-04-25 02:45:58,795 - INFO - Processing GreenTrade_01_standard.set
2025-04-25 02:45:58,796 - ERROR - Error processing C:\Users\nikol\AppData\Roaming\MetaQuotes\Terminal\4B1CE69F577705455263BD980C39A82C\MQL5\Profiles\Tester\GreenTrade_01_standard.set: 'SetFileOptimizer' object has no attribute 'read_set_file'
2025-04-25 02:45:58,798 - INFO - Processing Grid-Martingale_01_standard.set
2025-04-25 02:45:58,799 - ERROR - Error processing C:\Users\nikol\AppData\Roaming\MetaQuotes\Terminal\4B1CE69F577705455263BD980C39A82C\MQL5\Profiles\Tester\Grid-Martingale_01_standard.set: 'SetFileOptimizer' object has no attribute 'read_set_file'
2025-04-25 02:45:58,800 - INFO - Processing GridEA_01_standard.set
2025-04-25 02:45:58,801 - ERROR - Error processing C:\Users\nikol\AppData\Roaming\MetaQuotes\Terminal\4B1CE69F577705455263BD980C39A82C\MQL5\Profiles\Tester\GridEA_01_standard.set: 'SetFileOptimizer' object has no attribute 'read_set_file'
2025-04-25 02:45:58,802 - INFO - Processing Grid_01_standard.set
2025-04-25 02:45:58,803 - ERROR - Error processing C:\Users\nikol\AppData\Roaming\MetaQuotes\Terminal\4B1CE69F577705455263BD980C39A82C\MQL5\Profiles\Tester\Grid_01_standard.set: 'SetFileOptimizer' object has no attribute 'read_set_file'
2025-04-25 02:45:58,804 - INFO - Processing HarVesteR_01_standard.set
2025-04-25 02:45:58,805 - ERROR - Error processing C:\Users\nikol\AppData\Roaming\MetaQuotes\Terminal\4B1CE69F577705455263BD980C39A82C\MQL5\Profiles\Tester\HarVesteR_01_standard.set: 'SetFileOptimizer' object has no attribute 'read_set_file'
2025-04-25 02:45:58,807 - INFO - Processing HedgeEA_01_standard.set
2025-04-25 02:45:58,808 - ERROR - Error processing C:\Users\nikol\AppData\Roaming\MetaQuotes\Terminal\4B1CE69F577705455263BD980C39A82C\MQL5\Profiles\Tester\HedgeEA_01_standard.set: 'SetFileOptimizer' object has no attribute 'read_set_file'
2025-04-25 02:45:58,809 - INFO - Processing hedger_01_standard.set
2025-04-25 02:45:58,810 - ERROR - Error processing C:\Users\nikol\AppData\Roaming\MetaQuotes\Terminal\4B1CE69F577705455263BD980C39A82C\MQL5\Profiles\Tester\hedger_01_standard.set: 'SetFileOptimizer' object has no attribute 'read_set_file'
2025-04-25 02:45:58,812 - INFO - Processing Hedging-EA_01_standard.set
2025-04-25 02:45:58,813 - ERROR - Error processing C:\Users\nikol\AppData\Roaming\MetaQuotes\Terminal\4B1CE69F577705455263BD980C39A82C\MQL5\Profiles\Tester\Hedging-EA_01_standard.set: 'SetFileOptimizer' object has no attribute 'read_set_file'
2025-04-25 02:45:58,814 - INFO - Processing Heiken-Ashi-Smoothed-EA-with-MA_01_standard.set
2025-04-25 02:45:58,815 - ERROR - Error processing C:\Users\nikol\AppData\Roaming\MetaQuotes\Terminal\4B1CE69F577705455263BD980C39A82C\MQL5\Profiles\Tester\Heiken-Ashi-Smoothed-EA-with-MA_01_standard.set: 'SetFileOptimizer' object has no attribute 'read_set_file'
2025-04-25 02:45:58,816 - INFO - Processing Heiken-Ashi-Smoothed-EA_01_standard.set
2025-04-25 02:45:58,817 - ERROR - Error processing C:\Users\nikol\AppData\Roaming\MetaQuotes\Terminal\4B1CE69F577705455263BD980C39A82C\MQL5\Profiles\Tester\Heiken-Ashi-Smoothed-EA_01_standard.set: 'SetFileOptimizer' object has no attribute 'read_set_file'
2025-04-25 02:45:58,819 - INFO - Processing heiken-ashi-smoothedLine_01_standard.set
2025-04-25 02:45:58,820 - ERROR - Error processing C:\Users\nikol\AppData\Roaming\MetaQuotes\Terminal\4B1CE69F577705455263BD980C39A82C\MQL5\Profiles\Tester\heiken-ashi-smoothedLine_01_standard.set: 'SetFileOptimizer' object has no attribute 'read_set_file'
2025-04-25 02:45:58,821 - INFO - Processing heiken-ashi-smoothed_01_standard.set
2025-04-25 02:45:58,823 - ERROR - Error processing C:\Users\nikol\AppData\Roaming\MetaQuotes\Terminal\4B1CE69F577705455263BD980C39A82C\MQL5\Profiles\Tester\heiken-ashi-smoothed_01_standard.set: 'SetFileOptimizer' object has no attribute 'read_set_file'
2025-04-25 02:45:58,824 - INFO - Processing HeikenAshi-Lines-EA_01_standard.set
2025-04-25 02:45:58,826 - ERROR - Error processing C:\Users\nikol\AppData\Roaming\MetaQuotes\Terminal\4B1CE69F577705455263BD980C39A82C\MQL5\Profiles\Tester\HeikenAshi-Lines-EA_01_standard.set: 'SetFileOptimizer' object has no attribute 'read_set_file'
2025-04-25 02:45:58,827 - INFO - Processing HeikenAshi-Lines_01_standard.set
2025-04-25 02:45:58,828 - ERROR - Error processing C:\Users\nikol\AppData\Roaming\MetaQuotes\Terminal\4B1CE69F577705455263BD980C39A82C\MQL5\Profiles\Tester\HeikenAshi-Lines_01_standard.set: 'SetFileOptimizer' object has no attribute 'read_set_file'
2025-04-25 02:45:58,829 - INFO - Processing Heinken-Ashi-Color-Candles_01_standard.set
2025-04-25 02:45:58,830 - ERROR - Error processing C:\Users\nikol\AppData\Roaming\MetaQuotes\Terminal\4B1CE69F577705455263BD980C39A82C\MQL5\Profiles\Tester\Heinken-Ashi-Color-Candles_01_standard.set: 'SetFileOptimizer' object has no attribute 'read_set_file'
2025-04-25 02:45:58,832 - INFO - Processing HelloSmart_01_standard.set
2025-04-25 02:45:58,833 - ERROR - Error processing C:\Users\nikol\AppData\Roaming\MetaQuotes\Terminal\4B1CE69F577705455263BD980C39A82C\MQL5\Profiles\Tester\HelloSmart_01_standard.set: 'SetFileOptimizer' object has no attribute 'read_set_file'
2025-04-25 02:45:58,834 - INFO - Processing High-Low-EA_01_standard.set
2025-04-25 02:45:58,835 - ERROR - Error processing C:\Users\nikol\AppData\Roaming\MetaQuotes\Terminal\4B1CE69F577705455263BD980C39A82C\MQL5\Profiles\Tester\High-Low-EA_01_standard.set: 'SetFileOptimizer' object has no attribute 'read_set_file'
2025-04-25 02:45:58,836 - INFO - Processing High-Low-Indicator_01_standard.set
2025-04-25 02:45:58,836 - ERROR - Error processing C:\Users\nikol\AppData\Roaming\MetaQuotes\Terminal\4B1CE69F577705455263BD980C39A82C\MQL5\Profiles\Tester\High-Low-Indicator_01_standard.set: 'SetFileOptimizer' object has no attribute 'read_set_file'
2025-04-25 02:45:58,840 - INFO - Processing Hoop-master-2_01_standard.set
2025-04-25 02:45:58,841 - ERROR - Error processing C:\Users\nikol\AppData\Roaming\MetaQuotes\Terminal\4B1CE69F577705455263BD980C39A82C\MQL5\Profiles\Tester\Hoop-master-2_01_standard.set: 'SetFileOptimizer' object has no attribute 'read_set_file'
2025-04-25 02:45:58,842 - INFO - Processing iCCI-iMA_01_standard.set
2025-04-25 02:45:58,843 - ERROR - Error processing C:\Users\nikol\AppData\Roaming\MetaQuotes\Terminal\4B1CE69F577705455263BD980C39A82C\MQL5\Profiles\Tester\iCCI-iMA_01_standard.set: 'SetFileOptimizer' object has no attribute 'read_set_file'
2025-04-25 02:45:58,844 - INFO - Processing ICH-With-Alert-Derekers-EA_01_standard.set
2025-04-25 02:45:58,845 - ERROR - Error processing C:\Users\nikol\AppData\Roaming\MetaQuotes\Terminal\4B1CE69F577705455263BD980C39A82C\MQL5\Profiles\Tester\ICH-With-Alert-Derekers-EA_01_standard.set: 'SetFileOptimizer' object has no attribute 'read_set_file'
2025-04-25 02:45:58,847 - INFO - Processing ICH-With-Alert-Derekers_01_standard.set
2025-04-25 02:45:58,848 - ERROR - Error processing C:\Users\nikol\AppData\Roaming\MetaQuotes\Terminal\4B1CE69F577705455263BD980C39A82C\MQL5\Profiles\Tester\ICH-With-Alert-Derekers_01_standard.set: 'SetFileOptimizer' object has no attribute 'read_set_file'
2025-04-25 02:45:58,849 - INFO - Processing ichimok2005_01_standard.set
2025-04-25 02:45:58,850 - ERROR - Error processing C:\Users\nikol\AppData\Roaming\MetaQuotes\Terminal\4B1CE69F577705455263BD980C39A82C\MQL5\Profiles\Tester\ichimok2005_01_standard.set: 'SetFileOptimizer' object has no attribute 'read_set_file'
2025-04-25 02:45:58,850 - INFO - Processing Ichimoku-20Kijun-20Alert_01_standard.set
2025-04-25 02:45:58,851 - ERROR - Error processing C:\Users\nikol\AppData\Roaming\MetaQuotes\Terminal\4B1CE69F577705455263BD980C39A82C\MQL5\Profiles\Tester\Ichimoku-20Kijun-20Alert_01_standard.set: 'SetFileOptimizer' object has no attribute 'read_set_file'
2025-04-25 02:45:58,853 - INFO - Processing Ichimoku-20Tenkan-20Alert_01_standard.set
2025-04-25 02:45:58,854 - ERROR - Error processing C:\Users\nikol\AppData\Roaming\MetaQuotes\Terminal\4B1CE69F577705455263BD980C39A82C\MQL5\Profiles\Tester\Ichimoku-20Tenkan-20Alert_01_standard.set: 'SetFileOptimizer' object has no attribute 'read_set_file'
2025-04-25 02:45:58,855 - INFO - Processing Ichimoku-Dashboard-MT5_01_standard.set
2025-04-25 02:45:58,856 - ERROR - Error processing C:\Users\nikol\AppData\Roaming\MetaQuotes\Terminal\4B1CE69F577705455263BD980C39A82C\MQL5\Profiles\Tester\Ichimoku-Dashboard-MT5_01_standard.set: 'SetFileOptimizer' object has no attribute 'read_set_file'
2025-04-25 02:45:58,857 - INFO - Processing Ichimoku-Scanner-MT5_01_standard.set
2025-04-25 02:45:58,858 - ERROR - Error processing C:\Users\nikol\AppData\Roaming\MetaQuotes\Terminal\4B1CE69F577705455263BD980C39A82C\MQL5\Profiles\Tester\Ichimoku-Scanner-MT5_01_standard.set: 'SetFileOptimizer' object has no attribute 'read_set_file'
2025-04-25 02:45:58,860 - INFO - Processing Ichimoku-Scanner_01_standard.set
2025-04-25 02:45:58,861 - ERROR - Error processing C:\Users\nikol\AppData\Roaming\MetaQuotes\Terminal\4B1CE69F577705455263BD980C39A82C\MQL5\Profiles\Tester\Ichimoku-Scanner_01_standard.set: 'SetFileOptimizer' object has no attribute 'read_set_file'
2025-04-25 02:45:58,862 - INFO - Processing Ichimoku-Signals-and-Alert_01_standard.set
2025-04-25 02:45:58,862 - ERROR - Error processing C:\Users\nikol\AppData\Roaming\MetaQuotes\Terminal\4B1CE69F577705455263BD980C39A82C\MQL5\Profiles\Tester\Ichimoku-Signals-and-Alert_01_standard.set: 'SetFileOptimizer' object has no attribute 'read_set_file'
2025-04-25 02:45:58,863 - INFO - Processing IchimokuMTF-EA_01_standard.set
2025-04-25 02:45:58,864 - ERROR - Error processing C:\Users\nikol\AppData\Roaming\MetaQuotes\Terminal\4B1CE69F577705455263BD980C39A82C\MQL5\Profiles\Tester\IchimokuMTF-EA_01_standard.set: 'SetFileOptimizer' object has no attribute 'read_set_file'
2025-04-25 02:45:58,865 - INFO - Processing Ichimoku_01_standard.set
2025-04-25 02:45:58,866 - ERROR - Error processing C:\Users\nikol\AppData\Roaming\MetaQuotes\Terminal\4B1CE69F577705455263BD980C39A82C\MQL5\Profiles\Tester\Ichimoku_01_standard.set: 'SetFileOptimizer' object has no attribute 'read_set_file'
2025-04-25 02:45:58,867 - INFO - Processing Ilan-iMA_01_standard.set
2025-04-25 02:45:58,867 - ERROR - Error processing C:\Users\nikol\AppData\Roaming\MetaQuotes\Terminal\4B1CE69F577705455263BD980C39A82C\MQL5\Profiles\Tester\Ilan-iMA_01_standard.set: 'SetFileOptimizer' object has no attribute 'read_set_file'
2025-04-25 02:45:58,868 - INFO - Processing Ilan1.4_01_standard.set
2025-04-25 02:45:58,869 - ERROR - Error processing C:\Users\nikol\AppData\Roaming\MetaQuotes\Terminal\4B1CE69F577705455263BD980C39A82C\MQL5\Profiles\Tester\Ilan1.4_01_standard.set: 'SetFileOptimizer' object has no attribute 'read_set_file'
2025-04-25 02:45:58,870 - INFO - Processing iMA-iStdDev_01_standard.set
2025-04-25 02:45:58,871 - ERROR - Error processing C:\Users\nikol\AppData\Roaming\MetaQuotes\Terminal\4B1CE69F577705455263BD980C39A82C\MQL5\Profiles\Tester\iMA-iStdDev_01_standard.set: 'SetFileOptimizer' object has no attribute 'read_set_file'
2025-04-25 02:45:58,872 - INFO - Processing Indices-Tester_01_standard.set
2025-04-25 02:45:58,873 - ERROR - Error processing C:\Users\nikol\AppData\Roaming\MetaQuotes\Terminal\4B1CE69F577705455263BD980C39A82C\MQL5\Profiles\Tester\Indices-Tester_01_standard.set: 'SetFileOptimizer' object has no attribute 'read_set_file'
2025-04-25 02:45:58,874 - INFO - Processing Inka-20Edho-20EA_01_standard.set
2025-04-25 02:45:58,875 - ERROR - Error processing C:\Users\nikol\AppData\Roaming\MetaQuotes\Terminal\4B1CE69F577705455263BD980C39A82C\MQL5\Profiles\Tester\Inka-20Edho-20EA_01_standard.set: 'SetFileOptimizer' object has no attribute 'read_set_file'
2025-04-25 02:45:58,875 - INFO - Processing Intersection-2-iMA_01_standard.set
2025-04-25 02:45:58,876 - ERROR - Error processing C:\Users\nikol\AppData\Roaming\MetaQuotes\Terminal\4B1CE69F577705455263BD980C39A82C\MQL5\Profiles\Tester\Intersection-2-iMA_01_standard.set: 'SetFileOptimizer' object has no attribute 'read_set_file'
2025-04-25 02:45:58,877 - INFO - Processing IStochastic-Trading_01_standard.set
2025-04-25 02:45:58,878 - ERROR - Error processing C:\Users\nikol\AppData\Roaming\MetaQuotes\Terminal\4B1CE69F577705455263BD980C39A82C\MQL5\Profiles\Tester\IStochastic-Trading_01_standard.set: 'SetFileOptimizer' object has no attribute 'read_set_file'
2025-04-25 02:45:58,879 - INFO - Processing Ivan_01_standard.set
2025-04-25 02:45:58,880 - ERROR - Error processing C:\Users\nikol\AppData\Roaming\MetaQuotes\Terminal\4B1CE69F577705455263BD980C39A82C\MQL5\Profiles\Tester\Ivan_01_standard.set: 'SetFileOptimizer' object has no attribute 'read_set_file'
2025-04-25 02:45:58,881 - INFO - Processing iVIDyA-Simple_01_standard.set
2025-04-25 02:45:58,882 - ERROR - Error processing C:\Users\nikol\AppData\Roaming\MetaQuotes\Terminal\4B1CE69F577705455263BD980C39A82C\MQL5\Profiles\Tester\iVIDyA-Simple_01_standard.set: 'SetFileOptimizer' object has no attribute 'read_set_file'
2025-04-25 02:45:58,883 - INFO - Processing Jackpot-Strategy-EA_01_standard.set
2025-04-25 02:45:58,884 - ERROR - Error processing C:\Users\nikol\AppData\Roaming\MetaQuotes\Terminal\4B1CE69F577705455263BD980C39A82C\MQL5\Profiles\Tester\Jackpot-Strategy-EA_01_standard.set: 'SetFileOptimizer' object has no attribute 'read_set_file'
2025-04-25 02:45:58,885 - INFO - Processing JackPot-Strategy-Elite_01_standard.set
2025-04-25 02:45:58,887 - ERROR - Error processing C:\Users\nikol\AppData\Roaming\MetaQuotes\Terminal\4B1CE69F577705455263BD980C39A82C\MQL5\Profiles\Tester\JackPot-Strategy-Elite_01_standard.set: 'SetFileOptimizer' object has no attribute 'read_set_file'
2025-04-25 02:45:58,888 - INFO - Processing JK-BullP-AutoTrader_01_standard.set
2025-04-25 02:45:58,889 - ERROR - Error processing C:\Users\nikol\AppData\Roaming\MetaQuotes\Terminal\4B1CE69F577705455263BD980C39A82C\MQL5\Profiles\Tester\JK-BullP-AutoTrader_01_standard.set: 'SetFileOptimizer' object has no attribute 'read_set_file'
2025-04-25 02:45:58,890 - INFO - Processing JS-Chaos_01_standard.set
2025-04-25 02:45:58,890 - ERROR - Error processing C:\Users\nikol\AppData\Roaming\MetaQuotes\Terminal\4B1CE69F577705455263BD980C39A82C\MQL5\Profiles\Tester\JS-Chaos_01_standard.set: 'SetFileOptimizer' object has no attribute 'read_set_file'
2025-04-25 02:45:58,891 - INFO - Processing JS-MA-Day_01_standard.set
2025-04-25 02:45:58,892 - ERROR - Error processing C:\Users\nikol\AppData\Roaming\MetaQuotes\Terminal\4B1CE69F577705455263BD980C39A82C\MQL5\Profiles\Tester\JS-MA-Day_01_standard.set: 'SetFileOptimizer' object has no attribute 'read_set_file'
2025-04-25 02:45:58,893 - INFO - Processing JS-MA-SAR-Trades_01_standard.set
2025-04-25 02:45:58,894 - ERROR - Error processing C:\Users\nikol\AppData\Roaming\MetaQuotes\Terminal\4B1CE69F577705455263BD980C39A82C\MQL5\Profiles\Tester\JS-MA-SAR-Trades_01_standard.set: 'SetFileOptimizer' object has no attribute 'read_set_file'
2025-04-25 02:45:58,895 - INFO - Processing KA-Gold-Bot_01_standard.set
2025-04-25 02:45:58,896 - ERROR - Error processing C:\Users\nikol\AppData\Roaming\MetaQuotes\Terminal\4B1CE69F577705455263BD980C39A82C\MQL5\Profiles\Tester\KA-Gold-Bot_01_standard.set: 'SetFileOptimizer' object has no attribute 'read_set_file'
2025-04-25 02:45:58,897 - INFO - Processing Kue-Electric-EA_01_standard.set
2025-04-25 02:45:58,897 - ERROR - Error processing C:\Users\nikol\AppData\Roaming\MetaQuotes\Terminal\4B1CE69F577705455263BD980C39A82C\MQL5\Profiles\Tester\Kue-Electric-EA_01_standard.set: 'SetFileOptimizer' object has no attribute 'read_set_file'
2025-04-25 02:45:58,898 - INFO - Processing KueFx-20Arrows_01_standard.set
2025-04-25 02:45:58,899 - ERROR - Error processing C:\Users\nikol\AppData\Roaming\MetaQuotes\Terminal\4B1CE69F577705455263BD980C39A82C\MQL5\Profiles\Tester\KueFx-20Arrows_01_standard.set: 'SetFileOptimizer' object has no attribute 'read_set_file'
2025-04-25 02:45:58,901 - INFO - Processing KueFx-20Baseline_01_standard.set
2025-04-25 02:45:58,902 - ERROR - Error processing C:\Users\nikol\AppData\Roaming\MetaQuotes\Terminal\4B1CE69F577705455263BD980C39A82C\MQL5\Profiles\Tester\KueFx-20Baseline_01_standard.set: 'SetFileOptimizer' object has no attribute 'read_set_file'
2025-04-25 02:45:58,903 - INFO - Processing KueFx-Arrows-20EA_01_standard.set
2025-04-25 02:45:58,904 - ERROR - Error processing C:\Users\nikol\AppData\Roaming\MetaQuotes\Terminal\4B1CE69F577705455263BD980C39A82C\MQL5\Profiles\Tester\KueFx-Arrows-20EA_01_standard.set: 'SetFileOptimizer' object has no attribute 'read_set_file'
2025-04-25 02:45:58,905 - INFO - Processing KueFx-Arrows-EA_01_standard.set
2025-04-25 02:45:58,906 - ERROR - Error processing C:\Users\nikol\AppData\Roaming\MetaQuotes\Terminal\4B1CE69F577705455263BD980C39A82C\MQL5\Profiles\Tester\KueFx-Arrows-EA_01_standard.set: 'SetFileOptimizer' object has no attribute 'read_set_file'
2025-04-25 02:45:58,907 - INFO - Processing KueFx-Arrows_01_standard.set
2025-04-25 02:45:58,909 - ERROR - Error processing C:\Users\nikol\AppData\Roaming\MetaQuotes\Terminal\4B1CE69F577705455263BD980C39A82C\MQL5\Profiles\Tester\KueFx-Arrows_01_standard.set: 'SetFileOptimizer' object has no attribute 'read_set_file'
2025-04-25 02:45:58,910 - INFO - Processing KueFx-Baseline-EA_01_standard.set
2025-04-25 02:45:58,911 - ERROR - Error processing C:\Users\nikol\AppData\Roaming\MetaQuotes\Terminal\4B1CE69F577705455263BD980C39A82C\MQL5\Profiles\Tester\KueFx-Baseline-EA_01_standard.set: 'SetFileOptimizer' object has no attribute 'read_set_file'
2025-04-25 02:45:58,912 - INFO - Processing KueFx-Baseline_01_standard.set
2025-04-25 02:45:58,912 - ERROR - Error processing C:\Users\nikol\AppData\Roaming\MetaQuotes\Terminal\4B1CE69F577705455263BD980C39A82C\MQL5\Profiles\Tester\KueFx-Baseline_01_standard.set: 'SetFileOptimizer' object has no attribute 'read_set_file'
2025-04-25 02:45:58,916 - INFO - Processing KueFx-Clean-2025-EA_01_standard.set
2025-04-25 02:45:58,917 - ERROR - Error processing C:\Users\nikol\AppData\Roaming\MetaQuotes\Terminal\4B1CE69F577705455263BD980C39A82C\MQL5\Profiles\Tester\KueFx-Clean-2025-EA_01_standard.set: 'SetFileOptimizer' object has no attribute 'read_set_file'
2025-04-25 02:45:58,918 - INFO - Processing KueFx-Extreme-EA_01_standard.set
2025-04-25 02:45:58,918 - ERROR - Error processing C:\Users\nikol\AppData\Roaming\MetaQuotes\Terminal\4B1CE69F577705455263BD980C39A82C\MQL5\Profiles\Tester\KueFx-Extreme-EA_01_standard.set: 'SetFileOptimizer' object has no attribute 'read_set_file'
2025-04-25 02:45:58,919 - INFO - Processing KueFx-Harare-EA_01_standard.set
2025-04-25 02:45:58,920 - ERROR - Error processing C:\Users\nikol\AppData\Roaming\MetaQuotes\Terminal\4B1CE69F577705455263BD980C39A82C\MQL5\Profiles\Tester\KueFx-Harare-EA_01_standard.set: 'SetFileOptimizer' object has no attribute 'read_set_file'
2025-04-25 02:45:58,922 - INFO - Processing KueFX-Money-Management_01_standard.set
2025-04-25 02:45:58,923 - ERROR - Error processing C:\Users\nikol\AppData\Roaming\MetaQuotes\Terminal\4B1CE69F577705455263BD980C39A82C\MQL5\Profiles\Tester\KueFX-Money-Management_01_standard.set: 'SetFileOptimizer' object has no attribute 'read_set_file'
2025-04-25 02:45:58,924 - INFO - Processing KueFx-Motor-EA_01_standard.set
2025-04-25 02:45:58,925 - ERROR - Error processing C:\Users\nikol\AppData\Roaming\MetaQuotes\Terminal\4B1CE69F577705455263BD980C39A82C\MQL5\Profiles\Tester\KueFx-Motor-EA_01_standard.set: 'SetFileOptimizer' object has no attribute 'read_set_file'
2025-04-25 02:45:58,925 - INFO - Processing KueFx-Motor_01_standard.set
2025-04-25 02:45:58,927 - ERROR - Error processing C:\Users\nikol\AppData\Roaming\MetaQuotes\Terminal\4B1CE69F577705455263BD980C39A82C\MQL5\Profiles\Tester\KueFx-Motor_01_standard.set: 'SetFileOptimizer' object has no attribute 'read_set_file'
2025-04-25 02:45:58,928 - INFO - Processing KueFx-Trend_01_standard.set
2025-04-25 02:45:58,929 - ERROR - Error processing C:\Users\nikol\AppData\Roaming\MetaQuotes\Terminal\4B1CE69F577705455263BD980C39A82C\MQL5\Profiles\Tester\KueFx-Trend_01_standard.set: 'SetFileOptimizer' object has no attribute 'read_set_file'
2025-04-25 02:45:58,930 - INFO - Processing KueFxTrend-20EA_01_standard.set
2025-04-25 02:45:58,931 - ERROR - Error processing C:\Users\nikol\AppData\Roaming\MetaQuotes\Terminal\4B1CE69F577705455263BD980C39A82C\MQL5\Profiles\Tester\KueFxTrend-20EA_01_standard.set: 'SetFileOptimizer' object has no attribute 'read_set_file'
2025-04-25 02:45:58,932 - INFO - Processing KueFxTrend-EA_01_standard.set
2025-04-25 02:45:58,933 - ERROR - Error processing C:\Users\nikol\AppData\Roaming\MetaQuotes\Terminal\4B1CE69F577705455263BD980C39A82C\MQL5\Profiles\Tester\KueFxTrend-EA_01_standard.set: 'SetFileOptimizer' object has no attribute 'read_set_file'
2025-04-25 02:45:58,934 - INFO - Processing KueFx_Arrows_EA_v1.10_01_standard.set
2025-04-25 02:45:58,935 - ERROR - Error processing C:\Users\nikol\AppData\Roaming\MetaQuotes\Terminal\4B1CE69F577705455263BD980C39A82C\MQL5\Profiles\Tester\KueFx_Arrows_EA_v1.10_01_standard.set: 'SetFileOptimizer' object has no attribute 'read_set_file'
2025-04-25 02:45:58,936 - INFO - Processing KueFx_Baseline_EA_v1.10_01_standard.set
2025-04-25 02:45:58,937 - ERROR - Error processing C:\Users\nikol\AppData\Roaming\MetaQuotes\Terminal\4B1CE69F577705455263BD980C39A82C\MQL5\Profiles\Tester\KueFx_Baseline_EA_v1.10_01_standard.set: 'SetFileOptimizer' object has no attribute 'read_set_file'
2025-04-25 02:45:58,937 - INFO - Processing LarryConnersRSI2_01_standard.set
2025-04-25 02:45:58,938 - ERROR - Error processing C:\Users\nikol\AppData\Roaming\MetaQuotes\Terminal\4B1CE69F577705455263BD980C39A82C\MQL5\Profiles\Tester\LarryConnersRSI2_01_standard.set: 'SetFileOptimizer' object has no attribute 'read_set_file'
2025-04-25 02:45:58,939 - INFO - Processing Last-ZZ50_01_standard.set
2025-04-25 02:45:58,940 - ERROR - Error processing C:\Users\nikol\AppData\Roaming\MetaQuotes\Terminal\4B1CE69F577705455263BD980C39A82C\MQL5\Profiles\Tester\Last-ZZ50_01_standard.set: 'SetFileOptimizer' object has no attribute 'read_set_file'
2025-04-25 02:45:58,941 - INFO - Processing Lavika100_01_standard.set
2025-04-25 02:45:58,942 - ERROR - Error processing C:\Users\nikol\AppData\Roaming\MetaQuotes\Terminal\4B1CE69F577705455263BD980C39A82C\MQL5\Profiles\Tester\Lavika100_01_standard.set: 'SetFileOptimizer' object has no attribute 'read_set_file'
2025-04-25 02:45:58,943 - INFO - Processing LazyBot-MT5_01_standard.set
2025-04-25 02:45:58,944 - ERROR - Error processing C:\Users\nikol\AppData\Roaming\MetaQuotes\Terminal\4B1CE69F577705455263BD980C39A82C\MQL5\Profiles\Tester\LazyBot-MT5_01_standard.set: 'SetFileOptimizer' object has no attribute 'read_set_file'
2025-04-25 02:45:58,945 - INFO - Processing LBS_01_standard.set
2025-04-25 02:45:58,945 - ERROR - Error processing C:\Users\nikol\AppData\Roaming\MetaQuotes\Terminal\4B1CE69F577705455263BD980C39A82C\MQL5\Profiles\Tester\LBS_01_standard.set: 'SetFileOptimizer' object has no attribute 'read_set_file'
2025-04-25 02:45:58,946 - INFO - Processing Lego-EA_01_standard.set
2025-04-25 02:45:58,947 - ERROR - Error processing C:\Users\nikol\AppData\Roaming\MetaQuotes\Terminal\4B1CE69F577705455263BD980C39A82C\MQL5\Profiles\Tester\Lego-EA_01_standard.set: 'SetFileOptimizer' object has no attribute 'read_set_file'
2025-04-25 02:45:58,948 - INFO - Processing Lesson-3-Price-Action_01_standard.set
2025-04-25 02:45:58,949 - ERROR - Error processing C:\Users\nikol\AppData\Roaming\MetaQuotes\Terminal\4B1CE69F577705455263BD980C39A82C\MQL5\Profiles\Tester\Lesson-3-Price-Action_01_standard.set: 'SetFileOptimizer' object has no attribute 'read_set_file'
2025-04-25 02:45:58,950 - INFO - Processing Lesson-4-Price-Action-MA-Filter_01_standard.set
2025-04-25 02:45:58,951 - ERROR - Error processing C:\Users\nikol\AppData\Roaming\MetaQuotes\Terminal\4B1CE69F577705455263BD980C39A82C\MQL5\Profiles\Tester\Lesson-4-Price-Action-MA-Filter_01_standard.set: 'SetFileOptimizer' object has no attribute 'read_set_file'
2025-04-25 02:45:58,952 - INFO - Processing Lesson-6-Trailling-ATR_01_standard.set
2025-04-25 02:45:58,953 - ERROR - Error processing C:\Users\nikol\AppData\Roaming\MetaQuotes\Terminal\4B1CE69F577705455263BD980C39A82C\MQL5\Profiles\Tester\Lesson-6-Trailling-ATR_01_standard.set: 'SetFileOptimizer' object has no attribute 'read_set_file'
2025-04-25 02:45:58,954 - INFO - Processing Lesson-7-Price-action-Ket-hop-Volume-VSA_01_standard.set
2025-04-25 02:45:58,955 - ERROR - Error processing C:\Users\nikol\AppData\Roaming\MetaQuotes\Terminal\4B1CE69F577705455263BD980C39A82C\MQL5\Profiles\Tester\Lesson-7-Price-action-Ket-hop-Volume-VSA_01_standard.set: 'SetFileOptimizer' object has no attribute 'read_set_file'
2025-04-25 02:45:58,956 - INFO - Processing Little-EA_01_standard.set
2025-04-25 02:45:58,957 - ERROR - Error processing C:\Users\nikol\AppData\Roaming\MetaQuotes\Terminal\4B1CE69F577705455263BD980C39A82C\MQL5\Profiles\Tester\Little-EA_01_standard.set: 'SetFileOptimizer' object has no attribute 'read_set_file'
2025-04-25 02:45:58,958 - INFO - Processing Locker_01_standard.set
2025-04-25 02:45:58,958 - ERROR - Error processing C:\Users\nikol\AppData\Roaming\MetaQuotes\Terminal\4B1CE69F577705455263BD980C39A82C\MQL5\Profiles\Tester\Locker_01_standard.set: 'SetFileOptimizer' object has no attribute 'read_set_file'
2025-04-25 02:45:58,959 - INFO - Processing Lock_01_standard.set
2025-04-25 02:45:58,960 - ERROR - Error processing C:\Users\nikol\AppData\Roaming\MetaQuotes\Terminal\4B1CE69F577705455263BD980C39A82C\MQL5\Profiles\Tester\Lock_01_standard.set: 'SetFileOptimizer' object has no attribute 'read_set_file'
2025-04-25 02:45:58,960 - INFO - Processing Lucky_01_standard.set
2025-04-25 02:45:58,961 - ERROR - Error processing C:\Users\nikol\AppData\Roaming\MetaQuotes\Terminal\4B1CE69F577705455263BD980C39A82C\MQL5\Profiles\Tester\Lucky_01_standard.set: 'SetFileOptimizer' object has no attribute 'read_set_file'
2025-04-25 02:45:58,964 - INFO - Processing MA MACD Position averaging v2_01_standard.set
2025-04-25 02:45:58,965 - ERROR - Error processing C:\Users\nikol\AppData\Roaming\MetaQuotes\Terminal\4B1CE69F577705455263BD980C39A82C\MQL5\Profiles\Tester\MA MACD Position averaging v2_01_standard.set: 'SetFileOptimizer' object has no attribute 'read_set_file'
2025-04-25 02:45:58,966 - INFO - Processing MA-20Alert_01_standard.set
2025-04-25 02:45:58,967 - ERROR - Error processing C:\Users\nikol\AppData\Roaming\MetaQuotes\Terminal\4B1CE69F577705455263BD980C39A82C\MQL5\Profiles\Tester\MA-20Alert_01_standard.set: 'SetFileOptimizer' object has no attribute 'read_set_file'
2025-04-25 02:45:58,967 - INFO - Processing MA-20AO-20Arrow_01_standard.set
2025-04-25 02:45:58,968 - ERROR - Error processing C:\Users\nikol\AppData\Roaming\MetaQuotes\Terminal\4B1CE69F577705455263BD980C39A82C\MQL5\Profiles\Tester\MA-20AO-20Arrow_01_standard.set: 'SetFileOptimizer' object has no attribute 'read_set_file'
2025-04-25 02:45:58,969 - INFO - Processing MA-AO-EA_01_standard.set
2025-04-25 02:45:58,970 - ERROR - Error processing C:\Users\nikol\AppData\Roaming\MetaQuotes\Terminal\4B1CE69F577705455263BD980C39A82C\MQL5\Profiles\Tester\MA-AO-EA_01_standard.set: 'SetFileOptimizer' object has no attribute 'read_set_file'
2025-04-25 02:45:58,971 - INFO - Processing ma-channels_01_standard.set
2025-04-25 02:45:58,972 - ERROR - Error processing C:\Users\nikol\AppData\Roaming\MetaQuotes\Terminal\4B1CE69F577705455263BD980C39A82C\MQL5\Profiles\Tester\ma-channels_01_standard.set: 'SetFileOptimizer' object has no attribute 'read_set_file'
2025-04-25 02:45:58,972 - INFO - Processing Ma-Crosses-MT5_01_standard.set
2025-04-25 02:45:58,973 - ERROR - Error processing C:\Users\nikol\AppData\Roaming\MetaQuotes\Terminal\4B1CE69F577705455263BD980C39A82C\MQL5\Profiles\Tester\Ma-Crosses-MT5_01_standard.set: 'SetFileOptimizer' object has no attribute 'read_set_file'
2025-04-25 02:45:58,974 - INFO - Processing MA-Crossover-mt5-20EA_01_standard.set
2025-04-25 02:45:58,974 - ERROR - Error processing C:\Users\nikol\AppData\Roaming\MetaQuotes\Terminal\4B1CE69F577705455263BD980C39A82C\MQL5\Profiles\Tester\MA-Crossover-mt5-20EA_01_standard.set: 'SetFileOptimizer' object has no attribute 'read_set_file'
2025-04-25 02:45:58,976 - INFO - Processing MA-Cross_01_standard.set
2025-04-25 02:45:58,977 - ERROR - Error processing C:\Users\nikol\AppData\Roaming\MetaQuotes\Terminal\4B1CE69F577705455263BD980C39A82C\MQL5\Profiles\Tester\MA-Cross_01_standard.set: 'SetFileOptimizer' object has no attribute 'read_set_file'
2025-04-25 02:45:58,979 - INFO - Processing MA-Envelopes_01_standard.set
2025-04-25 02:45:58,980 - ERROR - Error processing C:\Users\nikol\AppData\Roaming\MetaQuotes\Terminal\4B1CE69F577705455263BD980C39A82C\MQL5\Profiles\Tester\MA-Envelopes_01_standard.set: 'SetFileOptimizer' object has no attribute 'read_set_file'
2025-04-25 02:45:58,981 - INFO - Processing MA-MACD-Position-averaging_01_standard.set
2025-04-25 02:45:58,981 - ERROR - Error processing C:\Users\nikol\AppData\Roaming\MetaQuotes\Terminal\4B1CE69F577705455263BD980C39A82C\MQL5\Profiles\Tester\MA-MACD-Position-averaging_01_standard.set: 'SetFileOptimizer' object has no attribute 'read_set_file'
2025-04-25 02:45:58,982 - INFO - Processing MA-Trend_01_standard.set
2025-04-25 02:45:58,983 - ERROR - Error processing C:\Users\nikol\AppData\Roaming\MetaQuotes\Terminal\4B1CE69F577705455263BD980C39A82C\MQL5\Profiles\Tester\MA-Trend_01_standard.set: 'SetFileOptimizer' object has no attribute 'read_set_file'
2025-04-25 02:45:58,984 - INFO - Processing MA2CCI_01_standard.set
2025-04-25 02:45:58,985 - ERROR - Error processing C:\Users\nikol\AppData\Roaming\MetaQuotes\Terminal\4B1CE69F577705455263BD980C39A82C\MQL5\Profiles\Tester\MA2CCI_01_standard.set: 'SetFileOptimizer' object has no attribute 'read_set_file'
2025-04-25 02:45:58,986 - INFO - Processing MACD-and-SAR_01_standard.set
2025-04-25 02:45:58,986 - ERROR - Error processing C:\Users\nikol\AppData\Roaming\MetaQuotes\Terminal\4B1CE69F577705455263BD980C39A82C\MQL5\Profiles\Tester\MACD-and-SAR_01_standard.set: 'SetFileOptimizer' object has no attribute 'read_set_file'
2025-04-25 02:45:58,987 - INFO - Processing MACD-Cleaner_01_standard.set
2025-04-25 02:45:58,988 - ERROR - Error processing C:\Users\nikol\AppData\Roaming\MetaQuotes\Terminal\4B1CE69F577705455263BD980C39A82C\MQL5\Profiles\Tester\MACD-Cleaner_01_standard.set: 'SetFileOptimizer' object has no attribute 'read_set_file'
2025-04-25 02:45:58,990 - INFO - Processing MACD-EA-H4_01_standard.set
2025-04-25 02:45:58,991 - ERROR - Error processing C:\Users\nikol\AppData\Roaming\MetaQuotes\Terminal\4B1CE69F577705455263BD980C39A82C\MQL5\Profiles\Tester\MACD-EA-H4_01_standard.set: 'SetFileOptimizer' object has no attribute 'read_set_file'
2025-04-25 02:45:58,992 - INFO - Processing MACD-No-Sample_01_standard.set
2025-04-25 02:45:58,993 - ERROR - Error processing C:\Users\nikol\AppData\Roaming\MetaQuotes\Terminal\4B1CE69F577705455263BD980C39A82C\MQL5\Profiles\Tester\MACD-No-Sample_01_standard.set: 'SetFileOptimizer' object has no attribute 'read_set_file'
2025-04-25 02:45:58,994 - INFO - Processing MACD-signal_01_standard.set
2025-04-25 02:45:58,995 - ERROR - Error processing C:\Users\nikol\AppData\Roaming\MetaQuotes\Terminal\4B1CE69F577705455263BD980C39A82C\MQL5\Profiles\Tester\MACD-signal_01_standard.set: 'SetFileOptimizer' object has no attribute 'read_set_file'
2025-04-25 02:45:58,996 - INFO - Processing MACD-Stochastic-2_01_standard.set
2025-04-25 02:45:58,996 - ERROR - Error processing C:\Users\nikol\AppData\Roaming\MetaQuotes\Terminal\4B1CE69F577705455263BD980C39A82C\MQL5\Profiles\Tester\MACD-Stochastic-2_01_standard.set: 'SetFileOptimizer' object has no attribute 'read_set_file'
2025-04-25 02:45:58,998 - INFO - Processing MACD-Stochastic_01_standard.set
2025-04-25 02:45:58,999 - ERROR - Error processing C:\Users\nikol\AppData\Roaming\MetaQuotes\Terminal\4B1CE69F577705455263BD980C39A82C\MQL5\Profiles\Tester\MACD-Stochastic_01_standard.set: 'SetFileOptimizer' object has no attribute 'read_set_file'
2025-04-25 02:45:59,000 - INFO - Processing MACDCCI_01_standard.set
2025-04-25 02:45:59,001 - ERROR - Error processing C:\Users\nikol\AppData\Roaming\MetaQuotes\Terminal\4B1CE69F577705455263BD980C39A82C\MQL5\Profiles\Tester\MACDCCI_01_standard.set: 'SetFileOptimizer' object has no attribute 'read_set_file'
2025-04-25 02:45:59,002 - INFO - Processing MacdPatternTraderAll0.01_01_standard.set
2025-04-25 02:45:59,003 - ERROR - Error processing C:\Users\nikol\AppData\Roaming\MetaQuotes\Terminal\4B1CE69F577705455263BD980C39A82C\MQL5\Profiles\Tester\MacdPatternTraderAll0.01_01_standard.set: 'SetFileOptimizer' object has no attribute 'read_set_file'
2025-04-25 02:45:59,005 - INFO - Processing MacdPatternTraderAll_01_standard.set
2025-04-25 02:45:59,006 - ERROR - Error processing C:\Users\nikol\AppData\Roaming\MetaQuotes\Terminal\4B1CE69F577705455263BD980C39A82C\MQL5\Profiles\Tester\MacdPatternTraderAll_01_standard.set: 'SetFileOptimizer' object has no attribute 'read_set_file'
2025-04-25 02:45:59,007 - INFO - Processing MACD_01_standard.set
2025-04-25 02:45:59,007 - ERROR - Error processing C:\Users\nikol\AppData\Roaming\MetaQuotes\Terminal\4B1CE69F577705455263BD980C39A82C\MQL5\Profiles\Tester\MACD_01_standard.set: 'SetFileOptimizer' object has no attribute 'read_set_file'
2025-04-25 02:45:59,009 - INFO - Processing MAGrid_01_standard.set
2025-04-25 02:45:59,009 - ERROR - Error processing C:\Users\nikol\AppData\Roaming\MetaQuotes\Terminal\4B1CE69F577705455263BD980C39A82C\MQL5\Profiles\Tester\MAGrid_01_standard.set: 'SetFileOptimizer' object has no attribute 'read_set_file'
2025-04-25 02:45:59,010 - INFO - Processing MAMACD_01_standard.set
2025-04-25 02:45:59,011 - ERROR - Error processing C:\Users\nikol\AppData\Roaming\MetaQuotes\Terminal\4B1CE69F577705455263BD980C39A82C\MQL5\Profiles\Tester\MAMACD_01_standard.set: 'SetFileOptimizer' object has no attribute 'read_set_file'
2025-04-25 02:45:59,012 - INFO - Processing Mariner-MT5_01_standard.set
2025-04-25 02:45:59,013 - ERROR - Error processing C:\Users\nikol\AppData\Roaming\MetaQuotes\Terminal\4B1CE69F577705455263BD980C39A82C\MQL5\Profiles\Tester\Mariner-MT5_01_standard.set: 'SetFileOptimizer' object has no attribute 'read_set_file'
2025-04-25 02:45:59,014 - INFO - Processing Market-Capture_01_standard.set
2025-04-25 02:45:59,015 - ERROR - Error processing C:\Users\nikol\AppData\Roaming\MetaQuotes\Terminal\4B1CE69F577705455263BD980C39A82C\MQL5\Profiles\Tester\Market-Capture_01_standard.set: 'SetFileOptimizer' object has no attribute 'read_set_file'
2025-04-25 02:45:59,016 - INFO - Processing Martin-1_01_standard.set
2025-04-25 02:45:59,017 - ERROR - Error processing C:\Users\nikol\AppData\Roaming\MetaQuotes\Terminal\4B1CE69F577705455263BD980C39A82C\MQL5\Profiles\Tester\Martin-1_01_standard.set: 'SetFileOptimizer' object has no attribute 'read_set_file'
2025-04-25 02:45:59,018 - INFO - Processing Martin-for-small-deposits_01_standard.set
2025-04-25 02:45:59,019 - ERROR - Error processing C:\Users\nikol\AppData\Roaming\MetaQuotes\Terminal\4B1CE69F577705455263BD980C39A82C\MQL5\Profiles\Tester\Martin-for-small-deposits_01_standard.set: 'SetFileOptimizer' object has no attribute 'read_set_file'
2025-04-25 02:45:59,020 - INFO - Processing MartingailExpert_01_standard.set
2025-04-25 02:45:59,021 - ERROR - Error processing C:\Users\nikol\AppData\Roaming\MetaQuotes\Terminal\4B1CE69F577705455263BD980C39A82C\MQL5\Profiles\Tester\MartingailExpert_01_standard.set: 'SetFileOptimizer' object has no attribute 'read_set_file'
2025-04-25 02:45:59,022 - INFO - Processing MartinGaleBreakout_01_standard.set
2025-04-25 02:45:59,023 - ERROR - Error processing C:\Users\nikol\AppData\Roaming\MetaQuotes\Terminal\4B1CE69F577705455263BD980C39A82C\MQL5\Profiles\Tester\MartinGaleBreakout_01_standard.set: 'SetFileOptimizer' object has no attribute 'read_set_file'
2025-04-25 02:45:59,023 - INFO - Processing Martin_01_standard.set
2025-04-25 02:45:59,024 - ERROR - Error processing C:\Users\nikol\AppData\Roaming\MetaQuotes\Terminal\4B1CE69F577705455263BD980C39A82C\MQL5\Profiles\Tester\Martin_01_standard.set: 'SetFileOptimizer' object has no attribute 'read_set_file'
2025-04-25 02:45:59,026 - INFO - Processing Marubozu-EA_01_standard.set
2025-04-25 02:45:59,027 - ERROR - Error processing C:\Users\nikol\AppData\Roaming\MetaQuotes\Terminal\4B1CE69F577705455263BD980C39A82C\MQL5\Profiles\Tester\Marubozu-EA_01_standard.set: 'SetFileOptimizer' object has no attribute 'read_set_file'
2025-04-25 02:45:59,028 - INFO - Processing Marubozu_01_standard.set
2025-04-25 02:45:59,029 - ERROR - Error processing C:\Users\nikol\AppData\Roaming\MetaQuotes\Terminal\4B1CE69F577705455263BD980C39A82C\MQL5\Profiles\Tester\Marubozu_01_standard.set: 'SetFileOptimizer' object has no attribute 'read_set_file'
2025-04-25 02:45:59,030 - INFO - Processing Marubozu_EA_v1.10_01_standard.set
2025-04-25 02:45:59,031 - ERROR - Error processing C:\Users\nikol\AppData\Roaming\MetaQuotes\Terminal\4B1CE69F577705455263BD980C39A82C\MQL5\Profiles\Tester\Marubozu_EA_v1.10_01_standard.set: 'SetFileOptimizer' object has no attribute 'read_set_file'
2025-04-25 02:45:59,032 - INFO - Processing MelBar-EuSwiss-1.85_01_standard.set
2025-04-25 02:45:59,033 - ERROR - Error processing C:\Users\nikol\AppData\Roaming\MetaQuotes\Terminal\4B1CE69F577705455263BD980C39A82C\MQL5\Profiles\Tester\MelBar-EuSwiss-1.85_01_standard.set: 'SetFileOptimizer' object has no attribute 'read_set_file'
2025-04-25 02:45:59,034 - INFO - Processing MelBar™Take325-™-5.5Y-NZD-USD_01_standard.set
2025-04-25 02:45:59,035 - ERROR - Error processing C:\Users\nikol\AppData\Roaming\MetaQuotes\Terminal\4B1CE69F577705455263BD980C39A82C\MQL5\Profiles\Tester\MelBar™Take325-™-5.5Y-NZD-USD_01_standard.set: 'SetFileOptimizer' object has no attribute 'read_set_file'
2025-04-25 02:45:59,036 - INFO - Processing Mobo-Bands-EA_01_standard.set
2025-04-25 02:45:59,037 - ERROR - Error processing C:\Users\nikol\AppData\Roaming\MetaQuotes\Terminal\4B1CE69F577705455263BD980C39A82C\MQL5\Profiles\Tester\Mobo-Bands-EA_01_standard.set: 'SetFileOptimizer' object has no attribute 'read_set_file'
2025-04-25 02:45:59,037 - INFO - Processing Mobo-Bands_01_standard.set
2025-04-25 02:45:59,038 - ERROR - Error processing C:\Users\nikol\AppData\Roaming\MetaQuotes\Terminal\4B1CE69F577705455263BD980C39A82C\MQL5\Profiles\Tester\Mobo-Bands_01_standard.set: 'SetFileOptimizer' object has no attribute 'read_set_file'
2025-04-25 02:45:59,040 - INFO - Processing Modified-Moving-Averages_01_standard.set
2025-04-25 02:45:59,041 - ERROR - Error processing C:\Users\nikol\AppData\Roaming\MetaQuotes\Terminal\4B1CE69F577705455263BD980C39A82C\MQL5\Profiles\Tester\Modified-Moving-Averages_01_standard.set: 'SetFileOptimizer' object has no attribute 'read_set_file'
2025-04-25 02:45:59,042 - INFO - Processing Momentum-M15_01_standard.set
2025-04-25 02:45:59,042 - ERROR - Error processing C:\Users\nikol\AppData\Roaming\MetaQuotes\Terminal\4B1CE69F577705455263BD980C39A82C\MQL5\Profiles\Tester\Momentum-M15_01_standard.set: 'SetFileOptimizer' object has no attribute 'read_set_file'
2025-04-25 02:45:59,043 - INFO - Processing Momo-trades_01_standard.set
2025-04-25 02:45:59,045 - ERROR - Error processing C:\Users\nikol\AppData\Roaming\MetaQuotes\Terminal\4B1CE69F577705455263BD980C39A82C\MQL5\Profiles\Tester\Momo-trades_01_standard.set: 'SetFileOptimizer' object has no attribute 'read_set_file'
2025-04-25 02:45:59,046 - INFO - Processing Money-Fixed-Margin_01_standard.set
2025-04-25 02:45:59,048 - ERROR - Error processing C:\Users\nikol\AppData\Roaming\MetaQuotes\Terminal\4B1CE69F577705455263BD980C39A82C\MQL5\Profiles\Tester\Money-Fixed-Margin_01_standard.set: 'SetFileOptimizer' object has no attribute 'read_set_file'
2025-04-25 02:45:59,049 - INFO - Processing Money-Fixed-Risk_01_standard.set
2025-04-25 02:45:59,050 - ERROR - Error processing C:\Users\nikol\AppData\Roaming\MetaQuotes\Terminal\4B1CE69F577705455263BD980C39A82C\MQL5\Profiles\Tester\Money-Fixed-Risk_01_standard.set: 'SetFileOptimizer' object has no attribute 'read_set_file'
2025-04-25 02:45:59,051 - INFO - Processing MoneyRain_01_standard.set
2025-04-25 02:45:59,052 - ERROR - Error processing C:\Users\nikol\AppData\Roaming\MetaQuotes\Terminal\4B1CE69F577705455263BD980C39A82C\MQL5\Profiles\Tester\MoneyRain_01_standard.set: 'SetFileOptimizer' object has no attribute 'read_set_file'
2025-04-25 02:45:59,053 - INFO - Processing Morning-evening-star-EA_01_standard.set
2025-04-25 02:45:59,054 - ERROR - Error processing C:\Users\nikol\AppData\Roaming\MetaQuotes\Terminal\4B1CE69F577705455263BD980C39A82C\MQL5\Profiles\Tester\Morning-evening-star-EA_01_standard.set: 'SetFileOptimizer' object has no attribute 'read_set_file'
2025-04-25 02:45:59,056 - INFO - Processing MostasHaR15-Pivot_01_standard.set
2025-04-25 02:45:59,057 - ERROR - Error processing C:\Users\nikol\AppData\Roaming\MetaQuotes\Terminal\4B1CE69F577705455263BD980C39A82C\MQL5\Profiles\Tester\MostasHaR15-Pivot_01_standard.set: 'SetFileOptimizer' object has no attribute 'read_set_file'
2025-04-25 02:45:59,058 - INFO - Processing Moving-20average-20and-20ichimoku-20EA_01_standard.set
2025-04-25 02:45:59,059 - ERROR - Error processing C:\Users\nikol\AppData\Roaming\MetaQuotes\Terminal\4B1CE69F577705455263BD980C39A82C\MQL5\Profiles\Tester\Moving-20average-20and-20ichimoku-20EA_01_standard.set: 'SetFileOptimizer' object has no attribute 'read_set_file'
2025-04-25 02:45:59,062 - INFO - Processing Moving-Average-Trade-System_01_standard.set
2025-04-25 02:45:59,063 - ERROR - Error processing C:\Users\nikol\AppData\Roaming\MetaQuotes\Terminal\4B1CE69F577705455263BD980C39A82C\MQL5\Profiles\Tester\Moving-Average-Trade-System_01_standard.set: 'SetFileOptimizer' object has no attribute 'read_set_file'
2025-04-25 02:45:59,064 - INFO - Processing Moving-Averages_01_standard.set
2025-04-25 02:45:59,065 - ERROR - Error processing C:\Users\nikol\AppData\Roaming\MetaQuotes\Terminal\4B1CE69F577705455263BD980C39A82C\MQL5\Profiles\Tester\Moving-Averages_01_standard.set: 'SetFileOptimizer' object has no attribute 'read_set_file'
2025-04-25 02:45:59,066 - INFO - Processing MovingAverageMartinGale_01_standard.set
2025-04-25 02:45:59,068 - ERROR - Error processing C:\Users\nikol\AppData\Roaming\MetaQuotes\Terminal\4B1CE69F577705455263BD980C39A82C\MQL5\Profiles\Tester\MovingAverageMartinGale_01_standard.set: 'SetFileOptimizer' object has no attribute 'read_set_file'
2025-04-25 02:45:59,070 - INFO - Processing MovingAverage_01_standard.set
2025-04-25 02:45:59,070 - ERROR - Error processing C:\Users\nikol\AppData\Roaming\MetaQuotes\Terminal\4B1CE69F577705455263BD980C39A82C\MQL5\Profiles\Tester\MovingAverage_01_standard.set: 'SetFileOptimizer' object has no attribute 'read_set_file'
2025-04-25 02:45:59,074 - INFO - Processing MQL5-Wizard-MA-RSI_01_standard.set
2025-04-25 02:45:59,076 - ERROR - Error processing C:\Users\nikol\AppData\Roaming\MetaQuotes\Terminal\4B1CE69F577705455263BD980C39A82C\MQL5\Profiles\Tester\MQL5-Wizard-MA-RSI_01_standard.set: 'SetFileOptimizer' object has no attribute 'read_set_file'
2025-04-25 02:45:59,078 - INFO - Processing MQL5-Wizard-MACD-Parabolic-SAR_01_standard.set
2025-04-25 02:45:59,080 - ERROR - Error processing C:\Users\nikol\AppData\Roaming\MetaQuotes\Terminal\4B1CE69F577705455263BD980C39A82C\MQL5\Profiles\Tester\MQL5-Wizard-MACD-Parabolic-SAR_01_standard.set: 'SetFileOptimizer' object has no attribute 'read_set_file'
2025-04-25 02:45:59,082 - INFO - Processing MT45_01_standard.set
2025-04-25 02:45:59,083 - ERROR - Error processing C:\Users\nikol\AppData\Roaming\MetaQuotes\Terminal\4B1CE69F577705455263BD980C39A82C\MQL5\Profiles\Tester\MT45_01_standard.set: 'SetFileOptimizer' object has no attribute 'read_set_file'
2025-04-25 02:45:59,084 - INFO - Processing MT5-CoupleHedgeEA_01_standard.set
2025-04-25 02:45:59,085 - ERROR - Error processing C:\Users\nikol\AppData\Roaming\MetaQuotes\Terminal\4B1CE69F577705455263BD980C39A82C\MQL5\Profiles\Tester\MT5-CoupleHedgeEA_01_standard.set: 'SetFileOptimizer' object has no attribute 'read_set_file'
2025-04-25 02:45:59,086 - INFO - Processing MT5-RingSystemEA_01_standard.set
2025-04-25 02:45:59,088 - ERROR - Error processing C:\Users\nikol\AppData\Roaming\MetaQuotes\Terminal\4B1CE69F577705455263BD980C39A82C\MQL5\Profiles\Tester\MT5-RingSystemEA_01_standard.set: 'SetFileOptimizer' object has no attribute 'read_set_file'
2025-04-25 02:45:59,090 - INFO - Processing Mt5-williams-directional-index-EA_01_standard.set
2025-04-25 02:45:59,091 - ERROR - Error processing C:\Users\nikol\AppData\Roaming\MetaQuotes\Terminal\4B1CE69F577705455263BD980C39A82C\MQL5\Profiles\Tester\Mt5-williams-directional-index-EA_01_standard.set: 'SetFileOptimizer' object has no attribute 'read_set_file'
2025-04-25 02:45:59,092 - INFO - Processing MTC-Сombo_01_standard.set
2025-04-25 02:45:59,093 - ERROR - Error processing C:\Users\nikol\AppData\Roaming\MetaQuotes\Terminal\4B1CE69F577705455263BD980C39A82C\MQL5\Profiles\Tester\MTC-Сombo_01_standard.set: 'SetFileOptimizer' object has no attribute 'read_set_file'
2025-04-25 02:45:59,095 - INFO - Processing Multi-Stochastic_01_standard.set
2025-04-25 02:45:59,097 - ERROR - Error processing C:\Users\nikol\AppData\Roaming\MetaQuotes\Terminal\4B1CE69F577705455263BD980C39A82C\MQL5\Profiles\Tester\Multi-Stochastic_01_standard.set: 'SetFileOptimizer' object has no attribute 'read_set_file'
2025-04-25 02:45:59,098 - INFO - Processing MultiMartin_01_standard.set
2025-04-25 02:45:59,099 - ERROR - Error processing C:\Users\nikol\AppData\Roaming\MetaQuotes\Terminal\4B1CE69F577705455263BD980C39A82C\MQL5\Profiles\Tester\MultiMartin_01_standard.set: 'SetFileOptimizer' object has no attribute 'read_set_file'
2025-04-25 02:45:59,100 - INFO - Processing MySystem_01_standard.set
2025-04-25 02:45:59,101 - ERROR - Error processing C:\Users\nikol\AppData\Roaming\MetaQuotes\Terminal\4B1CE69F577705455263BD980C39A82C\MQL5\Profiles\Tester\MySystem_01_standard.set: 'SetFileOptimizer' object has no attribute 'read_set_file'
2025-04-25 02:45:59,104 - INFO - Processing N Candles v2_01_standard.set
2025-04-25 02:45:59,105 - ERROR - Error processing C:\Users\nikol\AppData\Roaming\MetaQuotes\Terminal\4B1CE69F577705455263BD980C39A82C\MQL5\Profiles\Tester\N Candles v2_01_standard.set: 'SetFileOptimizer' object has no attribute 'read_set_file'
2025-04-25 02:45:59,106 - INFO - Processing N Candles v3_01_standard.set
2025-04-25 02:45:59,107 - ERROR - Error processing C:\Users\nikol\AppData\Roaming\MetaQuotes\Terminal\4B1CE69F577705455263BD980C39A82C\MQL5\Profiles\Tester\N Candles v3_01_standard.set: 'SetFileOptimizer' object has no attribute 'read_set_file'
2025-04-25 02:45:59,108 - INFO - Processing N Candles v4_01_standard.set
2025-04-25 02:45:59,111 - ERROR - Error processing C:\Users\nikol\AppData\Roaming\MetaQuotes\Terminal\4B1CE69F577705455263BD980C39A82C\MQL5\Profiles\Tester\N Candles v4_01_standard.set: 'SetFileOptimizer' object has no attribute 'read_set_file'
2025-04-25 02:45:59,113 - INFO - Processing N Candles v5_01_standard.set
2025-04-25 02:45:59,114 - ERROR - Error processing C:\Users\nikol\AppData\Roaming\MetaQuotes\Terminal\4B1CE69F577705455263BD980C39A82C\MQL5\Profiles\Tester\N Candles v5_01_standard.set: 'SetFileOptimizer' object has no attribute 'read_set_file'
2025-04-25 02:45:59,115 - INFO - Processing N-Candles_01_standard.set
2025-04-25 02:45:59,117 - ERROR - Error processing C:\Users\nikol\AppData\Roaming\MetaQuotes\Terminal\4B1CE69F577705455263BD980C39A82C\MQL5\Profiles\Tester\N-Candles_01_standard.set: 'SetFileOptimizer' object has no attribute 'read_set_file'
2025-04-25 02:45:59,118 - INFO - Processing N-_Candles_v7_01_standard.set
2025-04-25 02:45:59,120 - ERROR - Error processing C:\Users\nikol\AppData\Roaming\MetaQuotes\Terminal\4B1CE69F577705455263BD980C39A82C\MQL5\Profiles\Tester\N-_Candles_v7_01_standard.set: 'SetFileOptimizer' object has no attribute 'read_set_file'
2025-04-25 02:45:59,121 - INFO - Processing Nevalyashka-BreakdownLevel_01_standard.set
2025-04-25 02:45:59,122 - ERROR - Error processing C:\Users\nikol\AppData\Roaming\MetaQuotes\Terminal\4B1CE69F577705455263BD980C39A82C\MQL5\Profiles\Tester\Nevalyashka-BreakdownLevel_01_standard.set: 'SetFileOptimizer' object has no attribute 'read_set_file'
2025-04-25 02:45:59,123 - INFO - Processing Nevalyashka3-1_01_standard.set
2025-04-25 02:45:59,125 - ERROR - Error processing C:\Users\nikol\AppData\Roaming\MetaQuotes\Terminal\4B1CE69F577705455263BD980C39A82C\MQL5\Profiles\Tester\Nevalyashka3-1_01_standard.set: 'SetFileOptimizer' object has no attribute 'read_set_file'
2025-04-25 02:45:59,126 - INFO - Processing Nevalyashka_01_standard.set
2025-04-25 02:45:59,127 - ERROR - Error processing C:\Users\nikol\AppData\Roaming\MetaQuotes\Terminal\4B1CE69F577705455263BD980C39A82C\MQL5\Profiles\Tester\Nevalyashka_01_standard.set: 'SetFileOptimizer' object has no attribute 'read_set_file'
2025-04-25 02:45:59,128 - INFO - Processing New-Martin_01_standard.set
2025-04-25 02:45:59,130 - ERROR - Error processing C:\Users\nikol\AppData\Roaming\MetaQuotes\Terminal\4B1CE69F577705455263BD980C39A82C\MQL5\Profiles\Tester\New-Martin_01_standard.set: 'SetFileOptimizer' object has no attribute 'read_set_file'
2025-04-25 02:45:59,132 - INFO - Processing New-Random_01_standard.set
2025-04-25 02:45:59,133 - ERROR - Error processing C:\Users\nikol\AppData\Roaming\MetaQuotes\Terminal\4B1CE69F577705455263BD980C39A82C\MQL5\Profiles\Tester\New-Random_01_standard.set: 'SetFileOptimizer' object has no attribute 'read_set_file'
2025-04-25 02:45:59,134 - INFO - Processing Nextbar_01_standard.set
2025-04-25 02:45:59,135 - ERROR - Error processing C:\Users\nikol\AppData\Roaming\MetaQuotes\Terminal\4B1CE69F577705455263BD980C39A82C\MQL5\Profiles\Tester\Nextbar_01_standard.set: 'SetFileOptimizer' object has no attribute 'read_set_file'
2025-04-25 02:45:59,136 - INFO - Processing Night-Flat-Trade_01_standard.set
2025-04-25 02:45:59,137 - ERROR - Error processing C:\Users\nikol\AppData\Roaming\MetaQuotes\Terminal\4B1CE69F577705455263BD980C39A82C\MQL5\Profiles\Tester\Night-Flat-Trade_01_standard.set: 'SetFileOptimizer' object has no attribute 'read_set_file'
2025-04-25 02:45:59,139 - INFO - Processing NightScalper_01_standard.set
2025-04-25 02:45:59,140 - ERROR - Error processing C:\Users\nikol\AppData\Roaming\MetaQuotes\Terminal\4B1CE69F577705455263BD980C39A82C\MQL5\Profiles\Tester\NightScalper_01_standard.set: 'SetFileOptimizer' object has no attribute 'read_set_file'
2025-04-25 02:45:59,141 - INFO - Processing NRTR-Revers_01_standard.set
2025-04-25 02:45:59,142 - ERROR - Error processing C:\Users\nikol\AppData\Roaming\MetaQuotes\Terminal\4B1CE69F577705455263BD980C39A82C\MQL5\Profiles\Tester\NRTR-Revers_01_standard.set: 'SetFileOptimizer' object has no attribute 'read_set_file'
2025-04-25 02:45:59,143 - INFO - Processing NUp1Down_01_standard.set
2025-04-25 02:45:59,144 - ERROR - Error processing C:\Users\nikol\AppData\Roaming\MetaQuotes\Terminal\4B1CE69F577705455263BD980C39A82C\MQL5\Profiles\Tester\NUp1Down_01_standard.set: 'SetFileOptimizer' object has no attribute 'read_set_file'
2025-04-25 02:45:59,145 - INFO - Processing Open-Candle-EA_01_standard.set
2025-04-25 02:45:59,146 - ERROR - Error processing C:\Users\nikol\AppData\Roaming\MetaQuotes\Terminal\4B1CE69F577705455263BD980C39A82C\MQL5\Profiles\Tester\Open-Candle-EA_01_standard.set: 'SetFileOptimizer' object has no attribute 'read_set_file'
2025-04-25 02:45:59,148 - INFO - Processing Open-Close_01_standard.set
2025-04-25 02:45:59,149 - ERROR - Error processing C:\Users\nikol\AppData\Roaming\MetaQuotes\Terminal\4B1CE69F577705455263BD980C39A82C\MQL5\Profiles\Tester\Open-Close_01_standard.set: 'SetFileOptimizer' object has no attribute 'read_set_file'
2025-04-25 02:45:59,150 - INFO - Processing Opening-and-ilosing-on-time_01_standard.set
2025-04-25 02:45:59,151 - ERROR - Error processing C:\Users\nikol\AppData\Roaming\MetaQuotes\Terminal\4B1CE69F577705455263BD980C39A82C\MQL5\Profiles\Tester\Opening-and-ilosing-on-time_01_standard.set: 'SetFileOptimizer' object has no attribute 'read_set_file'
2025-04-25 02:45:59,152 - INFO - Processing Opening-and-Сlosing-on-time_01_standard.set
2025-04-25 02:45:59,153 - ERROR - Error processing C:\Users\nikol\AppData\Roaming\MetaQuotes\Terminal\4B1CE69F577705455263BD980C39A82C\MQL5\Profiles\Tester\Opening-and-Сlosing-on-time_01_standard.set: 'SetFileOptimizer' object has no attribute 'read_set_file'
2025-04-25 02:45:59,154 - INFO - Processing OpenPendingorderAfterPositionGetStopLoss_01_standard.set
2025-04-25 02:45:59,155 - ERROR - Error processing C:\Users\nikol\AppData\Roaming\MetaQuotes\Terminal\4B1CE69F577705455263BD980C39A82C\MQL5\Profiles\Tester\OpenPendingorderAfterPositionGetStopLoss_01_standard.set: 'SetFileOptimizer' object has no attribute 'read_set_file'
2025-04-25 02:45:59,156 - INFO - Processing OpenTicks_01_standard.set
2025-04-25 02:45:59,157 - ERROR - Error processing C:\Users\nikol\AppData\Roaming\MetaQuotes\Terminal\4B1CE69F577705455263BD980C39A82C\MQL5\Profiles\Tester\OpenTicks_01_standard.set: 'SetFileOptimizer' object has no attribute 'read_set_file'
2025-04-25 02:45:59,158 - INFO - Processing ORB-EA-BOX_01_standard.set
2025-04-25 02:45:59,159 - ERROR - Error processing C:\Users\nikol\AppData\Roaming\MetaQuotes\Terminal\4B1CE69F577705455263BD980C39A82C\MQL5\Profiles\Tester\ORB-EA-BOX_01_standard.set: 'SetFileOptimizer' object has no attribute 'read_set_file'
2025-04-25 02:45:59,160 - INFO - Processing OsMaSter_01_standard.set
2025-04-25 02:45:59,160 - ERROR - Error processing C:\Users\nikol\AppData\Roaming\MetaQuotes\Terminal\4B1CE69F577705455263BD980C39A82C\MQL5\Profiles\Tester\OsMaSter_01_standard.set: 'SetFileOptimizer' object has no attribute 'read_set_file'
2025-04-25 02:45:59,162 - INFO - Processing OTT-20AND-20PRICE-20CROSS-20EA_01_standard.set
2025-04-25 02:45:59,163 - ERROR - Error processing C:\Users\nikol\AppData\Roaming\MetaQuotes\Terminal\4B1CE69F577705455263BD980C39A82C\MQL5\Profiles\Tester\OTT-20AND-20PRICE-20CROSS-20EA_01_standard.set: 'SetFileOptimizer' object has no attribute 'read_set_file'
2025-04-25 02:45:59,166 - INFO - Processing OverHedge_01_standard.set
2025-04-25 02:45:59,166 - ERROR - Error processing C:\Users\nikol\AppData\Roaming\MetaQuotes\Terminal\4B1CE69F577705455263BD980C39A82C\MQL5\Profiles\Tester\OverHedge_01_standard.set: 'SetFileOptimizer' object has no attribute 'read_set_file'
2025-04-25 02:45:59,167 - INFO - Processing OzFx_01_standard.set
2025-04-25 02:45:59,168 - ERROR - Error processing C:\Users\nikol\AppData\Roaming\MetaQuotes\Terminal\4B1CE69F577705455263BD980C39A82C\MQL5\Profiles\Tester\OzFx_01_standard.set: 'SetFileOptimizer' object has no attribute 'read_set_file'
2025-04-25 02:45:59,169 - INFO - Processing Parabolic-SAR_01_standard.set
2025-04-25 02:45:59,170 - ERROR - Error processing C:\Users\nikol\AppData\Roaming\MetaQuotes\Terminal\4B1CE69F577705455263BD980C39A82C\MQL5\Profiles\Tester\Parabolic-SAR_01_standard.set: 'SetFileOptimizer' object has no attribute 'read_set_file'
2025-04-25 02:45:59,171 - INFO - Processing PARSI-EA_01_standard.set
2025-04-25 02:45:59,172 - ERROR - Error processing C:\Users\nikol\AppData\Roaming\MetaQuotes\Terminal\4B1CE69F577705455263BD980C39A82C\MQL5\Profiles\Tester\PARSI-EA_01_standard.set: 'SetFileOptimizer' object has no attribute 'read_set_file'
2025-04-25 02:45:59,173 - INFO - Processing Peceptron-Mult_01_standard.set
2025-04-25 02:45:59,173 - ERROR - Error processing C:\Users\nikol\AppData\Roaming\MetaQuotes\Terminal\4B1CE69F577705455263BD980C39A82C\MQL5\Profiles\Tester\Peceptron-Mult_01_standard.set: 'SetFileOptimizer' object has no attribute 'read_set_file'
2025-04-25 02:45:59,174 - INFO - Processing Pending-orders-by-time-2_01_standard.set
2025-04-25 02:45:59,175 - ERROR - Error processing C:\Users\nikol\AppData\Roaming\MetaQuotes\Terminal\4B1CE69F577705455263BD980C39A82C\MQL5\Profiles\Tester\Pending-orders-by-time-2_01_standard.set: 'SetFileOptimizer' object has no attribute 'read_set_file'
2025-04-25 02:45:59,176 - INFO - Processing Pending-orders-by-time_01_standard.set
2025-04-25 02:45:59,177 - ERROR - Error processing C:\Users\nikol\AppData\Roaming\MetaQuotes\Terminal\4B1CE69F577705455263BD980C39A82C\MQL5\Profiles\Tester\Pending-orders-by-time_01_standard.set: 'SetFileOptimizer' object has no attribute 'read_set_file'
2025-04-25 02:45:59,178 - INFO - Processing Pendulum_01_standard.set
2025-04-25 02:45:59,179 - ERROR - Error processing C:\Users\nikol\AppData\Roaming\MetaQuotes\Terminal\4B1CE69F577705455263BD980C39A82C\MQL5\Profiles\Tester\Pendulum_01_standard.set: 'SetFileOptimizer' object has no attribute 'read_set_file'
2025-04-25 02:45:59,180 - INFO - Processing Pinball-machine_01_standard.set
2025-04-25 02:45:59,181 - ERROR - Error processing C:\Users\nikol\AppData\Roaming\MetaQuotes\Terminal\4B1CE69F577705455263BD980C39A82C\MQL5\Profiles\Tester\Pinball-machine_01_standard.set: 'SetFileOptimizer' object has no attribute 'read_set_file'
2025-04-25 02:45:59,182 - INFO - Processing Pinbar-Magic-EA_01_standard.set
2025-04-25 02:45:59,183 - ERROR - Error processing C:\Users\nikol\AppData\Roaming\MetaQuotes\Terminal\4B1CE69F577705455263BD980C39A82C\MQL5\Profiles\Tester\Pinbar-Magic-EA_01_standard.set: 'SetFileOptimizer' object has no attribute 'read_set_file'
2025-04-25 02:45:59,184 - INFO - Processing PinBar-Magic-Indicator_01_standard.set
2025-04-25 02:45:59,185 - ERROR - Error processing C:\Users\nikol\AppData\Roaming\MetaQuotes\Terminal\4B1CE69F577705455263BD980C39A82C\MQL5\Profiles\Tester\PinBar-Magic-Indicator_01_standard.set: 'SetFileOptimizer' object has no attribute 'read_set_file'
2025-04-25 02:45:59,186 - INFO - Processing Pipsover_01_standard.set
2025-04-25 02:45:59,187 - ERROR - Error processing C:\Users\nikol\AppData\Roaming\MetaQuotes\Terminal\4B1CE69F577705455263BD980C39A82C\MQL5\Profiles\Tester\Pipsover_01_standard.set: 'SetFileOptimizer' object has no attribute 'read_set_file'
2025-04-25 02:45:59,188 - INFO - Processing Plan-X_01_standard.set
2025-04-25 02:45:59,189 - ERROR - Error processing C:\Users\nikol\AppData\Roaming\MetaQuotes\Terminal\4B1CE69F577705455263BD980C39A82C\MQL5\Profiles\Tester\Plan-X_01_standard.set: 'SetFileOptimizer' object has no attribute 'read_set_file'
2025-04-25 02:45:59,190 - INFO - Processing Plateau_01_standard.set
2025-04-25 02:45:59,191 - ERROR - Error processing C:\Users\nikol\AppData\Roaming\MetaQuotes\Terminal\4B1CE69F577705455263BD980C39A82C\MQL5\Profiles\Tester\Plateau_01_standard.set: 'SetFileOptimizer' object has no attribute 'read_set_file'
2025-04-25 02:45:59,192 - INFO - Processing Poker-SHOW_01_standard.set
2025-04-25 02:45:59,193 - ERROR - Error processing C:\Users\nikol\AppData\Roaming\MetaQuotes\Terminal\4B1CE69F577705455263BD980C39A82C\MQL5\Profiles\Tester\Poker-SHOW_01_standard.set: 'SetFileOptimizer' object has no attribute 'read_set_file'
2025-04-25 02:45:59,198 - INFO - Processing Precipice-MartIn_01_standard.set
2025-04-25 02:45:59,199 - ERROR - Error processing C:\Users\nikol\AppData\Roaming\MetaQuotes\Terminal\4B1CE69F577705455263BD980C39A82C\MQL5\Profiles\Tester\Precipice-MartIn_01_standard.set: 'SetFileOptimizer' object has no attribute 'read_set_file'
2025-04-25 02:45:59,200 - INFO - Processing Precipice_01_standard.set
2025-04-25 02:45:59,201 - ERROR - Error processing C:\Users\nikol\AppData\Roaming\MetaQuotes\Terminal\4B1CE69F577705455263BD980C39A82C\MQL5\Profiles\Tester\Precipice_01_standard.set: 'SetFileOptimizer' object has no attribute 'read_set_file'
2025-04-25 02:45:59,202 - INFO - Processing Probe_01_standard.set
2025-04-25 02:45:59,202 - ERROR - Error processing C:\Users\nikol\AppData\Roaming\MetaQuotes\Terminal\4B1CE69F577705455263BD980C39A82C\MQL5\Profiles\Tester\Probe_01_standard.set: 'SetFileOptimizer' object has no attribute 'read_set_file'
2025-04-25 02:45:59,203 - INFO - Processing Proffessor_01_standard.set
2025-04-25 02:45:59,204 - ERROR - Error processing C:\Users\nikol\AppData\Roaming\MetaQuotes\Terminal\4B1CE69F577705455263BD980C39A82C\MQL5\Profiles\Tester\Proffessor_01_standard.set: 'SetFileOptimizer' object has no attribute 'read_set_file'
2025-04-25 02:45:59,205 - INFO - Processing PropFirmHelper_01_standard.set
2025-04-25 02:45:59,206 - ERROR - Error processing C:\Users\nikol\AppData\Roaming\MetaQuotes\Terminal\4B1CE69F577705455263BD980C39A82C\MQL5\Profiles\Tester\PropFirmHelper_01_standard.set: 'SetFileOptimizer' object has no attribute 'read_set_file'
2025-04-25 02:45:59,207 - INFO - Processing PROphet_01_standard.set
2025-04-25 02:45:59,207 - ERROR - Error processing C:\Users\nikol\AppData\Roaming\MetaQuotes\Terminal\4B1CE69F577705455263BD980C39A82C\MQL5\Profiles\Tester\PROphet_01_standard.set: 'SetFileOptimizer' object has no attribute 'read_set_file'
2025-04-25 02:45:59,208 - INFO - Processing Puria-method_01_standard.set
2025-04-25 02:45:59,209 - ERROR - Error processing C:\Users\nikol\AppData\Roaming\MetaQuotes\Terminal\4B1CE69F577705455263BD980C39A82C\MQL5\Profiles\Tester\Puria-method_01_standard.set: 'SetFileOptimizer' object has no attribute 'read_set_file'
2025-04-25 02:45:59,211 - INFO - Processing Rabbit3_01_standard.set
2025-04-25 02:45:59,211 - ERROR - Error processing C:\Users\nikol\AppData\Roaming\MetaQuotes\Terminal\4B1CE69F577705455263BD980C39A82C\MQL5\Profiles\Tester\Rabbit3_01_standard.set: 'SetFileOptimizer' object has no attribute 'read_set_file'
2025-04-25 02:45:59,212 - INFO - Processing Range-Breakout_01_standard.set
2025-04-25 02:45:59,213 - ERROR - Error processing C:\Users\nikol\AppData\Roaming\MetaQuotes\Terminal\4B1CE69F577705455263BD980C39A82C\MQL5\Profiles\Tester\Range-Breakout_01_standard.set: 'SetFileOptimizer' object has no attribute 'read_set_file'
2025-04-25 02:45:59,214 - INFO - Processing Rapid-Doji-EA_01_standard.set
2025-04-25 02:45:59,215 - ERROR - Error processing C:\Users\nikol\AppData\Roaming\MetaQuotes\Terminal\4B1CE69F577705455263BD980C39A82C\MQL5\Profiles\Tester\Rapid-Doji-EA_01_standard.set: 'SetFileOptimizer' object has no attribute 'read_set_file'
2025-04-25 02:45:59,216 - INFO - Processing Raymond-Cloudy-Day-for-EA_01_standard.set
2025-04-25 02:45:59,216 - ERROR - Error processing C:\Users\nikol\AppData\Roaming\MetaQuotes\Terminal\4B1CE69F577705455263BD980C39A82C\MQL5\Profiles\Tester\Raymond-Cloudy-Day-for-EA_01_standard.set: 'SetFileOptimizer' object has no attribute 'read_set_file'
2025-04-25 02:45:59,218 - INFO - Processing Reflex-EA_01_standard.set
2025-04-25 02:45:59,218 - ERROR - Error processing C:\Users\nikol\AppData\Roaming\MetaQuotes\Terminal\4B1CE69F577705455263BD980C39A82C\MQL5\Profiles\Tester\Reflex-EA_01_standard.set: 'SetFileOptimizer' object has no attribute 'read_set_file'
2025-04-25 02:45:59,220 - INFO - Processing REFLEX-INDICATOR_01_standard.set
2025-04-25 02:45:59,221 - ERROR - Error processing C:\Users\nikol\AppData\Roaming\MetaQuotes\Terminal\4B1CE69F577705455263BD980C39A82C\MQL5\Profiles\Tester\REFLEX-INDICATOR_01_standard.set: 'SetFileOptimizer' object has no attribute 'read_set_file'
2025-04-25 02:45:59,222 - INFO - Processing Reflex_01_standard.set
2025-04-25 02:45:59,222 - ERROR - Error processing C:\Users\nikol\AppData\Roaming\MetaQuotes\Terminal\4B1CE69F577705455263BD980C39A82C\MQL5\Profiles\Tester\Reflex_01_standard.set: 'SetFileOptimizer' object has no attribute 'read_set_file'
2025-04-25 02:45:59,223 - INFO - Processing Reversing-Martingale_01_standard.set
2025-04-25 02:45:59,224 - ERROR - Error processing C:\Users\nikol\AppData\Roaming\MetaQuotes\Terminal\4B1CE69F577705455263BD980C39A82C\MQL5\Profiles\Tester\Reversing-Martingale_01_standard.set: 'SetFileOptimizer' object has no attribute 'read_set_file'
2025-04-25 02:45:59,225 - INFO - Processing RideAlligator_01_standard.set
2025-04-25 02:45:59,226 - ERROR - Error processing C:\Users\nikol\AppData\Roaming\MetaQuotes\Terminal\4B1CE69F577705455263BD980C39A82C\MQL5\Profiles\Tester\RideAlligator_01_standard.set: 'SetFileOptimizer' object has no attribute 'read_set_file'
2025-04-25 02:45:59,228 - INFO - Processing RNN_01_standard.set
2025-04-25 02:45:59,229 - ERROR - Error processing C:\Users\nikol\AppData\Roaming\MetaQuotes\Terminal\4B1CE69F577705455263BD980C39A82C\MQL5\Profiles\Tester\RNN_01_standard.set: 'SetFileOptimizer' object has no attribute 'read_set_file'
2025-04-25 02:45:59,231 - INFO - Processing Robot-MACD_01_standard.set
2025-04-25 02:45:59,232 - ERROR - Error processing C:\Users\nikol\AppData\Roaming\MetaQuotes\Terminal\4B1CE69F577705455263BD980C39A82C\MQL5\Profiles\Tester\Robot-MACD_01_standard.set: 'SetFileOptimizer' object has no attribute 'read_set_file'
2025-04-25 02:45:59,236 - INFO - Processing RobotPowerM5-meta4_01_standard.set
2025-04-25 02:45:59,237 - ERROR - Error processing C:\Users\nikol\AppData\Roaming\MetaQuotes\Terminal\4B1CE69F577705455263BD980C39A82C\MQL5\Profiles\Tester\RobotPowerM5-meta4_01_standard.set: 'SetFileOptimizer' object has no attribute 'read_set_file'
2025-04-25 02:45:59,237 - INFO - Processing Rollback-system_01_standard.set
2025-04-25 02:45:59,238 - ERROR - Error processing C:\Users\nikol\AppData\Roaming\MetaQuotes\Terminal\4B1CE69F577705455263BD980C39A82C\MQL5\Profiles\Tester\Rollback-system_01_standard.set: 'SetFileOptimizer' object has no attribute 'read_set_file'
2025-04-25 02:45:59,239 - INFO - Processing RSI EA v2_01_standard.set
2025-04-25 02:45:59,240 - ERROR - Error processing C:\Users\nikol\AppData\Roaming\MetaQuotes\Terminal\4B1CE69F577705455263BD980C39A82C\MQL5\Profiles\Tester\RSI EA v2_01_standard.set: 'SetFileOptimizer' object has no attribute 'read_set_file'
2025-04-25 02:45:59,241 - INFO - Processing RSI-and-Bollinger-Bands_01_standard.set
2025-04-25 02:45:59,243 - ERROR - Error processing C:\Users\nikol\AppData\Roaming\MetaQuotes\Terminal\4B1CE69F577705455263BD980C39A82C\MQL5\Profiles\Tester\RSI-and-Bollinger-Bands_01_standard.set: 'SetFileOptimizer' object has no attribute 'read_set_file'
2025-04-25 02:45:59,244 - INFO - Processing RSI-Arrow-EA_01_standard.set
2025-04-25 02:45:59,245 - ERROR - Error processing C:\Users\nikol\AppData\Roaming\MetaQuotes\Terminal\4B1CE69F577705455263BD980C39A82C\MQL5\Profiles\Tester\RSI-Arrow-EA_01_standard.set: 'SetFileOptimizer' object has no attribute 'read_set_file'
2025-04-25 02:45:59,246 - INFO - Processing RSI-Arrow_01_standard.set
2025-04-25 02:45:59,247 - ERROR - Error processing C:\Users\nikol\AppData\Roaming\MetaQuotes\Terminal\4B1CE69F577705455263BD980C39A82C\MQL5\Profiles\Tester\RSI-Arrow_01_standard.set: 'SetFileOptimizer' object has no attribute 'read_set_file'
2025-04-25 02:45:59,248 - INFO - Processing RSI-EA_01_standard.set
2025-04-25 02:45:59,250 - ERROR - Error processing C:\Users\nikol\AppData\Roaming\MetaQuotes\Terminal\4B1CE69F577705455263BD980C39A82C\MQL5\Profiles\Tester\RSI-EA_01_standard.set: 'SetFileOptimizer' object has no attribute 'read_set_file'
2025-04-25 02:45:59,251 - INFO - Processing RSI-Eraser_01_standard.set
2025-04-25 02:45:59,252 - ERROR - Error processing C:\Users\nikol\AppData\Roaming\MetaQuotes\Terminal\4B1CE69F577705455263BD980C39A82C\MQL5\Profiles\Tester\RSI-Eraser_01_standard.set: 'SetFileOptimizer' object has no attribute 'read_set_file'
2025-04-25 02:45:59,252 - INFO - Processing RSI-Expert_01_standard.set
2025-04-25 02:45:59,253 - ERROR - Error processing C:\Users\nikol\AppData\Roaming\MetaQuotes\Terminal\4B1CE69F577705455263BD980C39A82C\MQL5\Profiles\Tester\RSI-Expert_01_standard.set: 'SetFileOptimizer' object has no attribute 'read_set_file'
2025-04-25 02:45:59,254 - INFO - Processing RSI-Levels_01_standard.set
2025-04-25 02:45:59,255 - ERROR - Error processing C:\Users\nikol\AppData\Roaming\MetaQuotes\Terminal\4B1CE69F577705455263BD980C39A82C\MQL5\Profiles\Tester\RSI-Levels_01_standard.set: 'SetFileOptimizer' object has no attribute 'read_set_file'
2025-04-25 02:45:59,256 - INFO - Processing RSI-trader_01_standard.set
2025-04-25 02:45:59,257 - ERROR - Error processing C:\Users\nikol\AppData\Roaming\MetaQuotes\Terminal\4B1CE69F577705455263BD980C39A82C\MQL5\Profiles\Tester\RSI-trader_01_standard.set: 'SetFileOptimizer' object has no attribute 'read_set_file'
2025-04-25 02:45:59,258 - INFO - Processing RSI-Trend-EA_01_standard.set
2025-04-25 02:45:59,259 - ERROR - Error processing C:\Users\nikol\AppData\Roaming\MetaQuotes\Terminal\4B1CE69F577705455263BD980C39A82C\MQL5\Profiles\Tester\RSI-Trend-EA_01_standard.set: 'SetFileOptimizer' object has no attribute 'read_set_file'
2025-04-25 02:45:59,259 - INFO - Processing RSI-Trend_01_standard.set
2025-04-25 02:45:59,260 - ERROR - Error processing C:\Users\nikol\AppData\Roaming\MetaQuotes\Terminal\4B1CE69F577705455263BD980C39A82C\MQL5\Profiles\Tester\RSI-Trend_01_standard.set: 'SetFileOptimizer' object has no attribute 'read_set_file'
2025-04-25 02:45:59,261 - INFO - Processing RSI-with-channels-EA_01_standard.set
2025-04-25 02:45:59,263 - ERROR - Error processing C:\Users\nikol\AppData\Roaming\MetaQuotes\Terminal\4B1CE69F577705455263BD980C39A82C\MQL5\Profiles\Tester\RSI-with-channels-EA_01_standard.set: 'SetFileOptimizer' object has no attribute 'read_set_file'
2025-04-25 02:45:59,264 - INFO - Processing RSI-with-channels_01_standard.set
2025-04-25 02:45:59,265 - ERROR - Error processing C:\Users\nikol\AppData\Roaming\MetaQuotes\Terminal\4B1CE69F577705455263BD980C39A82C\MQL5\Profiles\Tester\RSI-with-channels_01_standard.set: 'SetFileOptimizer' object has no attribute 'read_set_file'
2025-04-25 02:45:59,266 - INFO - Processing RSI_Expert_v2.0_01_standard.set
2025-04-25 02:45:59,266 - ERROR - Error processing C:\Users\nikol\AppData\Roaming\MetaQuotes\Terminal\4B1CE69F577705455263BD980C39A82C\MQL5\Profiles\Tester\RSI_Expert_v2.0_01_standard.set: 'SetFileOptimizer' object has no attribute 'read_set_file'
2025-04-25 02:45:59,267 - INFO - Processing Russian20-hp1_01_standard.set
2025-04-25 02:45:59,268 - ERROR - Error processing C:\Users\nikol\AppData\Roaming\MetaQuotes\Terminal\4B1CE69F577705455263BD980C39A82C\MQL5\Profiles\Tester\Russian20-hp1_01_standard.set: 'SetFileOptimizer' object has no attribute 'read_set_file'
2025-04-25 02:45:59,269 - INFO - Processing SampleCheckPendingOrder_01_standard.set
2025-04-25 02:45:59,270 - ERROR - Error processing C:\Users\nikol\AppData\Roaming\MetaQuotes\Terminal\4B1CE69F577705455263BD980C39A82C\MQL5\Profiles\Tester\SampleCheckPendingOrder_01_standard.set: 'SetFileOptimizer' object has no attribute 'read_set_file'
2025-04-25 02:45:59,271 - INFO - Processing SampleTrailingstop-MT5_01_standard.set
2025-04-25 02:45:59,272 - ERROR - Error processing C:\Users\nikol\AppData\Roaming\MetaQuotes\Terminal\4B1CE69F577705455263BD980C39A82C\MQL5\Profiles\Tester\SampleTrailingstop-MT5_01_standard.set: 'SetFileOptimizer' object has no attribute 'read_set_file'
2025-04-25 02:45:59,273 - INFO - Processing SAR-trading_01_standard.set
2025-04-25 02:45:59,273 - ERROR - Error processing C:\Users\nikol\AppData\Roaming\MetaQuotes\Terminal\4B1CE69F577705455263BD980C39A82C\MQL5\Profiles\Tester\SAR-trading_01_standard.set: 'SetFileOptimizer' object has no attribute 'read_set_file'
2025-04-25 02:45:59,274 - INFO - Processing Secwenta_01_standard.set
2025-04-25 02:45:59,276 - ERROR - Error processing C:\Users\nikol\AppData\Roaming\MetaQuotes\Terminal\4B1CE69F577705455263BD980C39A82C\MQL5\Profiles\Tester\Secwenta_01_standard.set: 'SetFileOptimizer' object has no attribute 'read_set_file'
2025-04-25 02:45:59,277 - INFO - Processing Sell-Stop_01_standard.set
2025-04-25 02:45:59,278 - ERROR - Error processing C:\Users\nikol\AppData\Roaming\MetaQuotes\Terminal\4B1CE69F577705455263BD980C39A82C\MQL5\Profiles\Tester\Sell-Stop_01_standard.set: 'SetFileOptimizer' object has no attribute 'read_set_file'
2025-04-25 02:45:59,279 - INFO - Processing Sensitive_01_standard.set
2025-04-25 02:45:59,280 - ERROR - Error processing C:\Users\nikol\AppData\Roaming\MetaQuotes\Terminal\4B1CE69F577705455263BD980C39A82C\MQL5\Profiles\Tester\Sensitive_01_standard.set: 'SetFileOptimizer' object has no attribute 'read_set_file'
2025-04-25 02:45:59,281 - INFO - Processing Separate-trade_01_standard.set
2025-04-25 02:45:59,282 - ERROR - Error processing C:\Users\nikol\AppData\Roaming\MetaQuotes\Terminal\4B1CE69F577705455263BD980C39A82C\MQL5\Profiles\Tester\Separate-trade_01_standard.set: 'SetFileOptimizer' object has no attribute 'read_set_file'
2025-04-25 02:45:59,283 - INFO - Processing SilverTrend_01_standard.set
2025-04-25 02:45:59,284 - ERROR - Error processing C:\Users\nikol\AppData\Roaming\MetaQuotes\Terminal\4B1CE69F577705455263BD980C39A82C\MQL5\Profiles\Tester\SilverTrend_01_standard.set: 'SetFileOptimizer' object has no attribute 'read_set_file'
2025-04-25 02:45:59,285 - INFO - Processing Simple-20Price-20Alert-20-20EA_01_standard.set
2025-04-25 02:45:59,286 - ERROR - Error processing C:\Users\nikol\AppData\Roaming\MetaQuotes\Terminal\4B1CE69F577705455263BD980C39A82C\MQL5\Profiles\Tester\Simple-20Price-20Alert-20-20EA_01_standard.set: 'SetFileOptimizer' object has no attribute 'read_set_file'
2025-04-25 02:45:59,286 - INFO - Processing Simple-20Volume-20EA_01_standard.set
2025-04-25 02:45:59,287 - ERROR - Error processing C:\Users\nikol\AppData\Roaming\MetaQuotes\Terminal\4B1CE69F577705455263BD980C39A82C\MQL5\Profiles\Tester\Simple-20Volume-20EA_01_standard.set: 'SetFileOptimizer' object has no attribute 'read_set_file'
2025-04-25 02:45:59,288 - INFO - Processing Simple-EA-MA-plus-MACD_01_standard.set
2025-04-25 02:45:59,291 - ERROR - Error processing C:\Users\nikol\AppData\Roaming\MetaQuotes\Terminal\4B1CE69F577705455263BD980C39A82C\MQL5\Profiles\Tester\Simple-EA-MA-plus-MACD_01_standard.set: 'SetFileOptimizer' object has no attribute 'read_set_file'
2025-04-25 02:45:59,292 - INFO - Processing Simple-FX_01_standard.set
2025-04-25 02:45:59,293 - ERROR - Error processing C:\Users\nikol\AppData\Roaming\MetaQuotes\Terminal\4B1CE69F577705455263BD980C39A82C\MQL5\Profiles\Tester\Simple-FX_01_standard.set: 'SetFileOptimizer' object has no attribute 'read_set_file'
2025-04-25 02:45:59,294 - INFO - Processing Simple-MACD_01_standard.set
2025-04-25 02:45:59,295 - ERROR - Error processing C:\Users\nikol\AppData\Roaming\MetaQuotes\Terminal\4B1CE69F577705455263BD980C39A82C\MQL5\Profiles\Tester\Simple-MACD_01_standard.set: 'SetFileOptimizer' object has no attribute 'read_set_file'
2025-04-25 02:45:59,296 - INFO - Processing Simple-Volume-EA_01_standard.set
2025-04-25 02:45:59,297 - ERROR - Error processing C:\Users\nikol\AppData\Roaming\MetaQuotes\Terminal\4B1CE69F577705455263BD980C39A82C\MQL5\Profiles\Tester\Simple-Volume-EA_01_standard.set: 'SetFileOptimizer' object has no attribute 'read_set_file'
2025-04-25 02:45:59,298 - INFO - Processing SimplePivot_01_standard.set
2025-04-25 02:45:59,298 - ERROR - Error processing C:\Users\nikol\AppData\Roaming\MetaQuotes\Terminal\4B1CE69F577705455263BD980C39A82C\MQL5\Profiles\Tester\SimplePivot_01_standard.set: 'SetFileOptimizer' object has no attribute 'read_set_file'
2025-04-25 02:45:59,299 - INFO - Processing Simplest-Hedging-EA-ever_01_standard.set
2025-04-25 02:45:59,300 - ERROR - Error processing C:\Users\nikol\AppData\Roaming\MetaQuotes\Terminal\4B1CE69F577705455263BD980C39A82C\MQL5\Profiles\Tester\Simplest-Hedging-EA-ever_01_standard.set: 'SetFileOptimizer' object has no attribute 'read_set_file'
2025-04-25 02:45:59,301 - INFO - Processing SimpleTrade _01_standard.set
2025-04-25 02:45:59,302 - ERROR - Error processing C:\Users\nikol\AppData\Roaming\MetaQuotes\Terminal\4B1CE69F577705455263BD980C39A82C\MQL5\Profiles\Tester\SimpleTrade _01_standard.set: 'SetFileOptimizer' object has no attribute 'read_set_file'
2025-04-25 02:45:59,303 - INFO - Processing Six-Soldiers-EA-Grid_01_standard.set
2025-04-25 02:45:59,304 - ERROR - Error processing C:\Users\nikol\AppData\Roaming\MetaQuotes\Terminal\4B1CE69F577705455263BD980C39A82C\MQL5\Profiles\Tester\Six-Soldiers-EA-Grid_01_standard.set: 'SetFileOptimizer' object has no attribute 'read_set_file'
2025-04-25 02:45:59,306 - INFO - Processing Six-Soldiers-EA_01_standard.set
2025-04-25 02:45:59,307 - ERROR - Error processing C:\Users\nikol\AppData\Roaming\MetaQuotes\Terminal\4B1CE69F577705455263BD980C39A82C\MQL5\Profiles\Tester\Six-Soldiers-EA_01_standard.set: 'SetFileOptimizer' object has no attribute 'read_set_file'
2025-04-25 02:45:59,308 - INFO - Processing Six-Soldiers_01_standard.set
2025-04-25 02:45:59,309 - ERROR - Error processing C:\Users\nikol\AppData\Roaming\MetaQuotes\Terminal\4B1CE69F577705455263BD980C39A82C\MQL5\Profiles\Tester\Six-Soldiers_01_standard.set: 'SetFileOptimizer' object has no attribute 'read_set_file'
2025-04-25 02:45:59,310 - INFO - Processing Small-Inside-Bar-Strategy_01_standard.set
2025-04-25 02:45:59,312 - ERROR - Error processing C:\Users\nikol\AppData\Roaming\MetaQuotes\Terminal\4B1CE69F577705455263BD980C39A82C\MQL5\Profiles\Tester\Small-Inside-Bar-Strategy_01_standard.set: 'SetFileOptimizer' object has no attribute 'read_set_file'
2025-04-25 02:45:59,312 - INFO - Processing Smart-Machine-20EA_01_standard.set
2025-04-25 02:45:59,313 - ERROR - Error processing C:\Users\nikol\AppData\Roaming\MetaQuotes\Terminal\4B1CE69F577705455263BD980C39A82C\MQL5\Profiles\Tester\Smart-Machine-20EA_01_standard.set: 'SetFileOptimizer' object has no attribute 'read_set_file'
2025-04-25 02:45:59,314 - INFO - Processing Smoothing-Average_01_standard.set
2025-04-25 02:45:59,315 - ERROR - Error processing C:\Users\nikol\AppData\Roaming\MetaQuotes\Terminal\4B1CE69F577705455263BD980C39A82C\MQL5\Profiles\Tester\Smoothing-Average_01_standard.set: 'SetFileOptimizer' object has no attribute 'read_set_file'
2025-04-25 02:45:59,316 - INFO - Processing Spasm_01_standard.set
2025-04-25 02:45:59,317 - ERROR - Error processing C:\Users\nikol\AppData\Roaming\MetaQuotes\Terminal\4B1CE69F577705455263BD980C39A82C\MQL5\Profiles\Tester\Spasm_01_standard.set: 'SetFileOptimizer' object has no attribute 'read_set_file'
2025-04-25 02:45:59,318 - INFO - Processing Sprd-mt5-20EA_01_standard.set
2025-04-25 02:45:59,320 - ERROR - Error processing C:\Users\nikol\AppData\Roaming\MetaQuotes\Terminal\4B1CE69F577705455263BD980C39A82C\MQL5\Profiles\Tester\Sprd-mt5-20EA_01_standard.set: 'SetFileOptimizer' object has no attribute 'read_set_file'
2025-04-25 02:45:59,321 - INFO - Processing ssb5-123_01_standard.set
2025-04-25 02:45:59,323 - ERROR - Error processing C:\Users\nikol\AppData\Roaming\MetaQuotes\Terminal\4B1CE69F577705455263BD980C39A82C\MQL5\Profiles\Tester\ssb5-123_01_standard.set: 'SetFileOptimizer' object has no attribute 'read_set_file'
2025-04-25 02:45:59,324 - INFO - Processing Starter_01_standard.set
2025-04-25 02:45:59,325 - ERROR - Error processing C:\Users\nikol\AppData\Roaming\MetaQuotes\Terminal\4B1CE69F577705455263BD980C39A82C\MQL5\Profiles\Tester\Starter_01_standard.set: 'SetFileOptimizer' object has no attribute 'read_set_file'
2025-04-25 02:45:59,326 - INFO - Processing Steve-Cartwright-Trader-Camel-CCI-MACD_01_standard.set
2025-04-25 02:45:59,327 - ERROR - Error processing C:\Users\nikol\AppData\Roaming\MetaQuotes\Terminal\4B1CE69F577705455263BD980C39A82C\MQL5\Profiles\Tester\Steve-Cartwright-Trader-Camel-CCI-MACD_01_standard.set: 'SetFileOptimizer' object has no attribute 'read_set_file'
2025-04-25 02:45:59,328 - INFO - Processing Stoch-EA-1192_01_standard.set
2025-04-25 02:45:59,329 - ERROR - Error processing C:\Users\nikol\AppData\Roaming\MetaQuotes\Terminal\4B1CE69F577705455263BD980C39A82C\MQL5\Profiles\Tester\Stoch-EA-1192_01_standard.set: 'SetFileOptimizer' object has no attribute 'read_set_file'
2025-04-25 02:45:59,330 - INFO - Processing Stochastic-20Alert_01_standard.set
2025-04-25 02:45:59,332 - ERROR - Error processing C:\Users\nikol\AppData\Roaming\MetaQuotes\Terminal\4B1CE69F577705455263BD980C39A82C\MQL5\Profiles\Tester\Stochastic-20Alert_01_standard.set: 'SetFileOptimizer' object has no attribute 'read_set_file'
2025-04-25 02:45:59,333 - INFO - Processing Stochastic-K-Divergence.lua_01_standard.set
2025-04-25 02:45:59,334 - ERROR - Error processing C:\Users\nikol\AppData\Roaming\MetaQuotes\Terminal\4B1CE69F577705455263BD980C39A82C\MQL5\Profiles\Tester\Stochastic-K-Divergence.lua_01_standard.set: 'SetFileOptimizer' object has no attribute 'read_set_file'
2025-04-25 02:45:59,335 - INFO - Processing stochastic-three-periods_01_standard.set
2025-04-25 02:45:59,336 - ERROR - Error processing C:\Users\nikol\AppData\Roaming\MetaQuotes\Terminal\4B1CE69F577705455263BD980C39A82C\MQL5\Profiles\Tester\stochastic-three-periods_01_standard.set: 'SetFileOptimizer' object has no attribute 'read_set_file'
2025-04-25 02:45:59,337 - INFO - Processing StochasticDiffSign-EA_01_standard.set
2025-04-25 02:45:59,339 - ERROR - Error processing C:\Users\nikol\AppData\Roaming\MetaQuotes\Terminal\4B1CE69F577705455263BD980C39A82C\MQL5\Profiles\Tester\StochasticDiffSign-EA_01_standard.set: 'SetFileOptimizer' object has no attribute 'read_set_file'
2025-04-25 02:45:59,341 - INFO - Processing stochasticdiffsign_01_standard.set
2025-04-25 02:45:59,341 - ERROR - Error processing C:\Users\nikol\AppData\Roaming\MetaQuotes\Terminal\4B1CE69F577705455263BD980C39A82C\MQL5\Profiles\Tester\stochasticdiffsign_01_standard.set: 'SetFileOptimizer' object has no attribute 'read_set_file'
2025-04-25 02:45:59,342 - INFO - Processing StochMA-EA_01_standard.set
2025-04-25 02:45:59,343 - ERROR - Error processing C:\Users\nikol\AppData\Roaming\MetaQuotes\Terminal\4B1CE69F577705455263BD980C39A82C\MQL5\Profiles\Tester\StochMA-EA_01_standard.set: 'SetFileOptimizer' object has no attribute 'read_set_file'
2025-04-25 02:45:59,344 - INFO - Processing StochMA_01_standard.set
2025-04-25 02:45:59,346 - ERROR - Error processing C:\Users\nikol\AppData\Roaming\MetaQuotes\Terminal\4B1CE69F577705455263BD980C39A82C\MQL5\Profiles\Tester\StochMA_01_standard.set: 'SetFileOptimizer' object has no attribute 'read_set_file'
2025-04-25 02:45:59,347 - INFO - Processing Stoch_01_standard.set
2025-04-25 02:45:59,348 - ERROR - Error processing C:\Users\nikol\AppData\Roaming\MetaQuotes\Terminal\4B1CE69F577705455263BD980C39A82C\MQL5\Profiles\Tester\Stoch_01_standard.set: 'SetFileOptimizer' object has no attribute 'read_set_file'
2025-04-25 02:45:59,348 - INFO - Processing Stop-Loss-Take-Profit_01_standard.set
2025-04-25 02:45:59,350 - ERROR - Error processing C:\Users\nikol\AppData\Roaming\MetaQuotes\Terminal\4B1CE69F577705455263BD980C39A82C\MQL5\Profiles\Tester\Stop-Loss-Take-Profit_01_standard.set: 'SetFileOptimizer' object has no attribute 'read_set_file'
2025-04-25 02:45:59,351 - INFO - Processing StraddleqTrail_01_standard.set
2025-04-25 02:45:59,352 - ERROR - Error processing C:\Users\nikol\AppData\Roaming\MetaQuotes\Terminal\4B1CE69F577705455263BD980C39A82C\MQL5\Profiles\Tester\StraddleqTrail_01_standard.set: 'SetFileOptimizer' object has no attribute 'read_set_file'
2025-04-25 02:45:59,355 - INFO - Processing Surefirething_01_standard.set
2025-04-25 02:45:59,355 - ERROR - Error processing C:\Users\nikol\AppData\Roaming\MetaQuotes\Terminal\4B1CE69F577705455263BD980C39A82C\MQL5\Profiles\Tester\Surefirething_01_standard.set: 'SetFileOptimizer' object has no attribute 'read_set_file'
2025-04-25 02:45:59,356 - INFO - Processing TDSGlobal_01_standard.set
2025-04-25 02:45:59,357 - ERROR - Error processing C:\Users\nikol\AppData\Roaming\MetaQuotes\Terminal\4B1CE69F577705455263BD980C39A82C\MQL5\Profiles\Tester\TDSGlobal_01_standard.set: 'SetFileOptimizer' object has no attribute 'read_set_file'
2025-04-25 02:45:59,358 - INFO - Processing The-MasterMind-2_01_standard.set
2025-04-25 02:45:59,360 - ERROR - Error processing C:\Users\nikol\AppData\Roaming\MetaQuotes\Terminal\4B1CE69F577705455263BD980C39A82C\MQL5\Profiles\Tester\The-MasterMind-2_01_standard.set: 'SetFileOptimizer' object has no attribute 'read_set_file'
2025-04-25 02:45:59,361 - INFO - Processing The-MasterMind-3_01_standard.set
2025-04-25 02:45:59,362 - ERROR - Error processing C:\Users\nikol\AppData\Roaming\MetaQuotes\Terminal\4B1CE69F577705455263BD980C39A82C\MQL5\Profiles\Tester\The-MasterMind-3_01_standard.set: 'SetFileOptimizer' object has no attribute 'read_set_file'
2025-04-25 02:45:59,362 - INFO - Processing The-MasterMind_01_standard.set
2025-04-25 02:45:59,363 - ERROR - Error processing C:\Users\nikol\AppData\Roaming\MetaQuotes\Terminal\4B1CE69F577705455263BD980C39A82C\MQL5\Profiles\Tester\The-MasterMind_01_standard.set: 'SetFileOptimizer' object has no attribute 'read_set_file'
2025-04-25 02:45:59,364 - INFO - Processing The-Puncher_01_standard.set
2025-04-25 02:45:59,366 - ERROR - Error processing C:\Users\nikol\AppData\Roaming\MetaQuotes\Terminal\4B1CE69F577705455263BD980C39A82C\MQL5\Profiles\Tester\The-Puncher_01_standard.set: 'SetFileOptimizer' object has no attribute 'read_set_file'
2025-04-25 02:45:59,367 - INFO - Processing TheClassicTurtleTrader-no-dots-EA_01_standard.set
2025-04-25 02:45:59,368 - ERROR - Error processing C:\Users\nikol\AppData\Roaming\MetaQuotes\Terminal\4B1CE69F577705455263BD980C39A82C\MQL5\Profiles\Tester\TheClassicTurtleTrader-no-dots-EA_01_standard.set: 'SetFileOptimizer' object has no attribute 'read_set_file'
2025-04-25 02:45:59,369 - INFO - Processing TheClassicTurtleTrader-no-dots_01_standard.set
2025-04-25 02:45:59,370 - ERROR - Error processing C:\Users\nikol\AppData\Roaming\MetaQuotes\Terminal\4B1CE69F577705455263BD980C39A82C\MQL5\Profiles\Tester\TheClassicTurtleTrader-no-dots_01_standard.set: 'SetFileOptimizer' object has no attribute 'read_set_file'
2025-04-25 02:45:59,371 - INFO - Processing Three-indicators_01_standard.set
2025-04-25 02:45:59,372 - ERROR - Error processing C:\Users\nikol\AppData\Roaming\MetaQuotes\Terminal\4B1CE69F577705455263BD980C39A82C\MQL5\Profiles\Tester\Three-indicators_01_standard.set: 'SetFileOptimizer' object has no attribute 'read_set_file'
2025-04-25 02:45:59,374 - INFO - Processing Three-neural-networks_01_standard.set
2025-04-25 02:45:59,374 - ERROR - Error processing C:\Users\nikol\AppData\Roaming\MetaQuotes\Terminal\4B1CE69F577705455263BD980C39A82C\MQL5\Profiles\Tester\Three-neural-networks_01_standard.set: 'SetFileOptimizer' object has no attribute 'read_set_file'
2025-04-25 02:45:59,375 - INFO - Processing Three-timeframes_01_standard.set
2025-04-25 02:45:59,376 - ERROR - Error processing C:\Users\nikol\AppData\Roaming\MetaQuotes\Terminal\4B1CE69F577705455263BD980C39A82C\MQL5\Profiles\Tester\Three-timeframes_01_standard.set: 'SetFileOptimizer' object has no attribute 'read_set_file'
2025-04-25 02:45:59,377 - INFO - Processing Three-Typical-Candles_01_standard.set
2025-04-25 02:45:59,378 - ERROR - Error processing C:\Users\nikol\AppData\Roaming\MetaQuotes\Terminal\4B1CE69F577705455263BD980C39A82C\MQL5\Profiles\Tester\Three-Typical-Candles_01_standard.set: 'SetFileOptimizer' object has no attribute 'read_set_file'
2025-04-25 02:45:59,379 - INFO - Processing Time-sync-forts_01_standard.set
2025-04-25 02:45:59,382 - ERROR - Error processing C:\Users\nikol\AppData\Roaming\MetaQuotes\Terminal\4B1CE69F577705455263BD980C39A82C\MQL5\Profiles\Tester\Time-sync-forts_01_standard.set: 'SetFileOptimizer' object has no attribute 'read_set_file'
2025-04-25 02:45:59,383 - INFO - Processing timer-trade_01_standard.set
2025-04-25 02:45:59,384 - ERROR - Error processing C:\Users\nikol\AppData\Roaming\MetaQuotes\Terminal\4B1CE69F577705455263BD980C39A82C\MQL5\Profiles\Tester\timer-trade_01_standard.set: 'SetFileOptimizer' object has no attribute 'read_set_file'
2025-04-25 02:45:59,385 - INFO - Processing TMA-ATR-Channel_01_standard.set
2025-04-25 02:45:59,385 - ERROR - Error processing C:\Users\nikol\AppData\Roaming\MetaQuotes\Terminal\4B1CE69F577705455263BD980C39A82C\MQL5\Profiles\Tester\TMA-ATR-Channel_01_standard.set: 'SetFileOptimizer' object has no attribute 'read_set_file'
2025-04-25 02:45:59,388 - INFO - Processing TMA-ATR-EA_01_standard.set
2025-04-25 02:45:59,389 - ERROR - Error processing C:\Users\nikol\AppData\Roaming\MetaQuotes\Terminal\4B1CE69F577705455263BD980C39A82C\MQL5\Profiles\Tester\TMA-ATR-EA_01_standard.set: 'SetFileOptimizer' object has no attribute 'read_set_file'
2025-04-25 02:45:59,390 - INFO - Processing TMA-CG-EA_01_standard.set
2025-04-25 02:45:59,390 - ERROR - Error processing C:\Users\nikol\AppData\Roaming\MetaQuotes\Terminal\4B1CE69F577705455263BD980C39A82C\MQL5\Profiles\Tester\TMA-CG-EA_01_standard.set: 'SetFileOptimizer' object has no attribute 'read_set_file'
2025-04-25 02:45:59,391 - INFO - Processing TMA-CG-Martingale-20EA_01_standard.set
2025-04-25 02:45:59,392 - ERROR - Error processing C:\Users\nikol\AppData\Roaming\MetaQuotes\Terminal\4B1CE69F577705455263BD980C39A82C\MQL5\Profiles\Tester\TMA-CG-Martingale-20EA_01_standard.set: 'SetFileOptimizer' object has no attribute 'read_set_file'
2025-04-25 02:45:59,393 - INFO - Processing TMA-CG-mladen_01_standard.set
2025-04-25 02:45:59,394 - ERROR - Error processing C:\Users\nikol\AppData\Roaming\MetaQuotes\Terminal\4B1CE69F577705455263BD980C39A82C\MQL5\Profiles\Tester\TMA-CG-mladen_01_standard.set: 'SetFileOptimizer' object has no attribute 'read_set_file'
2025-04-25 02:45:59,395 - INFO - Processing TMA-CG-special_01_standard.set
2025-04-25 02:45:59,396 - ERROR - Error processing C:\Users\nikol\AppData\Roaming\MetaQuotes\Terminal\4B1CE69F577705455263BD980C39A82C\MQL5\Profiles\Tester\TMA-CG-special_01_standard.set: 'SetFileOptimizer' object has no attribute 'read_set_file'
2025-04-25 02:45:59,397 - INFO - Processing TMA-slope-bands_01_standard.set
2025-04-25 02:45:59,398 - ERROR - Error processing C:\Users\nikol\AppData\Roaming\MetaQuotes\Terminal\4B1CE69F577705455263BD980C39A82C\MQL5\Profiles\Tester\TMA-slope-bands_01_standard.set: 'SetFileOptimizer' object has no attribute 'read_set_file'
2025-04-25 02:45:59,398 - INFO - Processing TmaTrue-2.0-with-Distances-6xx_01_standard.set
2025-04-25 02:45:59,399 - ERROR - Error processing C:\Users\nikol\AppData\Roaming\MetaQuotes\Terminal\4B1CE69F577705455263BD980C39A82C\MQL5\Profiles\Tester\TmaTrue-2.0-with-Distances-6xx_01_standard.set: 'SetFileOptimizer' object has no attribute 'read_set_file'
2025-04-25 02:45:59,401 - INFO - Processing TmaTrue-3.0-with-Distances-6xx_01_standard.set
2025-04-25 02:45:59,402 - ERROR - Error processing C:\Users\nikol\AppData\Roaming\MetaQuotes\Terminal\4B1CE69F577705455263BD980C39A82C\MQL5\Profiles\Tester\TmaTrue-3.0-with-Distances-6xx_01_standard.set: 'SetFileOptimizer' object has no attribute 'read_set_file'
2025-04-25 02:45:59,403 - INFO - Processing TP-with-money_01_standard.set
2025-04-25 02:45:59,404 - ERROR - Error processing C:\Users\nikol\AppData\Roaming\MetaQuotes\Terminal\4B1CE69F577705455263BD980C39A82C\MQL5\Profiles\Tester\TP-with-money_01_standard.set: 'SetFileOptimizer' object has no attribute 'read_set_file'
2025-04-25 02:45:59,405 - INFO - Processing Trade-in-Channel_01_standard.set
2025-04-25 02:45:59,406 - ERROR - Error processing C:\Users\nikol\AppData\Roaming\MetaQuotes\Terminal\4B1CE69F577705455263BD980C39A82C\MQL5\Profiles\Tester\Trade-in-Channel_01_standard.set: 'SetFileOptimizer' object has no attribute 'read_set_file'
2025-04-25 02:45:59,407 - INFO - Processing Trade-on-qualified-RSI_01_standard.set
2025-04-25 02:45:59,408 - ERROR - Error processing C:\Users\nikol\AppData\Roaming\MetaQuotes\Terminal\4B1CE69F577705455263BD980C39A82C\MQL5\Profiles\Tester\Trade-on-qualified-RSI_01_standard.set: 'SetFileOptimizer' object has no attribute 'read_set_file'
2025-04-25 02:45:59,409 - INFO - Processing Trading-Breakout-MrThanhTan_01_standard.set
2025-04-25 02:45:59,409 - ERROR - Error processing C:\Users\nikol\AppData\Roaming\MetaQuotes\Terminal\4B1CE69F577705455263BD980C39A82C\MQL5\Profiles\Tester\Trading-Breakout-MrThanhTan_01_standard.set: 'SetFileOptimizer' object has no attribute 'read_set_file'
2025-04-25 02:45:59,410 - INFO - Processing Trend-Trader-Strategy-EA_01_standard.set
2025-04-25 02:45:59,411 - ERROR - Error processing C:\Users\nikol\AppData\Roaming\MetaQuotes\Terminal\4B1CE69F577705455263BD980C39A82C\MQL5\Profiles\Tester\Trend-Trader-Strategy-EA_01_standard.set: 'SetFileOptimizer' object has no attribute 'read_set_file'
2025-04-25 02:45:59,412 - INFO - Processing Trend-Trader-Strategy_01_standard.set
2025-04-25 02:45:59,413 - ERROR - Error processing C:\Users\nikol\AppData\Roaming\MetaQuotes\Terminal\4B1CE69F577705455263BD980C39A82C\MQL5\Profiles\Tester\Trend-Trader-Strategy_01_standard.set: 'SetFileOptimizer' object has no attribute 'read_set_file'
2025-04-25 02:45:59,414 - INFO - Processing Tru-EA_01_standard.set
2025-04-25 02:45:59,416 - ERROR - Error processing C:\Users\nikol\AppData\Roaming\MetaQuotes\Terminal\4B1CE69F577705455263BD980C39A82C\MQL5\Profiles\Tester\Tru-EA_01_standard.set: 'SetFileOptimizer' object has no attribute 'read_set_file'
2025-04-25 02:45:59,417 - INFO - Processing True-Scalper-Profit-Lock_01_standard.set
2025-04-25 02:45:59,418 - ERROR - Error processing C:\Users\nikol\AppData\Roaming\MetaQuotes\Terminal\4B1CE69F577705455263BD980C39A82C\MQL5\Profiles\Tester\True-Scalper-Profit-Lock_01_standard.set: 'SetFileOptimizer' object has no attribute 'read_set_file'
2025-04-25 02:45:59,419 - INFO - Processing TrueSort-1100_01_standard.set
2025-04-25 02:45:59,419 - ERROR - Error processing C:\Users\nikol\AppData\Roaming\MetaQuotes\Terminal\4B1CE69F577705455263BD980C39A82C\MQL5\Profiles\Tester\TrueSort-1100_01_standard.set: 'SetFileOptimizer' object has no attribute 'read_set_file'
2025-04-25 02:45:59,420 - INFO - Processing Tunnel-gen4_01_standard.set
2025-04-25 02:45:59,421 - ERROR - Error processing C:\Users\nikol\AppData\Roaming\MetaQuotes\Terminal\4B1CE69F577705455263BD980C39A82C\MQL5\Profiles\Tester\Tunnel-gen4_01_standard.set: 'SetFileOptimizer' object has no attribute 'read_set_file'
2025-04-25 02:45:59,422 - INFO - Processing Tunnel-Method_01_standard.set
2025-04-25 02:45:59,423 - ERROR - Error processing C:\Users\nikol\AppData\Roaming\MetaQuotes\Terminal\4B1CE69F577705455263BD980C39A82C\MQL5\Profiles\Tester\Tunnel-Method_01_standard.set: 'SetFileOptimizer' object has no attribute 'read_set_file'
2025-04-25 02:45:59,424 - INFO - Processing TurnGrid_01_standard.set
2025-04-25 02:45:59,425 - ERROR - Error processing C:\Users\nikol\AppData\Roaming\MetaQuotes\Terminal\4B1CE69F577705455263BD980C39A82C\MQL5\Profiles\Tester\TurnGrid_01_standard.set: 'SetFileOptimizer' object has no attribute 'read_set_file'
2025-04-25 02:45:59,425 - INFO - Processing Two PerBar _01_standard.set
2025-04-25 02:45:59,426 - ERROR - Error processing C:\Users\nikol\AppData\Roaming\MetaQuotes\Terminal\4B1CE69F577705455263BD980C39A82C\MQL5\Profiles\Tester\Two PerBar _01_standard.set: 'SetFileOptimizer' object has no attribute 'read_set_file'
2025-04-25 02:45:59,427 - INFO - Processing Two-20MA-20RSI-20ADX-20EA_01_standard.set
2025-04-25 02:45:59,431 - ERROR - Error processing C:\Users\nikol\AppData\Roaming\MetaQuotes\Terminal\4B1CE69F577705455263BD980C39A82C\MQL5\Profiles\Tester\Two-20MA-20RSI-20ADX-20EA_01_standard.set: 'SetFileOptimizer' object has no attribute 'read_set_file'
2025-04-25 02:45:59,432 - INFO - Processing Two-20Orders-20Panel_01_standard.set
2025-04-25 02:45:59,432 - ERROR - Error processing C:\Users\nikol\AppData\Roaming\MetaQuotes\Terminal\4B1CE69F577705455263BD980C39A82C\MQL5\Profiles\Tester\Two-20Orders-20Panel_01_standard.set: 'SetFileOptimizer' object has no attribute 'read_set_file'
2025-04-25 02:45:59,433 - INFO - Processing Two-pending-orders-2_01_standard.set
2025-04-25 02:45:59,434 - ERROR - Error processing C:\Users\nikol\AppData\Roaming\MetaQuotes\Terminal\4B1CE69F577705455263BD980C39A82C\MQL5\Profiles\Tester\Two-pending-orders-2_01_standard.set: 'SetFileOptimizer' object has no attribute 'read_set_file'
2025-04-25 02:45:59,435 - INFO - Processing UnityPro_01_standard.set
2025-04-25 02:45:59,436 - ERROR - Error processing C:\Users\nikol\AppData\Roaming\MetaQuotes\Terminal\4B1CE69F577705455263BD980C39A82C\MQL5\Profiles\Tester\UnityPro_01_standard.set: 'SetFileOptimizer' object has no attribute 'read_set_file'
2025-04-25 02:45:59,437 - INFO - Processing UniversalMACrossEA_01_standard.set
2025-04-25 02:45:59,438 - ERROR - Error processing C:\Users\nikol\AppData\Roaming\MetaQuotes\Terminal\4B1CE69F577705455263BD980C39A82C\MQL5\Profiles\Tester\UniversalMACrossEA_01_standard.set: 'SetFileOptimizer' object has no attribute 'read_set_file'
2025-04-25 02:45:59,438 - INFO - Processing UniversalSignalDemo_01_standard.set
2025-04-25 02:45:59,439 - ERROR - Error processing C:\Users\nikol\AppData\Roaming\MetaQuotes\Terminal\4B1CE69F577705455263BD980C39A82C\MQL5\Profiles\Tester\UniversalSignalDemo_01_standard.set: 'SetFileOptimizer' object has no attribute 'read_set_file'
2025-04-25 02:45:59,440 - INFO - Processing Universum-3.0_01_standard.set
2025-04-25 02:45:59,441 - ERROR - Error processing C:\Users\nikol\AppData\Roaming\MetaQuotes\Terminal\4B1CE69F577705455263BD980C39A82C\MQL5\Profiles\Tester\Universum-3.0_01_standard.set: 'SetFileOptimizer' object has no attribute 'read_set_file'
2025-04-25 02:45:59,443 - INFO - Processing UnNomGuai-20EA_01_standard.set
2025-04-25 02:45:59,444 - ERROR - Error processing C:\Users\nikol\AppData\Roaming\MetaQuotes\Terminal\4B1CE69F577705455263BD980C39A82C\MQL5\Profiles\Tester\UnNomGuai-20EA_01_standard.set: 'SetFileOptimizer' object has no attribute 'read_set_file'
2025-04-25 02:45:59,445 - INFO - Processing up3x1-Investor_01_standard.set
2025-04-25 02:45:59,446 - ERROR - Error processing C:\Users\nikol\AppData\Roaming\MetaQuotes\Terminal\4B1CE69F577705455263BD980C39A82C\MQL5\Profiles\Tester\up3x1-Investor_01_standard.set: 'SetFileOptimizer' object has no attribute 'read_set_file'
2025-04-25 02:45:59,446 - INFO - Processing up3x1-premium-M_01_standard.set
2025-04-25 02:45:59,447 - ERROR - Error processing C:\Users\nikol\AppData\Roaming\MetaQuotes\Terminal\4B1CE69F577705455263BD980C39A82C\MQL5\Profiles\Tester\up3x1-premium-M_01_standard.set: 'SetFileOptimizer' object has no attribute 'read_set_file'
2025-04-25 02:45:59,448 - INFO - Processing up3x1_01_standard.set
2025-04-25 02:45:59,449 - ERROR - Error processing C:\Users\nikol\AppData\Roaming\MetaQuotes\Terminal\4B1CE69F577705455263BD980C39A82C\MQL5\Profiles\Tester\up3x1_01_standard.set: 'SetFileOptimizer' object has no attribute 'read_set_file'
2025-04-25 02:45:59,450 - INFO - Processing Urdala-Trol_01_standard.set
2025-04-25 02:45:59,450 - ERROR - Error processing C:\Users\nikol\AppData\Roaming\MetaQuotes\Terminal\4B1CE69F577705455263BD980C39A82C\MQL5\Profiles\Tester\Urdala-Trol_01_standard.set: 'SetFileOptimizer' object has no attribute 'read_set_file'
2025-04-25 02:45:59,451 - INFO - Processing Very-Blonde-System_01_standard.set
2025-04-25 02:45:59,452 - ERROR - Error processing C:\Users\nikol\AppData\Roaming\MetaQuotes\Terminal\4B1CE69F577705455263BD980C39A82C\MQL5\Profiles\Tester\Very-Blonde-System_01_standard.set: 'SetFileOptimizer' object has no attribute 'read_set_file'
2025-04-25 02:45:59,453 - INFO - Processing Virtual-Trailing-Stop_01_standard.set
2025-04-25 02:45:59,454 - ERROR - Error processing C:\Users\nikol\AppData\Roaming\MetaQuotes\Terminal\4B1CE69F577705455263BD980C39A82C\MQL5\Profiles\Tester\Virtual-Trailing-Stop_01_standard.set: 'SetFileOptimizer' object has no attribute 'read_set_file'
2025-04-25 02:45:59,455 - INFO - Processing VLT-TRADER_01_standard.set
2025-04-25 02:45:59,456 - ERROR - Error processing C:\Users\nikol\AppData\Roaming\MetaQuotes\Terminal\4B1CE69F577705455263BD980C39A82C\MQL5\Profiles\Tester\VLT-TRADER_01_standard.set: 'SetFileOptimizer' object has no attribute 'read_set_file'
2025-04-25 02:45:59,456 - INFO - Processing Volume-trader_01_standard.set
2025-04-25 02:45:59,457 - ERROR - Error processing C:\Users\nikol\AppData\Roaming\MetaQuotes\Terminal\4B1CE69F577705455263BD980C39A82C\MQL5\Profiles\Tester\Volume-trader_01_standard.set: 'SetFileOptimizer' object has no attribute 'read_set_file'
2025-04-25 02:45:59,458 - INFO - Processing Vortex-Indicator-System_01_standard.set
2025-04-25 02:45:59,459 - ERROR - Error processing C:\Users\nikol\AppData\Roaming\MetaQuotes\Terminal\4B1CE69F577705455263BD980C39A82C\MQL5\Profiles\Tester\Vortex-Indicator-System_01_standard.set: 'SetFileOptimizer' object has no attribute 'read_set_file'
2025-04-25 02:45:59,460 - INFO - Processing VR-Overturn_01_standard.set
2025-04-25 02:45:59,461 - ERROR - Error processing C:\Users\nikol\AppData\Roaming\MetaQuotes\Terminal\4B1CE69F577705455263BD980C39A82C\MQL5\Profiles\Tester\VR-Overturn_01_standard.set: 'SetFileOptimizer' object has no attribute 'read_set_file'
2025-04-25 02:45:59,462 - INFO - Processing VR-ZVER-v.2_01_standard.set
2025-04-25 02:45:59,462 - ERROR - Error processing C:\Users\nikol\AppData\Roaming\MetaQuotes\Terminal\4B1CE69F577705455263BD980C39A82C\MQL5\Profiles\Tester\VR-ZVER-v.2_01_standard.set: 'SetFileOptimizer' object has no attribute 'read_set_file'
2025-04-25 02:45:59,463 - INFO - Processing VR-ZVER_01_standard.set
2025-04-25 02:45:59,464 - ERROR - Error processing C:\Users\nikol\AppData\Roaming\MetaQuotes\Terminal\4B1CE69F577705455263BD980C39A82C\MQL5\Profiles\Tester\VR-ZVER_01_standard.set: 'SetFileOptimizer' object has no attribute 'read_set_file'
2025-04-25 02:45:59,465 - INFO - Processing VZO_01_standard.set
2025-04-25 02:45:59,466 - ERROR - Error processing C:\Users\nikol\AppData\Roaming\MetaQuotes\Terminal\4B1CE69F577705455263BD980C39A82C\MQL5\Profiles\Tester\VZO_01_standard.set: 'SetFileOptimizer' object has no attribute 'read_set_file'
2025-04-25 02:45:59,467 - INFO - Processing Waddah-Attar-Win_01_standard.set
2025-04-25 02:45:59,467 - ERROR - Error processing C:\Users\nikol\AppData\Roaming\MetaQuotes\Terminal\4B1CE69F577705455263BD980C39A82C\MQL5\Profiles\Tester\Waddah-Attar-Win_01_standard.set: 'SetFileOptimizer' object has no attribute 'read_set_file'
2025-04-25 02:45:59,468 - INFO - Processing WE-TRUST_01_standard.set
2025-04-25 02:45:59,469 - ERROR - Error processing C:\Users\nikol\AppData\Roaming\MetaQuotes\Terminal\4B1CE69F577705455263BD980C39A82C\MQL5\Profiles\Tester\WE-TRUST_01_standard.set: 'SetFileOptimizer' object has no attribute 'read_set_file'
2025-04-25 02:45:59,470 - INFO - Processing X-RSIOMA_01_standard.set
2025-04-25 02:45:59,471 - ERROR - Error processing C:\Users\nikol\AppData\Roaming\MetaQuotes\Terminal\4B1CE69F577705455263BD980C39A82C\MQL5\Profiles\Tester\X-RSIOMA_01_standard.set: 'SetFileOptimizer' object has no attribute 'read_set_file'
2025-04-25 02:45:59,472 - INFO - Processing Yesterday-Today_01_standard.set
2025-04-25 02:45:59,473 - ERROR - Error processing C:\Users\nikol\AppData\Roaming\MetaQuotes\Terminal\4B1CE69F577705455263BD980C39A82C\MQL5\Profiles\Tester\Yesterday-Today_01_standard.set: 'SetFileOptimizer' object has no attribute 'read_set_file'
