2025-04-27 10:21:32,490 - INFO - Found 2715 .set files to process
2025-04-27 10:21:32,492 - INFO - Successfully optimized 10-pips-EURUSD_01_standard.set -> 10-pips-EURUSD_01_otp.set
2025-04-27 10:21:32,493 - INFO - Successfully optimized 10-pips_01_standard.set -> 10-pips_01_otp.set
2025-04-27 10:21:32,494 - INFO - Successfully optimized 1H-EUR-USD_01_standard.set -> 1H-EUR-USD_01_otp.set
2025-04-27 10:21:32,495 - INFO - Successfully optimized 20011201-GBPUSD-M1_01_standard.set -> 20011201-GBPUSD-M1_01_otp.set
2025-04-27 10:21:32,497 - INFO - Successfully optimized 21hour_01_standard.set -> 21hour_01_otp.set
2025-04-27 10:21:32,498 - INFO - Successfully optimized 2HR-HL_01_standard.set -> 2HR-HL_01_otp.set
2025-04-27 10:21:32,499 - INFO - Successfully optimized 2MA-4Level_01_standard.set -> 2MA-4Level_01_otp.set
2025-04-27 10:21:32,500 - INFO - Successfully optimized 2MA-Bunny-Cross_01_standard.set -> 2MA-Bunny-Cross_01_otp.set
2025-04-27 10:21:32,501 - INFO - Successfully optimized 3-bars-high-low-indicator_01_standard.set -> 3-bars-high-low-indicator_01_otp.set
2025-04-27 10:21:32,503 - INFO - Successfully optimized 35-Pip-Scalper_01_standard.set -> 35-Pip-Scalper_01_otp.set
2025-04-27 10:21:32,504 - INFO - Successfully optimized 3BarsHighLowEA_01_standard.set -> 3BarsHighLowEA_01_otp.set
2025-04-27 10:21:32,505 - INFO - Successfully optimized 3sma_01_standard.set -> 3sma_01_otp.set
2025-04-27 10:21:32,506 - INFO - Successfully optimized 500_01_standard.set -> 500_01_otp.set
2025-04-27 10:21:32,507 - INFO - Successfully optimized 55-MA_01_standard.set -> 55-MA_01_otp.set
2025-04-27 10:21:32,509 - INFO - Successfully optimized Above-Below-MA_01_standard.set -> Above-Below-MA_01_otp.set
2025-04-27 10:21:32,510 - INFO - Successfully optimized Absorption_01_standard.set -> Absorption_01_otp.set
2025-04-27 10:21:32,511 - INFO - Successfully optimized ADX-MACD-Deev_01_standard.set -> ADX-MACD-Deev_01_otp.set
2025-04-27 10:21:32,512 - INFO - Successfully optimized ADX-MA_01_standard.set -> ADX-MA_01_otp.set
2025-04-27 10:21:32,513 - INFO - Successfully optimized ADX-System_01_standard.set -> ADX-System_01_otp.set
2025-04-27 10:21:32,514 - INFO - Successfully optimized AIS1_01_standard.set -> AIS1_01_otp.set
2025-04-27 10:21:32,515 - INFO - Successfully optimized Alexav-D1-Profit-GBPUSD_01_standard.set -> Alexav-D1-Profit-GBPUSD_01_otp.set
2025-04-27 10:21:32,516 - INFO - Successfully optimized All-Average-Ea_01_standard.set -> All-Average-Ea_01_otp.set
2025-04-27 10:21:32,517 - INFO - Successfully optimized Alligator-Simple_01_standard.set -> Alligator-Simple_01_otp.set
2025-04-27 10:21:32,518 - INFO - Successfully optimized Alligator_01_standard.set -> Alligator_01_otp.set
2025-04-27 10:21:32,519 - INFO - Successfully optimized Altarius-RSI-Stohastic_01_standard.set -> Altarius-RSI-Stohastic_01_otp.set
2025-04-27 10:21:32,520 - INFO - Successfully optimized AMA-Trader-2_01_standard.set -> AMA-Trader-2_01_otp.set
2025-04-27 10:21:32,522 - INFO - Successfully optimized AMA-Trader_01_standard.set -> AMA-Trader_01_otp.set
2025-04-27 10:21:32,523 - INFO - Successfully optimized AO-Lightning_01_standard.set -> AO-Lightning_01_otp.set
2025-04-27 10:21:32,524 - INFO - Successfully optimized AOCCI_01_standard.set -> AOCCI_01_otp.set
2025-04-27 10:21:32,525 - INFO - Successfully optimized Arbitrage_01_standard.set -> Arbitrage_01_otp.set
2025-04-27 10:21:32,526 - INFO - Successfully optimized ArbSint_01_standard.set -> ArbSint_01_otp.set
2025-04-27 10:21:32,527 - INFO - Successfully optimized Area-MACD_01_standard.set -> Area-MACD_01_otp.set
2025-04-27 10:21:32,528 - INFO - Successfully optimized Artificial-Intelligence_01_standard.set -> Artificial-Intelligence_01_otp.set
2025-04-27 10:21:32,529 - INFO - Successfully optimized At-random-Full_01_standard.set -> At-random-Full_01_otp.set
2025-04-27 10:21:32,530 - INFO - Successfully optimized At-random_01_standard.set -> At-random_01_otp.set
2025-04-27 10:21:32,532 - INFO - Successfully optimized Auto-ADX_01_standard.set -> Auto-ADX_01_otp.set
2025-04-27 10:21:32,532 - INFO - Successfully optimized Auto-Pivot-Plotter-28Mid-Levels-29-41_01_standard.set -> Auto-Pivot-Plotter-28Mid-Levels-29-41_01_otp.set
2025-04-27 10:21:32,533 - INFO - Successfully optimized AutoLock-EA_01_standard.set -> AutoLock-EA_01_otp.set
2025-04-27 10:21:32,534 - INFO - Successfully optimized Autotrader-Momentum_01_standard.set -> Autotrader-Momentum_01_otp.set
2025-04-27 10:21:32,535 - INFO - Successfully optimized Avalanche-AV_01_standard.set -> Avalanche-AV_01_otp.set
2025-04-27 10:21:32,536 - INFO - Successfully optimized Backbone_01_standard.set -> Backbone_01_otp.set
2025-04-27 10:21:32,537 - INFO - Successfully optimized BADX_01_standard.set -> BADX_01_otp.set
2025-04-27 10:21:32,538 - INFO - Successfully optimized Bago-EA_01_standard.set -> Bago-EA_01_otp.set
2025-04-27 10:21:32,539 - INFO - Successfully optimized BalancedScalper-20EA_01_standard.set -> BalancedScalper-20EA_01_otp.set
2025-04-27 10:21:32,540 - INFO - Successfully optimized Bands-2_01_standard.set -> Bands-2_01_otp.set
2025-04-27 10:21:32,541 - INFO - Successfully optimized BARS-Alligator_01_standard.set -> BARS-Alligator_01_otp.set
2025-04-27 10:21:32,542 - INFO - Successfully optimized Basic-CCI-RSI_01_standard.set -> Basic-CCI-RSI_01_otp.set
2025-04-27 10:21:32,543 - INFO - Successfully optimized Basic-Martingale-EA-3_01_standard.set -> Basic-Martingale-EA-3_01_otp.set
2025-04-27 10:21:32,544 - INFO - Successfully optimized BBPercentile-EA_01_standard.set -> BBPercentile-EA_01_otp.set
2025-04-27 10:21:32,545 - INFO - Successfully optimized BBPercentile_01_standard.set -> BBPercentile_01_otp.set
2025-04-27 10:21:32,546 - INFO - Successfully optimized BDCrossOver-20EA_01_standard.set -> BDCrossOver-20EA_01_otp.set
2025-04-27 10:21:32,547 - INFO - Successfully optimized BIG-DOG_01_standard.set -> BIG-DOG_01_otp.set
2025-04-27 10:21:32,548 - INFO - Successfully optimized Bill-Williams_01_standard.set -> Bill-Williams_01_otp.set
2025-04-27 10:21:32,549 - INFO - Successfully optimized Bollinger-Band-Two-MA-and-Zig-Zag_01_standard.set -> Bollinger-Band-Two-MA-and-Zig-Zag_01_otp.set
2025-04-27 10:21:32,550 - INFO - Successfully optimized Bollinger-Bands-N-positions_01_standard.set -> Bollinger-Bands-N-positions_01_otp.set
2025-04-27 10:21:32,551 - INFO - Successfully optimized Bollinger-Bands-RSI_01_standard.set -> Bollinger-Bands-RSI_01_otp.set
2025-04-27 10:21:32,552 - INFO - Successfully optimized bollinger_01_standard.set -> bollinger_01_otp.set
2025-04-27 10:21:32,553 - INFO - Successfully optimized Brakeout-Trader_01_standard.set -> Brakeout-Trader_01_otp.set
2025-04-27 10:21:32,554 - INFO - Successfully optimized Brandy_01_standard.set -> Brandy_01_otp.set
2025-04-27 10:21:32,555 - INFO - Successfully optimized Breadandbutter2_01_standard.set -> Breadandbutter2_01_otp.set
2025-04-27 10:21:32,556 - INFO - Successfully optimized Breakdown-catcher_01_standard.set -> Breakdown-catcher_01_otp.set
2025-04-27 10:21:32,557 - INFO - Successfully optimized breakdown_01_standard.set -> breakdown_01_otp.set
2025-04-27 10:21:32,558 - INFO - Successfully optimized Breakout-Str_01_standard.set -> Breakout-Str_01_otp.set
2025-04-27 10:21:32,560 - INFO - Successfully optimized Bronze-Warrioir_01_standard.set -> Bronze-Warrioir_01_otp.set
2025-04-27 10:21:32,561 - INFO - Successfully optimized Bruno_01_standard.set -> Bruno_01_otp.set
2025-04-27 10:21:32,562 - INFO - Successfully optimized BSS-1-0_01_standard.set -> BSS-1-0_01_otp.set
2025-04-27 10:21:32,562 - INFO - Successfully optimized Bullish-and-Bearish-Engulfing_01_standard.set -> Bullish-and-Bearish-Engulfing_01_otp.set
2025-04-27 10:21:32,563 - INFO - Successfully optimized Burg-Extrapolator_01_standard.set -> Burg-Extrapolator_01_otp.set
2025-04-27 10:21:32,565 - INFO - Successfully optimized BykovTrend-EA_01_standard.set -> BykovTrend-EA_01_otp.set
2025-04-27 10:21:32,566 - INFO - Successfully optimized Calculate-lotsize-and-Trailling-stop_01_standard.set -> Calculate-lotsize-and-Trailling-stop_01_otp.set
2025-04-27 10:21:32,567 - INFO - Successfully optimized candlepatternsexample_01_standard.set -> candlepatternsexample_01_otp.set
2025-04-27 10:21:32,568 - INFO - Successfully optimized Candle_01_standard.set -> Candle_01_otp.set
2025-04-27 10:21:32,569 - INFO - Successfully optimized Carbophos_01_standard.set -> Carbophos_01_otp.set
2025-04-27 10:21:32,570 - INFO - Successfully optimized CashMachine-5min_01_standard.set -> CashMachine-5min_01_otp.set
2025-04-27 10:21:32,571 - INFO - Successfully optimized CCI-MACD-Scalper_01_standard.set -> CCI-MACD-Scalper_01_otp.set
2025-04-27 10:21:32,572 - INFO - Successfully optimized Cidomo_01_standard.set -> Cidomo_01_otp.set
2025-04-27 10:21:32,573 - INFO - Successfully optimized CloseAgent_01_standard.set -> CloseAgent_01_otp.set
2025-04-27 10:21:32,574 - INFO - Successfully optimized CloseProfit_01_standard.set -> CloseProfit_01_otp.set
2025-04-27 10:21:32,575 - INFO - Successfully optimized cloud's-trade-2_01_standard.set -> cloud's-trade-2_01_otp.set
2025-04-27 10:21:32,575 - INFO - Successfully optimized CLOUD_01_standard.set -> CLOUD_01_otp.set
2025-04-27 10:21:32,576 - INFO - Successfully optimized Constituents-EA_01_standard.set -> Constituents-EA_01_otp.set
2025-04-27 10:21:32,577 - INFO - Successfully optimized Contrarian-trade-MA_01_standard.set -> Contrarian-trade-MA_01_otp.set
2025-04-27 10:21:32,578 - INFO - Successfully optimized Crossing-Moving-Average_01_standard.set -> Crossing-Moving-Average_01_otp.set
2025-04-27 10:21:32,579 - INFO - Successfully optimized CrossMA_01_standard.set -> CrossMA_01_otp.set
2025-04-27 10:21:32,580 - INFO - Successfully optimized Currencyprofits-01.1_01_standard.set -> Currencyprofits-01.1_01_otp.set
2025-04-27 10:21:32,581 - INFO - Successfully optimized Daily-20reversal-20-20EA_01_standard.set -> Daily-20reversal-20-20EA_01_otp.set
2025-04-27 10:21:32,582 - INFO - Successfully optimized Daily-BreakPoint_01_standard.set -> Daily-BreakPoint_01_otp.set
2025-04-27 10:21:32,584 - INFO - Successfully optimized Daily-Open-EA_01_standard.set -> Daily-Open-EA_01_otp.set
2025-04-27 10:21:32,585 - INFO - Successfully optimized Daily-range_01_standard.set -> Daily-range_01_otp.set
2025-04-27 10:21:32,586 - INFO - Successfully optimized Day-Trading-PAMXA_01_standard.set -> Day-Trading-PAMXA_01_otp.set
2025-04-27 10:21:32,587 - INFO - Successfully optimized Daydream_01_standard.set -> Daydream_01_otp.set
2025-04-27 10:21:32,588 - INFO - Successfully optimized DayTrading_01_standard.set -> DayTrading_01_otp.set
2025-04-27 10:21:32,588 - INFO - Successfully optimized Dealers-Trade-v-7.74-MACD_01_standard.set -> Dealers-Trade-v-7.74-MACD_01_otp.set
2025-04-27 10:21:32,589 - INFO - Successfully optimized Deep-Drawdown-MA_01_standard.set -> Deep-Drawdown-MA_01_otp.set
2025-04-27 10:21:32,590 - INFO - Successfully optimized DeMarker-gaining-position-volume-2_01_standard.set -> DeMarker-gaining-position-volume-2_01_otp.set
2025-04-27 10:21:32,591 - INFO - Successfully optimized DeMarker-gaining-position-volume_01_standard.set -> DeMarker-gaining-position-volume_01_otp.set
2025-04-27 10:21:32,592 - INFO - Successfully optimized DeMarker-Pending-2-5_01_standard.set -> DeMarker-Pending-2-5_01_otp.set
2025-04-27 10:21:32,594 - INFO - Successfully optimized DeMarker-Pending-2_01_standard.set -> DeMarker-Pending-2_01_otp.set
2025-04-27 10:21:32,595 - INFO - Successfully optimized DeMarker-Pending_01_standard.set -> DeMarker-Pending_01_otp.set
2025-04-27 10:21:32,596 - INFO - Successfully optimized Dematus_01_standard.set -> Dematus_01_otp.set
2025-04-27 10:21:32,597 - INFO - Successfully optimized Divergence-20for-20many-20indicator_01_standard.set -> Divergence-20for-20many-20indicator_01_otp.set
2025-04-27 10:21:32,598 - INFO - Successfully optimized Divergence-EA_01_standard.set -> Divergence-EA_01_otp.set
2025-04-27 10:21:32,599 - INFO - Successfully optimized Doji-Arrows_01_standard.set -> Doji-Arrows_01_otp.set
2025-04-27 10:21:32,600 - INFO - Successfully optimized DojiTrader_01_standard.set -> DojiTrader_01_otp.set
2025-04-27 10:21:32,601 - INFO - Successfully optimized Donchian-Chanel-EA_01_standard.set -> Donchian-Chanel-EA_01_otp.set
2025-04-27 10:21:32,602 - INFO - Successfully optimized DoubleHullMA-EA_01_standard.set -> DoubleHullMA-EA_01_otp.set
2025-04-27 10:21:32,603 - INFO - Successfully optimized DoubleHullMA_01_standard.set -> DoubleHullMA_01_otp.set
2025-04-27 10:21:32,604 - INFO - Successfully optimized DoubleMA-Crossover-EA_01_standard.set -> DoubleMA-Crossover-EA_01_otp.set
2025-04-27 10:21:32,605 - INFO - Successfully optimized Doubler_01_standard.set -> Doubler_01_otp.set
2025-04-27 10:21:32,607 - INFO - Successfully optimized dummy_01_standard.set -> dummy_01_otp.set
2025-04-27 10:21:32,608 - INFO - Successfully optimized Dynamic-averaging_01_standard.set -> Dynamic-averaging_01_otp.set
2025-04-27 10:21:32,609 - INFO - Successfully optimized e-Breakeven_01_standard.set -> e-Breakeven_01_otp.set
2025-04-27 10:21:32,609 - INFO - Successfully optimized E-Friday_01_standard.set -> E-Friday_01_otp.set
2025-04-27 10:21:32,610 - INFO - Successfully optimized E-Skoch-Open_01_standard.set -> E-Skoch-Open_01_otp.set
2025-04-27 10:21:32,611 - INFO - Successfully optimized e-Skoch-pending-orders_01_standard.set -> e-Skoch-pending-orders_01_otp.set
2025-04-27 10:21:32,612 - INFO - Successfully optimized e-Smart-Trailing_01_standard.set -> e-Smart-Trailing_01_otp.set
2025-04-27 10:21:32,613 - INFO - Successfully optimized e-TurboFx_01_standard.set -> e-TurboFx_01_otp.set
2025-04-27 10:21:32,614 - INFO - Successfully optimized EA-Close_01_standard.set -> EA-Close_01_otp.set
2025-04-27 10:21:32,615 - INFO - Successfully optimized EA-MA-Stoch-RSI_01_standard.set -> EA-MA-Stoch-RSI_01_otp.set
2025-04-27 10:21:32,617 - INFO - Successfully optimized EA-Moving-Average_01_standard.set -> EA-Moving-Average_01_otp.set
2025-04-27 10:21:32,618 - INFO - Successfully optimized Elite-eFibo-Trader_01_standard.set -> Elite-eFibo-Trader_01_otp.set
2025-04-27 10:21:32,619 - INFO - Successfully optimized EMA-6.12_01_standard.set -> EMA-6.12_01_otp.set
2025-04-27 10:21:32,620 - INFO - Successfully optimized EMA-CROSS_01_standard.set -> EMA-CROSS_01_otp.set
2025-04-27 10:21:32,621 - INFO - Successfully optimized EMA-LWMA-RSI_01_standard.set -> EMA-LWMA-RSI_01_otp.set
2025-04-27 10:21:32,622 - INFO - Successfully optimized EMA-RSI-EA_01_standard.set -> EMA-RSI-EA_01_otp.set
2025-04-27 10:21:32,624 - INFO - Successfully optimized EMA-WMA_01_standard.set -> EMA-WMA_01_otp.set
2025-04-27 10:21:32,625 - INFO - Successfully optimized EMA_01_standard.set -> EMA_01_otp.set
2025-04-27 10:21:32,626 - INFO - Successfully optimized Eugene_01_standard.set -> Eugene_01_otp.set
2025-04-27 10:21:32,627 - INFO - Successfully optimized eur-usd-m5_01_standard.set -> eur-usd-m5_01_otp.set
2025-04-27 10:21:32,628 - INFO - Successfully optimized EURUSD-breakout_01_standard.set -> EURUSD-breakout_01_otp.set
2025-04-27 10:21:32,629 - INFO - Successfully optimized Executer-AC_01_standard.set -> Executer-AC_01_otp.set
2025-04-27 10:21:32,630 - ERROR - Error reading C:\Users\nikol\AppData\Roaming\MetaQuotes\Terminal\4B1CE69F577705455263BD980C39A82C\MQL5\Profiles\Tester\Executor AO.set: 'utf-8' codec can't decode byte 0xff in position 0: invalid start byte
2025-04-27 10:21:32,631 - INFO - Successfully optimized Executor AO.set -> Executor AO_otp.set
2025-04-27 10:21:32,632 - INFO - Successfully optimized Executor-AO_01_standard.set -> Executor-AO_01_otp.set
2025-04-27 10:21:32,633 - INFO - Successfully optimized Executor-Candles_01_standard.set -> Executor-Candles_01_otp.set
2025-04-27 10:21:32,633 - INFO - Successfully optimized exp-Amstell_01_standard.set -> exp-Amstell_01_otp.set
2025-04-27 10:21:32,634 - INFO - Successfully optimized Expert-NEWS_01_standard.set -> Expert-NEWS_01_otp.set
2025-04-27 10:21:32,635 - INFO - Successfully optimized Expert-RSI-Stochastic-MA_01_standard.set -> Expert-RSI-Stochastic-MA_01_otp.set
2025-04-27 10:21:32,636 - ERROR - Error reading C:\Users\nikol\AppData\Roaming\MetaQuotes\Terminal\4B1CE69F577705455263BD980C39A82C\MQL5\Profiles\Tester\Expert_RSI_Stochastic_MA.set: 'utf-8' codec can't decode byte 0xff in position 0: invalid start byte
2025-04-27 10:21:32,637 - INFO - Successfully optimized Expert_RSI_Stochastic_MA.set -> Expert_RSI_Stochastic_MA_otp.set
2025-04-27 10:21:32,637 - ERROR - Error reading C:\Users\nikol\AppData\Roaming\MetaQuotes\Terminal\4B1CE69F577705455263BD980C39A82C\MQL5\Profiles\Tester\exp_Amstell.set: 'utf-8' codec can't decode byte 0xff in position 0: invalid start byte
2025-04-27 10:21:32,638 - INFO - Successfully optimized exp_Amstell.set -> exp_Amstell_otp.set
2025-04-27 10:21:32,639 - INFO - Successfully optimized ExtremePrice-EA_01_standard.set -> ExtremePrice-EA_01_otp.set
2025-04-27 10:21:32,640 - INFO - Successfully optimized FiboRetracement-20EA_01_standard.set -> FiboRetracement-20EA_01_otp.set
2025-04-27 10:21:32,641 - INFO - Successfully optimized Firebird_01_standard.set -> Firebird_01_otp.set
2025-04-27 10:21:32,643 - INFO - Successfully optimized Firestorm-EA_01_standard.set -> Firestorm-EA_01_otp.set
2025-04-27 10:21:32,644 - INFO - Successfully optimized Firestorm-indicator_01_standard.set -> Firestorm-indicator_01_otp.set
2025-04-27 10:21:32,645 - INFO - Successfully optimized Fluctuate_01_standard.set -> Fluctuate_01_otp.set
2025-04-27 10:21:32,646 - INFO - Successfully optimized Forex-Fraus-M1_01_standard.set -> Forex-Fraus-M1_01_otp.set
2025-04-27 10:21:32,647 - INFO - Successfully optimized Forex-Profit_01_standard.set -> Forex-Profit_01_otp.set
2025-04-27 10:21:32,648 - INFO - Successfully optimized Fractals-minimum-distance_01_standard.set -> Fractals-minimum-distance_01_otp.set
2025-04-27 10:21:32,649 - INFO - Successfully optimized Fraktrak-xonax_01_standard.set -> Fraktrak-xonax_01_otp.set
2025-04-27 10:21:32,650 - INFO - Successfully optimized Frank-Ud_01_standard.set -> Frank-Ud_01_otp.set
2025-04-27 10:21:32,651 - INFO - Successfully optimized FT-CCI_01_standard.set -> FT-CCI_01_otp.set
2025-04-27 10:21:32,652 - INFO - Successfully optimized Fuzzy-logic_01_standard.set -> Fuzzy-logic_01_otp.set
2025-04-27 10:21:32,653 - INFO - Successfully optimized GalacticExplosion_01_standard.set -> GalacticExplosion_01_otp.set
2025-04-27 10:21:32,654 - INFO - Successfully optimized Gandalf-PRO_01_standard.set -> Gandalf-PRO_01_otp.set
2025-04-27 10:21:32,655 - INFO - Successfully optimized Gap-DM_01_standard.set -> Gap-DM_01_otp.set
2025-04-27 10:21:32,656 - INFO - Successfully optimized GAP-EA_01_standard.set -> GAP-EA_01_otp.set
2025-04-27 10:21:32,657 - INFO - Successfully optimized Gaps_01_standard.set -> Gaps_01_otp.set
2025-04-27 10:21:32,658 - INFO - Successfully optimized GBP9AM_01_standard.set -> GBP9AM_01_otp.set
2025-04-27 10:21:32,659 - INFO - Successfully optimized GbpChf_01_standard.set -> GbpChf_01_otp.set
2025-04-27 10:21:32,660 - INFO - Successfully optimized Gold-Dust_01_standard.set -> Gold-Dust_01_otp.set
2025-04-27 10:21:32,660 - INFO - Successfully optimized GO_01_standard.set -> GO_01_otp.set
2025-04-27 10:21:32,661 - INFO - Successfully optimized GreenTrade_01_standard.set -> GreenTrade_01_otp.set
2025-04-27 10:21:32,663 - INFO - Successfully optimized Grid-Martingale_01_standard.set -> Grid-Martingale_01_otp.set
2025-04-27 10:21:32,664 - INFO - Successfully optimized GridEA_01_standard.set -> GridEA_01_otp.set
2025-04-27 10:21:32,665 - INFO - Successfully optimized Grid_01_standard.set -> Grid_01_otp.set
2025-04-27 10:21:32,665 - INFO - Successfully optimized HarVesteR_01_standard.set -> HarVesteR_01_otp.set
2025-04-27 10:21:32,666 - INFO - Successfully optimized HedgeEA_01_standard.set -> HedgeEA_01_otp.set
2025-04-27 10:21:32,667 - INFO - Successfully optimized hedger_01_standard.set -> hedger_01_otp.set
2025-04-27 10:21:32,668 - INFO - Successfully optimized Hedging-EA_01_standard.set -> Hedging-EA_01_otp.set
2025-04-27 10:21:32,670 - INFO - Successfully optimized Heiken-Ashi-Smoothed-EA-with-MA_01_standard.set -> Heiken-Ashi-Smoothed-EA-with-MA_01_otp.set
2025-04-27 10:21:32,671 - INFO - Successfully optimized Heiken-Ashi-Smoothed-EA_01_standard.set -> Heiken-Ashi-Smoothed-EA_01_otp.set
2025-04-27 10:21:32,672 - INFO - Successfully optimized heiken-ashi-smoothedLine_01_standard.set -> heiken-ashi-smoothedLine_01_otp.set
2025-04-27 10:21:32,672 - INFO - Successfully optimized heiken-ashi-smoothed_01_standard.set -> heiken-ashi-smoothed_01_otp.set
2025-04-27 10:21:32,674 - INFO - Successfully optimized HeikenAshi-Lines-EA_01_standard.set -> HeikenAshi-Lines-EA_01_otp.set
2025-04-27 10:21:32,675 - INFO - Successfully optimized HeikenAshi-Lines_01_standard.set -> HeikenAshi-Lines_01_otp.set
2025-04-27 10:21:32,676 - INFO - Successfully optimized Heinken-Ashi-Color-Candles_01_standard.set -> Heinken-Ashi-Color-Candles_01_otp.set
2025-04-27 10:21:32,677 - INFO - Successfully optimized HelloSmart_01_standard.set -> HelloSmart_01_otp.set
2025-04-27 10:21:32,678 - INFO - Successfully optimized High-Low-EA_01_standard.set -> High-Low-EA_01_otp.set
2025-04-27 10:21:32,679 - INFO - Successfully optimized High-Low-Indicator_01_standard.set -> High-Low-Indicator_01_otp.set
2025-04-27 10:21:32,680 - INFO - Successfully optimized Hoop-master-2_01_standard.set -> Hoop-master-2_01_otp.set
2025-04-27 10:21:32,681 - INFO - Successfully optimized iCCI-iMA_01_standard.set -> iCCI-iMA_01_otp.set
2025-04-27 10:21:32,683 - INFO - Successfully optimized ICH-With-Alert-Derekers-EA_01_standard.set -> ICH-With-Alert-Derekers-EA_01_otp.set
2025-04-27 10:21:32,684 - INFO - Successfully optimized ICH-With-Alert-Derekers_01_standard.set -> ICH-With-Alert-Derekers_01_otp.set
2025-04-27 10:21:32,685 - INFO - Successfully optimized ichimok2005_01_standard.set -> ichimok2005_01_otp.set
2025-04-27 10:21:32,686 - INFO - Successfully optimized Ichimoku-20Kijun-20Alert_01_standard.set -> Ichimoku-20Kijun-20Alert_01_otp.set
2025-04-27 10:21:32,687 - INFO - Successfully optimized Ichimoku-20Tenkan-20Alert_01_standard.set -> Ichimoku-20Tenkan-20Alert_01_otp.set
2025-04-27 10:21:32,688 - INFO - Successfully optimized Ichimoku-Scanner_01_standard.set -> Ichimoku-Scanner_01_otp.set
2025-04-27 10:21:32,689 - INFO - Successfully optimized Ichimoku-Signals-and-Alert_01_standard.set -> Ichimoku-Signals-and-Alert_01_otp.set
2025-04-27 10:21:32,690 - INFO - Successfully optimized IchimokuMTF-EA_01_standard.set -> IchimokuMTF-EA_01_otp.set
2025-04-27 10:21:32,691 - INFO - Successfully optimized Ichimoku_01_standard.set -> Ichimoku_01_otp.set
2025-04-27 10:21:32,692 - INFO - Successfully optimized Ilan-iMA_01_standard.set -> Ilan-iMA_01_otp.set
2025-04-27 10:21:32,693 - INFO - Successfully optimized Ilan1.4_01_standard.set -> Ilan1.4_01_otp.set
2025-04-27 10:21:32,694 - INFO - Successfully optimized iMA-iStdDev_01_standard.set -> iMA-iStdDev_01_otp.set
2025-04-27 10:21:32,696 - INFO - Successfully optimized Indices-Tester_01_standard.set -> Indices-Tester_01_otp.set
2025-04-27 10:21:32,697 - INFO - Successfully optimized Inka-20Edho-20EA_01_standard.set -> Inka-20Edho-20EA_01_otp.set
2025-04-27 10:21:32,698 - INFO - Successfully optimized Intersection-2-iMA_01_standard.set -> Intersection-2-iMA_01_otp.set
2025-04-27 10:21:32,699 - INFO - Successfully optimized IStochastic-Trading_01_standard.set -> IStochastic-Trading_01_otp.set
2025-04-27 10:21:32,700 - INFO - Successfully optimized Ivan_01_standard.set -> Ivan_01_otp.set
2025-04-27 10:21:32,701 - INFO - Successfully optimized iVIDyA-Simple_01_standard.set -> iVIDyA-Simple_01_otp.set
2025-04-27 10:21:32,702 - INFO - Successfully optimized Jackpot-Strategy-EA_01_standard.set -> Jackpot-Strategy-EA_01_otp.set
2025-04-27 10:21:32,703 - INFO - Successfully optimized JackPot-Strategy-Elite_01_standard.set -> JackPot-Strategy-Elite_01_otp.set
2025-04-27 10:21:32,704 - INFO - Successfully optimized JK-BullP-AutoTrader_01_standard.set -> JK-BullP-AutoTrader_01_otp.set
2025-04-27 10:21:32,705 - INFO - Successfully optimized JS-Chaos_01_standard.set -> JS-Chaos_01_otp.set
2025-04-27 10:21:32,706 - INFO - Successfully optimized JS-MA-Day_01_standard.set -> JS-MA-Day_01_otp.set
2025-04-27 10:21:32,707 - INFO - Successfully optimized JS-MA-SAR-Trades_01_standard.set -> JS-MA-SAR-Trades_01_otp.set
2025-04-27 10:21:32,708 - INFO - Successfully optimized KA-Gold-Bot_01_standard.set -> KA-Gold-Bot_01_otp.set
2025-04-27 10:21:32,710 - INFO - Successfully optimized Kue-Electric-EA_01_standard.set -> Kue-Electric-EA_01_otp.set
2025-04-27 10:21:32,711 - INFO - Successfully optimized KueFx-20Arrows_01_standard.set -> KueFx-20Arrows_01_otp.set
2025-04-27 10:21:32,712 - INFO - Successfully optimized KueFx-20Baseline_01_standard.set -> KueFx-20Baseline_01_otp.set
2025-04-27 10:21:32,713 - INFO - Successfully optimized KueFx-Arrows-20EA_01_standard.set -> KueFx-Arrows-20EA_01_otp.set
2025-04-27 10:21:32,714 - INFO - Successfully optimized KueFx-Arrows-EA_01_standard.set -> KueFx-Arrows-EA_01_otp.set
2025-04-27 10:21:32,715 - INFO - Successfully optimized KueFx-Arrows_01_standard.set -> KueFx-Arrows_01_otp.set
2025-04-27 10:21:32,716 - INFO - Successfully optimized KueFx-Baseline-EA_01_standard.set -> KueFx-Baseline-EA_01_otp.set
2025-04-27 10:21:32,717 - INFO - Successfully optimized KueFx-Baseline_01_standard.set -> KueFx-Baseline_01_otp.set
2025-04-27 10:21:32,718 - INFO - Successfully optimized KueFx-Clean-2025-EA_01_standard.set -> KueFx-Clean-2025-EA_01_otp.set
2025-04-27 10:21:32,719 - INFO - Successfully optimized KueFx-Extreme-EA_01_standard.set -> KueFx-Extreme-EA_01_otp.set
2025-04-27 10:21:32,720 - INFO - Successfully optimized KueFx-Harare-EA_01_standard.set -> KueFx-Harare-EA_01_otp.set
2025-04-27 10:21:32,722 - INFO - Successfully optimized KueFX-Money-Management_01_standard.set -> KueFX-Money-Management_01_otp.set
2025-04-27 10:21:32,723 - INFO - Successfully optimized KueFx-Motor-EA_01_standard.set -> KueFx-Motor-EA_01_otp.set
2025-04-27 10:21:32,724 - INFO - Successfully optimized KueFx-Motor_01_standard.set -> KueFx-Motor_01_otp.set
2025-04-27 10:21:32,725 - INFO - Successfully optimized KueFx-Trend_01_standard.set -> KueFx-Trend_01_otp.set
2025-04-27 10:21:32,727 - INFO - Successfully optimized KueFxTrend-20EA_01_standard.set -> KueFxTrend-20EA_01_otp.set
2025-04-27 10:21:32,728 - INFO - Successfully optimized KueFxTrend-EA_01_standard.set -> KueFxTrend-EA_01_otp.set
2025-04-27 10:21:32,729 - INFO - Successfully optimized LarryConnersRSI2_01_standard.set -> LarryConnersRSI2_01_otp.set
2025-04-27 10:21:32,730 - INFO - Successfully optimized Last-ZZ50_01_standard.set -> Last-ZZ50_01_otp.set
2025-04-27 10:21:32,731 - INFO - Successfully optimized Lavika100_01_standard.set -> Lavika100_01_otp.set
2025-04-27 10:21:32,732 - INFO - Successfully optimized LBS_01_standard.set -> LBS_01_otp.set
2025-04-27 10:21:32,733 - INFO - Successfully optimized Lego-EA_01_standard.set -> Lego-EA_01_otp.set
2025-04-27 10:21:32,734 - INFO - Successfully optimized Lesson-3-Price-Action_01_standard.set -> Lesson-3-Price-Action_01_otp.set
2025-04-27 10:21:32,735 - INFO - Successfully optimized Lesson-4-Price-Action-MA-Filter_01_standard.set -> Lesson-4-Price-Action-MA-Filter_01_otp.set
2025-04-27 10:21:32,736 - INFO - Successfully optimized Lesson-6-Trailling-ATR_01_standard.set -> Lesson-6-Trailling-ATR_01_otp.set
2025-04-27 10:21:32,737 - INFO - Successfully optimized Lesson-7-Price-action-Ket-hop-Volume-VSA_01_standard.set -> Lesson-7-Price-action-Ket-hop-Volume-VSA_01_otp.set
2025-04-27 10:21:32,738 - INFO - Successfully optimized Little-EA_01_standard.set -> Little-EA_01_otp.set
2025-04-27 10:21:32,739 - INFO - Successfully optimized Locker_01_standard.set -> Locker_01_otp.set
2025-04-27 10:21:32,740 - INFO - Successfully optimized Lock_01_standard.set -> Lock_01_otp.set
2025-04-27 10:21:32,741 - INFO - Successfully optimized Lucky_01_standard.set -> Lucky_01_otp.set
2025-04-27 10:21:32,742 - INFO - Successfully optimized MA-20Alert_01_standard.set -> MA-20Alert_01_otp.set
2025-04-27 10:21:32,743 - INFO - Successfully optimized MA-20AO-20Arrow_01_standard.set -> MA-20AO-20Arrow_01_otp.set
2025-04-27 10:21:32,744 - INFO - Successfully optimized MA-AO-EA_01_standard.set -> MA-AO-EA_01_otp.set
2025-04-27 10:21:32,745 - INFO - Successfully optimized ma-channels_01_standard.set -> ma-channels_01_otp.set
2025-04-27 10:21:32,746 - INFO - Successfully optimized MA-Cross_01_standard.set -> MA-Cross_01_otp.set
2025-04-27 10:21:32,747 - INFO - Successfully optimized MA-Envelopes_01_standard.set -> MA-Envelopes_01_otp.set
2025-04-27 10:21:32,748 - INFO - Successfully optimized MA-MACD-Position-averaging_01_standard.set -> MA-MACD-Position-averaging_01_otp.set
2025-04-27 10:21:32,749 - INFO - Successfully optimized MA-Trend_01_standard.set -> MA-Trend_01_otp.set
2025-04-27 10:21:32,750 - INFO - Successfully optimized MA2CCI_01_standard.set -> MA2CCI_01_otp.set
2025-04-27 10:21:32,751 - INFO - Successfully optimized MACD-and-SAR_01_standard.set -> MACD-and-SAR_01_otp.set
2025-04-27 10:21:32,752 - INFO - Successfully optimized MACD-Cleaner_01_standard.set -> MACD-Cleaner_01_otp.set
2025-04-27 10:21:32,753 - INFO - Successfully optimized MACD-EA-H4_01_standard.set -> MACD-EA-H4_01_otp.set
2025-04-27 10:21:32,754 - INFO - Successfully optimized MACD-No-Sample_01_standard.set -> MACD-No-Sample_01_otp.set
2025-04-27 10:21:32,755 - INFO - Successfully optimized MACD-signal_01_standard.set -> MACD-signal_01_otp.set
2025-04-27 10:21:32,756 - INFO - Successfully optimized MACD-Stochastic-2_01_standard.set -> MACD-Stochastic-2_01_otp.set
2025-04-27 10:21:32,757 - INFO - Successfully optimized MACD-Stochastic_01_standard.set -> MACD-Stochastic_01_otp.set
2025-04-27 10:21:32,758 - INFO - Successfully optimized MACDCCI_01_standard.set -> MACDCCI_01_otp.set
2025-04-27 10:21:32,760 - INFO - Successfully optimized MacdPatternTraderAll0.01_01_standard.set -> MacdPatternTraderAll0.01_01_otp.set
2025-04-27 10:21:32,761 - INFO - Successfully optimized MacdPatternTraderAll_01_standard.set -> MacdPatternTraderAll_01_otp.set
2025-04-27 10:21:32,762 - INFO - Successfully optimized MACD_01_standard.set -> MACD_01_otp.set
2025-04-27 10:21:32,763 - INFO - Successfully optimized MAGrid_01_standard.set -> MAGrid_01_otp.set
2025-04-27 10:21:32,764 - INFO - Successfully optimized MAMACD_01_standard.set -> MAMACD_01_otp.set
2025-04-27 10:21:32,765 - INFO - Successfully optimized Market-Capture_01_standard.set -> Market-Capture_01_otp.set
2025-04-27 10:21:32,766 - INFO - Successfully optimized Martin-1_01_standard.set -> Martin-1_01_otp.set
2025-04-27 10:21:32,767 - INFO - Successfully optimized Martin-for-small-deposits_01_standard.set -> Martin-for-small-deposits_01_otp.set
2025-04-27 10:21:32,768 - INFO - Successfully optimized MartingailExpert_01_standard.set -> MartingailExpert_01_otp.set
2025-04-27 10:21:32,769 - INFO - Successfully optimized MartinGaleBreakout_01_standard.set -> MartinGaleBreakout_01_otp.set
2025-04-27 10:21:32,770 - INFO - Successfully optimized Martin_01_standard.set -> Martin_01_otp.set
2025-04-27 10:21:32,771 - INFO - Successfully optimized Marubozu-EA_01_standard.set -> Marubozu-EA_01_otp.set
2025-04-27 10:21:32,772 - INFO - Successfully optimized Marubozu_01_standard.set -> Marubozu_01_otp.set
2025-04-27 10:21:32,773 - INFO - Successfully optimized MelBar-EuSwiss-1.85_01_standard.set -> MelBar-EuSwiss-1.85_01_otp.set
2025-04-27 10:21:32,774 - INFO - Successfully optimized MelBar™Take325-™-5.5Y-NZD-USD_01_standard.set -> MelBar™Take325-™-5.5Y-NZD-USD_01_otp.set
2025-04-27 10:21:32,775 - INFO - Successfully optimized Mobo-Bands-EA_01_standard.set -> Mobo-Bands-EA_01_otp.set
2025-04-27 10:21:32,776 - INFO - Successfully optimized Mobo-Bands_01_standard.set -> Mobo-Bands_01_otp.set
2025-04-27 10:21:32,777 - INFO - Successfully optimized Modified-Moving-Averages_01_standard.set -> Modified-Moving-Averages_01_otp.set
2025-04-27 10:21:32,778 - INFO - Successfully optimized Momentum-M15_01_standard.set -> Momentum-M15_01_otp.set
2025-04-27 10:21:32,779 - INFO - Successfully optimized Momo-trades_01_standard.set -> Momo-trades_01_otp.set
2025-04-27 10:21:32,780 - INFO - Successfully optimized Money-Fixed-Margin_01_standard.set -> Money-Fixed-Margin_01_otp.set
2025-04-27 10:21:32,781 - INFO - Successfully optimized Money-Fixed-Risk_01_standard.set -> Money-Fixed-Risk_01_otp.set
2025-04-27 10:21:32,782 - INFO - Successfully optimized MoneyRain_01_standard.set -> MoneyRain_01_otp.set
2025-04-27 10:21:32,783 - INFO - Successfully optimized Morning-evening-star-EA_01_standard.set -> Morning-evening-star-EA_01_otp.set
2025-04-27 10:21:32,784 - INFO - Successfully optimized MostasHaR15-Pivot_01_standard.set -> MostasHaR15-Pivot_01_otp.set
2025-04-27 10:21:32,785 - INFO - Successfully optimized Moving-20average-20and-20ichimoku-20EA_01_standard.set -> Moving-20average-20and-20ichimoku-20EA_01_otp.set
2025-04-27 10:21:32,785 - INFO - Successfully optimized Moving-Average-Trade-System_01_standard.set -> Moving-Average-Trade-System_01_otp.set
2025-04-27 10:21:32,787 - INFO - Successfully optimized Moving-Averages_01_standard.set -> Moving-Averages_01_otp.set
2025-04-27 10:21:32,788 - INFO - Successfully optimized MovingAverageMartinGale_01_standard.set -> MovingAverageMartinGale_01_otp.set
2025-04-27 10:21:32,789 - INFO - Successfully optimized MovingAverage_01_standard.set -> MovingAverage_01_otp.set
2025-04-27 10:21:32,790 - INFO - Successfully optimized MQL5-Wizard-MA-RSI_01_standard.set -> MQL5-Wizard-MA-RSI_01_otp.set
2025-04-27 10:21:32,791 - INFO - Successfully optimized MQL5-Wizard-MACD-Parabolic-SAR_01_standard.set -> MQL5-Wizard-MACD-Parabolic-SAR_01_otp.set
2025-04-27 10:21:32,792 - INFO - Successfully optimized MTC-Сombo_01_standard.set -> MTC-Сombo_01_otp.set
2025-04-27 10:21:32,793 - INFO - Successfully optimized Multi-Stochastic_01_standard.set -> Multi-Stochastic_01_otp.set
2025-04-27 10:21:32,794 - INFO - Successfully optimized MultiMartin_01_standard.set -> MultiMartin_01_otp.set
2025-04-27 10:21:32,795 - INFO - Successfully optimized MySystem_01_standard.set -> MySystem_01_otp.set
2025-04-27 10:21:32,796 - INFO - Successfully optimized N-Candles_01_standard.set -> N-Candles_01_otp.set
2025-04-27 10:21:32,797 - INFO - Successfully optimized Nevalyashka-BreakdownLevel_01_standard.set -> Nevalyashka-BreakdownLevel_01_otp.set
2025-04-27 10:21:32,798 - INFO - Successfully optimized Nevalyashka3-1_01_standard.set -> Nevalyashka3-1_01_otp.set
2025-04-27 10:21:32,799 - INFO - Successfully optimized Nevalyashka_01_standard.set -> Nevalyashka_01_otp.set
2025-04-27 10:21:32,800 - INFO - Successfully optimized New-Martin_01_standard.set -> New-Martin_01_otp.set
2025-04-27 10:21:32,800 - INFO - Successfully optimized New-Random_01_standard.set -> New-Random_01_otp.set
2025-04-27 10:21:32,801 - INFO - Successfully optimized Nextbar_01_standard.set -> Nextbar_01_otp.set
2025-04-27 10:21:32,802 - INFO - Successfully optimized Night-Flat-Trade_01_standard.set -> Night-Flat-Trade_01_otp.set
2025-04-27 10:21:32,804 - INFO - Successfully optimized NightScalper_01_standard.set -> NightScalper_01_otp.set
2025-04-27 10:21:32,805 - INFO - Successfully optimized NRTR-Revers_01_standard.set -> NRTR-Revers_01_otp.set
2025-04-27 10:21:32,806 - INFO - Successfully optimized NUp1Down_01_standard.set -> NUp1Down_01_otp.set
2025-04-27 10:21:32,807 - INFO - Successfully optimized Open-Candle-EA_01_standard.set -> Open-Candle-EA_01_otp.set
2025-04-27 10:21:32,808 - INFO - Successfully optimized Open-Close_01_standard.set -> Open-Close_01_otp.set
2025-04-27 10:21:32,809 - INFO - Successfully optimized Opening-and-ilosing-on-time_01_standard.set -> Opening-and-ilosing-on-time_01_otp.set
2025-04-27 10:21:32,810 - INFO - Successfully optimized Opening-and-Сlosing-on-time_01_standard.set -> Opening-and-Сlosing-on-time_01_otp.set
2025-04-27 10:21:32,811 - INFO - Successfully optimized OpenPendingorderAfterPositionGetStopLoss_01_standard.set -> OpenPendingorderAfterPositionGetStopLoss_01_otp.set
2025-04-27 10:21:32,812 - INFO - Successfully optimized OpenTicks_01_standard.set -> OpenTicks_01_otp.set
2025-04-27 10:21:32,813 - INFO - Successfully optimized ORB-EA-BOX_01_standard.set -> ORB-EA-BOX_01_otp.set
2025-04-27 10:21:32,814 - INFO - Successfully optimized OsMaSter_01_standard.set -> OsMaSter_01_otp.set
2025-04-27 10:21:32,815 - INFO - Successfully optimized OTT-20AND-20PRICE-20CROSS-20EA_01_standard.set -> OTT-20AND-20PRICE-20CROSS-20EA_01_otp.set
2025-04-27 10:21:32,816 - INFO - Successfully optimized OverHedge_01_standard.set -> OverHedge_01_otp.set
2025-04-27 10:21:32,817 - INFO - Successfully optimized OzFx_01_standard.set -> OzFx_01_otp.set
2025-04-27 10:21:32,818 - INFO - Successfully optimized Parabolic-SAR_01_standard.set -> Parabolic-SAR_01_otp.set
2025-04-27 10:21:32,820 - INFO - Successfully optimized PARSI-EA_01_standard.set -> PARSI-EA_01_otp.set
2025-04-27 10:21:32,821 - INFO - Successfully optimized Peceptron-Mult_01_standard.set -> Peceptron-Mult_01_otp.set
2025-04-27 10:21:32,822 - INFO - Successfully optimized Pending-orders-by-time-2_01_standard.set -> Pending-orders-by-time-2_01_otp.set
2025-04-27 10:21:32,823 - INFO - Successfully optimized Pending-orders-by-time_01_standard.set -> Pending-orders-by-time_01_otp.set
2025-04-27 10:21:32,824 - INFO - Successfully optimized Pendulum_01_standard.set -> Pendulum_01_otp.set
2025-04-27 10:21:32,825 - INFO - Successfully optimized Pinball-machine_01_standard.set -> Pinball-machine_01_otp.set
2025-04-27 10:21:32,826 - INFO - Successfully optimized Pinbar-Magic-EA_01_standard.set -> Pinbar-Magic-EA_01_otp.set
2025-04-27 10:21:32,827 - INFO - Successfully optimized PinBar-Magic-Indicator_01_standard.set -> PinBar-Magic-Indicator_01_otp.set
2025-04-27 10:21:32,828 - INFO - Successfully optimized Pipsover_01_standard.set -> Pipsover_01_otp.set
2025-04-27 10:21:32,829 - INFO - Successfully optimized Plan-X_01_standard.set -> Plan-X_01_otp.set
2025-04-27 10:21:32,830 - INFO - Successfully optimized Plateau_01_standard.set -> Plateau_01_otp.set
2025-04-27 10:21:32,831 - INFO - Successfully optimized Poker-SHOW_01_standard.set -> Poker-SHOW_01_otp.set
2025-04-27 10:21:32,832 - INFO - Successfully optimized Precipice-MartIn_01_standard.set -> Precipice-MartIn_01_otp.set
2025-04-27 10:21:32,833 - INFO - Successfully optimized Precipice_01_standard.set -> Precipice_01_otp.set
2025-04-27 10:21:32,835 - INFO - Successfully optimized Probe_01_standard.set -> Probe_01_otp.set
2025-04-27 10:21:32,836 - INFO - Successfully optimized Proffessor_01_standard.set -> Proffessor_01_otp.set
2025-04-27 10:21:32,838 - INFO - Successfully optimized PropFirmHelper_01_standard.set -> PropFirmHelper_01_otp.set
2025-04-27 10:21:32,839 - INFO - Successfully optimized PROphet_01_standard.set -> PROphet_01_otp.set
2025-04-27 10:21:32,840 - INFO - Successfully optimized Puria-method_01_standard.set -> Puria-method_01_otp.set
2025-04-27 10:21:32,841 - INFO - Successfully optimized Rabbit3_01_standard.set -> Rabbit3_01_otp.set
2025-04-27 10:21:32,842 - INFO - Successfully optimized Range-Breakout_01_standard.set -> Range-Breakout_01_otp.set
2025-04-27 10:21:32,843 - INFO - Successfully optimized Rapid-Doji-EA_01_standard.set -> Rapid-Doji-EA_01_otp.set
2025-04-27 10:21:32,844 - INFO - Successfully optimized Raymond-Cloudy-Day-for-EA_01_standard.set -> Raymond-Cloudy-Day-for-EA_01_otp.set
2025-04-27 10:21:32,845 - INFO - Successfully optimized Reflex-EA_01_standard.set -> Reflex-EA_01_otp.set
2025-04-27 10:21:32,846 - INFO - Successfully optimized REFLEX-INDICATOR_01_standard.set -> REFLEX-INDICATOR_01_otp.set
2025-04-27 10:21:32,847 - INFO - Successfully optimized Reflex_01_standard.set -> Reflex_01_otp.set
2025-04-27 10:21:32,848 - INFO - Successfully optimized Reversing-Martingale_01_standard.set -> Reversing-Martingale_01_otp.set
2025-04-27 10:21:32,850 - INFO - Successfully optimized RideAlligator_01_standard.set -> RideAlligator_01_otp.set
2025-04-27 10:21:32,851 - INFO - Successfully optimized RNN_01_standard.set -> RNN_01_otp.set
2025-04-27 10:21:32,852 - INFO - Successfully optimized Robot-MACD_01_standard.set -> Robot-MACD_01_otp.set
2025-04-27 10:21:32,853 - INFO - Successfully optimized RobotPowerM5-meta4_01_standard.set -> RobotPowerM5-meta4_01_otp.set
2025-04-27 10:21:32,854 - INFO - Successfully optimized Rollback-system_01_standard.set -> Rollback-system_01_otp.set
2025-04-27 10:21:32,855 - INFO - Successfully optimized RSI-and-Bollinger-Bands_01_standard.set -> RSI-and-Bollinger-Bands_01_otp.set
2025-04-27 10:21:32,856 - INFO - Successfully optimized RSI-Arrow-EA_01_standard.set -> RSI-Arrow-EA_01_otp.set
2025-04-27 10:21:32,857 - INFO - Successfully optimized RSI-Arrow_01_standard.set -> RSI-Arrow_01_otp.set
2025-04-27 10:21:32,858 - INFO - Successfully optimized RSI-EA_01_standard.set -> RSI-EA_01_otp.set
2025-04-27 10:21:32,859 - INFO - Successfully optimized RSI-Eraser_01_standard.set -> RSI-Eraser_01_otp.set
2025-04-27 10:21:32,860 - INFO - Successfully optimized RSI-Expert_01_standard.set -> RSI-Expert_01_otp.set
2025-04-27 10:21:32,861 - INFO - Successfully optimized RSI-Levels_01_standard.set -> RSI-Levels_01_otp.set
2025-04-27 10:21:32,862 - INFO - Successfully optimized RSI-trader_01_standard.set -> RSI-trader_01_otp.set
2025-04-27 10:21:32,863 - INFO - Successfully optimized RSI-Trend-EA_01_standard.set -> RSI-Trend-EA_01_otp.set
2025-04-27 10:21:32,864 - INFO - Successfully optimized RSI-Trend_01_standard.set -> RSI-Trend_01_otp.set
2025-04-27 10:21:32,865 - INFO - Successfully optimized RSI-with-channels-EA_01_standard.set -> RSI-with-channels-EA_01_otp.set
2025-04-27 10:21:32,866 - INFO - Successfully optimized RSI-with-channels_01_standard.set -> RSI-with-channels_01_otp.set
2025-04-27 10:21:32,867 - INFO - Successfully optimized Russian20-hp1_01_standard.set -> Russian20-hp1_01_otp.set
2025-04-27 10:21:32,868 - INFO - Successfully optimized SampleCheckPendingOrder_01_standard.set -> SampleCheckPendingOrder_01_otp.set
2025-04-27 10:21:32,869 - INFO - Successfully optimized SAR-trading_01_standard.set -> SAR-trading_01_otp.set
2025-04-27 10:21:32,870 - INFO - Successfully optimized Secwenta_01_standard.set -> Secwenta_01_otp.set
2025-04-27 10:21:32,871 - INFO - Successfully optimized Sell-Stop_01_standard.set -> Sell-Stop_01_otp.set
2025-04-27 10:21:32,872 - INFO - Successfully optimized Sensitive_01_standard.set -> Sensitive_01_otp.set
2025-04-27 10:21:32,873 - INFO - Successfully optimized Separate-trade_01_standard.set -> Separate-trade_01_otp.set
2025-04-27 10:21:32,874 - INFO - Successfully optimized SilverTrend_01_standard.set -> SilverTrend_01_otp.set
2025-04-27 10:21:32,875 - INFO - Successfully optimized Simple-20Price-20Alert-20-20EA_01_standard.set -> Simple-20Price-20Alert-20-20EA_01_otp.set
2025-04-27 10:21:32,876 - INFO - Successfully optimized Simple-20Volume-20EA_01_standard.set -> Simple-20Volume-20EA_01_otp.set
2025-04-27 10:21:32,877 - INFO - Successfully optimized Simple-EA-MA-plus-MACD_01_standard.set -> Simple-EA-MA-plus-MACD_01_otp.set
2025-04-27 10:21:32,878 - INFO - Successfully optimized Simple-FX_01_standard.set -> Simple-FX_01_otp.set
2025-04-27 10:21:32,879 - INFO - Successfully optimized Simple-MACD_01_standard.set -> Simple-MACD_01_otp.set
2025-04-27 10:21:32,880 - INFO - Successfully optimized Simple-Volume-EA_01_standard.set -> Simple-Volume-EA_01_otp.set
2025-04-27 10:21:32,881 - INFO - Successfully optimized SimplePivot_01_standard.set -> SimplePivot_01_otp.set
2025-04-27 10:21:32,882 - INFO - Successfully optimized Simplest-Hedging-EA-ever_01_standard.set -> Simplest-Hedging-EA-ever_01_otp.set
2025-04-27 10:21:32,883 - INFO - Successfully optimized SimpleTrade _01_standard.set -> SimpleTrade _01_otp.set
2025-04-27 10:21:32,884 - INFO - Successfully optimized Six-Soldiers-EA-Grid_01_standard.set -> Six-Soldiers-EA-Grid_01_otp.set
2025-04-27 10:21:32,885 - INFO - Successfully optimized Six-Soldiers-EA_01_standard.set -> Six-Soldiers-EA_01_otp.set
2025-04-27 10:21:32,886 - INFO - Successfully optimized Six-Soldiers_01_standard.set -> Six-Soldiers_01_otp.set
2025-04-27 10:21:32,887 - INFO - Successfully optimized Small-Inside-Bar-Strategy_01_standard.set -> Small-Inside-Bar-Strategy_01_otp.set
2025-04-27 10:21:32,888 - INFO - Successfully optimized Smart-Machine-20EA_01_standard.set -> Smart-Machine-20EA_01_otp.set
2025-04-27 10:21:32,889 - INFO - Successfully optimized Smoothing-Average_01_standard.set -> Smoothing-Average_01_otp.set
2025-04-27 10:21:32,890 - INFO - Successfully optimized Spasm_01_standard.set -> Spasm_01_otp.set
2025-04-27 10:21:32,891 - INFO - Successfully optimized ssb5-123_01_standard.set -> ssb5-123_01_otp.set
2025-04-27 10:21:32,892 - INFO - Successfully optimized Starter_01_standard.set -> Starter_01_otp.set
2025-04-27 10:21:32,893 - INFO - Successfully optimized Steve-Cartwright-Trader-Camel-CCI-MACD_01_standard.set -> Steve-Cartwright-Trader-Camel-CCI-MACD_01_otp.set
2025-04-27 10:21:32,894 - INFO - Successfully optimized Stoch-EA-1192_01_standard.set -> Stoch-EA-1192_01_otp.set
2025-04-27 10:21:32,894 - INFO - Successfully optimized Stochastic-20Alert_01_standard.set -> Stochastic-20Alert_01_otp.set
2025-04-27 10:21:32,895 - INFO - Successfully optimized Stochastic-K-Divergence.lua_01_standard.set -> Stochastic-K-Divergence.lua_01_otp.set
2025-04-27 10:21:32,897 - INFO - Successfully optimized stochastic-three-periods_01_standard.set -> stochastic-three-periods_01_otp.set
2025-04-27 10:21:32,898 - INFO - Successfully optimized StochasticDiffSign-EA_01_standard.set -> StochasticDiffSign-EA_01_otp.set
2025-04-27 10:21:32,899 - INFO - Successfully optimized stochasticdiffsign_01_standard.set -> stochasticdiffsign_01_otp.set
2025-04-27 10:21:32,900 - INFO - Successfully optimized StochMA-EA_01_standard.set -> StochMA-EA_01_otp.set
2025-04-27 10:21:32,902 - INFO - Successfully optimized StochMA_01_standard.set -> StochMA_01_otp.set
2025-04-27 10:21:32,903 - INFO - Successfully optimized Stoch_01_standard.set -> Stoch_01_otp.set
2025-04-27 10:21:32,904 - INFO - Successfully optimized Stop-Loss-Take-Profit_01_standard.set -> Stop-Loss-Take-Profit_01_otp.set
2025-04-27 10:21:32,905 - INFO - Successfully optimized StraddleqTrail_01_standard.set -> StraddleqTrail_01_otp.set
2025-04-27 10:21:32,906 - INFO - Successfully optimized Surefirething_01_standard.set -> Surefirething_01_otp.set
2025-04-27 10:21:32,907 - INFO - Successfully optimized TDSGlobal_01_standard.set -> TDSGlobal_01_otp.set
2025-04-27 10:21:32,908 - INFO - Successfully optimized The-MasterMind-2_01_standard.set -> The-MasterMind-2_01_otp.set
2025-04-27 10:21:32,909 - INFO - Successfully optimized The-MasterMind-3_01_standard.set -> The-MasterMind-3_01_otp.set
2025-04-27 10:21:32,910 - INFO - Successfully optimized The-MasterMind_01_standard.set -> The-MasterMind_01_otp.set
2025-04-27 10:21:32,912 - INFO - Successfully optimized The-Puncher_01_standard.set -> The-Puncher_01_otp.set
2025-04-27 10:21:32,913 - INFO - Successfully optimized TheClassicTurtleTrader-no-dots-EA_01_standard.set -> TheClassicTurtleTrader-no-dots-EA_01_otp.set
2025-04-27 10:21:32,914 - INFO - Successfully optimized TheClassicTurtleTrader-no-dots_01_standard.set -> TheClassicTurtleTrader-no-dots_01_otp.set
2025-04-27 10:21:32,916 - INFO - Successfully optimized Three-indicators_01_standard.set -> Three-indicators_01_otp.set
2025-04-27 10:21:32,917 - INFO - Successfully optimized Three-neural-networks_01_standard.set -> Three-neural-networks_01_otp.set
2025-04-27 10:21:32,918 - INFO - Successfully optimized Three-timeframes_01_standard.set -> Three-timeframes_01_otp.set
2025-04-27 10:21:32,919 - INFO - Successfully optimized Three-Typical-Candles_01_standard.set -> Three-Typical-Candles_01_otp.set
2025-04-27 10:21:32,920 - INFO - Successfully optimized Time-sync-forts_01_standard.set -> Time-sync-forts_01_otp.set
2025-04-27 10:21:32,921 - INFO - Successfully optimized timer-trade_01_standard.set -> timer-trade_01_otp.set
2025-04-27 10:21:32,922 - INFO - Successfully optimized TMA-ATR-Channel_01_standard.set -> TMA-ATR-Channel_01_otp.set
2025-04-27 10:21:32,923 - INFO - Successfully optimized TMA-ATR-EA_01_standard.set -> TMA-ATR-EA_01_otp.set
2025-04-27 10:21:32,925 - INFO - Successfully optimized TMA-CG-EA_01_standard.set -> TMA-CG-EA_01_otp.set
2025-04-27 10:21:32,926 - INFO - Successfully optimized TMA-CG-Martingale-20EA_01_standard.set -> TMA-CG-Martingale-20EA_01_otp.set
2025-04-27 10:21:32,927 - INFO - Successfully optimized TMA-CG-mladen_01_standard.set -> TMA-CG-mladen_01_otp.set
2025-04-27 10:21:32,928 - INFO - Successfully optimized TMA-CG-special_01_standard.set -> TMA-CG-special_01_otp.set
2025-04-27 10:21:32,929 - INFO - Successfully optimized TMA-slope-bands_01_standard.set -> TMA-slope-bands_01_otp.set
2025-04-27 10:21:32,930 - INFO - Successfully optimized TmaTrue-2.0-with-Distances-6xx_01_standard.set -> TmaTrue-2.0-with-Distances-6xx_01_otp.set
2025-04-27 10:21:32,931 - INFO - Successfully optimized TmaTrue-3.0-with-Distances-6xx_01_standard.set -> TmaTrue-3.0-with-Distances-6xx_01_otp.set
2025-04-27 10:21:32,932 - INFO - Successfully optimized TP-with-money_01_standard.set -> TP-with-money_01_otp.set
2025-04-27 10:21:32,934 - INFO - Successfully optimized Trade-in-Channel_01_standard.set -> Trade-in-Channel_01_otp.set
2025-04-27 10:21:32,934 - INFO - Successfully optimized Trade-on-qualified-RSI_01_standard.set -> Trade-on-qualified-RSI_01_otp.set
2025-04-27 10:21:32,935 - INFO - Successfully optimized Trading-Breakout-MrThanhTan_01_standard.set -> Trading-Breakout-MrThanhTan_01_otp.set
2025-04-27 10:21:32,937 - INFO - Successfully optimized Trend-Trader-Strategy-EA_01_standard.set -> Trend-Trader-Strategy-EA_01_otp.set
2025-04-27 10:21:32,938 - INFO - Successfully optimized Trend-Trader-Strategy_01_standard.set -> Trend-Trader-Strategy_01_otp.set
2025-04-27 10:21:32,939 - INFO - Successfully optimized Tru-EA_01_standard.set -> Tru-EA_01_otp.set
2025-04-27 10:21:32,940 - INFO - Successfully optimized True-Scalper-Profit-Lock_01_standard.set -> True-Scalper-Profit-Lock_01_otp.set
2025-04-27 10:21:32,942 - INFO - Successfully optimized TrueSort-1100_01_standard.set -> TrueSort-1100_01_otp.set
2025-04-27 10:21:32,943 - INFO - Successfully optimized Tunnel-gen4_01_standard.set -> Tunnel-gen4_01_otp.set
2025-04-27 10:21:32,944 - INFO - Successfully optimized Tunnel-Method_01_standard.set -> Tunnel-Method_01_otp.set
2025-04-27 10:21:32,944 - INFO - Successfully optimized TurnGrid_01_standard.set -> TurnGrid_01_otp.set
2025-04-27 10:21:32,946 - INFO - Successfully optimized Two PerBar _01_standard.set -> Two PerBar _01_otp.set
2025-04-27 10:21:32,947 - INFO - Successfully optimized Two-20MA-20RSI-20ADX-20EA_01_standard.set -> Two-20MA-20RSI-20ADX-20EA_01_otp.set
2025-04-27 10:21:32,948 - INFO - Successfully optimized Two-20Orders-20Panel_01_standard.set -> Two-20Orders-20Panel_01_otp.set
2025-04-27 10:21:32,949 - INFO - Successfully optimized Two-pending-orders-2_01_standard.set -> Two-pending-orders-2_01_otp.set
2025-04-27 10:21:32,950 - INFO - Successfully optimized UnityPro_01_standard.set -> UnityPro_01_otp.set
2025-04-27 10:21:32,951 - INFO - Successfully optimized UniversalMACrossEA_01_standard.set -> UniversalMACrossEA_01_otp.set
2025-04-27 10:21:32,952 - INFO - Successfully optimized UniversalSignalDemo_01_standard.set -> UniversalSignalDemo_01_otp.set
2025-04-27 10:21:32,953 - INFO - Successfully optimized Universum-3.0_01_standard.set -> Universum-3.0_01_otp.set
2025-04-27 10:21:32,955 - INFO - Successfully optimized UnNomGuai-20EA_01_standard.set -> UnNomGuai-20EA_01_otp.set
2025-04-27 10:21:32,956 - INFO - Successfully optimized up3x1-Investor_01_standard.set -> up3x1-Investor_01_otp.set
2025-04-27 10:21:32,957 - INFO - Successfully optimized up3x1-premium-M_01_standard.set -> up3x1-premium-M_01_otp.set
2025-04-27 10:21:32,958 - INFO - Successfully optimized up3x1_01_standard.set -> up3x1_01_otp.set
2025-04-27 10:21:32,959 - INFO - Successfully optimized Urdala-Trol_01_standard.set -> Urdala-Trol_01_otp.set
2025-04-27 10:21:32,960 - INFO - Successfully optimized Very-Blonde-System_01_standard.set -> Very-Blonde-System_01_otp.set
2025-04-27 10:21:32,961 - INFO - Successfully optimized Virtual-Trailing-Stop_01_standard.set -> Virtual-Trailing-Stop_01_otp.set
2025-04-27 10:21:32,962 - INFO - Successfully optimized VLT-TRADER_01_standard.set -> VLT-TRADER_01_otp.set
2025-04-27 10:21:32,963 - INFO - Successfully optimized Volume-trader_01_standard.set -> Volume-trader_01_otp.set
2025-04-27 10:21:32,964 - INFO - Successfully optimized Vortex-Indicator-System_01_standard.set -> Vortex-Indicator-System_01_otp.set
2025-04-27 10:21:32,965 - INFO - Successfully optimized VR-Overturn_01_standard.set -> VR-Overturn_01_otp.set
2025-04-27 10:21:32,966 - INFO - Successfully optimized VR-ZVER-v.2_01_standard.set -> VR-ZVER-v.2_01_otp.set
2025-04-27 10:21:32,968 - INFO - Successfully optimized VR-ZVER_01_standard.set -> VR-ZVER_01_otp.set
2025-04-27 10:21:32,969 - INFO - Successfully optimized VZO_01_standard.set -> VZO_01_otp.set
2025-04-27 10:21:32,970 - INFO - Successfully optimized Waddah-Attar-Win_01_standard.set -> Waddah-Attar-Win_01_otp.set
2025-04-27 10:21:32,971 - INFO - Successfully optimized WE-TRUST_01_standard.set -> WE-TRUST_01_otp.set
2025-04-27 10:21:32,972 - INFO - Successfully optimized X-RSIOMA_01_standard.set -> X-RSIOMA_01_otp.set
2025-04-27 10:21:32,974 - INFO - Successfully optimized Yesterday-Today_01_standard.set -> Yesterday-Today_01_otp.set
2025-04-27 10:21:32,975 - INFO - Successfully optimized 10-pips-EURUSD_01_01_otp.set -> 10-pips-EURUSD_01_01_otp_otp.set
2025-04-27 10:21:32,977 - INFO - Successfully optimized 10-pips_01_01_otp.set -> 10-pips_01_01_otp_otp.set
2025-04-27 10:21:32,978 - INFO - Successfully optimized 1H-EUR-USD_01_01_otp.set -> 1H-EUR-USD_01_01_otp_otp.set
2025-04-27 10:21:32,980 - INFO - Successfully optimized 20011201-GBPUSD-M1_01_01_otp.set -> 20011201-GBPUSD-M1_01_01_otp_otp.set
2025-04-27 10:21:32,981 - INFO - Successfully optimized 21hour_01_01_otp.set -> 21hour_01_01_otp_otp.set
2025-04-27 10:21:32,982 - INFO - Successfully optimized 2HR-HL_01_01_otp.set -> 2HR-HL_01_01_otp_otp.set
2025-04-27 10:21:32,983 - INFO - Successfully optimized 2MA-4Level_01_01_otp.set -> 2MA-4Level_01_01_otp_otp.set
2025-04-27 10:21:32,984 - INFO - Successfully optimized 2MA-Bunny-Cross_01_01_otp.set -> 2MA-Bunny-Cross_01_01_otp_otp.set
2025-04-27 10:21:32,985 - INFO - Successfully optimized 3-bars-high-low-indicator_01_01_otp.set -> 3-bars-high-low-indicator_01_01_otp_otp.set
2025-04-27 10:21:32,987 - INFO - Successfully optimized 35-Pip-Scalper_01_01_otp.set -> 35-Pip-Scalper_01_01_otp_otp.set
2025-04-27 10:21:32,988 - INFO - Successfully optimized 3BarsHighLowEA_01_01_otp.set -> 3BarsHighLowEA_01_01_otp_otp.set
2025-04-27 10:21:32,989 - INFO - Successfully optimized 3sma_01_01_otp.set -> 3sma_01_01_otp_otp.set
2025-04-27 10:21:32,991 - INFO - Successfully optimized 500_01_01_otp.set -> 500_01_01_otp_otp.set
2025-04-27 10:21:32,992 - INFO - Successfully optimized 55-MA_01_01_otp.set -> 55-MA_01_01_otp_otp.set
2025-04-27 10:21:32,993 - INFO - Successfully optimized Above-Below-MA_01_01_otp.set -> Above-Below-MA_01_01_otp_otp.set
2025-04-27 10:21:32,995 - INFO - Successfully optimized Absorption_01_01_otp.set -> Absorption_01_01_otp_otp.set
2025-04-27 10:21:32,996 - INFO - Successfully optimized ADX-MACD-Deev_01_01_otp.set -> ADX-MACD-Deev_01_01_otp_otp.set
2025-04-27 10:21:32,998 - INFO - Successfully optimized ADX-MA_01_01_otp.set -> ADX-MA_01_01_otp_otp.set
2025-04-27 10:21:32,999 - INFO - Successfully optimized ADX-System_01_01_otp.set -> ADX-System_01_01_otp_otp.set
2025-04-27 10:21:33,000 - INFO - Successfully optimized AIS1_01_01_otp.set -> AIS1_01_01_otp_otp.set
2025-04-27 10:21:33,001 - INFO - Successfully optimized Alexav-D1-Profit-GBPUSD_01_01_otp.set -> Alexav-D1-Profit-GBPUSD_01_01_otp_otp.set
2025-04-27 10:21:33,003 - INFO - Successfully optimized All-Average-Ea_01_01_otp.set -> All-Average-Ea_01_01_otp_otp.set
2025-04-27 10:21:33,005 - INFO - Successfully optimized Alligator-Simple_01_01_otp.set -> Alligator-Simple_01_01_otp_otp.set
2025-04-27 10:21:33,006 - INFO - Successfully optimized Alligator_01_01_otp.set -> Alligator_01_01_otp_otp.set
2025-04-27 10:21:33,007 - INFO - Successfully optimized Altarius-RSI-Stohastic_01_01_otp.set -> Altarius-RSI-Stohastic_01_01_otp_otp.set
2025-04-27 10:21:33,009 - INFO - Successfully optimized AMA-Trader-2_01_01_otp.set -> AMA-Trader-2_01_01_otp_otp.set
2025-04-27 10:21:33,011 - INFO - Successfully optimized AMA-Trader_01_01_otp.set -> AMA-Trader_01_01_otp_otp.set
2025-04-27 10:21:33,012 - INFO - Successfully optimized AO-Lightning_01_01_otp.set -> AO-Lightning_01_01_otp_otp.set
2025-04-27 10:21:33,013 - INFO - Successfully optimized AOCCI_01_01_otp.set -> AOCCI_01_01_otp_otp.set
2025-04-27 10:21:33,015 - INFO - Successfully optimized Arbitrage_01_01_otp.set -> Arbitrage_01_01_otp_otp.set
2025-04-27 10:21:33,016 - INFO - Successfully optimized ArbSint_01_01_otp.set -> ArbSint_01_01_otp_otp.set
2025-04-27 10:21:33,017 - INFO - Successfully optimized Area-MACD_01_01_otp.set -> Area-MACD_01_01_otp_otp.set
2025-04-27 10:21:33,018 - INFO - Successfully optimized Artificial-Intelligence_01_01_otp.set -> Artificial-Intelligence_01_01_otp_otp.set
2025-04-27 10:21:33,020 - INFO - Successfully optimized At-random-Full_01_01_otp.set -> At-random-Full_01_01_otp_otp.set
2025-04-27 10:21:33,021 - INFO - Successfully optimized At-random_01_01_otp.set -> At-random_01_01_otp_otp.set
2025-04-27 10:21:33,023 - INFO - Successfully optimized Auto-ADX_01_01_otp.set -> Auto-ADX_01_01_otp_otp.set
2025-04-27 10:21:33,024 - INFO - Successfully optimized Auto-Pivot-Plotter-28Mid-Levels-29-41_01_01_otp.set -> Auto-Pivot-Plotter-28Mid-Levels-29-41_01_01_otp_otp.set
2025-04-27 10:21:33,025 - INFO - Successfully optimized AutoLock-EA_01_01_otp.set -> AutoLock-EA_01_01_otp_otp.set
2025-04-27 10:21:33,026 - INFO - Successfully optimized Autotrader-Momentum_01_01_otp.set -> Autotrader-Momentum_01_01_otp_otp.set
2025-04-27 10:21:33,027 - INFO - Successfully optimized Avalanche-AV_01_01_otp.set -> Avalanche-AV_01_01_otp_otp.set
2025-04-27 10:21:33,028 - INFO - Successfully optimized Backbone_01_01_otp.set -> Backbone_01_01_otp_otp.set
2025-04-27 10:21:33,029 - INFO - Successfully optimized BADX_01_01_otp.set -> BADX_01_01_otp_otp.set
2025-04-27 10:21:33,031 - INFO - Successfully optimized Bago-EA_01_01_otp.set -> Bago-EA_01_01_otp_otp.set
2025-04-27 10:21:33,032 - INFO - Successfully optimized BalancedScalper-20EA_01_01_otp.set -> BalancedScalper-20EA_01_01_otp_otp.set
2025-04-27 10:21:33,033 - INFO - Successfully optimized Bands-2_01_01_otp.set -> Bands-2_01_01_otp_otp.set
2025-04-27 10:21:33,034 - INFO - Successfully optimized BARS-Alligator_01_01_otp.set -> BARS-Alligator_01_01_otp_otp.set
2025-04-27 10:21:33,035 - INFO - Successfully optimized Basic-CCI-RSI_01_01_otp.set -> Basic-CCI-RSI_01_01_otp_otp.set
2025-04-27 10:21:33,037 - INFO - Successfully optimized Basic-Martingale-EA-3_01_01_otp.set -> Basic-Martingale-EA-3_01_01_otp_otp.set
2025-04-27 10:21:33,038 - INFO - Successfully optimized BBPercentile-EA_01_01_otp.set -> BBPercentile-EA_01_01_otp_otp.set
2025-04-27 10:21:33,039 - INFO - Successfully optimized BBPercentile_01_01_otp.set -> BBPercentile_01_01_otp_otp.set
2025-04-27 10:21:33,040 - INFO - Successfully optimized BDCrossOver-20EA_01_01_otp.set -> BDCrossOver-20EA_01_01_otp_otp.set
2025-04-27 10:21:33,041 - INFO - Successfully optimized BIG-DOG_01_01_otp.set -> BIG-DOG_01_01_otp_otp.set
2025-04-27 10:21:33,043 - INFO - Successfully optimized Bill-Williams_01_01_otp.set -> Bill-Williams_01_01_otp_otp.set
2025-04-27 10:21:33,044 - INFO - Successfully optimized Bollinger-Band-Two-MA-and-Zig-Zag_01_01_otp.set -> Bollinger-Band-Two-MA-and-Zig-Zag_01_01_otp_otp.set
2025-04-27 10:21:33,046 - INFO - Successfully optimized Bollinger-Bands-N-positions_01_01_otp.set -> Bollinger-Bands-N-positions_01_01_otp_otp.set
2025-04-27 10:21:33,047 - INFO - Successfully optimized Bollinger-Bands-RSI_01_01_otp.set -> Bollinger-Bands-RSI_01_01_otp_otp.set
2025-04-27 10:21:33,048 - INFO - Successfully optimized bollinger_01_01_otp.set -> bollinger_01_01_otp_otp.set
2025-04-27 10:21:33,050 - INFO - Successfully optimized Brakeout-Trader_01_01_otp.set -> Brakeout-Trader_01_01_otp_otp.set
2025-04-27 10:21:33,051 - INFO - Successfully optimized Brandy_01_01_otp.set -> Brandy_01_01_otp_otp.set
2025-04-27 10:21:33,053 - INFO - Successfully optimized Breadandbutter2_01_01_otp.set -> Breadandbutter2_01_01_otp_otp.set
2025-04-27 10:21:33,054 - INFO - Successfully optimized Breakdown-catcher_01_01_otp.set -> Breakdown-catcher_01_01_otp_otp.set
2025-04-27 10:21:33,055 - INFO - Successfully optimized breakdown_01_01_otp.set -> breakdown_01_01_otp_otp.set
2025-04-27 10:21:33,056 - INFO - Successfully optimized Breakout-Str_01_01_otp.set -> Breakout-Str_01_01_otp_otp.set
2025-04-27 10:21:33,057 - INFO - Successfully optimized Bronze-Warrioir_01_01_otp.set -> Bronze-Warrioir_01_01_otp_otp.set
2025-04-27 10:21:33,059 - INFO - Successfully optimized Bruno_01_01_otp.set -> Bruno_01_01_otp_otp.set
2025-04-27 10:21:33,060 - INFO - Successfully optimized BSS-1-0_01_01_otp.set -> BSS-1-0_01_01_otp_otp.set
2025-04-27 10:21:33,061 - INFO - Successfully optimized Bullish-and-Bearish-Engulfing_01_01_otp.set -> Bullish-and-Bearish-Engulfing_01_01_otp_otp.set
2025-04-27 10:21:33,062 - INFO - Successfully optimized Burg-Extrapolator_01_01_otp.set -> Burg-Extrapolator_01_01_otp_otp.set
2025-04-27 10:21:33,064 - INFO - Successfully optimized BykovTrend-EA_01_01_otp.set -> BykovTrend-EA_01_01_otp_otp.set
2025-04-27 10:21:33,065 - INFO - Successfully optimized Calculate-lotsize-and-Trailling-stop_01_01_otp.set -> Calculate-lotsize-and-Trailling-stop_01_01_otp_otp.set
2025-04-27 10:21:33,067 - INFO - Successfully optimized candlepatternsexample_01_01_otp.set -> candlepatternsexample_01_01_otp_otp.set
2025-04-27 10:21:33,068 - INFO - Successfully optimized Candle_01_01_otp.set -> Candle_01_01_otp_otp.set
2025-04-27 10:21:33,069 - INFO - Successfully optimized Carbophos_01_01_otp.set -> Carbophos_01_01_otp_otp.set
2025-04-27 10:21:33,070 - INFO - Successfully optimized CashMachine-5min_01_01_otp.set -> CashMachine-5min_01_01_otp_otp.set
2025-04-27 10:21:33,071 - INFO - Successfully optimized CCI-MACD-Scalper_01_01_otp.set -> CCI-MACD-Scalper_01_01_otp_otp.set
2025-04-27 10:21:33,072 - INFO - Successfully optimized Cidomo_01_01_otp.set -> Cidomo_01_01_otp_otp.set
2025-04-27 10:21:33,073 - INFO - Successfully optimized CloseAgent_01_01_otp.set -> CloseAgent_01_01_otp_otp.set
2025-04-27 10:21:33,075 - INFO - Successfully optimized CloseProfit_01_01_otp.set -> CloseProfit_01_01_otp_otp.set
2025-04-27 10:21:33,076 - INFO - Successfully optimized cloud's-trade-2_01_01_otp.set -> cloud's-trade-2_01_01_otp_otp.set
2025-04-27 10:21:33,077 - INFO - Successfully optimized CLOUD_01_01_otp.set -> CLOUD_01_01_otp_otp.set
2025-04-27 10:21:33,078 - INFO - Successfully optimized Constituents-EA_01_01_otp.set -> Constituents-EA_01_01_otp_otp.set
2025-04-27 10:21:33,079 - INFO - Successfully optimized Contrarian-trade-MA_01_01_otp.set -> Contrarian-trade-MA_01_01_otp_otp.set
2025-04-27 10:21:33,080 - INFO - Successfully optimized Crossing-Moving-Average_01_01_otp.set -> Crossing-Moving-Average_01_01_otp_otp.set
2025-04-27 10:21:33,082 - INFO - Successfully optimized CrossMA_01_01_otp.set -> CrossMA_01_01_otp_otp.set
2025-04-27 10:21:33,083 - INFO - Successfully optimized Currencyprofits-01.1_01_01_otp.set -> Currencyprofits-01.1_01_01_otp_otp.set
2025-04-27 10:21:33,084 - INFO - Successfully optimized Daily-20reversal-20-20EA_01_01_otp.set -> Daily-20reversal-20-20EA_01_01_otp_otp.set
2025-04-27 10:21:33,085 - INFO - Successfully optimized Daily-BreakPoint_01_01_otp.set -> Daily-BreakPoint_01_01_otp_otp.set
2025-04-27 10:21:33,086 - INFO - Successfully optimized Daily-Open-EA_01_01_otp.set -> Daily-Open-EA_01_01_otp_otp.set
2025-04-27 10:21:33,088 - INFO - Successfully optimized Daily-range_01_01_otp.set -> Daily-range_01_01_otp_otp.set
2025-04-27 10:21:33,089 - INFO - Successfully optimized Day-Trading-PAMXA_01_01_otp.set -> Day-Trading-PAMXA_01_01_otp_otp.set
2025-04-27 10:21:33,090 - INFO - Successfully optimized Daydream_01_01_otp.set -> Daydream_01_01_otp_otp.set
2025-04-27 10:21:33,091 - INFO - Successfully optimized DayTrading_01_01_otp.set -> DayTrading_01_01_otp_otp.set
2025-04-27 10:21:33,092 - INFO - Successfully optimized Dealers-Trade-v-7.74-MACD_01_01_otp.set -> Dealers-Trade-v-7.74-MACD_01_01_otp_otp.set
2025-04-27 10:21:33,093 - INFO - Successfully optimized Deep-Drawdown-MA_01_01_otp.set -> Deep-Drawdown-MA_01_01_otp_otp.set
2025-04-27 10:21:33,094 - INFO - Successfully optimized DeMarker-gaining-position-volume-2_01_01_otp.set -> DeMarker-gaining-position-volume-2_01_01_otp_otp.set
2025-04-27 10:21:33,095 - INFO - Successfully optimized DeMarker-gaining-position-volume_01_01_otp.set -> DeMarker-gaining-position-volume_01_01_otp_otp.set
2025-04-27 10:21:33,097 - INFO - Successfully optimized DeMarker-Pending-2-5_01_01_otp.set -> DeMarker-Pending-2-5_01_01_otp_otp.set
2025-04-27 10:21:33,098 - INFO - Successfully optimized DeMarker-Pending-2_01_01_otp.set -> DeMarker-Pending-2_01_01_otp_otp.set
2025-04-27 10:21:33,100 - INFO - Successfully optimized DeMarker-Pending_01_01_otp.set -> DeMarker-Pending_01_01_otp_otp.set
2025-04-27 10:21:33,101 - INFO - Successfully optimized Dematus_01_01_otp.set -> Dematus_01_01_otp_otp.set
2025-04-27 10:21:33,103 - INFO - Successfully optimized Divergence-20for-20many-20indicator_01_01_otp.set -> Divergence-20for-20many-20indicator_01_01_otp_otp.set
2025-04-27 10:21:33,104 - INFO - Successfully optimized Divergence-EA_01_01_otp.set -> Divergence-EA_01_01_otp_otp.set
2025-04-27 10:21:33,106 - INFO - Successfully optimized Doji-Arrows_01_01_otp.set -> Doji-Arrows_01_01_otp_otp.set
2025-04-27 10:21:33,108 - INFO - Successfully optimized DojiTrader_01_01_otp.set -> DojiTrader_01_01_otp_otp.set
2025-04-27 10:21:33,109 - INFO - Successfully optimized Donchian-Chanel-EA_01_01_otp.set -> Donchian-Chanel-EA_01_01_otp_otp.set
2025-04-27 10:21:33,110 - INFO - Successfully optimized DoubleHullMA-EA_01_01_otp.set -> DoubleHullMA-EA_01_01_otp_otp.set
2025-04-27 10:21:33,111 - INFO - Successfully optimized DoubleHullMA_01_01_otp.set -> DoubleHullMA_01_01_otp_otp.set
2025-04-27 10:21:33,112 - INFO - Successfully optimized DoubleMA-Crossover-EA_01_01_otp.set -> DoubleMA-Crossover-EA_01_01_otp_otp.set
2025-04-27 10:21:33,113 - INFO - Successfully optimized Doubler_01_01_otp.set -> Doubler_01_01_otp_otp.set
2025-04-27 10:21:33,114 - INFO - Successfully optimized dummy_01_01_otp.set -> dummy_01_01_otp_otp.set
2025-04-27 10:21:33,115 - INFO - Successfully optimized Dynamic-averaging_01_01_otp.set -> Dynamic-averaging_01_01_otp_otp.set
2025-04-27 10:21:33,116 - INFO - Successfully optimized e-Breakeven_01_01_otp.set -> e-Breakeven_01_01_otp_otp.set
2025-04-27 10:21:33,117 - INFO - Successfully optimized E-Friday_01_01_otp.set -> E-Friday_01_01_otp_otp.set
2025-04-27 10:21:33,118 - INFO - Successfully optimized E-Skoch-Open_01_01_otp.set -> E-Skoch-Open_01_01_otp_otp.set
2025-04-27 10:21:33,119 - INFO - Successfully optimized e-Skoch-pending-orders_01_01_otp.set -> e-Skoch-pending-orders_01_01_otp_otp.set
2025-04-27 10:21:33,120 - INFO - Successfully optimized e-Smart-Trailing_01_01_otp.set -> e-Smart-Trailing_01_01_otp_otp.set
2025-04-27 10:21:33,121 - INFO - Successfully optimized e-TurboFx_01_01_otp.set -> e-TurboFx_01_01_otp_otp.set
2025-04-27 10:21:33,122 - INFO - Successfully optimized EA-Close_01_01_otp.set -> EA-Close_01_01_otp_otp.set
2025-04-27 10:21:33,124 - INFO - Successfully optimized EA-MA-Stoch-RSI_01_01_otp.set -> EA-MA-Stoch-RSI_01_01_otp_otp.set
2025-04-27 10:21:33,125 - INFO - Successfully optimized EA-Moving-Average_01_01_otp.set -> EA-Moving-Average_01_01_otp_otp.set
2025-04-27 10:21:33,126 - INFO - Successfully optimized Elite-eFibo-Trader_01_01_otp.set -> Elite-eFibo-Trader_01_01_otp_otp.set
2025-04-27 10:21:33,127 - INFO - Successfully optimized EMA-6.12_01_01_otp.set -> EMA-6.12_01_01_otp_otp.set
2025-04-27 10:21:33,128 - INFO - Successfully optimized EMA-CROSS_01_01_otp.set -> EMA-CROSS_01_01_otp_otp.set
2025-04-27 10:21:33,130 - INFO - Successfully optimized EMA-LWMA-RSI_01_01_otp.set -> EMA-LWMA-RSI_01_01_otp_otp.set
2025-04-27 10:21:33,131 - INFO - Successfully optimized EMA-RSI-EA_01_01_otp.set -> EMA-RSI-EA_01_01_otp_otp.set
2025-04-27 10:21:33,132 - INFO - Successfully optimized EMA-WMA_01_01_otp.set -> EMA-WMA_01_01_otp_otp.set
2025-04-27 10:21:33,133 - INFO - Successfully optimized EMA_01_01_otp.set -> EMA_01_01_otp_otp.set
2025-04-27 10:21:33,134 - INFO - Successfully optimized Eugene_01_01_otp.set -> Eugene_01_01_otp_otp.set
2025-04-27 10:21:33,135 - INFO - Successfully optimized eur-usd-m5_01_01_otp.set -> eur-usd-m5_01_01_otp_otp.set
2025-04-27 10:21:33,136 - INFO - Successfully optimized EURUSD-breakout_01_01_otp.set -> EURUSD-breakout_01_01_otp_otp.set
2025-04-27 10:21:33,137 - INFO - Successfully optimized Executer-AC_01_01_otp.set -> Executer-AC_01_01_otp_otp.set
2025-04-27 10:21:33,138 - INFO - Successfully optimized Executor-AO_01_01_otp.set -> Executor-AO_01_01_otp_otp.set
2025-04-27 10:21:33,139 - INFO - Successfully optimized Executor-Candles_01_01_otp.set -> Executor-Candles_01_01_otp_otp.set
2025-04-27 10:21:33,140 - INFO - Successfully optimized exp-Amstell_01_01_otp.set -> exp-Amstell_01_01_otp_otp.set
2025-04-27 10:21:33,141 - INFO - Successfully optimized Expert-NEWS_01_01_otp.set -> Expert-NEWS_01_01_otp_otp.set
2025-04-27 10:21:33,143 - INFO - Successfully optimized Expert-RSI-Stochastic-MA_01_01_otp.set -> Expert-RSI-Stochastic-MA_01_01_otp_otp.set
2025-04-27 10:21:33,144 - INFO - Successfully optimized ExtremePrice-EA_01_01_otp.set -> ExtremePrice-EA_01_01_otp_otp.set
2025-04-27 10:21:33,145 - INFO - Successfully optimized FiboRetracement-20EA_01_01_otp.set -> FiboRetracement-20EA_01_01_otp_otp.set
2025-04-27 10:21:33,146 - INFO - Successfully optimized Firebird_01_01_otp.set -> Firebird_01_01_otp_otp.set
2025-04-27 10:21:33,147 - INFO - Successfully optimized Firestorm-EA_01_01_otp.set -> Firestorm-EA_01_01_otp_otp.set
2025-04-27 10:21:33,149 - INFO - Successfully optimized Firestorm-indicator_01_01_otp.set -> Firestorm-indicator_01_01_otp_otp.set
2025-04-27 10:21:33,150 - INFO - Successfully optimized Fluctuate_01_01_otp.set -> Fluctuate_01_01_otp_otp.set
2025-04-27 10:21:33,151 - INFO - Successfully optimized Forex-Fraus-M1_01_01_otp.set -> Forex-Fraus-M1_01_01_otp_otp.set
2025-04-27 10:21:33,152 - INFO - Successfully optimized Forex-Profit_01_01_otp.set -> Forex-Profit_01_01_otp_otp.set
2025-04-27 10:21:33,153 - INFO - Successfully optimized Fractals-minimum-distance_01_01_otp.set -> Fractals-minimum-distance_01_01_otp_otp.set
2025-04-27 10:21:33,154 - INFO - Successfully optimized Fraktrak-xonax_01_01_otp.set -> Fraktrak-xonax_01_01_otp_otp.set
2025-04-27 10:21:33,155 - INFO - Successfully optimized Frank-Ud_01_01_otp.set -> Frank-Ud_01_01_otp_otp.set
2025-04-27 10:21:33,156 - INFO - Successfully optimized FT-CCI_01_01_otp.set -> FT-CCI_01_01_otp_otp.set
2025-04-27 10:21:33,157 - INFO - Successfully optimized Fuzzy-logic_01_01_otp.set -> Fuzzy-logic_01_01_otp_otp.set
2025-04-27 10:21:33,159 - INFO - Successfully optimized GalacticExplosion_01_01_otp.set -> GalacticExplosion_01_01_otp_otp.set
2025-04-27 10:21:33,160 - INFO - Successfully optimized Gandalf-PRO_01_01_otp.set -> Gandalf-PRO_01_01_otp_otp.set
2025-04-27 10:21:33,161 - INFO - Successfully optimized Gap-DM_01_01_otp.set -> Gap-DM_01_01_otp_otp.set
2025-04-27 10:21:33,162 - INFO - Successfully optimized GAP-EA_01_01_otp.set -> GAP-EA_01_01_otp_otp.set
2025-04-27 10:21:33,163 - INFO - Successfully optimized Gaps_01_01_otp.set -> Gaps_01_01_otp_otp.set
2025-04-27 10:21:33,165 - INFO - Successfully optimized GBP9AM_01_01_otp.set -> GBP9AM_01_01_otp_otp.set
2025-04-27 10:21:33,166 - INFO - Successfully optimized GbpChf_01_01_otp.set -> GbpChf_01_01_otp_otp.set
2025-04-27 10:21:33,167 - INFO - Successfully optimized Gold-Dust_01_01_otp.set -> Gold-Dust_01_01_otp_otp.set
2025-04-27 10:21:33,168 - INFO - Successfully optimized GO_01_01_otp.set -> GO_01_01_otp_otp.set
2025-04-27 10:21:33,169 - INFO - Successfully optimized GreenTrade_01_01_otp.set -> GreenTrade_01_01_otp_otp.set
2025-04-27 10:21:33,170 - INFO - Successfully optimized Grid-Martingale_01_01_otp.set -> Grid-Martingale_01_01_otp_otp.set
2025-04-27 10:21:33,172 - INFO - Successfully optimized GridEA_01_01_otp.set -> GridEA_01_01_otp_otp.set
2025-04-27 10:21:33,173 - INFO - Successfully optimized Grid_01_01_otp.set -> Grid_01_01_otp_otp.set
2025-04-27 10:21:33,174 - INFO - Successfully optimized HarVesteR_01_01_otp.set -> HarVesteR_01_01_otp_otp.set
2025-04-27 10:21:33,175 - INFO - Successfully optimized HedgeEA_01_01_otp.set -> HedgeEA_01_01_otp_otp.set
2025-04-27 10:21:33,177 - INFO - Successfully optimized hedger_01_01_otp.set -> hedger_01_01_otp_otp.set
2025-04-27 10:21:33,178 - INFO - Successfully optimized Hedging-EA_01_01_otp.set -> Hedging-EA_01_01_otp_otp.set
2025-04-27 10:21:33,180 - INFO - Successfully optimized Heiken-Ashi-Smoothed-EA-with-MA_01_01_otp.set -> Heiken-Ashi-Smoothed-EA-with-MA_01_01_otp_otp.set
2025-04-27 10:21:33,182 - INFO - Successfully optimized Heiken-Ashi-Smoothed-EA_01_01_otp.set -> Heiken-Ashi-Smoothed-EA_01_01_otp_otp.set
2025-04-27 10:21:33,183 - INFO - Successfully optimized heiken-ashi-smoothedLine_01_01_otp.set -> heiken-ashi-smoothedLine_01_01_otp_otp.set
2025-04-27 10:21:33,185 - INFO - Successfully optimized heiken-ashi-smoothed_01_01_otp.set -> heiken-ashi-smoothed_01_01_otp_otp.set
2025-04-27 10:21:33,186 - INFO - Successfully optimized HeikenAshi-Lines-EA_01_01_otp.set -> HeikenAshi-Lines-EA_01_01_otp_otp.set
2025-04-27 10:21:33,187 - INFO - Successfully optimized HeikenAshi-Lines_01_01_otp.set -> HeikenAshi-Lines_01_01_otp_otp.set
2025-04-27 10:21:33,188 - INFO - Successfully optimized Heinken-Ashi-Color-Candles_01_01_otp.set -> Heinken-Ashi-Color-Candles_01_01_otp_otp.set
2025-04-27 10:21:33,190 - INFO - Successfully optimized HelloSmart_01_01_otp.set -> HelloSmart_01_01_otp_otp.set
2025-04-27 10:21:33,191 - INFO - Successfully optimized High-Low-EA_01_01_otp.set -> High-Low-EA_01_01_otp_otp.set
2025-04-27 10:21:33,192 - INFO - Successfully optimized High-Low-Indicator_01_01_otp.set -> High-Low-Indicator_01_01_otp_otp.set
2025-04-27 10:21:33,193 - INFO - Successfully optimized Hoop-master-2_01_01_otp.set -> Hoop-master-2_01_01_otp_otp.set
2025-04-27 10:21:33,194 - INFO - Successfully optimized iCCI-iMA_01_01_otp.set -> iCCI-iMA_01_01_otp_otp.set
2025-04-27 10:21:33,196 - INFO - Successfully optimized ICH-With-Alert-Derekers-EA_01_01_otp.set -> ICH-With-Alert-Derekers-EA_01_01_otp_otp.set
2025-04-27 10:21:33,197 - INFO - Successfully optimized ICH-With-Alert-Derekers_01_01_otp.set -> ICH-With-Alert-Derekers_01_01_otp_otp.set
2025-04-27 10:21:33,198 - INFO - Successfully optimized ichimok2005_01_01_otp.set -> ichimok2005_01_01_otp_otp.set
2025-04-27 10:21:33,199 - INFO - Successfully optimized Ichimoku-20Kijun-20Alert_01_01_otp.set -> Ichimoku-20Kijun-20Alert_01_01_otp_otp.set
2025-04-27 10:21:33,200 - INFO - Successfully optimized Ichimoku-20Tenkan-20Alert_01_01_otp.set -> Ichimoku-20Tenkan-20Alert_01_01_otp_otp.set
2025-04-27 10:21:33,201 - INFO - Successfully optimized Ichimoku-Scanner_01_01_otp.set -> Ichimoku-Scanner_01_01_otp_otp.set
2025-04-27 10:21:33,203 - INFO - Successfully optimized Ichimoku-Signals-and-Alert_01_01_otp.set -> Ichimoku-Signals-and-Alert_01_01_otp_otp.set
2025-04-27 10:21:33,204 - INFO - Successfully optimized IchimokuMTF-EA_01_01_otp.set -> IchimokuMTF-EA_01_01_otp_otp.set
2025-04-27 10:21:33,206 - INFO - Successfully optimized Ichimoku_01_01_otp.set -> Ichimoku_01_01_otp_otp.set
2025-04-27 10:21:33,207 - INFO - Successfully optimized Ilan-iMA_01_01_otp.set -> Ilan-iMA_01_01_otp_otp.set
2025-04-27 10:21:33,208 - INFO - Successfully optimized Ilan1.4_01_01_otp.set -> Ilan1.4_01_01_otp_otp.set
2025-04-27 10:21:33,209 - INFO - Successfully optimized iMA-iStdDev_01_01_otp.set -> iMA-iStdDev_01_01_otp_otp.set
2025-04-27 10:21:33,210 - INFO - Successfully optimized Indices-Tester_01_01_otp.set -> Indices-Tester_01_01_otp_otp.set
2025-04-27 10:21:33,212 - INFO - Successfully optimized Inka-20Edho-20EA_01_01_otp.set -> Inka-20Edho-20EA_01_01_otp_otp.set
2025-04-27 10:21:33,213 - INFO - Successfully optimized Intersection-2-iMA_01_01_otp.set -> Intersection-2-iMA_01_01_otp_otp.set
2025-04-27 10:21:33,214 - INFO - Successfully optimized IStochastic-Trading_01_01_otp.set -> IStochastic-Trading_01_01_otp_otp.set
2025-04-27 10:21:33,215 - INFO - Successfully optimized Ivan_01_01_otp.set -> Ivan_01_01_otp_otp.set
2025-04-27 10:21:33,216 - INFO - Successfully optimized iVIDyA-Simple_01_01_otp.set -> iVIDyA-Simple_01_01_otp_otp.set
2025-04-27 10:21:33,217 - INFO - Successfully optimized Jackpot-Strategy-EA_01_01_otp.set -> Jackpot-Strategy-EA_01_01_otp_otp.set
2025-04-27 10:21:33,218 - INFO - Successfully optimized JackPot-Strategy-Elite_01_01_otp.set -> JackPot-Strategy-Elite_01_01_otp_otp.set
2025-04-27 10:21:33,219 - INFO - Successfully optimized JK-BullP-AutoTrader_01_01_otp.set -> JK-BullP-AutoTrader_01_01_otp_otp.set
2025-04-27 10:21:33,221 - INFO - Successfully optimized JS-Chaos_01_01_otp.set -> JS-Chaos_01_01_otp_otp.set
2025-04-27 10:21:33,222 - INFO - Successfully optimized JS-MA-Day_01_01_otp.set -> JS-MA-Day_01_01_otp_otp.set
2025-04-27 10:21:33,223 - INFO - Successfully optimized JS-MA-SAR-Trades_01_01_otp.set -> JS-MA-SAR-Trades_01_01_otp_otp.set
2025-04-27 10:21:33,224 - INFO - Successfully optimized KA-Gold-Bot_01_01_otp.set -> KA-Gold-Bot_01_01_otp_otp.set
2025-04-27 10:21:33,226 - INFO - Successfully optimized Kue-Electric-EA_01_01_otp.set -> Kue-Electric-EA_01_01_otp_otp.set
2025-04-27 10:21:33,227 - INFO - Successfully optimized KueFx-20Arrows_01_01_otp.set -> KueFx-20Arrows_01_01_otp_otp.set
2025-04-27 10:21:33,228 - INFO - Successfully optimized KueFx-20Baseline_01_01_otp.set -> KueFx-20Baseline_01_01_otp_otp.set
2025-04-27 10:21:33,229 - INFO - Successfully optimized KueFx-Arrows-20EA_01_01_otp.set -> KueFx-Arrows-20EA_01_01_otp_otp.set
2025-04-27 10:21:33,230 - INFO - Successfully optimized KueFx-Arrows-EA_01_01_otp.set -> KueFx-Arrows-EA_01_01_otp_otp.set
2025-04-27 10:21:33,231 - INFO - Successfully optimized KueFx-Arrows_01_01_otp.set -> KueFx-Arrows_01_01_otp_otp.set
2025-04-27 10:21:33,233 - INFO - Successfully optimized KueFx-Baseline-EA_01_01_otp.set -> KueFx-Baseline-EA_01_01_otp_otp.set
2025-04-27 10:21:33,234 - INFO - Successfully optimized KueFx-Baseline_01_01_otp.set -> KueFx-Baseline_01_01_otp_otp.set
2025-04-27 10:21:33,235 - INFO - Successfully optimized KueFx-Clean-2025-EA_01_01_otp.set -> KueFx-Clean-2025-EA_01_01_otp_otp.set
2025-04-27 10:21:33,236 - INFO - Successfully optimized KueFx-Extreme-EA_01_01_otp.set -> KueFx-Extreme-EA_01_01_otp_otp.set
2025-04-27 10:21:33,237 - INFO - Successfully optimized KueFx-Harare-EA_01_01_otp.set -> KueFx-Harare-EA_01_01_otp_otp.set
2025-04-27 10:21:33,239 - INFO - Successfully optimized KueFX-Money-Management_01_01_otp.set -> KueFX-Money-Management_01_01_otp_otp.set
2025-04-27 10:21:33,240 - INFO - Successfully optimized KueFx-Motor-EA_01_01_otp.set -> KueFx-Motor-EA_01_01_otp_otp.set
2025-04-27 10:21:33,241 - INFO - Successfully optimized KueFx-Motor_01_01_otp.set -> KueFx-Motor_01_01_otp_otp.set
2025-04-27 10:21:33,242 - INFO - Successfully optimized KueFx-Trend_01_01_otp.set -> KueFx-Trend_01_01_otp_otp.set
2025-04-27 10:21:33,244 - INFO - Successfully optimized KueFxTrend-20EA_01_01_otp.set -> KueFxTrend-20EA_01_01_otp_otp.set
2025-04-27 10:21:33,245 - INFO - Successfully optimized KueFxTrend-EA_01_01_otp.set -> KueFxTrend-EA_01_01_otp_otp.set
2025-04-27 10:21:33,246 - INFO - Successfully optimized LarryConnersRSI2_01_01_otp.set -> LarryConnersRSI2_01_01_otp_otp.set
2025-04-27 10:21:33,247 - INFO - Successfully optimized Last-ZZ50_01_01_otp.set -> Last-ZZ50_01_01_otp_otp.set
2025-04-27 10:21:33,248 - INFO - Successfully optimized Lavika100_01_01_otp.set -> Lavika100_01_01_otp_otp.set
2025-04-27 10:21:33,249 - INFO - Successfully optimized LBS_01_01_otp.set -> LBS_01_01_otp_otp.set
2025-04-27 10:21:33,251 - INFO - Successfully optimized Lego-EA_01_01_otp.set -> Lego-EA_01_01_otp_otp.set
2025-04-27 10:21:33,252 - INFO - Successfully optimized Lesson-3-Price-Action_01_01_otp.set -> Lesson-3-Price-Action_01_01_otp_otp.set
2025-04-27 10:21:33,253 - INFO - Successfully optimized Lesson-4-Price-Action-MA-Filter_01_01_otp.set -> Lesson-4-Price-Action-MA-Filter_01_01_otp_otp.set
2025-04-27 10:21:33,254 - INFO - Successfully optimized Lesson-6-Trailling-ATR_01_01_otp.set -> Lesson-6-Trailling-ATR_01_01_otp_otp.set
2025-04-27 10:21:33,255 - INFO - Successfully optimized Lesson-7-Price-action-Ket-hop-Volume-VSA_01_01_otp.set -> Lesson-7-Price-action-Ket-hop-Volume-VSA_01_01_otp_otp.set
2025-04-27 10:21:33,256 - INFO - Successfully optimized Little-EA_01_01_otp.set -> Little-EA_01_01_otp_otp.set
2025-04-27 10:21:33,257 - INFO - Successfully optimized Locker_01_01_otp.set -> Locker_01_01_otp_otp.set
2025-04-27 10:21:33,258 - INFO - Successfully optimized Lock_01_01_otp.set -> Lock_01_01_otp_otp.set
2025-04-27 10:21:33,259 - INFO - Successfully optimized Lucky_01_01_otp.set -> Lucky_01_01_otp_otp.set
2025-04-27 10:21:33,260 - INFO - Successfully optimized MA-20Alert_01_01_otp.set -> MA-20Alert_01_01_otp_otp.set
2025-04-27 10:21:33,262 - INFO - Successfully optimized MA-20AO-20Arrow_01_01_otp.set -> MA-20AO-20Arrow_01_01_otp_otp.set
2025-04-27 10:21:33,263 - INFO - Successfully optimized MA-AO-EA_01_01_otp.set -> MA-AO-EA_01_01_otp_otp.set
2025-04-27 10:21:33,264 - INFO - Successfully optimized ma-channels_01_01_otp.set -> ma-channels_01_01_otp_otp.set
2025-04-27 10:21:33,265 - INFO - Successfully optimized MA-Cross_01_01_otp.set -> MA-Cross_01_01_otp_otp.set
2025-04-27 10:21:33,266 - INFO - Successfully optimized MA-Envelopes_01_01_otp.set -> MA-Envelopes_01_01_otp_otp.set
2025-04-27 10:21:33,268 - INFO - Successfully optimized MA-MACD-Position-averaging_01_01_otp.set -> MA-MACD-Position-averaging_01_01_otp_otp.set
2025-04-27 10:21:33,269 - INFO - Successfully optimized MA-Trend_01_01_otp.set -> MA-Trend_01_01_otp_otp.set
2025-04-27 10:21:33,270 - INFO - Successfully optimized MA2CCI_01_01_otp.set -> MA2CCI_01_01_otp_otp.set
2025-04-27 10:21:33,272 - INFO - Successfully optimized MACD-and-SAR_01_01_otp.set -> MACD-and-SAR_01_01_otp_otp.set
2025-04-27 10:21:33,273 - INFO - Successfully optimized MACD-Cleaner_01_01_otp.set -> MACD-Cleaner_01_01_otp_otp.set
2025-04-27 10:21:33,275 - INFO - Successfully optimized MACD-EA-H4_01_01_otp.set -> MACD-EA-H4_01_01_otp_otp.set
2025-04-27 10:21:33,276 - INFO - Successfully optimized MACD-No-Sample_01_01_otp.set -> MACD-No-Sample_01_01_otp_otp.set
2025-04-27 10:21:33,277 - INFO - Successfully optimized MACD-signal_01_01_otp.set -> MACD-signal_01_01_otp_otp.set
2025-04-27 10:21:33,278 - INFO - Successfully optimized MACD-Stochastic-2_01_01_otp.set -> MACD-Stochastic-2_01_01_otp_otp.set
2025-04-27 10:21:33,279 - INFO - Successfully optimized MACD-Stochastic_01_01_otp.set -> MACD-Stochastic_01_01_otp_otp.set
2025-04-27 10:21:33,280 - INFO - Successfully optimized MACDCCI_01_01_otp.set -> MACDCCI_01_01_otp_otp.set
2025-04-27 10:21:33,282 - INFO - Successfully optimized MacdPatternTraderAll0.01_01_01_otp.set -> MacdPatternTraderAll0.01_01_01_otp_otp.set
2025-04-27 10:21:33,283 - INFO - Successfully optimized MacdPatternTraderAll_01_01_otp.set -> MacdPatternTraderAll_01_01_otp_otp.set
2025-04-27 10:21:33,284 - INFO - Successfully optimized MACD_01_01_otp.set -> MACD_01_01_otp_otp.set
2025-04-27 10:21:33,285 - INFO - Successfully optimized MAGrid_01_01_otp.set -> MAGrid_01_01_otp_otp.set
2025-04-27 10:21:33,286 - INFO - Successfully optimized MAMACD_01_01_otp.set -> MAMACD_01_01_otp_otp.set
2025-04-27 10:21:33,287 - INFO - Successfully optimized Market-Capture_01_01_otp.set -> Market-Capture_01_01_otp_otp.set
2025-04-27 10:21:33,289 - INFO - Successfully optimized Martin-1_01_01_otp.set -> Martin-1_01_01_otp_otp.set
2025-04-27 10:21:33,290 - INFO - Successfully optimized Martin-for-small-deposits_01_01_otp.set -> Martin-for-small-deposits_01_01_otp_otp.set
2025-04-27 10:21:33,291 - INFO - Successfully optimized MartingailExpert_01_01_otp.set -> MartingailExpert_01_01_otp_otp.set
2025-04-27 10:21:33,292 - INFO - Successfully optimized MartinGaleBreakout_01_01_otp.set -> MartinGaleBreakout_01_01_otp_otp.set
2025-04-27 10:21:33,293 - INFO - Successfully optimized Martin_01_01_otp.set -> Martin_01_01_otp_otp.set
2025-04-27 10:21:33,294 - INFO - Successfully optimized Marubozu-EA_01_01_otp.set -> Marubozu-EA_01_01_otp_otp.set
2025-04-27 10:21:33,295 - INFO - Successfully optimized Marubozu_01_01_otp.set -> Marubozu_01_01_otp_otp.set
2025-04-27 10:21:33,297 - INFO - Successfully optimized MelBar-EuSwiss-1.85_01_01_otp.set -> MelBar-EuSwiss-1.85_01_01_otp_otp.set
2025-04-27 10:21:33,298 - INFO - Successfully optimized MelBar™Take325-™-5.5Y-NZD-USD_01_01_otp.set -> MelBar™Take325-™-5.5Y-NZD-USD_01_01_otp_otp.set
2025-04-27 10:21:33,299 - INFO - Successfully optimized Mobo-Bands-EA_01_01_otp.set -> Mobo-Bands-EA_01_01_otp_otp.set
2025-04-27 10:21:33,301 - INFO - Successfully optimized Mobo-Bands_01_01_otp.set -> Mobo-Bands_01_01_otp_otp.set
2025-04-27 10:21:33,302 - INFO - Successfully optimized Modified-Moving-Averages_01_01_otp.set -> Modified-Moving-Averages_01_01_otp_otp.set
2025-04-27 10:21:33,303 - INFO - Successfully optimized Momentum-M15_01_01_otp.set -> Momentum-M15_01_01_otp_otp.set
2025-04-27 10:21:33,304 - INFO - Successfully optimized Momo-trades_01_01_otp.set -> Momo-trades_01_01_otp_otp.set
2025-04-27 10:21:33,305 - INFO - Successfully optimized Money-Fixed-Margin_01_01_otp.set -> Money-Fixed-Margin_01_01_otp_otp.set
2025-04-27 10:21:33,306 - INFO - Successfully optimized Money-Fixed-Risk_01_01_otp.set -> Money-Fixed-Risk_01_01_otp_otp.set
2025-04-27 10:21:33,308 - INFO - Successfully optimized MoneyRain_01_01_otp.set -> MoneyRain_01_01_otp_otp.set
2025-04-27 10:21:33,309 - INFO - Successfully optimized Morning-evening-star-EA_01_01_otp.set -> Morning-evening-star-EA_01_01_otp_otp.set
2025-04-27 10:21:33,310 - INFO - Successfully optimized MostasHaR15-Pivot_01_01_otp.set -> MostasHaR15-Pivot_01_01_otp_otp.set
2025-04-27 10:21:33,311 - INFO - Successfully optimized Moving-20average-20and-20ichimoku-20EA_01_01_otp.set -> Moving-20average-20and-20ichimoku-20EA_01_01_otp_otp.set
2025-04-27 10:21:33,313 - INFO - Successfully optimized Moving-Average-Trade-System_01_01_otp.set -> Moving-Average-Trade-System_01_01_otp_otp.set
2025-04-27 10:21:33,314 - INFO - Successfully optimized Moving-Averages_01_01_otp.set -> Moving-Averages_01_01_otp_otp.set
2025-04-27 10:21:33,315 - INFO - Successfully optimized MovingAverageMartinGale_01_01_otp.set -> MovingAverageMartinGale_01_01_otp_otp.set
2025-04-27 10:21:33,316 - INFO - Successfully optimized MovingAverage_01_01_otp.set -> MovingAverage_01_01_otp_otp.set
2025-04-27 10:21:33,317 - INFO - Successfully optimized MQL5-Wizard-MA-RSI_01_01_otp.set -> MQL5-Wizard-MA-RSI_01_01_otp_otp.set
2025-04-27 10:21:33,319 - INFO - Successfully optimized MQL5-Wizard-MACD-Parabolic-SAR_01_01_otp.set -> MQL5-Wizard-MACD-Parabolic-SAR_01_01_otp_otp.set
2025-04-27 10:21:33,320 - INFO - Successfully optimized MTC-Сombo_01_01_otp.set -> MTC-Сombo_01_01_otp_otp.set
2025-04-27 10:21:33,321 - INFO - Successfully optimized Multi-Stochastic_01_01_otp.set -> Multi-Stochastic_01_01_otp_otp.set
2025-04-27 10:21:33,322 - INFO - Successfully optimized MultiMartin_01_01_otp.set -> MultiMartin_01_01_otp_otp.set
2025-04-27 10:21:33,323 - INFO - Successfully optimized MySystem_01_01_otp.set -> MySystem_01_01_otp_otp.set
2025-04-27 10:21:33,324 - INFO - Successfully optimized N-Candles_01_01_otp.set -> N-Candles_01_01_otp_otp.set
2025-04-27 10:21:33,326 - INFO - Successfully optimized Nevalyashka-BreakdownLevel_01_01_otp.set -> Nevalyashka-BreakdownLevel_01_01_otp_otp.set
2025-04-27 10:21:33,327 - INFO - Successfully optimized Nevalyashka3-1_01_01_otp.set -> Nevalyashka3-1_01_01_otp_otp.set
2025-04-27 10:21:33,328 - INFO - Successfully optimized Nevalyashka_01_01_otp.set -> Nevalyashka_01_01_otp_otp.set
2025-04-27 10:21:33,329 - INFO - Successfully optimized New-Martin_01_01_otp.set -> New-Martin_01_01_otp_otp.set
2025-04-27 10:21:33,330 - INFO - Successfully optimized New-Random_01_01_otp.set -> New-Random_01_01_otp_otp.set
2025-04-27 10:21:33,332 - INFO - Successfully optimized Nextbar_01_01_otp.set -> Nextbar_01_01_otp_otp.set
2025-04-27 10:21:33,333 - INFO - Successfully optimized Night-Flat-Trade_01_01_otp.set -> Night-Flat-Trade_01_01_otp_otp.set
2025-04-27 10:21:33,334 - INFO - Successfully optimized NightScalper_01_01_otp.set -> NightScalper_01_01_otp_otp.set
2025-04-27 10:21:33,335 - INFO - Successfully optimized NRTR-Revers_01_01_otp.set -> NRTR-Revers_01_01_otp_otp.set
2025-04-27 10:21:33,336 - INFO - Successfully optimized NUp1Down_01_01_otp.set -> NUp1Down_01_01_otp_otp.set
2025-04-27 10:21:33,338 - INFO - Successfully optimized Open-Candle-EA_01_01_otp.set -> Open-Candle-EA_01_01_otp_otp.set
2025-04-27 10:21:33,339 - INFO - Successfully optimized Open-Close_01_01_otp.set -> Open-Close_01_01_otp_otp.set
2025-04-27 10:21:33,340 - INFO - Successfully optimized Opening-and-ilosing-on-time_01_01_otp.set -> Opening-and-ilosing-on-time_01_01_otp_otp.set
2025-04-27 10:21:33,341 - INFO - Successfully optimized Opening-and-Сlosing-on-time_01_01_otp.set -> Opening-and-Сlosing-on-time_01_01_otp_otp.set
2025-04-27 10:21:33,342 - INFO - Successfully optimized OpenPendingorderAfterPositionGetStopLoss_01_01_otp.set -> OpenPendingorderAfterPositionGetStopLoss_01_01_otp_otp.set
2025-04-27 10:21:33,344 - INFO - Successfully optimized OpenTicks_01_01_otp.set -> OpenTicks_01_01_otp_otp.set
2025-04-27 10:21:33,345 - INFO - Successfully optimized ORB-EA-BOX_01_01_otp.set -> ORB-EA-BOX_01_01_otp_otp.set
2025-04-27 10:21:33,346 - INFO - Successfully optimized OsMaSter_01_01_otp.set -> OsMaSter_01_01_otp_otp.set
2025-04-27 10:21:33,347 - INFO - Successfully optimized OTT-20AND-20PRICE-20CROSS-20EA_01_01_otp.set -> OTT-20AND-20PRICE-20CROSS-20EA_01_01_otp_otp.set
2025-04-27 10:21:33,348 - INFO - Successfully optimized OverHedge_01_01_otp.set -> OverHedge_01_01_otp_otp.set
2025-04-27 10:21:33,350 - INFO - Successfully optimized OzFx_01_01_otp.set -> OzFx_01_01_otp_otp.set
2025-04-27 10:21:33,351 - INFO - Successfully optimized Parabolic-SAR_01_01_otp.set -> Parabolic-SAR_01_01_otp_otp.set
2025-04-27 10:21:33,352 - INFO - Successfully optimized PARSI-EA_01_01_otp.set -> PARSI-EA_01_01_otp_otp.set
2025-04-27 10:21:33,353 - INFO - Successfully optimized Peceptron-Mult_01_01_otp.set -> Peceptron-Mult_01_01_otp_otp.set
2025-04-27 10:21:33,354 - INFO - Successfully optimized Pending-orders-by-time-2_01_01_otp.set -> Pending-orders-by-time-2_01_01_otp_otp.set
2025-04-27 10:21:33,355 - INFO - Successfully optimized Pending-orders-by-time_01_01_otp.set -> Pending-orders-by-time_01_01_otp_otp.set
2025-04-27 10:21:33,357 - INFO - Successfully optimized Pendulum_01_01_otp.set -> Pendulum_01_01_otp_otp.set
2025-04-27 10:21:33,358 - INFO - Successfully optimized Pinball-machine_01_01_otp.set -> Pinball-machine_01_01_otp_otp.set
2025-04-27 10:21:33,359 - INFO - Successfully optimized Pinbar-Magic-EA_01_01_otp.set -> Pinbar-Magic-EA_01_01_otp_otp.set
2025-04-27 10:21:33,360 - INFO - Successfully optimized PinBar-Magic-Indicator_01_01_otp.set -> PinBar-Magic-Indicator_01_01_otp_otp.set
2025-04-27 10:21:33,363 - INFO - Successfully optimized Pipsover_01_01_otp.set -> Pipsover_01_01_otp_otp.set
2025-04-27 10:21:33,365 - INFO - Successfully optimized Plan-X_01_01_otp.set -> Plan-X_01_01_otp_otp.set
2025-04-27 10:21:33,366 - INFO - Successfully optimized Plateau_01_01_otp.set -> Plateau_01_01_otp_otp.set
2025-04-27 10:21:33,368 - INFO - Successfully optimized Poker-SHOW_01_01_otp.set -> Poker-SHOW_01_01_otp_otp.set
2025-04-27 10:21:33,369 - INFO - Successfully optimized Precipice-MartIn_01_01_otp.set -> Precipice-MartIn_01_01_otp_otp.set
2025-04-27 10:21:33,370 - INFO - Successfully optimized Precipice_01_01_otp.set -> Precipice_01_01_otp_otp.set
2025-04-27 10:21:33,372 - INFO - Successfully optimized Probe_01_01_otp.set -> Probe_01_01_otp_otp.set
2025-04-27 10:21:33,373 - INFO - Successfully optimized Proffessor_01_01_otp.set -> Proffessor_01_01_otp_otp.set
2025-04-27 10:21:33,374 - INFO - Successfully optimized PropFirmHelper_01_01_otp.set -> PropFirmHelper_01_01_otp_otp.set
2025-04-27 10:21:33,376 - INFO - Successfully optimized PROphet_01_01_otp.set -> PROphet_01_01_otp_otp.set
2025-04-27 10:21:33,377 - INFO - Successfully optimized Puria-method_01_01_otp.set -> Puria-method_01_01_otp_otp.set
2025-04-27 10:21:33,378 - INFO - Successfully optimized Rabbit3_01_01_otp.set -> Rabbit3_01_01_otp_otp.set
2025-04-27 10:21:33,380 - INFO - Successfully optimized Range-Breakout_01_01_otp.set -> Range-Breakout_01_01_otp_otp.set
2025-04-27 10:21:33,381 - INFO - Successfully optimized Rapid-Doji-EA_01_01_otp.set -> Rapid-Doji-EA_01_01_otp_otp.set
2025-04-27 10:21:33,382 - INFO - Successfully optimized Raymond-Cloudy-Day-for-EA_01_01_otp.set -> Raymond-Cloudy-Day-for-EA_01_01_otp_otp.set
2025-04-27 10:21:33,383 - INFO - Successfully optimized Reflex-EA_01_01_otp.set -> Reflex-EA_01_01_otp_otp.set
2025-04-27 10:21:33,385 - INFO - Successfully optimized REFLEX-INDICATOR_01_01_otp.set -> REFLEX-INDICATOR_01_01_otp_otp.set
2025-04-27 10:21:33,386 - INFO - Successfully optimized Reflex_01_01_otp.set -> Reflex_01_01_otp_otp.set
2025-04-27 10:21:33,387 - INFO - Successfully optimized Reversing-Martingale_01_01_otp.set -> Reversing-Martingale_01_01_otp_otp.set
2025-04-27 10:21:33,388 - INFO - Successfully optimized RideAlligator_01_01_otp.set -> RideAlligator_01_01_otp_otp.set
2025-04-27 10:21:33,390 - INFO - Successfully optimized RNN_01_01_otp.set -> RNN_01_01_otp_otp.set
2025-04-27 10:21:33,391 - INFO - Successfully optimized Robot-MACD_01_01_otp.set -> Robot-MACD_01_01_otp_otp.set
2025-04-27 10:21:33,392 - INFO - Successfully optimized RobotPowerM5-meta4_01_01_otp.set -> RobotPowerM5-meta4_01_01_otp_otp.set
2025-04-27 10:21:33,393 - INFO - Successfully optimized Rollback-system_01_01_otp.set -> Rollback-system_01_01_otp_otp.set
2025-04-27 10:21:33,394 - INFO - Successfully optimized RSI-and-Bollinger-Bands_01_01_otp.set -> RSI-and-Bollinger-Bands_01_01_otp_otp.set
2025-04-27 10:21:33,396 - INFO - Successfully optimized RSI-Arrow-EA_01_01_otp.set -> RSI-Arrow-EA_01_01_otp_otp.set
2025-04-27 10:21:33,397 - INFO - Successfully optimized RSI-Arrow_01_01_otp.set -> RSI-Arrow_01_01_otp_otp.set
2025-04-27 10:21:33,398 - INFO - Successfully optimized RSI-EA_01_01_otp.set -> RSI-EA_01_01_otp_otp.set
2025-04-27 10:21:33,399 - INFO - Successfully optimized RSI-Eraser_01_01_otp.set -> RSI-Eraser_01_01_otp_otp.set
2025-04-27 10:21:33,400 - INFO - Successfully optimized RSI-Expert_01_01_otp.set -> RSI-Expert_01_01_otp_otp.set
2025-04-27 10:21:33,401 - INFO - Successfully optimized RSI-Levels_01_01_otp.set -> RSI-Levels_01_01_otp_otp.set
2025-04-27 10:21:33,402 - INFO - Successfully optimized RSI-trader_01_01_otp.set -> RSI-trader_01_01_otp_otp.set
2025-04-27 10:21:33,404 - INFO - Successfully optimized RSI-Trend-EA_01_01_otp.set -> RSI-Trend-EA_01_01_otp_otp.set
2025-04-27 10:21:33,405 - INFO - Successfully optimized RSI-Trend_01_01_otp.set -> RSI-Trend_01_01_otp_otp.set
2025-04-27 10:21:33,406 - INFO - Successfully optimized RSI-with-channels-EA_01_01_otp.set -> RSI-with-channels-EA_01_01_otp_otp.set
2025-04-27 10:21:33,407 - INFO - Successfully optimized RSI-with-channels_01_01_otp.set -> RSI-with-channels_01_01_otp_otp.set
2025-04-27 10:21:33,408 - INFO - Successfully optimized Russian20-hp1_01_01_otp.set -> Russian20-hp1_01_01_otp_otp.set
2025-04-27 10:21:33,409 - INFO - Successfully optimized SampleCheckPendingOrder_01_01_otp.set -> SampleCheckPendingOrder_01_01_otp_otp.set
2025-04-27 10:21:33,411 - INFO - Successfully optimized SAR-trading_01_01_otp.set -> SAR-trading_01_01_otp_otp.set
2025-04-27 10:21:33,412 - INFO - Successfully optimized Secwenta_01_01_otp.set -> Secwenta_01_01_otp_otp.set
2025-04-27 10:21:33,413 - INFO - Successfully optimized Sell-Stop_01_01_otp.set -> Sell-Stop_01_01_otp_otp.set
2025-04-27 10:21:33,414 - INFO - Successfully optimized Sensitive_01_01_otp.set -> Sensitive_01_01_otp_otp.set
2025-04-27 10:21:33,416 - INFO - Successfully optimized Separate-trade_01_01_otp.set -> Separate-trade_01_01_otp_otp.set
2025-04-27 10:21:33,417 - INFO - Successfully optimized SilverTrend_01_01_otp.set -> SilverTrend_01_01_otp_otp.set
2025-04-27 10:21:33,419 - INFO - Successfully optimized Simple-20Price-20Alert-20-20EA_01_01_otp.set -> Simple-20Price-20Alert-20-20EA_01_01_otp_otp.set
2025-04-27 10:21:33,420 - INFO - Successfully optimized Simple-20Volume-20EA_01_01_otp.set -> Simple-20Volume-20EA_01_01_otp_otp.set
2025-04-27 10:21:33,421 - INFO - Successfully optimized Simple-EA-MA-plus-MACD_01_01_otp.set -> Simple-EA-MA-plus-MACD_01_01_otp_otp.set
2025-04-27 10:21:33,422 - INFO - Successfully optimized Simple-FX_01_01_otp.set -> Simple-FX_01_01_otp_otp.set
2025-04-27 10:21:33,424 - INFO - Successfully optimized Simple-MACD_01_01_otp.set -> Simple-MACD_01_01_otp_otp.set
2025-04-27 10:21:33,425 - INFO - Successfully optimized Simple-Volume-EA_01_01_otp.set -> Simple-Volume-EA_01_01_otp_otp.set
2025-04-27 10:21:33,426 - INFO - Successfully optimized SimplePivot_01_01_otp.set -> SimplePivot_01_01_otp_otp.set
2025-04-27 10:21:33,428 - INFO - Successfully optimized Simplest-Hedging-EA-ever_01_01_otp.set -> Simplest-Hedging-EA-ever_01_01_otp_otp.set
2025-04-27 10:21:33,429 - INFO - Successfully optimized SimpleTrade _01_01_otp.set -> SimpleTrade _01_01_otp_otp.set
2025-04-27 10:21:33,430 - INFO - Successfully optimized Six-Soldiers-EA-Grid_01_01_otp.set -> Six-Soldiers-EA-Grid_01_01_otp_otp.set
2025-04-27 10:21:33,431 - INFO - Successfully optimized Six-Soldiers-EA_01_01_otp.set -> Six-Soldiers-EA_01_01_otp_otp.set
2025-04-27 10:21:33,433 - INFO - Successfully optimized Six-Soldiers_01_01_otp.set -> Six-Soldiers_01_01_otp_otp.set
2025-04-27 10:21:33,434 - INFO - Successfully optimized Small-Inside-Bar-Strategy_01_01_otp.set -> Small-Inside-Bar-Strategy_01_01_otp_otp.set
2025-04-27 10:21:33,435 - INFO - Successfully optimized Smart-Machine-20EA_01_01_otp.set -> Smart-Machine-20EA_01_01_otp_otp.set
2025-04-27 10:21:33,436 - INFO - Successfully optimized Smoothing-Average_01_01_otp.set -> Smoothing-Average_01_01_otp_otp.set
2025-04-27 10:21:33,437 - INFO - Successfully optimized Spasm_01_01_otp.set -> Spasm_01_01_otp_otp.set
2025-04-27 10:21:33,438 - INFO - Successfully optimized ssb5-123_01_01_otp.set -> ssb5-123_01_01_otp_otp.set
2025-04-27 10:21:33,439 - INFO - Successfully optimized Starter_01_01_otp.set -> Starter_01_01_otp_otp.set
2025-04-27 10:21:33,440 - INFO - Successfully optimized Steve-Cartwright-Trader-Camel-CCI-MACD_01_01_otp.set -> Steve-Cartwright-Trader-Camel-CCI-MACD_01_01_otp_otp.set
2025-04-27 10:21:33,441 - INFO - Successfully optimized Stoch-EA-1192_01_01_otp.set -> Stoch-EA-1192_01_01_otp_otp.set
2025-04-27 10:21:33,442 - INFO - Successfully optimized Stochastic-20Alert_01_01_otp.set -> Stochastic-20Alert_01_01_otp_otp.set
2025-04-27 10:21:33,443 - INFO - Successfully optimized Stochastic-K-Divergence.lua_01_01_otp.set -> Stochastic-K-Divergence.lua_01_01_otp_otp.set
2025-04-27 10:21:33,445 - INFO - Successfully optimized stochastic-three-periods_01_01_otp.set -> stochastic-three-periods_01_01_otp_otp.set
2025-04-27 10:21:33,446 - INFO - Successfully optimized StochasticDiffSign-EA_01_01_otp.set -> StochasticDiffSign-EA_01_01_otp_otp.set
2025-04-27 10:21:33,447 - INFO - Successfully optimized stochasticdiffsign_01_01_otp.set -> stochasticdiffsign_01_01_otp_otp.set
2025-04-27 10:21:33,448 - INFO - Successfully optimized StochMA-EA_01_01_otp.set -> StochMA-EA_01_01_otp_otp.set
2025-04-27 10:21:33,449 - INFO - Successfully optimized StochMA_01_01_otp.set -> StochMA_01_01_otp_otp.set
2025-04-27 10:21:33,450 - INFO - Successfully optimized Stoch_01_01_otp.set -> Stoch_01_01_otp_otp.set
2025-04-27 10:21:33,451 - INFO - Successfully optimized Stop-Loss-Take-Profit_01_01_otp.set -> Stop-Loss-Take-Profit_01_01_otp_otp.set
2025-04-27 10:21:33,453 - INFO - Successfully optimized StraddleqTrail_01_01_otp.set -> StraddleqTrail_01_01_otp_otp.set
2025-04-27 10:21:33,454 - INFO - Successfully optimized Surefirething_01_01_otp.set -> Surefirething_01_01_otp_otp.set
2025-04-27 10:21:33,455 - INFO - Successfully optimized TDSGlobal_01_01_otp.set -> TDSGlobal_01_01_otp_otp.set
2025-04-27 10:21:33,456 - INFO - Successfully optimized The-MasterMind-2_01_01_otp.set -> The-MasterMind-2_01_01_otp_otp.set
2025-04-27 10:21:33,457 - INFO - Successfully optimized The-MasterMind-3_01_01_otp.set -> The-MasterMind-3_01_01_otp_otp.set
2025-04-27 10:21:33,458 - INFO - Successfully optimized The-MasterMind_01_01_otp.set -> The-MasterMind_01_01_otp_otp.set
2025-04-27 10:21:33,460 - INFO - Successfully optimized The-Puncher_01_01_otp.set -> The-Puncher_01_01_otp_otp.set
2025-04-27 10:21:33,461 - INFO - Successfully optimized TheClassicTurtleTrader-no-dots-EA_01_01_otp.set -> TheClassicTurtleTrader-no-dots-EA_01_01_otp_otp.set
2025-04-27 10:21:33,463 - INFO - Successfully optimized TheClassicTurtleTrader-no-dots_01_01_otp.set -> TheClassicTurtleTrader-no-dots_01_01_otp_otp.set
2025-04-27 10:21:33,464 - INFO - Successfully optimized Three-indicators_01_01_otp.set -> Three-indicators_01_01_otp_otp.set
2025-04-27 10:21:33,465 - INFO - Successfully optimized Three-neural-networks_01_01_otp.set -> Three-neural-networks_01_01_otp_otp.set
2025-04-27 10:21:33,468 - INFO - Successfully optimized Three-timeframes_01_01_otp.set -> Three-timeframes_01_01_otp_otp.set
2025-04-27 10:21:33,470 - INFO - Successfully optimized Three-Typical-Candles_01_01_otp.set -> Three-Typical-Candles_01_01_otp_otp.set
2025-04-27 10:21:33,472 - INFO - Successfully optimized Time-sync-forts_01_01_otp.set -> Time-sync-forts_01_01_otp_otp.set
2025-04-27 10:21:33,474 - INFO - Successfully optimized timer-trade_01_01_otp.set -> timer-trade_01_01_otp_otp.set
2025-04-27 10:21:33,476 - INFO - Successfully optimized TMA-ATR-Channel_01_01_otp.set -> TMA-ATR-Channel_01_01_otp_otp.set
2025-04-27 10:21:33,477 - INFO - Successfully optimized TMA-ATR-EA_01_01_otp.set -> TMA-ATR-EA_01_01_otp_otp.set
2025-04-27 10:21:33,480 - INFO - Successfully optimized TMA-CG-EA_01_01_otp.set -> TMA-CG-EA_01_01_otp_otp.set
2025-04-27 10:21:33,482 - INFO - Successfully optimized TMA-CG-Martingale-20EA_01_01_otp.set -> TMA-CG-Martingale-20EA_01_01_otp_otp.set
2025-04-27 10:21:33,483 - INFO - Successfully optimized TMA-CG-mladen_01_01_otp.set -> TMA-CG-mladen_01_01_otp_otp.set
2025-04-27 10:21:33,485 - INFO - Successfully optimized TMA-CG-special_01_01_otp.set -> TMA-CG-special_01_01_otp_otp.set
2025-04-27 10:21:33,487 - INFO - Successfully optimized TMA-slope-bands_01_01_otp.set -> TMA-slope-bands_01_01_otp_otp.set
2025-04-27 10:21:33,488 - INFO - Successfully optimized TmaTrue-2.0-with-Distances-6xx_01_01_otp.set -> TmaTrue-2.0-with-Distances-6xx_01_01_otp_otp.set
2025-04-27 10:21:33,490 - INFO - Successfully optimized TmaTrue-3.0-with-Distances-6xx_01_01_otp.set -> TmaTrue-3.0-with-Distances-6xx_01_01_otp_otp.set
2025-04-27 10:21:33,492 - INFO - Successfully optimized TP-with-money_01_01_otp.set -> TP-with-money_01_01_otp_otp.set
2025-04-27 10:21:33,494 - INFO - Successfully optimized Trade-in-Channel_01_01_otp.set -> Trade-in-Channel_01_01_otp_otp.set
2025-04-27 10:21:33,496 - INFO - Successfully optimized Trade-on-qualified-RSI_01_01_otp.set -> Trade-on-qualified-RSI_01_01_otp_otp.set
2025-04-27 10:21:33,497 - INFO - Successfully optimized Trading-Breakout-MrThanhTan_01_01_otp.set -> Trading-Breakout-MrThanhTan_01_01_otp_otp.set
2025-04-27 10:21:33,499 - INFO - Successfully optimized Trend-Trader-Strategy-EA_01_01_otp.set -> Trend-Trader-Strategy-EA_01_01_otp_otp.set
2025-04-27 10:21:33,502 - INFO - Successfully optimized Trend-Trader-Strategy_01_01_otp.set -> Trend-Trader-Strategy_01_01_otp_otp.set
2025-04-27 10:21:33,504 - INFO - Successfully optimized Tru-EA_01_01_otp.set -> Tru-EA_01_01_otp_otp.set
2025-04-27 10:21:33,505 - INFO - Successfully optimized True-Scalper-Profit-Lock_01_01_otp.set -> True-Scalper-Profit-Lock_01_01_otp_otp.set
2025-04-27 10:21:33,507 - INFO - Successfully optimized TrueSort-1100_01_01_otp.set -> TrueSort-1100_01_01_otp_otp.set
2025-04-27 10:21:33,509 - INFO - Successfully optimized Tunnel-gen4_01_01_otp.set -> Tunnel-gen4_01_01_otp_otp.set
2025-04-27 10:21:33,511 - INFO - Successfully optimized Tunnel-Method_01_01_otp.set -> Tunnel-Method_01_01_otp_otp.set
2025-04-27 10:21:33,513 - INFO - Successfully optimized TurnGrid_01_01_otp.set -> TurnGrid_01_01_otp_otp.set
2025-04-27 10:21:33,515 - INFO - Successfully optimized Two PerBar _01_01_otp.set -> Two PerBar _01_01_otp_otp.set
2025-04-27 10:21:33,517 - INFO - Successfully optimized Two-20MA-20RSI-20ADX-20EA_01_01_otp.set -> Two-20MA-20RSI-20ADX-20EA_01_01_otp_otp.set
2025-04-27 10:21:33,519 - INFO - Successfully optimized Two-20Orders-20Panel_01_01_otp.set -> Two-20Orders-20Panel_01_01_otp_otp.set
2025-04-27 10:21:33,521 - INFO - Successfully optimized Two-pending-orders-2_01_01_otp.set -> Two-pending-orders-2_01_01_otp_otp.set
2025-04-27 10:21:33,523 - INFO - Successfully optimized UnityPro_01_01_otp.set -> UnityPro_01_01_otp_otp.set
2025-04-27 10:21:33,525 - INFO - Successfully optimized UniversalMACrossEA_01_01_otp.set -> UniversalMACrossEA_01_01_otp_otp.set
2025-04-27 10:21:33,527 - INFO - Successfully optimized UniversalSignalDemo_01_01_otp.set -> UniversalSignalDemo_01_01_otp_otp.set
2025-04-27 10:21:33,528 - INFO - Successfully optimized Universum-3.0_01_01_otp.set -> Universum-3.0_01_01_otp_otp.set
2025-04-27 10:21:33,531 - INFO - Successfully optimized UnNomGuai-20EA_01_01_otp.set -> UnNomGuai-20EA_01_01_otp_otp.set
2025-04-27 10:21:33,533 - INFO - Successfully optimized up3x1-Investor_01_01_otp.set -> up3x1-Investor_01_01_otp_otp.set
2025-04-27 10:21:33,535 - INFO - Successfully optimized up3x1-premium-M_01_01_otp.set -> up3x1-premium-M_01_01_otp_otp.set
2025-04-27 10:21:33,536 - INFO - Successfully optimized up3x1_01_01_otp.set -> up3x1_01_01_otp_otp.set
2025-04-27 10:21:33,538 - INFO - Successfully optimized Urdala-Trol_01_01_otp.set -> Urdala-Trol_01_01_otp_otp.set
2025-04-27 10:21:33,540 - INFO - Successfully optimized Very-Blonde-System_01_01_otp.set -> Very-Blonde-System_01_01_otp_otp.set
2025-04-27 10:21:33,542 - INFO - Successfully optimized Virtual-Trailing-Stop_01_01_otp.set -> Virtual-Trailing-Stop_01_01_otp_otp.set
2025-04-27 10:21:33,543 - INFO - Successfully optimized VLT-TRADER_01_01_otp.set -> VLT-TRADER_01_01_otp_otp.set
2025-04-27 10:21:33,545 - INFO - Successfully optimized Volume-trader_01_01_otp.set -> Volume-trader_01_01_otp_otp.set
2025-04-27 10:21:33,546 - INFO - Successfully optimized Vortex-Indicator-System_01_01_otp.set -> Vortex-Indicator-System_01_01_otp_otp.set
2025-04-27 10:21:33,548 - INFO - Successfully optimized VR-Overturn_01_01_otp.set -> VR-Overturn_01_01_otp_otp.set
2025-04-27 10:21:33,550 - INFO - Successfully optimized VR-ZVER-v.2_01_01_otp.set -> VR-ZVER-v.2_01_01_otp_otp.set
2025-04-27 10:21:33,552 - INFO - Successfully optimized VR-ZVER_01_01_otp.set -> VR-ZVER_01_01_otp_otp.set
2025-04-27 10:21:33,554 - INFO - Successfully optimized VZO_01_01_otp.set -> VZO_01_01_otp_otp.set
2025-04-27 10:21:33,555 - INFO - Successfully optimized Waddah-Attar-Win_01_01_otp.set -> Waddah-Attar-Win_01_01_otp_otp.set
2025-04-27 10:21:33,557 - INFO - Successfully optimized WE-TRUST_01_01_otp.set -> WE-TRUST_01_01_otp_otp.set
2025-04-27 10:21:33,559 - INFO - Successfully optimized X-RSIOMA_01_01_otp.set -> X-RSIOMA_01_01_otp_otp.set
2025-04-27 10:21:33,561 - INFO - Successfully optimized Yesterday-Today_01_01_otp.set -> Yesterday-Today_01_01_otp_otp.set
2025-04-27 10:21:33,563 - INFO - Successfully optimized 10-pips-EURUSD_01_standard.set -> 10-pips-EURUSD_01_otp.set
2025-04-27 10:21:33,564 - INFO - Successfully optimized 10-pips_01_standard.set -> 10-pips_01_otp.set
2025-04-27 10:21:33,566 - INFO - Successfully optimized 1H-EUR-USD_01_standard.set -> 1H-EUR-USD_01_otp.set
2025-04-27 10:21:33,567 - INFO - Successfully optimized 20011201-GBPUSD-M1_01_standard.set -> 20011201-GBPUSD-M1_01_otp.set
2025-04-27 10:21:33,569 - INFO - Successfully optimized 21hour_01_standard.set -> 21hour_01_otp.set
2025-04-27 10:21:33,571 - INFO - Successfully optimized 2HR-HL_01_standard.set -> 2HR-HL_01_otp.set
2025-04-27 10:21:33,572 - INFO - Successfully optimized 2MA-4Level_01_standard.set -> 2MA-4Level_01_otp.set
2025-04-27 10:21:33,574 - INFO - Successfully optimized 2MA-Bunny-Cross_01_standard.set -> 2MA-Bunny-Cross_01_otp.set
2025-04-27 10:21:33,575 - INFO - Successfully optimized 3-bars-high-low-indicator_01_standard.set -> 3-bars-high-low-indicator_01_otp.set
2025-04-27 10:21:33,576 - INFO - Successfully optimized 35-Pip-Scalper_01_standard.set -> 35-Pip-Scalper_01_otp.set
2025-04-27 10:21:33,578 - INFO - Successfully optimized 3BarsHighLowEA_01_standard.set -> 3BarsHighLowEA_01_otp.set
2025-04-27 10:21:33,580 - INFO - Successfully optimized 3sma_01_standard.set -> 3sma_01_otp.set
2025-04-27 10:21:33,581 - INFO - Successfully optimized 500_01_standard.set -> 500_01_otp.set
2025-04-27 10:21:33,582 - INFO - Successfully optimized 55-MA_01_standard.set -> 55-MA_01_otp.set
2025-04-27 10:21:33,583 - INFO - Successfully optimized Above-Below-MA_01_standard.set -> Above-Below-MA_01_otp.set
2025-04-27 10:21:33,585 - INFO - Successfully optimized Absorption_01_standard.set -> Absorption_01_otp.set
2025-04-27 10:21:33,586 - INFO - Successfully optimized ADX-MACD-Deev_01_standard.set -> ADX-MACD-Deev_01_otp.set
2025-04-27 10:21:33,588 - INFO - Successfully optimized ADX-MA_01_standard.set -> ADX-MA_01_otp.set
2025-04-27 10:21:33,589 - INFO - Successfully optimized ADX-System_01_standard.set -> ADX-System_01_otp.set
2025-04-27 10:21:33,590 - INFO - Successfully optimized AIS1_01_standard.set -> AIS1_01_otp.set
2025-04-27 10:21:33,591 - INFO - Successfully optimized Alexav-D1-Profit-GBPUSD_01_standard.set -> Alexav-D1-Profit-GBPUSD_01_otp.set
2025-04-27 10:21:33,592 - INFO - Successfully optimized All-Average-Ea_01_standard.set -> All-Average-Ea_01_otp.set
2025-04-27 10:21:33,594 - INFO - Successfully optimized Alligator-Simple_01_standard.set -> Alligator-Simple_01_otp.set
2025-04-27 10:21:33,595 - INFO - Successfully optimized Alligator_01_standard.set -> Alligator_01_otp.set
2025-04-27 10:21:33,596 - INFO - Successfully optimized Altarius-RSI-Stohastic_01_standard.set -> Altarius-RSI-Stohastic_01_otp.set
2025-04-27 10:21:33,597 - INFO - Successfully optimized AMA-Trader-2_01_standard.set -> AMA-Trader-2_01_otp.set
2025-04-27 10:21:33,599 - INFO - Successfully optimized AMA-Trader_01_standard.set -> AMA-Trader_01_otp.set
2025-04-27 10:21:33,600 - INFO - Successfully optimized AO-Lightning_01_standard.set -> AO-Lightning_01_otp.set
2025-04-27 10:21:33,601 - INFO - Successfully optimized AOCCI_01_standard.set -> AOCCI_01_otp.set
2025-04-27 10:21:33,602 - INFO - Successfully optimized Arbitrage_01_standard.set -> Arbitrage_01_otp.set
2025-04-27 10:21:33,603 - INFO - Successfully optimized ArbSint_01_standard.set -> ArbSint_01_otp.set
2025-04-27 10:21:33,604 - INFO - Successfully optimized Area-MACD_01_standard.set -> Area-MACD_01_otp.set
2025-04-27 10:21:33,606 - INFO - Successfully optimized Artificial-Intelligence_01_standard.set -> Artificial-Intelligence_01_otp.set
2025-04-27 10:21:33,607 - INFO - Successfully optimized At-random-Full_01_standard.set -> At-random-Full_01_otp.set
2025-04-27 10:21:33,608 - INFO - Successfully optimized At-random_01_standard.set -> At-random_01_otp.set
2025-04-27 10:21:33,610 - INFO - Successfully optimized Auto-ADX_01_standard.set -> Auto-ADX_01_otp.set
2025-04-27 10:21:33,611 - INFO - Successfully optimized Auto-Pivot-Plotter-28Mid-Levels-29-41_01_standard.set -> Auto-Pivot-Plotter-28Mid-Levels-29-41_01_otp.set
2025-04-27 10:21:33,615 - INFO - Successfully optimized AutoLock-EA_01_standard.set -> AutoLock-EA_01_otp.set
2025-04-27 10:21:33,617 - INFO - Successfully optimized Autotrader-Momentum_01_standard.set -> Autotrader-Momentum_01_otp.set
2025-04-27 10:21:33,618 - INFO - Successfully optimized Avalanche-AV_01_standard.set -> Avalanche-AV_01_otp.set
2025-04-27 10:21:33,619 - INFO - Successfully optimized Backbone_01_standard.set -> Backbone_01_otp.set
2025-04-27 10:21:33,620 - INFO - Successfully optimized BADX_01_standard.set -> BADX_01_otp.set
2025-04-27 10:21:33,622 - INFO - Successfully optimized Bago-EA_01_standard.set -> Bago-EA_01_otp.set
2025-04-27 10:21:33,623 - INFO - Successfully optimized BalancedScalper-20EA_01_standard.set -> BalancedScalper-20EA_01_otp.set
2025-04-27 10:21:33,624 - INFO - Successfully optimized Bands-2_01_standard.set -> Bands-2_01_otp.set
2025-04-27 10:21:33,626 - INFO - Successfully optimized BARS-Alligator_01_standard.set -> BARS-Alligator_01_otp.set
2025-04-27 10:21:33,627 - INFO - Successfully optimized Basic-CCI-RSI_01_standard.set -> Basic-CCI-RSI_01_otp.set
2025-04-27 10:21:33,628 - INFO - Successfully optimized Basic-Martingale-EA-3_01_standard.set -> Basic-Martingale-EA-3_01_otp.set
2025-04-27 10:21:33,630 - INFO - Successfully optimized BBPercentile-EA_01_standard.set -> BBPercentile-EA_01_otp.set
2025-04-27 10:21:33,631 - INFO - Successfully optimized BBPercentile_01_standard.set -> BBPercentile_01_otp.set
2025-04-27 10:21:33,632 - INFO - Successfully optimized BDCrossOver-20EA_01_standard.set -> BDCrossOver-20EA_01_otp.set
2025-04-27 10:21:33,634 - INFO - Successfully optimized BIG-DOG_01_standard.set -> BIG-DOG_01_otp.set
2025-04-27 10:21:33,635 - INFO - Successfully optimized Bill-Williams_01_standard.set -> Bill-Williams_01_otp.set
2025-04-27 10:21:33,636 - INFO - Successfully optimized Bollinger-Band-Two-MA-and-Zig-Zag_01_standard.set -> Bollinger-Band-Two-MA-and-Zig-Zag_01_otp.set
2025-04-27 10:21:33,637 - INFO - Successfully optimized Bollinger-Bands-N-positions_01_standard.set -> Bollinger-Bands-N-positions_01_otp.set
2025-04-27 10:21:33,639 - INFO - Successfully optimized Bollinger-Bands-RSI_01_standard.set -> Bollinger-Bands-RSI_01_otp.set
2025-04-27 10:21:33,640 - INFO - Successfully optimized bollinger_01_standard.set -> bollinger_01_otp.set
2025-04-27 10:21:33,641 - INFO - Successfully optimized Brakeout-Trader_01_standard.set -> Brakeout-Trader_01_otp.set
2025-04-27 10:21:33,642 - INFO - Successfully optimized Brandy_01_standard.set -> Brandy_01_otp.set
2025-04-27 10:21:33,643 - INFO - Successfully optimized Breadandbutter2_01_standard.set -> Breadandbutter2_01_otp.set
2025-04-27 10:21:33,645 - INFO - Successfully optimized Breakdown-catcher_01_standard.set -> Breakdown-catcher_01_otp.set
2025-04-27 10:21:33,646 - INFO - Successfully optimized breakdown_01_standard.set -> breakdown_01_otp.set
2025-04-27 10:21:33,647 - INFO - Successfully optimized Breakout-Str_01_standard.set -> Breakout-Str_01_otp.set
2025-04-27 10:21:33,648 - INFO - Successfully optimized Bronze-Warrioir_01_standard.set -> Bronze-Warrioir_01_otp.set
2025-04-27 10:21:33,649 - INFO - Successfully optimized Bruno_01_standard.set -> Bruno_01_otp.set
2025-04-27 10:21:33,651 - INFO - Successfully optimized BSS-1-0_01_standard.set -> BSS-1-0_01_otp.set
2025-04-27 10:21:33,652 - INFO - Successfully optimized Bullish-and-Bearish-Engulfing_01_standard.set -> Bullish-and-Bearish-Engulfing_01_otp.set
2025-04-27 10:21:33,653 - INFO - Successfully optimized Burg-Extrapolator_01_standard.set -> Burg-Extrapolator_01_otp.set
2025-04-27 10:21:33,654 - INFO - Successfully optimized BykovTrend-EA_01_standard.set -> BykovTrend-EA_01_otp.set
2025-04-27 10:21:33,656 - INFO - Successfully optimized Calculate-lotsize-and-Trailling-stop_01_standard.set -> Calculate-lotsize-and-Trailling-stop_01_otp.set
2025-04-27 10:21:33,657 - INFO - Successfully optimized candlepatternsexample_01_standard.set -> candlepatternsexample_01_otp.set
2025-04-27 10:21:33,658 - INFO - Successfully optimized Candle_01_standard.set -> Candle_01_otp.set
2025-04-27 10:21:33,659 - INFO - Successfully optimized Carbophos_01_standard.set -> Carbophos_01_otp.set
2025-04-27 10:21:33,660 - INFO - Successfully optimized CashMachine-5min_01_standard.set -> CashMachine-5min_01_otp.set
2025-04-27 10:21:33,662 - INFO - Successfully optimized CCI-MACD-Scalper_01_standard.set -> CCI-MACD-Scalper_01_otp.set
2025-04-27 10:21:33,663 - INFO - Successfully optimized Cidomo_01_standard.set -> Cidomo_01_otp.set
2025-04-27 10:21:33,664 - INFO - Successfully optimized CloseAgent_01_standard.set -> CloseAgent_01_otp.set
2025-04-27 10:21:33,665 - INFO - Successfully optimized CloseProfit_01_standard.set -> CloseProfit_01_otp.set
2025-04-27 10:21:33,666 - INFO - Successfully optimized cloud's-trade-2_01_standard.set -> cloud's-trade-2_01_otp.set
2025-04-27 10:21:33,667 - INFO - Successfully optimized CLOUD_01_standard.set -> CLOUD_01_otp.set
2025-04-27 10:21:33,668 - INFO - Successfully optimized Constituents-EA_01_standard.set -> Constituents-EA_01_otp.set
2025-04-27 10:21:33,669 - INFO - Successfully optimized Contrarian-trade-MA_01_standard.set -> Contrarian-trade-MA_01_otp.set
2025-04-27 10:21:33,671 - INFO - Successfully optimized Crossing-Moving-Average_01_standard.set -> Crossing-Moving-Average_01_otp.set
2025-04-27 10:21:33,672 - INFO - Successfully optimized CrossMA_01_standard.set -> CrossMA_01_otp.set
2025-04-27 10:21:33,673 - INFO - Successfully optimized Currencyprofits-01.1_01_standard.set -> Currencyprofits-01.1_01_otp.set
2025-04-27 10:21:33,674 - INFO - Successfully optimized Daily-20reversal-20-20EA_01_standard.set -> Daily-20reversal-20-20EA_01_otp.set
2025-04-27 10:21:33,675 - INFO - Successfully optimized Daily-BreakPoint_01_standard.set -> Daily-BreakPoint_01_otp.set
2025-04-27 10:21:33,677 - INFO - Successfully optimized Daily-Open-EA_01_standard.set -> Daily-Open-EA_01_otp.set
2025-04-27 10:21:33,678 - INFO - Successfully optimized Daily-range_01_standard.set -> Daily-range_01_otp.set
2025-04-27 10:21:33,679 - INFO - Successfully optimized Day-Trading-PAMXA_01_standard.set -> Day-Trading-PAMXA_01_otp.set
2025-04-27 10:21:33,680 - INFO - Successfully optimized Daydream_01_standard.set -> Daydream_01_otp.set
2025-04-27 10:21:33,681 - INFO - Successfully optimized DayTrading_01_standard.set -> DayTrading_01_otp.set
2025-04-27 10:21:33,682 - INFO - Successfully optimized Dealers-Trade-v-7.74-MACD_01_standard.set -> Dealers-Trade-v-7.74-MACD_01_otp.set
2025-04-27 10:21:33,684 - INFO - Successfully optimized Deep-Drawdown-MA_01_standard.set -> Deep-Drawdown-MA_01_otp.set
2025-04-27 10:21:33,685 - INFO - Successfully optimized DeMarker-gaining-position-volume-2_01_standard.set -> DeMarker-gaining-position-volume-2_01_otp.set
2025-04-27 10:21:33,686 - INFO - Successfully optimized DeMarker-gaining-position-volume_01_standard.set -> DeMarker-gaining-position-volume_01_otp.set
2025-04-27 10:21:33,688 - INFO - Successfully optimized DeMarker-Pending-2-5_01_standard.set -> DeMarker-Pending-2-5_01_otp.set
2025-04-27 10:21:33,689 - INFO - Successfully optimized DeMarker-Pending-2_01_standard.set -> DeMarker-Pending-2_01_otp.set
2025-04-27 10:21:33,690 - INFO - Successfully optimized DeMarker-Pending_01_standard.set -> DeMarker-Pending_01_otp.set
2025-04-27 10:21:33,691 - INFO - Successfully optimized Dematus_01_standard.set -> Dematus_01_otp.set
2025-04-27 10:21:33,693 - INFO - Successfully optimized Divergence-20for-20many-20indicator_01_standard.set -> Divergence-20for-20many-20indicator_01_otp.set
2025-04-27 10:21:33,694 - INFO - Successfully optimized Divergence-EA_01_standard.set -> Divergence-EA_01_otp.set
2025-04-27 10:21:33,695 - INFO - Successfully optimized Doji-Arrows_01_standard.set -> Doji-Arrows_01_otp.set
2025-04-27 10:21:33,697 - INFO - Successfully optimized DojiTrader_01_standard.set -> DojiTrader_01_otp.set
2025-04-27 10:21:33,698 - INFO - Successfully optimized Donchian-Chanel-EA_01_standard.set -> Donchian-Chanel-EA_01_otp.set
2025-04-27 10:21:33,700 - INFO - Successfully optimized DoubleHullMA-EA_01_standard.set -> DoubleHullMA-EA_01_otp.set
2025-04-27 10:21:33,701 - INFO - Successfully optimized DoubleHullMA_01_standard.set -> DoubleHullMA_01_otp.set
2025-04-27 10:21:33,703 - INFO - Successfully optimized DoubleMA-Crossover-EA_01_standard.set -> DoubleMA-Crossover-EA_01_otp.set
2025-04-27 10:21:33,704 - INFO - Successfully optimized Doubler_01_standard.set -> Doubler_01_otp.set
2025-04-27 10:21:33,705 - INFO - Successfully optimized dummy_01_standard.set -> dummy_01_otp.set
2025-04-27 10:21:33,707 - INFO - Successfully optimized Dynamic-averaging_01_standard.set -> Dynamic-averaging_01_otp.set
2025-04-27 10:21:33,708 - INFO - Successfully optimized e-Breakeven_01_standard.set -> e-Breakeven_01_otp.set
2025-04-27 10:21:33,709 - INFO - Successfully optimized E-Friday_01_standard.set -> E-Friday_01_otp.set
2025-04-27 10:21:33,710 - INFO - Successfully optimized E-Skoch-Open_01_standard.set -> E-Skoch-Open_01_otp.set
2025-04-27 10:21:33,711 - INFO - Successfully optimized e-Skoch-pending-orders_01_standard.set -> e-Skoch-pending-orders_01_otp.set
2025-04-27 10:21:33,713 - INFO - Successfully optimized e-Smart-Trailing_01_standard.set -> e-Smart-Trailing_01_otp.set
2025-04-27 10:21:33,714 - INFO - Successfully optimized e-TurboFx_01_standard.set -> e-TurboFx_01_otp.set
2025-04-27 10:21:33,715 - INFO - Successfully optimized EA-Close_01_standard.set -> EA-Close_01_otp.set
2025-04-27 10:21:33,716 - INFO - Successfully optimized EA-MA-Stoch-RSI_01_standard.set -> EA-MA-Stoch-RSI_01_otp.set
2025-04-27 10:21:33,718 - INFO - Successfully optimized EA-Moving-Average_01_standard.set -> EA-Moving-Average_01_otp.set
2025-04-27 10:21:33,719 - INFO - Successfully optimized Elite-eFibo-Trader_01_standard.set -> Elite-eFibo-Trader_01_otp.set
2025-04-27 10:21:33,720 - INFO - Successfully optimized EMA-6.12_01_standard.set -> EMA-6.12_01_otp.set
2025-04-27 10:21:33,722 - INFO - Successfully optimized EMA-CROSS_01_standard.set -> EMA-CROSS_01_otp.set
2025-04-27 10:21:33,723 - INFO - Successfully optimized EMA-LWMA-RSI_01_standard.set -> EMA-LWMA-RSI_01_otp.set
2025-04-27 10:21:33,725 - INFO - Successfully optimized EMA-RSI-EA_01_standard.set -> EMA-RSI-EA_01_otp.set
2025-04-27 10:21:33,726 - INFO - Successfully optimized EMA-WMA_01_standard.set -> EMA-WMA_01_otp.set
2025-04-27 10:21:33,727 - INFO - Successfully optimized EMA_01_standard.set -> EMA_01_otp.set
2025-04-27 10:21:33,728 - INFO - Successfully optimized Eugene_01_standard.set -> Eugene_01_otp.set
2025-04-27 10:21:33,729 - INFO - Successfully optimized eur-usd-m5_01_standard.set -> eur-usd-m5_01_otp.set
2025-04-27 10:21:33,730 - INFO - Successfully optimized EURUSD-breakout_01_standard.set -> EURUSD-breakout_01_otp.set
2025-04-27 10:21:33,731 - INFO - Successfully optimized Executer-AC_01_standard.set -> Executer-AC_01_otp.set
2025-04-27 10:21:33,733 - INFO - Successfully optimized Executor-AO_01_standard.set -> Executor-AO_01_otp.set
2025-04-27 10:21:33,734 - INFO - Successfully optimized Executor-Candles_01_standard.set -> Executor-Candles_01_otp.set
2025-04-27 10:21:33,735 - INFO - Successfully optimized exp-Amstell_01_standard.set -> exp-Amstell_01_otp.set
2025-04-27 10:21:33,736 - INFO - Successfully optimized Expert-NEWS_01_standard.set -> Expert-NEWS_01_otp.set
2025-04-27 10:21:33,738 - INFO - Successfully optimized Expert-RSI-Stochastic-MA_01_standard.set -> Expert-RSI-Stochastic-MA_01_otp.set
2025-04-27 10:21:33,739 - INFO - Successfully optimized ExtremePrice-EA_01_standard.set -> ExtremePrice-EA_01_otp.set
2025-04-27 10:21:33,741 - INFO - Successfully optimized FiboRetracement-20EA_01_standard.set -> FiboRetracement-20EA_01_otp.set
2025-04-27 10:21:33,742 - INFO - Successfully optimized Firebird_01_standard.set -> Firebird_01_otp.set
2025-04-27 10:21:33,744 - INFO - Successfully optimized Firestorm-EA_01_standard.set -> Firestorm-EA_01_otp.set
2025-04-27 10:21:33,745 - INFO - Successfully optimized Firestorm-indicator_01_standard.set -> Firestorm-indicator_01_otp.set
2025-04-27 10:21:33,747 - INFO - Successfully optimized Fluctuate_01_standard.set -> Fluctuate_01_otp.set
2025-04-27 10:21:33,748 - INFO - Successfully optimized Forex-Fraus-M1_01_standard.set -> Forex-Fraus-M1_01_otp.set
2025-04-27 10:21:33,749 - INFO - Successfully optimized Forex-Profit_01_standard.set -> Forex-Profit_01_otp.set
2025-04-27 10:21:33,750 - INFO - Successfully optimized Fractals-minimum-distance_01_standard.set -> Fractals-minimum-distance_01_otp.set
2025-04-27 10:21:33,751 - INFO - Successfully optimized Fraktrak-xonax_01_standard.set -> Fraktrak-xonax_01_otp.set
2025-04-27 10:21:33,752 - INFO - Successfully optimized Frank-Ud_01_standard.set -> Frank-Ud_01_otp.set
2025-04-27 10:21:33,753 - INFO - Successfully optimized FT-CCI_01_standard.set -> FT-CCI_01_otp.set
2025-04-27 10:21:33,755 - INFO - Successfully optimized Fuzzy-logic_01_standard.set -> Fuzzy-logic_01_otp.set
2025-04-27 10:21:33,756 - INFO - Successfully optimized GalacticExplosion_01_standard.set -> GalacticExplosion_01_otp.set
2025-04-27 10:21:33,757 - INFO - Successfully optimized Gandalf-PRO_01_standard.set -> Gandalf-PRO_01_otp.set
2025-04-27 10:21:33,758 - INFO - Successfully optimized Gap-DM_01_standard.set -> Gap-DM_01_otp.set
2025-04-27 10:21:33,759 - INFO - Successfully optimized GAP-EA_01_standard.set -> GAP-EA_01_otp.set
2025-04-27 10:21:33,760 - INFO - Successfully optimized Gaps_01_standard.set -> Gaps_01_otp.set
2025-04-27 10:21:33,761 - INFO - Successfully optimized GBP9AM_01_standard.set -> GBP9AM_01_otp.set
2025-04-27 10:21:33,763 - INFO - Successfully optimized GbpChf_01_standard.set -> GbpChf_01_otp.set
2025-04-27 10:21:33,764 - INFO - Successfully optimized Gold-Dust_01_standard.set -> Gold-Dust_01_otp.set
2025-04-27 10:21:33,765 - INFO - Successfully optimized GO_01_standard.set -> GO_01_otp.set
2025-04-27 10:21:33,766 - INFO - Successfully optimized GreenTrade_01_standard.set -> GreenTrade_01_otp.set
2025-04-27 10:21:33,768 - INFO - Successfully optimized Grid-Martingale_01_standard.set -> Grid-Martingale_01_otp.set
2025-04-27 10:21:33,769 - INFO - Successfully optimized GridEA_01_standard.set -> GridEA_01_otp.set
2025-04-27 10:21:33,770 - INFO - Successfully optimized Grid_01_standard.set -> Grid_01_otp.set
2025-04-27 10:21:33,771 - INFO - Successfully optimized HarVesteR_01_standard.set -> HarVesteR_01_otp.set
2025-04-27 10:21:33,773 - INFO - Successfully optimized HedgeEA_01_standard.set -> HedgeEA_01_otp.set
2025-04-27 10:21:33,774 - INFO - Successfully optimized hedger_01_standard.set -> hedger_01_otp.set
2025-04-27 10:21:33,776 - INFO - Successfully optimized Hedging-EA_01_standard.set -> Hedging-EA_01_otp.set
2025-04-27 10:21:33,777 - INFO - Successfully optimized Heiken-Ashi-Smoothed-EA-with-MA_01_standard.set -> Heiken-Ashi-Smoothed-EA-with-MA_01_otp.set
2025-04-27 10:21:33,779 - INFO - Successfully optimized Heiken-Ashi-Smoothed-EA_01_standard.set -> Heiken-Ashi-Smoothed-EA_01_otp.set
2025-04-27 10:21:33,781 - INFO - Successfully optimized heiken-ashi-smoothedLine_01_standard.set -> heiken-ashi-smoothedLine_01_otp.set
2025-04-27 10:21:33,782 - INFO - Successfully optimized heiken-ashi-smoothed_01_standard.set -> heiken-ashi-smoothed_01_otp.set
2025-04-27 10:21:33,784 - INFO - Successfully optimized HeikenAshi-Lines-EA_01_standard.set -> HeikenAshi-Lines-EA_01_otp.set
2025-04-27 10:21:33,785 - INFO - Successfully optimized HeikenAshi-Lines_01_standard.set -> HeikenAshi-Lines_01_otp.set
2025-04-27 10:21:33,786 - INFO - Successfully optimized Heinken-Ashi-Color-Candles_01_standard.set -> Heinken-Ashi-Color-Candles_01_otp.set
2025-04-27 10:21:33,787 - INFO - Successfully optimized HelloSmart_01_standard.set -> HelloSmart_01_otp.set
2025-04-27 10:21:33,789 - INFO - Successfully optimized High-Low-EA_01_standard.set -> High-Low-EA_01_otp.set
2025-04-27 10:21:33,790 - INFO - Successfully optimized High-Low-Indicator_01_standard.set -> High-Low-Indicator_01_otp.set
2025-04-27 10:21:33,791 - INFO - Successfully optimized Hoop-master-2_01_standard.set -> Hoop-master-2_01_otp.set
2025-04-27 10:21:33,792 - INFO - Successfully optimized iCCI-iMA_01_standard.set -> iCCI-iMA_01_otp.set
2025-04-27 10:21:33,793 - INFO - Successfully optimized ICH-With-Alert-Derekers-EA_01_standard.set -> ICH-With-Alert-Derekers-EA_01_otp.set
2025-04-27 10:21:33,795 - INFO - Successfully optimized ICH-With-Alert-Derekers_01_standard.set -> ICH-With-Alert-Derekers_01_otp.set
2025-04-27 10:21:33,796 - INFO - Successfully optimized ichimok2005_01_standard.set -> ichimok2005_01_otp.set
2025-04-27 10:21:33,797 - INFO - Successfully optimized Ichimoku-20Kijun-20Alert_01_standard.set -> Ichimoku-20Kijun-20Alert_01_otp.set
2025-04-27 10:21:33,798 - INFO - Successfully optimized Ichimoku-20Tenkan-20Alert_01_standard.set -> Ichimoku-20Tenkan-20Alert_01_otp.set
2025-04-27 10:21:33,800 - INFO - Successfully optimized Ichimoku-Scanner_01_standard.set -> Ichimoku-Scanner_01_otp.set
2025-04-27 10:21:33,802 - INFO - Successfully optimized Ichimoku-Signals-and-Alert_01_standard.set -> Ichimoku-Signals-and-Alert_01_otp.set
2025-04-27 10:21:33,803 - INFO - Successfully optimized IchimokuMTF-EA_01_standard.set -> IchimokuMTF-EA_01_otp.set
2025-04-27 10:21:33,805 - INFO - Successfully optimized Ichimoku_01_standard.set -> Ichimoku_01_otp.set
2025-04-27 10:21:33,807 - INFO - Successfully optimized Ilan-iMA_01_standard.set -> Ilan-iMA_01_otp.set
2025-04-27 10:21:33,808 - INFO - Successfully optimized Ilan1.4_01_standard.set -> Ilan1.4_01_otp.set
2025-04-27 10:21:33,810 - INFO - Successfully optimized iMA-iStdDev_01_standard.set -> iMA-iStdDev_01_otp.set
2025-04-27 10:21:33,812 - INFO - Successfully optimized Indices-Tester_01_standard.set -> Indices-Tester_01_otp.set
2025-04-27 10:21:33,813 - INFO - Successfully optimized Inka-20Edho-20EA_01_standard.set -> Inka-20Edho-20EA_01_otp.set
2025-04-27 10:21:33,815 - INFO - Successfully optimized Intersection-2-iMA_01_standard.set -> Intersection-2-iMA_01_otp.set
2025-04-27 10:21:33,816 - INFO - Successfully optimized IStochastic-Trading_01_standard.set -> IStochastic-Trading_01_otp.set
2025-04-27 10:21:33,818 - INFO - Successfully optimized Ivan_01_standard.set -> Ivan_01_otp.set
2025-04-27 10:21:33,820 - INFO - Successfully optimized iVIDyA-Simple_01_standard.set -> iVIDyA-Simple_01_otp.set
2025-04-27 10:21:33,822 - INFO - Successfully optimized Jackpot-Strategy-EA_01_standard.set -> Jackpot-Strategy-EA_01_otp.set
2025-04-27 10:21:33,824 - INFO - Successfully optimized JackPot-Strategy-Elite_01_standard.set -> JackPot-Strategy-Elite_01_otp.set
2025-04-27 10:21:33,826 - INFO - Successfully optimized JK-BullP-AutoTrader_01_standard.set -> JK-BullP-AutoTrader_01_otp.set
2025-04-27 10:21:33,827 - INFO - Successfully optimized JS-Chaos_01_standard.set -> JS-Chaos_01_otp.set
2025-04-27 10:21:33,829 - INFO - Successfully optimized JS-MA-Day_01_standard.set -> JS-MA-Day_01_otp.set
2025-04-27 10:21:33,831 - INFO - Successfully optimized JS-MA-SAR-Trades_01_standard.set -> JS-MA-SAR-Trades_01_otp.set
2025-04-27 10:21:33,833 - INFO - Successfully optimized KA-Gold-Bot_01_standard.set -> KA-Gold-Bot_01_otp.set
2025-04-27 10:21:33,835 - INFO - Successfully optimized Kue-Electric-EA_01_standard.set -> Kue-Electric-EA_01_otp.set
2025-04-27 10:21:33,836 - INFO - Successfully optimized KueFx-20Arrows_01_standard.set -> KueFx-20Arrows_01_otp.set
2025-04-27 10:21:33,838 - INFO - Successfully optimized KueFx-20Baseline_01_standard.set -> KueFx-20Baseline_01_otp.set
2025-04-27 10:21:33,840 - INFO - Successfully optimized KueFx-Arrows-20EA_01_standard.set -> KueFx-Arrows-20EA_01_otp.set
2025-04-27 10:21:33,842 - INFO - Successfully optimized KueFx-Arrows-EA_01_standard.set -> KueFx-Arrows-EA_01_otp.set
2025-04-27 10:21:33,843 - INFO - Successfully optimized KueFx-Arrows_01_standard.set -> KueFx-Arrows_01_otp.set
2025-04-27 10:21:33,845 - INFO - Successfully optimized KueFx-Baseline-EA_01_standard.set -> KueFx-Baseline-EA_01_otp.set
2025-04-27 10:21:33,846 - INFO - Successfully optimized KueFx-Baseline_01_standard.set -> KueFx-Baseline_01_otp.set
2025-04-27 10:21:33,848 - INFO - Successfully optimized KueFx-Clean-2025-EA_01_standard.set -> KueFx-Clean-2025-EA_01_otp.set
2025-04-27 10:21:33,850 - INFO - Successfully optimized KueFx-Extreme-EA_01_standard.set -> KueFx-Extreme-EA_01_otp.set
2025-04-27 10:21:33,851 - INFO - Successfully optimized KueFx-Harare-EA_01_standard.set -> KueFx-Harare-EA_01_otp.set
2025-04-27 10:21:33,853 - INFO - Successfully optimized KueFX-Money-Management_01_standard.set -> KueFX-Money-Management_01_otp.set
2025-04-27 10:21:33,856 - INFO - Successfully optimized KueFx-Motor-EA_01_standard.set -> KueFx-Motor-EA_01_otp.set
2025-04-27 10:21:33,858 - INFO - Successfully optimized KueFx-Motor_01_standard.set -> KueFx-Motor_01_otp.set
2025-04-27 10:21:33,860 - INFO - Successfully optimized KueFx-Trend_01_standard.set -> KueFx-Trend_01_otp.set
2025-04-27 10:21:33,863 - INFO - Successfully optimized KueFxTrend-20EA_01_standard.set -> KueFxTrend-20EA_01_otp.set
2025-04-27 10:21:33,866 - INFO - Successfully optimized KueFxTrend-EA_01_standard.set -> KueFxTrend-EA_01_otp.set
2025-04-27 10:21:33,867 - INFO - Successfully optimized LarryConnersRSI2_01_standard.set -> LarryConnersRSI2_01_otp.set
2025-04-27 10:21:33,869 - INFO - Successfully optimized Last-ZZ50_01_standard.set -> Last-ZZ50_01_otp.set
2025-04-27 10:21:33,875 - INFO - Successfully optimized Lavika100_01_standard.set -> Lavika100_01_otp.set
2025-04-27 10:21:33,882 - INFO - Successfully optimized LBS_01_standard.set -> LBS_01_otp.set
2025-04-27 10:21:33,885 - INFO - Successfully optimized Lego-EA_01_standard.set -> Lego-EA_01_otp.set
2025-04-27 10:21:33,888 - INFO - Successfully optimized Lesson-3-Price-Action_01_standard.set -> Lesson-3-Price-Action_01_otp.set
2025-04-27 10:21:33,890 - INFO - Successfully optimized Lesson-4-Price-Action-MA-Filter_01_standard.set -> Lesson-4-Price-Action-MA-Filter_01_otp.set
2025-04-27 10:21:33,892 - INFO - Successfully optimized Lesson-6-Trailling-ATR_01_standard.set -> Lesson-6-Trailling-ATR_01_otp.set
2025-04-27 10:21:33,894 - INFO - Successfully optimized Lesson-7-Price-action-Ket-hop-Volume-VSA_01_standard.set -> Lesson-7-Price-action-Ket-hop-Volume-VSA_01_otp.set
2025-04-27 10:21:33,896 - INFO - Successfully optimized Little-EA_01_standard.set -> Little-EA_01_otp.set
2025-04-27 10:21:33,898 - INFO - Successfully optimized Locker_01_standard.set -> Locker_01_otp.set
2025-04-27 10:21:33,900 - INFO - Successfully optimized Lock_01_standard.set -> Lock_01_otp.set
2025-04-27 10:21:33,902 - INFO - Successfully optimized Lucky_01_standard.set -> Lucky_01_otp.set
2025-04-27 10:21:33,904 - INFO - Successfully optimized MA-20Alert_01_standard.set -> MA-20Alert_01_otp.set
2025-04-27 10:21:33,906 - INFO - Successfully optimized MA-20AO-20Arrow_01_standard.set -> MA-20AO-20Arrow_01_otp.set
2025-04-27 10:21:33,908 - INFO - Successfully optimized MA-AO-EA_01_standard.set -> MA-AO-EA_01_otp.set
2025-04-27 10:21:33,911 - INFO - Successfully optimized ma-channels_01_standard.set -> ma-channels_01_otp.set
2025-04-27 10:21:33,912 - INFO - Successfully optimized MA-Cross_01_standard.set -> MA-Cross_01_otp.set
2025-04-27 10:21:33,913 - INFO - Successfully optimized MA-Envelopes_01_standard.set -> MA-Envelopes_01_otp.set
2025-04-27 10:21:33,915 - INFO - Successfully optimized MA-MACD-Position-averaging_01_standard.set -> MA-MACD-Position-averaging_01_otp.set
2025-04-27 10:21:33,916 - INFO - Successfully optimized MA-Trend_01_standard.set -> MA-Trend_01_otp.set
2025-04-27 10:21:33,917 - INFO - Successfully optimized MA2CCI_01_standard.set -> MA2CCI_01_otp.set
2025-04-27 10:21:33,918 - INFO - Successfully optimized MACD-and-SAR_01_standard.set -> MACD-and-SAR_01_otp.set
2025-04-27 10:21:33,920 - INFO - Successfully optimized MACD-Cleaner_01_standard.set -> MACD-Cleaner_01_otp.set
2025-04-27 10:21:33,922 - INFO - Successfully optimized MACD-EA-H4_01_standard.set -> MACD-EA-H4_01_otp.set
2025-04-27 10:21:33,923 - INFO - Successfully optimized MACD-No-Sample_01_standard.set -> MACD-No-Sample_01_otp.set
2025-04-27 10:21:33,924 - INFO - Successfully optimized MACD-signal_01_standard.set -> MACD-signal_01_otp.set
2025-04-27 10:21:33,925 - INFO - Successfully optimized MACD-Stochastic-2_01_standard.set -> MACD-Stochastic-2_01_otp.set
2025-04-27 10:21:33,926 - INFO - Successfully optimized MACD-Stochastic_01_standard.set -> MACD-Stochastic_01_otp.set
2025-04-27 10:21:33,927 - INFO - Successfully optimized MACDCCI_01_standard.set -> MACDCCI_01_otp.set
2025-04-27 10:21:33,929 - INFO - Successfully optimized MacdPatternTraderAll0.01_01_standard.set -> MacdPatternTraderAll0.01_01_otp.set
2025-04-27 10:21:33,931 - INFO - Successfully optimized MacdPatternTraderAll_01_standard.set -> MacdPatternTraderAll_01_otp.set
2025-04-27 10:21:33,932 - INFO - Successfully optimized MACD_01_standard.set -> MACD_01_otp.set
2025-04-27 10:21:33,933 - INFO - Successfully optimized MAGrid_01_standard.set -> MAGrid_01_otp.set
2025-04-27 10:21:33,934 - INFO - Successfully optimized MAMACD_01_standard.set -> MAMACD_01_otp.set
2025-04-27 10:21:33,936 - INFO - Successfully optimized Market-Capture_01_standard.set -> Market-Capture_01_otp.set
2025-04-27 10:21:33,937 - INFO - Successfully optimized Martin-1_01_standard.set -> Martin-1_01_otp.set
2025-04-27 10:21:33,938 - INFO - Successfully optimized Martin-for-small-deposits_01_standard.set -> Martin-for-small-deposits_01_otp.set
2025-04-27 10:21:33,939 - INFO - Successfully optimized MartingailExpert_01_standard.set -> MartingailExpert_01_otp.set
2025-04-27 10:21:33,941 - INFO - Successfully optimized MartinGaleBreakout_01_standard.set -> MartinGaleBreakout_01_otp.set
2025-04-27 10:21:33,942 - INFO - Successfully optimized Martin_01_standard.set -> Martin_01_otp.set
2025-04-27 10:21:33,943 - INFO - Successfully optimized Marubozu-EA_01_standard.set -> Marubozu-EA_01_otp.set
2025-04-27 10:21:33,944 - INFO - Successfully optimized Marubozu_01_standard.set -> Marubozu_01_otp.set
2025-04-27 10:21:33,945 - INFO - Successfully optimized MelBar-EuSwiss-1.85_01_standard.set -> MelBar-EuSwiss-1.85_01_otp.set
2025-04-27 10:21:33,947 - INFO - Successfully optimized MelBar™Take325-™-5.5Y-NZD-USD_01_standard.set -> MelBar™Take325-™-5.5Y-NZD-USD_01_otp.set
2025-04-27 10:21:33,949 - INFO - Successfully optimized Mobo-Bands-EA_01_standard.set -> Mobo-Bands-EA_01_otp.set
2025-04-27 10:21:33,950 - INFO - Successfully optimized Mobo-Bands_01_standard.set -> Mobo-Bands_01_otp.set
2025-04-27 10:21:33,951 - INFO - Successfully optimized Modified-Moving-Averages_01_standard.set -> Modified-Moving-Averages_01_otp.set
2025-04-27 10:21:33,953 - INFO - Successfully optimized Momentum-M15_01_standard.set -> Momentum-M15_01_otp.set
2025-04-27 10:21:33,955 - INFO - Successfully optimized Momo-trades_01_standard.set -> Momo-trades_01_otp.set
2025-04-27 10:21:33,956 - INFO - Successfully optimized Money-Fixed-Margin_01_standard.set -> Money-Fixed-Margin_01_otp.set
2025-04-27 10:21:33,957 - INFO - Successfully optimized Money-Fixed-Risk_01_standard.set -> Money-Fixed-Risk_01_otp.set
2025-04-27 10:21:33,959 - INFO - Successfully optimized MoneyRain_01_standard.set -> MoneyRain_01_otp.set
2025-04-27 10:21:33,960 - INFO - Successfully optimized Morning-evening-star-EA_01_standard.set -> Morning-evening-star-EA_01_otp.set
2025-04-27 10:21:33,962 - INFO - Successfully optimized MostasHaR15-Pivot_01_standard.set -> MostasHaR15-Pivot_01_otp.set
2025-04-27 10:21:33,963 - INFO - Successfully optimized Moving-20average-20and-20ichimoku-20EA_01_standard.set -> Moving-20average-20and-20ichimoku-20EA_01_otp.set
2025-04-27 10:21:33,965 - INFO - Successfully optimized Moving-Average-Trade-System_01_standard.set -> Moving-Average-Trade-System_01_otp.set
2025-04-27 10:21:33,966 - INFO - Successfully optimized Moving-Averages_01_standard.set -> Moving-Averages_01_otp.set
2025-04-27 10:21:33,967 - INFO - Successfully optimized MovingAverageMartinGale_01_standard.set -> MovingAverageMartinGale_01_otp.set
2025-04-27 10:21:33,969 - INFO - Successfully optimized MovingAverage_01_standard.set -> MovingAverage_01_otp.set
2025-04-27 10:21:33,970 - INFO - Successfully optimized MQL5-Wizard-MA-RSI_01_standard.set -> MQL5-Wizard-MA-RSI_01_otp.set
2025-04-27 10:21:33,972 - INFO - Successfully optimized MQL5-Wizard-MACD-Parabolic-SAR_01_standard.set -> MQL5-Wizard-MACD-Parabolic-SAR_01_otp.set
2025-04-27 10:21:33,973 - INFO - Successfully optimized MTC-Сombo_01_standard.set -> MTC-Сombo_01_otp.set
2025-04-27 10:21:33,974 - INFO - Successfully optimized Multi-Stochastic_01_standard.set -> Multi-Stochastic_01_otp.set
2025-04-27 10:21:33,976 - INFO - Successfully optimized MultiMartin_01_standard.set -> MultiMartin_01_otp.set
2025-04-27 10:21:33,977 - INFO - Successfully optimized MySystem_01_standard.set -> MySystem_01_otp.set
2025-04-27 10:21:33,978 - INFO - Successfully optimized N-Candles_01_standard.set -> N-Candles_01_otp.set
2025-04-27 10:21:33,979 - INFO - Successfully optimized Nevalyashka-BreakdownLevel_01_standard.set -> Nevalyashka-BreakdownLevel_01_otp.set
2025-04-27 10:21:33,981 - INFO - Successfully optimized Nevalyashka3-1_01_standard.set -> Nevalyashka3-1_01_otp.set
2025-04-27 10:21:33,982 - INFO - Successfully optimized Nevalyashka_01_standard.set -> Nevalyashka_01_otp.set
2025-04-27 10:21:33,983 - INFO - Successfully optimized New-Martin_01_standard.set -> New-Martin_01_otp.set
2025-04-27 10:21:33,984 - INFO - Successfully optimized New-Random_01_standard.set -> New-Random_01_otp.set
2025-04-27 10:21:33,985 - INFO - Successfully optimized Nextbar_01_standard.set -> Nextbar_01_otp.set
2025-04-27 10:21:33,986 - INFO - Successfully optimized Night-Flat-Trade_01_standard.set -> Night-Flat-Trade_01_otp.set
2025-04-27 10:21:33,988 - INFO - Successfully optimized NightScalper_01_standard.set -> NightScalper_01_otp.set
2025-04-27 10:21:33,989 - INFO - Successfully optimized NRTR-Revers_01_standard.set -> NRTR-Revers_01_otp.set
2025-04-27 10:21:33,990 - INFO - Successfully optimized NUp1Down_01_standard.set -> NUp1Down_01_otp.set
2025-04-27 10:21:33,992 - INFO - Successfully optimized Open-Candle-EA_01_standard.set -> Open-Candle-EA_01_otp.set
2025-04-27 10:21:33,993 - INFO - Successfully optimized Open-Close_01_standard.set -> Open-Close_01_otp.set
2025-04-27 10:21:33,994 - INFO - Successfully optimized Opening-and-ilosing-on-time_01_standard.set -> Opening-and-ilosing-on-time_01_otp.set
2025-04-27 10:21:33,995 - INFO - Successfully optimized Opening-and-Сlosing-on-time_01_standard.set -> Opening-and-Сlosing-on-time_01_otp.set
2025-04-27 10:21:33,996 - INFO - Successfully optimized OpenPendingorderAfterPositionGetStopLoss_01_standard.set -> OpenPendingorderAfterPositionGetStopLoss_01_otp.set
2025-04-27 10:21:33,997 - INFO - Successfully optimized OpenTicks_01_standard.set -> OpenTicks_01_otp.set
2025-04-27 10:21:33,999 - INFO - Successfully optimized ORB-EA-BOX_01_standard.set -> ORB-EA-BOX_01_otp.set
2025-04-27 10:21:34,000 - INFO - Successfully optimized OsMaSter_01_standard.set -> OsMaSter_01_otp.set
2025-04-27 10:21:34,001 - INFO - Successfully optimized OTT-20AND-20PRICE-20CROSS-20EA_01_standard.set -> OTT-20AND-20PRICE-20CROSS-20EA_01_otp.set
2025-04-27 10:21:34,002 - INFO - Successfully optimized OverHedge_01_standard.set -> OverHedge_01_otp.set
2025-04-27 10:21:34,003 - INFO - Successfully optimized OzFx_01_standard.set -> OzFx_01_otp.set
2025-04-27 10:21:34,005 - INFO - Successfully optimized Parabolic-SAR_01_standard.set -> Parabolic-SAR_01_otp.set
2025-04-27 10:21:34,006 - INFO - Successfully optimized PARSI-EA_01_standard.set -> PARSI-EA_01_otp.set
2025-04-27 10:21:34,007 - INFO - Successfully optimized Peceptron-Mult_01_standard.set -> Peceptron-Mult_01_otp.set
2025-04-27 10:21:34,008 - INFO - Successfully optimized Pending-orders-by-time-2_01_standard.set -> Pending-orders-by-time-2_01_otp.set
2025-04-27 10:21:34,009 - INFO - Successfully optimized Pending-orders-by-time_01_standard.set -> Pending-orders-by-time_01_otp.set
2025-04-27 10:21:34,010 - INFO - Successfully optimized Pendulum_01_standard.set -> Pendulum_01_otp.set
2025-04-27 10:21:34,011 - INFO - Successfully optimized Pinball-machine_01_standard.set -> Pinball-machine_01_otp.set
2025-04-27 10:21:34,013 - INFO - Successfully optimized Pinbar-Magic-EA_01_standard.set -> Pinbar-Magic-EA_01_otp.set
2025-04-27 10:21:34,014 - INFO - Successfully optimized PinBar-Magic-Indicator_01_standard.set -> PinBar-Magic-Indicator_01_otp.set
2025-04-27 10:21:34,016 - INFO - Successfully optimized Pipsover_01_standard.set -> Pipsover_01_otp.set
2025-04-27 10:21:34,017 - INFO - Successfully optimized Plan-X_01_standard.set -> Plan-X_01_otp.set
2025-04-27 10:21:34,018 - INFO - Successfully optimized Plateau_01_standard.set -> Plateau_01_otp.set
2025-04-27 10:21:34,019 - INFO - Successfully optimized Poker-SHOW_01_standard.set -> Poker-SHOW_01_otp.set
2025-04-27 10:21:34,020 - INFO - Successfully optimized Precipice-MartIn_01_standard.set -> Precipice-MartIn_01_otp.set
2025-04-27 10:21:34,021 - INFO - Successfully optimized Precipice_01_standard.set -> Precipice_01_otp.set
2025-04-27 10:21:34,022 - INFO - Successfully optimized Probe_01_standard.set -> Probe_01_otp.set
2025-04-27 10:21:34,023 - INFO - Successfully optimized Proffessor_01_standard.set -> Proffessor_01_otp.set
2025-04-27 10:21:34,025 - INFO - Successfully optimized PropFirmHelper_01_standard.set -> PropFirmHelper_01_otp.set
2025-04-27 10:21:34,026 - INFO - Successfully optimized PROphet_01_standard.set -> PROphet_01_otp.set
2025-04-27 10:21:34,028 - INFO - Successfully optimized Puria-method_01_standard.set -> Puria-method_01_otp.set
2025-04-27 10:21:34,029 - INFO - Successfully optimized Rabbit3_01_standard.set -> Rabbit3_01_otp.set
2025-04-27 10:21:34,031 - INFO - Successfully optimized Range-Breakout_01_standard.set -> Range-Breakout_01_otp.set
2025-04-27 10:21:34,032 - INFO - Successfully optimized Rapid-Doji-EA_01_standard.set -> Rapid-Doji-EA_01_otp.set
2025-04-27 10:21:34,033 - INFO - Successfully optimized Raymond-Cloudy-Day-for-EA_01_standard.set -> Raymond-Cloudy-Day-for-EA_01_otp.set
2025-04-27 10:21:34,035 - INFO - Successfully optimized Reflex-EA_01_standard.set -> Reflex-EA_01_otp.set
2025-04-27 10:21:34,037 - INFO - Successfully optimized REFLEX-INDICATOR_01_standard.set -> REFLEX-INDICATOR_01_otp.set
2025-04-27 10:21:34,038 - INFO - Successfully optimized Reflex_01_standard.set -> Reflex_01_otp.set
2025-04-27 10:21:34,039 - INFO - Successfully optimized Reversing-Martingale_01_standard.set -> Reversing-Martingale_01_otp.set
2025-04-27 10:21:34,040 - INFO - Successfully optimized RideAlligator_01_standard.set -> RideAlligator_01_otp.set
2025-04-27 10:21:34,041 - INFO - Successfully optimized RNN_01_standard.set -> RNN_01_otp.set
2025-04-27 10:21:34,043 - INFO - Successfully optimized Robot-MACD_01_standard.set -> Robot-MACD_01_otp.set
2025-04-27 10:21:34,044 - INFO - Successfully optimized RobotPowerM5-meta4_01_standard.set -> RobotPowerM5-meta4_01_otp.set
2025-04-27 10:21:34,045 - INFO - Successfully optimized Rollback-system_01_standard.set -> Rollback-system_01_otp.set
2025-04-27 10:21:34,047 - INFO - Successfully optimized RSI-and-Bollinger-Bands_01_standard.set -> RSI-and-Bollinger-Bands_01_otp.set
2025-04-27 10:21:34,048 - INFO - Successfully optimized RSI-Arrow-EA_01_standard.set -> RSI-Arrow-EA_01_otp.set
2025-04-27 10:21:34,049 - INFO - Successfully optimized RSI-Arrow_01_standard.set -> RSI-Arrow_01_otp.set
2025-04-27 10:21:34,050 - INFO - Successfully optimized RSI-EA_01_standard.set -> RSI-EA_01_otp.set
2025-04-27 10:21:34,052 - INFO - Successfully optimized RSI-Eraser_01_standard.set -> RSI-Eraser_01_otp.set
2025-04-27 10:21:34,053 - INFO - Successfully optimized RSI-Expert_01_standard.set -> RSI-Expert_01_otp.set
2025-04-27 10:21:34,054 - INFO - Successfully optimized RSI-Levels_01_standard.set -> RSI-Levels_01_otp.set
2025-04-27 10:21:34,055 - INFO - Successfully optimized RSI-trader_01_standard.set -> RSI-trader_01_otp.set
2025-04-27 10:21:34,058 - INFO - Successfully optimized RSI-Trend-EA_01_standard.set -> RSI-Trend-EA_01_otp.set
2025-04-27 10:21:34,059 - INFO - Successfully optimized RSI-Trend_01_standard.set -> RSI-Trend_01_otp.set
2025-04-27 10:21:34,061 - INFO - Successfully optimized RSI-with-channels-EA_01_standard.set -> RSI-with-channels-EA_01_otp.set
2025-04-27 10:21:34,062 - INFO - Successfully optimized RSI-with-channels_01_standard.set -> RSI-with-channels_01_otp.set
2025-04-27 10:21:34,063 - INFO - Successfully optimized Russian20-hp1_01_standard.set -> Russian20-hp1_01_otp.set
2025-04-27 10:21:34,064 - INFO - Successfully optimized SampleCheckPendingOrder_01_standard.set -> SampleCheckPendingOrder_01_otp.set
2025-04-27 10:21:34,065 - INFO - Successfully optimized SAR-trading_01_standard.set -> SAR-trading_01_otp.set
2025-04-27 10:21:34,066 - INFO - Successfully optimized Secwenta_01_standard.set -> Secwenta_01_otp.set
2025-04-27 10:21:34,067 - INFO - Successfully optimized Sell-Stop_01_standard.set -> Sell-Stop_01_otp.set
2025-04-27 10:21:34,068 - INFO - Successfully optimized Sensitive_01_standard.set -> Sensitive_01_otp.set
2025-04-27 10:21:34,070 - INFO - Successfully optimized Separate-trade_01_standard.set -> Separate-trade_01_otp.set
2025-04-27 10:21:34,071 - INFO - Successfully optimized SilverTrend_01_standard.set -> SilverTrend_01_otp.set
2025-04-27 10:21:34,072 - INFO - Successfully optimized Simple-20Price-20Alert-20-20EA_01_standard.set -> Simple-20Price-20Alert-20-20EA_01_otp.set
2025-04-27 10:21:34,073 - INFO - Successfully optimized Simple-20Volume-20EA_01_standard.set -> Simple-20Volume-20EA_01_otp.set
2025-04-27 10:21:34,075 - INFO - Successfully optimized Simple-EA-MA-plus-MACD_01_standard.set -> Simple-EA-MA-plus-MACD_01_otp.set
2025-04-27 10:21:34,076 - INFO - Successfully optimized Simple-FX_01_standard.set -> Simple-FX_01_otp.set
2025-04-27 10:21:34,077 - INFO - Successfully optimized Simple-MACD_01_standard.set -> Simple-MACD_01_otp.set
2025-04-27 10:21:34,078 - INFO - Successfully optimized Simple-Volume-EA_01_standard.set -> Simple-Volume-EA_01_otp.set
2025-04-27 10:21:34,079 - INFO - Successfully optimized SimplePivot_01_standard.set -> SimplePivot_01_otp.set
2025-04-27 10:21:34,080 - INFO - Successfully optimized Simplest-Hedging-EA-ever_01_standard.set -> Simplest-Hedging-EA-ever_01_otp.set
2025-04-27 10:21:34,081 - INFO - Successfully optimized SimpleTrade _01_standard.set -> SimpleTrade _01_otp.set
2025-04-27 10:21:34,082 - INFO - Successfully optimized Six-Soldiers-EA-Grid_01_standard.set -> Six-Soldiers-EA-Grid_01_otp.set
2025-04-27 10:21:34,084 - INFO - Successfully optimized Six-Soldiers-EA_01_standard.set -> Six-Soldiers-EA_01_otp.set
2025-04-27 10:21:34,085 - INFO - Successfully optimized Six-Soldiers_01_standard.set -> Six-Soldiers_01_otp.set
2025-04-27 10:21:34,086 - INFO - Successfully optimized Small-Inside-Bar-Strategy_01_standard.set -> Small-Inside-Bar-Strategy_01_otp.set
2025-04-27 10:21:34,088 - INFO - Successfully optimized Smart-Machine-20EA_01_standard.set -> Smart-Machine-20EA_01_otp.set
2025-04-27 10:21:34,089 - INFO - Successfully optimized Smoothing-Average_01_standard.set -> Smoothing-Average_01_otp.set
2025-04-27 10:21:34,090 - INFO - Successfully optimized Spasm_01_standard.set -> Spasm_01_otp.set
2025-04-27 10:21:34,091 - INFO - Successfully optimized ssb5-123_01_standard.set -> ssb5-123_01_otp.set
2025-04-27 10:21:34,092 - INFO - Successfully optimized Starter_01_standard.set -> Starter_01_otp.set
2025-04-27 10:21:34,093 - INFO - Successfully optimized Steve-Cartwright-Trader-Camel-CCI-MACD_01_standard.set -> Steve-Cartwright-Trader-Camel-CCI-MACD_01_otp.set
2025-04-27 10:21:34,094 - INFO - Successfully optimized Stoch-EA-1192_01_standard.set -> Stoch-EA-1192_01_otp.set
2025-04-27 10:21:34,095 - INFO - Successfully optimized Stochastic-20Alert_01_standard.set -> Stochastic-20Alert_01_otp.set
2025-04-27 10:21:34,096 - INFO - Successfully optimized Stochastic-K-Divergence.lua_01_standard.set -> Stochastic-K-Divergence.lua_01_otp.set
2025-04-27 10:21:34,097 - INFO - Successfully optimized stochastic-three-periods_01_standard.set -> stochastic-three-periods_01_otp.set
2025-04-27 10:21:34,099 - INFO - Successfully optimized StochasticDiffSign-EA_01_standard.set -> StochasticDiffSign-EA_01_otp.set
2025-04-27 10:21:34,100 - INFO - Successfully optimized stochasticdiffsign_01_standard.set -> stochasticdiffsign_01_otp.set
2025-04-27 10:21:34,101 - INFO - Successfully optimized StochMA-EA_01_standard.set -> StochMA-EA_01_otp.set
2025-04-27 10:21:34,102 - INFO - Successfully optimized StochMA_01_standard.set -> StochMA_01_otp.set
2025-04-27 10:21:34,103 - INFO - Successfully optimized Stoch_01_standard.set -> Stoch_01_otp.set
2025-04-27 10:21:34,105 - INFO - Successfully optimized Stop-Loss-Take-Profit_01_standard.set -> Stop-Loss-Take-Profit_01_otp.set
2025-04-27 10:21:34,106 - INFO - Successfully optimized StraddleqTrail_01_standard.set -> StraddleqTrail_01_otp.set
2025-04-27 10:21:34,107 - INFO - Successfully optimized Surefirething_01_standard.set -> Surefirething_01_otp.set
2025-04-27 10:21:34,108 - INFO - Successfully optimized TDSGlobal_01_standard.set -> TDSGlobal_01_otp.set
2025-04-27 10:21:34,109 - INFO - Successfully optimized The-MasterMind-2_01_standard.set -> The-MasterMind-2_01_otp.set
2025-04-27 10:21:34,110 - INFO - Successfully optimized The-MasterMind-3_01_standard.set -> The-MasterMind-3_01_otp.set
2025-04-27 10:21:34,111 - INFO - Successfully optimized The-MasterMind_01_standard.set -> The-MasterMind_01_otp.set
2025-04-27 10:21:34,113 - INFO - Successfully optimized The-Puncher_01_standard.set -> The-Puncher_01_otp.set
2025-04-27 10:21:34,114 - INFO - Successfully optimized TheClassicTurtleTrader-no-dots-EA_01_standard.set -> TheClassicTurtleTrader-no-dots-EA_01_otp.set
2025-04-27 10:21:34,115 - INFO - Successfully optimized TheClassicTurtleTrader-no-dots_01_standard.set -> TheClassicTurtleTrader-no-dots_01_otp.set
2025-04-27 10:21:34,116 - INFO - Successfully optimized Three-indicators_01_standard.set -> Three-indicators_01_otp.set
2025-04-27 10:21:34,117 - INFO - Successfully optimized Three-neural-networks_01_standard.set -> Three-neural-networks_01_otp.set
2025-04-27 10:21:34,119 - INFO - Successfully optimized Three-timeframes_01_standard.set -> Three-timeframes_01_otp.set
2025-04-27 10:21:34,120 - INFO - Successfully optimized Three-Typical-Candles_01_standard.set -> Three-Typical-Candles_01_otp.set
2025-04-27 10:21:34,121 - INFO - Successfully optimized Time-sync-forts_01_standard.set -> Time-sync-forts_01_otp.set
2025-04-27 10:21:34,122 - INFO - Successfully optimized timer-trade_01_standard.set -> timer-trade_01_otp.set
2025-04-27 10:21:34,123 - INFO - Successfully optimized TMA-ATR-Channel_01_standard.set -> TMA-ATR-Channel_01_otp.set
2025-04-27 10:21:34,125 - INFO - Successfully optimized TMA-ATR-EA_01_standard.set -> TMA-ATR-EA_01_otp.set
2025-04-27 10:21:34,126 - INFO - Successfully optimized TMA-CG-EA_01_standard.set -> TMA-CG-EA_01_otp.set
2025-04-27 10:21:34,127 - INFO - Successfully optimized TMA-CG-Martingale-20EA_01_standard.set -> TMA-CG-Martingale-20EA_01_otp.set
2025-04-27 10:21:34,129 - INFO - Successfully optimized TMA-CG-mladen_01_standard.set -> TMA-CG-mladen_01_otp.set
2025-04-27 10:21:34,129 - INFO - Successfully optimized TMA-CG-special_01_standard.set -> TMA-CG-special_01_otp.set
2025-04-27 10:21:34,131 - INFO - Successfully optimized TMA-slope-bands_01_standard.set -> TMA-slope-bands_01_otp.set
2025-04-27 10:21:34,132 - INFO - Successfully optimized TmaTrue-2.0-with-Distances-6xx_01_standard.set -> TmaTrue-2.0-with-Distances-6xx_01_otp.set
2025-04-27 10:21:34,133 - INFO - Successfully optimized TmaTrue-3.0-with-Distances-6xx_01_standard.set -> TmaTrue-3.0-with-Distances-6xx_01_otp.set
2025-04-27 10:21:34,134 - INFO - Successfully optimized TP-with-money_01_standard.set -> TP-with-money_01_otp.set
2025-04-27 10:21:34,135 - INFO - Successfully optimized Trade-in-Channel_01_standard.set -> Trade-in-Channel_01_otp.set
2025-04-27 10:21:34,136 - INFO - Successfully optimized Trade-on-qualified-RSI_01_standard.set -> Trade-on-qualified-RSI_01_otp.set
2025-04-27 10:21:34,137 - INFO - Successfully optimized Trading-Breakout-MrThanhTan_01_standard.set -> Trading-Breakout-MrThanhTan_01_otp.set
2025-04-27 10:21:34,139 - INFO - Successfully optimized Trend-Trader-Strategy-EA_01_standard.set -> Trend-Trader-Strategy-EA_01_otp.set
2025-04-27 10:21:34,140 - INFO - Successfully optimized Trend-Trader-Strategy_01_standard.set -> Trend-Trader-Strategy_01_otp.set
2025-04-27 10:21:34,141 - INFO - Successfully optimized Tru-EA_01_standard.set -> Tru-EA_01_otp.set
2025-04-27 10:21:34,142 - INFO - Successfully optimized True-Scalper-Profit-Lock_01_standard.set -> True-Scalper-Profit-Lock_01_otp.set
2025-04-27 10:21:34,143 - INFO - Successfully optimized TrueSort-1100_01_standard.set -> TrueSort-1100_01_otp.set
2025-04-27 10:21:34,144 - INFO - Successfully optimized Tunnel-gen4_01_standard.set -> Tunnel-gen4_01_otp.set
2025-04-27 10:21:34,145 - INFO - Successfully optimized Tunnel-Method_01_standard.set -> Tunnel-Method_01_otp.set
2025-04-27 10:21:34,146 - INFO - Successfully optimized TurnGrid_01_standard.set -> TurnGrid_01_otp.set
2025-04-27 10:21:34,147 - INFO - Successfully optimized Two PerBar _01_standard.set -> Two PerBar _01_otp.set
2025-04-27 10:21:34,149 - INFO - Successfully optimized Two-20MA-20RSI-20ADX-20EA_01_standard.set -> Two-20MA-20RSI-20ADX-20EA_01_otp.set
2025-04-27 10:21:34,150 - INFO - Successfully optimized Two-20Orders-20Panel_01_standard.set -> Two-20Orders-20Panel_01_otp.set
2025-04-27 10:21:34,151 - INFO - Successfully optimized Two-pending-orders-2_01_standard.set -> Two-pending-orders-2_01_otp.set
2025-04-27 10:21:34,152 - INFO - Successfully optimized UnityPro_01_standard.set -> UnityPro_01_otp.set
2025-04-27 10:21:34,153 - INFO - Successfully optimized UniversalMACrossEA_01_standard.set -> UniversalMACrossEA_01_otp.set
2025-04-27 10:21:34,154 - INFO - Successfully optimized UniversalSignalDemo_01_standard.set -> UniversalSignalDemo_01_otp.set
2025-04-27 10:21:34,155 - INFO - Successfully optimized Universum-3.0_01_standard.set -> Universum-3.0_01_otp.set
2025-04-27 10:21:34,157 - INFO - Successfully optimized UnNomGuai-20EA_01_standard.set -> UnNomGuai-20EA_01_otp.set
2025-04-27 10:21:34,158 - INFO - Successfully optimized up3x1-Investor_01_standard.set -> up3x1-Investor_01_otp.set
2025-04-27 10:21:34,159 - INFO - Successfully optimized up3x1-premium-M_01_standard.set -> up3x1-premium-M_01_otp.set
2025-04-27 10:21:34,160 - INFO - Successfully optimized up3x1_01_standard.set -> up3x1_01_otp.set
2025-04-27 10:21:34,161 - INFO - Successfully optimized Urdala-Trol_01_standard.set -> Urdala-Trol_01_otp.set
2025-04-27 10:21:34,162 - INFO - Successfully optimized Very-Blonde-System_01_standard.set -> Very-Blonde-System_01_otp.set
2025-04-27 10:21:34,163 - INFO - Successfully optimized Virtual-Trailing-Stop_01_standard.set -> Virtual-Trailing-Stop_01_otp.set
2025-04-27 10:21:34,164 - INFO - Successfully optimized VLT-TRADER_01_standard.set -> VLT-TRADER_01_otp.set
2025-04-27 10:21:34,165 - INFO - Successfully optimized Volume-trader_01_standard.set -> Volume-trader_01_otp.set
2025-04-27 10:21:34,166 - INFO - Successfully optimized Vortex-Indicator-System_01_standard.set -> Vortex-Indicator-System_01_otp.set
2025-04-27 10:21:34,168 - INFO - Successfully optimized VR-Overturn_01_standard.set -> VR-Overturn_01_otp.set
2025-04-27 10:21:34,169 - INFO - Successfully optimized VR-ZVER-v.2_01_standard.set -> VR-ZVER-v.2_01_otp.set
2025-04-27 10:21:34,171 - INFO - Successfully optimized VR-ZVER_01_standard.set -> VR-ZVER_01_otp.set
2025-04-27 10:21:34,172 - INFO - Successfully optimized VZO_01_standard.set -> VZO_01_otp.set
2025-04-27 10:21:34,173 - INFO - Successfully optimized Waddah-Attar-Win_01_standard.set -> Waddah-Attar-Win_01_otp.set
2025-04-27 10:21:34,174 - INFO - Successfully optimized WE-TRUST_01_standard.set -> WE-TRUST_01_otp.set
2025-04-27 10:21:34,175 - INFO - Successfully optimized X-RSIOMA_01_standard.set -> X-RSIOMA_01_otp.set
2025-04-27 10:21:34,176 - INFO - Successfully optimized Yesterday-Today_01_standard.set -> Yesterday-Today_01_otp.set
2025-04-27 10:21:34,177 - INFO - Successfully optimized 10-pips-EURUSD_01_standard.set -> 10-pips-EURUSD_01_otp.set
2025-04-27 10:21:34,179 - INFO - Successfully optimized 10-pips_01_standard.set -> 10-pips_01_otp.set
2025-04-27 10:21:34,180 - INFO - Successfully optimized 1H-EUR-USD_01_standard.set -> 1H-EUR-USD_01_otp.set
2025-04-27 10:21:34,182 - INFO - Successfully optimized 20011201-GBPUSD-M1_01_standard.set -> 20011201-GBPUSD-M1_01_otp.set
2025-04-27 10:21:34,183 - INFO - Successfully optimized 21hour_01_standard.set -> 21hour_01_otp.set
2025-04-27 10:21:34,184 - INFO - Successfully optimized 2HR-HL_01_standard.set -> 2HR-HL_01_otp.set
2025-04-27 10:21:34,186 - INFO - Successfully optimized 2MA-4Level_01_standard.set -> 2MA-4Level_01_otp.set
2025-04-27 10:21:34,187 - INFO - Successfully optimized 2MA-Bunny-Cross_01_standard.set -> 2MA-Bunny-Cross_01_otp.set
2025-04-27 10:21:34,188 - INFO - Successfully optimized 3-bars-high-low-indicator_01_standard.set -> 3-bars-high-low-indicator_01_otp.set
2025-04-27 10:21:34,189 - INFO - Successfully optimized 35-Pip-Scalper_01_standard.set -> 35-Pip-Scalper_01_otp.set
2025-04-27 10:21:34,191 - INFO - Successfully optimized 3BarsHighLowEA_01_standard.set -> 3BarsHighLowEA_01_otp.set
2025-04-27 10:21:34,193 - INFO - Successfully optimized 3sma_01_standard.set -> 3sma_01_otp.set
2025-04-27 10:21:34,194 - INFO - Successfully optimized 500_01_standard.set -> 500_01_otp.set
2025-04-27 10:21:34,195 - INFO - Successfully optimized 55-MA_01_standard.set -> 55-MA_01_otp.set
2025-04-27 10:21:34,196 - INFO - Successfully optimized Above-Below-MA_01_standard.set -> Above-Below-MA_01_otp.set
2025-04-27 10:21:34,198 - INFO - Successfully optimized Absorption_01_standard.set -> Absorption_01_otp.set
2025-04-27 10:21:34,199 - INFO - Successfully optimized ADX-MACD-Deev_01_standard.set -> ADX-MACD-Deev_01_otp.set
2025-04-27 10:21:34,200 - INFO - Successfully optimized ADX-MA_01_standard.set -> ADX-MA_01_otp.set
2025-04-27 10:21:34,201 - INFO - Successfully optimized ADX-System_01_standard.set -> ADX-System_01_otp.set
2025-04-27 10:21:34,203 - INFO - Successfully optimized AIS1_01_standard.set -> AIS1_01_otp.set
2025-04-27 10:21:34,204 - INFO - Successfully optimized Alexav-D1-Profit-GBPUSD_01_standard.set -> Alexav-D1-Profit-GBPUSD_01_otp.set
2025-04-27 10:21:34,205 - INFO - Successfully optimized All-Average-Ea_01_standard.set -> All-Average-Ea_01_otp.set
2025-04-27 10:21:34,207 - INFO - Successfully optimized Alligator-Simple_01_standard.set -> Alligator-Simple_01_otp.set
2025-04-27 10:21:34,208 - INFO - Successfully optimized Alligator_01_standard.set -> Alligator_01_otp.set
2025-04-27 10:21:34,209 - INFO - Successfully optimized Altarius-RSI-Stohastic_01_standard.set -> Altarius-RSI-Stohastic_01_otp.set
2025-04-27 10:21:34,211 - INFO - Successfully optimized AMA-Trader-2_01_standard.set -> AMA-Trader-2_01_otp.set
2025-04-27 10:21:34,213 - INFO - Successfully optimized AMA-Trader_01_standard.set -> AMA-Trader_01_otp.set
2025-04-27 10:21:34,215 - INFO - Successfully optimized AO-Lightning_01_standard.set -> AO-Lightning_01_otp.set
2025-04-27 10:21:34,216 - INFO - Successfully optimized AOCCI_01_standard.set -> AOCCI_01_otp.set
2025-04-27 10:21:34,218 - INFO - Successfully optimized Arbitrage_01_standard.set -> Arbitrage_01_otp.set
2025-04-27 10:21:34,219 - INFO - Successfully optimized ArbSint_01_standard.set -> ArbSint_01_otp.set
2025-04-27 10:21:34,221 - INFO - Successfully optimized Area-MACD_01_standard.set -> Area-MACD_01_otp.set
2025-04-27 10:21:34,222 - INFO - Successfully optimized Artificial-Intelligence_01_standard.set -> Artificial-Intelligence_01_otp.set
2025-04-27 10:21:34,224 - INFO - Successfully optimized At-random-Full_01_standard.set -> At-random-Full_01_otp.set
2025-04-27 10:21:34,225 - INFO - Successfully optimized At-random_01_standard.set -> At-random_01_otp.set
2025-04-27 10:21:34,227 - INFO - Successfully optimized Auto-ADX_01_standard.set -> Auto-ADX_01_otp.set
2025-04-27 10:21:34,228 - INFO - Successfully optimized Auto-Pivot-Plotter-28Mid-Levels-29-41_01_standard.set -> Auto-Pivot-Plotter-28Mid-Levels-29-41_01_otp.set
2025-04-27 10:21:34,230 - INFO - Successfully optimized AutoLock-EA_01_standard.set -> AutoLock-EA_01_otp.set
2025-04-27 10:21:34,232 - INFO - Successfully optimized Autotrader-Momentum_01_standard.set -> Autotrader-Momentum_01_otp.set
2025-04-27 10:21:34,233 - INFO - Successfully optimized Avalanche-AV_01_standard.set -> Avalanche-AV_01_otp.set
2025-04-27 10:21:34,234 - INFO - Successfully optimized Backbone_01_standard.set -> Backbone_01_otp.set
2025-04-27 10:21:34,236 - INFO - Successfully optimized BADX_01_standard.set -> BADX_01_otp.set
2025-04-27 10:21:34,237 - INFO - Successfully optimized Bago-EA_01_standard.set -> Bago-EA_01_otp.set
2025-04-27 10:21:34,240 - INFO - Successfully optimized BalancedScalper-20EA_01_standard.set -> BalancedScalper-20EA_01_otp.set
2025-04-27 10:21:34,241 - INFO - Successfully optimized Bands-2_01_standard.set -> Bands-2_01_otp.set
2025-04-27 10:21:34,243 - INFO - Successfully optimized BARS-Alligator_01_standard.set -> BARS-Alligator_01_otp.set
2025-04-27 10:21:34,244 - INFO - Successfully optimized Basic-CCI-RSI_01_standard.set -> Basic-CCI-RSI_01_otp.set
2025-04-27 10:21:34,245 - INFO - Successfully optimized Basic-Martingale-EA-3_01_standard.set -> Basic-Martingale-EA-3_01_otp.set
2025-04-27 10:21:34,247 - INFO - Successfully optimized BBPercentile-EA_01_standard.set -> BBPercentile-EA_01_otp.set
2025-04-27 10:21:34,249 - INFO - Successfully optimized BBPercentile_01_standard.set -> BBPercentile_01_otp.set
2025-04-27 10:21:34,250 - INFO - Successfully optimized BDCrossOver-20EA_01_standard.set -> BDCrossOver-20EA_01_otp.set
2025-04-27 10:21:34,252 - INFO - Successfully optimized BIG-DOG_01_standard.set -> BIG-DOG_01_otp.set
2025-04-27 10:21:34,254 - INFO - Successfully optimized Bill-Williams_01_standard.set -> Bill-Williams_01_otp.set
2025-04-27 10:21:34,255 - INFO - Successfully optimized Bollinger-Band-Two-MA-and-Zig-Zag_01_standard.set -> Bollinger-Band-Two-MA-and-Zig-Zag_01_otp.set
2025-04-27 10:21:34,257 - INFO - Successfully optimized Bollinger-Bands-N-positions_01_standard.set -> Bollinger-Bands-N-positions_01_otp.set
2025-04-27 10:21:34,259 - INFO - Successfully optimized Bollinger-Bands-RSI_01_standard.set -> Bollinger-Bands-RSI_01_otp.set
2025-04-27 10:21:34,260 - INFO - Successfully optimized bollinger_01_standard.set -> bollinger_01_otp.set
2025-04-27 10:21:34,262 - INFO - Successfully optimized Brakeout-Trader_01_standard.set -> Brakeout-Trader_01_otp.set
2025-04-27 10:21:34,264 - INFO - Successfully optimized Brandy_01_standard.set -> Brandy_01_otp.set
2025-04-27 10:21:34,266 - INFO - Successfully optimized Breadandbutter2_01_standard.set -> Breadandbutter2_01_otp.set
2025-04-27 10:21:34,267 - INFO - Successfully optimized Breakdown-catcher_01_standard.set -> Breakdown-catcher_01_otp.set
2025-04-27 10:21:34,269 - INFO - Successfully optimized breakdown_01_standard.set -> breakdown_01_otp.set
2025-04-27 10:21:34,271 - INFO - Successfully optimized Breakout-Str_01_standard.set -> Breakout-Str_01_otp.set
2025-04-27 10:21:34,273 - INFO - Successfully optimized Bronze-Warrioir_01_standard.set -> Bronze-Warrioir_01_otp.set
2025-04-27 10:21:34,274 - INFO - Successfully optimized Bruno_01_standard.set -> Bruno_01_otp.set
2025-04-27 10:21:34,276 - INFO - Successfully optimized BSS-1-0_01_standard.set -> BSS-1-0_01_otp.set
2025-04-27 10:21:34,277 - INFO - Successfully optimized Bullish-and-Bearish-Engulfing_01_standard.set -> Bullish-and-Bearish-Engulfing_01_otp.set
2025-04-27 10:21:34,279 - INFO - Successfully optimized Burg-Extrapolator_01_standard.set -> Burg-Extrapolator_01_otp.set
2025-04-27 10:21:34,281 - INFO - Successfully optimized BykovTrend-EA_01_standard.set -> BykovTrend-EA_01_otp.set
2025-04-27 10:21:34,282 - INFO - Successfully optimized Calculate-lotsize-and-Trailling-stop_01_standard.set -> Calculate-lotsize-and-Trailling-stop_01_otp.set
2025-04-27 10:21:34,284 - INFO - Successfully optimized candlepatternsexample_01_standard.set -> candlepatternsexample_01_otp.set
2025-04-27 10:21:34,286 - INFO - Successfully optimized Candle_01_standard.set -> Candle_01_otp.set
2025-04-27 10:21:34,287 - INFO - Successfully optimized Carbophos_01_standard.set -> Carbophos_01_otp.set
2025-04-27 10:21:34,289 - INFO - Successfully optimized CashMachine-5min_01_standard.set -> CashMachine-5min_01_otp.set
2025-04-27 10:21:34,291 - INFO - Successfully optimized CCI-MACD-Scalper_01_standard.set -> CCI-MACD-Scalper_01_otp.set
2025-04-27 10:21:34,293 - INFO - Successfully optimized Cidomo_01_standard.set -> Cidomo_01_otp.set
2025-04-27 10:21:34,294 - INFO - Successfully optimized CloseAgent_01_standard.set -> CloseAgent_01_otp.set
2025-04-27 10:21:34,295 - INFO - Successfully optimized CloseProfit_01_standard.set -> CloseProfit_01_otp.set
2025-04-27 10:21:34,297 - INFO - Successfully optimized cloud's-trade-2_01_standard.set -> cloud's-trade-2_01_otp.set
2025-04-27 10:21:34,298 - INFO - Successfully optimized CLOUD_01_standard.set -> CLOUD_01_otp.set
2025-04-27 10:21:34,300 - INFO - Successfully optimized Constituents-EA_01_standard.set -> Constituents-EA_01_otp.set
2025-04-27 10:21:34,302 - INFO - Successfully optimized Contrarian-trade-MA_01_standard.set -> Contrarian-trade-MA_01_otp.set
2025-04-27 10:21:34,303 - INFO - Successfully optimized Crossing-Moving-Average_01_standard.set -> Crossing-Moving-Average_01_otp.set
2025-04-27 10:21:34,305 - INFO - Successfully optimized CrossMA_01_standard.set -> CrossMA_01_otp.set
2025-04-27 10:21:34,307 - INFO - Successfully optimized Currencyprofits-01.1_01_standard.set -> Currencyprofits-01.1_01_otp.set
2025-04-27 10:21:34,308 - INFO - Successfully optimized Daily-20reversal-20-20EA_01_standard.set -> Daily-20reversal-20-20EA_01_otp.set
2025-04-27 10:21:34,310 - INFO - Successfully optimized Daily-BreakPoint_01_standard.set -> Daily-BreakPoint_01_otp.set
2025-04-27 10:21:34,312 - INFO - Successfully optimized Daily-Open-EA_01_standard.set -> Daily-Open-EA_01_otp.set
2025-04-27 10:21:34,313 - INFO - Successfully optimized Daily-range_01_standard.set -> Daily-range_01_otp.set
2025-04-27 10:21:34,315 - INFO - Successfully optimized Day-Trading-PAMXA_01_standard.set -> Day-Trading-PAMXA_01_otp.set
2025-04-27 10:21:34,316 - INFO - Successfully optimized Daydream_01_standard.set -> Daydream_01_otp.set
2025-04-27 10:21:34,317 - INFO - Successfully optimized DayTrading_01_standard.set -> DayTrading_01_otp.set
2025-04-27 10:21:34,318 - INFO - Successfully optimized Dealers-Trade-v-7.74-MACD_01_standard.set -> Dealers-Trade-v-7.74-MACD_01_otp.set
2025-04-27 10:21:34,320 - INFO - Successfully optimized Deep-Drawdown-MA_01_standard.set -> Deep-Drawdown-MA_01_otp.set
2025-04-27 10:21:34,322 - INFO - Successfully optimized DeMarker-gaining-position-volume-2_01_standard.set -> DeMarker-gaining-position-volume-2_01_otp.set
2025-04-27 10:21:34,323 - INFO - Successfully optimized DeMarker-gaining-position-volume_01_standard.set -> DeMarker-gaining-position-volume_01_otp.set
2025-04-27 10:21:34,325 - INFO - Successfully optimized DeMarker-Pending-2-5_01_standard.set -> DeMarker-Pending-2-5_01_otp.set
2025-04-27 10:21:34,326 - INFO - Successfully optimized DeMarker-Pending-2_01_standard.set -> DeMarker-Pending-2_01_otp.set
2025-04-27 10:21:34,329 - INFO - Successfully optimized DeMarker-Pending_01_standard.set -> DeMarker-Pending_01_otp.set
2025-04-27 10:21:34,330 - INFO - Successfully optimized Dematus_01_standard.set -> Dematus_01_otp.set
2025-04-27 10:21:34,332 - INFO - Successfully optimized Divergence-20for-20many-20indicator_01_standard.set -> Divergence-20for-20many-20indicator_01_otp.set
2025-04-27 10:21:34,334 - INFO - Successfully optimized Divergence-EA_01_standard.set -> Divergence-EA_01_otp.set
2025-04-27 10:21:34,336 - INFO - Successfully optimized Doji-Arrows_01_standard.set -> Doji-Arrows_01_otp.set
2025-04-27 10:21:34,337 - INFO - Successfully optimized DojiTrader_01_standard.set -> DojiTrader_01_otp.set
2025-04-27 10:21:34,340 - INFO - Successfully optimized Donchian-Chanel-EA_01_standard.set -> Donchian-Chanel-EA_01_otp.set
2025-04-27 10:21:34,342 - INFO - Successfully optimized DoubleHullMA-EA_01_standard.set -> DoubleHullMA-EA_01_otp.set
2025-04-27 10:21:34,344 - INFO - Successfully optimized DoubleHullMA_01_standard.set -> DoubleHullMA_01_otp.set
2025-04-27 10:21:34,345 - INFO - Successfully optimized DoubleMA-Crossover-EA_01_standard.set -> DoubleMA-Crossover-EA_01_otp.set
2025-04-27 10:21:34,347 - INFO - Successfully optimized Doubler_01_standard.set -> Doubler_01_otp.set
2025-04-27 10:21:34,349 - INFO - Successfully optimized dummy_01_standard.set -> dummy_01_otp.set
2025-04-27 10:21:34,350 - INFO - Successfully optimized Dynamic-averaging_01_standard.set -> Dynamic-averaging_01_otp.set
2025-04-27 10:21:34,351 - INFO - Successfully optimized e-Breakeven_01_standard.set -> e-Breakeven_01_otp.set
2025-04-27 10:21:34,353 - INFO - Successfully optimized E-Friday_01_standard.set -> E-Friday_01_otp.set
2025-04-27 10:21:34,354 - INFO - Successfully optimized E-Skoch-Open_01_standard.set -> E-Skoch-Open_01_otp.set
2025-04-27 10:21:34,356 - INFO - Successfully optimized e-Skoch-pending-orders_01_standard.set -> e-Skoch-pending-orders_01_otp.set
2025-04-27 10:21:34,357 - INFO - Successfully optimized e-Smart-Trailing_01_standard.set -> e-Smart-Trailing_01_otp.set
2025-04-27 10:21:34,359 - INFO - Successfully optimized e-TurboFx_01_standard.set -> e-TurboFx_01_otp.set
2025-04-27 10:21:34,360 - INFO - Successfully optimized EA-Close_01_standard.set -> EA-Close_01_otp.set
2025-04-27 10:21:34,362 - INFO - Successfully optimized EA-MA-Stoch-RSI_01_standard.set -> EA-MA-Stoch-RSI_01_otp.set
2025-04-27 10:21:34,364 - INFO - Successfully optimized EA-Moving-Average_01_standard.set -> EA-Moving-Average_01_otp.set
2025-04-27 10:21:34,365 - INFO - Successfully optimized Elite-eFibo-Trader_01_standard.set -> Elite-eFibo-Trader_01_otp.set
2025-04-27 10:21:34,367 - INFO - Successfully optimized EMA-6.12_01_standard.set -> EMA-6.12_01_otp.set
2025-04-27 10:21:34,368 - INFO - Successfully optimized EMA-CROSS_01_standard.set -> EMA-CROSS_01_otp.set
2025-04-27 10:21:34,370 - INFO - Successfully optimized EMA-LWMA-RSI_01_standard.set -> EMA-LWMA-RSI_01_otp.set
2025-04-27 10:21:34,372 - INFO - Successfully optimized EMA-RSI-EA_01_standard.set -> EMA-RSI-EA_01_otp.set
2025-04-27 10:21:34,373 - INFO - Successfully optimized EMA-WMA_01_standard.set -> EMA-WMA_01_otp.set
2025-04-27 10:21:34,375 - INFO - Successfully optimized EMA_01_standard.set -> EMA_01_otp.set
2025-04-27 10:21:34,376 - INFO - Successfully optimized Eugene_01_standard.set -> Eugene_01_otp.set
2025-04-27 10:21:34,378 - INFO - Successfully optimized eur-usd-m5_01_standard.set -> eur-usd-m5_01_otp.set
2025-04-27 10:21:34,379 - INFO - Successfully optimized EURUSD-breakout_01_standard.set -> EURUSD-breakout_01_otp.set
2025-04-27 10:21:34,380 - INFO - Successfully optimized Executer-AC_01_standard.set -> Executer-AC_01_otp.set
2025-04-27 10:21:34,382 - INFO - Successfully optimized Executor-AO_01_standard.set -> Executor-AO_01_otp.set
2025-04-27 10:21:34,383 - INFO - Successfully optimized Executor-Candles_01_standard.set -> Executor-Candles_01_otp.set
2025-04-27 10:21:34,385 - INFO - Successfully optimized exp-Amstell_01_standard.set -> exp-Amstell_01_otp.set
2025-04-27 10:21:34,386 - INFO - Successfully optimized Expert-NEWS_01_standard.set -> Expert-NEWS_01_otp.set
2025-04-27 10:21:34,388 - INFO - Successfully optimized Expert-RSI-Stochastic-MA_01_standard.set -> Expert-RSI-Stochastic-MA_01_otp.set
2025-04-27 10:21:34,390 - INFO - Successfully optimized ExtremePrice-EA_01_standard.set -> ExtremePrice-EA_01_otp.set
2025-04-27 10:21:34,392 - INFO - Successfully optimized FiboRetracement-20EA_01_standard.set -> FiboRetracement-20EA_01_otp.set
2025-04-27 10:21:34,393 - INFO - Successfully optimized Firebird_01_standard.set -> Firebird_01_otp.set
2025-04-27 10:21:34,395 - INFO - Successfully optimized Firestorm-EA_01_standard.set -> Firestorm-EA_01_otp.set
2025-04-27 10:21:34,397 - INFO - Successfully optimized Firestorm-indicator_01_standard.set -> Firestorm-indicator_01_otp.set
2025-04-27 10:21:34,399 - INFO - Successfully optimized Fluctuate_01_standard.set -> Fluctuate_01_otp.set
2025-04-27 10:21:34,400 - INFO - Successfully optimized Forex-Fraus-M1_01_standard.set -> Forex-Fraus-M1_01_otp.set
2025-04-27 10:21:34,401 - INFO - Successfully optimized Forex-Profit_01_standard.set -> Forex-Profit_01_otp.set
2025-04-27 10:21:34,403 - INFO - Successfully optimized Fractals-minimum-distance_01_standard.set -> Fractals-minimum-distance_01_otp.set
2025-04-27 10:21:34,404 - INFO - Successfully optimized Fraktrak-xonax_01_standard.set -> Fraktrak-xonax_01_otp.set
2025-04-27 10:21:34,406 - INFO - Successfully optimized Frank-Ud_01_standard.set -> Frank-Ud_01_otp.set
2025-04-27 10:21:34,407 - INFO - Successfully optimized FT-CCI_01_standard.set -> FT-CCI_01_otp.set
2025-04-27 10:21:34,408 - INFO - Successfully optimized Fuzzy-logic_01_standard.set -> Fuzzy-logic_01_otp.set
2025-04-27 10:21:34,410 - INFO - Successfully optimized GalacticExplosion_01_standard.set -> GalacticExplosion_01_otp.set
2025-04-27 10:21:34,411 - INFO - Successfully optimized Gandalf-PRO_01_standard.set -> Gandalf-PRO_01_otp.set
2025-04-27 10:21:34,413 - INFO - Successfully optimized Gap-DM_01_standard.set -> Gap-DM_01_otp.set
2025-04-27 10:21:34,414 - INFO - Successfully optimized GAP-EA_01_standard.set -> GAP-EA_01_otp.set
2025-04-27 10:21:34,415 - INFO - Successfully optimized Gaps_01_standard.set -> Gaps_01_otp.set
2025-04-27 10:21:34,417 - INFO - Successfully optimized GBP9AM_01_standard.set -> GBP9AM_01_otp.set
2025-04-27 10:21:34,419 - INFO - Successfully optimized GbpChf_01_standard.set -> GbpChf_01_otp.set
2025-04-27 10:21:34,421 - INFO - Successfully optimized Gold-Dust_01_standard.set -> Gold-Dust_01_otp.set
2025-04-27 10:21:34,422 - INFO - Successfully optimized GO_01_standard.set -> GO_01_otp.set
2025-04-27 10:21:34,424 - INFO - Successfully optimized GreenTrade_01_standard.set -> GreenTrade_01_otp.set
2025-04-27 10:21:34,426 - INFO - Successfully optimized Grid-Martingale_01_standard.set -> Grid-Martingale_01_otp.set
2025-04-27 10:21:34,428 - INFO - Successfully optimized GridEA_01_standard.set -> GridEA_01_otp.set
2025-04-27 10:21:34,429 - INFO - Successfully optimized Grid_01_standard.set -> Grid_01_otp.set
2025-04-27 10:21:34,431 - INFO - Successfully optimized HarVesteR_01_standard.set -> HarVesteR_01_otp.set
2025-04-27 10:21:34,433 - INFO - Successfully optimized HedgeEA_01_standard.set -> HedgeEA_01_otp.set
2025-04-27 10:21:34,434 - INFO - Successfully optimized hedger_01_standard.set -> hedger_01_otp.set
2025-04-27 10:21:34,436 - INFO - Successfully optimized Hedging-EA_01_standard.set -> Hedging-EA_01_otp.set
2025-04-27 10:21:34,438 - INFO - Successfully optimized Heiken-Ashi-Smoothed-EA-with-MA_01_standard.set -> Heiken-Ashi-Smoothed-EA-with-MA_01_otp.set
2025-04-27 10:21:34,440 - INFO - Successfully optimized Heiken-Ashi-Smoothed-EA_01_standard.set -> Heiken-Ashi-Smoothed-EA_01_otp.set
2025-04-27 10:21:34,442 - INFO - Successfully optimized heiken-ashi-smoothedLine_01_standard.set -> heiken-ashi-smoothedLine_01_otp.set
2025-04-27 10:21:34,443 - INFO - Successfully optimized heiken-ashi-smoothed_01_standard.set -> heiken-ashi-smoothed_01_otp.set
2025-04-27 10:21:34,445 - INFO - Successfully optimized HeikenAshi-Lines-EA_01_standard.set -> HeikenAshi-Lines-EA_01_otp.set
2025-04-27 10:21:34,447 - INFO - Successfully optimized HeikenAshi-Lines_01_standard.set -> HeikenAshi-Lines_01_otp.set
2025-04-27 10:21:34,448 - INFO - Successfully optimized Heinken-Ashi-Color-Candles_01_standard.set -> Heinken-Ashi-Color-Candles_01_otp.set
2025-04-27 10:21:34,449 - INFO - Successfully optimized HelloSmart_01_standard.set -> HelloSmart_01_otp.set
2025-04-27 10:21:34,451 - INFO - Successfully optimized High-Low-EA_01_standard.set -> High-Low-EA_01_otp.set
2025-04-27 10:21:34,452 - INFO - Successfully optimized High-Low-Indicator_01_standard.set -> High-Low-Indicator_01_otp.set
2025-04-27 10:21:34,454 - INFO - Successfully optimized Hoop-master-2_01_standard.set -> Hoop-master-2_01_otp.set
2025-04-27 10:21:34,455 - INFO - Successfully optimized iCCI-iMA_01_standard.set -> iCCI-iMA_01_otp.set
2025-04-27 10:21:34,456 - INFO - Successfully optimized ICH-With-Alert-Derekers-EA_01_standard.set -> ICH-With-Alert-Derekers-EA_01_otp.set
2025-04-27 10:21:34,458 - INFO - Successfully optimized ICH-With-Alert-Derekers_01_standard.set -> ICH-With-Alert-Derekers_01_otp.set
2025-04-27 10:21:34,459 - INFO - Successfully optimized ichimok2005_01_standard.set -> ichimok2005_01_otp.set
2025-04-27 10:21:34,460 - INFO - Successfully optimized Ichimoku-20Kijun-20Alert_01_standard.set -> Ichimoku-20Kijun-20Alert_01_otp.set
2025-04-27 10:21:34,461 - INFO - Successfully optimized Ichimoku-20Tenkan-20Alert_01_standard.set -> Ichimoku-20Tenkan-20Alert_01_otp.set
2025-04-27 10:21:34,463 - INFO - Successfully optimized Ichimoku-Scanner_01_standard.set -> Ichimoku-Scanner_01_otp.set
2025-04-27 10:21:34,464 - INFO - Successfully optimized Ichimoku-Signals-and-Alert_01_standard.set -> Ichimoku-Signals-and-Alert_01_otp.set
2025-04-27 10:21:34,466 - INFO - Successfully optimized IchimokuMTF-EA_01_standard.set -> IchimokuMTF-EA_01_otp.set
2025-04-27 10:21:34,468 - INFO - Successfully optimized Ichimoku_01_standard.set -> Ichimoku_01_otp.set
2025-04-27 10:21:34,469 - INFO - Successfully optimized Ilan-iMA_01_standard.set -> Ilan-iMA_01_otp.set
2025-04-27 10:21:34,471 - INFO - Successfully optimized Ilan1.4_01_standard.set -> Ilan1.4_01_otp.set
2025-04-27 10:21:34,472 - INFO - Successfully optimized iMA-iStdDev_01_standard.set -> iMA-iStdDev_01_otp.set
2025-04-27 10:21:34,474 - INFO - Successfully optimized Indices-Tester_01_standard.set -> Indices-Tester_01_otp.set
2025-04-27 10:21:34,476 - INFO - Successfully optimized Inka-20Edho-20EA_01_standard.set -> Inka-20Edho-20EA_01_otp.set
2025-04-27 10:21:34,477 - INFO - Successfully optimized Intersection-2-iMA_01_standard.set -> Intersection-2-iMA_01_otp.set
2025-04-27 10:21:34,478 - INFO - Successfully optimized IStochastic-Trading_01_standard.set -> IStochastic-Trading_01_otp.set
2025-04-27 10:21:34,480 - INFO - Successfully optimized Ivan_01_standard.set -> Ivan_01_otp.set
2025-04-27 10:21:34,482 - INFO - Successfully optimized iVIDyA-Simple_01_standard.set -> iVIDyA-Simple_01_otp.set
2025-04-27 10:21:34,483 - INFO - Successfully optimized Jackpot-Strategy-EA_01_standard.set -> Jackpot-Strategy-EA_01_otp.set
2025-04-27 10:21:34,485 - INFO - Successfully optimized JackPot-Strategy-Elite_01_standard.set -> JackPot-Strategy-Elite_01_otp.set
2025-04-27 10:21:34,487 - INFO - Successfully optimized JK-BullP-AutoTrader_01_standard.set -> JK-BullP-AutoTrader_01_otp.set
2025-04-27 10:21:34,488 - INFO - Successfully optimized JS-Chaos_01_standard.set -> JS-Chaos_01_otp.set
2025-04-27 10:21:34,490 - INFO - Successfully optimized JS-MA-Day_01_standard.set -> JS-MA-Day_01_otp.set
2025-04-27 10:21:34,492 - INFO - Successfully optimized JS-MA-SAR-Trades_01_standard.set -> JS-MA-SAR-Trades_01_otp.set
2025-04-27 10:21:34,494 - INFO - Successfully optimized KA-Gold-Bot_01_standard.set -> KA-Gold-Bot_01_otp.set
2025-04-27 10:21:34,496 - INFO - Successfully optimized Kue-Electric-EA_01_standard.set -> Kue-Electric-EA_01_otp.set
2025-04-27 10:21:34,498 - INFO - Successfully optimized KueFx-20Arrows_01_standard.set -> KueFx-20Arrows_01_otp.set
2025-04-27 10:21:34,499 - INFO - Successfully optimized KueFx-20Baseline_01_standard.set -> KueFx-20Baseline_01_otp.set
2025-04-27 10:21:34,501 - INFO - Successfully optimized KueFx-Arrows-20EA_01_standard.set -> KueFx-Arrows-20EA_01_otp.set
2025-04-27 10:21:34,503 - INFO - Successfully optimized KueFx-Arrows-EA_01_standard.set -> KueFx-Arrows-EA_01_otp.set
2025-04-27 10:21:34,504 - INFO - Successfully optimized KueFx-Arrows_01_standard.set -> KueFx-Arrows_01_otp.set
2025-04-27 10:21:34,505 - INFO - Successfully optimized KueFx-Baseline-EA_01_standard.set -> KueFx-Baseline-EA_01_otp.set
2025-04-27 10:21:34,507 - INFO - Successfully optimized KueFx-Baseline_01_standard.set -> KueFx-Baseline_01_otp.set
2025-04-27 10:21:34,508 - INFO - Successfully optimized KueFx-Clean-2025-EA_01_standard.set -> KueFx-Clean-2025-EA_01_otp.set
2025-04-27 10:21:34,510 - INFO - Successfully optimized KueFx-Extreme-EA_01_standard.set -> KueFx-Extreme-EA_01_otp.set
2025-04-27 10:21:34,511 - INFO - Successfully optimized KueFx-Harare-EA_01_standard.set -> KueFx-Harare-EA_01_otp.set
2025-04-27 10:21:34,512 - INFO - Successfully optimized KueFX-Money-Management_01_standard.set -> KueFX-Money-Management_01_otp.set
2025-04-27 10:21:34,514 - INFO - Successfully optimized KueFx-Motor-EA_01_standard.set -> KueFx-Motor-EA_01_otp.set
2025-04-27 10:21:34,515 - INFO - Successfully optimized KueFx-Motor_01_standard.set -> KueFx-Motor_01_otp.set
2025-04-27 10:21:34,517 - INFO - Successfully optimized KueFx-Trend_01_standard.set -> KueFx-Trend_01_otp.set
2025-04-27 10:21:34,518 - INFO - Successfully optimized KueFxTrend-20EA_01_standard.set -> KueFxTrend-20EA_01_otp.set
2025-04-27 10:21:34,519 - INFO - Successfully optimized KueFxTrend-EA_01_standard.set -> KueFxTrend-EA_01_otp.set
2025-04-27 10:21:34,520 - INFO - Successfully optimized LarryConnersRSI2_01_standard.set -> LarryConnersRSI2_01_otp.set
2025-04-27 10:21:34,521 - INFO - Successfully optimized Last-ZZ50_01_standard.set -> Last-ZZ50_01_otp.set
2025-04-27 10:21:34,522 - INFO - Successfully optimized Lavika100_01_standard.set -> Lavika100_01_otp.set
2025-04-27 10:21:34,524 - INFO - Successfully optimized LBS_01_standard.set -> LBS_01_otp.set
2025-04-27 10:21:34,525 - INFO - Successfully optimized Lego-EA_01_standard.set -> Lego-EA_01_otp.set
2025-04-27 10:21:34,526 - INFO - Successfully optimized Lesson-3-Price-Action_01_standard.set -> Lesson-3-Price-Action_01_otp.set
2025-04-27 10:21:34,527 - INFO - Successfully optimized Lesson-4-Price-Action-MA-Filter_01_standard.set -> Lesson-4-Price-Action-MA-Filter_01_otp.set
2025-04-27 10:21:34,528 - INFO - Successfully optimized Lesson-6-Trailling-ATR_01_standard.set -> Lesson-6-Trailling-ATR_01_otp.set
2025-04-27 10:21:34,530 - INFO - Successfully optimized Lesson-7-Price-action-Ket-hop-Volume-VSA_01_standard.set -> Lesson-7-Price-action-Ket-hop-Volume-VSA_01_otp.set
2025-04-27 10:21:34,531 - INFO - Successfully optimized Little-EA_01_standard.set -> Little-EA_01_otp.set
2025-04-27 10:21:34,532 - INFO - Successfully optimized Locker_01_standard.set -> Locker_01_otp.set
2025-04-27 10:21:34,533 - INFO - Successfully optimized Lock_01_standard.set -> Lock_01_otp.set
2025-04-27 10:21:34,534 - INFO - Successfully optimized Lucky_01_standard.set -> Lucky_01_otp.set
2025-04-27 10:21:34,535 - INFO - Successfully optimized MA-20Alert_01_standard.set -> MA-20Alert_01_otp.set
2025-04-27 10:21:34,536 - INFO - Successfully optimized MA-20AO-20Arrow_01_standard.set -> MA-20AO-20Arrow_01_otp.set
2025-04-27 10:21:34,538 - INFO - Successfully optimized MA-AO-EA_01_standard.set -> MA-AO-EA_01_otp.set
2025-04-27 10:21:34,539 - INFO - Successfully optimized ma-channels_01_standard.set -> ma-channels_01_otp.set
2025-04-27 10:21:34,540 - INFO - Successfully optimized MA-Cross_01_standard.set -> MA-Cross_01_otp.set
2025-04-27 10:21:34,541 - INFO - Successfully optimized MA-Envelopes_01_standard.set -> MA-Envelopes_01_otp.set
2025-04-27 10:21:34,543 - INFO - Successfully optimized MA-MACD-Position-averaging_01_standard.set -> MA-MACD-Position-averaging_01_otp.set
2025-04-27 10:21:34,544 - INFO - Successfully optimized MA-Trend_01_standard.set -> MA-Trend_01_otp.set
2025-04-27 10:21:34,545 - INFO - Successfully optimized MA2CCI_01_standard.set -> MA2CCI_01_otp.set
2025-04-27 10:21:34,546 - INFO - Successfully optimized MACD-and-SAR_01_standard.set -> MACD-and-SAR_01_otp.set
2025-04-27 10:21:34,547 - INFO - Successfully optimized MACD-Cleaner_01_standard.set -> MACD-Cleaner_01_otp.set
2025-04-27 10:21:34,549 - INFO - Successfully optimized MACD-EA-H4_01_standard.set -> MACD-EA-H4_01_otp.set
2025-04-27 10:21:34,550 - INFO - Successfully optimized MACD-No-Sample_01_standard.set -> MACD-No-Sample_01_otp.set
2025-04-27 10:21:34,551 - INFO - Successfully optimized MACD-signal_01_standard.set -> MACD-signal_01_otp.set
2025-04-27 10:21:34,552 - INFO - Successfully optimized MACD-Stochastic-2_01_standard.set -> MACD-Stochastic-2_01_otp.set
2025-04-27 10:21:34,553 - INFO - Successfully optimized MACD-Stochastic_01_standard.set -> MACD-Stochastic_01_otp.set
2025-04-27 10:21:34,554 - INFO - Successfully optimized MACDCCI_01_standard.set -> MACDCCI_01_otp.set
2025-04-27 10:21:34,556 - INFO - Successfully optimized MacdPatternTraderAll0.01_01_standard.set -> MacdPatternTraderAll0.01_01_otp.set
2025-04-27 10:21:34,557 - INFO - Successfully optimized MacdPatternTraderAll_01_standard.set -> MacdPatternTraderAll_01_otp.set
2025-04-27 10:21:34,558 - INFO - Successfully optimized MACD_01_standard.set -> MACD_01_otp.set
2025-04-27 10:21:34,560 - INFO - Successfully optimized MAGrid_01_standard.set -> MAGrid_01_otp.set
2025-04-27 10:21:34,561 - INFO - Successfully optimized MAMACD_01_standard.set -> MAMACD_01_otp.set
2025-04-27 10:21:34,562 - INFO - Successfully optimized Market-Capture_01_standard.set -> Market-Capture_01_otp.set
2025-04-27 10:21:34,563 - INFO - Successfully optimized Martin-1_01_standard.set -> Martin-1_01_otp.set
2025-04-27 10:21:34,565 - INFO - Successfully optimized Martin-for-small-deposits_01_standard.set -> Martin-for-small-deposits_01_otp.set
2025-04-27 10:21:34,566 - INFO - Successfully optimized MartingailExpert_01_standard.set -> MartingailExpert_01_otp.set
2025-04-27 10:21:34,567 - INFO - Successfully optimized MartinGaleBreakout_01_standard.set -> MartinGaleBreakout_01_otp.set
2025-04-27 10:21:34,568 - INFO - Successfully optimized Martin_01_standard.set -> Martin_01_otp.set
2025-04-27 10:21:34,569 - INFO - Successfully optimized Marubozu-EA_01_standard.set -> Marubozu-EA_01_otp.set
2025-04-27 10:21:34,570 - INFO - Successfully optimized Marubozu_01_standard.set -> Marubozu_01_otp.set
2025-04-27 10:21:34,571 - INFO - Successfully optimized MelBar-EuSwiss-1.85_01_standard.set -> MelBar-EuSwiss-1.85_01_otp.set
2025-04-27 10:21:34,572 - INFO - Successfully optimized MelBar™Take325-™-5.5Y-NZD-USD_01_standard.set -> MelBar™Take325-™-5.5Y-NZD-USD_01_otp.set
2025-04-27 10:21:34,574 - INFO - Successfully optimized Mobo-Bands-EA_01_standard.set -> Mobo-Bands-EA_01_otp.set
2025-04-27 10:21:34,575 - INFO - Successfully optimized Mobo-Bands_01_standard.set -> Mobo-Bands_01_otp.set
2025-04-27 10:21:34,576 - INFO - Successfully optimized Modified-Moving-Averages_01_standard.set -> Modified-Moving-Averages_01_otp.set
2025-04-27 10:21:34,578 - INFO - Successfully optimized Momentum-M15_01_standard.set -> Momentum-M15_01_otp.set
2025-04-27 10:21:34,579 - INFO - Successfully optimized Momo-trades_01_standard.set -> Momo-trades_01_otp.set
2025-04-27 10:21:34,580 - INFO - Successfully optimized Money-Fixed-Margin_01_standard.set -> Money-Fixed-Margin_01_otp.set
2025-04-27 10:21:34,581 - INFO - Successfully optimized Money-Fixed-Risk_01_standard.set -> Money-Fixed-Risk_01_otp.set
2025-04-27 10:21:34,582 - INFO - Successfully optimized MoneyRain_01_standard.set -> MoneyRain_01_otp.set
2025-04-27 10:21:34,583 - INFO - Successfully optimized Morning-evening-star-EA_01_standard.set -> Morning-evening-star-EA_01_otp.set
2025-04-27 10:21:34,584 - INFO - Successfully optimized MostasHaR15-Pivot_01_standard.set -> MostasHaR15-Pivot_01_otp.set
2025-04-27 10:21:34,585 - INFO - Successfully optimized Moving-20average-20and-20ichimoku-20EA_01_standard.set -> Moving-20average-20and-20ichimoku-20EA_01_otp.set
2025-04-27 10:21:34,586 - INFO - Successfully optimized Moving-Average-Trade-System_01_standard.set -> Moving-Average-Trade-System_01_otp.set
2025-04-27 10:21:34,587 - INFO - Successfully optimized Moving-Averages_01_standard.set -> Moving-Averages_01_otp.set
2025-04-27 10:21:34,588 - INFO - Successfully optimized MovingAverageMartinGale_01_standard.set -> MovingAverageMartinGale_01_otp.set
2025-04-27 10:21:34,589 - INFO - Successfully optimized MovingAverage_01_standard.set -> MovingAverage_01_otp.set
2025-04-27 10:21:34,590 - INFO - Successfully optimized MQL5-Wizard-MA-RSI_01_standard.set -> MQL5-Wizard-MA-RSI_01_otp.set
2025-04-27 10:21:34,591 - INFO - Successfully optimized MQL5-Wizard-MACD-Parabolic-SAR_01_standard.set -> MQL5-Wizard-MACD-Parabolic-SAR_01_otp.set
2025-04-27 10:21:34,593 - INFO - Successfully optimized MTC-Сombo_01_standard.set -> MTC-Сombo_01_otp.set
2025-04-27 10:21:34,594 - INFO - Successfully optimized Multi-Stochastic_01_standard.set -> Multi-Stochastic_01_otp.set
2025-04-27 10:21:34,595 - INFO - Successfully optimized MultiMartin_01_standard.set -> MultiMartin_01_otp.set
2025-04-27 10:21:34,596 - INFO - Successfully optimized MySystem_01_standard.set -> MySystem_01_otp.set
2025-04-27 10:21:34,597 - INFO - Successfully optimized N-Candles_01_standard.set -> N-Candles_01_otp.set
2025-04-27 10:21:34,598 - INFO - Successfully optimized Nevalyashka-BreakdownLevel_01_standard.set -> Nevalyashka-BreakdownLevel_01_otp.set
2025-04-27 10:21:34,599 - INFO - Successfully optimized Nevalyashka3-1_01_standard.set -> Nevalyashka3-1_01_otp.set
2025-04-27 10:21:34,600 - INFO - Successfully optimized Nevalyashka_01_standard.set -> Nevalyashka_01_otp.set
2025-04-27 10:21:34,601 - INFO - Successfully optimized New-Martin_01_standard.set -> New-Martin_01_otp.set
2025-04-27 10:21:34,602 - INFO - Successfully optimized New-Random_01_standard.set -> New-Random_01_otp.set
2025-04-27 10:21:34,603 - INFO - Successfully optimized Nextbar_01_standard.set -> Nextbar_01_otp.set
2025-04-27 10:21:34,604 - INFO - Successfully optimized Night-Flat-Trade_01_standard.set -> Night-Flat-Trade_01_otp.set
2025-04-27 10:21:34,606 - INFO - Successfully optimized NightScalper_01_standard.set -> NightScalper_01_otp.set
2025-04-27 10:21:34,607 - INFO - Successfully optimized NRTR-Revers_01_standard.set -> NRTR-Revers_01_otp.set
2025-04-27 10:21:34,608 - INFO - Successfully optimized NUp1Down_01_standard.set -> NUp1Down_01_otp.set
2025-04-27 10:21:34,609 - INFO - Successfully optimized Open-Candle-EA_01_standard.set -> Open-Candle-EA_01_otp.set
2025-04-27 10:21:34,610 - INFO - Successfully optimized Open-Close_01_standard.set -> Open-Close_01_otp.set
2025-04-27 10:21:34,612 - INFO - Successfully optimized Opening-and-ilosing-on-time_01_standard.set -> Opening-and-ilosing-on-time_01_otp.set
2025-04-27 10:21:34,613 - INFO - Successfully optimized Opening-and-Сlosing-on-time_01_standard.set -> Opening-and-Сlosing-on-time_01_otp.set
2025-04-27 10:21:34,614 - INFO - Successfully optimized OpenPendingorderAfterPositionGetStopLoss_01_standard.set -> OpenPendingorderAfterPositionGetStopLoss_01_otp.set
2025-04-27 10:21:34,615 - INFO - Successfully optimized OpenTicks_01_standard.set -> OpenTicks_01_otp.set
2025-04-27 10:21:34,617 - INFO - Successfully optimized ORB-EA-BOX_01_standard.set -> ORB-EA-BOX_01_otp.set
2025-04-27 10:21:34,618 - INFO - Successfully optimized OsMaSter_01_standard.set -> OsMaSter_01_otp.set
2025-04-27 10:21:34,619 - INFO - Successfully optimized OTT-20AND-20PRICE-20CROSS-20EA_01_standard.set -> OTT-20AND-20PRICE-20CROSS-20EA_01_otp.set
2025-04-27 10:21:34,620 - INFO - Successfully optimized OverHedge_01_standard.set -> OverHedge_01_otp.set
2025-04-27 10:21:34,621 - INFO - Successfully optimized OzFx_01_standard.set -> OzFx_01_otp.set
2025-04-27 10:21:34,622 - INFO - Successfully optimized Parabolic-SAR_01_standard.set -> Parabolic-SAR_01_otp.set
2025-04-27 10:21:34,624 - INFO - Successfully optimized PARSI-EA_01_standard.set -> PARSI-EA_01_otp.set
2025-04-27 10:21:34,625 - INFO - Successfully optimized Peceptron-Mult_01_standard.set -> Peceptron-Mult_01_otp.set
2025-04-27 10:21:34,626 - INFO - Successfully optimized Pending-orders-by-time-2_01_standard.set -> Pending-orders-by-time-2_01_otp.set
2025-04-27 10:21:34,627 - INFO - Successfully optimized Pending-orders-by-time_01_standard.set -> Pending-orders-by-time_01_otp.set
2025-04-27 10:21:34,628 - INFO - Successfully optimized Pendulum_01_standard.set -> Pendulum_01_otp.set
2025-04-27 10:21:34,629 - INFO - Successfully optimized Pinball-machine_01_standard.set -> Pinball-machine_01_otp.set
2025-04-27 10:21:34,630 - INFO - Successfully optimized Pinbar-Magic-EA_01_standard.set -> Pinbar-Magic-EA_01_otp.set
2025-04-27 10:21:34,632 - INFO - Successfully optimized PinBar-Magic-Indicator_01_standard.set -> PinBar-Magic-Indicator_01_otp.set
2025-04-27 10:21:34,633 - INFO - Successfully optimized Pipsover_01_standard.set -> Pipsover_01_otp.set
2025-04-27 10:21:34,634 - INFO - Successfully optimized Plan-X_01_standard.set -> Plan-X_01_otp.set
2025-04-27 10:21:34,635 - INFO - Successfully optimized Plateau_01_standard.set -> Plateau_01_otp.set
2025-04-27 10:21:34,636 - INFO - Successfully optimized Poker-SHOW_01_standard.set -> Poker-SHOW_01_otp.set
2025-04-27 10:21:34,637 - INFO - Successfully optimized Precipice-MartIn_01_standard.set -> Precipice-MartIn_01_otp.set
2025-04-27 10:21:34,638 - INFO - Successfully optimized Precipice_01_standard.set -> Precipice_01_otp.set
2025-04-27 10:21:34,639 - INFO - Successfully optimized Probe_01_standard.set -> Probe_01_otp.set
2025-04-27 10:21:34,641 - INFO - Successfully optimized Proffessor_01_standard.set -> Proffessor_01_otp.set
2025-04-27 10:21:34,642 - INFO - Successfully optimized PropFirmHelper_01_standard.set -> PropFirmHelper_01_otp.set
2025-04-27 10:21:34,643 - INFO - Successfully optimized PROphet_01_standard.set -> PROphet_01_otp.set
2025-04-27 10:21:34,644 - INFO - Successfully optimized Puria-method_01_standard.set -> Puria-method_01_otp.set
2025-04-27 10:21:34,645 - INFO - Successfully optimized Rabbit3_01_standard.set -> Rabbit3_01_otp.set
2025-04-27 10:21:34,646 - INFO - Successfully optimized Range-Breakout_01_standard.set -> Range-Breakout_01_otp.set
2025-04-27 10:21:34,647 - INFO - Successfully optimized Rapid-Doji-EA_01_standard.set -> Rapid-Doji-EA_01_otp.set
2025-04-27 10:21:34,649 - INFO - Successfully optimized Raymond-Cloudy-Day-for-EA_01_standard.set -> Raymond-Cloudy-Day-for-EA_01_otp.set
2025-04-27 10:21:34,650 - INFO - Successfully optimized Reflex-EA_01_standard.set -> Reflex-EA_01_otp.set
2025-04-27 10:21:34,652 - INFO - Successfully optimized REFLEX-INDICATOR_01_standard.set -> REFLEX-INDICATOR_01_otp.set
2025-04-27 10:21:34,653 - INFO - Successfully optimized Reflex_01_standard.set -> Reflex_01_otp.set
2025-04-27 10:21:34,654 - INFO - Successfully optimized Reversing-Martingale_01_standard.set -> Reversing-Martingale_01_otp.set
2025-04-27 10:21:34,655 - INFO - Successfully optimized RideAlligator_01_standard.set -> RideAlligator_01_otp.set
2025-04-27 10:21:34,656 - INFO - Successfully optimized RNN_01_standard.set -> RNN_01_otp.set
2025-04-27 10:21:34,657 - INFO - Successfully optimized Robot-MACD_01_standard.set -> Robot-MACD_01_otp.set
2025-04-27 10:21:34,658 - INFO - Successfully optimized RobotPowerM5-meta4_01_standard.set -> RobotPowerM5-meta4_01_otp.set
2025-04-27 10:21:34,659 - INFO - Successfully optimized Rollback-system_01_standard.set -> Rollback-system_01_otp.set
2025-04-27 10:21:34,660 - INFO - Successfully optimized RSI-and-Bollinger-Bands_01_standard.set -> RSI-and-Bollinger-Bands_01_otp.set
2025-04-27 10:21:34,662 - INFO - Successfully optimized RSI-Arrow-EA_01_standard.set -> RSI-Arrow-EA_01_otp.set
2025-04-27 10:21:34,663 - INFO - Successfully optimized RSI-Arrow_01_standard.set -> RSI-Arrow_01_otp.set
2025-04-27 10:21:34,664 - INFO - Successfully optimized RSI-EA_01_standard.set -> RSI-EA_01_otp.set
2025-04-27 10:21:34,665 - INFO - Successfully optimized RSI-Eraser_01_standard.set -> RSI-Eraser_01_otp.set
2025-04-27 10:21:34,666 - INFO - Successfully optimized RSI-Expert_01_standard.set -> RSI-Expert_01_otp.set
2025-04-27 10:21:34,667 - INFO - Successfully optimized RSI-Levels_01_standard.set -> RSI-Levels_01_otp.set
2025-04-27 10:21:34,668 - INFO - Successfully optimized RSI-trader_01_standard.set -> RSI-trader_01_otp.set
2025-04-27 10:21:34,670 - INFO - Successfully optimized RSI-Trend-EA_01_standard.set -> RSI-Trend-EA_01_otp.set
2025-04-27 10:21:34,671 - INFO - Successfully optimized RSI-Trend_01_standard.set -> RSI-Trend_01_otp.set
2025-04-27 10:21:34,672 - INFO - Successfully optimized RSI-with-channels-EA_01_standard.set -> RSI-with-channels-EA_01_otp.set
2025-04-27 10:21:34,673 - INFO - Successfully optimized RSI-with-channels_01_standard.set -> RSI-with-channels_01_otp.set
2025-04-27 10:21:34,674 - INFO - Successfully optimized Russian20-hp1_01_standard.set -> Russian20-hp1_01_otp.set
2025-04-27 10:21:34,675 - INFO - Successfully optimized SampleCheckPendingOrder_01_standard.set -> SampleCheckPendingOrder_01_otp.set
2025-04-27 10:21:34,676 - INFO - Successfully optimized SAR-trading_01_standard.set -> SAR-trading_01_otp.set
2025-04-27 10:21:34,678 - INFO - Successfully optimized Secwenta_01_standard.set -> Secwenta_01_otp.set
2025-04-27 10:21:34,679 - INFO - Successfully optimized Sell-Stop_01_standard.set -> Sell-Stop_01_otp.set
2025-04-27 10:21:34,680 - INFO - Successfully optimized Sensitive_01_standard.set -> Sensitive_01_otp.set
2025-04-27 10:21:34,681 - INFO - Successfully optimized Separate-trade_01_standard.set -> Separate-trade_01_otp.set
2025-04-27 10:21:34,683 - INFO - Successfully optimized SilverTrend_01_standard.set -> SilverTrend_01_otp.set
2025-04-27 10:21:34,684 - INFO - Successfully optimized Simple-20Price-20Alert-20-20EA_01_standard.set -> Simple-20Price-20Alert-20-20EA_01_otp.set
2025-04-27 10:21:34,686 - INFO - Successfully optimized Simple-20Volume-20EA_01_standard.set -> Simple-20Volume-20EA_01_otp.set
2025-04-27 10:21:34,687 - INFO - Successfully optimized Simple-EA-MA-plus-MACD_01_standard.set -> Simple-EA-MA-plus-MACD_01_otp.set
2025-04-27 10:21:34,688 - INFO - Successfully optimized Simple-FX_01_standard.set -> Simple-FX_01_otp.set
2025-04-27 10:21:34,690 - INFO - Successfully optimized Simple-MACD_01_standard.set -> Simple-MACD_01_otp.set
2025-04-27 10:21:34,691 - INFO - Successfully optimized Simple-Volume-EA_01_standard.set -> Simple-Volume-EA_01_otp.set
2025-04-27 10:21:34,692 - INFO - Successfully optimized SimplePivot_01_standard.set -> SimplePivot_01_otp.set
2025-04-27 10:21:34,694 - INFO - Successfully optimized Simplest-Hedging-EA-ever_01_standard.set -> Simplest-Hedging-EA-ever_01_otp.set
2025-04-27 10:21:34,695 - INFO - Successfully optimized SimpleTrade _01_standard.set -> SimpleTrade _01_otp.set
2025-04-27 10:21:34,697 - INFO - Successfully optimized Six-Soldiers-EA-Grid_01_standard.set -> Six-Soldiers-EA-Grid_01_otp.set
2025-04-27 10:21:34,699 - INFO - Successfully optimized Six-Soldiers-EA_01_standard.set -> Six-Soldiers-EA_01_otp.set
2025-04-27 10:21:34,700 - INFO - Successfully optimized Six-Soldiers_01_standard.set -> Six-Soldiers_01_otp.set
2025-04-27 10:21:34,702 - INFO - Successfully optimized Small-Inside-Bar-Strategy_01_standard.set -> Small-Inside-Bar-Strategy_01_otp.set
2025-04-27 10:21:34,704 - INFO - Successfully optimized Smart-Machine-20EA_01_standard.set -> Smart-Machine-20EA_01_otp.set
2025-04-27 10:21:34,705 - INFO - Successfully optimized Smoothing-Average_01_standard.set -> Smoothing-Average_01_otp.set
2025-04-27 10:21:34,707 - INFO - Successfully optimized Spasm_01_standard.set -> Spasm_01_otp.set
2025-04-27 10:21:34,708 - INFO - Successfully optimized ssb5-123_01_standard.set -> ssb5-123_01_otp.set
2025-04-27 10:21:34,710 - INFO - Successfully optimized Starter_01_standard.set -> Starter_01_otp.set
2025-04-27 10:21:34,712 - INFO - Successfully optimized Steve-Cartwright-Trader-Camel-CCI-MACD_01_standard.set -> Steve-Cartwright-Trader-Camel-CCI-MACD_01_otp.set
2025-04-27 10:21:34,714 - INFO - Successfully optimized Stoch-EA-1192_01_standard.set -> Stoch-EA-1192_01_otp.set
2025-04-27 10:21:34,715 - INFO - Successfully optimized Stochastic-20Alert_01_standard.set -> Stochastic-20Alert_01_otp.set
2025-04-27 10:21:34,717 - INFO - Successfully optimized Stochastic-K-Divergence.lua_01_standard.set -> Stochastic-K-Divergence.lua_01_otp.set
2025-04-27 10:21:34,719 - INFO - Successfully optimized stochastic-three-periods_01_standard.set -> stochastic-three-periods_01_otp.set
2025-04-27 10:21:34,721 - INFO - Successfully optimized StochasticDiffSign-EA_01_standard.set -> StochasticDiffSign-EA_01_otp.set
2025-04-27 10:21:34,722 - INFO - Successfully optimized stochasticdiffsign_01_standard.set -> stochasticdiffsign_01_otp.set
2025-04-27 10:21:34,724 - INFO - Successfully optimized StochMA-EA_01_standard.set -> StochMA-EA_01_otp.set
2025-04-27 10:21:34,726 - INFO - Successfully optimized StochMA_01_standard.set -> StochMA_01_otp.set
2025-04-27 10:21:34,727 - INFO - Successfully optimized Stoch_01_standard.set -> Stoch_01_otp.set
2025-04-27 10:21:34,729 - INFO - Successfully optimized Stop-Loss-Take-Profit_01_standard.set -> Stop-Loss-Take-Profit_01_otp.set
2025-04-27 10:21:34,731 - INFO - Successfully optimized StraddleqTrail_01_standard.set -> StraddleqTrail_01_otp.set
2025-04-27 10:21:34,733 - INFO - Successfully optimized Surefirething_01_standard.set -> Surefirething_01_otp.set
2025-04-27 10:21:34,735 - INFO - Successfully optimized TDSGlobal_01_standard.set -> TDSGlobal_01_otp.set
2025-04-27 10:21:34,736 - INFO - Successfully optimized The-MasterMind-2_01_standard.set -> The-MasterMind-2_01_otp.set
2025-04-27 10:21:34,738 - INFO - Successfully optimized The-MasterMind-3_01_standard.set -> The-MasterMind-3_01_otp.set
2025-04-27 10:21:34,739 - INFO - Successfully optimized The-MasterMind_01_standard.set -> The-MasterMind_01_otp.set
2025-04-27 10:21:34,741 - INFO - Successfully optimized The-Puncher_01_standard.set -> The-Puncher_01_otp.set
2025-04-27 10:21:34,743 - INFO - Successfully optimized TheClassicTurtleTrader-no-dots-EA_01_standard.set -> TheClassicTurtleTrader-no-dots-EA_01_otp.set
2025-04-27 10:21:34,744 - INFO - Successfully optimized TheClassicTurtleTrader-no-dots_01_standard.set -> TheClassicTurtleTrader-no-dots_01_otp.set
2025-04-27 10:21:34,746 - INFO - Successfully optimized Three-indicators_01_standard.set -> Three-indicators_01_otp.set
2025-04-27 10:21:34,747 - INFO - Successfully optimized Three-neural-networks_01_standard.set -> Three-neural-networks_01_otp.set
2025-04-27 10:21:34,749 - INFO - Successfully optimized Three-timeframes_01_standard.set -> Three-timeframes_01_otp.set
2025-04-27 10:21:34,750 - INFO - Successfully optimized Three-Typical-Candles_01_standard.set -> Three-Typical-Candles_01_otp.set
2025-04-27 10:21:34,751 - INFO - Successfully optimized Time-sync-forts_01_standard.set -> Time-sync-forts_01_otp.set
2025-04-27 10:21:34,752 - INFO - Successfully optimized timer-trade_01_standard.set -> timer-trade_01_otp.set
2025-04-27 10:21:34,753 - INFO - Successfully optimized TMA-ATR-Channel_01_standard.set -> TMA-ATR-Channel_01_otp.set
2025-04-27 10:21:34,755 - INFO - Successfully optimized TMA-ATR-EA_01_standard.set -> TMA-ATR-EA_01_otp.set
2025-04-27 10:21:34,757 - INFO - Successfully optimized TMA-CG-EA_01_standard.set -> TMA-CG-EA_01_otp.set
2025-04-27 10:21:34,758 - INFO - Successfully optimized TMA-CG-Martingale-20EA_01_standard.set -> TMA-CG-Martingale-20EA_01_otp.set
2025-04-27 10:21:34,759 - INFO - Successfully optimized TMA-CG-mladen_01_standard.set -> TMA-CG-mladen_01_otp.set
2025-04-27 10:21:34,760 - INFO - Successfully optimized TMA-CG-special_01_standard.set -> TMA-CG-special_01_otp.set
2025-04-27 10:21:34,762 - INFO - Successfully optimized TMA-slope-bands_01_standard.set -> TMA-slope-bands_01_otp.set
2025-04-27 10:21:34,763 - INFO - Successfully optimized TmaTrue-2.0-with-Distances-6xx_01_standard.set -> TmaTrue-2.0-with-Distances-6xx_01_otp.set
2025-04-27 10:21:34,764 - INFO - Successfully optimized TmaTrue-3.0-with-Distances-6xx_01_standard.set -> TmaTrue-3.0-with-Distances-6xx_01_otp.set
2025-04-27 10:21:34,765 - INFO - Successfully optimized TP-with-money_01_standard.set -> TP-with-money_01_otp.set
2025-04-27 10:21:34,766 - INFO - Successfully optimized Trade-in-Channel_01_standard.set -> Trade-in-Channel_01_otp.set
2025-04-27 10:21:34,767 - INFO - Successfully optimized Trade-on-qualified-RSI_01_standard.set -> Trade-on-qualified-RSI_01_otp.set
2025-04-27 10:21:34,769 - INFO - Successfully optimized Trading-Breakout-MrThanhTan_01_standard.set -> Trading-Breakout-MrThanhTan_01_otp.set
2025-04-27 10:21:34,770 - INFO - Successfully optimized Trend-Trader-Strategy-EA_01_standard.set -> Trend-Trader-Strategy-EA_01_otp.set
2025-04-27 10:21:34,771 - INFO - Successfully optimized Trend-Trader-Strategy_01_standard.set -> Trend-Trader-Strategy_01_otp.set
2025-04-27 10:21:34,773 - INFO - Successfully optimized Tru-EA_01_standard.set -> Tru-EA_01_otp.set
2025-04-27 10:21:34,775 - INFO - Successfully optimized True-Scalper-Profit-Lock_01_standard.set -> True-Scalper-Profit-Lock_01_otp.set
2025-04-27 10:21:34,776 - INFO - Successfully optimized TrueSort-1100_01_standard.set -> TrueSort-1100_01_otp.set
2025-04-27 10:21:34,777 - INFO - Successfully optimized Tunnel-gen4_01_standard.set -> Tunnel-gen4_01_otp.set
2025-04-27 10:21:34,779 - INFO - Successfully optimized Tunnel-Method_01_standard.set -> Tunnel-Method_01_otp.set
2025-04-27 10:21:34,780 - INFO - Successfully optimized TurnGrid_01_standard.set -> TurnGrid_01_otp.set
2025-04-27 10:21:34,781 - INFO - Successfully optimized Two PerBar _01_standard.set -> Two PerBar _01_otp.set
2025-04-27 10:21:34,783 - INFO - Successfully optimized Two-20MA-20RSI-20ADX-20EA_01_standard.set -> Two-20MA-20RSI-20ADX-20EA_01_otp.set
2025-04-27 10:21:34,784 - INFO - Successfully optimized Two-20Orders-20Panel_01_standard.set -> Two-20Orders-20Panel_01_otp.set
2025-04-27 10:21:34,786 - INFO - Successfully optimized Two-pending-orders-2_01_standard.set -> Two-pending-orders-2_01_otp.set
2025-04-27 10:21:34,787 - INFO - Successfully optimized UnityPro_01_standard.set -> UnityPro_01_otp.set
2025-04-27 10:21:34,789 - INFO - Successfully optimized UniversalMACrossEA_01_standard.set -> UniversalMACrossEA_01_otp.set
2025-04-27 10:21:34,791 - INFO - Successfully optimized UniversalSignalDemo_01_standard.set -> UniversalSignalDemo_01_otp.set
2025-04-27 10:21:34,792 - INFO - Successfully optimized Universum-3.0_01_standard.set -> Universum-3.0_01_otp.set
2025-04-27 10:21:34,794 - INFO - Successfully optimized UnNomGuai-20EA_01_standard.set -> UnNomGuai-20EA_01_otp.set
2025-04-27 10:21:34,796 - INFO - Successfully optimized up3x1-Investor_01_standard.set -> up3x1-Investor_01_otp.set
2025-04-27 10:21:34,797 - INFO - Successfully optimized up3x1-premium-M_01_standard.set -> up3x1-premium-M_01_otp.set
2025-04-27 10:21:34,798 - INFO - Successfully optimized up3x1_01_standard.set -> up3x1_01_otp.set
2025-04-27 10:21:34,799 - INFO - Successfully optimized Urdala-Trol_01_standard.set -> Urdala-Trol_01_otp.set
2025-04-27 10:21:34,801 - INFO - Successfully optimized Very-Blonde-System_01_standard.set -> Very-Blonde-System_01_otp.set
2025-04-27 10:21:34,802 - INFO - Successfully optimized Virtual-Trailing-Stop_01_standard.set -> Virtual-Trailing-Stop_01_otp.set
2025-04-27 10:21:34,803 - INFO - Successfully optimized VLT-TRADER_01_standard.set -> VLT-TRADER_01_otp.set
2025-04-27 10:21:34,804 - INFO - Successfully optimized Volume-trader_01_standard.set -> Volume-trader_01_otp.set
2025-04-27 10:21:34,805 - INFO - Successfully optimized Vortex-Indicator-System_01_standard.set -> Vortex-Indicator-System_01_otp.set
2025-04-27 10:21:34,806 - INFO - Successfully optimized VR-Overturn_01_standard.set -> VR-Overturn_01_otp.set
2025-04-27 10:21:34,808 - INFO - Successfully optimized VR-ZVER-v.2_01_standard.set -> VR-ZVER-v.2_01_otp.set
2025-04-27 10:21:34,809 - INFO - Successfully optimized VR-ZVER_01_standard.set -> VR-ZVER_01_otp.set
2025-04-27 10:21:34,810 - INFO - Successfully optimized VZO_01_standard.set -> VZO_01_otp.set
2025-04-27 10:21:34,811 - INFO - Successfully optimized Waddah-Attar-Win_01_standard.set -> Waddah-Attar-Win_01_otp.set
2025-04-27 10:21:34,812 - INFO - Successfully optimized WE-TRUST_01_standard.set -> WE-TRUST_01_otp.set
2025-04-27 10:21:34,814 - INFO - Successfully optimized X-RSIOMA_01_standard.set -> X-RSIOMA_01_otp.set
2025-04-27 10:21:34,815 - INFO - Successfully optimized Yesterday-Today_01_standard.set -> Yesterday-Today_01_otp.set
2025-04-27 10:21:34,816 - INFO - Successfully optimized 10-pips-EURUSD_01_standard.set -> 10-pips-EURUSD_01_otp.set
2025-04-27 10:21:34,817 - INFO - Successfully optimized 10-pips_01_standard.set -> 10-pips_01_otp.set
2025-04-27 10:21:34,818 - INFO - Successfully optimized 1H-EUR-USD_01_standard.set -> 1H-EUR-USD_01_otp.set
2025-04-27 10:21:34,820 - INFO - Successfully optimized 20011201-GBPUSD-M1_01_standard.set -> 20011201-GBPUSD-M1_01_otp.set
2025-04-27 10:21:34,821 - INFO - Successfully optimized 21hour_01_standard.set -> 21hour_01_otp.set
2025-04-27 10:21:34,823 - INFO - Successfully optimized 2HR-HL_01_standard.set -> 2HR-HL_01_otp.set
2025-04-27 10:21:34,824 - INFO - Successfully optimized 2MA-4Level_01_standard.set -> 2MA-4Level_01_otp.set
2025-04-27 10:21:34,825 - INFO - Successfully optimized 2MA-Bunny-Cross_01_standard.set -> 2MA-Bunny-Cross_01_otp.set
2025-04-27 10:21:34,826 - INFO - Successfully optimized 3-bars-high-low-indicator_01_standard.set -> 3-bars-high-low-indicator_01_otp.set
2025-04-27 10:21:34,827 - INFO - Successfully optimized 35-Pip-Scalper_01_standard.set -> 35-Pip-Scalper_01_otp.set
2025-04-27 10:21:34,829 - INFO - Successfully optimized 3BarsHighLowEA_01_standard.set -> 3BarsHighLowEA_01_otp.set
2025-04-27 10:21:34,830 - INFO - Successfully optimized 3sma_01_standard.set -> 3sma_01_otp.set
2025-04-27 10:21:34,831 - INFO - Successfully optimized 500_01_standard.set -> 500_01_otp.set
2025-04-27 10:21:34,832 - INFO - Successfully optimized 55-MA_01_standard.set -> 55-MA_01_otp.set
2025-04-27 10:21:34,833 - INFO - Successfully optimized Above-Below-MA_01_standard.set -> Above-Below-MA_01_otp.set
2025-04-27 10:21:34,834 - INFO - Successfully optimized Absorption_01_standard.set -> Absorption_01_otp.set
2025-04-27 10:21:34,835 - INFO - Successfully optimized ADX-MACD-Deev_01_standard.set -> ADX-MACD-Deev_01_otp.set
2025-04-27 10:21:34,837 - INFO - Successfully optimized ADX-MA_01_standard.set -> ADX-MA_01_otp.set
2025-04-27 10:21:34,838 - INFO - Successfully optimized ADX-System_01_standard.set -> ADX-System_01_otp.set
2025-04-27 10:21:34,839 - INFO - Successfully optimized AIS1_01_standard.set -> AIS1_01_otp.set
2025-04-27 10:21:34,840 - INFO - Successfully optimized Alexav-D1-Profit-GBPUSD_01_standard.set -> Alexav-D1-Profit-GBPUSD_01_otp.set
2025-04-27 10:21:34,841 - INFO - Successfully optimized All-Average-Ea_01_standard.set -> All-Average-Ea_01_otp.set
2025-04-27 10:21:34,842 - INFO - Successfully optimized Alligator-Simple_01_standard.set -> Alligator-Simple_01_otp.set
2025-04-27 10:21:34,843 - INFO - Successfully optimized Alligator_01_standard.set -> Alligator_01_otp.set
2025-04-27 10:21:34,844 - INFO - Successfully optimized Altarius-RSI-Stohastic_01_standard.set -> Altarius-RSI-Stohastic_01_otp.set
2025-04-27 10:21:34,845 - INFO - Successfully optimized AMA-Trader-2_01_standard.set -> AMA-Trader-2_01_otp.set
2025-04-27 10:21:34,846 - INFO - Successfully optimized AMA-Trader_01_standard.set -> AMA-Trader_01_otp.set
2025-04-27 10:21:34,848 - INFO - Successfully optimized AO-Lightning_01_standard.set -> AO-Lightning_01_otp.set
2025-04-27 10:21:34,849 - INFO - Successfully optimized AOCCI_01_standard.set -> AOCCI_01_otp.set
2025-04-27 10:21:34,850 - INFO - Successfully optimized Arbitrage_01_standard.set -> Arbitrage_01_otp.set
2025-04-27 10:21:34,851 - INFO - Successfully optimized ArbSint_01_standard.set -> ArbSint_01_otp.set
2025-04-27 10:21:34,852 - INFO - Successfully optimized Area-MACD_01_standard.set -> Area-MACD_01_otp.set
2025-04-27 10:21:34,853 - INFO - Successfully optimized Artificial-Intelligence_01_standard.set -> Artificial-Intelligence_01_otp.set
2025-04-27 10:21:34,854 - INFO - Successfully optimized At-random-Full_01_standard.set -> At-random-Full_01_otp.set
2025-04-27 10:21:34,855 - INFO - Successfully optimized At-random_01_standard.set -> At-random_01_otp.set
2025-04-27 10:21:34,856 - INFO - Successfully optimized Auto-ADX_01_standard.set -> Auto-ADX_01_otp.set
2025-04-27 10:21:34,857 - INFO - Successfully optimized Auto-Pivot-Plotter-28Mid-Levels-29-41_01_standard.set -> Auto-Pivot-Plotter-28Mid-Levels-29-41_01_otp.set
2025-04-27 10:21:34,859 - INFO - Successfully optimized AutoLock-EA_01_standard.set -> AutoLock-EA_01_otp.set
2025-04-27 10:21:34,860 - INFO - Successfully optimized Autotrader-Momentum_01_standard.set -> Autotrader-Momentum_01_otp.set
2025-04-27 10:21:34,860 - INFO - Successfully optimized Avalanche-AV_01_standard.set -> Avalanche-AV_01_otp.set
2025-04-27 10:21:34,861 - INFO - Successfully optimized Backbone_01_standard.set -> Backbone_01_otp.set
2025-04-27 10:21:34,863 - INFO - Successfully optimized BADX_01_standard.set -> BADX_01_otp.set
2025-04-27 10:21:34,864 - INFO - Successfully optimized Bago-EA_01_standard.set -> Bago-EA_01_otp.set
2025-04-27 10:21:34,866 - INFO - Successfully optimized BalancedScalper-20EA_01_standard.set -> BalancedScalper-20EA_01_otp.set
2025-04-27 10:21:34,867 - INFO - Successfully optimized Bands-2_01_standard.set -> Bands-2_01_otp.set
2025-04-27 10:21:34,868 - INFO - Successfully optimized BARS-Alligator_01_standard.set -> BARS-Alligator_01_otp.set
2025-04-27 10:21:34,869 - INFO - Successfully optimized Basic-CCI-RSI_01_standard.set -> Basic-CCI-RSI_01_otp.set
2025-04-27 10:21:34,871 - INFO - Successfully optimized Basic-Martingale-EA-3_01_standard.set -> Basic-Martingale-EA-3_01_otp.set
2025-04-27 10:21:34,872 - INFO - Successfully optimized BBPercentile-EA_01_standard.set -> BBPercentile-EA_01_otp.set
2025-04-27 10:21:34,873 - INFO - Successfully optimized BBPercentile_01_standard.set -> BBPercentile_01_otp.set
2025-04-27 10:21:34,874 - INFO - Successfully optimized BDCrossOver-20EA_01_standard.set -> BDCrossOver-20EA_01_otp.set
2025-04-27 10:21:34,875 - INFO - Successfully optimized BIG-DOG_01_standard.set -> BIG-DOG_01_otp.set
2025-04-27 10:21:34,876 - INFO - Successfully optimized Bill-Williams_01_standard.set -> Bill-Williams_01_otp.set
2025-04-27 10:21:34,878 - INFO - Successfully optimized Bollinger-Band-Two-MA-and-Zig-Zag_01_standard.set -> Bollinger-Band-Two-MA-and-Zig-Zag_01_otp.set
2025-04-27 10:21:34,879 - INFO - Successfully optimized Bollinger-Bands-N-positions_01_standard.set -> Bollinger-Bands-N-positions_01_otp.set
2025-04-27 10:21:34,880 - INFO - Successfully optimized Bollinger-Bands-RSI_01_standard.set -> Bollinger-Bands-RSI_01_otp.set
2025-04-27 10:21:34,881 - INFO - Successfully optimized bollinger_01_standard.set -> bollinger_01_otp.set
2025-04-27 10:21:34,882 - INFO - Successfully optimized Brakeout-Trader_01_standard.set -> Brakeout-Trader_01_otp.set
2025-04-27 10:21:34,883 - INFO - Successfully optimized Brandy_01_standard.set -> Brandy_01_otp.set
2025-04-27 10:21:34,884 - INFO - Successfully optimized Breadandbutter2_01_standard.set -> Breadandbutter2_01_otp.set
2025-04-27 10:21:34,886 - INFO - Successfully optimized Breakdown-catcher_01_standard.set -> Breakdown-catcher_01_otp.set
2025-04-27 10:21:34,887 - INFO - Successfully optimized breakdown_01_standard.set -> breakdown_01_otp.set
2025-04-27 10:21:34,888 - INFO - Successfully optimized Breakout-Str_01_standard.set -> Breakout-Str_01_otp.set
2025-04-27 10:21:34,889 - INFO - Successfully optimized Bronze-Warrioir_01_standard.set -> Bronze-Warrioir_01_otp.set
2025-04-27 10:21:34,891 - INFO - Successfully optimized Bruno_01_standard.set -> Bruno_01_otp.set
2025-04-27 10:21:34,892 - INFO - Successfully optimized BSS-1-0_01_standard.set -> BSS-1-0_01_otp.set
2025-04-27 10:21:34,893 - INFO - Successfully optimized Bullish-and-Bearish-Engulfing_01_standard.set -> Bullish-and-Bearish-Engulfing_01_otp.set
2025-04-27 10:21:34,894 - INFO - Successfully optimized Burg-Extrapolator_01_standard.set -> Burg-Extrapolator_01_otp.set
2025-04-27 10:21:34,895 - INFO - Successfully optimized BykovTrend-EA_01_standard.set -> BykovTrend-EA_01_otp.set
2025-04-27 10:21:34,896 - INFO - Successfully optimized Calculate-lotsize-and-Trailling-stop_01_standard.set -> Calculate-lotsize-and-Trailling-stop_01_otp.set
2025-04-27 10:21:34,898 - INFO - Successfully optimized candlepatternsexample_01_standard.set -> candlepatternsexample_01_otp.set
2025-04-27 10:21:34,899 - INFO - Successfully optimized Candle_01_standard.set -> Candle_01_otp.set
2025-04-27 10:21:34,900 - INFO - Successfully optimized Carbophos_01_standard.set -> Carbophos_01_otp.set
2025-04-27 10:21:34,901 - INFO - Successfully optimized CashMachine-5min_01_standard.set -> CashMachine-5min_01_otp.set
2025-04-27 10:21:34,902 - INFO - Successfully optimized CCI-MACD-Scalper_01_standard.set -> CCI-MACD-Scalper_01_otp.set
2025-04-27 10:21:34,903 - INFO - Successfully optimized Cidomo_01_standard.set -> Cidomo_01_otp.set
2025-04-27 10:21:34,904 - INFO - Successfully optimized CloseAgent_01_standard.set -> CloseAgent_01_otp.set
2025-04-27 10:21:34,905 - INFO - Successfully optimized CloseProfit_01_standard.set -> CloseProfit_01_otp.set
2025-04-27 10:21:34,906 - INFO - Successfully optimized cloud's-trade-2_01_standard.set -> cloud's-trade-2_01_otp.set
2025-04-27 10:21:34,907 - INFO - Successfully optimized CLOUD_01_standard.set -> CLOUD_01_otp.set
2025-04-27 10:21:34,908 - INFO - Successfully optimized Constituents-EA_01_standard.set -> Constituents-EA_01_otp.set
2025-04-27 10:21:34,909 - INFO - Successfully optimized Contrarian-trade-MA_01_standard.set -> Contrarian-trade-MA_01_otp.set
2025-04-27 10:21:34,910 - INFO - Successfully optimized Crossing-Moving-Average_01_standard.set -> Crossing-Moving-Average_01_otp.set
2025-04-27 10:21:34,911 - INFO - Successfully optimized CrossMA_01_standard.set -> CrossMA_01_otp.set
2025-04-27 10:21:34,913 - INFO - Successfully optimized Currencyprofits-01.1_01_standard.set -> Currencyprofits-01.1_01_otp.set
2025-04-27 10:21:34,914 - INFO - Successfully optimized Daily-20reversal-20-20EA_01_standard.set -> Daily-20reversal-20-20EA_01_otp.set
2025-04-27 10:21:34,915 - INFO - Successfully optimized Daily-BreakPoint_01_standard.set -> Daily-BreakPoint_01_otp.set
2025-04-27 10:21:34,916 - INFO - Successfully optimized Daily-Open-EA_01_standard.set -> Daily-Open-EA_01_otp.set
2025-04-27 10:21:34,917 - INFO - Successfully optimized Daily-range_01_standard.set -> Daily-range_01_otp.set
2025-04-27 10:21:34,918 - INFO - Successfully optimized Day-Trading-PAMXA_01_standard.set -> Day-Trading-PAMXA_01_otp.set
2025-04-27 10:21:34,919 - INFO - Successfully optimized Daydream_01_standard.set -> Daydream_01_otp.set
2025-04-27 10:21:34,920 - INFO - Successfully optimized DayTrading_01_standard.set -> DayTrading_01_otp.set
2025-04-27 10:21:34,921 - INFO - Successfully optimized Dealers-Trade-v-7.74-MACD_01_standard.set -> Dealers-Trade-v-7.74-MACD_01_otp.set
2025-04-27 10:21:34,922 - INFO - Successfully optimized Deep-Drawdown-MA_01_standard.set -> Deep-Drawdown-MA_01_otp.set
2025-04-27 10:21:34,923 - INFO - Successfully optimized DeMarker-gaining-position-volume-2_01_standard.set -> DeMarker-gaining-position-volume-2_01_otp.set
2025-04-27 10:21:34,924 - INFO - Successfully optimized DeMarker-gaining-position-volume_01_standard.set -> DeMarker-gaining-position-volume_01_otp.set
2025-04-27 10:21:34,926 - INFO - Successfully optimized DeMarker-Pending-2-5_01_standard.set -> DeMarker-Pending-2-5_01_otp.set
2025-04-27 10:21:34,927 - INFO - Successfully optimized DeMarker-Pending-2_01_standard.set -> DeMarker-Pending-2_01_otp.set
2025-04-27 10:21:34,928 - INFO - Successfully optimized DeMarker-Pending_01_standard.set -> DeMarker-Pending_01_otp.set
2025-04-27 10:21:34,929 - INFO - Successfully optimized Dematus_01_standard.set -> Dematus_01_otp.set
2025-04-27 10:21:34,930 - INFO - Successfully optimized Divergence-20for-20many-20indicator_01_standard.set -> Divergence-20for-20many-20indicator_01_otp.set
2025-04-27 10:21:34,932 - INFO - Successfully optimized Divergence-EA_01_standard.set -> Divergence-EA_01_otp.set
2025-04-27 10:21:34,933 - INFO - Successfully optimized Doji-Arrows_01_standard.set -> Doji-Arrows_01_otp.set
2025-04-27 10:21:34,933 - INFO - Successfully optimized DojiTrader_01_standard.set -> DojiTrader_01_otp.set
2025-04-27 10:21:34,935 - INFO - Successfully optimized Donchian-Chanel-EA_01_standard.set -> Donchian-Chanel-EA_01_otp.set
2025-04-27 10:21:34,936 - INFO - Successfully optimized DoubleHullMA-EA_01_standard.set -> DoubleHullMA-EA_01_otp.set
2025-04-27 10:21:34,937 - INFO - Successfully optimized DoubleHullMA_01_standard.set -> DoubleHullMA_01_otp.set
2025-04-27 10:21:34,938 - INFO - Successfully optimized DoubleMA-Crossover-EA_01_standard.set -> DoubleMA-Crossover-EA_01_otp.set
2025-04-27 10:21:34,939 - INFO - Successfully optimized Doubler_01_standard.set -> Doubler_01_otp.set
2025-04-27 10:21:34,940 - INFO - Successfully optimized dummy_01_standard.set -> dummy_01_otp.set
2025-04-27 10:21:34,941 - INFO - Successfully optimized Dynamic-averaging_01_standard.set -> Dynamic-averaging_01_otp.set
2025-04-27 10:21:34,942 - INFO - Successfully optimized e-Breakeven_01_standard.set -> e-Breakeven_01_otp.set
2025-04-27 10:21:34,943 - INFO - Successfully optimized E-Friday_01_standard.set -> E-Friday_01_otp.set
2025-04-27 10:21:34,944 - INFO - Successfully optimized E-Skoch-Open_01_standard.set -> E-Skoch-Open_01_otp.set
2025-04-27 10:21:34,946 - INFO - Successfully optimized e-Skoch-pending-orders_01_standard.set -> e-Skoch-pending-orders_01_otp.set
2025-04-27 10:21:34,947 - INFO - Successfully optimized e-Smart-Trailing_01_standard.set -> e-Smart-Trailing_01_otp.set
2025-04-27 10:21:34,948 - INFO - Successfully optimized e-TurboFx_01_standard.set -> e-TurboFx_01_otp.set
2025-04-27 10:21:34,949 - INFO - Successfully optimized EA-Close_01_standard.set -> EA-Close_01_otp.set
2025-04-27 10:21:34,950 - INFO - Successfully optimized EA-MA-Stoch-RSI_01_standard.set -> EA-MA-Stoch-RSI_01_otp.set
2025-04-27 10:21:34,952 - INFO - Successfully optimized EA-Moving-Average_01_standard.set -> EA-Moving-Average_01_otp.set
2025-04-27 10:21:34,953 - INFO - Successfully optimized Elite-eFibo-Trader_01_standard.set -> Elite-eFibo-Trader_01_otp.set
2025-04-27 10:21:34,954 - INFO - Successfully optimized EMA-6.12_01_standard.set -> EMA-6.12_01_otp.set
2025-04-27 10:21:34,955 - INFO - Successfully optimized EMA-CROSS_01_standard.set -> EMA-CROSS_01_otp.set
2025-04-27 10:21:34,956 - INFO - Successfully optimized EMA-LWMA-RSI_01_standard.set -> EMA-LWMA-RSI_01_otp.set
2025-04-27 10:21:34,957 - INFO - Successfully optimized EMA-RSI-EA_01_standard.set -> EMA-RSI-EA_01_otp.set
2025-04-27 10:21:34,958 - INFO - Successfully optimized EMA-WMA_01_standard.set -> EMA-WMA_01_otp.set
2025-04-27 10:21:34,959 - INFO - Successfully optimized EMA_01_standard.set -> EMA_01_otp.set
2025-04-27 10:21:34,960 - INFO - Successfully optimized Eugene_01_standard.set -> Eugene_01_otp.set
2025-04-27 10:21:34,962 - INFO - Successfully optimized eur-usd-m5_01_standard.set -> eur-usd-m5_01_otp.set
2025-04-27 10:21:34,963 - INFO - Successfully optimized EURUSD-breakout_01_standard.set -> EURUSD-breakout_01_otp.set
2025-04-27 10:21:34,965 - INFO - Successfully optimized Executer-AC_01_standard.set -> Executer-AC_01_otp.set
2025-04-27 10:21:34,966 - INFO - Successfully optimized Executor-AO_01_standard.set -> Executor-AO_01_otp.set
2025-04-27 10:21:34,967 - INFO - Successfully optimized Executor-Candles_01_standard.set -> Executor-Candles_01_otp.set
2025-04-27 10:21:34,968 - INFO - Successfully optimized exp-Amstell_01_standard.set -> exp-Amstell_01_otp.set
2025-04-27 10:21:34,969 - INFO - Successfully optimized Expert-NEWS_01_standard.set -> Expert-NEWS_01_otp.set
2025-04-27 10:21:34,970 - INFO - Successfully optimized Expert-RSI-Stochastic-MA_01_standard.set -> Expert-RSI-Stochastic-MA_01_otp.set
2025-04-27 10:21:34,972 - INFO - Successfully optimized ExtremePrice-EA_01_standard.set -> ExtremePrice-EA_01_otp.set
2025-04-27 10:21:34,973 - INFO - Successfully optimized FiboRetracement-20EA_01_standard.set -> FiboRetracement-20EA_01_otp.set
2025-04-27 10:21:34,974 - INFO - Successfully optimized Firebird_01_standard.set -> Firebird_01_otp.set
2025-04-27 10:21:34,975 - INFO - Successfully optimized Firestorm-EA_01_standard.set -> Firestorm-EA_01_otp.set
2025-04-27 10:21:34,977 - INFO - Successfully optimized Firestorm-indicator_01_standard.set -> Firestorm-indicator_01_otp.set
2025-04-27 10:21:34,978 - INFO - Successfully optimized Fluctuate_01_standard.set -> Fluctuate_01_otp.set
2025-04-27 10:21:34,979 - INFO - Successfully optimized Forex-Fraus-M1_01_standard.set -> Forex-Fraus-M1_01_otp.set
2025-04-27 10:21:34,980 - INFO - Successfully optimized Forex-Profit_01_standard.set -> Forex-Profit_01_otp.set
2025-04-27 10:21:34,981 - INFO - Successfully optimized Fractals-minimum-distance_01_standard.set -> Fractals-minimum-distance_01_otp.set
2025-04-27 10:21:34,982 - INFO - Successfully optimized Fraktrak-xonax_01_standard.set -> Fraktrak-xonax_01_otp.set
2025-04-27 10:21:34,983 - INFO - Successfully optimized Frank-Ud_01_standard.set -> Frank-Ud_01_otp.set
2025-04-27 10:21:34,984 - INFO - Successfully optimized FT-CCI_01_standard.set -> FT-CCI_01_otp.set
2025-04-27 10:21:34,985 - INFO - Successfully optimized Fuzzy-logic_01_standard.set -> Fuzzy-logic_01_otp.set
2025-04-27 10:21:34,986 - INFO - Successfully optimized GalacticExplosion_01_standard.set -> GalacticExplosion_01_otp.set
2025-04-27 10:21:34,987 - INFO - Successfully optimized Gandalf-PRO_01_standard.set -> Gandalf-PRO_01_otp.set
2025-04-27 10:21:34,988 - INFO - Successfully optimized Gap-DM_01_standard.set -> Gap-DM_01_otp.set
2025-04-27 10:21:34,989 - INFO - Successfully optimized GAP-EA_01_standard.set -> GAP-EA_01_otp.set
2025-04-27 10:21:34,990 - INFO - Successfully optimized Gaps_01_standard.set -> Gaps_01_otp.set
2025-04-27 10:21:34,991 - INFO - Successfully optimized GBP9AM_01_standard.set -> GBP9AM_01_otp.set
2025-04-27 10:21:34,993 - INFO - Successfully optimized GbpChf_01_standard.set -> GbpChf_01_otp.set
2025-04-27 10:21:34,994 - INFO - Successfully optimized Gold-Dust_01_standard.set -> Gold-Dust_01_otp.set
2025-04-27 10:21:34,995 - INFO - Successfully optimized GO_01_standard.set -> GO_01_otp.set
2025-04-27 10:21:34,996 - INFO - Successfully optimized GreenTrade_01_standard.set -> GreenTrade_01_otp.set
2025-04-27 10:21:34,997 - INFO - Successfully optimized Grid-Martingale_01_standard.set -> Grid-Martingale_01_otp.set
2025-04-27 10:21:34,999 - INFO - Successfully optimized GridEA_01_standard.set -> GridEA_01_otp.set
2025-04-27 10:21:34,999 - INFO - Successfully optimized Grid_01_standard.set -> Grid_01_otp.set
2025-04-27 10:21:35,001 - INFO - Successfully optimized HarVesteR_01_standard.set -> HarVesteR_01_otp.set
2025-04-27 10:21:35,002 - INFO - Successfully optimized HedgeEA_01_standard.set -> HedgeEA_01_otp.set
2025-04-27 10:21:35,003 - INFO - Successfully optimized hedger_01_standard.set -> hedger_01_otp.set
2025-04-27 10:21:35,004 - INFO - Successfully optimized Hedging-EA_01_standard.set -> Hedging-EA_01_otp.set
2025-04-27 10:21:35,006 - INFO - Successfully optimized Heiken-Ashi-Smoothed-EA-with-MA_01_standard.set -> Heiken-Ashi-Smoothed-EA-with-MA_01_otp.set
2025-04-27 10:21:35,007 - INFO - Successfully optimized Heiken-Ashi-Smoothed-EA_01_standard.set -> Heiken-Ashi-Smoothed-EA_01_otp.set
2025-04-27 10:21:35,008 - INFO - Successfully optimized heiken-ashi-smoothedLine_01_standard.set -> heiken-ashi-smoothedLine_01_otp.set
2025-04-27 10:21:35,009 - INFO - Successfully optimized heiken-ashi-smoothed_01_standard.set -> heiken-ashi-smoothed_01_otp.set
2025-04-27 10:21:35,011 - INFO - Successfully optimized HeikenAshi-Lines-EA_01_standard.set -> HeikenAshi-Lines-EA_01_otp.set
2025-04-27 10:21:35,012 - INFO - Successfully optimized HeikenAshi-Lines_01_standard.set -> HeikenAshi-Lines_01_otp.set
2025-04-27 10:21:35,013 - INFO - Successfully optimized Heinken-Ashi-Color-Candles_01_standard.set -> Heinken-Ashi-Color-Candles_01_otp.set
2025-04-27 10:21:35,014 - INFO - Successfully optimized HelloSmart_01_standard.set -> HelloSmart_01_otp.set
2025-04-27 10:21:35,015 - INFO - Successfully optimized High-Low-EA_01_standard.set -> High-Low-EA_01_otp.set
2025-04-27 10:21:35,016 - INFO - Successfully optimized High-Low-Indicator_01_standard.set -> High-Low-Indicator_01_otp.set
2025-04-27 10:21:35,017 - INFO - Successfully optimized Hoop-master-2_01_standard.set -> Hoop-master-2_01_otp.set
2025-04-27 10:21:35,018 - INFO - Successfully optimized iCCI-iMA_01_standard.set -> iCCI-iMA_01_otp.set
2025-04-27 10:21:35,019 - INFO - Successfully optimized ICH-With-Alert-Derekers-EA_01_standard.set -> ICH-With-Alert-Derekers-EA_01_otp.set
2025-04-27 10:21:35,020 - INFO - Successfully optimized ICH-With-Alert-Derekers_01_standard.set -> ICH-With-Alert-Derekers_01_otp.set
2025-04-27 10:21:35,022 - INFO - Successfully optimized ichimok2005_01_standard.set -> ichimok2005_01_otp.set
2025-04-27 10:21:35,023 - INFO - Successfully optimized Ichimoku-20Kijun-20Alert_01_standard.set -> Ichimoku-20Kijun-20Alert_01_otp.set
2025-04-27 10:21:35,024 - INFO - Successfully optimized Ichimoku-20Tenkan-20Alert_01_standard.set -> Ichimoku-20Tenkan-20Alert_01_otp.set
2025-04-27 10:21:35,025 - INFO - Successfully optimized Ichimoku-Scanner_01_standard.set -> Ichimoku-Scanner_01_otp.set
2025-04-27 10:21:35,026 - INFO - Successfully optimized Ichimoku-Signals-and-Alert_01_standard.set -> Ichimoku-Signals-and-Alert_01_otp.set
2025-04-27 10:21:35,027 - INFO - Successfully optimized IchimokuMTF-EA_01_standard.set -> IchimokuMTF-EA_01_otp.set
2025-04-27 10:21:35,028 - INFO - Successfully optimized Ichimoku_01_standard.set -> Ichimoku_01_otp.set
2025-04-27 10:21:35,030 - INFO - Successfully optimized Ilan-iMA_01_standard.set -> Ilan-iMA_01_otp.set
2025-04-27 10:21:35,031 - INFO - Successfully optimized Ilan1.4_01_standard.set -> Ilan1.4_01_otp.set
2025-04-27 10:21:35,032 - INFO - Successfully optimized iMA-iStdDev_01_standard.set -> iMA-iStdDev_01_otp.set
2025-04-27 10:21:35,034 - INFO - Successfully optimized Indices-Tester_01_standard.set -> Indices-Tester_01_otp.set
2025-04-27 10:21:35,035 - INFO - Successfully optimized Inka-20Edho-20EA_01_standard.set -> Inka-20Edho-20EA_01_otp.set
2025-04-27 10:21:35,036 - INFO - Successfully optimized Intersection-2-iMA_01_standard.set -> Intersection-2-iMA_01_otp.set
2025-04-27 10:21:35,037 - INFO - Successfully optimized IStochastic-Trading_01_standard.set -> IStochastic-Trading_01_otp.set
2025-04-27 10:21:35,038 - INFO - Successfully optimized Ivan_01_standard.set -> Ivan_01_otp.set
2025-04-27 10:21:35,040 - INFO - Successfully optimized iVIDyA-Simple_01_standard.set -> iVIDyA-Simple_01_otp.set
2025-04-27 10:21:35,041 - INFO - Successfully optimized Jackpot-Strategy-EA_01_standard.set -> Jackpot-Strategy-EA_01_otp.set
2025-04-27 10:21:35,043 - INFO - Successfully optimized JackPot-Strategy-Elite_01_standard.set -> JackPot-Strategy-Elite_01_otp.set
2025-04-27 10:21:35,044 - INFO - Successfully optimized JK-BullP-AutoTrader_01_standard.set -> JK-BullP-AutoTrader_01_otp.set
2025-04-27 10:21:35,045 - INFO - Successfully optimized JS-Chaos_01_standard.set -> JS-Chaos_01_otp.set
2025-04-27 10:21:35,046 - INFO - Successfully optimized JS-MA-Day_01_standard.set -> JS-MA-Day_01_otp.set
2025-04-27 10:21:35,048 - INFO - Successfully optimized JS-MA-SAR-Trades_01_standard.set -> JS-MA-SAR-Trades_01_otp.set
2025-04-27 10:21:35,049 - INFO - Successfully optimized KA-Gold-Bot_01_standard.set -> KA-Gold-Bot_01_otp.set
2025-04-27 10:21:35,051 - INFO - Successfully optimized Kue-Electric-EA_01_standard.set -> Kue-Electric-EA_01_otp.set
2025-04-27 10:21:35,052 - INFO - Successfully optimized KueFx-20Arrows_01_standard.set -> KueFx-20Arrows_01_otp.set
2025-04-27 10:21:35,053 - INFO - Successfully optimized KueFx-20Baseline_01_standard.set -> KueFx-20Baseline_01_otp.set
2025-04-27 10:21:35,055 - INFO - Successfully optimized KueFx-Arrows-20EA_01_standard.set -> KueFx-Arrows-20EA_01_otp.set
2025-04-27 10:21:35,057 - INFO - Successfully optimized KueFx-Arrows-EA_01_standard.set -> KueFx-Arrows-EA_01_otp.set
2025-04-27 10:21:35,058 - INFO - Successfully optimized KueFx-Arrows_01_standard.set -> KueFx-Arrows_01_otp.set
2025-04-27 10:21:35,059 - INFO - Successfully optimized KueFx-Baseline-EA_01_standard.set -> KueFx-Baseline-EA_01_otp.set
2025-04-27 10:21:35,060 - INFO - Successfully optimized KueFx-Baseline_01_standard.set -> KueFx-Baseline_01_otp.set
2025-04-27 10:21:35,062 - INFO - Successfully optimized KueFx-Clean-2025-EA_01_standard.set -> KueFx-Clean-2025-EA_01_otp.set
2025-04-27 10:21:35,063 - INFO - Successfully optimized KueFx-Extreme-EA_01_standard.set -> KueFx-Extreme-EA_01_otp.set
2025-04-27 10:21:35,065 - INFO - Successfully optimized KueFx-Harare-EA_01_standard.set -> KueFx-Harare-EA_01_otp.set
2025-04-27 10:21:35,066 - INFO - Successfully optimized KueFX-Money-Management_01_standard.set -> KueFX-Money-Management_01_otp.set
2025-04-27 10:21:35,068 - INFO - Successfully optimized KueFx-Motor-EA_01_standard.set -> KueFx-Motor-EA_01_otp.set
2025-04-27 10:21:35,069 - INFO - Successfully optimized KueFx-Motor_01_standard.set -> KueFx-Motor_01_otp.set
2025-04-27 10:21:35,070 - INFO - Successfully optimized KueFx-Trend_01_standard.set -> KueFx-Trend_01_otp.set
2025-04-27 10:21:35,072 - INFO - Successfully optimized KueFxTrend-20EA_01_standard.set -> KueFxTrend-20EA_01_otp.set
2025-04-27 10:21:35,073 - INFO - Successfully optimized KueFxTrend-EA_01_standard.set -> KueFxTrend-EA_01_otp.set
2025-04-27 10:21:35,074 - INFO - Successfully optimized LarryConnersRSI2_01_standard.set -> LarryConnersRSI2_01_otp.set
2025-04-27 10:21:35,075 - INFO - Successfully optimized Last-ZZ50_01_standard.set -> Last-ZZ50_01_otp.set
2025-04-27 10:21:35,076 - INFO - Successfully optimized Lavika100_01_standard.set -> Lavika100_01_otp.set
2025-04-27 10:21:35,077 - INFO - Successfully optimized LBS_01_standard.set -> LBS_01_otp.set
2025-04-27 10:21:35,079 - INFO - Successfully optimized Lego-EA_01_standard.set -> Lego-EA_01_otp.set
2025-04-27 10:21:35,080 - INFO - Successfully optimized Lesson-3-Price-Action_01_standard.set -> Lesson-3-Price-Action_01_otp.set
2025-04-27 10:21:35,081 - INFO - Successfully optimized Lesson-4-Price-Action-MA-Filter_01_standard.set -> Lesson-4-Price-Action-MA-Filter_01_otp.set
2025-04-27 10:21:35,082 - INFO - Successfully optimized Lesson-6-Trailling-ATR_01_standard.set -> Lesson-6-Trailling-ATR_01_otp.set
2025-04-27 10:21:35,083 - INFO - Successfully optimized Lesson-7-Price-action-Ket-hop-Volume-VSA_01_standard.set -> Lesson-7-Price-action-Ket-hop-Volume-VSA_01_otp.set
2025-04-27 10:21:35,084 - INFO - Successfully optimized Little-EA_01_standard.set -> Little-EA_01_otp.set
2025-04-27 10:21:35,085 - INFO - Successfully optimized Locker_01_standard.set -> Locker_01_otp.set
2025-04-27 10:21:35,086 - INFO - Successfully optimized Lock_01_standard.set -> Lock_01_otp.set
2025-04-27 10:21:35,087 - INFO - Successfully optimized Lucky_01_standard.set -> Lucky_01_otp.set
2025-04-27 10:21:35,088 - INFO - Successfully optimized MA-20Alert_01_standard.set -> MA-20Alert_01_otp.set
2025-04-27 10:21:35,089 - INFO - Successfully optimized MA-20AO-20Arrow_01_standard.set -> MA-20AO-20Arrow_01_otp.set
2025-04-27 10:21:35,091 - INFO - Successfully optimized MA-AO-EA_01_standard.set -> MA-AO-EA_01_otp.set
2025-04-27 10:21:35,092 - INFO - Successfully optimized ma-channels_01_standard.set -> ma-channels_01_otp.set
2025-04-27 10:21:35,093 - INFO - Successfully optimized MA-Cross_01_standard.set -> MA-Cross_01_otp.set
2025-04-27 10:21:35,094 - INFO - Successfully optimized MA-Envelopes_01_standard.set -> MA-Envelopes_01_otp.set
2025-04-27 10:21:35,095 - INFO - Successfully optimized MA-MACD-Position-averaging_01_standard.set -> MA-MACD-Position-averaging_01_otp.set
2025-04-27 10:21:35,096 - INFO - Successfully optimized MA-Trend_01_standard.set -> MA-Trend_01_otp.set
2025-04-27 10:21:35,097 - INFO - Successfully optimized MA2CCI_01_standard.set -> MA2CCI_01_otp.set
2025-04-27 10:21:35,098 - INFO - Successfully optimized MACD-and-SAR_01_standard.set -> MACD-and-SAR_01_otp.set
2025-04-27 10:21:35,099 - INFO - Successfully optimized MACD-Cleaner_01_standard.set -> MACD-Cleaner_01_otp.set
2025-04-27 10:21:35,101 - INFO - Successfully optimized MACD-EA-H4_01_standard.set -> MACD-EA-H4_01_otp.set
2025-04-27 10:21:35,102 - INFO - Successfully optimized MACD-No-Sample_01_standard.set -> MACD-No-Sample_01_otp.set
2025-04-27 10:21:35,103 - INFO - Successfully optimized MACD-signal_01_standard.set -> MACD-signal_01_otp.set
2025-04-27 10:21:35,104 - INFO - Successfully optimized MACD-Stochastic-2_01_standard.set -> MACD-Stochastic-2_01_otp.set
2025-04-27 10:21:35,105 - INFO - Successfully optimized MACD-Stochastic_01_standard.set -> MACD-Stochastic_01_otp.set
2025-04-27 10:21:35,106 - INFO - Successfully optimized MACDCCI_01_standard.set -> MACDCCI_01_otp.set
2025-04-27 10:21:35,108 - INFO - Successfully optimized MacdPatternTraderAll0.01_01_standard.set -> MacdPatternTraderAll0.01_01_otp.set
2025-04-27 10:21:35,109 - INFO - Successfully optimized MacdPatternTraderAll_01_standard.set -> MacdPatternTraderAll_01_otp.set
2025-04-27 10:21:35,110 - INFO - Successfully optimized MACD_01_standard.set -> MACD_01_otp.set
2025-04-27 10:21:35,111 - INFO - Successfully optimized MAGrid_01_standard.set -> MAGrid_01_otp.set
2025-04-27 10:21:35,112 - INFO - Successfully optimized MAMACD_01_standard.set -> MAMACD_01_otp.set
2025-04-27 10:21:35,113 - INFO - Successfully optimized Market-Capture_01_standard.set -> Market-Capture_01_otp.set
2025-04-27 10:21:35,114 - INFO - Successfully optimized Martin-1_01_standard.set -> Martin-1_01_otp.set
2025-04-27 10:21:35,115 - INFO - Successfully optimized Martin-for-small-deposits_01_standard.set -> Martin-for-small-deposits_01_otp.set
2025-04-27 10:21:35,116 - INFO - Successfully optimized MartingailExpert_01_standard.set -> MartingailExpert_01_otp.set
2025-04-27 10:21:35,117 - INFO - Successfully optimized MartinGaleBreakout_01_standard.set -> MartinGaleBreakout_01_otp.set
2025-04-27 10:21:35,119 - INFO - Successfully optimized Martin_01_standard.set -> Martin_01_otp.set
2025-04-27 10:21:35,120 - INFO - Successfully optimized Marubozu-EA_01_standard.set -> Marubozu-EA_01_otp.set
2025-04-27 10:21:35,122 - INFO - Successfully optimized Marubozu_01_standard.set -> Marubozu_01_otp.set
2025-04-27 10:21:35,123 - INFO - Successfully optimized MelBar-EuSwiss-1.85_01_standard.set -> MelBar-EuSwiss-1.85_01_otp.set
2025-04-27 10:21:35,124 - INFO - Successfully optimized MelBar™Take325-™-5.5Y-NZD-USD_01_standard.set -> MelBar™Take325-™-5.5Y-NZD-USD_01_otp.set
2025-04-27 10:21:35,125 - INFO - Successfully optimized Mobo-Bands-EA_01_standard.set -> Mobo-Bands-EA_01_otp.set
2025-04-27 10:21:35,126 - INFO - Successfully optimized Mobo-Bands_01_standard.set -> Mobo-Bands_01_otp.set
2025-04-27 10:21:35,127 - INFO - Successfully optimized Modified-Moving-Averages_01_standard.set -> Modified-Moving-Averages_01_otp.set
2025-04-27 10:21:35,128 - INFO - Successfully optimized Momentum-M15_01_standard.set -> Momentum-M15_01_otp.set
2025-04-27 10:21:35,130 - INFO - Successfully optimized Momo-trades_01_standard.set -> Momo-trades_01_otp.set
2025-04-27 10:21:35,131 - INFO - Successfully optimized Money-Fixed-Margin_01_standard.set -> Money-Fixed-Margin_01_otp.set
2025-04-27 10:21:35,132 - INFO - Successfully optimized Money-Fixed-Risk_01_standard.set -> Money-Fixed-Risk_01_otp.set
2025-04-27 10:21:35,133 - INFO - Successfully optimized MoneyRain_01_standard.set -> MoneyRain_01_otp.set
2025-04-27 10:21:35,134 - INFO - Successfully optimized Morning-evening-star-EA_01_standard.set -> Morning-evening-star-EA_01_otp.set
2025-04-27 10:21:35,135 - INFO - Successfully optimized MostasHaR15-Pivot_01_standard.set -> MostasHaR15-Pivot_01_otp.set
2025-04-27 10:21:35,136 - INFO - Successfully optimized Moving-20average-20and-20ichimoku-20EA_01_standard.set -> Moving-20average-20and-20ichimoku-20EA_01_otp.set
2025-04-27 10:21:35,137 - INFO - Successfully optimized Moving-Average-Trade-System_01_standard.set -> Moving-Average-Trade-System_01_otp.set
2025-04-27 10:21:35,138 - INFO - Successfully optimized Moving-Averages_01_standard.set -> Moving-Averages_01_otp.set
2025-04-27 10:21:35,139 - INFO - Successfully optimized MovingAverageMartinGale_01_standard.set -> MovingAverageMartinGale_01_otp.set
2025-04-27 10:21:35,140 - INFO - Successfully optimized MovingAverage_01_standard.set -> MovingAverage_01_otp.set
2025-04-27 10:21:35,141 - INFO - Successfully optimized MQL5-Wizard-MA-RSI_01_standard.set -> MQL5-Wizard-MA-RSI_01_otp.set
2025-04-27 10:21:35,142 - INFO - Successfully optimized MQL5-Wizard-MACD-Parabolic-SAR_01_standard.set -> MQL5-Wizard-MACD-Parabolic-SAR_01_otp.set
2025-04-27 10:21:35,143 - INFO - Successfully optimized MTC-Сombo_01_standard.set -> MTC-Сombo_01_otp.set
2025-04-27 10:21:35,144 - INFO - Successfully optimized Multi-Stochastic_01_standard.set -> Multi-Stochastic_01_otp.set
2025-04-27 10:21:35,145 - INFO - Successfully optimized MultiMartin_01_standard.set -> MultiMartin_01_otp.set
2025-04-27 10:21:35,146 - INFO - Successfully optimized MySystem_01_standard.set -> MySystem_01_otp.set
2025-04-27 10:21:35,148 - INFO - Successfully optimized N-Candles_01_standard.set -> N-Candles_01_otp.set
2025-04-27 10:21:35,149 - INFO - Successfully optimized Nevalyashka-BreakdownLevel_01_standard.set -> Nevalyashka-BreakdownLevel_01_otp.set
2025-04-27 10:21:35,150 - INFO - Successfully optimized Nevalyashka3-1_01_standard.set -> Nevalyashka3-1_01_otp.set
2025-04-27 10:21:35,151 - INFO - Successfully optimized Nevalyashka_01_standard.set -> Nevalyashka_01_otp.set
2025-04-27 10:21:35,152 - INFO - Successfully optimized New-Martin_01_standard.set -> New-Martin_01_otp.set
2025-04-27 10:21:35,153 - INFO - Successfully optimized New-Random_01_standard.set -> New-Random_01_otp.set
2025-04-27 10:21:35,154 - INFO - Successfully optimized Nextbar_01_standard.set -> Nextbar_01_otp.set
2025-04-27 10:21:35,155 - INFO - Successfully optimized Night-Flat-Trade_01_standard.set -> Night-Flat-Trade_01_otp.set
2025-04-27 10:21:35,157 - INFO - Successfully optimized NightScalper_01_standard.set -> NightScalper_01_otp.set
2025-04-27 10:21:35,158 - INFO - Successfully optimized NRTR-Revers_01_standard.set -> NRTR-Revers_01_otp.set
2025-04-27 10:21:35,159 - INFO - Successfully optimized NUp1Down_01_standard.set -> NUp1Down_01_otp.set
2025-04-27 10:21:35,160 - INFO - Successfully optimized Open-Candle-EA_01_standard.set -> Open-Candle-EA_01_otp.set
2025-04-27 10:21:35,161 - INFO - Successfully optimized Open-Close_01_standard.set -> Open-Close_01_otp.set
2025-04-27 10:21:35,162 - INFO - Successfully optimized Opening-and-ilosing-on-time_01_standard.set -> Opening-and-ilosing-on-time_01_otp.set
2025-04-27 10:21:35,163 - INFO - Successfully optimized Opening-and-Сlosing-on-time_01_standard.set -> Opening-and-Сlosing-on-time_01_otp.set
2025-04-27 10:21:35,165 - INFO - Successfully optimized OpenPendingorderAfterPositionGetStopLoss_01_standard.set -> OpenPendingorderAfterPositionGetStopLoss_01_otp.set
2025-04-27 10:21:35,166 - INFO - Successfully optimized OpenTicks_01_standard.set -> OpenTicks_01_otp.set
2025-04-27 10:21:35,167 - INFO - Successfully optimized ORB-EA-BOX_01_standard.set -> ORB-EA-BOX_01_otp.set
2025-04-27 10:21:35,168 - INFO - Successfully optimized OsMaSter_01_standard.set -> OsMaSter_01_otp.set
2025-04-27 10:21:35,170 - INFO - Successfully optimized OTT-20AND-20PRICE-20CROSS-20EA_01_standard.set -> OTT-20AND-20PRICE-20CROSS-20EA_01_otp.set
2025-04-27 10:21:35,171 - INFO - Successfully optimized OverHedge_01_standard.set -> OverHedge_01_otp.set
2025-04-27 10:21:35,172 - INFO - Successfully optimized OzFx_01_standard.set -> OzFx_01_otp.set
2025-04-27 10:21:35,173 - INFO - Successfully optimized Parabolic-SAR_01_standard.set -> Parabolic-SAR_01_otp.set
2025-04-27 10:21:35,175 - INFO - Successfully optimized PARSI-EA_01_standard.set -> PARSI-EA_01_otp.set
2025-04-27 10:21:35,176 - INFO - Successfully optimized Peceptron-Mult_01_standard.set -> Peceptron-Mult_01_otp.set
2025-04-27 10:21:35,177 - INFO - Successfully optimized Pending-orders-by-time-2_01_standard.set -> Pending-orders-by-time-2_01_otp.set
2025-04-27 10:21:35,178 - INFO - Successfully optimized Pending-orders-by-time_01_standard.set -> Pending-orders-by-time_01_otp.set
2025-04-27 10:21:35,179 - INFO - Successfully optimized Pendulum_01_standard.set -> Pendulum_01_otp.set
2025-04-27 10:21:35,180 - INFO - Successfully optimized Pinball-machine_01_standard.set -> Pinball-machine_01_otp.set
2025-04-27 10:21:35,182 - INFO - Successfully optimized Pinbar-Magic-EA_01_standard.set -> Pinbar-Magic-EA_01_otp.set
2025-04-27 10:21:35,183 - INFO - Successfully optimized PinBar-Magic-Indicator_01_standard.set -> PinBar-Magic-Indicator_01_otp.set
2025-04-27 10:21:35,184 - INFO - Successfully optimized Pipsover_01_standard.set -> Pipsover_01_otp.set
2025-04-27 10:21:35,185 - INFO - Successfully optimized Plan-X_01_standard.set -> Plan-X_01_otp.set
2025-04-27 10:21:35,186 - INFO - Successfully optimized Plateau_01_standard.set -> Plateau_01_otp.set
2025-04-27 10:21:35,187 - INFO - Successfully optimized Poker-SHOW_01_standard.set -> Poker-SHOW_01_otp.set
2025-04-27 10:21:35,188 - INFO - Successfully optimized Precipice-MartIn_01_standard.set -> Precipice-MartIn_01_otp.set
2025-04-27 10:21:35,189 - INFO - Successfully optimized Precipice_01_standard.set -> Precipice_01_otp.set
2025-04-27 10:21:35,190 - INFO - Successfully optimized Probe_01_standard.set -> Probe_01_otp.set
2025-04-27 10:21:35,191 - INFO - Successfully optimized Proffessor_01_standard.set -> Proffessor_01_otp.set
2025-04-27 10:21:35,192 - INFO - Successfully optimized PropFirmHelper_01_standard.set -> PropFirmHelper_01_otp.set
2025-04-27 10:21:35,193 - INFO - Successfully optimized PROphet_01_standard.set -> PROphet_01_otp.set
2025-04-27 10:21:35,195 - INFO - Successfully optimized Puria-method_01_standard.set -> Puria-method_01_otp.set
2025-04-27 10:21:35,196 - INFO - Successfully optimized Rabbit3_01_standard.set -> Rabbit3_01_otp.set
2025-04-27 10:21:35,197 - INFO - Successfully optimized Range-Breakout_01_standard.set -> Range-Breakout_01_otp.set
2025-04-27 10:21:35,198 - INFO - Successfully optimized Rapid-Doji-EA_01_standard.set -> Rapid-Doji-EA_01_otp.set
2025-04-27 10:21:35,199 - INFO - Successfully optimized Raymond-Cloudy-Day-for-EA_01_standard.set -> Raymond-Cloudy-Day-for-EA_01_otp.set
2025-04-27 10:21:35,201 - INFO - Successfully optimized Reflex-EA_01_standard.set -> Reflex-EA_01_otp.set
2025-04-27 10:21:35,202 - INFO - Successfully optimized REFLEX-INDICATOR_01_standard.set -> REFLEX-INDICATOR_01_otp.set
2025-04-27 10:21:35,204 - INFO - Successfully optimized Reflex_01_standard.set -> Reflex_01_otp.set
2025-04-27 10:21:35,205 - INFO - Successfully optimized Reversing-Martingale_01_standard.set -> Reversing-Martingale_01_otp.set
2025-04-27 10:21:35,206 - INFO - Successfully optimized RideAlligator_01_standard.set -> RideAlligator_01_otp.set
2025-04-27 10:21:35,207 - INFO - Successfully optimized RNN_01_standard.set -> RNN_01_otp.set
2025-04-27 10:21:35,208 - INFO - Successfully optimized Robot-MACD_01_standard.set -> Robot-MACD_01_otp.set
2025-04-27 10:21:35,209 - INFO - Successfully optimized RobotPowerM5-meta4_01_standard.set -> RobotPowerM5-meta4_01_otp.set
2025-04-27 10:21:35,210 - INFO - Successfully optimized Rollback-system_01_standard.set -> Rollback-system_01_otp.set
2025-04-27 10:21:35,211 - INFO - Successfully optimized RSI-and-Bollinger-Bands_01_standard.set -> RSI-and-Bollinger-Bands_01_otp.set
2025-04-27 10:21:35,213 - INFO - Successfully optimized RSI-Arrow-EA_01_standard.set -> RSI-Arrow-EA_01_otp.set
2025-04-27 10:21:35,214 - INFO - Successfully optimized RSI-Arrow_01_standard.set -> RSI-Arrow_01_otp.set
2025-04-27 10:21:35,215 - INFO - Successfully optimized RSI-EA_01_standard.set -> RSI-EA_01_otp.set
2025-04-27 10:21:35,216 - INFO - Successfully optimized RSI-Eraser_01_standard.set -> RSI-Eraser_01_otp.set
2025-04-27 10:21:35,218 - INFO - Successfully optimized RSI-Expert_01_standard.set -> RSI-Expert_01_otp.set
2025-04-27 10:21:35,219 - INFO - Successfully optimized RSI-Levels_01_standard.set -> RSI-Levels_01_otp.set
2025-04-27 10:21:35,220 - INFO - Successfully optimized RSI-trader_01_standard.set -> RSI-trader_01_otp.set
2025-04-27 10:21:35,221 - INFO - Successfully optimized RSI-Trend-EA_01_standard.set -> RSI-Trend-EA_01_otp.set
2025-04-27 10:21:35,223 - INFO - Successfully optimized RSI-Trend_01_standard.set -> RSI-Trend_01_otp.set
2025-04-27 10:21:35,224 - INFO - Successfully optimized RSI-with-channels-EA_01_standard.set -> RSI-with-channels-EA_01_otp.set
2025-04-27 10:21:35,225 - INFO - Successfully optimized RSI-with-channels_01_standard.set -> RSI-with-channels_01_otp.set
2025-04-27 10:21:35,226 - INFO - Successfully optimized Russian20-hp1_01_standard.set -> Russian20-hp1_01_otp.set
2025-04-27 10:21:35,227 - INFO - Successfully optimized SampleCheckPendingOrder_01_standard.set -> SampleCheckPendingOrder_01_otp.set
2025-04-27 10:21:35,229 - INFO - Successfully optimized SAR-trading_01_standard.set -> SAR-trading_01_otp.set
2025-04-27 10:21:35,230 - INFO - Successfully optimized Secwenta_01_standard.set -> Secwenta_01_otp.set
2025-04-27 10:21:35,231 - INFO - Successfully optimized Sell-Stop_01_standard.set -> Sell-Stop_01_otp.set
2025-04-27 10:21:35,232 - INFO - Successfully optimized Sensitive_01_standard.set -> Sensitive_01_otp.set
2025-04-27 10:21:35,233 - INFO - Successfully optimized Separate-trade_01_standard.set -> Separate-trade_01_otp.set
2025-04-27 10:21:35,234 - INFO - Successfully optimized SilverTrend_01_standard.set -> SilverTrend_01_otp.set
2025-04-27 10:21:35,235 - INFO - Successfully optimized Simple-20Price-20Alert-20-20EA_01_standard.set -> Simple-20Price-20Alert-20-20EA_01_otp.set
2025-04-27 10:21:35,236 - INFO - Successfully optimized Simple-20Volume-20EA_01_standard.set -> Simple-20Volume-20EA_01_otp.set
2025-04-27 10:21:35,238 - INFO - Successfully optimized Simple-EA-MA-plus-MACD_01_standard.set -> Simple-EA-MA-plus-MACD_01_otp.set
2025-04-27 10:21:35,239 - INFO - Successfully optimized Simple-FX_01_standard.set -> Simple-FX_01_otp.set
2025-04-27 10:21:35,240 - INFO - Successfully optimized Simple-MACD_01_standard.set -> Simple-MACD_01_otp.set
2025-04-27 10:21:35,241 - INFO - Successfully optimized Simple-Volume-EA_01_standard.set -> Simple-Volume-EA_01_otp.set
2025-04-27 10:21:35,242 - INFO - Successfully optimized SimplePivot_01_standard.set -> SimplePivot_01_otp.set
2025-04-27 10:21:35,243 - INFO - Successfully optimized Simplest-Hedging-EA-ever_01_standard.set -> Simplest-Hedging-EA-ever_01_otp.set
2025-04-27 10:21:35,247 - INFO - Successfully optimized SimpleTrade _01_standard.set -> SimpleTrade _01_otp.set
2025-04-27 10:21:35,250 - INFO - Successfully optimized Six-Soldiers-EA-Grid_01_standard.set -> Six-Soldiers-EA-Grid_01_otp.set
2025-04-27 10:21:35,253 - INFO - Successfully optimized Six-Soldiers-EA_01_standard.set -> Six-Soldiers-EA_01_otp.set
2025-04-27 10:21:35,254 - INFO - Successfully optimized Six-Soldiers_01_standard.set -> Six-Soldiers_01_otp.set
2025-04-27 10:21:35,255 - INFO - Successfully optimized Small-Inside-Bar-Strategy_01_standard.set -> Small-Inside-Bar-Strategy_01_otp.set
2025-04-27 10:21:35,257 - INFO - Successfully optimized Smart-Machine-20EA_01_standard.set -> Smart-Machine-20EA_01_otp.set
2025-04-27 10:21:35,259 - INFO - Successfully optimized Smoothing-Average_01_standard.set -> Smoothing-Average_01_otp.set
2025-04-27 10:21:35,260 - INFO - Successfully optimized Spasm_01_standard.set -> Spasm_01_otp.set
2025-04-27 10:21:35,262 - INFO - Successfully optimized ssb5-123_01_standard.set -> ssb5-123_01_otp.set
2025-04-27 10:21:35,263 - INFO - Successfully optimized Starter_01_standard.set -> Starter_01_otp.set
2025-04-27 10:21:35,264 - INFO - Successfully optimized Steve-Cartwright-Trader-Camel-CCI-MACD_01_standard.set -> Steve-Cartwright-Trader-Camel-CCI-MACD_01_otp.set
2025-04-27 10:21:35,266 - INFO - Successfully optimized Stoch-EA-1192_01_standard.set -> Stoch-EA-1192_01_otp.set
2025-04-27 10:21:35,267 - INFO - Successfully optimized Stochastic-20Alert_01_standard.set -> Stochastic-20Alert_01_otp.set
2025-04-27 10:21:35,268 - INFO - Successfully optimized Stochastic-K-Divergence.lua_01_standard.set -> Stochastic-K-Divergence.lua_01_otp.set
2025-04-27 10:21:35,269 - INFO - Successfully optimized stochastic-three-periods_01_standard.set -> stochastic-three-periods_01_otp.set
2025-04-27 10:21:35,270 - INFO - Successfully optimized StochasticDiffSign-EA_01_standard.set -> StochasticDiffSign-EA_01_otp.set
2025-04-27 10:21:35,271 - INFO - Successfully optimized stochasticdiffsign_01_standard.set -> stochasticdiffsign_01_otp.set
2025-04-27 10:21:35,273 - INFO - Successfully optimized StochMA-EA_01_standard.set -> StochMA-EA_01_otp.set
2025-04-27 10:21:35,274 - INFO - Successfully optimized StochMA_01_standard.set -> StochMA_01_otp.set
2025-04-27 10:21:35,275 - INFO - Successfully optimized Stoch_01_standard.set -> Stoch_01_otp.set
2025-04-27 10:21:35,276 - INFO - Successfully optimized Stop-Loss-Take-Profit_01_standard.set -> Stop-Loss-Take-Profit_01_otp.set
2025-04-27 10:21:35,277 - INFO - Successfully optimized StraddleqTrail_01_standard.set -> StraddleqTrail_01_otp.set
2025-04-27 10:21:35,279 - INFO - Successfully optimized Surefirething_01_standard.set -> Surefirething_01_otp.set
2025-04-27 10:21:35,280 - INFO - Successfully optimized TDSGlobal_01_standard.set -> TDSGlobal_01_otp.set
2025-04-27 10:21:35,281 - INFO - Successfully optimized The-MasterMind-2_01_standard.set -> The-MasterMind-2_01_otp.set
2025-04-27 10:21:35,282 - INFO - Successfully optimized The-MasterMind-3_01_standard.set -> The-MasterMind-3_01_otp.set
2025-04-27 10:21:35,283 - INFO - Successfully optimized The-MasterMind_01_standard.set -> The-MasterMind_01_otp.set
2025-04-27 10:21:35,284 - INFO - Successfully optimized The-Puncher_01_standard.set -> The-Puncher_01_otp.set
2025-04-27 10:21:35,286 - INFO - Successfully optimized TheClassicTurtleTrader-no-dots-EA_01_standard.set -> TheClassicTurtleTrader-no-dots-EA_01_otp.set
2025-04-27 10:21:35,287 - INFO - Successfully optimized TheClassicTurtleTrader-no-dots_01_standard.set -> TheClassicTurtleTrader-no-dots_01_otp.set
2025-04-27 10:21:35,288 - INFO - Successfully optimized Three-indicators_01_standard.set -> Three-indicators_01_otp.set
2025-04-27 10:21:35,289 - INFO - Successfully optimized Three-neural-networks_01_standard.set -> Three-neural-networks_01_otp.set
2025-04-27 10:21:35,290 - INFO - Successfully optimized Three-timeframes_01_standard.set -> Three-timeframes_01_otp.set
2025-04-27 10:21:35,292 - INFO - Successfully optimized Three-Typical-Candles_01_standard.set -> Three-Typical-Candles_01_otp.set
2025-04-27 10:21:35,293 - INFO - Successfully optimized Time-sync-forts_01_standard.set -> Time-sync-forts_01_otp.set
2025-04-27 10:21:35,294 - INFO - Successfully optimized timer-trade_01_standard.set -> timer-trade_01_otp.set
2025-04-27 10:21:35,295 - INFO - Successfully optimized TMA-ATR-Channel_01_standard.set -> TMA-ATR-Channel_01_otp.set
2025-04-27 10:21:35,297 - INFO - Successfully optimized TMA-ATR-EA_01_standard.set -> TMA-ATR-EA_01_otp.set
2025-04-27 10:21:35,298 - INFO - Successfully optimized TMA-CG-EA_01_standard.set -> TMA-CG-EA_01_otp.set
2025-04-27 10:21:35,300 - INFO - Successfully optimized TMA-CG-Martingale-20EA_01_standard.set -> TMA-CG-Martingale-20EA_01_otp.set
2025-04-27 10:21:35,301 - INFO - Successfully optimized TMA-CG-mladen_01_standard.set -> TMA-CG-mladen_01_otp.set
2025-04-27 10:21:35,302 - INFO - Successfully optimized TMA-CG-special_01_standard.set -> TMA-CG-special_01_otp.set
2025-04-27 10:21:35,303 - INFO - Successfully optimized TMA-slope-bands_01_standard.set -> TMA-slope-bands_01_otp.set
2025-04-27 10:21:35,304 - INFO - Successfully optimized TmaTrue-2.0-with-Distances-6xx_01_standard.set -> TmaTrue-2.0-with-Distances-6xx_01_otp.set
2025-04-27 10:21:35,305 - INFO - Successfully optimized TmaTrue-3.0-with-Distances-6xx_01_standard.set -> TmaTrue-3.0-with-Distances-6xx_01_otp.set
2025-04-27 10:21:35,306 - INFO - Successfully optimized TP-with-money_01_standard.set -> TP-with-money_01_otp.set
2025-04-27 10:21:35,307 - INFO - Successfully optimized Trade-in-Channel_01_standard.set -> Trade-in-Channel_01_otp.set
2025-04-27 10:21:35,308 - INFO - Successfully optimized Trade-on-qualified-RSI_01_standard.set -> Trade-on-qualified-RSI_01_otp.set
2025-04-27 10:21:35,309 - INFO - Successfully optimized Trading-Breakout-MrThanhTan_01_standard.set -> Trading-Breakout-MrThanhTan_01_otp.set
2025-04-27 10:21:35,311 - INFO - Successfully optimized Trend-Trader-Strategy-EA_01_standard.set -> Trend-Trader-Strategy-EA_01_otp.set
2025-04-27 10:21:35,312 - INFO - Successfully optimized Trend-Trader-Strategy_01_standard.set -> Trend-Trader-Strategy_01_otp.set
2025-04-27 10:21:35,314 - INFO - Successfully optimized Tru-EA_01_standard.set -> Tru-EA_01_otp.set
2025-04-27 10:21:35,315 - INFO - Successfully optimized True-Scalper-Profit-Lock_01_standard.set -> True-Scalper-Profit-Lock_01_otp.set
2025-04-27 10:21:35,316 - INFO - Successfully optimized TrueSort-1100_01_standard.set -> TrueSort-1100_01_otp.set
2025-04-27 10:21:35,316 - INFO - Successfully optimized Tunnel-gen4_01_standard.set -> Tunnel-gen4_01_otp.set
2025-04-27 10:21:35,317 - INFO - Successfully optimized Tunnel-Method_01_standard.set -> Tunnel-Method_01_otp.set
2025-04-27 10:21:35,318 - INFO - Successfully optimized TurnGrid_01_standard.set -> TurnGrid_01_otp.set
2025-04-27 10:21:35,319 - INFO - Successfully optimized Two PerBar _01_standard.set -> Two PerBar _01_otp.set
2025-04-27 10:21:35,321 - INFO - Successfully optimized Two-20MA-20RSI-20ADX-20EA_01_standard.set -> Two-20MA-20RSI-20ADX-20EA_01_otp.set
2025-04-27 10:21:35,322 - INFO - Successfully optimized Two-20Orders-20Panel_01_standard.set -> Two-20Orders-20Panel_01_otp.set
2025-04-27 10:21:35,323 - INFO - Successfully optimized Two-pending-orders-2_01_standard.set -> Two-pending-orders-2_01_otp.set
2025-04-27 10:21:35,324 - INFO - Successfully optimized UnityPro_01_standard.set -> UnityPro_01_otp.set
2025-04-27 10:21:35,326 - INFO - Successfully optimized UniversalMACrossEA_01_standard.set -> UniversalMACrossEA_01_otp.set
2025-04-27 10:21:35,327 - INFO - Successfully optimized UniversalSignalDemo_01_standard.set -> UniversalSignalDemo_01_otp.set
2025-04-27 10:21:35,328 - INFO - Successfully optimized Universum-3.0_01_standard.set -> Universum-3.0_01_otp.set
2025-04-27 10:21:35,330 - INFO - Successfully optimized UnNomGuai-20EA_01_standard.set -> UnNomGuai-20EA_01_otp.set
2025-04-27 10:21:35,331 - INFO - Successfully optimized up3x1-Investor_01_standard.set -> up3x1-Investor_01_otp.set
2025-04-27 10:21:35,332 - INFO - Successfully optimized up3x1-premium-M_01_standard.set -> up3x1-premium-M_01_otp.set
2025-04-27 10:21:35,333 - INFO - Successfully optimized up3x1_01_standard.set -> up3x1_01_otp.set
2025-04-27 10:21:35,334 - INFO - Successfully optimized Urdala-Trol_01_standard.set -> Urdala-Trol_01_otp.set
2025-04-27 10:21:35,336 - INFO - Successfully optimized Very-Blonde-System_01_standard.set -> Very-Blonde-System_01_otp.set
2025-04-27 10:21:35,337 - INFO - Successfully optimized Virtual-Trailing-Stop_01_standard.set -> Virtual-Trailing-Stop_01_otp.set
2025-04-27 10:21:35,338 - INFO - Successfully optimized VLT-TRADER_01_standard.set -> VLT-TRADER_01_otp.set
2025-04-27 10:21:35,340 - INFO - Successfully optimized Volume-trader_01_standard.set -> Volume-trader_01_otp.set
2025-04-27 10:21:35,341 - INFO - Successfully optimized Vortex-Indicator-System_01_standard.set -> Vortex-Indicator-System_01_otp.set
2025-04-27 10:21:35,342 - INFO - Successfully optimized VR-Overturn_01_standard.set -> VR-Overturn_01_otp.set
2025-04-27 10:21:35,344 - INFO - Successfully optimized VR-ZVER-v.2_01_standard.set -> VR-ZVER-v.2_01_otp.set
2025-04-27 10:21:35,345 - INFO - Successfully optimized VR-ZVER_01_standard.set -> VR-ZVER_01_otp.set
2025-04-27 10:21:35,346 - INFO - Successfully optimized VZO_01_standard.set -> VZO_01_otp.set
2025-04-27 10:21:35,347 - INFO - Successfully optimized Waddah-Attar-Win_01_standard.set -> Waddah-Attar-Win_01_otp.set
2025-04-27 10:21:35,348 - INFO - Successfully optimized WE-TRUST_01_standard.set -> WE-TRUST_01_otp.set
2025-04-27 10:21:35,350 - INFO - Successfully optimized X-RSIOMA_01_standard.set -> X-RSIOMA_01_otp.set
2025-04-27 10:21:35,350 - INFO - Successfully optimized Yesterday-Today_01_standard.set -> Yesterday-Today_01_otp.set
2025-04-27 10:21:35,351 - INFO - Successfully optimized 10-pips-EURUSD_01_standard.set -> 10-pips-EURUSD_01_otp.set
2025-04-27 10:21:35,353 - INFO - Successfully optimized 10-pips_01_standard.set -> 10-pips_01_otp.set
2025-04-27 10:21:35,354 - INFO - Successfully optimized 1H-EUR-USD_01_standard.set -> 1H-EUR-USD_01_otp.set
2025-04-27 10:21:35,356 - INFO - Successfully optimized 20011201-GBPUSD-M1_01_standard.set -> 20011201-GBPUSD-M1_01_otp.set
2025-04-27 10:21:35,357 - INFO - Successfully optimized 21hour_01_standard.set -> 21hour_01_otp.set
2025-04-27 10:21:35,359 - INFO - Successfully optimized 2HR-HL_01_standard.set -> 2HR-HL_01_otp.set
2025-04-27 10:21:35,360 - INFO - Successfully optimized 2MA-4Level_01_standard.set -> 2MA-4Level_01_otp.set
2025-04-27 10:21:35,361 - INFO - Successfully optimized 2MA-Bunny-Cross_01_standard.set -> 2MA-Bunny-Cross_01_otp.set
2025-04-27 10:21:35,363 - INFO - Successfully optimized 3-bars-high-low-indicator_01_standard.set -> 3-bars-high-low-indicator_01_otp.set
2025-04-27 10:21:35,364 - INFO - Successfully optimized 35-Pip-Scalper_01_standard.set -> 35-Pip-Scalper_01_otp.set
2025-04-27 10:21:35,366 - INFO - Successfully optimized 3BarsHighLowEA_01_standard.set -> 3BarsHighLowEA_01_otp.set
2025-04-27 10:21:35,367 - INFO - Successfully optimized 3sma_01_standard.set -> 3sma_01_otp.set
2025-04-27 10:21:35,368 - INFO - Successfully optimized 500_01_standard.set -> 500_01_otp.set
2025-04-27 10:21:35,369 - INFO - Successfully optimized 55-MA_01_standard.set -> 55-MA_01_otp.set
2025-04-27 10:21:35,370 - INFO - Successfully optimized Above-Below-MA_01_standard.set -> Above-Below-MA_01_otp.set
2025-04-27 10:21:35,372 - INFO - Successfully optimized Absorption_01_standard.set -> Absorption_01_otp.set
2025-04-27 10:21:35,373 - INFO - Successfully optimized ADX-MACD-Deev_01_standard.set -> ADX-MACD-Deev_01_otp.set
2025-04-27 10:21:35,374 - INFO - Successfully optimized ADX-MA_01_standard.set -> ADX-MA_01_otp.set
2025-04-27 10:21:35,375 - INFO - Successfully optimized ADX-System_01_standard.set -> ADX-System_01_otp.set
2025-04-27 10:21:35,376 - INFO - Successfully optimized AIS1_01_standard.set -> AIS1_01_otp.set
2025-04-27 10:21:35,378 - INFO - Successfully optimized Alexav-D1-Profit-GBPUSD_01_standard.set -> Alexav-D1-Profit-GBPUSD_01_otp.set
2025-04-27 10:21:35,379 - INFO - Successfully optimized All-Average-Ea_01_standard.set -> All-Average-Ea_01_otp.set
2025-04-27 10:21:35,380 - INFO - Successfully optimized Alligator-Simple_01_standard.set -> Alligator-Simple_01_otp.set
2025-04-27 10:21:35,382 - INFO - Successfully optimized Alligator_01_standard.set -> Alligator_01_otp.set
2025-04-27 10:21:35,382 - INFO - Successfully optimized Altarius-RSI-Stohastic_01_standard.set -> Altarius-RSI-Stohastic_01_otp.set
2025-04-27 10:21:35,384 - INFO - Successfully optimized AMA-Trader-2_01_standard.set -> AMA-Trader-2_01_otp.set
2025-04-27 10:21:35,385 - INFO - Successfully optimized AMA-Trader_01_standard.set -> AMA-Trader_01_otp.set
2025-04-27 10:21:35,387 - INFO - Successfully optimized AO-Lightning_01_standard.set -> AO-Lightning_01_otp.set
2025-04-27 10:21:35,388 - INFO - Successfully optimized AOCCI_01_standard.set -> AOCCI_01_otp.set
2025-04-27 10:21:35,389 - INFO - Successfully optimized Arbitrage_01_standard.set -> Arbitrage_01_otp.set
2025-04-27 10:21:35,390 - INFO - Successfully optimized ArbSint_01_standard.set -> ArbSint_01_otp.set
2025-04-27 10:21:35,392 - INFO - Successfully optimized Area-MACD_01_standard.set -> Area-MACD_01_otp.set
2025-04-27 10:21:35,393 - INFO - Successfully optimized Artificial-Intelligence_01_standard.set -> Artificial-Intelligence_01_otp.set
2025-04-27 10:21:35,394 - INFO - Successfully optimized At-random-Full_01_standard.set -> At-random-Full_01_otp.set
2025-04-27 10:21:35,395 - INFO - Successfully optimized At-random_01_standard.set -> At-random_01_otp.set
2025-04-27 10:21:35,396 - INFO - Successfully optimized Auto-ADX_01_standard.set -> Auto-ADX_01_otp.set
2025-04-27 10:21:35,397 - INFO - Successfully optimized Auto-Pivot-Plotter-28Mid-Levels-29-41_01_standard.set -> Auto-Pivot-Plotter-28Mid-Levels-29-41_01_otp.set
2025-04-27 10:21:35,399 - INFO - Successfully optimized AutoLock-EA_01_standard.set -> AutoLock-EA_01_otp.set
2025-04-27 10:21:35,400 - INFO - Successfully optimized Autotrader-Momentum_01_standard.set -> Autotrader-Momentum_01_otp.set
2025-04-27 10:21:35,401 - INFO - Successfully optimized Avalanche-AV_01_standard.set -> Avalanche-AV_01_otp.set
2025-04-27 10:21:35,402 - INFO - Successfully optimized Backbone_01_standard.set -> Backbone_01_otp.set
2025-04-27 10:21:35,403 - INFO - Successfully optimized BADX_01_standard.set -> BADX_01_otp.set
2025-04-27 10:21:35,405 - INFO - Successfully optimized Bago-EA_01_standard.set -> Bago-EA_01_otp.set
2025-04-27 10:21:35,406 - INFO - Successfully optimized BalancedScalper-20EA_01_standard.set -> BalancedScalper-20EA_01_otp.set
2025-04-27 10:21:35,408 - INFO - Successfully optimized Bands-2_01_standard.set -> Bands-2_01_otp.set
2025-04-27 10:21:35,409 - INFO - Successfully optimized BARS-Alligator_01_standard.set -> BARS-Alligator_01_otp.set
2025-04-27 10:21:35,410 - INFO - Successfully optimized Basic-CCI-RSI_01_standard.set -> Basic-CCI-RSI_01_otp.set
2025-04-27 10:21:35,411 - INFO - Successfully optimized Basic-Martingale-EA-3_01_standard.set -> Basic-Martingale-EA-3_01_otp.set
2025-04-27 10:21:35,413 - INFO - Successfully optimized BBPercentile-EA_01_standard.set -> BBPercentile-EA_01_otp.set
2025-04-27 10:21:35,414 - INFO - Successfully optimized BBPercentile_01_standard.set -> BBPercentile_01_otp.set
2025-04-27 10:21:35,416 - INFO - Successfully optimized BDCrossOver-20EA_01_standard.set -> BDCrossOver-20EA_01_otp.set
2025-04-27 10:21:35,417 - INFO - Successfully optimized BIG-DOG_01_standard.set -> BIG-DOG_01_otp.set
2025-04-27 10:21:35,418 - INFO - Successfully optimized Bill-Williams_01_standard.set -> Bill-Williams_01_otp.set
2025-04-27 10:21:35,419 - INFO - Successfully optimized Bollinger-Band-Two-MA-and-Zig-Zag_01_standard.set -> Bollinger-Band-Two-MA-and-Zig-Zag_01_otp.set
2025-04-27 10:21:35,421 - INFO - Successfully optimized Bollinger-Bands-N-positions_01_standard.set -> Bollinger-Bands-N-positions_01_otp.set
2025-04-27 10:21:35,422 - INFO - Successfully optimized Bollinger-Bands-RSI_01_standard.set -> Bollinger-Bands-RSI_01_otp.set
2025-04-27 10:21:35,423 - INFO - Successfully optimized bollinger_01_standard.set -> bollinger_01_otp.set
2025-04-27 10:21:35,424 - INFO - Successfully optimized Brakeout-Trader_01_standard.set -> Brakeout-Trader_01_otp.set
2025-04-27 10:21:35,425 - INFO - Successfully optimized Brandy_01_standard.set -> Brandy_01_otp.set
2025-04-27 10:21:35,426 - INFO - Successfully optimized Breadandbutter2_01_standard.set -> Breadandbutter2_01_otp.set
2025-04-27 10:21:35,428 - INFO - Successfully optimized Breakdown-catcher_01_standard.set -> Breakdown-catcher_01_otp.set
2025-04-27 10:21:35,429 - INFO - Successfully optimized breakdown_01_standard.set -> breakdown_01_otp.set
2025-04-27 10:21:35,430 - INFO - Successfully optimized Breakout-Str_01_standard.set -> Breakout-Str_01_otp.set
2025-04-27 10:21:35,431 - INFO - Successfully optimized Bronze-Warrioir_01_standard.set -> Bronze-Warrioir_01_otp.set
2025-04-27 10:21:35,433 - INFO - Successfully optimized Bruno_01_standard.set -> Bruno_01_otp.set
2025-04-27 10:21:35,434 - INFO - Successfully optimized BSS-1-0_01_standard.set -> BSS-1-0_01_otp.set
2025-04-27 10:21:35,436 - INFO - Successfully optimized Bullish-and-Bearish-Engulfing_01_standard.set -> Bullish-and-Bearish-Engulfing_01_otp.set
2025-04-27 10:21:35,437 - INFO - Successfully optimized Burg-Extrapolator_01_standard.set -> Burg-Extrapolator_01_otp.set
2025-04-27 10:21:35,438 - INFO - Successfully optimized BykovTrend-EA_01_standard.set -> BykovTrend-EA_01_otp.set
2025-04-27 10:21:35,439 - INFO - Successfully optimized Calculate-lotsize-and-Trailling-stop_01_standard.set -> Calculate-lotsize-and-Trailling-stop_01_otp.set
2025-04-27 10:21:35,441 - INFO - Successfully optimized candlepatternsexample_01_standard.set -> candlepatternsexample_01_otp.set
2025-04-27 10:21:35,442 - INFO - Successfully optimized Candle_01_standard.set -> Candle_01_otp.set
2025-04-27 10:21:35,443 - INFO - Successfully optimized Carbophos_01_standard.set -> Carbophos_01_otp.set
2025-04-27 10:21:35,445 - INFO - Successfully optimized CashMachine-5min_01_standard.set -> CashMachine-5min_01_otp.set
2025-04-27 10:21:35,446 - INFO - Successfully optimized CCI-MACD-Scalper_01_standard.set -> CCI-MACD-Scalper_01_otp.set
2025-04-27 10:21:35,447 - INFO - Successfully optimized Cidomo_01_standard.set -> Cidomo_01_otp.set
2025-04-27 10:21:35,449 - INFO - Successfully optimized CloseAgent_01_standard.set -> CloseAgent_01_otp.set
2025-04-27 10:21:35,450 - INFO - Successfully optimized CloseProfit_01_standard.set -> CloseProfit_01_otp.set
2025-04-27 10:21:35,451 - INFO - Successfully optimized cloud's-trade-2_01_standard.set -> cloud's-trade-2_01_otp.set
2025-04-27 10:21:35,452 - INFO - Successfully optimized CLOUD_01_standard.set -> CLOUD_01_otp.set
2025-04-27 10:21:35,453 - INFO - Successfully optimized Constituents-EA_01_standard.set -> Constituents-EA_01_otp.set
2025-04-27 10:21:35,454 - INFO - Successfully optimized Contrarian-trade-MA_01_standard.set -> Contrarian-trade-MA_01_otp.set
2025-04-27 10:21:35,455 - INFO - Successfully optimized Crossing-Moving-Average_01_standard.set -> Crossing-Moving-Average_01_otp.set
2025-04-27 10:21:35,456 - INFO - Successfully optimized CrossMA_01_standard.set -> CrossMA_01_otp.set
2025-04-27 10:21:35,457 - INFO - Successfully optimized Currencyprofits-01.1_01_standard.set -> Currencyprofits-01.1_01_otp.set
2025-04-27 10:21:35,458 - INFO - Successfully optimized Daily-20reversal-20-20EA_01_standard.set -> Daily-20reversal-20-20EA_01_otp.set
2025-04-27 10:21:35,460 - INFO - Successfully optimized Daily-BreakPoint_01_standard.set -> Daily-BreakPoint_01_otp.set
2025-04-27 10:21:35,461 - INFO - Successfully optimized Daily-Open-EA_01_standard.set -> Daily-Open-EA_01_otp.set
2025-04-27 10:21:35,462 - INFO - Successfully optimized Daily-range_01_standard.set -> Daily-range_01_otp.set
2025-04-27 10:21:35,463 - INFO - Successfully optimized Day-Trading-PAMXA_01_standard.set -> Day-Trading-PAMXA_01_otp.set
2025-04-27 10:21:35,465 - INFO - Successfully optimized Daydream_01_standard.set -> Daydream_01_otp.set
2025-04-27 10:21:35,466 - INFO - Successfully optimized DayTrading_01_standard.set -> DayTrading_01_otp.set
2025-04-27 10:21:35,467 - INFO - Successfully optimized Dealers-Trade-v-7.74-MACD_01_standard.set -> Dealers-Trade-v-7.74-MACD_01_otp.set
2025-04-27 10:21:35,468 - INFO - Successfully optimized Deep-Drawdown-MA_01_standard.set -> Deep-Drawdown-MA_01_otp.set
2025-04-27 10:21:35,469 - INFO - Successfully optimized DeMarker-gaining-position-volume-2_01_standard.set -> DeMarker-gaining-position-volume-2_01_otp.set
2025-04-27 10:21:35,470 - INFO - Successfully optimized DeMarker-gaining-position-volume_01_standard.set -> DeMarker-gaining-position-volume_01_otp.set
2025-04-27 10:21:35,471 - INFO - Successfully optimized DeMarker-Pending-2-5_01_standard.set -> DeMarker-Pending-2-5_01_otp.set
2025-04-27 10:21:35,473 - INFO - Successfully optimized DeMarker-Pending-2_01_standard.set -> DeMarker-Pending-2_01_otp.set
2025-04-27 10:21:35,474 - INFO - Successfully optimized DeMarker-Pending_01_standard.set -> DeMarker-Pending_01_otp.set
2025-04-27 10:21:35,475 - INFO - Successfully optimized Dematus_01_standard.set -> Dematus_01_otp.set
2025-04-27 10:21:35,477 - INFO - Successfully optimized Divergence-20for-20many-20indicator_01_standard.set -> Divergence-20for-20many-20indicator_01_otp.set
2025-04-27 10:21:35,478 - INFO - Successfully optimized Divergence-EA_01_standard.set -> Divergence-EA_01_otp.set
2025-04-27 10:21:35,479 - INFO - Successfully optimized Doji-Arrows_01_standard.set -> Doji-Arrows_01_otp.set
2025-04-27 10:21:35,480 - INFO - Successfully optimized DojiTrader_01_standard.set -> DojiTrader_01_otp.set
2025-04-27 10:21:35,482 - INFO - Successfully optimized Donchian-Chanel-EA_01_standard.set -> Donchian-Chanel-EA_01_otp.set
2025-04-27 10:21:35,483 - INFO - Successfully optimized DoubleHullMA-EA_01_standard.set -> DoubleHullMA-EA_01_otp.set
2025-04-27 10:21:35,484 - INFO - Successfully optimized DoubleHullMA_01_standard.set -> DoubleHullMA_01_otp.set
2025-04-27 10:21:35,486 - INFO - Successfully optimized DoubleMA-Crossover-EA_01_standard.set -> DoubleMA-Crossover-EA_01_otp.set
2025-04-27 10:21:35,487 - INFO - Successfully optimized Doubler_01_standard.set -> Doubler_01_otp.set
2025-04-27 10:21:35,488 - INFO - Successfully optimized dummy_01_standard.set -> dummy_01_otp.set
2025-04-27 10:21:35,489 - INFO - Successfully optimized Dynamic-averaging_01_standard.set -> Dynamic-averaging_01_otp.set
2025-04-27 10:21:35,490 - INFO - Successfully optimized e-Breakeven_01_standard.set -> e-Breakeven_01_otp.set
2025-04-27 10:21:35,491 - INFO - Successfully optimized E-Friday_01_standard.set -> E-Friday_01_otp.set
2025-04-27 10:21:35,492 - INFO - Successfully optimized E-Skoch-Open_01_standard.set -> E-Skoch-Open_01_otp.set
2025-04-27 10:21:35,494 - INFO - Successfully optimized e-Skoch-pending-orders_01_standard.set -> e-Skoch-pending-orders_01_otp.set
2025-04-27 10:21:35,495 - INFO - Successfully optimized e-Smart-Trailing_01_standard.set -> e-Smart-Trailing_01_otp.set
2025-04-27 10:21:35,496 - INFO - Successfully optimized e-TurboFx_01_standard.set -> e-TurboFx_01_otp.set
2025-04-27 10:21:35,497 - INFO - Successfully optimized EA-Close_01_standard.set -> EA-Close_01_otp.set
2025-04-27 10:21:35,499 - INFO - Successfully optimized EA-MA-Stoch-RSI_01_standard.set -> EA-MA-Stoch-RSI_01_otp.set
2025-04-27 10:21:35,500 - INFO - Successfully optimized EA-Moving-Average_01_standard.set -> EA-Moving-Average_01_otp.set
2025-04-27 10:21:35,501 - INFO - Successfully optimized Elite-eFibo-Trader_01_standard.set -> Elite-eFibo-Trader_01_otp.set
2025-04-27 10:21:35,502 - INFO - Successfully optimized EMA-6.12_01_standard.set -> EMA-6.12_01_otp.set
2025-04-27 10:21:35,503 - INFO - Successfully optimized EMA-CROSS_01_standard.set -> EMA-CROSS_01_otp.set
2025-04-27 10:21:35,504 - INFO - Successfully optimized EMA-LWMA-RSI_01_standard.set -> EMA-LWMA-RSI_01_otp.set
2025-04-27 10:21:35,506 - INFO - Successfully optimized EMA-RSI-EA_01_standard.set -> EMA-RSI-EA_01_otp.set
2025-04-27 10:21:35,507 - INFO - Successfully optimized EMA-WMA_01_standard.set -> EMA-WMA_01_otp.set
2025-04-27 10:21:35,508 - INFO - Successfully optimized EMA_01_standard.set -> EMA_01_otp.set
2025-04-27 10:21:35,509 - INFO - Successfully optimized Eugene_01_standard.set -> Eugene_01_otp.set
2025-04-27 10:21:35,510 - INFO - Successfully optimized eur-usd-m5_01_standard.set -> eur-usd-m5_01_otp.set
2025-04-27 10:21:35,512 - INFO - Successfully optimized EURUSD-breakout_01_standard.set -> EURUSD-breakout_01_otp.set
2025-04-27 10:21:35,513 - INFO - Successfully optimized Executer-AC_01_standard.set -> Executer-AC_01_otp.set
2025-04-27 10:21:35,514 - INFO - Successfully optimized Executor-AO_01_standard.set -> Executor-AO_01_otp.set
2025-04-27 10:21:35,515 - INFO - Successfully optimized Executor-Candles_01_standard.set -> Executor-Candles_01_otp.set
2025-04-27 10:21:35,517 - INFO - Successfully optimized exp-Amstell_01_standard.set -> exp-Amstell_01_otp.set
2025-04-27 10:21:35,518 - INFO - Successfully optimized Expert-NEWS_01_standard.set -> Expert-NEWS_01_otp.set
2025-04-27 10:21:35,519 - INFO - Successfully optimized Expert-RSI-Stochastic-MA_01_standard.set -> Expert-RSI-Stochastic-MA_01_otp.set
2025-04-27 10:21:35,520 - INFO - Successfully optimized ExtremePrice-EA_01_standard.set -> ExtremePrice-EA_01_otp.set
2025-04-27 10:21:35,521 - INFO - Successfully optimized FiboRetracement-20EA_01_standard.set -> FiboRetracement-20EA_01_otp.set
2025-04-27 10:21:35,523 - INFO - Successfully optimized Firebird_01_standard.set -> Firebird_01_otp.set
2025-04-27 10:21:35,524 - INFO - Successfully optimized Firestorm-EA_01_standard.set -> Firestorm-EA_01_otp.set
2025-04-27 10:21:35,526 - INFO - Successfully optimized Firestorm-indicator_01_standard.set -> Firestorm-indicator_01_otp.set
2025-04-27 10:21:35,527 - INFO - Successfully optimized Fluctuate_01_standard.set -> Fluctuate_01_otp.set
2025-04-27 10:21:35,528 - INFO - Successfully optimized Forex-Fraus-M1_01_standard.set -> Forex-Fraus-M1_01_otp.set
2025-04-27 10:21:35,529 - INFO - Successfully optimized Forex-Profit_01_standard.set -> Forex-Profit_01_otp.set
2025-04-27 10:21:35,530 - INFO - Successfully optimized Fractals-minimum-distance_01_standard.set -> Fractals-minimum-distance_01_otp.set
2025-04-27 10:21:35,531 - INFO - Successfully optimized Fraktrak-xonax_01_standard.set -> Fraktrak-xonax_01_otp.set
2025-04-27 10:21:35,533 - INFO - Successfully optimized Frank-Ud_01_standard.set -> Frank-Ud_01_otp.set
2025-04-27 10:21:35,534 - INFO - Successfully optimized FT-CCI_01_standard.set -> FT-CCI_01_otp.set
2025-04-27 10:21:35,535 - INFO - Successfully optimized Fuzzy-logic_01_standard.set -> Fuzzy-logic_01_otp.set
2025-04-27 10:21:35,536 - INFO - Successfully optimized GalacticExplosion_01_standard.set -> GalacticExplosion_01_otp.set
2025-04-27 10:21:35,538 - INFO - Successfully optimized Gandalf-PRO_01_standard.set -> Gandalf-PRO_01_otp.set
2025-04-27 10:21:35,539 - INFO - Successfully optimized Gap-DM_01_standard.set -> Gap-DM_01_otp.set
2025-04-27 10:21:35,540 - INFO - Successfully optimized GAP-EA_01_standard.set -> GAP-EA_01_otp.set
2025-04-27 10:21:35,541 - INFO - Successfully optimized Gaps_01_standard.set -> Gaps_01_otp.set
2025-04-27 10:21:35,542 - INFO - Successfully optimized GBP9AM_01_standard.set -> GBP9AM_01_otp.set
2025-04-27 10:21:35,543 - INFO - Successfully optimized GbpChf_01_standard.set -> GbpChf_01_otp.set
2025-04-27 10:21:35,544 - INFO - Successfully optimized Gold-Dust_01_standard.set -> Gold-Dust_01_otp.set
2025-04-27 10:21:35,545 - INFO - Successfully optimized GO_01_standard.set -> GO_01_otp.set
2025-04-27 10:21:35,547 - INFO - Successfully optimized GreenTrade_01_standard.set -> GreenTrade_01_otp.set
2025-04-27 10:21:35,548 - INFO - Successfully optimized Grid-Martingale_01_standard.set -> Grid-Martingale_01_otp.set
2025-04-27 10:21:35,550 - INFO - Successfully optimized GridEA_01_standard.set -> GridEA_01_otp.set
2025-04-27 10:21:35,551 - INFO - Successfully optimized Grid_01_standard.set -> Grid_01_otp.set
2025-04-27 10:21:35,552 - INFO - Successfully optimized HarVesteR_01_standard.set -> HarVesteR_01_otp.set
2025-04-27 10:21:35,553 - INFO - Successfully optimized HedgeEA_01_standard.set -> HedgeEA_01_otp.set
2025-04-27 10:21:35,554 - INFO - Successfully optimized hedger_01_standard.set -> hedger_01_otp.set
2025-04-27 10:21:35,556 - INFO - Successfully optimized Hedging-EA_01_standard.set -> Hedging-EA_01_otp.set
2025-04-27 10:21:35,558 - INFO - Successfully optimized Heiken-Ashi-Smoothed-EA-with-MA_01_standard.set -> Heiken-Ashi-Smoothed-EA-with-MA_01_otp.set
2025-04-27 10:21:35,559 - INFO - Successfully optimized Heiken-Ashi-Smoothed-EA_01_standard.set -> Heiken-Ashi-Smoothed-EA_01_otp.set
2025-04-27 10:21:35,560 - INFO - Successfully optimized heiken-ashi-smoothedLine_01_standard.set -> heiken-ashi-smoothedLine_01_otp.set
2025-04-27 10:21:35,561 - INFO - Successfully optimized heiken-ashi-smoothed_01_standard.set -> heiken-ashi-smoothed_01_otp.set
2025-04-27 10:21:35,563 - INFO - Successfully optimized HeikenAshi-Lines-EA_01_standard.set -> HeikenAshi-Lines-EA_01_otp.set
2025-04-27 10:21:35,564 - INFO - Successfully optimized HeikenAshi-Lines_01_standard.set -> HeikenAshi-Lines_01_otp.set
2025-04-27 10:21:35,565 - INFO - Successfully optimized Heinken-Ashi-Color-Candles_01_standard.set -> Heinken-Ashi-Color-Candles_01_otp.set
2025-04-27 10:21:35,566 - INFO - Successfully optimized HelloSmart_01_standard.set -> HelloSmart_01_otp.set
2025-04-27 10:21:35,568 - INFO - Successfully optimized High-Low-EA_01_standard.set -> High-Low-EA_01_otp.set
2025-04-27 10:21:35,569 - INFO - Successfully optimized High-Low-Indicator_01_standard.set -> High-Low-Indicator_01_otp.set
2025-04-27 10:21:35,570 - INFO - Successfully optimized Hoop-master-2_01_standard.set -> Hoop-master-2_01_otp.set
2025-04-27 10:21:35,571 - INFO - Successfully optimized iCCI-iMA_01_standard.set -> iCCI-iMA_01_otp.set
2025-04-27 10:21:35,572 - INFO - Successfully optimized ICH-With-Alert-Derekers-EA_01_standard.set -> ICH-With-Alert-Derekers-EA_01_otp.set
2025-04-27 10:21:35,573 - INFO - Successfully optimized ICH-With-Alert-Derekers_01_standard.set -> ICH-With-Alert-Derekers_01_otp.set
2025-04-27 10:21:35,575 - INFO - Successfully optimized ichimok2005_01_standard.set -> ichimok2005_01_otp.set
2025-04-27 10:21:35,576 - INFO - Successfully optimized Ichimoku-20Kijun-20Alert_01_standard.set -> Ichimoku-20Kijun-20Alert_01_otp.set
2025-04-27 10:21:35,576 - INFO - Successfully optimized Ichimoku-20Tenkan-20Alert_01_standard.set -> Ichimoku-20Tenkan-20Alert_01_otp.set
2025-04-27 10:21:35,577 - INFO - Successfully optimized Ichimoku-Scanner_01_standard.set -> Ichimoku-Scanner_01_otp.set
2025-04-27 10:21:35,579 - INFO - Successfully optimized Ichimoku-Signals-and-Alert_01_standard.set -> Ichimoku-Signals-and-Alert_01_otp.set
2025-04-27 10:21:35,580 - INFO - Successfully optimized IchimokuMTF-EA_01_standard.set -> IchimokuMTF-EA_01_otp.set
2025-04-27 10:21:35,581 - INFO - Successfully optimized Ichimoku_01_standard.set -> Ichimoku_01_otp.set
2025-04-27 10:21:35,582 - INFO - Successfully optimized Ilan-iMA_01_standard.set -> Ilan-iMA_01_otp.set
2025-04-27 10:21:35,583 - INFO - Successfully optimized Ilan1.4_01_standard.set -> Ilan1.4_01_otp.set
2025-04-27 10:21:35,585 - INFO - Successfully optimized iMA-iStdDev_01_standard.set -> iMA-iStdDev_01_otp.set
2025-04-27 10:21:35,586 - INFO - Successfully optimized Indices-Tester_01_standard.set -> Indices-Tester_01_otp.set
2025-04-27 10:21:35,588 - INFO - Successfully optimized Inka-20Edho-20EA_01_standard.set -> Inka-20Edho-20EA_01_otp.set
2025-04-27 10:21:35,589 - INFO - Successfully optimized Intersection-2-iMA_01_standard.set -> Intersection-2-iMA_01_otp.set
2025-04-27 10:21:35,590 - INFO - Successfully optimized IStochastic-Trading_01_standard.set -> IStochastic-Trading_01_otp.set
2025-04-27 10:21:35,592 - INFO - Successfully optimized Ivan_01_standard.set -> Ivan_01_otp.set
2025-04-27 10:21:35,593 - INFO - Successfully optimized iVIDyA-Simple_01_standard.set -> iVIDyA-Simple_01_otp.set
2025-04-27 10:21:35,594 - INFO - Successfully optimized Jackpot-Strategy-EA_01_standard.set -> Jackpot-Strategy-EA_01_otp.set
2025-04-27 10:21:35,596 - INFO - Successfully optimized JackPot-Strategy-Elite_01_standard.set -> JackPot-Strategy-Elite_01_otp.set
2025-04-27 10:21:35,597 - INFO - Successfully optimized JK-BullP-AutoTrader_01_standard.set -> JK-BullP-AutoTrader_01_otp.set
2025-04-27 10:21:35,598 - INFO - Successfully optimized JS-Chaos_01_standard.set -> JS-Chaos_01_otp.set
2025-04-27 10:21:35,600 - INFO - Successfully optimized JS-MA-Day_01_standard.set -> JS-MA-Day_01_otp.set
2025-04-27 10:21:35,601 - INFO - Successfully optimized JS-MA-SAR-Trades_01_standard.set -> JS-MA-SAR-Trades_01_otp.set
2025-04-27 10:21:35,602 - INFO - Successfully optimized KA-Gold-Bot_01_standard.set -> KA-Gold-Bot_01_otp.set
2025-04-27 10:21:35,604 - INFO - Successfully optimized Kue-Electric-EA_01_standard.set -> Kue-Electric-EA_01_otp.set
2025-04-27 10:21:35,605 - INFO - Successfully optimized KueFx-20Arrows_01_standard.set -> KueFx-20Arrows_01_otp.set
2025-04-27 10:21:35,606 - INFO - Successfully optimized KueFx-20Baseline_01_standard.set -> KueFx-20Baseline_01_otp.set
2025-04-27 10:21:35,608 - INFO - Successfully optimized KueFx-Arrows-20EA_01_standard.set -> KueFx-Arrows-20EA_01_otp.set
2025-04-27 10:21:35,609 - INFO - Successfully optimized KueFx-Arrows-EA_01_standard.set -> KueFx-Arrows-EA_01_otp.set
2025-04-27 10:21:35,610 - INFO - Successfully optimized KueFx-Arrows_01_standard.set -> KueFx-Arrows_01_otp.set
2025-04-27 10:21:35,612 - INFO - Successfully optimized KueFx-Baseline-EA_01_standard.set -> KueFx-Baseline-EA_01_otp.set
2025-04-27 10:21:35,613 - INFO - Successfully optimized KueFx-Baseline_01_standard.set -> KueFx-Baseline_01_otp.set
2025-04-27 10:21:35,614 - INFO - Successfully optimized KueFx-Clean-2025-EA_01_standard.set -> KueFx-Clean-2025-EA_01_otp.set
2025-04-27 10:21:35,616 - INFO - Successfully optimized KueFx-Extreme-EA_01_standard.set -> KueFx-Extreme-EA_01_otp.set
2025-04-27 10:21:35,618 - INFO - Successfully optimized KueFx-Harare-EA_01_standard.set -> KueFx-Harare-EA_01_otp.set
2025-04-27 10:21:35,619 - INFO - Successfully optimized KueFX-Money-Management_01_standard.set -> KueFX-Money-Management_01_otp.set
2025-04-27 10:21:35,621 - INFO - Successfully optimized KueFx-Motor-EA_01_standard.set -> KueFx-Motor-EA_01_otp.set
2025-04-27 10:21:35,622 - INFO - Successfully optimized KueFx-Motor_01_standard.set -> KueFx-Motor_01_otp.set
2025-04-27 10:21:35,624 - INFO - Successfully optimized KueFx-Trend_01_standard.set -> KueFx-Trend_01_otp.set
2025-04-27 10:21:35,625 - INFO - Successfully optimized KueFxTrend-20EA_01_standard.set -> KueFxTrend-20EA_01_otp.set
2025-04-27 10:21:35,627 - INFO - Successfully optimized KueFxTrend-EA_01_standard.set -> KueFxTrend-EA_01_otp.set
2025-04-27 10:21:35,628 - INFO - Successfully optimized LarryConnersRSI2_01_standard.set -> LarryConnersRSI2_01_otp.set
2025-04-27 10:21:35,629 - INFO - Successfully optimized Last-ZZ50_01_standard.set -> Last-ZZ50_01_otp.set
2025-04-27 10:21:35,631 - INFO - Successfully optimized Lavika100_01_standard.set -> Lavika100_01_otp.set
2025-04-27 10:21:35,632 - INFO - Successfully optimized LBS_01_standard.set -> LBS_01_otp.set
2025-04-27 10:21:35,633 - INFO - Successfully optimized Lego-EA_01_standard.set -> Lego-EA_01_otp.set
2025-04-27 10:21:35,635 - INFO - Successfully optimized Lesson-3-Price-Action_01_standard.set -> Lesson-3-Price-Action_01_otp.set
2025-04-27 10:21:35,636 - INFO - Successfully optimized Lesson-4-Price-Action-MA-Filter_01_standard.set -> Lesson-4-Price-Action-MA-Filter_01_otp.set
2025-04-27 10:21:35,637 - INFO - Successfully optimized Lesson-6-Trailling-ATR_01_standard.set -> Lesson-6-Trailling-ATR_01_otp.set
2025-04-27 10:21:35,638 - INFO - Successfully optimized Lesson-7-Price-action-Ket-hop-Volume-VSA_01_standard.set -> Lesson-7-Price-action-Ket-hop-Volume-VSA_01_otp.set
2025-04-27 10:21:35,639 - INFO - Successfully optimized Little-EA_01_standard.set -> Little-EA_01_otp.set
2025-04-27 10:21:35,641 - INFO - Successfully optimized Locker_01_standard.set -> Locker_01_otp.set
2025-04-27 10:21:35,642 - INFO - Successfully optimized Lock_01_standard.set -> Lock_01_otp.set
2025-04-27 10:21:35,643 - INFO - Successfully optimized Lucky_01_standard.set -> Lucky_01_otp.set
2025-04-27 10:21:35,644 - INFO - Successfully optimized MA-20Alert_01_standard.set -> MA-20Alert_01_otp.set
2025-04-27 10:21:35,645 - INFO - Successfully optimized MA-20AO-20Arrow_01_standard.set -> MA-20AO-20Arrow_01_otp.set
2025-04-27 10:21:35,647 - INFO - Successfully optimized MA-AO-EA_01_standard.set -> MA-AO-EA_01_otp.set
2025-04-27 10:21:35,648 - INFO - Successfully optimized ma-channels_01_standard.set -> ma-channels_01_otp.set
2025-04-27 10:21:35,650 - INFO - Successfully optimized MA-Cross_01_standard.set -> MA-Cross_01_otp.set
2025-04-27 10:21:35,651 - INFO - Successfully optimized MA-Envelopes_01_standard.set -> MA-Envelopes_01_otp.set
2025-04-27 10:21:35,652 - INFO - Successfully optimized MA-MACD-Position-averaging_01_standard.set -> MA-MACD-Position-averaging_01_otp.set
2025-04-27 10:21:35,653 - INFO - Successfully optimized MA-Trend_01_standard.set -> MA-Trend_01_otp.set
2025-04-27 10:21:35,655 - INFO - Successfully optimized MA2CCI_01_standard.set -> MA2CCI_01_otp.set
2025-04-27 10:21:35,656 - INFO - Successfully optimized MACD-and-SAR_01_standard.set -> MACD-and-SAR_01_otp.set
2025-04-27 10:21:35,657 - INFO - Successfully optimized MACD-Cleaner_01_standard.set -> MACD-Cleaner_01_otp.set
2025-04-27 10:21:35,658 - INFO - Successfully optimized MACD-EA-H4_01_standard.set -> MACD-EA-H4_01_otp.set
2025-04-27 10:21:35,660 - INFO - Successfully optimized MACD-No-Sample_01_standard.set -> MACD-No-Sample_01_otp.set
2025-04-27 10:21:35,661 - INFO - Successfully optimized MACD-signal_01_standard.set -> MACD-signal_01_otp.set
2025-04-27 10:21:35,662 - INFO - Successfully optimized MACD-Stochastic-2_01_standard.set -> MACD-Stochastic-2_01_otp.set
2025-04-27 10:21:35,664 - INFO - Successfully optimized MACD-Stochastic_01_standard.set -> MACD-Stochastic_01_otp.set
2025-04-27 10:21:35,665 - INFO - Successfully optimized MACDCCI_01_standard.set -> MACDCCI_01_otp.set
2025-04-27 10:21:35,667 - INFO - Successfully optimized MacdPatternTraderAll0.01_01_standard.set -> MacdPatternTraderAll0.01_01_otp.set
2025-04-27 10:21:35,669 - INFO - Successfully optimized MacdPatternTraderAll_01_standard.set -> MacdPatternTraderAll_01_otp.set
2025-04-27 10:21:35,670 - INFO - Successfully optimized MACD_01_standard.set -> MACD_01_otp.set
2025-04-27 10:21:35,671 - INFO - Successfully optimized MAGrid_01_standard.set -> MAGrid_01_otp.set
2025-04-27 10:21:35,672 - INFO - Successfully optimized MAMACD_01_standard.set -> MAMACD_01_otp.set
2025-04-27 10:21:35,673 - INFO - Successfully optimized Market-Capture_01_standard.set -> Market-Capture_01_otp.set
2025-04-27 10:21:35,675 - INFO - Successfully optimized Martin-1_01_standard.set -> Martin-1_01_otp.set
2025-04-27 10:21:35,676 - INFO - Successfully optimized Martin-for-small-deposits_01_standard.set -> Martin-for-small-deposits_01_otp.set
2025-04-27 10:21:35,677 - INFO - Successfully optimized MartingailExpert_01_standard.set -> MartingailExpert_01_otp.set
2025-04-27 10:21:35,678 - INFO - Successfully optimized MartinGaleBreakout_01_standard.set -> MartinGaleBreakout_01_otp.set
2025-04-27 10:21:35,679 - INFO - Successfully optimized Martin_01_standard.set -> Martin_01_otp.set
2025-04-27 10:21:35,681 - INFO - Successfully optimized Marubozu-EA_01_standard.set -> Marubozu-EA_01_otp.set
2025-04-27 10:21:35,682 - INFO - Successfully optimized Marubozu_01_standard.set -> Marubozu_01_otp.set
2025-04-27 10:21:35,683 - INFO - Successfully optimized MelBar-EuSwiss-1.85_01_standard.set -> MelBar-EuSwiss-1.85_01_otp.set
2025-04-27 10:21:35,685 - INFO - Successfully optimized MelBar™Take325-™-5.5Y-NZD-USD_01_standard.set -> MelBar™Take325-™-5.5Y-NZD-USD_01_otp.set
2025-04-27 10:21:35,686 - INFO - Successfully optimized Mobo-Bands-EA_01_standard.set -> Mobo-Bands-EA_01_otp.set
2025-04-27 10:21:35,687 - INFO - Successfully optimized Mobo-Bands_01_standard.set -> Mobo-Bands_01_otp.set
2025-04-27 10:21:35,689 - INFO - Successfully optimized Modified-Moving-Averages_01_standard.set -> Modified-Moving-Averages_01_otp.set
2025-04-27 10:21:35,690 - INFO - Successfully optimized Momentum-M15_01_standard.set -> Momentum-M15_01_otp.set
2025-04-27 10:21:35,691 - INFO - Successfully optimized Momo-trades_01_standard.set -> Momo-trades_01_otp.set
2025-04-27 10:21:35,692 - INFO - Successfully optimized Money-Fixed-Margin_01_standard.set -> Money-Fixed-Margin_01_otp.set
2025-04-27 10:21:35,693 - INFO - Successfully optimized Money-Fixed-Risk_01_standard.set -> Money-Fixed-Risk_01_otp.set
2025-04-27 10:21:35,695 - INFO - Successfully optimized MoneyRain_01_standard.set -> MoneyRain_01_otp.set
2025-04-27 10:21:35,696 - INFO - Successfully optimized Morning-evening-star-EA_01_standard.set -> Morning-evening-star-EA_01_otp.set
2025-04-27 10:21:35,697 - INFO - Successfully optimized MostasHaR15-Pivot_01_standard.set -> MostasHaR15-Pivot_01_otp.set
2025-04-27 10:21:35,699 - INFO - Successfully optimized Moving-20average-20and-20ichimoku-20EA_01_standard.set -> Moving-20average-20and-20ichimoku-20EA_01_otp.set
2025-04-27 10:21:35,700 - INFO - Successfully optimized Moving-Average-Trade-System_01_standard.set -> Moving-Average-Trade-System_01_otp.set
2025-04-27 10:21:35,701 - INFO - Successfully optimized Moving-Averages_01_standard.set -> Moving-Averages_01_otp.set
2025-04-27 10:21:35,702 - INFO - Successfully optimized MovingAverageMartinGale_01_standard.set -> MovingAverageMartinGale_01_otp.set
2025-04-27 10:21:35,704 - INFO - Successfully optimized MovingAverage_01_standard.set -> MovingAverage_01_otp.set
2025-04-27 10:21:35,705 - INFO - Successfully optimized MQL5-Wizard-MA-RSI_01_standard.set -> MQL5-Wizard-MA-RSI_01_otp.set
2025-04-27 10:21:35,706 - INFO - Successfully optimized MQL5-Wizard-MACD-Parabolic-SAR_01_standard.set -> MQL5-Wizard-MACD-Parabolic-SAR_01_otp.set
2025-04-27 10:21:35,707 - INFO - Successfully optimized MTC-Сombo_01_standard.set -> MTC-Сombo_01_otp.set
2025-04-27 10:21:35,709 - INFO - Successfully optimized Multi-Stochastic_01_standard.set -> Multi-Stochastic_01_otp.set
2025-04-27 10:21:35,710 - INFO - Successfully optimized MultiMartin_01_standard.set -> MultiMartin_01_otp.set
2025-04-27 10:21:35,712 - INFO - Successfully optimized MySystem_01_standard.set -> MySystem_01_otp.set
2025-04-27 10:21:35,713 - INFO - Successfully optimized N-Candles_01_standard.set -> N-Candles_01_otp.set
2025-04-27 10:21:35,715 - INFO - Successfully optimized Nevalyashka-BreakdownLevel_01_standard.set -> Nevalyashka-BreakdownLevel_01_otp.set
2025-04-27 10:21:35,716 - INFO - Successfully optimized Nevalyashka3-1_01_standard.set -> Nevalyashka3-1_01_otp.set
2025-04-27 10:21:35,717 - INFO - Successfully optimized Nevalyashka_01_standard.set -> Nevalyashka_01_otp.set
2025-04-27 10:21:35,718 - INFO - Successfully optimized New-Martin_01_standard.set -> New-Martin_01_otp.set
2025-04-27 10:21:35,719 - INFO - Successfully optimized New-Random_01_standard.set -> New-Random_01_otp.set
2025-04-27 10:21:35,720 - INFO - Successfully optimized Nextbar_01_standard.set -> Nextbar_01_otp.set
2025-04-27 10:21:35,722 - INFO - Successfully optimized Night-Flat-Trade_01_standard.set -> Night-Flat-Trade_01_otp.set
2025-04-27 10:21:35,723 - INFO - Successfully optimized NightScalper_01_standard.set -> NightScalper_01_otp.set
2025-04-27 10:21:35,724 - INFO - Successfully optimized NRTR-Revers_01_standard.set -> NRTR-Revers_01_otp.set
2025-04-27 10:21:35,725 - INFO - Successfully optimized NUp1Down_01_standard.set -> NUp1Down_01_otp.set
2025-04-27 10:21:35,727 - INFO - Successfully optimized Open-Candle-EA_01_standard.set -> Open-Candle-EA_01_otp.set
2025-04-27 10:21:35,728 - INFO - Successfully optimized Open-Close_01_standard.set -> Open-Close_01_otp.set
2025-04-27 10:21:35,729 - INFO - Successfully optimized Opening-and-ilosing-on-time_01_standard.set -> Opening-and-ilosing-on-time_01_otp.set
2025-04-27 10:21:35,730 - INFO - Successfully optimized Opening-and-Сlosing-on-time_01_standard.set -> Opening-and-Сlosing-on-time_01_otp.set
2025-04-27 10:21:35,731 - INFO - Successfully optimized OpenPendingorderAfterPositionGetStopLoss_01_standard.set -> OpenPendingorderAfterPositionGetStopLoss_01_otp.set
2025-04-27 10:21:35,733 - INFO - Successfully optimized OpenTicks_01_standard.set -> OpenTicks_01_otp.set
2025-04-27 10:21:35,734 - INFO - Successfully optimized ORB-EA-BOX_01_standard.set -> ORB-EA-BOX_01_otp.set
2025-04-27 10:21:35,735 - INFO - Successfully optimized OsMaSter_01_standard.set -> OsMaSter_01_otp.set
2025-04-27 10:21:35,736 - INFO - Successfully optimized OTT-20AND-20PRICE-20CROSS-20EA_01_standard.set -> OTT-20AND-20PRICE-20CROSS-20EA_01_otp.set
2025-04-27 10:21:35,738 - INFO - Successfully optimized OverHedge_01_standard.set -> OverHedge_01_otp.set
2025-04-27 10:21:35,739 - INFO - Successfully optimized OzFx_01_standard.set -> OzFx_01_otp.set
2025-04-27 10:21:35,740 - INFO - Successfully optimized Parabolic-SAR_01_standard.set -> Parabolic-SAR_01_otp.set
2025-04-27 10:21:35,742 - INFO - Successfully optimized PARSI-EA_01_standard.set -> PARSI-EA_01_otp.set
2025-04-27 10:21:35,743 - INFO - Successfully optimized Peceptron-Mult_01_standard.set -> Peceptron-Mult_01_otp.set
2025-04-27 10:21:35,745 - INFO - Successfully optimized Pending-orders-by-time-2_01_standard.set -> Pending-orders-by-time-2_01_otp.set
2025-04-27 10:21:35,746 - INFO - Successfully optimized Pending-orders-by-time_01_standard.set -> Pending-orders-by-time_01_otp.set
2025-04-27 10:21:35,747 - INFO - Successfully optimized Pendulum_01_standard.set -> Pendulum_01_otp.set
2025-04-27 10:21:35,748 - INFO - Successfully optimized Pinball-machine_01_standard.set -> Pinball-machine_01_otp.set
2025-04-27 10:21:35,750 - INFO - Successfully optimized Pinbar-Magic-EA_01_standard.set -> Pinbar-Magic-EA_01_otp.set
2025-04-27 10:21:35,751 - INFO - Successfully optimized PinBar-Magic-Indicator_01_standard.set -> PinBar-Magic-Indicator_01_otp.set
2025-04-27 10:21:35,752 - INFO - Successfully optimized Pipsover_01_standard.set -> Pipsover_01_otp.set
2025-04-27 10:21:35,753 - INFO - Successfully optimized Plan-X_01_standard.set -> Plan-X_01_otp.set
2025-04-27 10:21:35,754 - INFO - Successfully optimized Plateau_01_standard.set -> Plateau_01_otp.set
2025-04-27 10:21:35,755 - INFO - Successfully optimized Poker-SHOW_01_standard.set -> Poker-SHOW_01_otp.set
2025-04-27 10:21:35,756 - INFO - Successfully optimized Precipice-MartIn_01_standard.set -> Precipice-MartIn_01_otp.set
2025-04-27 10:21:35,757 - INFO - Successfully optimized Precipice_01_standard.set -> Precipice_01_otp.set
2025-04-27 10:21:35,759 - INFO - Successfully optimized Probe_01_standard.set -> Probe_01_otp.set
2025-04-27 10:21:35,760 - INFO - Successfully optimized Proffessor_01_standard.set -> Proffessor_01_otp.set
2025-04-27 10:21:35,761 - INFO - Successfully optimized PropFirmHelper_01_standard.set -> PropFirmHelper_01_otp.set
2025-04-27 10:21:35,762 - INFO - Successfully optimized PROphet_01_standard.set -> PROphet_01_otp.set
2025-04-27 10:21:35,764 - INFO - Successfully optimized Puria-method_01_standard.set -> Puria-method_01_otp.set
2025-04-27 10:21:35,765 - INFO - Successfully optimized Rabbit3_01_standard.set -> Rabbit3_01_otp.set
2025-04-27 10:21:35,766 - INFO - Successfully optimized Range-Breakout_01_standard.set -> Range-Breakout_01_otp.set
2025-04-27 10:21:35,767 - INFO - Successfully optimized Rapid-Doji-EA_01_standard.set -> Rapid-Doji-EA_01_otp.set
2025-04-27 10:21:35,768 - INFO - Successfully optimized Raymond-Cloudy-Day-for-EA_01_standard.set -> Raymond-Cloudy-Day-for-EA_01_otp.set
2025-04-27 10:21:35,770 - INFO - Successfully optimized Reflex-EA_01_standard.set -> Reflex-EA_01_otp.set
2025-04-27 10:21:35,771 - INFO - Successfully optimized REFLEX-INDICATOR_01_standard.set -> REFLEX-INDICATOR_01_otp.set
2025-04-27 10:21:35,772 - INFO - Successfully optimized Reflex_01_standard.set -> Reflex_01_otp.set
2025-04-27 10:21:35,773 - INFO - Successfully optimized Reversing-Martingale_01_standard.set -> Reversing-Martingale_01_otp.set
2025-04-27 10:21:35,774 - INFO - Successfully optimized RideAlligator_01_standard.set -> RideAlligator_01_otp.set
2025-04-27 10:21:35,775 - INFO - Successfully optimized RNN_01_standard.set -> RNN_01_otp.set
2025-04-27 10:21:35,776 - INFO - Successfully optimized Robot-MACD_01_standard.set -> Robot-MACD_01_otp.set
2025-04-27 10:21:35,777 - INFO - Successfully optimized RobotPowerM5-meta4_01_standard.set -> RobotPowerM5-meta4_01_otp.set
2025-04-27 10:21:35,778 - INFO - Successfully optimized Rollback-system_01_standard.set -> Rollback-system_01_otp.set
2025-04-27 10:21:35,779 - INFO - Successfully optimized RSI-and-Bollinger-Bands_01_standard.set -> RSI-and-Bollinger-Bands_01_otp.set
2025-04-27 10:21:35,781 - INFO - Successfully optimized RSI-Arrow-EA_01_standard.set -> RSI-Arrow-EA_01_otp.set
2025-04-27 10:21:35,782 - INFO - Successfully optimized RSI-Arrow_01_standard.set -> RSI-Arrow_01_otp.set
2025-04-27 10:21:35,783 - INFO - Successfully optimized RSI-EA_01_standard.set -> RSI-EA_01_otp.set
2025-04-27 10:21:35,784 - INFO - Successfully optimized RSI-Eraser_01_standard.set -> RSI-Eraser_01_otp.set
2025-04-27 10:21:35,785 - INFO - Successfully optimized RSI-Expert_01_standard.set -> RSI-Expert_01_otp.set
2025-04-27 10:21:35,787 - INFO - Successfully optimized RSI-Levels_01_standard.set -> RSI-Levels_01_otp.set
2025-04-27 10:21:35,788 - INFO - Successfully optimized RSI-trader_01_standard.set -> RSI-trader_01_otp.set
2025-04-27 10:21:35,790 - INFO - Successfully optimized RSI-Trend-EA_01_standard.set -> RSI-Trend-EA_01_otp.set
2025-04-27 10:21:35,791 - INFO - Successfully optimized RSI-Trend_01_standard.set -> RSI-Trend_01_otp.set
2025-04-27 10:21:35,792 - INFO - Successfully optimized RSI-with-channels-EA_01_standard.set -> RSI-with-channels-EA_01_otp.set
2025-04-27 10:21:35,794 - INFO - Successfully optimized RSI-with-channels_01_standard.set -> RSI-with-channels_01_otp.set
2025-04-27 10:21:35,795 - INFO - Successfully optimized Russian20-hp1_01_standard.set -> Russian20-hp1_01_otp.set
2025-04-27 10:21:35,796 - INFO - Successfully optimized SampleCheckPendingOrder_01_standard.set -> SampleCheckPendingOrder_01_otp.set
2025-04-27 10:21:35,797 - INFO - Successfully optimized SAR-trading_01_standard.set -> SAR-trading_01_otp.set
2025-04-27 10:21:35,798 - INFO - Successfully optimized Secwenta_01_standard.set -> Secwenta_01_otp.set
2025-04-27 10:21:35,799 - INFO - Successfully optimized Sell-Stop_01_standard.set -> Sell-Stop_01_otp.set
2025-04-27 10:21:35,800 - INFO - Successfully optimized Sensitive_01_standard.set -> Sensitive_01_otp.set
2025-04-27 10:21:35,801 - INFO - Successfully optimized Separate-trade_01_standard.set -> Separate-trade_01_otp.set
2025-04-27 10:21:35,802 - INFO - Successfully optimized SilverTrend_01_standard.set -> SilverTrend_01_otp.set
2025-04-27 10:21:35,803 - INFO - Successfully optimized Simple-20Price-20Alert-20-20EA_01_standard.set -> Simple-20Price-20Alert-20-20EA_01_otp.set
2025-04-27 10:21:35,805 - INFO - Successfully optimized Simple-20Volume-20EA_01_standard.set -> Simple-20Volume-20EA_01_otp.set
2025-04-27 10:21:35,806 - INFO - Successfully optimized Simple-EA-MA-plus-MACD_01_standard.set -> Simple-EA-MA-plus-MACD_01_otp.set
2025-04-27 10:21:35,807 - INFO - Successfully optimized Simple-FX_01_standard.set -> Simple-FX_01_otp.set
2025-04-27 10:21:35,808 - INFO - Successfully optimized Simple-MACD_01_standard.set -> Simple-MACD_01_otp.set
2025-04-27 10:21:35,810 - INFO - Successfully optimized Simple-Volume-EA_01_standard.set -> Simple-Volume-EA_01_otp.set
2025-04-27 10:21:35,810 - INFO - Successfully optimized SimplePivot_01_standard.set -> SimplePivot_01_otp.set
2025-04-27 10:21:35,811 - INFO - Successfully optimized Simplest-Hedging-EA-ever_01_standard.set -> Simplest-Hedging-EA-ever_01_otp.set
2025-04-27 10:21:35,812 - INFO - Successfully optimized SimpleTrade _01_standard.set -> SimpleTrade _01_otp.set
2025-04-27 10:21:35,814 - INFO - Successfully optimized Six-Soldiers-EA-Grid_01_standard.set -> Six-Soldiers-EA-Grid_01_otp.set
2025-04-27 10:21:35,816 - INFO - Successfully optimized Six-Soldiers-EA_01_standard.set -> Six-Soldiers-EA_01_otp.set
2025-04-27 10:21:35,817 - INFO - Successfully optimized Six-Soldiers_01_standard.set -> Six-Soldiers_01_otp.set
2025-04-27 10:21:35,818 - INFO - Successfully optimized Small-Inside-Bar-Strategy_01_standard.set -> Small-Inside-Bar-Strategy_01_otp.set
2025-04-27 10:21:35,819 - INFO - Successfully optimized Smart-Machine-20EA_01_standard.set -> Smart-Machine-20EA_01_otp.set
2025-04-27 10:21:35,821 - INFO - Successfully optimized Smoothing-Average_01_standard.set -> Smoothing-Average_01_otp.set
2025-04-27 10:21:35,822 - INFO - Successfully optimized Spasm_01_standard.set -> Spasm_01_otp.set
2025-04-27 10:21:35,823 - INFO - Successfully optimized ssb5-123_01_standard.set -> ssb5-123_01_otp.set
2025-04-27 10:21:35,824 - INFO - Successfully optimized Starter_01_standard.set -> Starter_01_otp.set
2025-04-27 10:21:35,825 - INFO - Successfully optimized Steve-Cartwright-Trader-Camel-CCI-MACD_01_standard.set -> Steve-Cartwright-Trader-Camel-CCI-MACD_01_otp.set
2025-04-27 10:21:35,826 - INFO - Successfully optimized Stoch-EA-1192_01_standard.set -> Stoch-EA-1192_01_otp.set
2025-04-27 10:21:35,828 - INFO - Successfully optimized Stochastic-20Alert_01_standard.set -> Stochastic-20Alert_01_otp.set
2025-04-27 10:21:35,829 - INFO - Successfully optimized Stochastic-K-Divergence.lua_01_standard.set -> Stochastic-K-Divergence.lua_01_otp.set
2025-04-27 10:21:35,830 - INFO - Successfully optimized stochastic-three-periods_01_standard.set -> stochastic-three-periods_01_otp.set
2025-04-27 10:21:35,831 - INFO - Successfully optimized StochasticDiffSign-EA_01_standard.set -> StochasticDiffSign-EA_01_otp.set
2025-04-27 10:21:35,832 - INFO - Successfully optimized stochasticdiffsign_01_standard.set -> stochasticdiffsign_01_otp.set
2025-04-27 10:21:35,834 - INFO - Successfully optimized StochMA-EA_01_standard.set -> StochMA-EA_01_otp.set
2025-04-27 10:21:35,835 - INFO - Successfully optimized StochMA_01_standard.set -> StochMA_01_otp.set
2025-04-27 10:21:35,836 - INFO - Successfully optimized Stoch_01_standard.set -> Stoch_01_otp.set
2025-04-27 10:21:35,837 - INFO - Successfully optimized Stop-Loss-Take-Profit_01_standard.set -> Stop-Loss-Take-Profit_01_otp.set
2025-04-27 10:21:35,838 - INFO - Successfully optimized StraddleqTrail_01_standard.set -> StraddleqTrail_01_otp.set
2025-04-27 10:21:35,839 - INFO - Successfully optimized Surefirething_01_standard.set -> Surefirething_01_otp.set
2025-04-27 10:21:35,840 - INFO - Successfully optimized TDSGlobal_01_standard.set -> TDSGlobal_01_otp.set
2025-04-27 10:21:35,841 - INFO - Successfully optimized The-MasterMind-2_01_standard.set -> The-MasterMind-2_01_otp.set
2025-04-27 10:21:35,842 - INFO - Successfully optimized The-MasterMind-3_01_standard.set -> The-MasterMind-3_01_otp.set
2025-04-27 10:21:35,843 - INFO - Successfully optimized The-MasterMind_01_standard.set -> The-MasterMind_01_otp.set
2025-04-27 10:21:35,844 - INFO - Successfully optimized The-Puncher_01_standard.set -> The-Puncher_01_otp.set
2025-04-27 10:21:35,846 - INFO - Successfully optimized TheClassicTurtleTrader-no-dots-EA_01_standard.set -> TheClassicTurtleTrader-no-dots-EA_01_otp.set
2025-04-27 10:21:35,847 - INFO - Successfully optimized TheClassicTurtleTrader-no-dots_01_standard.set -> TheClassicTurtleTrader-no-dots_01_otp.set
2025-04-27 10:21:35,848 - INFO - Successfully optimized Three-indicators_01_standard.set -> Three-indicators_01_otp.set
2025-04-27 10:21:35,849 - INFO - Successfully optimized Three-neural-networks_01_standard.set -> Three-neural-networks_01_otp.set
2025-04-27 10:21:35,851 - INFO - Successfully optimized Three-timeframes_01_standard.set -> Three-timeframes_01_otp.set
2025-04-27 10:21:35,852 - INFO - Successfully optimized Three-Typical-Candles_01_standard.set -> Three-Typical-Candles_01_otp.set
2025-04-27 10:21:35,853 - INFO - Successfully optimized Time-sync-forts_01_standard.set -> Time-sync-forts_01_otp.set
2025-04-27 10:21:35,854 - INFO - Successfully optimized timer-trade_01_standard.set -> timer-trade_01_otp.set
2025-04-27 10:21:35,855 - INFO - Successfully optimized TMA-ATR-Channel_01_standard.set -> TMA-ATR-Channel_01_otp.set
2025-04-27 10:21:35,856 - INFO - Successfully optimized TMA-ATR-EA_01_standard.set -> TMA-ATR-EA_01_otp.set
2025-04-27 10:21:35,858 - INFO - Successfully optimized TMA-CG-EA_01_standard.set -> TMA-CG-EA_01_otp.set
2025-04-27 10:21:35,859 - INFO - Successfully optimized TMA-CG-Martingale-20EA_01_standard.set -> TMA-CG-Martingale-20EA_01_otp.set
2025-04-27 10:21:35,860 - INFO - Successfully optimized TMA-CG-mladen_01_standard.set -> TMA-CG-mladen_01_otp.set
2025-04-27 10:21:35,861 - INFO - Successfully optimized TMA-CG-special_01_standard.set -> TMA-CG-special_01_otp.set
2025-04-27 10:21:35,862 - INFO - Successfully optimized TMA-slope-bands_01_standard.set -> TMA-slope-bands_01_otp.set
2025-04-27 10:21:35,864 - INFO - Successfully optimized TmaTrue-2.0-with-Distances-6xx_01_standard.set -> TmaTrue-2.0-with-Distances-6xx_01_otp.set
2025-04-27 10:21:35,865 - INFO - Successfully optimized TmaTrue-3.0-with-Distances-6xx_01_standard.set -> TmaTrue-3.0-with-Distances-6xx_01_otp.set
2025-04-27 10:21:35,867 - INFO - Successfully optimized TP-with-money_01_standard.set -> TP-with-money_01_otp.set
2025-04-27 10:21:35,868 - INFO - Successfully optimized Trade-in-Channel_01_standard.set -> Trade-in-Channel_01_otp.set
2025-04-27 10:21:35,869 - INFO - Successfully optimized Trade-on-qualified-RSI_01_standard.set -> Trade-on-qualified-RSI_01_otp.set
2025-04-27 10:21:35,870 - INFO - Successfully optimized Trading-Breakout-MrThanhTan_01_standard.set -> Trading-Breakout-MrThanhTan_01_otp.set
2025-04-27 10:21:35,872 - INFO - Successfully optimized Trend-Trader-Strategy-EA_01_standard.set -> Trend-Trader-Strategy-EA_01_otp.set
2025-04-27 10:21:35,873 - INFO - Successfully optimized Trend-Trader-Strategy_01_standard.set -> Trend-Trader-Strategy_01_otp.set
2025-04-27 10:21:35,874 - INFO - Successfully optimized Tru-EA_01_standard.set -> Tru-EA_01_otp.set
2025-04-27 10:21:35,876 - INFO - Successfully optimized True-Scalper-Profit-Lock_01_standard.set -> True-Scalper-Profit-Lock_01_otp.set
2025-04-27 10:21:35,877 - INFO - Successfully optimized TrueSort-1100_01_standard.set -> TrueSort-1100_01_otp.set
2025-04-27 10:21:35,878 - INFO - Successfully optimized Tunnel-gen4_01_standard.set -> Tunnel-gen4_01_otp.set
2025-04-27 10:21:35,879 - INFO - Successfully optimized Tunnel-Method_01_standard.set -> Tunnel-Method_01_otp.set
2025-04-27 10:21:35,880 - INFO - Successfully optimized TurnGrid_01_standard.set -> TurnGrid_01_otp.set
2025-04-27 10:21:35,881 - INFO - Successfully optimized Two PerBar _01_standard.set -> Two PerBar _01_otp.set
2025-04-27 10:21:35,883 - INFO - Successfully optimized Two-20MA-20RSI-20ADX-20EA_01_standard.set -> Two-20MA-20RSI-20ADX-20EA_01_otp.set
2025-04-27 10:21:35,884 - INFO - Successfully optimized Two-20Orders-20Panel_01_standard.set -> Two-20Orders-20Panel_01_otp.set
2025-04-27 10:21:35,885 - INFO - Successfully optimized Two-pending-orders-2_01_standard.set -> Two-pending-orders-2_01_otp.set
2025-04-27 10:21:35,886 - INFO - Successfully optimized UnityPro_01_standard.set -> UnityPro_01_otp.set
2025-04-27 10:21:35,888 - INFO - Successfully optimized UniversalMACrossEA_01_standard.set -> UniversalMACrossEA_01_otp.set
2025-04-27 10:21:35,889 - INFO - Successfully optimized UniversalSignalDemo_01_standard.set -> UniversalSignalDemo_01_otp.set
2025-04-27 10:21:35,890 - INFO - Successfully optimized Universum-3.0_01_standard.set -> Universum-3.0_01_otp.set
2025-04-27 10:21:35,892 - INFO - Successfully optimized UnNomGuai-20EA_01_standard.set -> UnNomGuai-20EA_01_otp.set
2025-04-27 10:21:35,893 - INFO - Successfully optimized up3x1-Investor_01_standard.set -> up3x1-Investor_01_otp.set
2025-04-27 10:21:35,894 - INFO - Successfully optimized up3x1-premium-M_01_standard.set -> up3x1-premium-M_01_otp.set
2025-04-27 10:21:35,895 - INFO - Successfully optimized up3x1_01_standard.set -> up3x1_01_otp.set
2025-04-27 10:21:35,896 - INFO - Successfully optimized Urdala-Trol_01_standard.set -> Urdala-Trol_01_otp.set
2025-04-27 10:21:35,898 - INFO - Successfully optimized Very-Blonde-System_01_standard.set -> Very-Blonde-System_01_otp.set
2025-04-27 10:21:35,899 - INFO - Successfully optimized Virtual-Trailing-Stop_01_standard.set -> Virtual-Trailing-Stop_01_otp.set
2025-04-27 10:21:35,900 - INFO - Successfully optimized VLT-TRADER_01_standard.set -> VLT-TRADER_01_otp.set
2025-04-27 10:21:35,901 - INFO - Successfully optimized Volume-trader_01_standard.set -> Volume-trader_01_otp.set
2025-04-27 10:21:35,902 - INFO - Successfully optimized Vortex-Indicator-System_01_standard.set -> Vortex-Indicator-System_01_otp.set
2025-04-27 10:21:35,904 - INFO - Successfully optimized VR-Overturn_01_standard.set -> VR-Overturn_01_otp.set
2025-04-27 10:21:35,905 - INFO - Successfully optimized VR-ZVER-v.2_01_standard.set -> VR-ZVER-v.2_01_otp.set
2025-04-27 10:21:35,906 - INFO - Successfully optimized VR-ZVER_01_standard.set -> VR-ZVER_01_otp.set
2025-04-27 10:21:35,907 - INFO - Successfully optimized VZO_01_standard.set -> VZO_01_otp.set
2025-04-27 10:21:35,908 - INFO - Successfully optimized Waddah-Attar-Win_01_standard.set -> Waddah-Attar-Win_01_otp.set
2025-04-27 10:21:35,910 - INFO - Successfully optimized WE-TRUST_01_standard.set -> WE-TRUST_01_otp.set
2025-04-27 10:21:35,911 - INFO - Successfully optimized X-RSIOMA_01_standard.set -> X-RSIOMA_01_otp.set
2025-04-27 10:21:35,912 - INFO - Successfully optimized Yesterday-Today_01_standard.set -> Yesterday-Today_01_otp.set
