2025-04-25 02:10:33,892 - INFO - Processing 10-pips-EURUSD_01_standard.set
2025-04-25 02:10:33,893 - WARNING - Error processing group role_risk: 'list' object has no attribute 'items'
2025-04-25 02:10:33,894 - ERROR - Error processing C:\Users\nikol\AppData\Roaming\MetaQuotes\Terminal\4B1CE69F577705455263BD980C39A82C\MQL5\Profiles\Tester\10-pips-EURUSD_01_standard.set: dictionary update sequence element #0 has length 4; 2 is required
2025-04-25 02:10:33,895 - INFO - Processing 10-pips_01_standard.set
2025-04-25 02:10:33,897 - WARNING - Error processing group role_positioning: 'list' object has no attribute 'items'
2025-04-25 02:10:33,898 - ERROR - Error processing C:\Users\nikol\AppData\Roaming\MetaQuotes\Terminal\4B1CE69F577705455263BD980C39A82C\MQL5\Profiles\Tester\10-pips_01_standard.set: dictionary update sequence element #0 has length 18; 2 is required
2025-04-25 02:10:33,899 - INFO - Processing 1H-EUR-USD_01_standard.set
2025-04-25 02:10:33,900 - WARNING - Error processing group role_risk: 'list' object has no attribute 'items'
2025-04-25 02:10:33,901 - ERROR - Error processing C:\Users\nikol\AppData\Roaming\MetaQuotes\Terminal\4B1CE69F577705455263BD980C39A82C\MQL5\Profiles\Tester\1H-EUR-USD_01_standard.set: dictionary update sequence element #0 has length 8; 2 is required
2025-04-25 02:10:33,902 - INFO - Processing 20011201-GBPUSD-M1_01_standard.set
2025-04-25 02:10:33,903 - WARNING - Error processing group role_positioning: 'list' object has no attribute 'items'
2025-04-25 02:10:33,904 - ERROR - Error processing C:\Users\nikol\AppData\Roaming\MetaQuotes\Terminal\4B1CE69F577705455263BD980C39A82C\MQL5\Profiles\Tester\20011201-GBPUSD-M1_01_standard.set: dictionary update sequence element #0 has length 10; 2 is required
2025-04-25 02:10:33,905 - INFO - Processing 21hour_01_standard.set
2025-04-25 02:10:33,906 - WARNING - Error processing group role_risk: 'list' object has no attribute 'items'
2025-04-25 02:10:33,907 - ERROR - Error processing C:\Users\nikol\AppData\Roaming\MetaQuotes\Terminal\4B1CE69F577705455263BD980C39A82C\MQL5\Profiles\Tester\21hour_01_standard.set: dictionary update sequence element #0 has length 5; 2 is required
2025-04-25 02:10:33,908 - INFO - Processing 2HR-HL_01_standard.set
2025-04-25 02:10:33,909 - WARNING - Error processing group role_system: 'list' object has no attribute 'items'
2025-04-25 02:10:33,910 - ERROR - Error processing C:\Users\nikol\AppData\Roaming\MetaQuotes\Terminal\4B1CE69F577705455263BD980C39A82C\MQL5\Profiles\Tester\2HR-HL_01_standard.set: dictionary update sequence element #0 has length 3; 2 is required
2025-04-25 02:10:33,911 - INFO - Processing 2MA-4Level_01_standard.set
2025-04-25 02:10:33,912 - WARNING - Error processing group role_system: 'list' object has no attribute 'items'
2025-04-25 02:10:33,913 - ERROR - Error processing C:\Users\nikol\AppData\Roaming\MetaQuotes\Terminal\4B1CE69F577705455263BD980C39A82C\MQL5\Profiles\Tester\2MA-4Level_01_standard.set: dictionary update sequence element #0 has length 6; 2 is required
2025-04-25 02:10:33,914 - INFO - Processing 2MA-Bunny-Cross_01_standard.set
2025-04-25 02:10:33,915 - WARNING - Error processing group role_risk: 'list' object has no attribute 'items'
2025-04-25 02:10:33,916 - ERROR - Error processing C:\Users\nikol\AppData\Roaming\MetaQuotes\Terminal\4B1CE69F577705455263BD980C39A82C\MQL5\Profiles\Tester\2MA-Bunny-Cross_01_standard.set: dictionary update sequence element #0 has length 8; 2 is required
2025-04-25 02:10:33,917 - INFO - Processing 3-bars-high-low-indicator_01_standard.set
2025-04-25 02:10:33,918 - WARNING - Error processing group role_technical: 'list' object has no attribute 'items'
2025-04-25 02:10:33,919 - ERROR - Error processing C:\Users\nikol\AppData\Roaming\MetaQuotes\Terminal\4B1CE69F577705455263BD980C39A82C\MQL5\Profiles\Tester\3-bars-high-low-indicator_01_standard.set: dictionary update sequence element #0 has length 7; 2 is required
2025-04-25 02:10:33,920 - INFO - Processing 35-Pip-Scalper_01_standard.set
2025-04-25 02:10:33,921 - WARNING - Error processing group role_technical: 'list' object has no attribute 'items'
2025-04-25 02:10:33,922 - ERROR - Error processing C:\Users\nikol\AppData\Roaming\MetaQuotes\Terminal\4B1CE69F577705455263BD980C39A82C\MQL5\Profiles\Tester\35-Pip-Scalper_01_standard.set: dictionary update sequence element #0 has length 15; 2 is required
2025-04-25 02:10:33,924 - INFO - Processing 3BarsHighLowEA_01_standard.set
2025-04-25 02:10:33,926 - WARNING - Error processing group role_technical: 'list' object has no attribute 'items'
2025-04-25 02:10:33,926 - ERROR - Error processing C:\Users\nikol\AppData\Roaming\MetaQuotes\Terminal\4B1CE69F577705455263BD980C39A82C\MQL5\Profiles\Tester\3BarsHighLowEA_01_standard.set: dictionary update sequence element #0 has length 6; 2 is required
2025-04-25 02:10:33,927 - INFO - Processing 3sma_01_standard.set
2025-04-25 02:10:33,929 - WARNING - Error processing group role_risk: 'list' object has no attribute 'items'
2025-04-25 02:10:33,929 - ERROR - Error processing C:\Users\nikol\AppData\Roaming\MetaQuotes\Terminal\4B1CE69F577705455263BD980C39A82C\MQL5\Profiles\Tester\3sma_01_standard.set: dictionary update sequence element #0 has length 8; 2 is required
2025-04-25 02:10:33,930 - INFO - Processing 500_01_standard.set
2025-04-25 02:10:33,931 - WARNING - Error processing group role_risk: 'list' object has no attribute 'items'
2025-04-25 02:10:33,932 - ERROR - Error processing C:\Users\nikol\AppData\Roaming\MetaQuotes\Terminal\4B1CE69F577705455263BD980C39A82C\MQL5\Profiles\Tester\500_01_standard.set: dictionary update sequence element #0 has length 14; 2 is required
2025-04-25 02:10:33,933 - INFO - Processing 55-MA_01_standard.set
2025-04-25 02:10:33,934 - WARNING - Error processing group role_positioning: 'list' object has no attribute 'items'
2025-04-25 02:10:33,934 - ERROR - Error processing C:\Users\nikol\AppData\Roaming\MetaQuotes\Terminal\4B1CE69F577705455263BD980C39A82C\MQL5\Profiles\Tester\55-MA_01_standard.set: dictionary update sequence element #0 has length 12; 2 is required
2025-04-25 02:10:33,935 - INFO - Processing Above-Below-MA_01_standard.set
2025-04-25 02:10:33,937 - WARNING - Error processing group role_system: 'list' object has no attribute 'items'
2025-04-25 02:10:33,937 - ERROR - Error processing C:\Users\nikol\AppData\Roaming\MetaQuotes\Terminal\4B1CE69F577705455263BD980C39A82C\MQL5\Profiles\Tester\Above-Below-MA_01_standard.set: dictionary update sequence element #0 has length 12; 2 is required
2025-04-25 02:10:33,939 - INFO - Processing Absorption_01_standard.set
2025-04-25 02:10:33,944 - WARNING - Error processing group role_risk: 'list' object has no attribute 'items'
2025-04-25 02:10:33,948 - ERROR - Error processing C:\Users\nikol\AppData\Roaming\MetaQuotes\Terminal\4B1CE69F577705455263BD980C39A82C\MQL5\Profiles\Tester\Absorption_01_standard.set: dictionary update sequence element #0 has length 8; 2 is required
2025-04-25 02:10:33,949 - INFO - Processing ADX-MACD-Deev_01_standard.set
2025-04-25 02:10:33,953 - WARNING - Error processing group role_positioning: 'list' object has no attribute 'items'
2025-04-25 02:10:33,954 - ERROR - Error processing C:\Users\nikol\AppData\Roaming\MetaQuotes\Terminal\4B1CE69F577705455263BD980C39A82C\MQL5\Profiles\Tester\ADX-MACD-Deev_01_standard.set: dictionary update sequence element #0 has length 12; 2 is required
2025-04-25 02:10:33,959 - INFO - Processing ADX-MA_01_standard.set
2025-04-25 02:10:33,961 - WARNING - Error processing group role_technical: 'list' object has no attribute 'items'
2025-04-25 02:10:33,962 - ERROR - Error processing C:\Users\nikol\AppData\Roaming\MetaQuotes\Terminal\4B1CE69F577705455263BD980C39A82C\MQL5\Profiles\Tester\ADX-MA_01_standard.set: dictionary update sequence element #0 has length 7; 2 is required
2025-04-25 02:10:33,964 - INFO - Processing ADX-System_01_standard.set
2025-04-25 02:10:33,966 - WARNING - Error processing group role_positioning: 'list' object has no attribute 'items'
2025-04-25 02:10:33,967 - ERROR - Error processing C:\Users\nikol\AppData\Roaming\MetaQuotes\Terminal\4B1CE69F577705455263BD980C39A82C\MQL5\Profiles\Tester\ADX-System_01_standard.set: dictionary update sequence element #0 has length 14; 2 is required
2025-04-25 02:10:33,967 - INFO - Processing AIS1_01_standard.set
2025-04-25 02:10:33,968 - WARNING - Error processing group role_system: 'list' object has no attribute 'items'
2025-04-25 02:10:33,970 - ERROR - Error processing C:\Users\nikol\AppData\Roaming\MetaQuotes\Terminal\4B1CE69F577705455263BD980C39A82C\MQL5\Profiles\Tester\AIS1_01_standard.set: dictionary update sequence element #0 has length 19; 2 is required
2025-04-25 02:10:33,973 - INFO - Processing AK-47-Scalper-EA-MT5_01_standard.set
2025-04-25 02:10:33,977 - WARNING - Error processing group role_system: 'list' object has no attribute 'items'
2025-04-25 02:10:33,980 - ERROR - Error processing C:\Users\nikol\AppData\Roaming\MetaQuotes\Terminal\4B1CE69F577705455263BD980C39A82C\MQL5\Profiles\Tester\AK-47-Scalper-EA-MT5_01_standard.set: dictionary update sequence element #0 has length 11; 2 is required
2025-04-25 02:10:33,981 - INFO - Processing AK-47-Scalper-EA-yoforexPremium-MT5_01_standard.set
2025-04-25 02:10:33,983 - WARNING - Error processing group role_system: 'list' object has no attribute 'items'
2025-04-25 02:10:33,984 - ERROR - Error processing C:\Users\nikol\AppData\Roaming\MetaQuotes\Terminal\4B1CE69F577705455263BD980C39A82C\MQL5\Profiles\Tester\AK-47-Scalper-EA-yoforexPremium-MT5_01_standard.set: dictionary update sequence element #0 has length 11; 2 is required
2025-04-25 02:10:33,990 - INFO - Processing Alexav-D1-Profit-GBPUSD_01_standard.set
2025-04-25 02:10:33,997 - WARNING - Error processing group role_risk: 'list' object has no attribute 'items'
2025-04-25 02:10:34,003 - ERROR - Error processing C:\Users\nikol\AppData\Roaming\MetaQuotes\Terminal\4B1CE69F577705455263BD980C39A82C\MQL5\Profiles\Tester\Alexav-D1-Profit-GBPUSD_01_standard.set: dictionary update sequence element #0 has length 8; 2 is required
2025-04-25 02:10:34,008 - INFO - Processing All-Average-Ea_01_standard.set
2025-04-25 02:10:34,011 - WARNING - Error processing group role_system: 'list' object has no attribute 'items'
2025-04-25 02:10:34,013 - ERROR - Error processing C:\Users\nikol\AppData\Roaming\MetaQuotes\Terminal\4B1CE69F577705455263BD980C39A82C\MQL5\Profiles\Tester\All-Average-Ea_01_standard.set: dictionary update sequence element #0 has length 3; 2 is required
2025-04-25 02:10:34,015 - INFO - Processing Alligator-Simple_01_standard.set
2025-04-25 02:10:34,017 - WARNING - Error processing group role_risk: 'list' object has no attribute 'items'
2025-04-25 02:10:34,020 - ERROR - Error processing C:\Users\nikol\AppData\Roaming\MetaQuotes\Terminal\4B1CE69F577705455263BD980C39A82C\MQL5\Profiles\Tester\Alligator-Simple_01_standard.set: dictionary update sequence element #0 has length 8; 2 is required
2025-04-25 02:10:34,021 - INFO - Processing Alligator_01_standard.set
2025-04-25 02:10:34,023 - WARNING - Error processing group role_positioning: 'list' object has no attribute 'items'
2025-04-25 02:10:34,024 - ERROR - Error processing C:\Users\nikol\AppData\Roaming\MetaQuotes\Terminal\4B1CE69F577705455263BD980C39A82C\MQL5\Profiles\Tester\Alligator_01_standard.set: dictionary update sequence element #0 has length 12; 2 is required
2025-04-25 02:10:34,027 - INFO - Processing Altarius-RSI-Stohastic_01_standard.set
2025-04-25 02:10:34,029 - WARNING - Error processing group role_risk: 'list' object has no attribute 'items'
2025-04-25 02:10:34,030 - ERROR - Error processing C:\Users\nikol\AppData\Roaming\MetaQuotes\Terminal\4B1CE69F577705455263BD980C39A82C\MQL5\Profiles\Tester\Altarius-RSI-Stohastic_01_standard.set: dictionary update sequence element #0 has length 5; 2 is required
2025-04-25 02:10:34,030 - INFO - Processing AMA-Trader-2_01_standard.set
2025-04-25 02:10:34,035 - WARNING - Error processing group role_technical: 'list' object has no attribute 'items'
2025-04-25 02:10:34,037 - ERROR - Error processing C:\Users\nikol\AppData\Roaming\MetaQuotes\Terminal\4B1CE69F577705455263BD980C39A82C\MQL5\Profiles\Tester\AMA-Trader-2_01_standard.set: dictionary update sequence element #0 has length 17; 2 is required
2025-04-25 02:10:34,038 - INFO - Processing AMA-Trader_01_standard.set
2025-04-25 02:10:34,040 - WARNING - Error processing group role_risk: 'list' object has no attribute 'items'
2025-04-25 02:10:34,041 - ERROR - Error processing C:\Users\nikol\AppData\Roaming\MetaQuotes\Terminal\4B1CE69F577705455263BD980C39A82C\MQL5\Profiles\Tester\AMA-Trader_01_standard.set: dictionary update sequence element #0 has length 8; 2 is required
2025-04-25 02:10:34,042 - INFO - Processing AO-Lightning_01_standard.set
2025-04-25 02:10:34,045 - WARNING - Error processing group role_risk: 'list' object has no attribute 'items'
2025-04-25 02:10:34,047 - ERROR - Error processing C:\Users\nikol\AppData\Roaming\MetaQuotes\Terminal\4B1CE69F577705455263BD980C39A82C\MQL5\Profiles\Tester\AO-Lightning_01_standard.set: dictionary update sequence element #0 has length 9; 2 is required
2025-04-25 02:10:34,049 - INFO - Processing AOCCI_01_standard.set
2025-04-25 02:10:34,052 - WARNING - Error processing group role_risk: 'list' object has no attribute 'items'
2025-04-25 02:10:34,054 - ERROR - Error processing C:\Users\nikol\AppData\Roaming\MetaQuotes\Terminal\4B1CE69F577705455263BD980C39A82C\MQL5\Profiles\Tester\AOCCI_01_standard.set: dictionary update sequence element #0 has length 8; 2 is required
2025-04-25 02:10:34,055 - INFO - Processing Arbitrage_01_standard.set
2025-04-25 02:10:34,058 - WARNING - Error processing group role_risk: 'list' object has no attribute 'items'
2025-04-25 02:10:34,058 - ERROR - Error processing C:\Users\nikol\AppData\Roaming\MetaQuotes\Terminal\4B1CE69F577705455263BD980C39A82C\MQL5\Profiles\Tester\Arbitrage_01_standard.set: dictionary update sequence element #0 has length 22; 2 is required
2025-04-25 02:10:34,059 - INFO - Processing ArbSint_01_standard.set
2025-04-25 02:10:34,060 - WARNING - Error processing group role_system: 'list' object has no attribute 'items'
2025-04-25 02:10:34,061 - ERROR - Error processing C:\Users\nikol\AppData\Roaming\MetaQuotes\Terminal\4B1CE69F577705455263BD980C39A82C\MQL5\Profiles\Tester\ArbSint_01_standard.set: dictionary update sequence element #0 has length 7; 2 is required
2025-04-25 02:10:34,062 - INFO - Processing Area-MACD_01_standard.set
2025-04-25 02:10:34,064 - WARNING - Error processing group role_positioning: 'list' object has no attribute 'items'
2025-04-25 02:10:34,064 - ERROR - Error processing C:\Users\nikol\AppData\Roaming\MetaQuotes\Terminal\4B1CE69F577705455263BD980C39A82C\MQL5\Profiles\Tester\Area-MACD_01_standard.set: dictionary update sequence element #0 has length 12; 2 is required
2025-04-25 02:10:34,065 - INFO - Processing Artificial-Intelligence_01_standard.set
2025-04-25 02:10:34,066 - WARNING - Error processing group role_system: 'list' object has no attribute 'items'
2025-04-25 02:10:34,067 - ERROR - Error processing C:\Users\nikol\AppData\Roaming\MetaQuotes\Terminal\4B1CE69F577705455263BD980C39A82C\MQL5\Profiles\Tester\Artificial-Intelligence_01_standard.set: dictionary update sequence element #0 has length 3; 2 is required
2025-04-25 02:10:34,068 - INFO - Processing At-random-Full_01_standard.set
2025-04-25 02:10:34,071 - WARNING - Error processing group role_technical: 'list' object has no attribute 'items'
2025-04-25 02:10:34,072 - ERROR - Error processing C:\Users\nikol\AppData\Roaming\MetaQuotes\Terminal\4B1CE69F577705455263BD980C39A82C\MQL5\Profiles\Tester\At-random-Full_01_standard.set: dictionary update sequence element #0 has length 17; 2 is required
2025-04-25 02:10:34,073 - INFO - Processing At-random_01_standard.set
2025-04-25 02:10:34,075 - WARNING - Error processing group role_technical: 'list' object has no attribute 'items'
2025-04-25 02:10:34,076 - ERROR - Error processing C:\Users\nikol\AppData\Roaming\MetaQuotes\Terminal\4B1CE69F577705455263BD980C39A82C\MQL5\Profiles\Tester\At-random_01_standard.set: dictionary update sequence element #0 has length 17; 2 is required
2025-04-25 02:10:34,077 - INFO - Processing Auto-ADX_01_standard.set
2025-04-25 02:10:34,078 - WARNING - Error processing group role_positioning: 'list' object has no attribute 'items'
2025-04-25 02:10:34,079 - ERROR - Error processing C:\Users\nikol\AppData\Roaming\MetaQuotes\Terminal\4B1CE69F577705455263BD980C39A82C\MQL5\Profiles\Tester\Auto-ADX_01_standard.set: dictionary update sequence element #0 has length 12; 2 is required
2025-04-25 02:10:34,080 - INFO - Processing Auto-Pivot-Plotter-28Mid-Levels-29-41_01_standard.set
2025-04-25 02:10:34,084 - WARNING - Error processing group role_system: 'list' object has no attribute 'items'
2025-04-25 02:10:34,085 - ERROR - Error processing C:\Users\nikol\AppData\Roaming\MetaQuotes\Terminal\4B1CE69F577705455263BD980C39A82C\MQL5\Profiles\Tester\Auto-Pivot-Plotter-28Mid-Levels-29-41_01_standard.set: dictionary update sequence element #0 has length 10; 2 is required
2025-04-25 02:10:34,086 - INFO - Processing AutoLock-EA_01_standard.set
2025-04-25 02:10:34,089 - WARNING - Error processing group role_technical: 'list' object has no attribute 'items'
2025-04-25 02:10:34,090 - ERROR - Error processing C:\Users\nikol\AppData\Roaming\MetaQuotes\Terminal\4B1CE69F577705455263BD980C39A82C\MQL5\Profiles\Tester\AutoLock-EA_01_standard.set: dictionary update sequence element #0 has length 6; 2 is required
2025-04-25 02:10:34,091 - INFO - Processing Autotrader-Momentum_01_standard.set
2025-04-25 02:10:34,092 - WARNING - Error processing group role_risk: 'list' object has no attribute 'items'
2025-04-25 02:10:34,093 - ERROR - Error processing C:\Users\nikol\AppData\Roaming\MetaQuotes\Terminal\4B1CE69F577705455263BD980C39A82C\MQL5\Profiles\Tester\Autotrader-Momentum_01_standard.set: dictionary update sequence element #0 has length 8; 2 is required
2025-04-25 02:10:34,094 - INFO - Processing Avalanche-AV_01_standard.set
2025-04-25 02:10:34,096 - WARNING - Error processing group role_risk: 'list' object has no attribute 'items'
2025-04-25 02:10:34,097 - ERROR - Error processing C:\Users\nikol\AppData\Roaming\MetaQuotes\Terminal\4B1CE69F577705455263BD980C39A82C\MQL5\Profiles\Tester\Avalanche-AV_01_standard.set: dictionary update sequence element #0 has length 8; 2 is required
2025-04-25 02:10:34,098 - INFO - Processing Backbone_01_standard.set
2025-04-25 02:10:34,099 - WARNING - Error processing group role_risk: 'list' object has no attribute 'items'
2025-04-25 02:10:34,099 - ERROR - Error processing C:\Users\nikol\AppData\Roaming\MetaQuotes\Terminal\4B1CE69F577705455263BD980C39A82C\MQL5\Profiles\Tester\Backbone_01_standard.set: dictionary update sequence element #0 has length 8; 2 is required
2025-04-25 02:10:34,100 - INFO - Processing BADX_01_standard.set
2025-04-25 02:10:34,101 - WARNING - Error processing group role_positioning: 'list' object has no attribute 'items'
2025-04-25 02:10:34,102 - ERROR - Error processing C:\Users\nikol\AppData\Roaming\MetaQuotes\Terminal\4B1CE69F577705455263BD980C39A82C\MQL5\Profiles\Tester\BADX_01_standard.set: dictionary update sequence element #0 has length 12; 2 is required
2025-04-25 02:10:34,103 - INFO - Processing Bago-EA_01_standard.set
2025-04-25 02:10:34,104 - WARNING - Error processing group role_risk: 'list' object has no attribute 'items'
2025-04-25 02:10:34,105 - ERROR - Error processing C:\Users\nikol\AppData\Roaming\MetaQuotes\Terminal\4B1CE69F577705455263BD980C39A82C\MQL5\Profiles\Tester\Bago-EA_01_standard.set: dictionary update sequence element #0 has length 8; 2 is required
2025-04-25 02:10:34,106 - INFO - Processing BalancedScalper-20EA_01_standard.set
2025-04-25 02:10:34,107 - WARNING - Error processing group role_technical: 'list' object has no attribute 'items'
2025-04-25 02:10:34,108 - ERROR - Error processing C:\Users\nikol\AppData\Roaming\MetaQuotes\Terminal\4B1CE69F577705455263BD980C39A82C\MQL5\Profiles\Tester\BalancedScalper-20EA_01_standard.set: dictionary update sequence element #0 has length 6; 2 is required
2025-04-25 02:10:34,109 - INFO - Processing Bands-2_01_standard.set
2025-04-25 02:10:34,111 - WARNING - Error processing group role_risk: 'list' object has no attribute 'items'
2025-04-25 02:10:34,111 - ERROR - Error processing C:\Users\nikol\AppData\Roaming\MetaQuotes\Terminal\4B1CE69F577705455263BD980C39A82C\MQL5\Profiles\Tester\Bands-2_01_standard.set: dictionary update sequence element #0 has length 8; 2 is required
2025-04-25 02:10:34,112 - INFO - Processing BARS-Alligator_01_standard.set
2025-04-25 02:10:34,114 - WARNING - Error processing group role_positioning: 'list' object has no attribute 'items'
2025-04-25 02:10:34,114 - ERROR - Error processing C:\Users\nikol\AppData\Roaming\MetaQuotes\Terminal\4B1CE69F577705455263BD980C39A82C\MQL5\Profiles\Tester\BARS-Alligator_01_standard.set: dictionary update sequence element #0 has length 12; 2 is required
2025-04-25 02:10:34,115 - INFO - Processing Basic-CCI-RSI_01_standard.set
2025-04-25 02:10:34,117 - WARNING - Error processing group role_risk: 'list' object has no attribute 'items'
2025-04-25 02:10:34,118 - ERROR - Error processing C:\Users\nikol\AppData\Roaming\MetaQuotes\Terminal\4B1CE69F577705455263BD980C39A82C\MQL5\Profiles\Tester\Basic-CCI-RSI_01_standard.set: dictionary update sequence element #0 has length 8; 2 is required
2025-04-25 02:10:34,118 - INFO - Processing Basic-Martingale-EA-3_01_standard.set
2025-04-25 02:10:34,120 - WARNING - Error processing group role_risk: 'list' object has no attribute 'items'
2025-04-25 02:10:34,121 - ERROR - Error processing C:\Users\nikol\AppData\Roaming\MetaQuotes\Terminal\4B1CE69F577705455263BD980C39A82C\MQL5\Profiles\Tester\Basic-Martingale-EA-3_01_standard.set: dictionary update sequence element #0 has length 11; 2 is required
2025-04-25 02:10:34,121 - INFO - Processing BB-stops-MT5_01_standard.set
2025-04-25 02:10:34,123 - WARNING - Error processing group role_technical: 'list' object has no attribute 'items'
2025-04-25 02:10:34,124 - ERROR - Error processing C:\Users\nikol\AppData\Roaming\MetaQuotes\Terminal\4B1CE69F577705455263BD980C39A82C\MQL5\Profiles\Tester\BB-stops-MT5_01_standard.set: dictionary update sequence element #0 has length 12; 2 is required
2025-04-25 02:10:34,125 - INFO - Processing BBPercentile-EA_01_standard.set
2025-04-25 02:10:34,128 - WARNING - Error processing group role_system: 'list' object has no attribute 'items'
2025-04-25 02:10:34,128 - ERROR - Error processing C:\Users\nikol\AppData\Roaming\MetaQuotes\Terminal\4B1CE69F577705455263BD980C39A82C\MQL5\Profiles\Tester\BBPercentile-EA_01_standard.set: dictionary update sequence element #0 has length 11; 2 is required
2025-04-25 02:10:34,129 - INFO - Processing BBPercentile_01_standard.set
2025-04-25 02:10:34,130 - WARNING - Error processing group role_technical: 'list' object has no attribute 'items'
2025-04-25 02:10:34,131 - ERROR - Error processing C:\Users\nikol\AppData\Roaming\MetaQuotes\Terminal\4B1CE69F577705455263BD980C39A82C\MQL5\Profiles\Tester\BBPercentile_01_standard.set: dictionary update sequence element #0 has length 7; 2 is required
2025-04-25 02:10:34,132 - INFO - Processing BDCrossOver-20EA_01_standard.set
2025-04-25 02:10:34,134 - WARNING - Error processing group role_system: 'list' object has no attribute 'items'
2025-04-25 02:10:34,134 - ERROR - Error processing C:\Users\nikol\AppData\Roaming\MetaQuotes\Terminal\4B1CE69F577705455263BD980C39A82C\MQL5\Profiles\Tester\BDCrossOver-20EA_01_standard.set: dictionary update sequence element #0 has length 8; 2 is required
2025-04-25 02:10:34,135 - INFO - Processing BIG-DOG_01_standard.set
2025-04-25 02:10:34,136 - WARNING - Error processing group role_system: 'list' object has no attribute 'items'
2025-04-25 02:10:34,136 - ERROR - Error processing C:\Users\nikol\AppData\Roaming\MetaQuotes\Terminal\4B1CE69F577705455263BD980C39A82C\MQL5\Profiles\Tester\BIG-DOG_01_standard.set: dictionary update sequence element #0 has length 10; 2 is required
2025-04-25 02:10:34,137 - INFO - Processing Bill-Williams_01_standard.set
2025-04-25 02:10:34,139 - WARNING - Error processing group role_positioning: 'list' object has no attribute 'items'
2025-04-25 02:10:34,140 - ERROR - Error processing C:\Users\nikol\AppData\Roaming\MetaQuotes\Terminal\4B1CE69F577705455263BD980C39A82C\MQL5\Profiles\Tester\Bill-Williams_01_standard.set: dictionary update sequence element #0 has length 12; 2 is required
2025-04-25 02:10:34,140 - INFO - Processing Bollinger-Band-Two-MA-and-Zig-Zag_01_standard.set
2025-04-25 02:10:34,142 - WARNING - Error processing group role_system: 'list' object has no attribute 'items'
2025-04-25 02:10:34,142 - ERROR - Error processing C:\Users\nikol\AppData\Roaming\MetaQuotes\Terminal\4B1CE69F577705455263BD980C39A82C\MQL5\Profiles\Tester\Bollinger-Band-Two-MA-and-Zig-Zag_01_standard.set: dictionary update sequence element #0 has length 5; 2 is required
2025-04-25 02:10:34,144 - INFO - Processing Bollinger-Bands-N-positions_01_standard.set
2025-04-25 02:10:34,145 - WARNING - Error processing group role_risk: 'list' object has no attribute 'items'
2025-04-25 02:10:34,146 - ERROR - Error processing C:\Users\nikol\AppData\Roaming\MetaQuotes\Terminal\4B1CE69F577705455263BD980C39A82C\MQL5\Profiles\Tester\Bollinger-Bands-N-positions_01_standard.set: dictionary update sequence element #0 has length 8; 2 is required
2025-04-25 02:10:34,147 - INFO - Processing Bollinger-Bands-RSI_01_standard.set
2025-04-25 02:10:34,148 - WARNING - Error processing group role_system: 'list' object has no attribute 'items'
2025-04-25 02:10:34,149 - ERROR - Error processing C:\Users\nikol\AppData\Roaming\MetaQuotes\Terminal\4B1CE69F577705455263BD980C39A82C\MQL5\Profiles\Tester\Bollinger-Bands-RSI_01_standard.set: dictionary update sequence element #0 has length 6; 2 is required
2025-04-25 02:10:34,150 - INFO - Processing bollinger_01_standard.set
2025-04-25 02:10:34,151 - WARNING - Error processing group role_technical: 'list' object has no attribute 'items'
2025-04-25 02:10:34,152 - ERROR - Error processing C:\Users\nikol\AppData\Roaming\MetaQuotes\Terminal\4B1CE69F577705455263BD980C39A82C\MQL5\Profiles\Tester\bollinger_01_standard.set: dictionary update sequence element #0 has length 15; 2 is required
2025-04-25 02:10:34,153 - INFO - Processing Brakeout-Trader_01_standard.set
2025-04-25 02:10:34,154 - WARNING - Error processing group role_positioning: 'list' object has no attribute 'items'
2025-04-25 02:10:34,155 - ERROR - Error processing C:\Users\nikol\AppData\Roaming\MetaQuotes\Terminal\4B1CE69F577705455263BD980C39A82C\MQL5\Profiles\Tester\Brakeout-Trader_01_standard.set: dictionary update sequence element #0 has length 8; 2 is required
2025-04-25 02:10:34,155 - INFO - Processing Brandy_01_standard.set
2025-04-25 02:10:34,157 - WARNING - Error processing group role_risk: 'list' object has no attribute 'items'
2025-04-25 02:10:34,158 - ERROR - Error processing C:\Users\nikol\AppData\Roaming\MetaQuotes\Terminal\4B1CE69F577705455263BD980C39A82C\MQL5\Profiles\Tester\Brandy_01_standard.set: dictionary update sequence element #0 has length 8; 2 is required
2025-04-25 02:10:34,159 - INFO - Processing Breadandbutter2_01_standard.set
2025-04-25 02:10:34,160 - WARNING - Error processing group role_risk: 'list' object has no attribute 'items'
2025-04-25 02:10:34,160 - ERROR - Error processing C:\Users\nikol\AppData\Roaming\MetaQuotes\Terminal\4B1CE69F577705455263BD980C39A82C\MQL5\Profiles\Tester\Breadandbutter2_01_standard.set: dictionary update sequence element #0 has length 8; 2 is required
2025-04-25 02:10:34,161 - INFO - Processing Breakdown-catcher_01_standard.set
2025-04-25 02:10:34,163 - WARNING - Error processing group role_positioning: 'list' object has no attribute 'items'
2025-04-25 02:10:34,164 - ERROR - Error processing C:\Users\nikol\AppData\Roaming\MetaQuotes\Terminal\4B1CE69F577705455263BD980C39A82C\MQL5\Profiles\Tester\Breakdown-catcher_01_standard.set: dictionary update sequence element #0 has length 12; 2 is required
2025-04-25 02:10:34,164 - INFO - Processing breakdown_01_standard.set
2025-04-25 02:10:34,166 - WARNING - Error processing group role_positioning: 'list' object has no attribute 'items'
2025-04-25 02:10:34,167 - ERROR - Error processing C:\Users\nikol\AppData\Roaming\MetaQuotes\Terminal\4B1CE69F577705455263BD980C39A82C\MQL5\Profiles\Tester\breakdown_01_standard.set: dictionary update sequence element #0 has length 12; 2 is required
2025-04-25 02:10:34,168 - INFO - Processing Breakout-Str_01_standard.set
2025-04-25 02:10:34,170 - WARNING - Error processing group role_technical: 'list' object has no attribute 'items'
2025-04-25 02:10:34,170 - ERROR - Error processing C:\Users\nikol\AppData\Roaming\MetaQuotes\Terminal\4B1CE69F577705455263BD980C39A82C\MQL5\Profiles\Tester\Breakout-Str_01_standard.set: dictionary update sequence element #0 has length 12; 2 is required
2025-04-25 02:10:34,171 - INFO - Processing Bronze-Warrioir_01_standard.set
2025-04-25 02:10:34,173 - WARNING - Error processing group role_risk: 'list' object has no attribute 'items'
2025-04-25 02:10:34,173 - ERROR - Error processing C:\Users\nikol\AppData\Roaming\MetaQuotes\Terminal\4B1CE69F577705455263BD980C39A82C\MQL5\Profiles\Tester\Bronze-Warrioir_01_standard.set: dictionary update sequence element #0 has length 8; 2 is required
2025-04-25 02:10:34,174 - INFO - Processing Bruno_01_standard.set
2025-04-25 02:10:34,176 - WARNING - Error processing group role_risk: 'list' object has no attribute 'items'
2025-04-25 02:10:34,177 - ERROR - Error processing C:\Users\nikol\AppData\Roaming\MetaQuotes\Terminal\4B1CE69F577705455263BD980C39A82C\MQL5\Profiles\Tester\Bruno_01_standard.set: dictionary update sequence element #0 has length 8; 2 is required
2025-04-25 02:10:34,178 - INFO - Processing BSS-1-0_01_standard.set
2025-04-25 02:10:34,181 - WARNING - Error processing group role_risk: 'list' object has no attribute 'items'
2025-04-25 02:10:34,182 - ERROR - Error processing C:\Users\nikol\AppData\Roaming\MetaQuotes\Terminal\4B1CE69F577705455263BD980C39A82C\MQL5\Profiles\Tester\BSS-1-0_01_standard.set: dictionary update sequence element #0 has length 8; 2 is required
2025-04-25 02:10:34,182 - INFO - Processing Bullish-and-Bearish-Engulfing_01_standard.set
2025-04-25 02:10:34,184 - WARNING - Error processing group role_system: 'list' object has no attribute 'items'
2025-04-25 02:10:34,184 - ERROR - Error processing C:\Users\nikol\AppData\Roaming\MetaQuotes\Terminal\4B1CE69F577705455263BD980C39A82C\MQL5\Profiles\Tester\Bullish-and-Bearish-Engulfing_01_standard.set: dictionary update sequence element #0 has length 20; 2 is required
2025-04-25 02:10:34,186 - INFO - Processing Burg-Extrapolator_01_standard.set
2025-04-25 02:10:34,188 - WARNING - Error processing group role_risk: 'list' object has no attribute 'items'
2025-04-25 02:10:34,189 - ERROR - Error processing C:\Users\nikol\AppData\Roaming\MetaQuotes\Terminal\4B1CE69F577705455263BD980C39A82C\MQL5\Profiles\Tester\Burg-Extrapolator_01_standard.set: dictionary update sequence element #0 has length 5; 2 is required
2025-04-25 02:10:34,190 - INFO - Processing BykovTrend-EA_01_standard.set
2025-04-25 02:10:34,192 - WARNING - Error processing group role_system: 'list' object has no attribute 'items'
2025-04-25 02:10:34,193 - ERROR - Error processing C:\Users\nikol\AppData\Roaming\MetaQuotes\Terminal\4B1CE69F577705455263BD980C39A82C\MQL5\Profiles\Tester\BykovTrend-EA_01_standard.set: dictionary update sequence element #0 has length 11; 2 is required
2025-04-25 02:10:34,194 - INFO - Processing BykovTrend_EA_v3_01_standard.set
2025-04-25 02:10:34,196 - WARNING - Error processing group role_system: 'list' object has no attribute 'items'
2025-04-25 02:10:34,196 - ERROR - Error processing C:\Users\nikol\AppData\Roaming\MetaQuotes\Terminal\4B1CE69F577705455263BD980C39A82C\MQL5\Profiles\Tester\BykovTrend_EA_v3_01_standard.set: dictionary update sequence element #0 has length 11; 2 is required
2025-04-25 02:10:34,197 - INFO - Processing Calculate-lotsize-and-Trailling-stop_01_standard.set
2025-04-25 02:10:34,198 - WARNING - Error processing group role_risk: 'list' object has no attribute 'items'
2025-04-25 02:10:34,199 - ERROR - Error processing C:\Users\nikol\AppData\Roaming\MetaQuotes\Terminal\4B1CE69F577705455263BD980C39A82C\MQL5\Profiles\Tester\Calculate-lotsize-and-Trailling-stop_01_standard.set: dictionary update sequence element #0 has length 13; 2 is required
2025-04-25 02:10:34,199 - INFO - Processing candlepatternsexample_01_standard.set
2025-04-25 02:10:34,202 - WARNING - Error processing group role_technical: 'list' object has no attribute 'items'
2025-04-25 02:10:34,203 - ERROR - Error processing C:\Users\nikol\AppData\Roaming\MetaQuotes\Terminal\4B1CE69F577705455263BD980C39A82C\MQL5\Profiles\Tester\candlepatternsexample_01_standard.set: dictionary update sequence element #0 has length 6; 2 is required
2025-04-25 02:10:34,204 - INFO - Processing Candle_01_standard.set
2025-04-25 02:10:34,205 - WARNING - Error processing group role_risk: 'list' object has no attribute 'items'
2025-04-25 02:10:34,205 - ERROR - Error processing C:\Users\nikol\AppData\Roaming\MetaQuotes\Terminal\4B1CE69F577705455263BD980C39A82C\MQL5\Profiles\Tester\Candle_01_standard.set: dictionary update sequence element #0 has length 8; 2 is required
2025-04-25 02:10:34,206 - INFO - Processing Carbophos_01_standard.set
2025-04-25 02:10:34,208 - WARNING - Error processing group role_positioning: 'list' object has no attribute 'items'
2025-04-25 02:10:34,209 - ERROR - Error processing C:\Users\nikol\AppData\Roaming\MetaQuotes\Terminal\4B1CE69F577705455263BD980C39A82C\MQL5\Profiles\Tester\Carbophos_01_standard.set: dictionary update sequence element #0 has length 16; 2 is required
2025-04-25 02:10:34,210 - INFO - Processing CashMachine-5min_01_standard.set
2025-04-25 02:10:34,211 - WARNING - Error processing group role_positioning: 'list' object has no attribute 'items'
2025-04-25 02:10:34,211 - ERROR - Error processing C:\Users\nikol\AppData\Roaming\MetaQuotes\Terminal\4B1CE69F577705455263BD980C39A82C\MQL5\Profiles\Tester\CashMachine-5min_01_standard.set: dictionary update sequence element #0 has length 18; 2 is required
2025-04-25 02:10:34,212 - INFO - Processing CCI-MACD-Scalper_01_standard.set
2025-04-25 02:10:34,213 - WARNING - Error processing group role_technical: 'list' object has no attribute 'items'
2025-04-25 02:10:34,214 - ERROR - Error processing C:\Users\nikol\AppData\Roaming\MetaQuotes\Terminal\4B1CE69F577705455263BD980C39A82C\MQL5\Profiles\Tester\CCI-MACD-Scalper_01_standard.set: dictionary update sequence element #0 has length 12; 2 is required
2025-04-25 02:10:34,215 - INFO - Processing Cidomo_01_standard.set
2025-04-25 02:10:34,216 - WARNING - Error processing group role_positioning: 'list' object has no attribute 'items'
2025-04-25 02:10:34,217 - ERROR - Error processing C:\Users\nikol\AppData\Roaming\MetaQuotes\Terminal\4B1CE69F577705455263BD980C39A82C\MQL5\Profiles\Tester\Cidomo_01_standard.set: dictionary update sequence element #0 has length 12; 2 is required
2025-04-25 02:10:34,217 - INFO - Processing CloseAgent_01_standard.set
2025-04-25 02:10:34,219 - WARNING - Error processing group role_system: 'list' object has no attribute 'items'
2025-04-25 02:10:34,219 - ERROR - Error processing C:\Users\nikol\AppData\Roaming\MetaQuotes\Terminal\4B1CE69F577705455263BD980C39A82C\MQL5\Profiles\Tester\CloseAgent_01_standard.set: dictionary update sequence element #0 has length 10; 2 is required
2025-04-25 02:10:34,220 - INFO - Processing CloseProfit_01_standard.set
2025-04-25 02:10:34,221 - WARNING - Error processing group role_positioning: 'list' object has no attribute 'items'
2025-04-25 02:10:34,222 - ERROR - Error processing C:\Users\nikol\AppData\Roaming\MetaQuotes\Terminal\4B1CE69F577705455263BD980C39A82C\MQL5\Profiles\Tester\CloseProfit_01_standard.set: dictionary update sequence element #0 has length 12; 2 is required
2025-04-25 02:10:34,223 - INFO - Processing cloud's-trade-2_01_standard.set
2025-04-25 02:10:34,224 - WARNING - Error processing group role_risk: 'list' object has no attribute 'items'
2025-04-25 02:10:34,224 - ERROR - Error processing C:\Users\nikol\AppData\Roaming\MetaQuotes\Terminal\4B1CE69F577705455263BD980C39A82C\MQL5\Profiles\Tester\cloud's-trade-2_01_standard.set: dictionary update sequence element #0 has length 8; 2 is required
2025-04-25 02:10:34,225 - INFO - Processing CLOUD_01_standard.set
2025-04-25 02:10:34,226 - WARNING - Error processing group role_technical: 'list' object has no attribute 'items'
2025-04-25 02:10:34,226 - ERROR - Error processing C:\Users\nikol\AppData\Roaming\MetaQuotes\Terminal\4B1CE69F577705455263BD980C39A82C\MQL5\Profiles\Tester\CLOUD_01_standard.set: dictionary update sequence element #0 has length 20; 2 is required
2025-04-25 02:10:34,227 - INFO - Processing Constituents-EA_01_standard.set
2025-04-25 02:10:34,228 - WARNING - Error processing group role_positioning: 'list' object has no attribute 'items'
2025-04-25 02:10:34,229 - ERROR - Error processing C:\Users\nikol\AppData\Roaming\MetaQuotes\Terminal\4B1CE69F577705455263BD980C39A82C\MQL5\Profiles\Tester\Constituents-EA_01_standard.set: dictionary update sequence element #0 has length 12; 2 is required
2025-04-25 02:10:34,229 - INFO - Processing Contrarian-trade-MA_01_standard.set
2025-04-25 02:10:34,230 - WARNING - Error processing group role_risk: 'list' object has no attribute 'items'
2025-04-25 02:10:34,231 - ERROR - Error processing C:\Users\nikol\AppData\Roaming\MetaQuotes\Terminal\4B1CE69F577705455263BD980C39A82C\MQL5\Profiles\Tester\Contrarian-trade-MA_01_standard.set: dictionary update sequence element #0 has length 8; 2 is required
2025-04-25 02:10:34,232 - INFO - Processing Crossing-Moving-Average_01_standard.set
2025-04-25 02:10:34,233 - WARNING - Error processing group role_risk: 'list' object has no attribute 'items'
2025-04-25 02:10:34,233 - ERROR - Error processing C:\Users\nikol\AppData\Roaming\MetaQuotes\Terminal\4B1CE69F577705455263BD980C39A82C\MQL5\Profiles\Tester\Crossing-Moving-Average_01_standard.set: dictionary update sequence element #0 has length 8; 2 is required
2025-04-25 02:10:34,234 - INFO - Processing CrossMA_01_standard.set
2025-04-25 02:10:34,236 - WARNING - Error processing group role_technical: 'list' object has no attribute 'items'
2025-04-25 02:10:34,237 - ERROR - Error processing C:\Users\nikol\AppData\Roaming\MetaQuotes\Terminal\4B1CE69F577705455263BD980C39A82C\MQL5\Profiles\Tester\CrossMA_01_standard.set: dictionary update sequence element #0 has length 6; 2 is required
2025-04-25 02:10:34,237 - INFO - Processing Currencyprofits-01.1_01_standard.set
2025-04-25 02:10:34,238 - WARNING - Error processing group role_positioning: 'list' object has no attribute 'items'
2025-04-25 02:10:34,239 - ERROR - Error processing C:\Users\nikol\AppData\Roaming\MetaQuotes\Terminal\4B1CE69F577705455263BD980C39A82C\MQL5\Profiles\Tester\Currencyprofits-01.1_01_standard.set: dictionary update sequence element #0 has length 12; 2 is required
2025-04-25 02:10:34,240 - INFO - Processing Daily-20reversal-20-20EA_01_standard.set
2025-04-25 02:10:34,241 - WARNING - Error processing group role_system: 'list' object has no attribute 'items'
2025-04-25 02:10:34,242 - ERROR - Error processing C:\Users\nikol\AppData\Roaming\MetaQuotes\Terminal\4B1CE69F577705455263BD980C39A82C\MQL5\Profiles\Tester\Daily-20reversal-20-20EA_01_standard.set: dictionary update sequence element #0 has length 8; 2 is required
2025-04-25 02:10:34,243 - INFO - Processing Daily-BreakPoint_01_standard.set
2025-04-25 02:10:34,245 - WARNING - Error processing group role_risk: 'list' object has no attribute 'items'
2025-04-25 02:10:34,246 - ERROR - Error processing C:\Users\nikol\AppData\Roaming\MetaQuotes\Terminal\4B1CE69F577705455263BD980C39A82C\MQL5\Profiles\Tester\Daily-BreakPoint_01_standard.set: dictionary update sequence element #0 has length 13; 2 is required
2025-04-25 02:10:34,247 - INFO - Processing Daily-Open-EA_01_standard.set
2025-04-25 02:10:34,249 - WARNING - Error processing group role_technical: 'list' object has no attribute 'items'
2025-04-25 02:10:34,250 - ERROR - Error processing C:\Users\nikol\AppData\Roaming\MetaQuotes\Terminal\4B1CE69F577705455263BD980C39A82C\MQL5\Profiles\Tester\Daily-Open-EA_01_standard.set: dictionary update sequence element #0 has length 6; 2 is required
2025-04-25 02:10:34,251 - INFO - Processing Daily-range_01_standard.set
2025-04-25 02:10:34,252 - WARNING - Error processing group role_system: 'list' object has no attribute 'items'
2025-04-25 02:10:34,252 - ERROR - Error processing C:\Users\nikol\AppData\Roaming\MetaQuotes\Terminal\4B1CE69F577705455263BD980C39A82C\MQL5\Profiles\Tester\Daily-range_01_standard.set: dictionary update sequence element #0 has length 14; 2 is required
2025-04-25 02:10:34,253 - INFO - Processing Day-Trading-PAMXA_01_standard.set
2025-04-25 02:10:34,254 - WARNING - Error processing group role_positioning: 'list' object has no attribute 'items'
2025-04-25 02:10:34,255 - ERROR - Error processing C:\Users\nikol\AppData\Roaming\MetaQuotes\Terminal\4B1CE69F577705455263BD980C39A82C\MQL5\Profiles\Tester\Day-Trading-PAMXA_01_standard.set: dictionary update sequence element #0 has length 12; 2 is required
2025-04-25 02:10:34,256 - INFO - Processing Daydream_01_standard.set
2025-04-25 02:10:34,257 - WARNING - Error processing group role_risk: 'list' object has no attribute 'items'
2025-04-25 02:10:34,258 - ERROR - Error processing C:\Users\nikol\AppData\Roaming\MetaQuotes\Terminal\4B1CE69F577705455263BD980C39A82C\MQL5\Profiles\Tester\Daydream_01_standard.set: dictionary update sequence element #0 has length 8; 2 is required
2025-04-25 02:10:34,258 - INFO - Processing DayTrading_01_standard.set
2025-04-25 02:10:34,259 - WARNING - Error processing group role_risk: 'list' object has no attribute 'items'
2025-04-25 02:10:34,260 - ERROR - Error processing C:\Users\nikol\AppData\Roaming\MetaQuotes\Terminal\4B1CE69F577705455263BD980C39A82C\MQL5\Profiles\Tester\DayTrading_01_standard.set: dictionary update sequence element #0 has length 7; 2 is required
2025-04-25 02:10:34,260 - INFO - Processing Dealers-Trade-v-7.74-MACD_01_standard.set
2025-04-25 02:10:34,261 - WARNING - Error processing group role_risk: 'list' object has no attribute 'items'
2025-04-25 02:10:34,262 - ERROR - Error processing C:\Users\nikol\AppData\Roaming\MetaQuotes\Terminal\4B1CE69F577705455263BD980C39A82C\MQL5\Profiles\Tester\Dealers-Trade-v-7.74-MACD_01_standard.set: dictionary update sequence element #0 has length 8; 2 is required
2025-04-25 02:10:34,263 - INFO - Processing Deep-Drawdown-MA_01_standard.set
2025-04-25 02:10:34,264 - WARNING - Error processing group role_risk: 'list' object has no attribute 'items'
2025-04-25 02:10:34,264 - ERROR - Error processing C:\Users\nikol\AppData\Roaming\MetaQuotes\Terminal\4B1CE69F577705455263BD980C39A82C\MQL5\Profiles\Tester\Deep-Drawdown-MA_01_standard.set: dictionary update sequence element #0 has length 8; 2 is required
2025-04-25 02:10:34,265 - INFO - Processing DeMarker-gaining-position-volume-2_01_standard.set
2025-04-25 02:10:34,266 - WARNING - Error processing group role_technical: 'list' object has no attribute 'items'
2025-04-25 02:10:34,267 - ERROR - Error processing C:\Users\nikol\AppData\Roaming\MetaQuotes\Terminal\4B1CE69F577705455263BD980C39A82C\MQL5\Profiles\Tester\DeMarker-gaining-position-volume-2_01_standard.set: dictionary update sequence element #0 has length 17; 2 is required
2025-04-25 02:10:34,268 - INFO - Processing DeMarker-gaining-position-volume_01_standard.set
2025-04-25 02:10:34,269 - WARNING - Error processing group role_technical: 'list' object has no attribute 'items'
2025-04-25 02:10:34,270 - ERROR - Error processing C:\Users\nikol\AppData\Roaming\MetaQuotes\Terminal\4B1CE69F577705455263BD980C39A82C\MQL5\Profiles\Tester\DeMarker-gaining-position-volume_01_standard.set: dictionary update sequence element #0 has length 17; 2 is required
2025-04-25 02:10:34,271 - INFO - Processing DeMarker-Pending-2-5_01_standard.set
2025-04-25 02:10:34,272 - WARNING - Error processing group role_technical: 'list' object has no attribute 'items'
2025-04-25 02:10:34,273 - ERROR - Error processing C:\Users\nikol\AppData\Roaming\MetaQuotes\Terminal\4B1CE69F577705455263BD980C39A82C\MQL5\Profiles\Tester\DeMarker-Pending-2-5_01_standard.set: dictionary update sequence element #0 has length 17; 2 is required
2025-04-25 02:10:34,273 - INFO - Processing DeMarker-Pending-2_01_standard.set
2025-04-25 02:10:34,275 - WARNING - Error processing group role_technical: 'list' object has no attribute 'items'
2025-04-25 02:10:34,276 - ERROR - Error processing C:\Users\nikol\AppData\Roaming\MetaQuotes\Terminal\4B1CE69F577705455263BD980C39A82C\MQL5\Profiles\Tester\DeMarker-Pending-2_01_standard.set: dictionary update sequence element #0 has length 17; 2 is required
2025-04-25 02:10:34,277 - INFO - Processing DeMarker-Pending_01_standard.set
2025-04-25 02:10:34,278 - WARNING - Error processing group role_technical: 'list' object has no attribute 'items'
2025-04-25 02:10:34,279 - ERROR - Error processing C:\Users\nikol\AppData\Roaming\MetaQuotes\Terminal\4B1CE69F577705455263BD980C39A82C\MQL5\Profiles\Tester\DeMarker-Pending_01_standard.set: dictionary update sequence element #0 has length 17; 2 is required
2025-04-25 02:10:34,280 - INFO - Processing Dematus_01_standard.set
2025-04-25 02:10:34,281 - WARNING - Error processing group role_risk: 'list' object has no attribute 'items'
2025-04-25 02:10:34,281 - ERROR - Error processing C:\Users\nikol\AppData\Roaming\MetaQuotes\Terminal\4B1CE69F577705455263BD980C39A82C\MQL5\Profiles\Tester\Dematus_01_standard.set: dictionary update sequence element #0 has length 8; 2 is required
2025-04-25 02:10:34,282 - INFO - Processing Divergence-20for-20many-20indicator_01_standard.set
2025-04-25 02:10:34,284 - WARNING - Error processing group role_system: 'list' object has no attribute 'items'
2025-04-25 02:10:34,285 - ERROR - Error processing C:\Users\nikol\AppData\Roaming\MetaQuotes\Terminal\4B1CE69F577705455263BD980C39A82C\MQL5\Profiles\Tester\Divergence-20for-20many-20indicator_01_standard.set: dictionary update sequence element #0 has length 3; 2 is required
2025-04-25 02:10:34,286 - INFO - Processing Divergence-EA_01_standard.set
2025-04-25 02:10:34,287 - WARNING - Error processing group role_system: 'list' object has no attribute 'items'
2025-04-25 02:10:34,288 - ERROR - Error processing C:\Users\nikol\AppData\Roaming\MetaQuotes\Terminal\4B1CE69F577705455263BD980C39A82C\MQL5\Profiles\Tester\Divergence-EA_01_standard.set: dictionary update sequence element #0 has length 11; 2 is required
2025-04-25 02:10:34,288 - INFO - Processing Doji-Arrows_01_standard.set
2025-04-25 02:10:34,290 - WARNING - Error processing group role_risk: 'list' object has no attribute 'items'
2025-04-25 02:10:34,290 - ERROR - Error processing C:\Users\nikol\AppData\Roaming\MetaQuotes\Terminal\4B1CE69F577705455263BD980C39A82C\MQL5\Profiles\Tester\Doji-Arrows_01_standard.set: dictionary update sequence element #0 has length 8; 2 is required
2025-04-25 02:10:34,291 - INFO - Processing DojiTrader_01_standard.set
2025-04-25 02:10:34,292 - WARNING - Error processing group role_risk: 'list' object has no attribute 'items'
2025-04-25 02:10:34,293 - ERROR - Error processing C:\Users\nikol\AppData\Roaming\MetaQuotes\Terminal\4B1CE69F577705455263BD980C39A82C\MQL5\Profiles\Tester\DojiTrader_01_standard.set: dictionary update sequence element #0 has length 8; 2 is required
2025-04-25 02:10:34,293 - INFO - Processing Donchian-Chanel-EA_01_standard.set
2025-04-25 02:10:34,295 - WARNING - Error processing group role_technical: 'list' object has no attribute 'items'
2025-04-25 02:10:34,296 - ERROR - Error processing C:\Users\nikol\AppData\Roaming\MetaQuotes\Terminal\4B1CE69F577705455263BD980C39A82C\MQL5\Profiles\Tester\Donchian-Chanel-EA_01_standard.set: dictionary update sequence element #0 has length 6; 2 is required
2025-04-25 02:10:34,297 - INFO - Processing DoubleHullMA-EA_01_standard.set
2025-04-25 02:10:34,299 - WARNING - Error processing group role_system: 'list' object has no attribute 'items'
2025-04-25 02:10:34,300 - ERROR - Error processing C:\Users\nikol\AppData\Roaming\MetaQuotes\Terminal\4B1CE69F577705455263BD980C39A82C\MQL5\Profiles\Tester\DoubleHullMA-EA_01_standard.set: dictionary update sequence element #0 has length 23; 2 is required
2025-04-25 02:10:34,300 - INFO - Processing DoubleHullMA_01_standard.set
2025-04-25 02:10:34,302 - WARNING - Error processing group role_system: 'list' object has no attribute 'items'
2025-04-25 02:10:34,302 - ERROR - Error processing C:\Users\nikol\AppData\Roaming\MetaQuotes\Terminal\4B1CE69F577705455263BD980C39A82C\MQL5\Profiles\Tester\DoubleHullMA_01_standard.set: dictionary update sequence element #0 has length 17; 2 is required
2025-04-25 02:10:34,303 - INFO - Processing DoubleMA-Crossover-EA_01_standard.set
2025-04-25 02:10:34,305 - WARNING - Error processing group role_system: 'list' object has no attribute 'items'
2025-04-25 02:10:34,306 - ERROR - Error processing C:\Users\nikol\AppData\Roaming\MetaQuotes\Terminal\4B1CE69F577705455263BD980C39A82C\MQL5\Profiles\Tester\DoubleMA-Crossover-EA_01_standard.set: dictionary update sequence element #0 has length 14; 2 is required
2025-04-25 02:10:34,306 - INFO - Processing Doubler_01_standard.set
2025-04-25 02:10:34,308 - WARNING - Error processing group role_risk: 'list' object has no attribute 'items'
2025-04-25 02:10:34,308 - ERROR - Error processing C:\Users\nikol\AppData\Roaming\MetaQuotes\Terminal\4B1CE69F577705455263BD980C39A82C\MQL5\Profiles\Tester\Doubler_01_standard.set: dictionary update sequence element #0 has length 8; 2 is required
2025-04-25 02:10:34,309 - INFO - Processing Driver-EA-MT5_01_standard.set
2025-04-25 02:10:34,311 - WARNING - Error processing group role_system: 'list' object has no attribute 'items'
2025-04-25 02:10:34,312 - ERROR - Error processing C:\Users\nikol\AppData\Roaming\MetaQuotes\Terminal\4B1CE69F577705455263BD980C39A82C\MQL5\Profiles\Tester\Driver-EA-MT5_01_standard.set: dictionary update sequence element #0 has length 11; 2 is required
2025-04-25 02:10:34,313 - INFO - Processing dummy_01_standard.set
2025-04-25 02:10:34,314 - WARNING - Error processing group role_positioning: 'list' object has no attribute 'items'
2025-04-25 02:10:34,315 - ERROR - Error processing C:\Users\nikol\AppData\Roaming\MetaQuotes\Terminal\4B1CE69F577705455263BD980C39A82C\MQL5\Profiles\Tester\dummy_01_standard.set: dictionary update sequence element #0 has length 14; 2 is required
2025-04-25 02:10:34,316 - INFO - Processing Dynamic-averaging_01_standard.set
2025-04-25 02:10:34,318 - WARNING - Error processing group role_risk: 'list' object has no attribute 'items'
2025-04-25 02:10:34,319 - ERROR - Error processing C:\Users\nikol\AppData\Roaming\MetaQuotes\Terminal\4B1CE69F577705455263BD980C39A82C\MQL5\Profiles\Tester\Dynamic-averaging_01_standard.set: dictionary update sequence element #0 has length 8; 2 is required
2025-04-25 02:10:34,320 - INFO - Processing e-Breakeven_01_standard.set
2025-04-25 02:10:34,321 - WARNING - Error processing group role_positioning: 'list' object has no attribute 'items'
2025-04-25 02:10:34,322 - ERROR - Error processing C:\Users\nikol\AppData\Roaming\MetaQuotes\Terminal\4B1CE69F577705455263BD980C39A82C\MQL5\Profiles\Tester\e-Breakeven_01_standard.set: dictionary update sequence element #0 has length 16; 2 is required
2025-04-25 02:10:34,323 - INFO - Processing E-Friday_01_standard.set
2025-04-25 02:10:34,324 - WARNING - Error processing group role_risk: 'list' object has no attribute 'items'
2025-04-25 02:10:34,325 - ERROR - Error processing C:\Users\nikol\AppData\Roaming\MetaQuotes\Terminal\4B1CE69F577705455263BD980C39A82C\MQL5\Profiles\Tester\E-Friday_01_standard.set: dictionary update sequence element #0 has length 8; 2 is required
2025-04-25 02:10:34,327 - INFO - Processing E-Skoch-Open_01_standard.set
2025-04-25 02:10:34,328 - WARNING - Error processing group role_positioning: 'list' object has no attribute 'items'
2025-04-25 02:10:34,329 - ERROR - Error processing C:\Users\nikol\AppData\Roaming\MetaQuotes\Terminal\4B1CE69F577705455263BD980C39A82C\MQL5\Profiles\Tester\E-Skoch-Open_01_standard.set: dictionary update sequence element #0 has length 9; 2 is required
2025-04-25 02:10:34,331 - INFO - Processing e-Skoch-pending-orders_01_standard.set
2025-04-25 02:10:34,335 - WARNING - Error processing group role_risk: 'list' object has no attribute 'items'
2025-04-25 02:10:34,336 - ERROR - Error processing C:\Users\nikol\AppData\Roaming\MetaQuotes\Terminal\4B1CE69F577705455263BD980C39A82C\MQL5\Profiles\Tester\e-Skoch-pending-orders_01_standard.set: dictionary update sequence element #0 has length 8; 2 is required
2025-04-25 02:10:34,340 - INFO - Processing e-Smart-Trailing_01_standard.set
2025-04-25 02:10:34,341 - WARNING - Error processing group role_positioning: 'list' object has no attribute 'items'
2025-04-25 02:10:34,342 - ERROR - Error processing C:\Users\nikol\AppData\Roaming\MetaQuotes\Terminal\4B1CE69F577705455263BD980C39A82C\MQL5\Profiles\Tester\e-Smart-Trailing_01_standard.set: dictionary update sequence element #0 has length 13; 2 is required
2025-04-25 02:10:34,343 - INFO - Processing e-TurboFx_01_standard.set
2025-04-25 02:10:34,344 - WARNING - Error processing group role_system: 'list' object has no attribute 'items'
2025-04-25 02:10:34,349 - ERROR - Error processing C:\Users\nikol\AppData\Roaming\MetaQuotes\Terminal\4B1CE69F577705455263BD980C39A82C\MQL5\Profiles\Tester\e-TurboFx_01_standard.set: dictionary update sequence element #0 has length 14; 2 is required
2025-04-25 02:10:34,350 - INFO - Processing EA-Close_01_standard.set
2025-04-25 02:10:34,353 - WARNING - Error processing group role_risk: 'list' object has no attribute 'items'
2025-04-25 02:10:34,354 - ERROR - Error processing C:\Users\nikol\AppData\Roaming\MetaQuotes\Terminal\4B1CE69F577705455263BD980C39A82C\MQL5\Profiles\Tester\EA-Close_01_standard.set: dictionary update sequence element #0 has length 8; 2 is required
2025-04-25 02:10:34,355 - INFO - Processing EA-MA-Stoch-RSI_01_standard.set
2025-04-25 02:10:34,357 - WARNING - Error processing group role_system: 'list' object has no attribute 'items'
2025-04-25 02:10:34,357 - ERROR - Error processing C:\Users\nikol\AppData\Roaming\MetaQuotes\Terminal\4B1CE69F577705455263BD980C39A82C\MQL5\Profiles\Tester\EA-MA-Stoch-RSI_01_standard.set: dictionary update sequence element #0 has length 7; 2 is required
2025-04-25 02:10:34,358 - INFO - Processing EA-Moving-Average_01_standard.set
2025-04-25 02:10:34,360 - WARNING - Error processing group role_risk: 'list' object has no attribute 'items'
2025-04-25 02:10:34,362 - ERROR - Error processing C:\Users\nikol\AppData\Roaming\MetaQuotes\Terminal\4B1CE69F577705455263BD980C39A82C\MQL5\Profiles\Tester\EA-Moving-Average_01_standard.set: dictionary update sequence element #0 has length 12; 2 is required
2025-04-25 02:10:34,363 - INFO - Processing Elite-eFibo-Trader_01_standard.set
2025-04-25 02:10:34,364 - WARNING - Error processing group role_technical: 'list' object has no attribute 'items'
2025-04-25 02:10:34,365 - ERROR - Error processing C:\Users\nikol\AppData\Roaming\MetaQuotes\Terminal\4B1CE69F577705455263BD980C39A82C\MQL5\Profiles\Tester\Elite-eFibo-Trader_01_standard.set: dictionary update sequence element #0 has length 12; 2 is required
2025-04-25 02:10:34,368 - INFO - Processing EMA-6.12_01_standard.set
2025-04-25 02:10:34,370 - WARNING - Error processing group role_risk: 'list' object has no attribute 'items'
2025-04-25 02:10:34,371 - ERROR - Error processing C:\Users\nikol\AppData\Roaming\MetaQuotes\Terminal\4B1CE69F577705455263BD980C39A82C\MQL5\Profiles\Tester\EMA-6.12_01_standard.set: dictionary update sequence element #0 has length 8; 2 is required
2025-04-25 02:10:34,372 - INFO - Processing EMA-CROSS_01_standard.set
2025-04-25 02:10:34,376 - WARNING - Error processing group role_system: 'list' object has no attribute 'items'
2025-04-25 02:10:34,377 - ERROR - Error processing C:\Users\nikol\AppData\Roaming\MetaQuotes\Terminal\4B1CE69F577705455263BD980C39A82C\MQL5\Profiles\Tester\EMA-CROSS_01_standard.set: dictionary update sequence element #0 has length 8; 2 is required
2025-04-25 02:10:34,378 - INFO - Processing EMA-LWMA-RSI_01_standard.set
2025-04-25 02:10:34,382 - WARNING - Error processing group role_positioning: 'list' object has no attribute 'items'
2025-04-25 02:10:34,383 - ERROR - Error processing C:\Users\nikol\AppData\Roaming\MetaQuotes\Terminal\4B1CE69F577705455263BD980C39A82C\MQL5\Profiles\Tester\EMA-LWMA-RSI_01_standard.set: dictionary update sequence element #0 has length 12; 2 is required
2025-04-25 02:10:34,384 - INFO - Processing EMA-RSI-EA_01_standard.set
2025-04-25 02:10:34,386 - WARNING - Error processing group role_system: 'list' object has no attribute 'items'
2025-04-25 02:10:34,388 - ERROR - Error processing C:\Users\nikol\AppData\Roaming\MetaQuotes\Terminal\4B1CE69F577705455263BD980C39A82C\MQL5\Profiles\Tester\EMA-RSI-EA_01_standard.set: dictionary update sequence element #0 has length 3; 2 is required
2025-04-25 02:10:34,389 - INFO - Processing EMA-WMA_01_standard.set
2025-04-25 02:10:34,390 - WARNING - Error processing group role_technical: 'list' object has no attribute 'items'
2025-04-25 02:10:34,391 - ERROR - Error processing C:\Users\nikol\AppData\Roaming\MetaQuotes\Terminal\4B1CE69F577705455263BD980C39A82C\MQL5\Profiles\Tester\EMA-WMA_01_standard.set: dictionary update sequence element #0 has length 11; 2 is required
2025-04-25 02:10:34,392 - INFO - Processing EMA_01_standard.set
2025-04-25 02:10:34,393 - WARNING - Error processing group role_risk: 'list' object has no attribute 'items'
2025-04-25 02:10:34,395 - ERROR - Error processing C:\Users\nikol\AppData\Roaming\MetaQuotes\Terminal\4B1CE69F577705455263BD980C39A82C\MQL5\Profiles\Tester\EMA_01_standard.set: dictionary update sequence element #0 has length 5; 2 is required
2025-04-25 02:10:34,396 - INFO - Processing EMA_WMA v2_01_standard.set
2025-04-25 02:10:34,397 - WARNING - Error processing group role_technical: 'list' object has no attribute 'items'
2025-04-25 02:10:34,398 - ERROR - Error processing C:\Users\nikol\AppData\Roaming\MetaQuotes\Terminal\4B1CE69F577705455263BD980C39A82C\MQL5\Profiles\Tester\EMA_WMA v2_01_standard.set: dictionary update sequence element #0 has length 11; 2 is required
2025-04-25 02:10:34,398 - INFO - Processing Eugene_01_standard.set
2025-04-25 02:10:34,399 - WARNING - Error processing group role_system: 'list' object has no attribute 'items'
2025-04-25 02:10:34,400 - ERROR - Error processing C:\Users\nikol\AppData\Roaming\MetaQuotes\Terminal\4B1CE69F577705455263BD980C39A82C\MQL5\Profiles\Tester\Eugene_01_standard.set: dictionary update sequence element #0 has length 5; 2 is required
2025-04-25 02:10:34,401 - INFO - Processing eur-usd-m5_01_standard.set
2025-04-25 02:10:34,402 - WARNING - Error processing group role_system: 'list' object has no attribute 'items'
2025-04-25 02:10:34,403 - ERROR - Error processing C:\Users\nikol\AppData\Roaming\MetaQuotes\Terminal\4B1CE69F577705455263BD980C39A82C\MQL5\Profiles\Tester\eur-usd-m5_01_standard.set: dictionary update sequence element #0 has length 8; 2 is required
2025-04-25 02:10:34,403 - INFO - Processing EURUSD-breakout_01_standard.set
2025-04-25 02:10:34,405 - WARNING - Error processing group role_system: 'list' object has no attribute 'items'
2025-04-25 02:10:34,405 - ERROR - Error processing C:\Users\nikol\AppData\Roaming\MetaQuotes\Terminal\4B1CE69F577705455263BD980C39A82C\MQL5\Profiles\Tester\EURUSD-breakout_01_standard.set: dictionary update sequence element #0 has length 22; 2 is required
2025-04-25 02:10:34,406 - INFO - Processing Executer-AC_01_standard.set
2025-04-25 02:10:34,407 - WARNING - Error processing group role_risk: 'list' object has no attribute 'items'
2025-04-25 02:10:34,408 - ERROR - Error processing C:\Users\nikol\AppData\Roaming\MetaQuotes\Terminal\4B1CE69F577705455263BD980C39A82C\MQL5\Profiles\Tester\Executer-AC_01_standard.set: dictionary update sequence element #0 has length 15; 2 is required
2025-04-25 02:10:34,409 - INFO - Processing Executor-AO_01_standard.set
2025-04-25 02:10:34,411 - WARNING - Error processing group role_positioning: 'list' object has no attribute 'items'
2025-04-25 02:10:34,411 - ERROR - Error processing C:\Users\nikol\AppData\Roaming\MetaQuotes\Terminal\4B1CE69F577705455263BD980C39A82C\MQL5\Profiles\Tester\Executor-AO_01_standard.set: dictionary update sequence element #0 has length 12; 2 is required
2025-04-25 02:10:34,412 - INFO - Processing Executor-Candles_01_standard.set
2025-04-25 02:10:34,413 - WARNING - Error processing group role_positioning: 'list' object has no attribute 'items'
2025-04-25 02:10:34,414 - ERROR - Error processing C:\Users\nikol\AppData\Roaming\MetaQuotes\Terminal\4B1CE69F577705455263BD980C39A82C\MQL5\Profiles\Tester\Executor-Candles_01_standard.set: dictionary update sequence element #0 has length 15; 2 is required
2025-04-25 02:10:34,414 - INFO - Processing exp-Amstell_01_standard.set
2025-04-25 02:10:34,416 - WARNING - Error processing group role_risk: 'list' object has no attribute 'items'
2025-04-25 02:10:34,416 - ERROR - Error processing C:\Users\nikol\AppData\Roaming\MetaQuotes\Terminal\4B1CE69F577705455263BD980C39A82C\MQL5\Profiles\Tester\exp-Amstell_01_standard.set: dictionary update sequence element #0 has length 8; 2 is required
2025-04-25 02:10:34,417 - INFO - Processing Expert-NEWS_01_standard.set
2025-04-25 02:10:34,418 - WARNING - Error processing group role_positioning: 'list' object has no attribute 'items'
2025-04-25 02:10:34,419 - ERROR - Error processing C:\Users\nikol\AppData\Roaming\MetaQuotes\Terminal\4B1CE69F577705455263BD980C39A82C\MQL5\Profiles\Tester\Expert-NEWS_01_standard.set: dictionary update sequence element #0 has length 12; 2 is required
2025-04-25 02:10:34,420 - INFO - Processing Expert-RSI-Stochastic-MA_01_standard.set
2025-04-25 02:10:34,421 - WARNING - Error processing group role_system: 'list' object has no attribute 'items'
2025-04-25 02:10:34,422 - ERROR - Error processing C:\Users\nikol\AppData\Roaming\MetaQuotes\Terminal\4B1CE69F577705455263BD980C39A82C\MQL5\Profiles\Tester\Expert-RSI-Stochastic-MA_01_standard.set: dictionary update sequence element #0 has length 9; 2 is required
2025-04-25 02:10:34,422 - INFO - Processing ExtremePrice-EA_01_standard.set
2025-04-25 02:10:34,424 - WARNING - Error processing group role_system: 'list' object has no attribute 'items'
2025-04-25 02:10:34,425 - ERROR - Error processing C:\Users\nikol\AppData\Roaming\MetaQuotes\Terminal\4B1CE69F577705455263BD980C39A82C\MQL5\Profiles\Tester\ExtremePrice-EA_01_standard.set: dictionary update sequence element #0 has length 3; 2 is required
2025-04-25 02:10:34,426 - INFO - Processing FiboRetracement-20EA_01_standard.set
2025-04-25 02:10:34,427 - WARNING - Error processing group role_technical: 'list' object has no attribute 'items'
2025-04-25 02:10:34,428 - ERROR - Error processing C:\Users\nikol\AppData\Roaming\MetaQuotes\Terminal\4B1CE69F577705455263BD980C39A82C\MQL5\Profiles\Tester\FiboRetracement-20EA_01_standard.set: dictionary update sequence element #0 has length 6; 2 is required
2025-04-25 02:10:34,429 - INFO - Processing Firebird_01_standard.set
2025-04-25 02:10:34,430 - WARNING - Error processing group role_risk: 'list' object has no attribute 'items'
2025-04-25 02:10:34,431 - ERROR - Error processing C:\Users\nikol\AppData\Roaming\MetaQuotes\Terminal\4B1CE69F577705455263BD980C39A82C\MQL5\Profiles\Tester\Firebird_01_standard.set: dictionary update sequence element #0 has length 8; 2 is required
2025-04-25 02:10:34,432 - INFO - Processing Firestorm-EA_01_standard.set
2025-04-25 02:10:34,433 - WARNING - Error processing group role_system: 'list' object has no attribute 'items'
2025-04-25 02:10:34,434 - ERROR - Error processing C:\Users\nikol\AppData\Roaming\MetaQuotes\Terminal\4B1CE69F577705455263BD980C39A82C\MQL5\Profiles\Tester\Firestorm-EA_01_standard.set: dictionary update sequence element #0 has length 11; 2 is required
2025-04-25 02:10:34,435 - INFO - Processing Firestorm-indicator_01_standard.set
2025-04-25 02:10:34,436 - WARNING - Error processing group role_system: 'list' object has no attribute 'items'
2025-04-25 02:10:34,437 - ERROR - Error processing C:\Users\nikol\AppData\Roaming\MetaQuotes\Terminal\4B1CE69F577705455263BD980C39A82C\MQL5\Profiles\Tester\Firestorm-indicator_01_standard.set: dictionary update sequence element #0 has length 5; 2 is required
2025-04-25 02:10:34,438 - INFO - Processing Fluctuate_01_standard.set
2025-04-25 02:10:34,439 - WARNING - Error processing group role_positioning: 'list' object has no attribute 'items'
2025-04-25 02:10:34,440 - ERROR - Error processing C:\Users\nikol\AppData\Roaming\MetaQuotes\Terminal\4B1CE69F577705455263BD980C39A82C\MQL5\Profiles\Tester\Fluctuate_01_standard.set: dictionary update sequence element #0 has length 12; 2 is required
2025-04-25 02:10:34,440 - INFO - Processing Forex-Fraus-M1_01_standard.set
2025-04-25 02:10:34,441 - WARNING - Error processing group role_risk: 'list' object has no attribute 'items'
2025-04-25 02:10:34,442 - ERROR - Error processing C:\Users\nikol\AppData\Roaming\MetaQuotes\Terminal\4B1CE69F577705455263BD980C39A82C\MQL5\Profiles\Tester\Forex-Fraus-M1_01_standard.set: dictionary update sequence element #0 has length 8; 2 is required
2025-04-25 02:10:34,443 - INFO - Processing Forex-Profit_01_standard.set
2025-04-25 02:10:34,444 - WARNING - Error processing group role_positioning: 'list' object has no attribute 'items'
2025-04-25 02:10:34,444 - ERROR - Error processing C:\Users\nikol\AppData\Roaming\MetaQuotes\Terminal\4B1CE69F577705455263BD980C39A82C\MQL5\Profiles\Tester\Forex-Profit_01_standard.set: dictionary update sequence element #0 has length 14; 2 is required
2025-04-25 02:10:34,445 - INFO - Processing Fractals-minimum-distance_01_standard.set
2025-04-25 02:10:34,446 - WARNING - Error processing group role_system: 'list' object has no attribute 'items'
2025-04-25 02:10:34,446 - ERROR - Error processing C:\Users\nikol\AppData\Roaming\MetaQuotes\Terminal\4B1CE69F577705455263BD980C39A82C\MQL5\Profiles\Tester\Fractals-minimum-distance_01_standard.set: dictionary update sequence element #0 has length 12; 2 is required
2025-04-25 02:10:34,447 - INFO - Processing Fraktrak-xonax_01_standard.set
2025-04-25 02:10:34,448 - WARNING - Error processing group role_positioning: 'list' object has no attribute 'items'
2025-04-25 02:10:34,449 - ERROR - Error processing C:\Users\nikol\AppData\Roaming\MetaQuotes\Terminal\4B1CE69F577705455263BD980C39A82C\MQL5\Profiles\Tester\Fraktrak-xonax_01_standard.set: dictionary update sequence element #0 has length 12; 2 is required
2025-04-25 02:10:34,450 - INFO - Processing Frank-Ud_01_standard.set
2025-04-25 02:10:34,451 - WARNING - Error processing group role_technical: 'list' object has no attribute 'items'
2025-04-25 02:10:34,452 - ERROR - Error processing C:\Users\nikol\AppData\Roaming\MetaQuotes\Terminal\4B1CE69F577705455263BD980C39A82C\MQL5\Profiles\Tester\Frank-Ud_01_standard.set: dictionary update sequence element #0 has length 9; 2 is required
2025-04-25 02:10:34,452 - INFO - Processing fratal-mt5-EA_01_standard.set
2025-04-25 02:10:34,454 - WARNING - Error processing group role_trailing_stop: 'list' object has no attribute 'items'
2025-04-25 02:10:34,454 - ERROR - Error processing C:\Users\nikol\AppData\Roaming\MetaQuotes\Terminal\4B1CE69F577705455263BD980C39A82C\MQL5\Profiles\Tester\fratal-mt5-EA_01_standard.set: dictionary update sequence element #0 has length 14; 2 is required
2025-04-25 02:10:34,455 - INFO - Processing FT-CCI_01_standard.set
2025-04-25 02:10:34,456 - WARNING - Error processing group role_risk: 'list' object has no attribute 'items'
2025-04-25 02:10:34,459 - ERROR - Error processing C:\Users\nikol\AppData\Roaming\MetaQuotes\Terminal\4B1CE69F577705455263BD980C39A82C\MQL5\Profiles\Tester\FT-CCI_01_standard.set: dictionary update sequence element #0 has length 8; 2 is required
2025-04-25 02:10:34,459 - INFO - Processing Fuzzy-logic_01_standard.set
2025-04-25 02:10:34,461 - WARNING - Error processing group role_positioning: 'list' object has no attribute 'items'
2025-04-25 02:10:34,462 - ERROR - Error processing C:\Users\nikol\AppData\Roaming\MetaQuotes\Terminal\4B1CE69F577705455263BD980C39A82C\MQL5\Profiles\Tester\Fuzzy-logic_01_standard.set: dictionary update sequence element #0 has length 16; 2 is required
2025-04-25 02:10:34,462 - INFO - Processing GalacticExplosion_01_standard.set
2025-04-25 02:10:34,464 - WARNING - Error processing group role_risk: 'list' object has no attribute 'items'
2025-04-25 02:10:34,464 - ERROR - Error processing C:\Users\nikol\AppData\Roaming\MetaQuotes\Terminal\4B1CE69F577705455263BD980C39A82C\MQL5\Profiles\Tester\GalacticExplosion_01_standard.set: dictionary update sequence element #0 has length 8; 2 is required
2025-04-25 02:10:34,465 - INFO - Processing Gandalf-PRO_01_standard.set
2025-04-25 02:10:34,466 - WARNING - Error processing group role_system: 'list' object has no attribute 'items'
2025-04-25 02:10:34,467 - ERROR - Error processing C:\Users\nikol\AppData\Roaming\MetaQuotes\Terminal\4B1CE69F577705455263BD980C39A82C\MQL5\Profiles\Tester\Gandalf-PRO_01_standard.set: dictionary update sequence element #0 has length 7; 2 is required
2025-04-25 02:10:34,468 - INFO - Processing Gap-DM_01_standard.set
2025-04-25 02:10:34,469 - WARNING - Error processing group role_positioning: 'list' object has no attribute 'items'
2025-04-25 02:10:34,469 - ERROR - Error processing C:\Users\nikol\AppData\Roaming\MetaQuotes\Terminal\4B1CE69F577705455263BD980C39A82C\MQL5\Profiles\Tester\Gap-DM_01_standard.set: dictionary update sequence element #0 has length 12; 2 is required
2025-04-25 02:10:34,470 - INFO - Processing GAP-EA_01_standard.set
2025-04-25 02:10:34,472 - WARNING - Error processing group role_system: 'list' object has no attribute 'items'
2025-04-25 02:10:34,473 - ERROR - Error processing C:\Users\nikol\AppData\Roaming\MetaQuotes\Terminal\4B1CE69F577705455263BD980C39A82C\MQL5\Profiles\Tester\GAP-EA_01_standard.set: dictionary update sequence element #0 has length 3; 2 is required
2025-04-25 02:10:34,474 - INFO - Processing Gaps_01_standard.set
2025-04-25 02:10:34,476 - WARNING - Error processing group role_risk: 'list' object has no attribute 'items'
2025-04-25 02:10:34,477 - ERROR - Error processing C:\Users\nikol\AppData\Roaming\MetaQuotes\Terminal\4B1CE69F577705455263BD980C39A82C\MQL5\Profiles\Tester\Gaps_01_standard.set: dictionary update sequence element #0 has length 8; 2 is required
2025-04-25 02:10:34,478 - INFO - Processing GBP9AM_01_standard.set
2025-04-25 02:10:34,479 - WARNING - Error processing group role_risk: 'list' object has no attribute 'items'
2025-04-25 02:10:34,480 - ERROR - Error processing C:\Users\nikol\AppData\Roaming\MetaQuotes\Terminal\4B1CE69F577705455263BD980C39A82C\MQL5\Profiles\Tester\GBP9AM_01_standard.set: dictionary update sequence element #0 has length 8; 2 is required
2025-04-25 02:10:34,481 - INFO - Processing GbpChf_01_standard.set
2025-04-25 02:10:34,482 - WARNING - Error processing group role_positioning: 'list' object has no attribute 'items'
2025-04-25 02:10:34,483 - ERROR - Error processing C:\Users\nikol\AppData\Roaming\MetaQuotes\Terminal\4B1CE69F577705455263BD980C39A82C\MQL5\Profiles\Tester\GbpChf_01_standard.set: dictionary update sequence element #0 has length 12; 2 is required
2025-04-25 02:10:34,483 - INFO - Processing Gold-Dust_01_standard.set
2025-04-25 02:10:34,485 - WARNING - Error processing group role_positioning: 'list' object has no attribute 'items'
2025-04-25 02:10:34,487 - ERROR - Error processing C:\Users\nikol\AppData\Roaming\MetaQuotes\Terminal\4B1CE69F577705455263BD980C39A82C\MQL5\Profiles\Tester\Gold-Dust_01_standard.set: dictionary update sequence element #0 has length 12; 2 is required
2025-04-25 02:10:34,488 - INFO - Processing GO_01_standard.set
2025-04-25 02:10:34,489 - WARNING - Error processing group role_risk: 'list' object has no attribute 'items'
2025-04-25 02:10:34,491 - ERROR - Error processing C:\Users\nikol\AppData\Roaming\MetaQuotes\Terminal\4B1CE69F577705455263BD980C39A82C\MQL5\Profiles\Tester\GO_01_standard.set: dictionary update sequence element #0 has length 5; 2 is required
2025-04-25 02:10:34,492 - INFO - Processing GreenTrade_01_standard.set
2025-04-25 02:10:34,494 - WARNING - Error processing group role_technical: 'list' object has no attribute 'items'
2025-04-25 02:10:34,495 - ERROR - Error processing C:\Users\nikol\AppData\Roaming\MetaQuotes\Terminal\4B1CE69F577705455263BD980C39A82C\MQL5\Profiles\Tester\GreenTrade_01_standard.set: dictionary update sequence element #0 has length 10; 2 is required
2025-04-25 02:10:34,496 - INFO - Processing Grid-Martingale_01_standard.set
2025-04-25 02:10:34,497 - WARNING - Error processing group role_technical: 'list' object has no attribute 'items'
2025-04-25 02:10:34,499 - ERROR - Error processing C:\Users\nikol\AppData\Roaming\MetaQuotes\Terminal\4B1CE69F577705455263BD980C39A82C\MQL5\Profiles\Tester\Grid-Martingale_01_standard.set: dictionary update sequence element #0 has length 6; 2 is required
2025-04-25 02:10:34,500 - INFO - Processing GridEA_01_standard.set
2025-04-25 02:10:34,502 - WARNING - Error processing group role_technical: 'list' object has no attribute 'items'
2025-04-25 02:10:34,503 - ERROR - Error processing C:\Users\nikol\AppData\Roaming\MetaQuotes\Terminal\4B1CE69F577705455263BD980C39A82C\MQL5\Profiles\Tester\GridEA_01_standard.set: dictionary update sequence element #0 has length 6; 2 is required
2025-04-25 02:10:34,504 - INFO - Processing Grid_01_standard.set
2025-04-25 02:10:34,505 - WARNING - Error processing group role_system: 'list' object has no attribute 'items'
2025-04-25 02:10:34,507 - ERROR - Error processing C:\Users\nikol\AppData\Roaming\MetaQuotes\Terminal\4B1CE69F577705455263BD980C39A82C\MQL5\Profiles\Tester\Grid_01_standard.set: dictionary update sequence element #0 has length 21; 2 is required
2025-04-25 02:10:34,508 - INFO - Processing HarVesteR_01_standard.set
2025-04-25 02:10:34,510 - WARNING - Error processing group role_system: 'list' object has no attribute 'items'
2025-04-25 02:10:34,511 - ERROR - Error processing C:\Users\nikol\AppData\Roaming\MetaQuotes\Terminal\4B1CE69F577705455263BD980C39A82C\MQL5\Profiles\Tester\HarVesteR_01_standard.set: dictionary update sequence element #2 has length 17; 2 is required
2025-04-25 02:10:34,513 - INFO - Processing HedgeEA_01_standard.set
2025-04-25 02:10:34,514 - WARNING - Error processing group role_system: 'list' object has no attribute 'items'
2025-04-25 02:10:34,515 - ERROR - Error processing C:\Users\nikol\AppData\Roaming\MetaQuotes\Terminal\4B1CE69F577705455263BD980C39A82C\MQL5\Profiles\Tester\HedgeEA_01_standard.set: dictionary update sequence element #0 has length 5; 2 is required
2025-04-25 02:10:34,517 - INFO - Processing hedger_01_standard.set
2025-04-25 02:10:34,519 - WARNING - Error processing group role_system: 'list' object has no attribute 'items'
2025-04-25 02:10:34,521 - ERROR - Error processing C:\Users\nikol\AppData\Roaming\MetaQuotes\Terminal\4B1CE69F577705455263BD980C39A82C\MQL5\Profiles\Tester\hedger_01_standard.set: dictionary update sequence element #0 has length 16; 2 is required
2025-04-25 02:10:34,522 - INFO - Processing Hedging-EA_01_standard.set
2025-04-25 02:10:34,525 - WARNING - Error processing group role_system: 'list' object has no attribute 'items'
2025-04-25 02:10:34,526 - ERROR - Error processing C:\Users\nikol\AppData\Roaming\MetaQuotes\Terminal\4B1CE69F577705455263BD980C39A82C\MQL5\Profiles\Tester\Hedging-EA_01_standard.set: dictionary update sequence element #0 has length 11; 2 is required
2025-04-25 02:10:34,527 - INFO - Processing Heiken-Ashi-Smoothed-EA-with-MA_01_standard.set
2025-04-25 02:10:34,529 - WARNING - Error processing group role_technical: 'list' object has no attribute 'items'
2025-04-25 02:10:34,530 - ERROR - Error processing C:\Users\nikol\AppData\Roaming\MetaQuotes\Terminal\4B1CE69F577705455263BD980C39A82C\MQL5\Profiles\Tester\Heiken-Ashi-Smoothed-EA-with-MA_01_standard.set: dictionary update sequence element #0 has length 6; 2 is required
2025-04-25 02:10:34,531 - INFO - Processing Heiken-Ashi-Smoothed-EA_01_standard.set
2025-04-25 02:10:34,536 - WARNING - Error processing group role_technical: 'list' object has no attribute 'items'
2025-04-25 02:10:34,538 - ERROR - Error processing C:\Users\nikol\AppData\Roaming\MetaQuotes\Terminal\4B1CE69F577705455263BD980C39A82C\MQL5\Profiles\Tester\Heiken-Ashi-Smoothed-EA_01_standard.set: dictionary update sequence element #0 has length 6; 2 is required
2025-04-25 02:10:34,542 - INFO - Processing heiken-ashi-smoothedLine_01_standard.set
2025-04-25 02:10:34,544 - WARNING - Error processing group role_technical: 'list' object has no attribute 'items'
2025-04-25 02:10:34,546 - ERROR - Error processing C:\Users\nikol\AppData\Roaming\MetaQuotes\Terminal\4B1CE69F577705455263BD980C39A82C\MQL5\Profiles\Tester\heiken-ashi-smoothedLine_01_standard.set: dictionary update sequence element #0 has length 12; 2 is required
2025-04-25 02:10:34,563 - INFO - Processing heiken-ashi-smoothed_01_standard.set
2025-04-25 02:10:34,570 - WARNING - Error processing group role_technical: 'list' object has no attribute 'items'
2025-04-25 02:10:34,571 - ERROR - Error processing C:\Users\nikol\AppData\Roaming\MetaQuotes\Terminal\4B1CE69F577705455263BD980C39A82C\MQL5\Profiles\Tester\heiken-ashi-smoothed_01_standard.set: dictionary update sequence element #0 has length 12; 2 is required
2025-04-25 02:10:34,572 - INFO - Processing HeikenAshi-Lines-EA_01_standard.set
2025-04-25 02:10:34,576 - WARNING - Error processing group role_system: 'list' object has no attribute 'items'
2025-04-25 02:10:34,579 - ERROR - Error processing C:\Users\nikol\AppData\Roaming\MetaQuotes\Terminal\4B1CE69F577705455263BD980C39A82C\MQL5\Profiles\Tester\HeikenAshi-Lines-EA_01_standard.set: dictionary update sequence element #0 has length 11; 2 is required
2025-04-25 02:10:34,580 - INFO - Processing HeikenAshi-Lines_01_standard.set
2025-04-25 02:10:34,584 - WARNING - Error processing group role_technical: 'list' object has no attribute 'items'
2025-04-25 02:10:34,587 - ERROR - Error processing C:\Users\nikol\AppData\Roaming\MetaQuotes\Terminal\4B1CE69F577705455263BD980C39A82C\MQL5\Profiles\Tester\HeikenAshi-Lines_01_standard.set: dictionary update sequence element #0 has length 9; 2 is required
2025-04-25 02:10:34,590 - INFO - Processing Heinken-Ashi-Color-Candles_01_standard.set
2025-04-25 02:10:34,592 - WARNING - Error processing group role_technical: 'list' object has no attribute 'items'
2025-04-25 02:10:34,593 - ERROR - Error processing C:\Users\nikol\AppData\Roaming\MetaQuotes\Terminal\4B1CE69F577705455263BD980C39A82C\MQL5\Profiles\Tester\Heinken-Ashi-Color-Candles_01_standard.set: dictionary update sequence element #0 has length 12; 2 is required
2025-04-25 02:10:34,598 - INFO - Processing HelloSmart_01_standard.set
2025-04-25 02:10:34,600 - WARNING - Error processing group role_system: 'list' object has no attribute 'items'
2025-04-25 02:10:34,601 - ERROR - Error processing C:\Users\nikol\AppData\Roaming\MetaQuotes\Terminal\4B1CE69F577705455263BD980C39A82C\MQL5\Profiles\Tester\HelloSmart_01_standard.set: dictionary update sequence element #0 has length 8; 2 is required
2025-04-25 02:10:34,604 - INFO - Processing High-Low-EA_01_standard.set
2025-04-25 02:10:34,607 - WARNING - Error processing group role_system: 'list' object has no attribute 'items'
2025-04-25 02:10:34,608 - ERROR - Error processing C:\Users\nikol\AppData\Roaming\MetaQuotes\Terminal\4B1CE69F577705455263BD980C39A82C\MQL5\Profiles\Tester\High-Low-EA_01_standard.set: dictionary update sequence element #0 has length 11; 2 is required
2025-04-25 02:10:34,609 - INFO - Processing High-Low-Indicator_01_standard.set
2025-04-25 02:10:34,611 - WARNING - Error processing group role_technical: 'list' object has no attribute 'items'
2025-04-25 02:10:34,612 - ERROR - Error processing C:\Users\nikol\AppData\Roaming\MetaQuotes\Terminal\4B1CE69F577705455263BD980C39A82C\MQL5\Profiles\Tester\High-Low-Indicator_01_standard.set: dictionary update sequence element #0 has length 7; 2 is required
2025-04-25 02:10:34,612 - INFO - Processing Hoop-master-2_01_standard.set
2025-04-25 02:10:34,614 - WARNING - Error processing group role_risk: 'list' object has no attribute 'items'
2025-04-25 02:10:34,614 - ERROR - Error processing C:\Users\nikol\AppData\Roaming\MetaQuotes\Terminal\4B1CE69F577705455263BD980C39A82C\MQL5\Profiles\Tester\Hoop-master-2_01_standard.set: dictionary update sequence element #0 has length 8; 2 is required
2025-04-25 02:10:34,616 - INFO - Processing iCCI-iMA_01_standard.set
2025-04-25 02:10:34,617 - WARNING - Error processing group role_technical: 'list' object has no attribute 'items'
2025-04-25 02:10:34,618 - ERROR - Error processing C:\Users\nikol\AppData\Roaming\MetaQuotes\Terminal\4B1CE69F577705455263BD980C39A82C\MQL5\Profiles\Tester\iCCI-iMA_01_standard.set: dictionary update sequence element #0 has length 18; 2 is required
2025-04-25 02:10:34,619 - INFO - Processing ICH-With-Alert-Derekers-EA_01_standard.set
2025-04-25 02:10:34,621 - WARNING - Error processing group role_system: 'list' object has no attribute 'items'
2025-04-25 02:10:34,621 - ERROR - Error processing C:\Users\nikol\AppData\Roaming\MetaQuotes\Terminal\4B1CE69F577705455263BD980C39A82C\MQL5\Profiles\Tester\ICH-With-Alert-Derekers-EA_01_standard.set: dictionary update sequence element #0 has length 3; 2 is required
2025-04-25 02:10:34,622 - INFO - Processing ICH-With-Alert-Derekers_01_standard.set
2025-04-25 02:10:34,623 - WARNING - Error processing group role_technical: 'list' object has no attribute 'items'
2025-04-25 02:10:34,624 - ERROR - Error processing C:\Users\nikol\AppData\Roaming\MetaQuotes\Terminal\4B1CE69F577705455263BD980C39A82C\MQL5\Profiles\Tester\ICH-With-Alert-Derekers_01_standard.set: dictionary update sequence element #0 has length 18; 2 is required
2025-04-25 02:10:34,625 - INFO - Processing ichimok2005_01_standard.set
2025-04-25 02:10:34,626 - WARNING - Error processing group role_system: 'list' object has no attribute 'items'
2025-04-25 02:10:34,627 - ERROR - Error processing C:\Users\nikol\AppData\Roaming\MetaQuotes\Terminal\4B1CE69F577705455263BD980C39A82C\MQL5\Profiles\Tester\ichimok2005_01_standard.set: dictionary update sequence element #0 has length 15; 2 is required
2025-04-25 02:10:34,628 - INFO - Processing Ichimoku-20Kijun-20Alert_01_standard.set
2025-04-25 02:10:34,629 - WARNING - Error processing group role_system: 'list' object has no attribute 'items'
2025-04-25 02:10:34,630 - ERROR - Error processing C:\Users\nikol\AppData\Roaming\MetaQuotes\Terminal\4B1CE69F577705455263BD980C39A82C\MQL5\Profiles\Tester\Ichimoku-20Kijun-20Alert_01_standard.set: dictionary update sequence element #0 has length 3; 2 is required
2025-04-25 02:10:34,630 - INFO - Processing Ichimoku-20Tenkan-20Alert_01_standard.set
2025-04-25 02:10:34,632 - WARNING - Error processing group role_system: 'list' object has no attribute 'items'
2025-04-25 02:10:34,633 - ERROR - Error processing C:\Users\nikol\AppData\Roaming\MetaQuotes\Terminal\4B1CE69F577705455263BD980C39A82C\MQL5\Profiles\Tester\Ichimoku-20Tenkan-20Alert_01_standard.set: dictionary update sequence element #0 has length 3; 2 is required
2025-04-25 02:10:34,633 - INFO - Processing Ichimoku-Dashboard-MT5_01_standard.set
2025-04-25 02:10:34,634 - WARNING - Error processing group role_system: 'list' object has no attribute 'items'
2025-04-25 02:10:34,635 - ERROR - Error processing C:\Users\nikol\AppData\Roaming\MetaQuotes\Terminal\4B1CE69F577705455263BD980C39A82C\MQL5\Profiles\Tester\Ichimoku-Dashboard-MT5_01_standard.set: dictionary update sequence element #0 has length 8; 2 is required
2025-04-25 02:10:34,636 - INFO - Processing Ichimoku-Scanner-MT5_01_standard.set
2025-04-25 02:10:34,638 - WARNING - Error processing group role_system: 'list' object has no attribute 'items'
2025-04-25 02:10:34,639 - ERROR - Error processing C:\Users\nikol\AppData\Roaming\MetaQuotes\Terminal\4B1CE69F577705455263BD980C39A82C\MQL5\Profiles\Tester\Ichimoku-Scanner-MT5_01_standard.set: dictionary update sequence element #0 has length 8; 2 is required
2025-04-25 02:10:34,641 - INFO - Processing Ichimoku-Scanner_01_standard.set
2025-04-25 02:10:34,642 - WARNING - Error processing group role_system: 'list' object has no attribute 'items'
2025-04-25 02:10:34,643 - ERROR - Error processing C:\Users\nikol\AppData\Roaming\MetaQuotes\Terminal\4B1CE69F577705455263BD980C39A82C\MQL5\Profiles\Tester\Ichimoku-Scanner_01_standard.set: dictionary update sequence element #0 has length 8; 2 is required
2025-04-25 02:10:34,644 - INFO - Processing Ichimoku-Signals-and-Alert_01_standard.set
2025-04-25 02:10:34,646 - WARNING - Error processing group role_technical: 'list' object has no attribute 'items'
2025-04-25 02:10:34,647 - ERROR - Error processing C:\Users\nikol\AppData\Roaming\MetaQuotes\Terminal\4B1CE69F577705455263BD980C39A82C\MQL5\Profiles\Tester\Ichimoku-Signals-and-Alert_01_standard.set: dictionary update sequence element #0 has length 18; 2 is required
2025-04-25 02:10:34,647 - INFO - Processing IchimokuMTF-EA_01_standard.set
2025-04-25 02:10:34,649 - WARNING - Error processing group role_system: 'list' object has no attribute 'items'
2025-04-25 02:10:34,650 - ERROR - Error processing C:\Users\nikol\AppData\Roaming\MetaQuotes\Terminal\4B1CE69F577705455263BD980C39A82C\MQL5\Profiles\Tester\IchimokuMTF-EA_01_standard.set: dictionary update sequence element #0 has length 3; 2 is required
2025-04-25 02:10:34,652 - INFO - Processing Ichimoku_01_standard.set
2025-04-25 02:10:34,653 - WARNING - Error processing group role_system: 'list' object has no attribute 'items'
2025-04-25 02:10:34,654 - ERROR - Error processing C:\Users\nikol\AppData\Roaming\MetaQuotes\Terminal\4B1CE69F577705455263BD980C39A82C\MQL5\Profiles\Tester\Ichimoku_01_standard.set: dictionary update sequence element #0 has length 10; 2 is required
2025-04-25 02:10:34,655 - INFO - Processing Ilan-iMA_01_standard.set
2025-04-25 02:10:34,656 - WARNING - Error processing group role_technical: 'list' object has no attribute 'items'
2025-04-25 02:10:34,657 - ERROR - Error processing C:\Users\nikol\AppData\Roaming\MetaQuotes\Terminal\4B1CE69F577705455263BD980C39A82C\MQL5\Profiles\Tester\Ilan-iMA_01_standard.set: dictionary update sequence element #0 has length 17; 2 is required
2025-04-25 02:10:34,658 - INFO - Processing Ilan1.4_01_standard.set
2025-04-25 02:10:34,660 - WARNING - Error processing group role_system: 'list' object has no attribute 'items'
2025-04-25 02:10:34,660 - ERROR - Error processing C:\Users\nikol\AppData\Roaming\MetaQuotes\Terminal\4B1CE69F577705455263BD980C39A82C\MQL5\Profiles\Tester\Ilan1.4_01_standard.set: dictionary update sequence element #0 has length 7; 2 is required
2025-04-25 02:10:34,661 - INFO - Processing iMA-iStdDev_01_standard.set
2025-04-25 02:10:34,662 - WARNING - Error processing group role_risk: 'list' object has no attribute 'items'
2025-04-25 02:10:34,663 - ERROR - Error processing C:\Users\nikol\AppData\Roaming\MetaQuotes\Terminal\4B1CE69F577705455263BD980C39A82C\MQL5\Profiles\Tester\iMA-iStdDev_01_standard.set: dictionary update sequence element #0 has length 13; 2 is required
2025-04-25 02:10:34,664 - INFO - Processing Indices-Tester_01_standard.set
2025-04-25 02:10:34,665 - WARNING - Error processing group role_system: 'list' object has no attribute 'items'
2025-04-25 02:10:34,666 - ERROR - Error processing C:\Users\nikol\AppData\Roaming\MetaQuotes\Terminal\4B1CE69F577705455263BD980C39A82C\MQL5\Profiles\Tester\Indices-Tester_01_standard.set: dictionary update sequence element #0 has length 9; 2 is required
2025-04-25 02:10:34,667 - INFO - Processing Inka-20Edho-20EA_01_standard.set
2025-04-25 02:10:34,669 - WARNING - Error processing group role_system: 'list' object has no attribute 'items'
2025-04-25 02:10:34,669 - ERROR - Error processing C:\Users\nikol\AppData\Roaming\MetaQuotes\Terminal\4B1CE69F577705455263BD980C39A82C\MQL5\Profiles\Tester\Inka-20Edho-20EA_01_standard.set: dictionary update sequence element #0 has length 11; 2 is required
2025-04-25 02:10:34,670 - INFO - Processing Intersection-2-iMA_01_standard.set
2025-04-25 02:10:34,671 - WARNING - Error processing group role_risk: 'list' object has no attribute 'items'
2025-04-25 02:10:34,672 - ERROR - Error processing C:\Users\nikol\AppData\Roaming\MetaQuotes\Terminal\4B1CE69F577705455263BD980C39A82C\MQL5\Profiles\Tester\Intersection-2-iMA_01_standard.set: dictionary update sequence element #0 has length 8; 2 is required
2025-04-25 02:10:34,673 - INFO - Processing IStochastic-Trading_01_standard.set
2025-04-25 02:10:34,674 - WARNING - Error processing group role_risk: 'list' object has no attribute 'items'
2025-04-25 02:10:34,675 - ERROR - Error processing C:\Users\nikol\AppData\Roaming\MetaQuotes\Terminal\4B1CE69F577705455263BD980C39A82C\MQL5\Profiles\Tester\IStochastic-Trading_01_standard.set: dictionary update sequence element #0 has length 8; 2 is required
2025-04-25 02:10:34,676 - INFO - Processing Ivan_01_standard.set
2025-04-25 02:10:34,677 - WARNING - Error processing group role_system: 'list' object has no attribute 'items'
2025-04-25 02:10:34,678 - ERROR - Error processing C:\Users\nikol\AppData\Roaming\MetaQuotes\Terminal\4B1CE69F577705455263BD980C39A82C\MQL5\Profiles\Tester\Ivan_01_standard.set: dictionary update sequence element #0 has length 13; 2 is required
2025-04-25 02:10:34,678 - INFO - Processing iVIDyA-Simple_01_standard.set
2025-04-25 02:10:34,680 - WARNING - Error processing group role_technical: 'list' object has no attribute 'items'
2025-04-25 02:10:34,680 - ERROR - Error processing C:\Users\nikol\AppData\Roaming\MetaQuotes\Terminal\4B1CE69F577705455263BD980C39A82C\MQL5\Profiles\Tester\iVIDyA-Simple_01_standard.set: dictionary update sequence element #0 has length 17; 2 is required
2025-04-25 02:10:34,681 - INFO - Processing Jackpot-Strategy-EA_01_standard.set
2025-04-25 02:10:34,683 - WARNING - Error processing group role_technical: 'list' object has no attribute 'items'
2025-04-25 02:10:34,683 - ERROR - Error processing C:\Users\nikol\AppData\Roaming\MetaQuotes\Terminal\4B1CE69F577705455263BD980C39A82C\MQL5\Profiles\Tester\Jackpot-Strategy-EA_01_standard.set: dictionary update sequence element #0 has length 6; 2 is required
2025-04-25 02:10:34,684 - INFO - Processing JackPot-Strategy-Elite_01_standard.set
2025-04-25 02:10:34,685 - WARNING - Error processing group role_system: 'list' object has no attribute 'items'
2025-04-25 02:10:34,686 - ERROR - Error processing C:\Users\nikol\AppData\Roaming\MetaQuotes\Terminal\4B1CE69F577705455263BD980C39A82C\MQL5\Profiles\Tester\JackPot-Strategy-Elite_01_standard.set: dictionary update sequence element #0 has length 3; 2 is required
2025-04-25 02:10:34,687 - INFO - Processing JK-BullP-AutoTrader_01_standard.set
2025-04-25 02:10:34,688 - WARNING - Error processing group role_positioning: 'list' object has no attribute 'items'
2025-04-25 02:10:34,689 - ERROR - Error processing C:\Users\nikol\AppData\Roaming\MetaQuotes\Terminal\4B1CE69F577705455263BD980C39A82C\MQL5\Profiles\Tester\JK-BullP-AutoTrader_01_standard.set: dictionary update sequence element #0 has length 11; 2 is required
2025-04-25 02:10:34,690 - INFO - Processing JS-Chaos_01_standard.set
2025-04-25 02:10:34,691 - WARNING - Error processing group role_system: 'list' object has no attribute 'items'
2025-04-25 02:10:34,692 - ERROR - Error processing C:\Users\nikol\AppData\Roaming\MetaQuotes\Terminal\4B1CE69F577705455263BD980C39A82C\MQL5\Profiles\Tester\JS-Chaos_01_standard.set: dictionary update sequence element #0 has length 14; 2 is required
2025-04-25 02:10:34,692 - INFO - Processing JS-MA-Day_01_standard.set
2025-04-25 02:10:34,694 - WARNING - Error processing group role_system: 'list' object has no attribute 'items'
2025-04-25 02:10:34,694 - ERROR - Error processing C:\Users\nikol\AppData\Roaming\MetaQuotes\Terminal\4B1CE69F577705455263BD980C39A82C\MQL5\Profiles\Tester\JS-MA-Day_01_standard.set: dictionary update sequence element #0 has length 12; 2 is required
2025-04-25 02:10:34,695 - INFO - Processing JS-MA-SAR-Trades_01_standard.set
2025-04-25 02:10:34,696 - WARNING - Error processing group role_risk: 'list' object has no attribute 'items'
2025-04-25 02:10:34,696 - ERROR - Error processing C:\Users\nikol\AppData\Roaming\MetaQuotes\Terminal\4B1CE69F577705455263BD980C39A82C\MQL5\Profiles\Tester\JS-MA-SAR-Trades_01_standard.set: dictionary update sequence element #0 has length 8; 2 is required
2025-04-25 02:10:34,697 - INFO - Processing KA-Gold-Bot_01_standard.set
2025-04-25 02:10:34,699 - WARNING - Error processing group role_system: 'list' object has no attribute 'items'
2025-04-25 02:10:34,700 - ERROR - Error processing C:\Users\nikol\AppData\Roaming\MetaQuotes\Terminal\4B1CE69F577705455263BD980C39A82C\MQL5\Profiles\Tester\KA-Gold-Bot_01_standard.set: dictionary update sequence element #0 has length 18; 2 is required
2025-04-25 02:10:34,700 - INFO - Processing Kue-Electric-EA_01_standard.set
2025-04-25 02:10:34,702 - WARNING - Error processing group role_system: 'list' object has no attribute 'items'
2025-04-25 02:10:34,703 - ERROR - Error processing C:\Users\nikol\AppData\Roaming\MetaQuotes\Terminal\4B1CE69F577705455263BD980C39A82C\MQL5\Profiles\Tester\Kue-Electric-EA_01_standard.set: dictionary update sequence element #0 has length 11; 2 is required
2025-04-25 02:10:34,704 - INFO - Processing KueFx-20Arrows_01_standard.set
2025-04-25 02:10:34,705 - WARNING - Error processing group role_system: 'list' object has no attribute 'items'
2025-04-25 02:10:34,707 - ERROR - Error processing C:\Users\nikol\AppData\Roaming\MetaQuotes\Terminal\4B1CE69F577705455263BD980C39A82C\MQL5\Profiles\Tester\KueFx-20Arrows_01_standard.set: dictionary update sequence element #0 has length 11; 2 is required
2025-04-25 02:10:34,708 - INFO - Processing KueFx-20Baseline_01_standard.set
2025-04-25 02:10:34,709 - WARNING - Error processing group role_technical: 'list' object has no attribute 'items'
2025-04-25 02:10:34,710 - ERROR - Error processing C:\Users\nikol\AppData\Roaming\MetaQuotes\Terminal\4B1CE69F577705455263BD980C39A82C\MQL5\Profiles\Tester\KueFx-20Baseline_01_standard.set: dictionary update sequence element #0 has length 10; 2 is required
2025-04-25 02:10:34,711 - INFO - Processing KueFx-Arrows-20EA_01_standard.set
2025-04-25 02:10:34,714 - WARNING - Error processing group role_system: 'list' object has no attribute 'items'
2025-04-25 02:10:34,715 - ERROR - Error processing C:\Users\nikol\AppData\Roaming\MetaQuotes\Terminal\4B1CE69F577705455263BD980C39A82C\MQL5\Profiles\Tester\KueFx-Arrows-20EA_01_standard.set: dictionary update sequence element #0 has length 11; 2 is required
2025-04-25 02:10:34,716 - INFO - Processing KueFx-Arrows-EA_01_standard.set
2025-04-25 02:10:34,718 - WARNING - Error processing group role_system: 'list' object has no attribute 'items'
2025-04-25 02:10:34,719 - ERROR - Error processing C:\Users\nikol\AppData\Roaming\MetaQuotes\Terminal\4B1CE69F577705455263BD980C39A82C\MQL5\Profiles\Tester\KueFx-Arrows-EA_01_standard.set: dictionary update sequence element #0 has length 3; 2 is required
2025-04-25 02:10:34,720 - INFO - Processing KueFx-Arrows_01_standard.set
2025-04-25 02:10:34,722 - WARNING - Error processing group role_system: 'list' object has no attribute 'items'
2025-04-25 02:10:34,723 - ERROR - Error processing C:\Users\nikol\AppData\Roaming\MetaQuotes\Terminal\4B1CE69F577705455263BD980C39A82C\MQL5\Profiles\Tester\KueFx-Arrows_01_standard.set: dictionary update sequence element #0 has length 11; 2 is required
2025-04-25 02:10:34,724 - INFO - Processing KueFx-Baseline-EA_01_standard.set
2025-04-25 02:10:34,725 - WARNING - Error processing group role_system: 'list' object has no attribute 'items'
2025-04-25 02:10:34,726 - ERROR - Error processing C:\Users\nikol\AppData\Roaming\MetaQuotes\Terminal\4B1CE69F577705455263BD980C39A82C\MQL5\Profiles\Tester\KueFx-Baseline-EA_01_standard.set: dictionary update sequence element #0 has length 3; 2 is required
2025-04-25 02:10:34,727 - INFO - Processing KueFx-Baseline_01_standard.set
2025-04-25 02:10:34,728 - WARNING - Error processing group role_technical: 'list' object has no attribute 'items'
2025-04-25 02:10:34,729 - ERROR - Error processing C:\Users\nikol\AppData\Roaming\MetaQuotes\Terminal\4B1CE69F577705455263BD980C39A82C\MQL5\Profiles\Tester\KueFx-Baseline_01_standard.set: dictionary update sequence element #0 has length 10; 2 is required
2025-04-25 02:10:34,730 - INFO - Processing KueFx-Clean-2025-EA_01_standard.set
2025-04-25 02:10:34,732 - WARNING - Error processing group role_system: 'list' object has no attribute 'items'
2025-04-25 02:10:34,733 - ERROR - Error processing C:\Users\nikol\AppData\Roaming\MetaQuotes\Terminal\4B1CE69F577705455263BD980C39A82C\MQL5\Profiles\Tester\KueFx-Clean-2025-EA_01_standard.set: dictionary update sequence element #0 has length 11; 2 is required
2025-04-25 02:10:34,735 - INFO - Processing KueFx-Extreme-EA_01_standard.set
2025-04-25 02:10:34,739 - WARNING - Error processing group role_system: 'list' object has no attribute 'items'
2025-04-25 02:10:34,740 - ERROR - Error processing C:\Users\nikol\AppData\Roaming\MetaQuotes\Terminal\4B1CE69F577705455263BD980C39A82C\MQL5\Profiles\Tester\KueFx-Extreme-EA_01_standard.set: dictionary update sequence element #0 has length 11; 2 is required
2025-04-25 02:10:34,741 - INFO - Processing KueFx-Harare-EA_01_standard.set
2025-04-25 02:10:34,743 - WARNING - Error processing group role_system: 'list' object has no attribute 'items'
2025-04-25 02:10:34,744 - ERROR - Error processing C:\Users\nikol\AppData\Roaming\MetaQuotes\Terminal\4B1CE69F577705455263BD980C39A82C\MQL5\Profiles\Tester\KueFx-Harare-EA_01_standard.set: dictionary update sequence element #0 has length 11; 2 is required
2025-04-25 02:10:34,744 - INFO - Processing KueFX-Money-Management_01_standard.set
2025-04-25 02:10:34,747 - WARNING - Error processing group role_system: 'list' object has no attribute 'items'
2025-04-25 02:10:34,748 - ERROR - Error processing C:\Users\nikol\AppData\Roaming\MetaQuotes\Terminal\4B1CE69F577705455263BD980C39A82C\MQL5\Profiles\Tester\KueFX-Money-Management_01_standard.set: dictionary update sequence element #0 has length 11; 2 is required
2025-04-25 02:10:34,748 - INFO - Processing KueFx-Motor-EA_01_standard.set
2025-04-25 02:10:34,751 - WARNING - Error processing group role_system: 'list' object has no attribute 'items'
2025-04-25 02:10:34,752 - ERROR - Error processing C:\Users\nikol\AppData\Roaming\MetaQuotes\Terminal\4B1CE69F577705455263BD980C39A82C\MQL5\Profiles\Tester\KueFx-Motor-EA_01_standard.set: dictionary update sequence element #0 has length 3; 2 is required
2025-04-25 02:10:34,753 - INFO - Processing KueFx-Motor_01_standard.set
2025-04-25 02:10:34,754 - WARNING - Error processing group role_system: 'list' object has no attribute 'items'
2025-04-25 02:10:34,754 - ERROR - Error processing C:\Users\nikol\AppData\Roaming\MetaQuotes\Terminal\4B1CE69F577705455263BD980C39A82C\MQL5\Profiles\Tester\KueFx-Motor_01_standard.set: dictionary update sequence element #0 has length 7; 2 is required
2025-04-25 02:10:34,755 - INFO - Processing KueFx-Trend_01_standard.set
2025-04-25 02:10:34,757 - WARNING - Error processing group role_system: 'list' object has no attribute 'items'
2025-04-25 02:10:34,757 - ERROR - Error processing C:\Users\nikol\AppData\Roaming\MetaQuotes\Terminal\4B1CE69F577705455263BD980C39A82C\MQL5\Profiles\Tester\KueFx-Trend_01_standard.set: dictionary update sequence element #0 has length 11; 2 is required
2025-04-25 02:10:34,758 - INFO - Processing KueFxTrend-20EA_01_standard.set
2025-04-25 02:10:34,760 - WARNING - Error processing group role_system: 'list' object has no attribute 'items'
2025-04-25 02:10:34,760 - ERROR - Error processing C:\Users\nikol\AppData\Roaming\MetaQuotes\Terminal\4B1CE69F577705455263BD980C39A82C\MQL5\Profiles\Tester\KueFxTrend-20EA_01_standard.set: dictionary update sequence element #0 has length 11; 2 is required
2025-04-25 02:10:34,761 - INFO - Processing KueFxTrend-EA_01_standard.set
2025-04-25 02:10:34,763 - WARNING - Error processing group role_system: 'list' object has no attribute 'items'
2025-04-25 02:10:34,764 - ERROR - Error processing C:\Users\nikol\AppData\Roaming\MetaQuotes\Terminal\4B1CE69F577705455263BD980C39A82C\MQL5\Profiles\Tester\KueFxTrend-EA_01_standard.set: dictionary update sequence element #0 has length 11; 2 is required
2025-04-25 02:10:34,765 - INFO - Processing KueFx_Arrows_EA_v1.10_01_standard.set
2025-04-25 02:10:34,767 - WARNING - Error processing group role_system: 'list' object has no attribute 'items'
2025-04-25 02:10:34,767 - ERROR - Error processing C:\Users\nikol\AppData\Roaming\MetaQuotes\Terminal\4B1CE69F577705455263BD980C39A82C\MQL5\Profiles\Tester\KueFx_Arrows_EA_v1.10_01_standard.set: dictionary update sequence element #0 has length 3; 2 is required
2025-04-25 02:10:34,768 - INFO - Processing KueFx_Baseline_EA_v1.10_01_standard.set
2025-04-25 02:10:34,769 - WARNING - Error processing group role_system: 'list' object has no attribute 'items'
2025-04-25 02:10:34,770 - ERROR - Error processing C:\Users\nikol\AppData\Roaming\MetaQuotes\Terminal\4B1CE69F577705455263BD980C39A82C\MQL5\Profiles\Tester\KueFx_Baseline_EA_v1.10_01_standard.set: dictionary update sequence element #0 has length 3; 2 is required
2025-04-25 02:10:34,771 - INFO - Processing LarryConnersRSI2_01_standard.set
2025-04-25 02:10:34,772 - WARNING - Error processing group role_risk: 'list' object has no attribute 'items'
2025-04-25 02:10:34,772 - ERROR - Error processing C:\Users\nikol\AppData\Roaming\MetaQuotes\Terminal\4B1CE69F577705455263BD980C39A82C\MQL5\Profiles\Tester\LarryConnersRSI2_01_standard.set: dictionary update sequence element #0 has length 4; 2 is required
2025-04-25 02:10:34,773 - INFO - Processing Last-ZZ50_01_standard.set
2025-04-25 02:10:34,774 - WARNING - Error processing group role_risk: 'list' object has no attribute 'items'
2025-04-25 02:10:34,775 - ERROR - Error processing C:\Users\nikol\AppData\Roaming\MetaQuotes\Terminal\4B1CE69F577705455263BD980C39A82C\MQL5\Profiles\Tester\Last-ZZ50_01_standard.set: dictionary update sequence element #0 has length 21; 2 is required
2025-04-25 02:10:34,775 - INFO - Processing Lavika100_01_standard.set
2025-04-25 02:10:34,777 - WARNING - Error processing group role_positioning: 'list' object has no attribute 'items'
2025-04-25 02:10:34,778 - ERROR - Error processing C:\Users\nikol\AppData\Roaming\MetaQuotes\Terminal\4B1CE69F577705455263BD980C39A82C\MQL5\Profiles\Tester\Lavika100_01_standard.set: dictionary update sequence element #0 has length 12; 2 is required
2025-04-25 02:10:34,798 - INFO - Processing LazyBot-MT5_01_standard.set
2025-04-25 02:10:34,824 - WARNING - Error processing group role_system: 'list' object has no attribute 'items'
2025-04-25 02:10:34,845 - ERROR - Error processing C:\Users\nikol\AppData\Roaming\MetaQuotes\Terminal\4B1CE69F577705455263BD980C39A82C\MQL5\Profiles\Tester\LazyBot-MT5_01_standard.set: dictionary update sequence element #0 has length 11; 2 is required
2025-04-25 02:10:34,849 - INFO - Processing LBS_01_standard.set
2025-04-25 02:10:34,851 - WARNING - Error processing group role_positioning: 'list' object has no attribute 'items'
2025-04-25 02:10:34,851 - ERROR - Error processing C:\Users\nikol\AppData\Roaming\MetaQuotes\Terminal\4B1CE69F577705455263BD980C39A82C\MQL5\Profiles\Tester\LBS_01_standard.set: dictionary update sequence element #0 has length 12; 2 is required
2025-04-25 02:10:34,852 - INFO - Processing Lego-EA_01_standard.set
2025-04-25 02:10:34,857 - WARNING - Error processing group role_risk: 'list' object has no attribute 'items'
2025-04-25 02:10:34,868 - ERROR - Error processing C:\Users\nikol\AppData\Roaming\MetaQuotes\Terminal\4B1CE69F577705455263BD980C39A82C\MQL5\Profiles\Tester\Lego-EA_01_standard.set: dictionary update sequence element #0 has length 8; 2 is required
2025-04-25 02:10:34,869 - INFO - Processing Lesson-3-Price-Action_01_standard.set
2025-04-25 02:10:34,871 - WARNING - Error processing group role_risk: 'list' object has no attribute 'items'
2025-04-25 02:10:34,871 - ERROR - Error processing C:\Users\nikol\AppData\Roaming\MetaQuotes\Terminal\4B1CE69F577705455263BD980C39A82C\MQL5\Profiles\Tester\Lesson-3-Price-Action_01_standard.set: dictionary update sequence element #0 has length 8; 2 is required
2025-04-25 02:10:34,873 - INFO - Processing Lesson-4-Price-Action-MA-Filter_01_standard.set
2025-04-25 02:10:34,883 - WARNING - Error processing group role_risk: 'list' object has no attribute 'items'
2025-04-25 02:10:34,884 - ERROR - Error processing C:\Users\nikol\AppData\Roaming\MetaQuotes\Terminal\4B1CE69F577705455263BD980C39A82C\MQL5\Profiles\Tester\Lesson-4-Price-Action-MA-Filter_01_standard.set: dictionary update sequence element #0 has length 8; 2 is required
2025-04-25 02:10:34,885 - INFO - Processing Lesson-6-Trailling-ATR_01_standard.set
2025-04-25 02:10:34,886 - WARNING - Error processing group role_risk: 'list' object has no attribute 'items'
2025-04-25 02:10:34,887 - ERROR - Error processing C:\Users\nikol\AppData\Roaming\MetaQuotes\Terminal\4B1CE69F577705455263BD980C39A82C\MQL5\Profiles\Tester\Lesson-6-Trailling-ATR_01_standard.set: dictionary update sequence element #0 has length 13; 2 is required
2025-04-25 02:10:34,888 - INFO - Processing Lesson-7-Price-action-Ket-hop-Volume-VSA_01_standard.set
2025-04-25 02:10:34,890 - WARNING - Error processing group role_risk: 'list' object has no attribute 'items'
2025-04-25 02:10:34,891 - ERROR - Error processing C:\Users\nikol\AppData\Roaming\MetaQuotes\Terminal\4B1CE69F577705455263BD980C39A82C\MQL5\Profiles\Tester\Lesson-7-Price-action-Ket-hop-Volume-VSA_01_standard.set: dictionary update sequence element #0 has length 13; 2 is required
2025-04-25 02:10:34,891 - INFO - Processing Little-EA_01_standard.set
2025-04-25 02:10:34,893 - WARNING - Error processing group role_system: 'list' object has no attribute 'items'
2025-04-25 02:10:34,894 - ERROR - Error processing C:\Users\nikol\AppData\Roaming\MetaQuotes\Terminal\4B1CE69F577705455263BD980C39A82C\MQL5\Profiles\Tester\Little-EA_01_standard.set: dictionary update sequence element #0 has length 13; 2 is required
2025-04-25 02:10:34,894 - INFO - Processing Locker_01_standard.set
2025-04-25 02:10:34,896 - WARNING - Error processing group role_positioning: 'list' object has no attribute 'items'
2025-04-25 02:10:34,896 - ERROR - Error processing C:\Users\nikol\AppData\Roaming\MetaQuotes\Terminal\4B1CE69F577705455263BD980C39A82C\MQL5\Profiles\Tester\Locker_01_standard.set: dictionary update sequence element #0 has length 11; 2 is required
2025-04-25 02:10:34,897 - INFO - Processing Lock_01_standard.set
2025-04-25 02:10:34,898 - WARNING - Error processing group role_risk: 'list' object has no attribute 'items'
2025-04-25 02:10:34,899 - ERROR - Error processing C:\Users\nikol\AppData\Roaming\MetaQuotes\Terminal\4B1CE69F577705455263BD980C39A82C\MQL5\Profiles\Tester\Lock_01_standard.set: dictionary update sequence element #0 has length 8; 2 is required
2025-04-25 02:10:34,899 - INFO - Processing Lucky_01_standard.set
2025-04-25 02:10:34,901 - WARNING - Error processing group role_technical: 'list' object has no attribute 'items'
2025-04-25 02:10:34,901 - ERROR - Error processing C:\Users\nikol\AppData\Roaming\MetaQuotes\Terminal\4B1CE69F577705455263BD980C39A82C\MQL5\Profiles\Tester\Lucky_01_standard.set: dictionary update sequence element #0 has length 9; 2 is required
2025-04-25 02:10:34,902 - INFO - Processing MA MACD Position averaging v2_01_standard.set
2025-04-25 02:10:34,904 - WARNING - Error processing group role_risk: 'list' object has no attribute 'items'
2025-04-25 02:10:34,904 - ERROR - Error processing C:\Users\nikol\AppData\Roaming\MetaQuotes\Terminal\4B1CE69F577705455263BD980C39A82C\MQL5\Profiles\Tester\MA MACD Position averaging v2_01_standard.set: dictionary update sequence element #0 has length 8; 2 is required
2025-04-25 02:10:34,905 - INFO - Processing MA-20Alert_01_standard.set
2025-04-25 02:10:34,907 - WARNING - Error processing group role_technical: 'list' object has no attribute 'items'
2025-04-25 02:10:34,908 - ERROR - Error processing C:\Users\nikol\AppData\Roaming\MetaQuotes\Terminal\4B1CE69F577705455263BD980C39A82C\MQL5\Profiles\Tester\MA-20Alert_01_standard.set: dictionary update sequence element #0 has length 10; 2 is required
2025-04-25 02:10:34,909 - INFO - Processing MA-20AO-20Arrow_01_standard.set
2025-04-25 02:10:34,911 - WARNING - Error processing group role_technical: 'list' object has no attribute 'items'
2025-04-25 02:10:34,912 - ERROR - Error processing C:\Users\nikol\AppData\Roaming\MetaQuotes\Terminal\4B1CE69F577705455263BD980C39A82C\MQL5\Profiles\Tester\MA-20AO-20Arrow_01_standard.set: dictionary update sequence element #0 has length 17; 2 is required
2025-04-25 02:10:34,913 - INFO - Processing MA-AO-EA_01_standard.set
2025-04-25 02:10:34,915 - WARNING - Error processing group role_system: 'list' object has no attribute 'items'
2025-04-25 02:10:34,916 - ERROR - Error processing C:\Users\nikol\AppData\Roaming\MetaQuotes\Terminal\4B1CE69F577705455263BD980C39A82C\MQL5\Profiles\Tester\MA-AO-EA_01_standard.set: dictionary update sequence element #0 has length 3; 2 is required
2025-04-25 02:10:34,917 - INFO - Processing ma-channels_01_standard.set
2025-04-25 02:10:34,919 - WARNING - Error processing group role_system: 'list' object has no attribute 'items'
2025-04-25 02:10:34,932 - ERROR - Error processing C:\Users\nikol\AppData\Roaming\MetaQuotes\Terminal\4B1CE69F577705455263BD980C39A82C\MQL5\Profiles\Tester\ma-channels_01_standard.set: dictionary update sequence element #0 has length 10; 2 is required
2025-04-25 02:10:34,938 - INFO - Processing Ma-Crosses-MT5_01_standard.set
2025-04-25 02:10:34,940 - WARNING - Error processing group role_technical: 'list' object has no attribute 'items'
2025-04-25 02:10:34,941 - ERROR - Error processing C:\Users\nikol\AppData\Roaming\MetaQuotes\Terminal\4B1CE69F577705455263BD980C39A82C\MQL5\Profiles\Tester\Ma-Crosses-MT5_01_standard.set: dictionary update sequence element #0 has length 5; 2 is required
2025-04-25 02:10:34,941 - INFO - Processing MA-Crossover-mt5-20EA_01_standard.set
2025-04-25 02:10:34,943 - WARNING - Error processing group role_technical: 'list' object has no attribute 'items'
2025-04-25 02:10:34,944 - ERROR - Error processing C:\Users\nikol\AppData\Roaming\MetaQuotes\Terminal\4B1CE69F577705455263BD980C39A82C\MQL5\Profiles\Tester\MA-Crossover-mt5-20EA_01_standard.set: dictionary update sequence element #0 has length 5; 2 is required
2025-04-25 02:10:34,945 - INFO - Processing MA-Cross_01_standard.set
2025-04-25 02:10:34,946 - WARNING - Error processing group role_technical: 'list' object has no attribute 'items'
2025-04-25 02:10:34,947 - ERROR - Error processing C:\Users\nikol\AppData\Roaming\MetaQuotes\Terminal\4B1CE69F577705455263BD980C39A82C\MQL5\Profiles\Tester\MA-Cross_01_standard.set: dictionary update sequence element #0 has length 12; 2 is required
2025-04-25 02:10:34,948 - INFO - Processing MA-Envelopes_01_standard.set
2025-04-25 02:10:34,949 - WARNING - Error processing group role_risk: 'list' object has no attribute 'items'
2025-04-25 02:10:34,950 - ERROR - Error processing C:\Users\nikol\AppData\Roaming\MetaQuotes\Terminal\4B1CE69F577705455263BD980C39A82C\MQL5\Profiles\Tester\MA-Envelopes_01_standard.set: dictionary update sequence element #0 has length 15; 2 is required
2025-04-25 02:10:34,951 - INFO - Processing MA-MACD-Position-averaging_01_standard.set
2025-04-25 02:10:34,952 - WARNING - Error processing group role_risk: 'list' object has no attribute 'items'
2025-04-25 02:10:34,952 - ERROR - Error processing C:\Users\nikol\AppData\Roaming\MetaQuotes\Terminal\4B1CE69F577705455263BD980C39A82C\MQL5\Profiles\Tester\MA-MACD-Position-averaging_01_standard.set: dictionary update sequence element #0 has length 8; 2 is required
2025-04-25 02:10:34,953 - INFO - Processing MA-Trend_01_standard.set
2025-04-25 02:10:34,954 - WARNING - Error processing group role_positioning: 'list' object has no attribute 'items'
2025-04-25 02:10:34,955 - ERROR - Error processing C:\Users\nikol\AppData\Roaming\MetaQuotes\Terminal\4B1CE69F577705455263BD980C39A82C\MQL5\Profiles\Tester\MA-Trend_01_standard.set: dictionary update sequence element #0 has length 12; 2 is required
2025-04-25 02:10:34,956 - INFO - Processing MA2CCI_01_standard.set
2025-04-25 02:10:34,957 - WARNING - Error processing group role_technical: 'list' object has no attribute 'items'
2025-04-25 02:10:34,958 - ERROR - Error processing C:\Users\nikol\AppData\Roaming\MetaQuotes\Terminal\4B1CE69F577705455263BD980C39A82C\MQL5\Profiles\Tester\MA2CCI_01_standard.set: dictionary update sequence element #0 has length 15; 2 is required
2025-04-25 02:10:34,958 - INFO - Processing MACD-and-SAR_01_standard.set
2025-04-25 02:10:34,959 - WARNING - Error processing group role_risk: 'list' object has no attribute 'items'
2025-04-25 02:10:34,960 - ERROR - Error processing C:\Users\nikol\AppData\Roaming\MetaQuotes\Terminal\4B1CE69F577705455263BD980C39A82C\MQL5\Profiles\Tester\MACD-and-SAR_01_standard.set: dictionary update sequence element #0 has length 8; 2 is required
2025-04-25 02:10:34,961 - INFO - Processing MACD-Cleaner_01_standard.set
2025-04-25 02:10:34,962 - WARNING - Error processing group role_positioning: 'list' object has no attribute 'items'
2025-04-25 02:10:34,963 - ERROR - Error processing C:\Users\nikol\AppData\Roaming\MetaQuotes\Terminal\4B1CE69F577705455263BD980C39A82C\MQL5\Profiles\Tester\MACD-Cleaner_01_standard.set: dictionary update sequence element #0 has length 12; 2 is required
2025-04-25 02:10:34,963 - INFO - Processing MACD-EA-H4_01_standard.set
2025-04-25 02:10:34,966 - WARNING - Error processing group role_system: 'list' object has no attribute 'items'
2025-04-25 02:10:34,967 - ERROR - Error processing C:\Users\nikol\AppData\Roaming\MetaQuotes\Terminal\4B1CE69F577705455263BD980C39A82C\MQL5\Profiles\Tester\MACD-EA-H4_01_standard.set: dictionary update sequence element #0 has length 11; 2 is required
2025-04-25 02:10:34,967 - INFO - Processing MACD-No-Sample_01_standard.set
2025-04-25 02:10:34,969 - WARNING - Error processing group role_positioning: 'list' object has no attribute 'items'
2025-04-25 02:10:34,970 - ERROR - Error processing C:\Users\nikol\AppData\Roaming\MetaQuotes\Terminal\4B1CE69F577705455263BD980C39A82C\MQL5\Profiles\Tester\MACD-No-Sample_01_standard.set: dictionary update sequence element #0 has length 12; 2 is required
2025-04-25 02:10:34,973 - INFO - Processing MACD-signal_01_standard.set
2025-04-25 02:10:34,974 - WARNING - Error processing group role_positioning: 'list' object has no attribute 'items'
2025-04-25 02:10:34,975 - ERROR - Error processing C:\Users\nikol\AppData\Roaming\MetaQuotes\Terminal\4B1CE69F577705455263BD980C39A82C\MQL5\Profiles\Tester\MACD-signal_01_standard.set: dictionary update sequence element #0 has length 14; 2 is required
2025-04-25 02:10:34,975 - INFO - Processing MACD-Stochastic-2_01_standard.set
2025-04-25 02:10:34,977 - WARNING - Error processing group role_risk: 'list' object has no attribute 'items'
2025-04-25 02:10:34,978 - ERROR - Error processing C:\Users\nikol\AppData\Roaming\MetaQuotes\Terminal\4B1CE69F577705455263BD980C39A82C\MQL5\Profiles\Tester\MACD-Stochastic-2_01_standard.set: dictionary update sequence element #0 has length 8; 2 is required
2025-04-25 02:10:34,979 - INFO - Processing MACD-Stochastic_01_standard.set
2025-04-25 02:10:34,980 - WARNING - Error processing group role_technical: 'list' object has no attribute 'items'
2025-04-25 02:10:34,981 - ERROR - Error processing C:\Users\nikol\AppData\Roaming\MetaQuotes\Terminal\4B1CE69F577705455263BD980C39A82C\MQL5\Profiles\Tester\MACD-Stochastic_01_standard.set: dictionary update sequence element #0 has length 20; 2 is required
2025-04-25 02:10:34,982 - INFO - Processing MACDCCI_01_standard.set
2025-04-25 02:10:34,983 - WARNING - Error processing group role_risk: 'list' object has no attribute 'items'
2025-04-25 02:10:34,984 - ERROR - Error processing C:\Users\nikol\AppData\Roaming\MetaQuotes\Terminal\4B1CE69F577705455263BD980C39A82C\MQL5\Profiles\Tester\MACDCCI_01_standard.set: dictionary update sequence element #0 has length 7; 2 is required
2025-04-25 02:10:34,985 - INFO - Processing MacdPatternTraderAll0.01_01_standard.set
2025-04-25 02:10:34,988 - WARNING - Error processing group role_system: 'list' object has no attribute 'items'
2025-04-25 02:10:34,990 - ERROR - Error processing C:\Users\nikol\AppData\Roaming\MetaQuotes\Terminal\4B1CE69F577705455263BD980C39A82C\MQL5\Profiles\Tester\MacdPatternTraderAll0.01_01_standard.set: dictionary update sequence element #0 has length 3; 2 is required
2025-04-25 02:10:34,991 - INFO - Processing MacdPatternTraderAll_01_standard.set
2025-04-25 02:10:34,995 - WARNING - Error processing group role_system: 'list' object has no attribute 'items'
2025-04-25 02:10:34,997 - ERROR - Error processing C:\Users\nikol\AppData\Roaming\MetaQuotes\Terminal\4B1CE69F577705455263BD980C39A82C\MQL5\Profiles\Tester\MacdPatternTraderAll_01_standard.set: dictionary update sequence element #0 has length 3; 2 is required
2025-04-25 02:10:34,998 - INFO - Processing MACD_01_standard.set
2025-04-25 02:10:35,000 - WARNING - Error processing group role_positioning: 'list' object has no attribute 'items'
2025-04-25 02:10:35,001 - ERROR - Error processing C:\Users\nikol\AppData\Roaming\MetaQuotes\Terminal\4B1CE69F577705455263BD980C39A82C\MQL5\Profiles\Tester\MACD_01_standard.set: dictionary update sequence element #0 has length 14; 2 is required
2025-04-25 02:10:35,002 - INFO - Processing MAGrid_01_standard.set
2025-04-25 02:10:35,003 - WARNING - Error processing group role_system: 'list' object has no attribute 'items'
2025-04-25 02:10:35,003 - ERROR - Error processing C:\Users\nikol\AppData\Roaming\MetaQuotes\Terminal\4B1CE69F577705455263BD980C39A82C\MQL5\Profiles\Tester\MAGrid_01_standard.set: dictionary update sequence element #0 has length 6; 2 is required
2025-04-25 02:10:35,004 - INFO - Processing MAMACD_01_standard.set
2025-04-25 02:10:35,007 - WARNING - Error processing group role_technical: 'list' object has no attribute 'items'
2025-04-25 02:10:35,008 - ERROR - Error processing C:\Users\nikol\AppData\Roaming\MetaQuotes\Terminal\4B1CE69F577705455263BD980C39A82C\MQL5\Profiles\Tester\MAMACD_01_standard.set: dictionary update sequence element #0 has length 4; 2 is required
2025-04-25 02:10:35,008 - INFO - Processing Mariner-MT5_01_standard.set
2025-04-25 02:10:35,010 - WARNING - Error processing group role_system: 'list' object has no attribute 'items'
2025-04-25 02:10:35,011 - ERROR - Error processing C:\Users\nikol\AppData\Roaming\MetaQuotes\Terminal\4B1CE69F577705455263BD980C39A82C\MQL5\Profiles\Tester\Mariner-MT5_01_standard.set: dictionary update sequence element #0 has length 5; 2 is required
2025-04-25 02:10:35,012 - INFO - Processing Market-Capture_01_standard.set
2025-04-25 02:10:35,014 - WARNING - Error processing group role_system: 'list' object has no attribute 'items'
2025-04-25 02:10:35,015 - ERROR - Error processing C:\Users\nikol\AppData\Roaming\MetaQuotes\Terminal\4B1CE69F577705455263BD980C39A82C\MQL5\Profiles\Tester\Market-Capture_01_standard.set: dictionary update sequence element #0 has length 9; 2 is required
2025-04-25 02:10:35,016 - INFO - Processing Martin-1_01_standard.set
2025-04-25 02:10:35,017 - WARNING - Error processing group role_system: 'list' object has no attribute 'items'
2025-04-25 02:10:35,018 - ERROR - Error processing C:\Users\nikol\AppData\Roaming\MetaQuotes\Terminal\4B1CE69F577705455263BD980C39A82C\MQL5\Profiles\Tester\Martin-1_01_standard.set: dictionary update sequence element #0 has length 11; 2 is required
2025-04-25 02:10:35,020 - INFO - Processing Martin-for-small-deposits_01_standard.set
2025-04-25 02:10:35,021 - WARNING - Error processing group role_risk: 'list' object has no attribute 'items'
2025-04-25 02:10:35,022 - ERROR - Error processing C:\Users\nikol\AppData\Roaming\MetaQuotes\Terminal\4B1CE69F577705455263BD980C39A82C\MQL5\Profiles\Tester\Martin-for-small-deposits_01_standard.set: dictionary update sequence element #0 has length 8; 2 is required
2025-04-25 02:10:35,023 - INFO - Processing MartingailExpert_01_standard.set
2025-04-25 02:10:35,024 - WARNING - Error processing group role_risk: 'list' object has no attribute 'items'
2025-04-25 02:10:35,025 - ERROR - Error processing C:\Users\nikol\AppData\Roaming\MetaQuotes\Terminal\4B1CE69F577705455263BD980C39A82C\MQL5\Profiles\Tester\MartingailExpert_01_standard.set: dictionary update sequence element #0 has length 8; 2 is required
2025-04-25 02:10:35,026 - INFO - Processing MartinGaleBreakout_01_standard.set
2025-04-25 02:10:35,028 - WARNING - Error processing group role_system: 'list' object has no attribute 'items'
2025-04-25 02:10:35,029 - ERROR - Error processing C:\Users\nikol\AppData\Roaming\MetaQuotes\Terminal\4B1CE69F577705455263BD980C39A82C\MQL5\Profiles\Tester\MartinGaleBreakout_01_standard.set: dictionary update sequence element #0 has length 15; 2 is required
2025-04-25 02:10:35,029 - INFO - Processing Martin_01_standard.set
2025-04-25 02:10:35,031 - WARNING - Error processing group role_system: 'list' object has no attribute 'items'
2025-04-25 02:10:35,031 - ERROR - Error processing C:\Users\nikol\AppData\Roaming\MetaQuotes\Terminal\4B1CE69F577705455263BD980C39A82C\MQL5\Profiles\Tester\Martin_01_standard.set: dictionary update sequence element #0 has length 8; 2 is required
2025-04-25 02:10:35,032 - INFO - Processing Marubozu-EA_01_standard.set
2025-04-25 02:10:35,035 - WARNING - Error processing group role_system: 'list' object has no attribute 'items'
2025-04-25 02:10:35,035 - ERROR - Error processing C:\Users\nikol\AppData\Roaming\MetaQuotes\Terminal\4B1CE69F577705455263BD980C39A82C\MQL5\Profiles\Tester\Marubozu-EA_01_standard.set: dictionary update sequence element #0 has length 3; 2 is required
2025-04-25 02:10:35,036 - INFO - Processing Marubozu_01_standard.set
2025-04-25 02:10:35,038 - WARNING - Error processing group role_system: 'list' object has no attribute 'items'
2025-04-25 02:10:35,039 - ERROR - Error processing C:\Users\nikol\AppData\Roaming\MetaQuotes\Terminal\4B1CE69F577705455263BD980C39A82C\MQL5\Profiles\Tester\Marubozu_01_standard.set: dictionary update sequence element #0 has length 10; 2 is required
2025-04-25 02:10:35,040 - INFO - Processing Marubozu_EA_v1.10_01_standard.set
2025-04-25 02:10:35,042 - WARNING - Error processing group role_system: 'list' object has no attribute 'items'
2025-04-25 02:10:35,043 - ERROR - Error processing C:\Users\nikol\AppData\Roaming\MetaQuotes\Terminal\4B1CE69F577705455263BD980C39A82C\MQL5\Profiles\Tester\Marubozu_EA_v1.10_01_standard.set: dictionary update sequence element #0 has length 3; 2 is required
2025-04-25 02:10:35,044 - INFO - Processing MelBar-EuSwiss-1.85_01_standard.set
2025-04-25 02:10:35,045 - WARNING - Error processing group role_positioning: 'list' object has no attribute 'items'
2025-04-25 02:10:35,046 - ERROR - Error processing C:\Users\nikol\AppData\Roaming\MetaQuotes\Terminal\4B1CE69F577705455263BD980C39A82C\MQL5\Profiles\Tester\MelBar-EuSwiss-1.85_01_standard.set: dictionary update sequence element #0 has length 10; 2 is required
2025-04-25 02:10:35,047 - INFO - Processing MelBar™Take325-™-5.5Y-NZD-USD_01_standard.set
2025-04-25 02:10:35,048 - WARNING - Error processing group role_positioning: 'list' object has no attribute 'items'
2025-04-25 02:10:35,049 - ERROR - Error processing C:\Users\nikol\AppData\Roaming\MetaQuotes\Terminal\4B1CE69F577705455263BD980C39A82C\MQL5\Profiles\Tester\MelBar™Take325-™-5.5Y-NZD-USD_01_standard.set: dictionary update sequence element #0 has length 10; 2 is required
2025-04-25 02:10:35,050 - INFO - Processing Mobo-Bands-EA_01_standard.set
2025-04-25 02:10:35,053 - WARNING - Error processing group role_system: 'list' object has no attribute 'items'
2025-04-25 02:10:35,055 - ERROR - Error processing C:\Users\nikol\AppData\Roaming\MetaQuotes\Terminal\4B1CE69F577705455263BD980C39A82C\MQL5\Profiles\Tester\Mobo-Bands-EA_01_standard.set: dictionary update sequence element #0 has length 11; 2 is required
2025-04-25 02:10:35,056 - INFO - Processing Mobo-Bands_01_standard.set
2025-04-25 02:10:35,057 - WARNING - Error processing group role_technical: 'list' object has no attribute 'items'
2025-04-25 02:10:35,058 - ERROR - Error processing C:\Users\nikol\AppData\Roaming\MetaQuotes\Terminal\4B1CE69F577705455263BD980C39A82C\MQL5\Profiles\Tester\Mobo-Bands_01_standard.set: dictionary update sequence element #0 has length 8; 2 is required
2025-04-25 02:10:35,059 - INFO - Processing Modified-Moving-Averages_01_standard.set
2025-04-25 02:10:35,062 - WARNING - Error processing group role_risk: 'list' object has no attribute 'items'
2025-04-25 02:10:35,063 - ERROR - Error processing C:\Users\nikol\AppData\Roaming\MetaQuotes\Terminal\4B1CE69F577705455263BD980C39A82C\MQL5\Profiles\Tester\Modified-Moving-Averages_01_standard.set: dictionary update sequence element #0 has length 5; 2 is required
2025-04-25 02:10:35,064 - INFO - Processing Momentum-M15_01_standard.set
2025-04-25 02:10:35,065 - WARNING - Error processing group role_risk: 'list' object has no attribute 'items'
2025-04-25 02:10:35,068 - ERROR - Error processing C:\Users\nikol\AppData\Roaming\MetaQuotes\Terminal\4B1CE69F577705455263BD980C39A82C\MQL5\Profiles\Tester\Momentum-M15_01_standard.set: dictionary update sequence element #0 has length 8; 2 is required
2025-04-25 02:10:35,069 - INFO - Processing Momo-trades_01_standard.set
2025-04-25 02:10:35,071 - WARNING - Error processing group role_risk: 'list' object has no attribute 'items'
2025-04-25 02:10:35,072 - ERROR - Error processing C:\Users\nikol\AppData\Roaming\MetaQuotes\Terminal\4B1CE69F577705455263BD980C39A82C\MQL5\Profiles\Tester\Momo-trades_01_standard.set: dictionary update sequence element #0 has length 13; 2 is required
2025-04-25 02:10:35,073 - INFO - Processing Money-Fixed-Margin_01_standard.set
2025-04-25 02:10:35,077 - WARNING - Error processing group role_positioning: 'list' object has no attribute 'items'
2025-04-25 02:10:35,079 - ERROR - Error processing C:\Users\nikol\AppData\Roaming\MetaQuotes\Terminal\4B1CE69F577705455263BD980C39A82C\MQL5\Profiles\Tester\Money-Fixed-Margin_01_standard.set: dictionary update sequence element #0 has length 12; 2 is required
2025-04-25 02:10:35,080 - INFO - Processing Money-Fixed-Risk_01_standard.set
2025-04-25 02:10:35,083 - WARNING - Error processing group role_positioning: 'list' object has no attribute 'items'
2025-04-25 02:10:35,084 - ERROR - Error processing C:\Users\nikol\AppData\Roaming\MetaQuotes\Terminal\4B1CE69F577705455263BD980C39A82C\MQL5\Profiles\Tester\Money-Fixed-Risk_01_standard.set: dictionary update sequence element #0 has length 12; 2 is required
2025-04-25 02:10:35,086 - INFO - Processing MoneyRain_01_standard.set
2025-04-25 02:10:35,088 - WARNING - Error processing group role_technical: 'list' object has no attribute 'items'
2025-04-25 02:10:35,090 - ERROR - Error processing C:\Users\nikol\AppData\Roaming\MetaQuotes\Terminal\4B1CE69F577705455263BD980C39A82C\MQL5\Profiles\Tester\MoneyRain_01_standard.set: dictionary update sequence element #0 has length 19; 2 is required
2025-04-25 02:10:35,091 - INFO - Processing Morning-evening-star-EA_01_standard.set
2025-04-25 02:10:35,093 - WARNING - Error processing group role_system: 'list' object has no attribute 'items'
2025-04-25 02:10:35,094 - ERROR - Error processing C:\Users\nikol\AppData\Roaming\MetaQuotes\Terminal\4B1CE69F577705455263BD980C39A82C\MQL5\Profiles\Tester\Morning-evening-star-EA_01_standard.set: dictionary update sequence element #0 has length 3; 2 is required
2025-04-25 02:10:35,098 - INFO - Processing MostasHaR15-Pivot_01_standard.set
2025-04-25 02:10:35,100 - WARNING - Error processing group role_risk: 'list' object has no attribute 'items'
2025-04-25 02:10:35,101 - ERROR - Error processing C:\Users\nikol\AppData\Roaming\MetaQuotes\Terminal\4B1CE69F577705455263BD980C39A82C\MQL5\Profiles\Tester\MostasHaR15-Pivot_01_standard.set: dictionary update sequence element #0 has length 8; 2 is required
2025-04-25 02:10:35,103 - INFO - Processing Moving-20average-20and-20ichimoku-20EA_01_standard.set
2025-04-25 02:10:35,107 - WARNING - Error processing group role_system: 'list' object has no attribute 'items'
2025-04-25 02:10:35,110 - ERROR - Error processing C:\Users\nikol\AppData\Roaming\MetaQuotes\Terminal\4B1CE69F577705455263BD980C39A82C\MQL5\Profiles\Tester\Moving-20average-20and-20ichimoku-20EA_01_standard.set: dictionary update sequence element #0 has length 8; 2 is required
2025-04-25 02:10:35,112 - INFO - Processing Moving-Average-Trade-System_01_standard.set
2025-04-25 02:10:35,113 - WARNING - Error processing group role_positioning: 'list' object has no attribute 'items'
2025-04-25 02:10:35,121 - ERROR - Error processing C:\Users\nikol\AppData\Roaming\MetaQuotes\Terminal\4B1CE69F577705455263BD980C39A82C\MQL5\Profiles\Tester\Moving-Average-Trade-System_01_standard.set: dictionary update sequence element #0 has length 11; 2 is required
2025-04-25 02:10:35,124 - INFO - Processing Moving-Averages_01_standard.set
2025-04-25 02:10:35,126 - WARNING - Error processing group role_system: 'list' object has no attribute 'items'
2025-04-25 02:10:35,129 - ERROR - Error processing C:\Users\nikol\AppData\Roaming\MetaQuotes\Terminal\4B1CE69F577705455263BD980C39A82C\MQL5\Profiles\Tester\Moving-Averages_01_standard.set: dictionary update sequence element #0 has length 20; 2 is required
2025-04-25 02:10:35,134 - INFO - Processing MovingAverageMartinGale_01_standard.set
2025-04-25 02:10:35,138 - WARNING - Error processing group role_technical: 'list' object has no attribute 'items'
2025-04-25 02:10:35,139 - ERROR - Error processing C:\Users\nikol\AppData\Roaming\MetaQuotes\Terminal\4B1CE69F577705455263BD980C39A82C\MQL5\Profiles\Tester\MovingAverageMartinGale_01_standard.set: dictionary update sequence element #0 has length 9; 2 is required
2025-04-25 02:10:35,140 - INFO - Processing MovingAverage_01_standard.set
2025-04-25 02:10:35,141 - WARNING - Error processing group role_technical: 'list' object has no attribute 'items'
2025-04-25 02:10:35,142 - ERROR - Error processing C:\Users\nikol\AppData\Roaming\MetaQuotes\Terminal\4B1CE69F577705455263BD980C39A82C\MQL5\Profiles\Tester\MovingAverage_01_standard.set: dictionary update sequence element #0 has length 9; 2 is required
2025-04-25 02:10:35,143 - INFO - Processing MQL5-Wizard-MA-RSI_01_standard.set
2025-04-25 02:10:35,146 - WARNING - Error processing group role_system: 'list' object has no attribute 'items'
2025-04-25 02:10:35,147 - ERROR - Error processing C:\Users\nikol\AppData\Roaming\MetaQuotes\Terminal\4B1CE69F577705455263BD980C39A82C\MQL5\Profiles\Tester\MQL5-Wizard-MA-RSI_01_standard.set: dictionary update sequence element #0 has length 13; 2 is required
2025-04-25 02:10:35,148 - INFO - Processing MQL5-Wizard-MACD-Parabolic-SAR_01_standard.set
2025-04-25 02:10:35,149 - WARNING - Error processing group role_system: 'list' object has no attribute 'items'
2025-04-25 02:10:35,151 - ERROR - Error processing C:\Users\nikol\AppData\Roaming\MetaQuotes\Terminal\4B1CE69F577705455263BD980C39A82C\MQL5\Profiles\Tester\MQL5-Wizard-MACD-Parabolic-SAR_01_standard.set: dictionary update sequence element #0 has length 13; 2 is required
2025-04-25 02:10:35,153 - INFO - Processing MT45_01_standard.set
2025-04-25 02:10:35,155 - WARNING - Error processing group role_positioning: 'list' object has no attribute 'items'
2025-04-25 02:10:35,156 - ERROR - Error processing C:\Users\nikol\AppData\Roaming\MetaQuotes\Terminal\4B1CE69F577705455263BD980C39A82C\MQL5\Profiles\Tester\MT45_01_standard.set: dictionary update sequence element #0 has length 5; 2 is required
2025-04-25 02:10:35,159 - INFO - Processing MT5-CoupleHedgeEA_01_standard.set
2025-04-25 02:10:35,162 - WARNING - Error processing group role_system: 'list' object has no attribute 'items'
2025-04-25 02:10:35,163 - ERROR - Error processing C:\Users\nikol\AppData\Roaming\MetaQuotes\Terminal\4B1CE69F577705455263BD980C39A82C\MQL5\Profiles\Tester\MT5-CoupleHedgeEA_01_standard.set: dictionary update sequence element #0 has length 13; 2 is required
2025-04-25 02:10:35,164 - INFO - Processing MT5-RingSystemEA_01_standard.set
2025-04-25 02:10:35,167 - WARNING - Error processing group role_system: 'list' object has no attribute 'items'
2025-04-25 02:10:35,167 - ERROR - Error processing C:\Users\nikol\AppData\Roaming\MetaQuotes\Terminal\4B1CE69F577705455263BD980C39A82C\MQL5\Profiles\Tester\MT5-RingSystemEA_01_standard.set: dictionary update sequence element #0 has length 13; 2 is required
2025-04-25 02:10:35,168 - INFO - Processing Mt5-williams-directional-index-EA_01_standard.set
2025-04-25 02:10:35,169 - WARNING - Error processing group role_positioning: 'list' object has no attribute 'items'
2025-04-25 02:10:35,170 - ERROR - Error processing C:\Users\nikol\AppData\Roaming\MetaQuotes\Terminal\4B1CE69F577705455263BD980C39A82C\MQL5\Profiles\Tester\Mt5-williams-directional-index-EA_01_standard.set: dictionary update sequence element #0 has length 10; 2 is required
2025-04-25 02:10:35,171 - INFO - Processing MTC-Сombo_01_standard.set
2025-04-25 02:10:35,174 - WARNING - Error processing group role_system: 'list' object has no attribute 'items'
2025-04-25 02:10:35,174 - ERROR - Error processing C:\Users\nikol\AppData\Roaming\MetaQuotes\Terminal\4B1CE69F577705455263BD980C39A82C\MQL5\Profiles\Tester\MTC-Сombo_01_standard.set: dictionary update sequence element #0 has length 4; 2 is required
2025-04-25 02:10:35,175 - INFO - Processing Multi-Stochastic_01_standard.set
2025-04-25 02:10:35,177 - WARNING - Error processing group role_feature_switch: 'list' object has no attribute 'items'
2025-04-25 02:10:35,178 - ERROR - Error processing C:\Users\nikol\AppData\Roaming\MetaQuotes\Terminal\4B1CE69F577705455263BD980C39A82C\MQL5\Profiles\Tester\Multi-Stochastic_01_standard.set: dictionary update sequence element #0 has length 12; 2 is required
2025-04-25 02:10:35,180 - INFO - Processing MultiMartin_01_standard.set
2025-04-25 02:10:35,182 - WARNING - Error processing group role_system: 'list' object has no attribute 'items'
2025-04-25 02:10:35,182 - ERROR - Error processing C:\Users\nikol\AppData\Roaming\MetaQuotes\Terminal\4B1CE69F577705455263BD980C39A82C\MQL5\Profiles\Tester\MultiMartin_01_standard.set: dictionary update sequence element #0 has length 9; 2 is required
2025-04-25 02:10:35,183 - INFO - Processing MySystem_01_standard.set
2025-04-25 02:10:35,184 - WARNING - Error processing group role_risk: 'list' object has no attribute 'items'
2025-04-25 02:10:35,186 - ERROR - Error processing C:\Users\nikol\AppData\Roaming\MetaQuotes\Terminal\4B1CE69F577705455263BD980C39A82C\MQL5\Profiles\Tester\MySystem_01_standard.set: dictionary update sequence element #0 has length 8; 2 is required
2025-04-25 02:10:35,187 - INFO - Processing N Candles v2_01_standard.set
2025-04-25 02:10:35,188 - WARNING - Error processing group role_system: 'list' object has no attribute 'items'
2025-04-25 02:10:35,189 - ERROR - Error processing C:\Users\nikol\AppData\Roaming\MetaQuotes\Terminal\4B1CE69F577705455263BD980C39A82C\MQL5\Profiles\Tester\N Candles v2_01_standard.set: dictionary update sequence element #0 has length 13; 2 is required
2025-04-25 02:10:35,190 - INFO - Processing N Candles v3_01_standard.set
2025-04-25 02:10:35,192 - WARNING - Error processing group role_system: 'list' object has no attribute 'items'
2025-04-25 02:10:35,195 - ERROR - Error processing C:\Users\nikol\AppData\Roaming\MetaQuotes\Terminal\4B1CE69F577705455263BD980C39A82C\MQL5\Profiles\Tester\N Candles v3_01_standard.set: dictionary update sequence element #0 has length 13; 2 is required
2025-04-25 02:10:35,196 - INFO - Processing N Candles v4_01_standard.set
2025-04-25 02:10:35,197 - WARNING - Error processing group role_system: 'list' object has no attribute 'items'
2025-04-25 02:10:35,198 - ERROR - Error processing C:\Users\nikol\AppData\Roaming\MetaQuotes\Terminal\4B1CE69F577705455263BD980C39A82C\MQL5\Profiles\Tester\N Candles v4_01_standard.set: dictionary update sequence element #0 has length 13; 2 is required
2025-04-25 02:10:35,199 - INFO - Processing N Candles v5_01_standard.set
2025-04-25 02:10:35,200 - WARNING - Error processing group role_system: 'list' object has no attribute 'items'
2025-04-25 02:10:35,201 - ERROR - Error processing C:\Users\nikol\AppData\Roaming\MetaQuotes\Terminal\4B1CE69F577705455263BD980C39A82C\MQL5\Profiles\Tester\N Candles v5_01_standard.set: dictionary update sequence element #0 has length 13; 2 is required
2025-04-25 02:10:35,202 - INFO - Processing N-Candles_01_standard.set
2025-04-25 02:10:35,203 - WARNING - Error processing group role_system: 'list' object has no attribute 'items'
2025-04-25 02:10:35,204 - ERROR - Error processing C:\Users\nikol\AppData\Roaming\MetaQuotes\Terminal\4B1CE69F577705455263BD980C39A82C\MQL5\Profiles\Tester\N-Candles_01_standard.set: dictionary update sequence element #0 has length 13; 2 is required
2025-04-25 02:10:35,205 - INFO - Processing N-_Candles_v7_01_standard.set
2025-04-25 02:10:35,206 - WARNING - Error processing group role_system: 'list' object has no attribute 'items'
2025-04-25 02:10:35,207 - ERROR - Error processing C:\Users\nikol\AppData\Roaming\MetaQuotes\Terminal\4B1CE69F577705455263BD980C39A82C\MQL5\Profiles\Tester\N-_Candles_v7_01_standard.set: dictionary update sequence element #0 has length 13; 2 is required
2025-04-25 02:10:35,208 - INFO - Processing Nevalyashka-BreakdownLevel_01_standard.set
2025-04-25 02:10:35,210 - WARNING - Error processing group role_system: 'list' object has no attribute 'items'
2025-04-25 02:10:35,211 - ERROR - Error processing C:\Users\nikol\AppData\Roaming\MetaQuotes\Terminal\4B1CE69F577705455263BD980C39A82C\MQL5\Profiles\Tester\Nevalyashka-BreakdownLevel_01_standard.set: dictionary update sequence element #0 has length 13; 2 is required
2025-04-25 02:10:35,212 - INFO - Processing Nevalyashka3-1_01_standard.set
2025-04-25 02:10:35,214 - WARNING - Error processing group role_risk: 'list' object has no attribute 'items'
2025-04-25 02:10:35,216 - ERROR - Error processing C:\Users\nikol\AppData\Roaming\MetaQuotes\Terminal\4B1CE69F577705455263BD980C39A82C\MQL5\Profiles\Tester\Nevalyashka3-1_01_standard.set: dictionary update sequence element #0 has length 9; 2 is required
2025-04-25 02:10:35,217 - INFO - Processing Nevalyashka_01_standard.set
2025-04-25 02:10:35,219 - WARNING - Error processing group role_risk: 'list' object has no attribute 'items'
2025-04-25 02:10:35,220 - ERROR - Error processing C:\Users\nikol\AppData\Roaming\MetaQuotes\Terminal\4B1CE69F577705455263BD980C39A82C\MQL5\Profiles\Tester\Nevalyashka_01_standard.set: dictionary update sequence element #0 has length 21; 2 is required
2025-04-25 02:10:35,221 - INFO - Processing New-Martin_01_standard.set
2025-04-25 02:10:35,222 - WARNING - Error processing group role_positioning: 'list' object has no attribute 'items'
2025-04-25 02:10:35,223 - ERROR - Error processing C:\Users\nikol\AppData\Roaming\MetaQuotes\Terminal\4B1CE69F577705455263BD980C39A82C\MQL5\Profiles\Tester\New-Martin_01_standard.set: dictionary update sequence element #0 has length 6; 2 is required
2025-04-25 02:10:35,224 - INFO - Processing New-Random_01_standard.set
2025-04-25 02:10:35,225 - WARNING - Error processing group role_system: 'list' object has no attribute 'items'
2025-04-25 02:10:35,226 - ERROR - Error processing C:\Users\nikol\AppData\Roaming\MetaQuotes\Terminal\4B1CE69F577705455263BD980C39A82C\MQL5\Profiles\Tester\New-Random_01_standard.set: dictionary update sequence element #0 has length 10; 2 is required
2025-04-25 02:10:35,227 - INFO - Processing Nextbar_01_standard.set
2025-04-25 02:10:35,228 - WARNING - Error processing group role_risk: 'list' object has no attribute 'items'
2025-04-25 02:10:35,229 - ERROR - Error processing C:\Users\nikol\AppData\Roaming\MetaQuotes\Terminal\4B1CE69F577705455263BD980C39A82C\MQL5\Profiles\Tester\Nextbar_01_standard.set: dictionary update sequence element #0 has length 8; 2 is required
2025-04-25 02:10:35,230 - INFO - Processing Night-Flat-Trade_01_standard.set
2025-04-25 02:10:35,231 - WARNING - Error processing group role_positioning: 'list' object has no attribute 'items'
2025-04-25 02:10:35,232 - ERROR - Error processing C:\Users\nikol\AppData\Roaming\MetaQuotes\Terminal\4B1CE69F577705455263BD980C39A82C\MQL5\Profiles\Tester\Night-Flat-Trade_01_standard.set: dictionary update sequence element #0 has length 14; 2 is required
2025-04-25 02:10:35,232 - INFO - Processing NightScalper_01_standard.set
2025-04-25 02:10:35,235 - WARNING - Error processing group role_system: 'list' object has no attribute 'items'
2025-04-25 02:10:35,236 - ERROR - Error processing C:\Users\nikol\AppData\Roaming\MetaQuotes\Terminal\4B1CE69F577705455263BD980C39A82C\MQL5\Profiles\Tester\NightScalper_01_standard.set: dictionary update sequence element #0 has length 8; 2 is required
2025-04-25 02:10:35,237 - INFO - Processing NRTR-Revers_01_standard.set
2025-04-25 02:10:35,238 - WARNING - Error processing group role_risk: 'list' object has no attribute 'items'
2025-04-25 02:10:35,239 - ERROR - Error processing C:\Users\nikol\AppData\Roaming\MetaQuotes\Terminal\4B1CE69F577705455263BD980C39A82C\MQL5\Profiles\Tester\NRTR-Revers_01_standard.set: dictionary update sequence element #0 has length 8; 2 is required
2025-04-25 02:10:35,240 - INFO - Processing NUp1Down_01_standard.set
2025-04-25 02:10:35,241 - WARNING - Error processing group role_system: 'list' object has no attribute 'items'
2025-04-25 02:10:35,243 - ERROR - Error processing C:\Users\nikol\AppData\Roaming\MetaQuotes\Terminal\4B1CE69F577705455263BD980C39A82C\MQL5\Profiles\Tester\NUp1Down_01_standard.set: dictionary update sequence element #0 has length 9; 2 is required
2025-04-25 02:10:35,244 - INFO - Processing Open-Candle-EA_01_standard.set
2025-04-25 02:10:35,247 - WARNING - Error processing group role_system: 'list' object has no attribute 'items'
2025-04-25 02:10:35,249 - ERROR - Error processing C:\Users\nikol\AppData\Roaming\MetaQuotes\Terminal\4B1CE69F577705455263BD980C39A82C\MQL5\Profiles\Tester\Open-Candle-EA_01_standard.set: dictionary update sequence element #0 has length 11; 2 is required
2025-04-25 02:10:35,250 - INFO - Processing Open-Close_01_standard.set
2025-04-25 02:10:35,252 - WARNING - Error processing group role_risk: 'list' object has no attribute 'items'
2025-04-25 02:10:35,252 - ERROR - Error processing C:\Users\nikol\AppData\Roaming\MetaQuotes\Terminal\4B1CE69F577705455263BD980C39A82C\MQL5\Profiles\Tester\Open-Close_01_standard.set: dictionary update sequence element #0 has length 15; 2 is required
2025-04-25 02:10:35,253 - INFO - Processing Opening-and-ilosing-on-time_01_standard.set
2025-04-25 02:10:35,259 - WARNING - Error processing group role_system: 'list' object has no attribute 'items'
2025-04-25 02:10:35,260 - ERROR - Error processing C:\Users\nikol\AppData\Roaming\MetaQuotes\Terminal\4B1CE69F577705455263BD980C39A82C\MQL5\Profiles\Tester\Opening-and-ilosing-on-time_01_standard.set: dictionary update sequence element #0 has length 12; 2 is required
2025-04-25 02:10:35,260 - INFO - Processing Opening-and-Сlosing-on-time_01_standard.set
2025-04-25 02:10:35,262 - WARNING - Error processing group role_system: 'list' object has no attribute 'items'
2025-04-25 02:10:35,263 - ERROR - Error processing C:\Users\nikol\AppData\Roaming\MetaQuotes\Terminal\4B1CE69F577705455263BD980C39A82C\MQL5\Profiles\Tester\Opening-and-Сlosing-on-time_01_standard.set: dictionary update sequence element #0 has length 12; 2 is required
2025-04-25 02:10:35,264 - INFO - Processing OpenPendingorderAfterPositionGetStopLoss_01_standard.set
2025-04-25 02:10:35,266 - WARNING - Error processing group role_risk: 'list' object has no attribute 'items'
2025-04-25 02:10:35,267 - ERROR - Error processing C:\Users\nikol\AppData\Roaming\MetaQuotes\Terminal\4B1CE69F577705455263BD980C39A82C\MQL5\Profiles\Tester\OpenPendingorderAfterPositionGetStopLoss_01_standard.set: dictionary update sequence element #0 has length 12; 2 is required
2025-04-25 02:10:35,267 - INFO - Processing OpenTicks_01_standard.set
2025-04-25 02:10:35,269 - WARNING - Error processing group role_positioning: 'list' object has no attribute 'items'
2025-04-25 02:10:35,270 - ERROR - Error processing C:\Users\nikol\AppData\Roaming\MetaQuotes\Terminal\4B1CE69F577705455263BD980C39A82C\MQL5\Profiles\Tester\OpenTicks_01_standard.set: dictionary update sequence element #0 has length 13; 2 is required
2025-04-25 02:10:35,271 - INFO - Processing ORB-EA-BOX_01_standard.set
2025-04-25 02:10:35,274 - WARNING - Error processing group role_technical: 'list' object has no attribute 'items'
2025-04-25 02:10:35,275 - ERROR - Error processing C:\Users\nikol\AppData\Roaming\MetaQuotes\Terminal\4B1CE69F577705455263BD980C39A82C\MQL5\Profiles\Tester\ORB-EA-BOX_01_standard.set: dictionary update sequence element #0 has length 6; 2 is required
2025-04-25 02:10:35,276 - INFO - Processing OsMaSter_01_standard.set
2025-04-25 02:10:35,278 - WARNING - Error processing group role_technical: 'list' object has no attribute 'items'
2025-04-25 02:10:35,278 - ERROR - Error processing C:\Users\nikol\AppData\Roaming\MetaQuotes\Terminal\4B1CE69F577705455263BD980C39A82C\MQL5\Profiles\Tester\OsMaSter_01_standard.set: dictionary update sequence element #0 has length 16; 2 is required
2025-04-25 02:10:35,279 - INFO - Processing OTT-20AND-20PRICE-20CROSS-20EA_01_standard.set
2025-04-25 02:10:35,281 - WARNING - Error processing group role_system: 'list' object has no attribute 'items'
2025-04-25 02:10:35,281 - ERROR - Error processing C:\Users\nikol\AppData\Roaming\MetaQuotes\Terminal\4B1CE69F577705455263BD980C39A82C\MQL5\Profiles\Tester\OTT-20AND-20PRICE-20CROSS-20EA_01_standard.set: dictionary update sequence element #0 has length 3; 2 is required
2025-04-25 02:10:35,282 - INFO - Processing OverHedge_01_standard.set
2025-04-25 02:10:35,284 - WARNING - Error processing group role_risk: 'list' object has no attribute 'items'
2025-04-25 02:10:35,285 - ERROR - Error processing C:\Users\nikol\AppData\Roaming\MetaQuotes\Terminal\4B1CE69F577705455263BD980C39A82C\MQL5\Profiles\Tester\OverHedge_01_standard.set: dictionary update sequence element #0 has length 8; 2 is required
2025-04-25 02:10:35,285 - INFO - Processing OzFx_01_standard.set
2025-04-25 02:10:35,286 - WARNING - Error processing group role_risk: 'list' object has no attribute 'items'
2025-04-25 02:10:35,287 - ERROR - Error processing C:\Users\nikol\AppData\Roaming\MetaQuotes\Terminal\4B1CE69F577705455263BD980C39A82C\MQL5\Profiles\Tester\OzFx_01_standard.set: dictionary update sequence element #0 has length 8; 2 is required
2025-04-25 02:10:35,288 - INFO - Processing Parabolic-SAR_01_standard.set
2025-04-25 02:10:35,289 - WARNING - Error processing group role_system: 'list' object has no attribute 'items'
2025-04-25 02:10:35,290 - ERROR - Error processing C:\Users\nikol\AppData\Roaming\MetaQuotes\Terminal\4B1CE69F577705455263BD980C39A82C\MQL5\Profiles\Tester\Parabolic-SAR_01_standard.set: dictionary update sequence element #0 has length 20; 2 is required
2025-04-25 02:10:35,291 - INFO - Processing PARSI-EA_01_standard.set
2025-04-25 02:10:35,293 - WARNING - Error processing group role_system: 'list' object has no attribute 'items'
2025-04-25 02:10:35,294 - ERROR - Error processing C:\Users\nikol\AppData\Roaming\MetaQuotes\Terminal\4B1CE69F577705455263BD980C39A82C\MQL5\Profiles\Tester\PARSI-EA_01_standard.set: dictionary update sequence element #0 has length 3; 2 is required
2025-04-25 02:10:35,294 - INFO - Processing Peceptron-Mult_01_standard.set
2025-04-25 02:10:35,296 - WARNING - Error processing group role_risk: 'list' object has no attribute 'items'
2025-04-25 02:10:35,297 - ERROR - Error processing C:\Users\nikol\AppData\Roaming\MetaQuotes\Terminal\4B1CE69F577705455263BD980C39A82C\MQL5\Profiles\Tester\Peceptron-Mult_01_standard.set: dictionary update sequence element #0 has length 16; 2 is required
2025-04-25 02:10:35,298 - INFO - Processing Pending-orders-by-time-2_01_standard.set
2025-04-25 02:10:35,299 - WARNING - Error processing group role_system: 'list' object has no attribute 'items'
2025-04-25 02:10:35,300 - ERROR - Error processing C:\Users\nikol\AppData\Roaming\MetaQuotes\Terminal\4B1CE69F577705455263BD980C39A82C\MQL5\Profiles\Tester\Pending-orders-by-time-2_01_standard.set: dictionary update sequence element #0 has length 15; 2 is required
2025-04-25 02:10:35,302 - INFO - Processing Pending-orders-by-time_01_standard.set
2025-04-25 02:10:35,304 - WARNING - Error processing group role_system: 'list' object has no attribute 'items'
2025-04-25 02:10:35,305 - ERROR - Error processing C:\Users\nikol\AppData\Roaming\MetaQuotes\Terminal\4B1CE69F577705455263BD980C39A82C\MQL5\Profiles\Tester\Pending-orders-by-time_01_standard.set: dictionary update sequence element #0 has length 15; 2 is required
2025-04-25 02:10:35,306 - INFO - Processing Pendulum_01_standard.set
2025-04-25 02:10:35,307 - WARNING - Error processing group role_risk: 'list' object has no attribute 'items'
2025-04-25 02:10:35,308 - ERROR - Error processing C:\Users\nikol\AppData\Roaming\MetaQuotes\Terminal\4B1CE69F577705455263BD980C39A82C\MQL5\Profiles\Tester\Pendulum_01_standard.set: dictionary update sequence element #0 has length 8; 2 is required
2025-04-25 02:10:35,309 - INFO - Processing Pinball-machine_01_standard.set
2025-04-25 02:10:35,310 - WARNING - Error processing group role_risk: 'list' object has no attribute 'items'
2025-04-25 02:10:35,311 - ERROR - Error processing C:\Users\nikol\AppData\Roaming\MetaQuotes\Terminal\4B1CE69F577705455263BD980C39A82C\MQL5\Profiles\Tester\Pinball-machine_01_standard.set: dictionary update sequence element #0 has length 15; 2 is required
2025-04-25 02:10:35,312 - INFO - Processing Pinbar-Magic-EA_01_standard.set
2025-04-25 02:10:35,315 - WARNING - Error processing group role_system: 'list' object has no attribute 'items'
2025-04-25 02:10:35,316 - ERROR - Error processing C:\Users\nikol\AppData\Roaming\MetaQuotes\Terminal\4B1CE69F577705455263BD980C39A82C\MQL5\Profiles\Tester\Pinbar-Magic-EA_01_standard.set: dictionary update sequence element #0 has length 11; 2 is required
2025-04-25 02:10:35,316 - INFO - Processing PinBar-Magic-Indicator_01_standard.set
2025-04-25 02:10:35,318 - WARNING - Error processing group role_technical: 'list' object has no attribute 'items'
2025-04-25 02:10:35,319 - ERROR - Error processing C:\Users\nikol\AppData\Roaming\MetaQuotes\Terminal\4B1CE69F577705455263BD980C39A82C\MQL5\Profiles\Tester\PinBar-Magic-Indicator_01_standard.set: dictionary update sequence element #0 has length 6; 2 is required
2025-04-25 02:10:35,319 - INFO - Processing Pipsover_01_standard.set
2025-04-25 02:10:35,321 - WARNING - Error processing group role_risk: 'list' object has no attribute 'items'
2025-04-25 02:10:35,321 - ERROR - Error processing C:\Users\nikol\AppData\Roaming\MetaQuotes\Terminal\4B1CE69F577705455263BD980C39A82C\MQL5\Profiles\Tester\Pipsover_01_standard.set: dictionary update sequence element #0 has length 7; 2 is required
2025-04-25 02:10:35,322 - INFO - Processing Plan-X_01_standard.set
2025-04-25 02:10:35,324 - WARNING - Error processing group role_positioning: 'list' object has no attribute 'items'
2025-04-25 02:10:35,326 - ERROR - Error processing C:\Users\nikol\AppData\Roaming\MetaQuotes\Terminal\4B1CE69F577705455263BD980C39A82C\MQL5\Profiles\Tester\Plan-X_01_standard.set: dictionary update sequence element #0 has length 12; 2 is required
2025-04-25 02:10:35,327 - INFO - Processing Plateau_01_standard.set
2025-04-25 02:10:35,329 - WARNING - Error processing group role_positioning: 'list' object has no attribute 'items'
2025-04-25 02:10:35,330 - ERROR - Error processing C:\Users\nikol\AppData\Roaming\MetaQuotes\Terminal\4B1CE69F577705455263BD980C39A82C\MQL5\Profiles\Tester\Plateau_01_standard.set: dictionary update sequence element #0 has length 12; 2 is required
2025-04-25 02:10:35,332 - INFO - Processing Poker-SHOW_01_standard.set
2025-04-25 02:10:35,334 - WARNING - Error processing group role_system: 'list' object has no attribute 'items'
2025-04-25 02:10:35,334 - ERROR - Error processing C:\Users\nikol\AppData\Roaming\MetaQuotes\Terminal\4B1CE69F577705455263BD980C39A82C\MQL5\Profiles\Tester\Poker-SHOW_01_standard.set: dictionary update sequence element #0 has length 6; 2 is required
2025-04-25 02:10:35,335 - INFO - Processing Precipice-MartIn_01_standard.set
2025-04-25 02:10:35,337 - WARNING - Error processing group role_system: 'list' object has no attribute 'items'
2025-04-25 02:10:35,338 - ERROR - Error processing C:\Users\nikol\AppData\Roaming\MetaQuotes\Terminal\4B1CE69F577705455263BD980C39A82C\MQL5\Profiles\Tester\Precipice-MartIn_01_standard.set: dictionary update sequence element #0 has length 7; 2 is required
2025-04-25 02:10:35,339 - INFO - Processing Precipice_01_standard.set
2025-04-25 02:10:35,340 - WARNING - Error processing group role_risk: 'list' object has no attribute 'items'
2025-04-25 02:10:35,341 - ERROR - Error processing C:\Users\nikol\AppData\Roaming\MetaQuotes\Terminal\4B1CE69F577705455263BD980C39A82C\MQL5\Profiles\Tester\Precipice_01_standard.set: dictionary update sequence element #0 has length 8; 2 is required
2025-04-25 02:10:35,342 - INFO - Processing Probe_01_standard.set
2025-04-25 02:10:35,343 - WARNING - Error processing group role_risk: 'list' object has no attribute 'items'
2025-04-25 02:10:35,343 - ERROR - Error processing C:\Users\nikol\AppData\Roaming\MetaQuotes\Terminal\4B1CE69F577705455263BD980C39A82C\MQL5\Profiles\Tester\Probe_01_standard.set: dictionary update sequence element #0 has length 8; 2 is required
2025-04-25 02:10:35,344 - INFO - Processing Proffessor_01_standard.set
2025-04-25 02:10:35,347 - WARNING - Error processing group role_risk: 'list' object has no attribute 'items'
2025-04-25 02:10:35,348 - ERROR - Error processing C:\Users\nikol\AppData\Roaming\MetaQuotes\Terminal\4B1CE69F577705455263BD980C39A82C\MQL5\Profiles\Tester\Proffessor_01_standard.set: dictionary update sequence element #0 has length 8; 2 is required
2025-04-25 02:10:35,348 - INFO - Processing PropFirmHelper_01_standard.set
2025-04-25 02:10:35,350 - WARNING - Error processing group role_system: 'list' object has no attribute 'items'
2025-04-25 02:10:35,351 - ERROR - Error processing C:\Users\nikol\AppData\Roaming\MetaQuotes\Terminal\4B1CE69F577705455263BD980C39A82C\MQL5\Profiles\Tester\PropFirmHelper_01_standard.set: dictionary update sequence element #0 has length 3; 2 is required
2025-04-25 02:10:35,352 - INFO - Processing PROphet_01_standard.set
2025-04-25 02:10:35,353 - WARNING - Error processing group role_system: 'list' object has no attribute 'items'
2025-04-25 02:10:35,354 - ERROR - Error processing C:\Users\nikol\AppData\Roaming\MetaQuotes\Terminal\4B1CE69F577705455263BD980C39A82C\MQL5\Profiles\Tester\PROphet_01_standard.set: dictionary update sequence element #0 has length 6; 2 is required
2025-04-25 02:10:35,355 - INFO - Processing Puria-method_01_standard.set
2025-04-25 02:10:35,356 - WARNING - Error processing group role_positioning: 'list' object has no attribute 'items'
2025-04-25 02:10:35,357 - ERROR - Error processing C:\Users\nikol\AppData\Roaming\MetaQuotes\Terminal\4B1CE69F577705455263BD980C39A82C\MQL5\Profiles\Tester\Puria-method_01_standard.set: dictionary update sequence element #0 has length 12; 2 is required
2025-04-25 02:10:35,358 - INFO - Processing Rabbit3_01_standard.set
2025-04-25 02:10:35,359 - WARNING - Error processing group role_technical: 'list' object has no attribute 'items'
2025-04-25 02:10:35,360 - ERROR - Error processing C:\Users\nikol\AppData\Roaming\MetaQuotes\Terminal\4B1CE69F577705455263BD980C39A82C\MQL5\Profiles\Tester\Rabbit3_01_standard.set: dictionary update sequence element #0 has length 15; 2 is required
2025-04-25 02:10:35,361 - INFO - Processing Range-Breakout_01_standard.set
2025-04-25 02:10:35,363 - WARNING - Error processing group role_system: 'list' object has no attribute 'items'
2025-04-25 02:10:35,363 - ERROR - Error processing C:\Users\nikol\AppData\Roaming\MetaQuotes\Terminal\4B1CE69F577705455263BD980C39A82C\MQL5\Profiles\Tester\Range-Breakout_01_standard.set: dictionary update sequence element #0 has length 20; 2 is required
2025-04-25 02:10:35,364 - INFO - Processing Rapid-Doji-EA_01_standard.set
2025-04-25 02:10:35,365 - WARNING - Error processing group role_positioning: 'list' object has no attribute 'items'
2025-04-25 02:10:35,366 - ERROR - Error processing C:\Users\nikol\AppData\Roaming\MetaQuotes\Terminal\4B1CE69F577705455263BD980C39A82C\MQL5\Profiles\Tester\Rapid-Doji-EA_01_standard.set: dictionary update sequence element #0 has length 14; 2 is required
2025-04-25 02:10:35,367 - INFO - Processing Raymond-Cloudy-Day-for-EA_01_standard.set
2025-04-25 02:10:35,369 - WARNING - Error processing group role_system: 'list' object has no attribute 'items'
2025-04-25 02:10:35,370 - ERROR - Error processing C:\Users\nikol\AppData\Roaming\MetaQuotes\Terminal\4B1CE69F577705455263BD980C39A82C\MQL5\Profiles\Tester\Raymond-Cloudy-Day-for-EA_01_standard.set: dictionary update sequence element #0 has length 6; 2 is required
2025-04-25 02:10:35,370 - INFO - Processing Reflex-EA_01_standard.set
2025-04-25 02:10:35,372 - WARNING - Error processing group role_system: 'list' object has no attribute 'items'
2025-04-25 02:10:35,373 - ERROR - Error processing C:\Users\nikol\AppData\Roaming\MetaQuotes\Terminal\4B1CE69F577705455263BD980C39A82C\MQL5\Profiles\Tester\Reflex-EA_01_standard.set: dictionary update sequence element #0 has length 11; 2 is required
2025-04-25 02:10:35,374 - INFO - Processing REFLEX-INDICATOR_01_standard.set
2025-04-25 02:10:35,375 - WARNING - Error processing group role_system: 'list' object has no attribute 'items'
2025-04-25 02:10:35,376 - ERROR - Error processing C:\Users\nikol\AppData\Roaming\MetaQuotes\Terminal\4B1CE69F577705455263BD980C39A82C\MQL5\Profiles\Tester\REFLEX-INDICATOR_01_standard.set: dictionary update sequence element #0 has length 7; 2 is required
2025-04-25 02:10:35,377 - INFO - Processing Reflex_01_standard.set
2025-04-25 02:10:35,378 - WARNING - Error processing group role_technical: 'list' object has no attribute 'items'
2025-04-25 02:10:35,379 - ERROR - Error processing C:\Users\nikol\AppData\Roaming\MetaQuotes\Terminal\4B1CE69F577705455263BD980C39A82C\MQL5\Profiles\Tester\Reflex_01_standard.set: dictionary update sequence element #0 has length 16; 2 is required
2025-04-25 02:10:35,379 - INFO - Processing Reversing-Martingale_01_standard.set
2025-04-25 02:10:35,381 - WARNING - Error processing group role_system: 'list' object has no attribute 'items'
2025-04-25 02:10:35,382 - ERROR - Error processing C:\Users\nikol\AppData\Roaming\MetaQuotes\Terminal\4B1CE69F577705455263BD980C39A82C\MQL5\Profiles\Tester\Reversing-Martingale_01_standard.set: dictionary update sequence element #0 has length 21; 2 is required
2025-04-25 02:10:35,383 - INFO - Processing RideAlligator_01_standard.set
2025-04-25 02:10:35,384 - WARNING - Error processing group role_technical: 'list' object has no attribute 'items'
2025-04-25 02:10:35,385 - ERROR - Error processing C:\Users\nikol\AppData\Roaming\MetaQuotes\Terminal\4B1CE69F577705455263BD980C39A82C\MQL5\Profiles\Tester\RideAlligator_01_standard.set: dictionary update sequence element #0 has length 16; 2 is required
2025-04-25 02:10:35,385 - INFO - Processing RNN_01_standard.set
2025-04-25 02:10:35,387 - WARNING - Error processing group role_risk: 'list' object has no attribute 'items'
2025-04-25 02:10:35,388 - ERROR - Error processing C:\Users\nikol\AppData\Roaming\MetaQuotes\Terminal\4B1CE69F577705455263BD980C39A82C\MQL5\Profiles\Tester\RNN_01_standard.set: dictionary update sequence element #0 has length 8; 2 is required
2025-04-25 02:10:35,388 - INFO - Processing Robot-MACD_01_standard.set
2025-04-25 02:10:35,389 - WARNING - Error processing group role_positioning: 'list' object has no attribute 'items'
2025-04-25 02:10:35,390 - ERROR - Error processing C:\Users\nikol\AppData\Roaming\MetaQuotes\Terminal\4B1CE69F577705455263BD980C39A82C\MQL5\Profiles\Tester\Robot-MACD_01_standard.set: dictionary update sequence element #0 has length 14; 2 is required
2025-04-25 02:10:35,391 - INFO - Processing RobotPowerM5-meta4_01_standard.set
2025-04-25 02:10:35,392 - WARNING - Error processing group role_technical: 'list' object has no attribute 'items'
2025-04-25 02:10:35,393 - ERROR - Error processing C:\Users\nikol\AppData\Roaming\MetaQuotes\Terminal\4B1CE69F577705455263BD980C39A82C\MQL5\Profiles\Tester\RobotPowerM5-meta4_01_standard.set: dictionary update sequence element #0 has length 15; 2 is required
2025-04-25 02:10:35,394 - INFO - Processing Rollback-system_01_standard.set
2025-04-25 02:10:35,396 - WARNING - Error processing group role_risk: 'list' object has no attribute 'items'
2025-04-25 02:10:35,397 - ERROR - Error processing C:\Users\nikol\AppData\Roaming\MetaQuotes\Terminal\4B1CE69F577705455263BD980C39A82C\MQL5\Profiles\Tester\Rollback-system_01_standard.set: dictionary update sequence element #0 has length 8; 2 is required
2025-04-25 02:10:35,397 - INFO - Processing RSI EA v2_01_standard.set
2025-04-25 02:10:35,399 - WARNING - Error processing group role_system: 'list' object has no attribute 'items'
2025-04-25 02:10:35,400 - ERROR - Error processing C:\Users\nikol\AppData\Roaming\MetaQuotes\Terminal\4B1CE69F577705455263BD980C39A82C\MQL5\Profiles\Tester\RSI EA v2_01_standard.set: dictionary update sequence element #0 has length 8; 2 is required
2025-04-25 02:10:35,401 - INFO - Processing RSI-and-Bollinger-Bands_01_standard.set
2025-04-25 02:10:35,403 - WARNING - Error processing group role_technical: 'list' object has no attribute 'items'
2025-04-25 02:10:35,404 - ERROR - Error processing C:\Users\nikol\AppData\Roaming\MetaQuotes\Terminal\4B1CE69F577705455263BD980C39A82C\MQL5\Profiles\Tester\RSI-and-Bollinger-Bands_01_standard.set: dictionary update sequence element #0 has length 14; 2 is required
2025-04-25 02:10:35,404 - INFO - Processing RSI-Arrow-EA_01_standard.set
2025-04-25 02:10:35,406 - WARNING - Error processing group role_system: 'list' object has no attribute 'items'
2025-04-25 02:10:35,407 - ERROR - Error processing C:\Users\nikol\AppData\Roaming\MetaQuotes\Terminal\4B1CE69F577705455263BD980C39A82C\MQL5\Profiles\Tester\RSI-Arrow-EA_01_standard.set: dictionary update sequence element #0 has length 3; 2 is required
2025-04-25 02:10:35,408 - INFO - Processing RSI-Arrow_01_standard.set
2025-04-25 02:10:35,409 - WARNING - Error processing group role_technical: 'list' object has no attribute 'items'
2025-04-25 02:10:35,410 - ERROR - Error processing C:\Users\nikol\AppData\Roaming\MetaQuotes\Terminal\4B1CE69F577705455263BD980C39A82C\MQL5\Profiles\Tester\RSI-Arrow_01_standard.set: dictionary update sequence element #0 has length 11; 2 is required
2025-04-25 02:10:35,410 - INFO - Processing RSI-EA_01_standard.set
2025-04-25 02:10:35,411 - WARNING - Error processing group role_system: 'list' object has no attribute 'items'
2025-04-25 02:10:35,412 - ERROR - Error processing C:\Users\nikol\AppData\Roaming\MetaQuotes\Terminal\4B1CE69F577705455263BD980C39A82C\MQL5\Profiles\Tester\RSI-EA_01_standard.set: dictionary update sequence element #0 has length 8; 2 is required
2025-04-25 02:10:35,413 - INFO - Processing RSI-Eraser_01_standard.set
2025-04-25 02:10:35,414 - WARNING - Error processing group role_technical: 'list' object has no attribute 'items'
2025-04-25 02:10:35,415 - ERROR - Error processing C:\Users\nikol\AppData\Roaming\MetaQuotes\Terminal\4B1CE69F577705455263BD980C39A82C\MQL5\Profiles\Tester\RSI-Eraser_01_standard.set: dictionary update sequence element #0 has length 14; 2 is required
2025-04-25 02:10:35,415 - INFO - Processing RSI-Expert_01_standard.set
2025-04-25 02:10:35,417 - WARNING - Error processing group role_risk: 'list' object has no attribute 'items'
2025-04-25 02:10:35,417 - ERROR - Error processing C:\Users\nikol\AppData\Roaming\MetaQuotes\Terminal\4B1CE69F577705455263BD980C39A82C\MQL5\Profiles\Tester\RSI-Expert_01_standard.set: dictionary update sequence element #0 has length 8; 2 is required
2025-04-25 02:10:35,418 - INFO - Processing RSI-Levels_01_standard.set
2025-04-25 02:10:35,419 - WARNING - Error processing group role_system: 'list' object has no attribute 'items'
2025-04-25 02:10:35,420 - ERROR - Error processing C:\Users\nikol\AppData\Roaming\MetaQuotes\Terminal\4B1CE69F577705455263BD980C39A82C\MQL5\Profiles\Tester\RSI-Levels_01_standard.set: dictionary update sequence element #0 has length 20; 2 is required
2025-04-25 02:10:35,421 - INFO - Processing RSI-trader_01_standard.set
2025-04-25 02:10:35,422 - WARNING - Error processing group role_technical: 'list' object has no attribute 'items'
2025-04-25 02:10:35,423 - ERROR - Error processing C:\Users\nikol\AppData\Roaming\MetaQuotes\Terminal\4B1CE69F577705455263BD980C39A82C\MQL5\Profiles\Tester\RSI-trader_01_standard.set: dictionary update sequence element #0 has length 14; 2 is required
2025-04-25 02:10:35,424 - INFO - Processing RSI-Trend-EA_01_standard.set
2025-04-25 02:10:35,426 - WARNING - Error processing group role_system: 'list' object has no attribute 'items'
2025-04-25 02:10:35,426 - ERROR - Error processing C:\Users\nikol\AppData\Roaming\MetaQuotes\Terminal\4B1CE69F577705455263BD980C39A82C\MQL5\Profiles\Tester\RSI-Trend-EA_01_standard.set: dictionary update sequence element #0 has length 3; 2 is required
2025-04-25 02:10:35,427 - INFO - Processing RSI-Trend_01_standard.set
2025-04-25 02:10:35,429 - WARNING - Error processing group role_technical: 'list' object has no attribute 'items'
2025-04-25 02:10:35,430 - ERROR - Error processing C:\Users\nikol\AppData\Roaming\MetaQuotes\Terminal\4B1CE69F577705455263BD980C39A82C\MQL5\Profiles\Tester\RSI-Trend_01_standard.set: dictionary update sequence element #0 has length 8; 2 is required
2025-04-25 02:10:35,430 - INFO - Processing RSI-with-channels-EA_01_standard.set
2025-04-25 02:10:35,432 - WARNING - Error processing group role_system: 'list' object has no attribute 'items'
2025-04-25 02:10:35,433 - ERROR - Error processing C:\Users\nikol\AppData\Roaming\MetaQuotes\Terminal\4B1CE69F577705455263BD980C39A82C\MQL5\Profiles\Tester\RSI-with-channels-EA_01_standard.set: dictionary update sequence element #0 has length 3; 2 is required
2025-04-25 02:10:35,434 - INFO - Processing RSI-with-channels_01_standard.set
2025-04-25 02:10:35,435 - WARNING - Error processing group role_technical: 'list' object has no attribute 'items'
2025-04-25 02:10:35,436 - ERROR - Error processing C:\Users\nikol\AppData\Roaming\MetaQuotes\Terminal\4B1CE69F577705455263BD980C39A82C\MQL5\Profiles\Tester\RSI-with-channels_01_standard.set: dictionary update sequence element #0 has length 13; 2 is required
2025-04-25 02:10:35,437 - INFO - Processing RSI_Expert_v2.0_01_standard.set
2025-04-25 02:10:35,438 - WARNING - Error processing group role_positioning: 'list' object has no attribute 'items'
2025-04-25 02:10:35,439 - ERROR - Error processing C:\Users\nikol\AppData\Roaming\MetaQuotes\Terminal\4B1CE69F577705455263BD980C39A82C\MQL5\Profiles\Tester\RSI_Expert_v2.0_01_standard.set: dictionary update sequence element #0 has length 12; 2 is required
2025-04-25 02:10:35,440 - INFO - Processing Russian20-hp1_01_standard.set
2025-04-25 02:10:35,441 - WARNING - Error processing group role_risk: 'list' object has no attribute 'items'
2025-04-25 02:10:35,442 - ERROR - Error processing C:\Users\nikol\AppData\Roaming\MetaQuotes\Terminal\4B1CE69F577705455263BD980C39A82C\MQL5\Profiles\Tester\Russian20-hp1_01_standard.set: dictionary update sequence element #0 has length 8; 2 is required
2025-04-25 02:10:35,443 - INFO - Processing SampleCheckPendingOrder_01_standard.set
2025-04-25 02:10:35,445 - WARNING - Error processing group role_risk: 'list' object has no attribute 'items'
2025-04-25 02:10:35,445 - ERROR - Error processing C:\Users\nikol\AppData\Roaming\MetaQuotes\Terminal\4B1CE69F577705455263BD980C39A82C\MQL5\Profiles\Tester\SampleCheckPendingOrder_01_standard.set: dictionary update sequence element #0 has length 12; 2 is required
2025-04-25 02:10:35,446 - INFO - Processing SampleTrailingstop-MT5_01_standard.set
2025-04-25 02:10:35,447 - WARNING - Error processing group role_positioning: 'list' object has no attribute 'items'
2025-04-25 02:10:35,448 - ERROR - Error processing C:\Users\nikol\AppData\Roaming\MetaQuotes\Terminal\4B1CE69F577705455263BD980C39A82C\MQL5\Profiles\Tester\SampleTrailingstop-MT5_01_standard.set: dictionary update sequence element #0 has length 8; 2 is required
2025-04-25 02:10:35,448 - INFO - Processing SAR-trading_01_standard.set
2025-04-25 02:10:35,450 - WARNING - Error processing group role_risk: 'list' object has no attribute 'items'
2025-04-25 02:10:35,451 - ERROR - Error processing C:\Users\nikol\AppData\Roaming\MetaQuotes\Terminal\4B1CE69F577705455263BD980C39A82C\MQL5\Profiles\Tester\SAR-trading_01_standard.set: dictionary update sequence element #0 has length 8; 2 is required
2025-04-25 02:10:35,451 - INFO - Processing Secwenta_01_standard.set
2025-04-25 02:10:35,453 - WARNING - Error processing group role_risk: 'list' object has no attribute 'items'
2025-04-25 02:10:35,453 - ERROR - Error processing C:\Users\nikol\AppData\Roaming\MetaQuotes\Terminal\4B1CE69F577705455263BD980C39A82C\MQL5\Profiles\Tester\Secwenta_01_standard.set: dictionary update sequence element #0 has length 8; 2 is required
2025-04-25 02:10:35,454 - INFO - Processing Sell-Stop_01_standard.set
2025-04-25 02:10:35,455 - WARNING - Error processing group role_system: 'list' object has no attribute 'items'
2025-04-25 02:10:35,456 - ERROR - Error processing C:\Users\nikol\AppData\Roaming\MetaQuotes\Terminal\4B1CE69F577705455263BD980C39A82C\MQL5\Profiles\Tester\Sell-Stop_01_standard.set: dictionary update sequence element #0 has length 9; 2 is required
2025-04-25 02:10:35,457 - INFO - Processing Sensitive_01_standard.set
2025-04-25 02:10:35,458 - WARNING - Error processing group role_risk: 'list' object has no attribute 'items'
2025-04-25 02:10:35,459 - ERROR - Error processing C:\Users\nikol\AppData\Roaming\MetaQuotes\Terminal\4B1CE69F577705455263BD980C39A82C\MQL5\Profiles\Tester\Sensitive_01_standard.set: dictionary update sequence element #0 has length 8; 2 is required
2025-04-25 02:10:35,460 - INFO - Processing Separate-trade_01_standard.set
2025-04-25 02:10:35,461 - WARNING - Error processing group role_risk: 'list' object has no attribute 'items'
2025-04-25 02:10:35,461 - ERROR - Error processing C:\Users\nikol\AppData\Roaming\MetaQuotes\Terminal\4B1CE69F577705455263BD980C39A82C\MQL5\Profiles\Tester\Separate-trade_01_standard.set: dictionary update sequence element #0 has length 8; 2 is required
2025-04-25 02:10:35,462 - INFO - Processing SilverTrend_01_standard.set
2025-04-25 02:10:35,463 - WARNING - Error processing group role_positioning: 'list' object has no attribute 'items'
2025-04-25 02:10:35,464 - ERROR - Error processing C:\Users\nikol\AppData\Roaming\MetaQuotes\Terminal\4B1CE69F577705455263BD980C39A82C\MQL5\Profiles\Tester\SilverTrend_01_standard.set: dictionary update sequence element #0 has length 13; 2 is required
2025-04-25 02:10:35,464 - INFO - Processing Simple-20Price-20Alert-20-20EA_01_standard.set
2025-04-25 02:10:35,466 - WARNING - Error processing group role_system: 'list' object has no attribute 'items'
2025-04-25 02:10:35,466 - ERROR - Error processing C:\Users\nikol\AppData\Roaming\MetaQuotes\Terminal\4B1CE69F577705455263BD980C39A82C\MQL5\Profiles\Tester\Simple-20Price-20Alert-20-20EA_01_standard.set: dictionary update sequence element #0 has length 3; 2 is required
2025-04-25 02:10:35,467 - INFO - Processing Simple-20Volume-20EA_01_standard.set
2025-04-25 02:10:35,468 - WARNING - Error processing group role_technical: 'list' object has no attribute 'items'
2025-04-25 02:10:35,470 - ERROR - Error processing C:\Users\nikol\AppData\Roaming\MetaQuotes\Terminal\4B1CE69F577705455263BD980C39A82C\MQL5\Profiles\Tester\Simple-20Volume-20EA_01_standard.set: dictionary update sequence element #0 has length 6; 2 is required
2025-04-25 02:10:35,471 - INFO - Processing Simple-EA-MA-plus-MACD_01_standard.set
2025-04-25 02:10:35,472 - WARNING - Error processing group role_risk: 'list' object has no attribute 'items'
2025-04-25 02:10:35,473 - ERROR - Error processing C:\Users\nikol\AppData\Roaming\MetaQuotes\Terminal\4B1CE69F577705455263BD980C39A82C\MQL5\Profiles\Tester\Simple-EA-MA-plus-MACD_01_standard.set: dictionary update sequence element #0 has length 8; 2 is required
2025-04-25 02:10:35,473 - INFO - Processing Simple-FX_01_standard.set
2025-04-25 02:10:35,475 - WARNING - Error processing group role_system: 'list' object has no attribute 'items'
2025-04-25 02:10:35,476 - ERROR - Error processing C:\Users\nikol\AppData\Roaming\MetaQuotes\Terminal\4B1CE69F577705455263BD980C39A82C\MQL5\Profiles\Tester\Simple-FX_01_standard.set: dictionary update sequence element #0 has length 9; 2 is required
2025-04-25 02:10:35,476 - INFO - Processing Simple-MACD_01_standard.set
2025-04-25 02:10:35,478 - WARNING - Error processing group role_risk: 'list' object has no attribute 'items'
2025-04-25 02:10:35,479 - ERROR - Error processing C:\Users\nikol\AppData\Roaming\MetaQuotes\Terminal\4B1CE69F577705455263BD980C39A82C\MQL5\Profiles\Tester\Simple-MACD_01_standard.set: dictionary update sequence element #0 has length 8; 2 is required
2025-04-25 02:10:35,479 - INFO - Processing Simple-Volume-EA_01_standard.set
2025-04-25 02:10:35,481 - WARNING - Error processing group role_technical: 'list' object has no attribute 'items'
2025-04-25 02:10:35,482 - ERROR - Error processing C:\Users\nikol\AppData\Roaming\MetaQuotes\Terminal\4B1CE69F577705455263BD980C39A82C\MQL5\Profiles\Tester\Simple-Volume-EA_01_standard.set: dictionary update sequence element #0 has length 6; 2 is required
2025-04-25 02:10:35,482 - INFO - Processing SimplePivot_01_standard.set
2025-04-25 02:10:35,484 - WARNING - Error processing group role_risk: 'list' object has no attribute 'items'
2025-04-25 02:10:35,485 - ERROR - Error processing C:\Users\nikol\AppData\Roaming\MetaQuotes\Terminal\4B1CE69F577705455263BD980C39A82C\MQL5\Profiles\Tester\SimplePivot_01_standard.set: dictionary update sequence element #0 has length 8; 2 is required
2025-04-25 02:10:35,486 - INFO - Processing Simplest-Hedging-EA-ever_01_standard.set
2025-04-25 02:10:35,487 - WARNING - Error processing group role_risk: 'list' object has no attribute 'items'
2025-04-25 02:10:35,488 - ERROR - Error processing C:\Users\nikol\AppData\Roaming\MetaQuotes\Terminal\4B1CE69F577705455263BD980C39A82C\MQL5\Profiles\Tester\Simplest-Hedging-EA-ever_01_standard.set: dictionary update sequence element #0 has length 7; 2 is required
2025-04-25 02:10:35,489 - INFO - Processing SimpleTrade _01_standard.set
2025-04-25 02:10:35,491 - WARNING - Error processing group role_positioning: 'list' object has no attribute 'items'
2025-04-25 02:10:35,492 - ERROR - Error processing C:\Users\nikol\AppData\Roaming\MetaQuotes\Terminal\4B1CE69F577705455263BD980C39A82C\MQL5\Profiles\Tester\SimpleTrade _01_standard.set: dictionary update sequence element #0 has length 9; 2 is required
2025-04-25 02:10:35,493 - INFO - Processing Six-Soldiers-EA-Grid_01_standard.set
2025-04-25 02:10:35,496 - WARNING - Error processing group role_system: 'list' object has no attribute 'items'
2025-04-25 02:10:35,498 - ERROR - Error processing C:\Users\nikol\AppData\Roaming\MetaQuotes\Terminal\4B1CE69F577705455263BD980C39A82C\MQL5\Profiles\Tester\Six-Soldiers-EA-Grid_01_standard.set: dictionary update sequence element #0 has length 11; 2 is required
2025-04-25 02:10:35,499 - INFO - Processing Six-Soldiers-EA_01_standard.set
2025-04-25 02:10:35,502 - WARNING - Error processing group role_system: 'list' object has no attribute 'items'
2025-04-25 02:10:35,502 - ERROR - Error processing C:\Users\nikol\AppData\Roaming\MetaQuotes\Terminal\4B1CE69F577705455263BD980C39A82C\MQL5\Profiles\Tester\Six-Soldiers-EA_01_standard.set: dictionary update sequence element #0 has length 11; 2 is required
2025-04-25 02:10:35,503 - INFO - Processing Six-Soldiers_01_standard.set
2025-04-25 02:10:35,504 - WARNING - Error processing group role_system: 'list' object has no attribute 'items'
2025-04-25 02:10:35,505 - ERROR - Error processing C:\Users\nikol\AppData\Roaming\MetaQuotes\Terminal\4B1CE69F577705455263BD980C39A82C\MQL5\Profiles\Tester\Six-Soldiers_01_standard.set: dictionary update sequence element #0 has length 20; 2 is required
2025-04-25 02:10:35,506 - INFO - Processing Small-Inside-Bar-Strategy_01_standard.set
2025-04-25 02:10:35,507 - WARNING - Error processing group role_system: 'list' object has no attribute 'items'
2025-04-25 02:10:35,508 - ERROR - Error processing C:\Users\nikol\AppData\Roaming\MetaQuotes\Terminal\4B1CE69F577705455263BD980C39A82C\MQL5\Profiles\Tester\Small-Inside-Bar-Strategy_01_standard.set: dictionary update sequence element #0 has length 12; 2 is required
2025-04-25 02:10:35,509 - INFO - Processing Smart-Machine-20EA_01_standard.set
2025-04-25 02:10:35,511 - WARNING - Error processing group role_system: 'list' object has no attribute 'items'
2025-04-25 02:10:35,512 - ERROR - Error processing C:\Users\nikol\AppData\Roaming\MetaQuotes\Terminal\4B1CE69F577705455263BD980C39A82C\MQL5\Profiles\Tester\Smart-Machine-20EA_01_standard.set: dictionary update sequence element #0 has length 11; 2 is required
2025-04-25 02:10:35,513 - INFO - Processing Smoothing-Average_01_standard.set
2025-04-25 02:10:35,514 - WARNING - Error processing group role_risk: 'list' object has no attribute 'items'
2025-04-25 02:10:35,515 - ERROR - Error processing C:\Users\nikol\AppData\Roaming\MetaQuotes\Terminal\4B1CE69F577705455263BD980C39A82C\MQL5\Profiles\Tester\Smoothing-Average_01_standard.set: dictionary update sequence element #0 has length 13; 2 is required
2025-04-25 02:10:35,515 - INFO - Processing Spasm_01_standard.set
2025-04-25 02:10:35,517 - WARNING - Error processing group role_risk: 'list' object has no attribute 'items'
2025-04-25 02:10:35,518 - ERROR - Error processing C:\Users\nikol\AppData\Roaming\MetaQuotes\Terminal\4B1CE69F577705455263BD980C39A82C\MQL5\Profiles\Tester\Spasm_01_standard.set: dictionary update sequence element #0 has length 8; 2 is required
2025-04-25 02:10:35,519 - INFO - Processing Sprd-mt5-20EA_01_standard.set
2025-04-25 02:10:35,521 - WARNING - Error processing group role_system: 'list' object has no attribute 'items'
2025-04-25 02:10:35,522 - ERROR - Error processing C:\Users\nikol\AppData\Roaming\MetaQuotes\Terminal\4B1CE69F577705455263BD980C39A82C\MQL5\Profiles\Tester\Sprd-mt5-20EA_01_standard.set: dictionary update sequence element #0 has length 11; 2 is required
2025-04-25 02:10:35,522 - INFO - Processing ssb5-123_01_standard.set
2025-04-25 02:10:35,523 - WARNING - Error processing group role_risk: 'list' object has no attribute 'items'
2025-04-25 02:10:35,524 - ERROR - Error processing C:\Users\nikol\AppData\Roaming\MetaQuotes\Terminal\4B1CE69F577705455263BD980C39A82C\MQL5\Profiles\Tester\ssb5-123_01_standard.set: dictionary update sequence element #0 has length 8; 2 is required
2025-04-25 02:10:35,524 - INFO - Processing Starter_01_standard.set
2025-04-25 02:10:35,526 - WARNING - Error processing group role_positioning: 'list' object has no attribute 'items'
2025-04-25 02:10:35,527 - ERROR - Error processing C:\Users\nikol\AppData\Roaming\MetaQuotes\Terminal\4B1CE69F577705455263BD980C39A82C\MQL5\Profiles\Tester\Starter_01_standard.set: dictionary update sequence element #0 has length 12; 2 is required
2025-04-25 02:10:35,528 - INFO - Processing Steve-Cartwright-Trader-Camel-CCI-MACD_01_standard.set
2025-04-25 02:10:35,529 - WARNING - Error processing group role_technical: 'list' object has no attribute 'items'
2025-04-25 02:10:35,529 - ERROR - Error processing C:\Users\nikol\AppData\Roaming\MetaQuotes\Terminal\4B1CE69F577705455263BD980C39A82C\MQL5\Profiles\Tester\Steve-Cartwright-Trader-Camel-CCI-MACD_01_standard.set: dictionary update sequence element #0 has length 18; 2 is required
2025-04-25 02:10:35,530 - INFO - Processing Stoch-EA-1192_01_standard.set
2025-04-25 02:10:35,531 - WARNING - Error processing group role_risk: 'list' object has no attribute 'items'
2025-04-25 02:10:35,532 - ERROR - Error processing C:\Users\nikol\AppData\Roaming\MetaQuotes\Terminal\4B1CE69F577705455263BD980C39A82C\MQL5\Profiles\Tester\Stoch-EA-1192_01_standard.set: dictionary update sequence element #0 has length 8; 2 is required
2025-04-25 02:10:35,533 - INFO - Processing Stochastic-20Alert_01_standard.set
2025-04-25 02:10:35,534 - WARNING - Error processing group role_system: 'list' object has no attribute 'items'
2025-04-25 02:10:35,535 - ERROR - Error processing C:\Users\nikol\AppData\Roaming\MetaQuotes\Terminal\4B1CE69F577705455263BD980C39A82C\MQL5\Profiles\Tester\Stochastic-20Alert_01_standard.set: dictionary update sequence element #0 has length 8; 2 is required
2025-04-25 02:10:35,536 - INFO - Processing Stochastic-K-Divergence.lua_01_standard.set
2025-04-25 02:10:35,537 - WARNING - Error processing group role_system: 'list' object has no attribute 'items'
2025-04-25 02:10:35,538 - ERROR - Error processing C:\Users\nikol\AppData\Roaming\MetaQuotes\Terminal\4B1CE69F577705455263BD980C39A82C\MQL5\Profiles\Tester\Stochastic-K-Divergence.lua_01_standard.set: dictionary update sequence element #0 has length 7; 2 is required
2025-04-25 02:10:35,539 - INFO - Processing stochastic-three-periods_01_standard.set
2025-04-25 02:10:35,540 - WARNING - Error processing group role_positioning: 'list' object has no attribute 'items'
2025-04-25 02:10:35,541 - ERROR - Error processing C:\Users\nikol\AppData\Roaming\MetaQuotes\Terminal\4B1CE69F577705455263BD980C39A82C\MQL5\Profiles\Tester\stochastic-three-periods_01_standard.set: dictionary update sequence element #0 has length 6; 2 is required
2025-04-25 02:10:35,542 - INFO - Processing StochasticDiffSign-EA_01_standard.set
2025-04-25 02:10:35,544 - WARNING - Error processing group role_system: 'list' object has no attribute 'items'
2025-04-25 02:10:35,545 - ERROR - Error processing C:\Users\nikol\AppData\Roaming\MetaQuotes\Terminal\4B1CE69F577705455263BD980C39A82C\MQL5\Profiles\Tester\StochasticDiffSign-EA_01_standard.set: dictionary update sequence element #0 has length 11; 2 is required
2025-04-25 02:10:35,546 - INFO - Processing stochasticdiffsign_01_standard.set
2025-04-25 02:10:35,548 - WARNING - Error processing group role_technical: 'list' object has no attribute 'items'
2025-04-25 02:10:35,549 - ERROR - Error processing C:\Users\nikol\AppData\Roaming\MetaQuotes\Terminal\4B1CE69F577705455263BD980C39A82C\MQL5\Profiles\Tester\stochasticdiffsign_01_standard.set: dictionary update sequence element #0 has length 8; 2 is required
2025-04-25 02:10:35,550 - INFO - Processing StochMA-EA_01_standard.set
2025-04-25 02:10:35,552 - WARNING - Error processing group role_system: 'list' object has no attribute 'items'
2025-04-25 02:10:35,554 - ERROR - Error processing C:\Users\nikol\AppData\Roaming\MetaQuotes\Terminal\4B1CE69F577705455263BD980C39A82C\MQL5\Profiles\Tester\StochMA-EA_01_standard.set: dictionary update sequence element #0 has length 3; 2 is required
2025-04-25 02:10:35,554 - INFO - Processing StochMA_01_standard.set
2025-04-25 02:10:35,556 - WARNING - Error processing group role_technical: 'list' object has no attribute 'items'
2025-04-25 02:10:35,557 - ERROR - Error processing C:\Users\nikol\AppData\Roaming\MetaQuotes\Terminal\4B1CE69F577705455263BD980C39A82C\MQL5\Profiles\Tester\StochMA_01_standard.set: dictionary update sequence element #0 has length 9; 2 is required
2025-04-25 02:10:35,558 - INFO - Processing Stoch_01_standard.set
2025-04-25 02:10:35,559 - WARNING - Error processing group role_positioning: 'list' object has no attribute 'items'
2025-04-25 02:10:35,561 - ERROR - Error processing C:\Users\nikol\AppData\Roaming\MetaQuotes\Terminal\4B1CE69F577705455263BD980C39A82C\MQL5\Profiles\Tester\Stoch_01_standard.set: dictionary update sequence element #0 has length 14; 2 is required
2025-04-25 02:10:35,562 - INFO - Processing Stop-Loss-Take-Profit_01_standard.set
2025-04-25 02:10:35,563 - WARNING - Error processing group role_positioning: 'list' object has no attribute 'items'
2025-04-25 02:10:35,564 - ERROR - Error processing C:\Users\nikol\AppData\Roaming\MetaQuotes\Terminal\4B1CE69F577705455263BD980C39A82C\MQL5\Profiles\Tester\Stop-Loss-Take-Profit_01_standard.set: dictionary update sequence element #0 has length 12; 2 is required
2025-04-25 02:10:35,564 - INFO - Processing StraddleqTrail_01_standard.set
2025-04-25 02:10:35,566 - WARNING - Error processing group role_system: 'list' object has no attribute 'items'
2025-04-25 02:10:35,567 - ERROR - Error processing C:\Users\nikol\AppData\Roaming\MetaQuotes\Terminal\4B1CE69F577705455263BD980C39A82C\MQL5\Profiles\Tester\StraddleqTrail_01_standard.set: dictionary update sequence element #0 has length 13; 2 is required
2025-04-25 02:10:35,568 - INFO - Processing Surefirething_01_standard.set
2025-04-25 02:10:35,570 - WARNING - Error processing group role_risk: 'list' object has no attribute 'items'
2025-04-25 02:10:35,571 - ERROR - Error processing C:\Users\nikol\AppData\Roaming\MetaQuotes\Terminal\4B1CE69F577705455263BD980C39A82C\MQL5\Profiles\Tester\Surefirething_01_standard.set: dictionary update sequence element #0 has length 8; 2 is required
2025-04-25 02:10:35,571 - INFO - Processing TDSGlobal_01_standard.set
2025-04-25 02:10:35,573 - WARNING - Error processing group role_risk: 'list' object has no attribute 'items'
2025-04-25 02:10:35,574 - ERROR - Error processing C:\Users\nikol\AppData\Roaming\MetaQuotes\Terminal\4B1CE69F577705455263BD980C39A82C\MQL5\Profiles\Tester\TDSGlobal_01_standard.set: dictionary update sequence element #0 has length 8; 2 is required
2025-04-25 02:10:35,575 - INFO - Processing The-MasterMind-2_01_standard.set
2025-04-25 02:10:35,577 - WARNING - Error processing group role_risk: 'list' object has no attribute 'items'
2025-04-25 02:10:35,578 - ERROR - Error processing C:\Users\nikol\AppData\Roaming\MetaQuotes\Terminal\4B1CE69F577705455263BD980C39A82C\MQL5\Profiles\Tester\The-MasterMind-2_01_standard.set: dictionary update sequence element #0 has length 5; 2 is required
2025-04-25 02:10:35,579 - INFO - Processing The-MasterMind-3_01_standard.set
2025-04-25 02:10:35,582 - WARNING - Error processing group role_risk: 'list' object has no attribute 'items'
2025-04-25 02:10:35,582 - ERROR - Error processing C:\Users\nikol\AppData\Roaming\MetaQuotes\Terminal\4B1CE69F577705455263BD980C39A82C\MQL5\Profiles\Tester\The-MasterMind-3_01_standard.set: dictionary update sequence element #0 has length 5; 2 is required
2025-04-25 02:10:35,584 - INFO - Processing The-MasterMind_01_standard.set
2025-04-25 02:10:35,585 - WARNING - Error processing group role_risk: 'list' object has no attribute 'items'
2025-04-25 02:10:35,586 - ERROR - Error processing C:\Users\nikol\AppData\Roaming\MetaQuotes\Terminal\4B1CE69F577705455263BD980C39A82C\MQL5\Profiles\Tester\The-MasterMind_01_standard.set: dictionary update sequence element #0 has length 5; 2 is required
2025-04-25 02:10:35,586 - INFO - Processing The-Puncher_01_standard.set
2025-04-25 02:10:35,588 - WARNING - Error processing group role_risk: 'list' object has no attribute 'items'
2025-04-25 02:10:35,589 - ERROR - Error processing C:\Users\nikol\AppData\Roaming\MetaQuotes\Terminal\4B1CE69F577705455263BD980C39A82C\MQL5\Profiles\Tester\The-Puncher_01_standard.set: dictionary update sequence element #0 has length 5; 2 is required
2025-04-25 02:10:35,590 - INFO - Processing TheClassicTurtleTrader-no-dots-EA_01_standard.set
2025-04-25 02:10:35,592 - WARNING - Error processing group role_system: 'list' object has no attribute 'items'
2025-04-25 02:10:35,592 - ERROR - Error processing C:\Users\nikol\AppData\Roaming\MetaQuotes\Terminal\4B1CE69F577705455263BD980C39A82C\MQL5\Profiles\Tester\TheClassicTurtleTrader-no-dots-EA_01_standard.set: dictionary update sequence element #0 has length 3; 2 is required
2025-04-25 02:10:35,593 - INFO - Processing TheClassicTurtleTrader-no-dots_01_standard.set
2025-04-25 02:10:35,596 - WARNING - Error processing group role_technical: 'list' object has no attribute 'items'
2025-04-25 02:10:35,597 - ERROR - Error processing C:\Users\nikol\AppData\Roaming\MetaQuotes\Terminal\4B1CE69F577705455263BD980C39A82C\MQL5\Profiles\Tester\TheClassicTurtleTrader-no-dots_01_standard.set: dictionary update sequence element #0 has length 12; 2 is required
2025-04-25 02:10:35,598 - INFO - Processing Three-indicators_01_standard.set
2025-04-25 02:10:35,599 - WARNING - Error processing group role_system: 'list' object has no attribute 'items'
2025-04-25 02:10:35,600 - ERROR - Error processing C:\Users\nikol\AppData\Roaming\MetaQuotes\Terminal\4B1CE69F577705455263BD980C39A82C\MQL5\Profiles\Tester\Three-indicators_01_standard.set: dictionary update sequence element #0 has length 13; 2 is required
2025-04-25 02:10:35,600 - INFO - Processing Three-neural-networks_01_standard.set
2025-04-25 02:10:35,602 - WARNING - Error processing group role_positioning: 'list' object has no attribute 'items'
2025-04-25 02:10:35,603 - ERROR - Error processing C:\Users\nikol\AppData\Roaming\MetaQuotes\Terminal\4B1CE69F577705455263BD980C39A82C\MQL5\Profiles\Tester\Three-neural-networks_01_standard.set: dictionary update sequence element #0 has length 12; 2 is required
2025-04-25 02:10:35,604 - INFO - Processing Three-timeframes_01_standard.set
2025-04-25 02:10:35,605 - WARNING - Error processing group role_positioning: 'list' object has no attribute 'items'
2025-04-25 02:10:35,606 - ERROR - Error processing C:\Users\nikol\AppData\Roaming\MetaQuotes\Terminal\4B1CE69F577705455263BD980C39A82C\MQL5\Profiles\Tester\Three-timeframes_01_standard.set: dictionary update sequence element #0 has length 12; 2 is required
2025-04-25 02:10:35,607 - INFO - Processing Three-Typical-Candles_01_standard.set
2025-04-25 02:10:35,608 - WARNING - Error processing group role_risk: 'list' object has no attribute 'items'
2025-04-25 02:10:35,608 - ERROR - Error processing C:\Users\nikol\AppData\Roaming\MetaQuotes\Terminal\4B1CE69F577705455263BD980C39A82C\MQL5\Profiles\Tester\Three-Typical-Candles_01_standard.set: dictionary update sequence element #0 has length 13; 2 is required
2025-04-25 02:10:35,609 - INFO - Processing Time-sync-forts_01_standard.set
2025-04-25 02:10:35,611 - WARNING - Error processing group role_system: 'list' object has no attribute 'items'
2025-04-25 02:10:35,612 - ERROR - Error processing C:\Users\nikol\AppData\Roaming\MetaQuotes\Terminal\4B1CE69F577705455263BD980C39A82C\MQL5\Profiles\Tester\Time-sync-forts_01_standard.set: dictionary update sequence element #0 has length 9; 2 is required
2025-04-25 02:10:35,613 - INFO - Processing timer-trade_01_standard.set
2025-04-25 02:10:35,614 - WARNING - Error processing group role_system: 'list' object has no attribute 'items'
2025-04-25 02:10:35,615 - ERROR - Error processing C:\Users\nikol\AppData\Roaming\MetaQuotes\Terminal\4B1CE69F577705455263BD980C39A82C\MQL5\Profiles\Tester\timer-trade_01_standard.set: dictionary update sequence element #0 has length 10; 2 is required
2025-04-25 02:10:35,616 - INFO - Processing TMA-ATR-Channel_01_standard.set
2025-04-25 02:10:35,618 - WARNING - Error processing group role_system: 'list' object has no attribute 'items'
2025-04-25 02:10:35,619 - ERROR - Error processing C:\Users\nikol\AppData\Roaming\MetaQuotes\Terminal\4B1CE69F577705455263BD980C39A82C\MQL5\Profiles\Tester\TMA-ATR-Channel_01_standard.set: dictionary update sequence element #0 has length 13; 2 is required
2025-04-25 02:10:35,619 - INFO - Processing TMA-ATR-EA_01_standard.set
2025-04-25 02:10:35,621 - WARNING - Error processing group role_system: 'list' object has no attribute 'items'
2025-04-25 02:10:35,623 - ERROR - Error processing C:\Users\nikol\AppData\Roaming\MetaQuotes\Terminal\4B1CE69F577705455263BD980C39A82C\MQL5\Profiles\Tester\TMA-ATR-EA_01_standard.set: dictionary update sequence element #0 has length 3; 2 is required
2025-04-25 02:10:35,626 - INFO - Processing TMA-CG-EA_01_standard.set
2025-04-25 02:10:35,629 - WARNING - Error processing group role_system: 'list' object has no attribute 'items'
2025-04-25 02:10:35,630 - ERROR - Error processing C:\Users\nikol\AppData\Roaming\MetaQuotes\Terminal\4B1CE69F577705455263BD980C39A82C\MQL5\Profiles\Tester\TMA-CG-EA_01_standard.set: dictionary update sequence element #0 has length 11; 2 is required
2025-04-25 02:10:35,631 - INFO - Processing TMA-CG-Martingale-20EA_01_standard.set
2025-04-25 02:10:35,633 - WARNING - Error processing group role_system: 'list' object has no attribute 'items'
2025-04-25 02:10:35,634 - ERROR - Error processing C:\Users\nikol\AppData\Roaming\MetaQuotes\Terminal\4B1CE69F577705455263BD980C39A82C\MQL5\Profiles\Tester\TMA-CG-Martingale-20EA_01_standard.set: dictionary update sequence element #0 has length 11; 2 is required
2025-04-25 02:10:35,635 - INFO - Processing TMA-CG-mladen_01_standard.set
2025-04-25 02:10:35,636 - WARNING - Error processing group role_system: 'list' object has no attribute 'items'
2025-04-25 02:10:35,637 - ERROR - Error processing C:\Users\nikol\AppData\Roaming\MetaQuotes\Terminal\4B1CE69F577705455263BD980C39A82C\MQL5\Profiles\Tester\TMA-CG-mladen_01_standard.set: dictionary update sequence element #0 has length 11; 2 is required
2025-04-25 02:10:35,638 - INFO - Processing TMA-CG-special_01_standard.set
2025-04-25 02:10:35,639 - WARNING - Error processing group role_system: 'list' object has no attribute 'items'
2025-04-25 02:10:35,641 - ERROR - Error processing C:\Users\nikol\AppData\Roaming\MetaQuotes\Terminal\4B1CE69F577705455263BD980C39A82C\MQL5\Profiles\Tester\TMA-CG-special_01_standard.set: dictionary update sequence element #0 has length 11; 2 is required
2025-04-25 02:10:35,642 - INFO - Processing TMA-slope-bands_01_standard.set
2025-04-25 02:10:35,643 - WARNING - Error processing group role_system: 'list' object has no attribute 'items'
2025-04-25 02:10:35,644 - ERROR - Error processing C:\Users\nikol\AppData\Roaming\MetaQuotes\Terminal\4B1CE69F577705455263BD980C39A82C\MQL5\Profiles\Tester\TMA-slope-bands_01_standard.set: dictionary update sequence element #0 has length 11; 2 is required
2025-04-25 02:10:35,645 - INFO - Processing TmaTrue-2.0-with-Distances-6xx_01_standard.set
2025-04-25 02:10:35,647 - WARNING - Error processing group role_system: 'list' object has no attribute 'items'
2025-04-25 02:10:35,647 - ERROR - Error processing C:\Users\nikol\AppData\Roaming\MetaQuotes\Terminal\4B1CE69F577705455263BD980C39A82C\MQL5\Profiles\Tester\TmaTrue-2.0-with-Distances-6xx_01_standard.set: dictionary update sequence element #0 has length 14; 2 is required
2025-04-25 02:10:35,648 - INFO - Processing TmaTrue-3.0-with-Distances-6xx_01_standard.set
2025-04-25 02:10:35,650 - WARNING - Error processing group role_system: 'list' object has no attribute 'items'
2025-04-25 02:10:35,651 - ERROR - Error processing C:\Users\nikol\AppData\Roaming\MetaQuotes\Terminal\4B1CE69F577705455263BD980C39A82C\MQL5\Profiles\Tester\TmaTrue-3.0-with-Distances-6xx_01_standard.set: dictionary update sequence element #0 has length 14; 2 is required
2025-04-25 02:10:35,653 - INFO - Processing TP-with-money_01_standard.set
2025-04-25 02:10:35,654 - WARNING - Error processing group role_system: 'list' object has no attribute 'items'
2025-04-25 02:10:35,655 - ERROR - Error processing C:\Users\nikol\AppData\Roaming\MetaQuotes\Terminal\4B1CE69F577705455263BD980C39A82C\MQL5\Profiles\Tester\TP-with-money_01_standard.set: dictionary update sequence element #0 has length 3; 2 is required
2025-04-25 02:10:35,655 - INFO - Processing Trade-in-Channel_01_standard.set
2025-04-25 02:10:35,657 - WARNING - Error processing group role_risk: 'list' object has no attribute 'items'
2025-04-25 02:10:35,658 - ERROR - Error processing C:\Users\nikol\AppData\Roaming\MetaQuotes\Terminal\4B1CE69F577705455263BD980C39A82C\MQL5\Profiles\Tester\Trade-in-Channel_01_standard.set: dictionary update sequence element #0 has length 8; 2 is required
2025-04-25 02:10:35,659 - INFO - Processing Trade-on-qualified-RSI_01_standard.set
2025-04-25 02:10:35,660 - WARNING - Error processing group role_risk: 'list' object has no attribute 'items'
2025-04-25 02:10:35,661 - ERROR - Error processing C:\Users\nikol\AppData\Roaming\MetaQuotes\Terminal\4B1CE69F577705455263BD980C39A82C\MQL5\Profiles\Tester\Trade-on-qualified-RSI_01_standard.set: dictionary update sequence element #0 has length 5; 2 is required
2025-04-25 02:10:35,662 - INFO - Processing Trading-Breakout-MrThanhTan_01_standard.set
2025-04-25 02:10:35,663 - WARNING - Error processing group role_technical: 'list' object has no attribute 'items'
2025-04-25 02:10:35,664 - ERROR - Error processing C:\Users\nikol\AppData\Roaming\MetaQuotes\Terminal\4B1CE69F577705455263BD980C39A82C\MQL5\Profiles\Tester\Trading-Breakout-MrThanhTan_01_standard.set: dictionary update sequence element #0 has length 10; 2 is required
2025-04-25 02:10:35,665 - INFO - Processing Trend-Trader-Strategy-EA_01_standard.set
2025-04-25 02:10:35,668 - WARNING - Error processing group role_system: 'list' object has no attribute 'items'
2025-04-25 02:10:35,669 - ERROR - Error processing C:\Users\nikol\AppData\Roaming\MetaQuotes\Terminal\4B1CE69F577705455263BD980C39A82C\MQL5\Profiles\Tester\Trend-Trader-Strategy-EA_01_standard.set: dictionary update sequence element #0 has length 3; 2 is required
2025-04-25 02:10:35,670 - INFO - Processing Trend-Trader-Strategy_01_standard.set
2025-04-25 02:10:35,671 - WARNING - Error processing group role_system: 'list' object has no attribute 'items'
2025-04-25 02:10:35,672 - ERROR - Error processing C:\Users\nikol\AppData\Roaming\MetaQuotes\Terminal\4B1CE69F577705455263BD980C39A82C\MQL5\Profiles\Tester\Trend-Trader-Strategy_01_standard.set: dictionary update sequence element #0 has length 11; 2 is required
2025-04-25 02:10:35,673 - INFO - Processing Tru-EA_01_standard.set
2025-04-25 02:10:35,675 - WARNING - Error processing group role_system: 'list' object has no attribute 'items'
2025-04-25 02:10:35,676 - ERROR - Error processing C:\Users\nikol\AppData\Roaming\MetaQuotes\Terminal\4B1CE69F577705455263BD980C39A82C\MQL5\Profiles\Tester\Tru-EA_01_standard.set: dictionary update sequence element #0 has length 3; 2 is required
2025-04-25 02:10:35,677 - INFO - Processing True-Scalper-Profit-Lock_01_standard.set
2025-04-25 02:10:35,680 - WARNING - Error processing group role_risk: 'list' object has no attribute 'items'
2025-04-25 02:10:35,681 - ERROR - Error processing C:\Users\nikol\AppData\Roaming\MetaQuotes\Terminal\4B1CE69F577705455263BD980C39A82C\MQL5\Profiles\Tester\True-Scalper-Profit-Lock_01_standard.set: dictionary update sequence element #0 has length 5; 2 is required
2025-04-25 02:10:35,682 - INFO - Processing TrueSort-1100_01_standard.set
2025-04-25 02:10:35,683 - WARNING - Error processing group role_positioning: 'list' object has no attribute 'items'
2025-04-25 02:10:35,684 - ERROR - Error processing C:\Users\nikol\AppData\Roaming\MetaQuotes\Terminal\4B1CE69F577705455263BD980C39A82C\MQL5\Profiles\Tester\TrueSort-1100_01_standard.set: dictionary update sequence element #0 has length 12; 2 is required
2025-04-25 02:10:35,685 - INFO - Processing Tunnel-gen4_01_standard.set
2025-04-25 02:10:35,687 - WARNING - Error processing group role_risk: 'list' object has no attribute 'items'
2025-04-25 02:10:35,688 - ERROR - Error processing C:\Users\nikol\AppData\Roaming\MetaQuotes\Terminal\4B1CE69F577705455263BD980C39A82C\MQL5\Profiles\Tester\Tunnel-gen4_01_standard.set: dictionary update sequence element #0 has length 8; 2 is required
2025-04-25 02:10:35,689 - INFO - Processing Tunnel-Method_01_standard.set
2025-04-25 02:10:35,691 - WARNING - Error processing group role_risk: 'list' object has no attribute 'items'
2025-04-25 02:10:35,691 - ERROR - Error processing C:\Users\nikol\AppData\Roaming\MetaQuotes\Terminal\4B1CE69F577705455263BD980C39A82C\MQL5\Profiles\Tester\Tunnel-Method_01_standard.set: dictionary update sequence element #0 has length 8; 2 is required
2025-04-25 02:10:35,693 - INFO - Processing TurnGrid_01_standard.set
2025-04-25 02:10:35,694 - WARNING - Error processing group role_system: 'list' object has no attribute 'items'
2025-04-25 02:10:35,695 - ERROR - Error processing C:\Users\nikol\AppData\Roaming\MetaQuotes\Terminal\4B1CE69F577705455263BD980C39A82C\MQL5\Profiles\Tester\TurnGrid_01_standard.set: dictionary update sequence element #0 has length 13; 2 is required
2025-04-25 02:10:35,696 - INFO - Processing Two PerBar _01_standard.set
2025-04-25 02:10:35,697 - WARNING - Error processing group role_risk: 'list' object has no attribute 'items'
2025-04-25 02:10:35,698 - ERROR - Error processing C:\Users\nikol\AppData\Roaming\MetaQuotes\Terminal\4B1CE69F577705455263BD980C39A82C\MQL5\Profiles\Tester\Two PerBar _01_standard.set: dictionary update sequence element #0 has length 8; 2 is required
2025-04-25 02:10:35,699 - INFO - Processing Two-20MA-20RSI-20ADX-20EA_01_standard.set
2025-04-25 02:10:35,701 - WARNING - Error processing group role_system: 'list' object has no attribute 'items'
2025-04-25 02:10:35,702 - ERROR - Error processing C:\Users\nikol\AppData\Roaming\MetaQuotes\Terminal\4B1CE69F577705455263BD980C39A82C\MQL5\Profiles\Tester\Two-20MA-20RSI-20ADX-20EA_01_standard.set: dictionary update sequence element #0 has length 3; 2 is required
2025-04-25 02:10:35,702 - INFO - Processing Two-20Orders-20Panel_01_standard.set
2025-04-25 02:10:35,704 - WARNING - Error processing group role_risk: 'list' object has no attribute 'items'
2025-04-25 02:10:35,705 - ERROR - Error processing C:\Users\nikol\AppData\Roaming\MetaQuotes\Terminal\4B1CE69F577705455263BD980C39A82C\MQL5\Profiles\Tester\Two-20Orders-20Panel_01_standard.set: dictionary update sequence element #0 has length 6; 2 is required
2025-04-25 02:10:35,706 - INFO - Processing Two-pending-orders-2_01_standard.set
2025-04-25 02:10:35,709 - WARNING - Error processing group role_positioning: 'list' object has no attribute 'items'
2025-04-25 02:10:35,709 - ERROR - Error processing C:\Users\nikol\AppData\Roaming\MetaQuotes\Terminal\4B1CE69F577705455263BD980C39A82C\MQL5\Profiles\Tester\Two-pending-orders-2_01_standard.set: dictionary update sequence element #0 has length 12; 2 is required
2025-04-25 02:10:35,710 - INFO - Processing UnityPro_01_standard.set
2025-04-25 02:10:35,711 - WARNING - Error processing group role_system: 'list' object has no attribute 'items'
2025-04-25 02:10:35,712 - ERROR - Error processing C:\Users\nikol\AppData\Roaming\MetaQuotes\Terminal\4B1CE69F577705455263BD980C39A82C\MQL5\Profiles\Tester\UnityPro_01_standard.set: dictionary update sequence element #0 has length 11; 2 is required
2025-04-25 02:10:35,712 - INFO - Processing UniversalMACrossEA_01_standard.set
2025-04-25 02:10:35,714 - WARNING - Error processing group role_positioning: 'list' object has no attribute 'items'
2025-04-25 02:10:35,715 - ERROR - Error processing C:\Users\nikol\AppData\Roaming\MetaQuotes\Terminal\4B1CE69F577705455263BD980C39A82C\MQL5\Profiles\Tester\UniversalMACrossEA_01_standard.set: dictionary update sequence element #0 has length 12; 2 is required
2025-04-25 02:10:35,716 - INFO - Processing UniversalSignalDemo_01_standard.set
2025-04-25 02:10:35,718 - WARNING - Error processing group role_system: 'list' object has no attribute 'items'
2025-04-25 02:10:35,719 - ERROR - Error processing C:\Users\nikol\AppData\Roaming\MetaQuotes\Terminal\4B1CE69F577705455263BD980C39A82C\MQL5\Profiles\Tester\UniversalSignalDemo_01_standard.set: dictionary update sequence element #0 has length 13; 2 is required
2025-04-25 02:10:35,720 - INFO - Processing Universum-3.0_01_standard.set
2025-04-25 02:10:35,721 - WARNING - Error processing group role_technical: 'list' object has no attribute 'items'
2025-04-25 02:10:35,722 - ERROR - Error processing C:\Users\nikol\AppData\Roaming\MetaQuotes\Terminal\4B1CE69F577705455263BD980C39A82C\MQL5\Profiles\Tester\Universum-3.0_01_standard.set: dictionary update sequence element #0 has length 10; 2 is required
2025-04-25 02:10:35,723 - INFO - Processing UnNomGuai-20EA_01_standard.set
2025-04-25 02:10:35,724 - WARNING - Error processing group role_technical: 'list' object has no attribute 'items'
2025-04-25 02:10:35,725 - ERROR - Error processing C:\Users\nikol\AppData\Roaming\MetaQuotes\Terminal\4B1CE69F577705455263BD980C39A82C\MQL5\Profiles\Tester\UnNomGuai-20EA_01_standard.set: dictionary update sequence element #0 has length 6; 2 is required
2025-04-25 02:10:35,726 - INFO - Processing up3x1-Investor_01_standard.set
2025-04-25 02:10:35,728 - WARNING - Error processing group role_positioning: 'list' object has no attribute 'items'
2025-04-25 02:10:35,729 - ERROR - Error processing C:\Users\nikol\AppData\Roaming\MetaQuotes\Terminal\4B1CE69F577705455263BD980C39A82C\MQL5\Profiles\Tester\up3x1-Investor_01_standard.set: dictionary update sequence element #0 has length 12; 2 is required
2025-04-25 02:10:35,729 - INFO - Processing up3x1-premium-M_01_standard.set
2025-04-25 02:10:35,730 - WARNING - Error processing group role_risk: 'list' object has no attribute 'items'
2025-04-25 02:10:35,731 - ERROR - Error processing C:\Users\nikol\AppData\Roaming\MetaQuotes\Terminal\4B1CE69F577705455263BD980C39A82C\MQL5\Profiles\Tester\up3x1-premium-M_01_standard.set: dictionary update sequence element #0 has length 5; 2 is required
2025-04-25 02:10:35,732 - INFO - Processing up3x1_01_standard.set
2025-04-25 02:10:35,733 - WARNING - Error processing group role_risk: 'list' object has no attribute 'items'
2025-04-25 02:10:35,734 - ERROR - Error processing C:\Users\nikol\AppData\Roaming\MetaQuotes\Terminal\4B1CE69F577705455263BD980C39A82C\MQL5\Profiles\Tester\up3x1_01_standard.set: dictionary update sequence element #0 has length 5; 2 is required
2025-04-25 02:10:35,734 - INFO - Processing Urdala-Trol_01_standard.set
2025-04-25 02:10:35,736 - WARNING - Error processing group role_risk: 'list' object has no attribute 'items'
2025-04-25 02:10:35,737 - ERROR - Error processing C:\Users\nikol\AppData\Roaming\MetaQuotes\Terminal\4B1CE69F577705455263BD980C39A82C\MQL5\Profiles\Tester\Urdala-Trol_01_standard.set: dictionary update sequence element #0 has length 8; 2 is required
2025-04-25 02:10:35,737 - INFO - Processing Very-Blonde-System_01_standard.set
2025-04-25 02:10:35,738 - WARNING - Error processing group role_system: 'list' object has no attribute 'items'
2025-04-25 02:10:35,739 - ERROR - Error processing C:\Users\nikol\AppData\Roaming\MetaQuotes\Terminal\4B1CE69F577705455263BD980C39A82C\MQL5\Profiles\Tester\Very-Blonde-System_01_standard.set: dictionary update sequence element #0 has length 10; 2 is required
2025-04-25 02:10:35,740 - INFO - Processing Virtual-Trailing-Stop_01_standard.set
2025-04-25 02:10:35,741 - WARNING - Error processing group role_positioning: 'list' object has no attribute 'items'
2025-04-25 02:10:35,741 - ERROR - Error processing C:\Users\nikol\AppData\Roaming\MetaQuotes\Terminal\4B1CE69F577705455263BD980C39A82C\MQL5\Profiles\Tester\Virtual-Trailing-Stop_01_standard.set: dictionary update sequence element #0 has length 9; 2 is required
2025-04-25 02:10:35,742 - INFO - Processing VLT-TRADER_01_standard.set
2025-04-25 02:10:35,743 - WARNING - Error processing group role_risk: 'list' object has no attribute 'items'
2025-04-25 02:10:35,744 - ERROR - Error processing C:\Users\nikol\AppData\Roaming\MetaQuotes\Terminal\4B1CE69F577705455263BD980C39A82C\MQL5\Profiles\Tester\VLT-TRADER_01_standard.set: dictionary update sequence element #0 has length 8; 2 is required
2025-04-25 02:10:35,745 - INFO - Processing Volume-trader_01_standard.set
2025-04-25 02:10:35,746 - WARNING - Error processing group role_risk: 'list' object has no attribute 'items'
2025-04-25 02:10:35,746 - ERROR - Error processing C:\Users\nikol\AppData\Roaming\MetaQuotes\Terminal\4B1CE69F577705455263BD980C39A82C\MQL5\Profiles\Tester\Volume-trader_01_standard.set: dictionary update sequence element #0 has length 8; 2 is required
2025-04-25 02:10:35,747 - INFO - Processing Vortex-Indicator-System_01_standard.set
2025-04-25 02:10:35,749 - WARNING - Error processing group role_system: 'list' object has no attribute 'items'
2025-04-25 02:10:35,749 - ERROR - Error processing C:\Users\nikol\AppData\Roaming\MetaQuotes\Terminal\4B1CE69F577705455263BD980C39A82C\MQL5\Profiles\Tester\Vortex-Indicator-System_01_standard.set: dictionary update sequence element #0 has length 10; 2 is required
2025-04-25 02:10:35,750 - INFO - Processing VR-Overturn_01_standard.set
2025-04-25 02:10:35,751 - WARNING - Error processing group role_positioning: 'list' object has no attribute 'items'
2025-04-25 02:10:35,752 - ERROR - Error processing C:\Users\nikol\AppData\Roaming\MetaQuotes\Terminal\4B1CE69F577705455263BD980C39A82C\MQL5\Profiles\Tester\VR-Overturn_01_standard.set: dictionary update sequence element #0 has length 9; 2 is required
2025-04-25 02:10:35,753 - INFO - Processing VR-ZVER-v.2_01_standard.set
2025-04-25 02:10:35,755 - WARNING - Error processing group role_risk: 'list' object has no attribute 'items'
2025-04-25 02:10:35,755 - ERROR - Error processing C:\Users\nikol\AppData\Roaming\MetaQuotes\Terminal\4B1CE69F577705455263BD980C39A82C\MQL5\Profiles\Tester\VR-ZVER-v.2_01_standard.set: dictionary update sequence element #0 has length 8; 2 is required
2025-04-25 02:10:35,756 - INFO - Processing VR-ZVER_01_standard.set
2025-04-25 02:10:35,758 - WARNING - Error processing group role_risk: 'list' object has no attribute 'items'
2025-04-25 02:10:35,758 - ERROR - Error processing C:\Users\nikol\AppData\Roaming\MetaQuotes\Terminal\4B1CE69F577705455263BD980C39A82C\MQL5\Profiles\Tester\VR-ZVER_01_standard.set: dictionary update sequence element #0 has length 8; 2 is required
2025-04-25 02:10:35,759 - INFO - Processing VZO_01_standard.set
2025-04-25 02:10:35,760 - WARNING - Error processing group role_system: 'list' object has no attribute 'items'
2025-04-25 02:10:35,760 - ERROR - Error processing C:\Users\nikol\AppData\Roaming\MetaQuotes\Terminal\4B1CE69F577705455263BD980C39A82C\MQL5\Profiles\Tester\VZO_01_standard.set: dictionary update sequence element #0 has length 11; 2 is required
2025-04-25 02:10:35,761 - INFO - Processing Waddah-Attar-Win_01_standard.set
2025-04-25 02:10:35,762 - WARNING - Error processing group role_system: 'list' object has no attribute 'items'
2025-04-25 02:10:35,763 - ERROR - Error processing C:\Users\nikol\AppData\Roaming\MetaQuotes\Terminal\4B1CE69F577705455263BD980C39A82C\MQL5\Profiles\Tester\Waddah-Attar-Win_01_standard.set: dictionary update sequence element #0 has length 8; 2 is required
2025-04-25 02:10:35,764 - INFO - Processing WE-TRUST_01_standard.set
2025-04-25 02:10:35,765 - WARNING - Error processing group role_positioning: 'list' object has no attribute 'items'
2025-04-25 02:10:35,766 - ERROR - Error processing C:\Users\nikol\AppData\Roaming\MetaQuotes\Terminal\4B1CE69F577705455263BD980C39A82C\MQL5\Profiles\Tester\WE-TRUST_01_standard.set: dictionary update sequence element #0 has length 12; 2 is required
2025-04-25 02:10:35,767 - INFO - Processing X-RSIOMA_01_standard.set
2025-04-25 02:10:35,770 - WARNING - Error processing group role_system: 'list' object has no attribute 'items'
2025-04-25 02:10:35,771 - ERROR - Error processing C:\Users\nikol\AppData\Roaming\MetaQuotes\Terminal\4B1CE69F577705455263BD980C39A82C\MQL5\Profiles\Tester\X-RSIOMA_01_standard.set: dictionary update sequence element #0 has length 9; 2 is required
2025-04-25 02:10:35,772 - INFO - Processing Yesterday-Today_01_standard.set
2025-04-25 02:10:35,773 - WARNING - Error processing group role_risk: 'list' object has no attribute 'items'
2025-04-25 02:10:35,774 - ERROR - Error processing C:\Users\nikol\AppData\Roaming\MetaQuotes\Terminal\4B1CE69F577705455263BD980C39A82C\MQL5\Profiles\Tester\Yesterday-Today_01_standard.set: dictionary update sequence element #0 has length 8; 2 is required
