2025-04-25 01:47:04,586 - INFO - Found 482 .set files to process
2025-04-25 01:47:04,588 - INFO - Processing 10-pips-EURUSD_01_standard.set
2025-04-25 01:47:04,588 - INFO - Processing 10-pips-EURUSD_01_standard.set
2025-04-25 01:47:04,589 - ERROR - Error processing C:\Users\nikol\AppData\Roaming\MetaQuotes\Terminal\4B1CE69F577705455263BD980C39A82C\MQL5\Profiles\Tester\10-pips-EURUSD_01_standard.set: type object 'ParameterRole' has no attribute 'POSITIONING'
2025-04-25 01:47:04,590 - INFO - Processing 10-pips_01_standard.set
2025-04-25 01:47:04,591 - INFO - Processing 10-pips_01_standard.set
2025-04-25 01:47:04,591 - ERROR - Error processing C:\Users\nikol\AppData\Roaming\MetaQuotes\Terminal\4B1CE69F577705455263BD980C39A82C\MQL5\Profiles\Tester\10-pips_01_standard.set: type object 'ParameterRole' has no attribute 'POSITIONING'
2025-04-25 01:47:04,592 - INFO - Processing 1H-EUR-USD_01_standard.set
2025-04-25 01:47:04,592 - INFO - Processing 1H-EUR-USD_01_standard.set
2025-04-25 01:47:04,593 - ERROR - Error processing C:\Users\nikol\AppData\Roaming\MetaQuotes\Terminal\4B1CE69F577705455263BD980C39A82C\MQL5\Profiles\Tester\1H-EUR-USD_01_standard.set: type object 'ParameterRole' has no attribute 'POSITIONING'
2025-04-25 01:47:04,594 - INFO - Processing 20011201-GBPUSD-M1_01_standard.set
2025-04-25 01:47:04,594 - INFO - Processing 20011201-GBPUSD-M1_01_standard.set
2025-04-25 01:47:04,595 - ERROR - Error processing C:\Users\nikol\AppData\Roaming\MetaQuotes\Terminal\4B1CE69F577705455263BD980C39A82C\MQL5\Profiles\Tester\20011201-GBPUSD-M1_01_standard.set: type object 'ParameterRole' has no attribute 'POSITIONING'
2025-04-25 01:47:04,596 - INFO - Processing 21hour_01_standard.set
2025-04-25 01:47:04,596 - INFO - Processing 21hour_01_standard.set
2025-04-25 01:47:04,597 - ERROR - Error processing C:\Users\nikol\AppData\Roaming\MetaQuotes\Terminal\4B1CE69F577705455263BD980C39A82C\MQL5\Profiles\Tester\21hour_01_standard.set: type object 'ParameterRole' has no attribute 'POSITIONING'
2025-04-25 01:47:04,597 - INFO - Processing 2HR-HL_01_standard.set
2025-04-25 01:47:04,598 - INFO - Processing 2HR-HL_01_standard.set
2025-04-25 01:47:04,598 - ERROR - Error processing C:\Users\nikol\AppData\Roaming\MetaQuotes\Terminal\4B1CE69F577705455263BD980C39A82C\MQL5\Profiles\Tester\2HR-HL_01_standard.set: type object 'ParameterRole' has no attribute 'POSITIONING'
2025-04-25 01:47:04,599 - INFO - Processing 2MA-4Level_01_standard.set
2025-04-25 01:47:04,599 - INFO - Processing 2MA-4Level_01_standard.set
2025-04-25 01:47:04,600 - ERROR - Error processing C:\Users\nikol\AppData\Roaming\MetaQuotes\Terminal\4B1CE69F577705455263BD980C39A82C\MQL5\Profiles\Tester\2MA-4Level_01_standard.set: type object 'ParameterRole' has no attribute 'POSITIONING'
2025-04-25 01:47:04,601 - INFO - Processing 2MA-Bunny-Cross_01_standard.set
2025-04-25 01:47:04,601 - INFO - Processing 2MA-Bunny-Cross_01_standard.set
2025-04-25 01:47:04,602 - WARNING - Error processing group role_risk: 'list' object has no attribute 'items'
2025-04-25 01:47:04,603 - ERROR - Error processing C:\Users\nikol\AppData\Roaming\MetaQuotes\Terminal\4B1CE69F577705455263BD980C39A82C\MQL5\Profiles\Tester\2MA-Bunny-Cross_01_standard.set: dictionary update sequence element #0 has length 8; 2 is required
2025-04-25 01:47:04,603 - INFO - Processing 3-bars-high-low-indicator_01_standard.set
2025-04-25 01:47:04,604 - INFO - Processing 3-bars-high-low-indicator_01_standard.set
2025-04-25 01:47:04,604 - WARNING - Error processing group role_technical: 'list' object has no attribute 'items'
2025-04-25 01:47:04,605 - ERROR - Error processing C:\Users\nikol\AppData\Roaming\MetaQuotes\Terminal\4B1CE69F577705455263BD980C39A82C\MQL5\Profiles\Tester\3-bars-high-low-indicator_01_standard.set: dictionary update sequence element #0 has length 7; 2 is required
2025-04-25 01:47:04,605 - INFO - Processing 35-Pip-Scalper_01_standard.set
2025-04-25 01:47:04,606 - INFO - Processing 35-Pip-Scalper_01_standard.set
2025-04-25 01:47:04,606 - ERROR - Error processing C:\Users\nikol\AppData\Roaming\MetaQuotes\Terminal\4B1CE69F577705455263BD980C39A82C\MQL5\Profiles\Tester\35-Pip-Scalper_01_standard.set: type object 'ParameterRole' has no attribute 'POSITIONING'
2025-04-25 01:47:04,607 - INFO - Processing 3BarsHighLowEA_01_standard.set
2025-04-25 01:47:04,608 - INFO - Processing 3BarsHighLowEA_01_standard.set
2025-04-25 01:47:04,609 - ERROR - Error processing C:\Users\nikol\AppData\Roaming\MetaQuotes\Terminal\4B1CE69F577705455263BD980C39A82C\MQL5\Profiles\Tester\3BarsHighLowEA_01_standard.set: type object 'ParameterRole' has no attribute 'POSITIONING'
2025-04-25 01:47:04,609 - INFO - Processing 3sma_01_standard.set
2025-04-25 01:47:04,610 - INFO - Processing 3sma_01_standard.set
2025-04-25 01:47:04,611 - ERROR - Error processing C:\Users\nikol\AppData\Roaming\MetaQuotes\Terminal\4B1CE69F577705455263BD980C39A82C\MQL5\Profiles\Tester\3sma_01_standard.set: type object 'ParameterRole' has no attribute 'POSITIONING'
2025-04-25 01:47:04,611 - INFO - Processing 500_01_standard.set
2025-04-25 01:47:04,612 - INFO - Processing 500_01_standard.set
2025-04-25 01:47:04,612 - WARNING - Error processing group role_risk: 'list' object has no attribute 'items'
2025-04-25 01:47:04,613 - ERROR - Error processing C:\Users\nikol\AppData\Roaming\MetaQuotes\Terminal\4B1CE69F577705455263BD980C39A82C\MQL5\Profiles\Tester\500_01_standard.set: dictionary update sequence element #0 has length 14; 2 is required
2025-04-25 01:47:04,613 - INFO - Processing 55_MA_01_standard.set
2025-04-25 01:47:04,613 - INFO - Processing 55_MA_01_standard.set
2025-04-25 01:47:04,614 - ERROR - Error processing C:\Users\nikol\AppData\Roaming\MetaQuotes\Terminal\4B1CE69F577705455263BD980C39A82C\MQL5\Profiles\Tester\55_MA_01_standard.set: type object 'ParameterRole' has no attribute 'POSITIONING'
2025-04-25 01:47:04,615 - INFO - Processing Above_Below_MA_01_standard.set
2025-04-25 01:47:04,615 - INFO - Processing Above_Below_MA_01_standard.set
2025-04-25 01:47:04,616 - ERROR - Error processing C:\Users\nikol\AppData\Roaming\MetaQuotes\Terminal\4B1CE69F577705455263BD980C39A82C\MQL5\Profiles\Tester\Above_Below_MA_01_standard.set: type object 'ParameterRole' has no attribute 'POSITIONING'
2025-04-25 01:47:04,616 - INFO - Processing Absorption_01_standard.set
2025-04-25 01:47:04,617 - INFO - Processing Absorption_01_standard.set
2025-04-25 01:47:04,618 - ERROR - Error processing C:\Users\nikol\AppData\Roaming\MetaQuotes\Terminal\4B1CE69F577705455263BD980C39A82C\MQL5\Profiles\Tester\Absorption_01_standard.set: type object 'ParameterRole' has no attribute 'POSITIONING'
2025-04-25 01:47:04,618 - INFO - Processing ADX_MACD_Deev_01_standard.set
2025-04-25 01:47:04,618 - INFO - Processing ADX_MACD_Deev_01_standard.set
2025-04-25 01:47:04,619 - ERROR - Error processing C:\Users\nikol\AppData\Roaming\MetaQuotes\Terminal\4B1CE69F577705455263BD980C39A82C\MQL5\Profiles\Tester\ADX_MACD_Deev_01_standard.set: type object 'ParameterRole' has no attribute 'POSITIONING'
2025-04-25 01:47:04,619 - INFO - Processing ADX_MA_01_standard.set
2025-04-25 01:47:04,620 - INFO - Processing ADX_MA_01_standard.set
2025-04-25 01:47:04,620 - ERROR - Error processing C:\Users\nikol\AppData\Roaming\MetaQuotes\Terminal\4B1CE69F577705455263BD980C39A82C\MQL5\Profiles\Tester\ADX_MA_01_standard.set: type object 'ParameterRole' has no attribute 'POSITIONING'
2025-04-25 01:47:04,621 - INFO - Processing ADX_System_01_standard.set
2025-04-25 01:47:04,622 - INFO - Processing ADX_System_01_standard.set
2025-04-25 01:47:04,622 - ERROR - Error processing C:\Users\nikol\AppData\Roaming\MetaQuotes\Terminal\4B1CE69F577705455263BD980C39A82C\MQL5\Profiles\Tester\ADX_System_01_standard.set: type object 'ParameterRole' has no attribute 'POSITIONING'
2025-04-25 01:47:04,623 - INFO - Processing AIS1_01_standard.set
2025-04-25 01:47:04,624 - INFO - Processing AIS1_01_standard.set
2025-04-25 01:47:04,624 - ERROR - Error processing C:\Users\nikol\AppData\Roaming\MetaQuotes\Terminal\4B1CE69F577705455263BD980C39A82C\MQL5\Profiles\Tester\AIS1_01_standard.set: type object 'ParameterRole' has no attribute 'POSITIONING'
2025-04-25 01:47:04,625 - INFO - Processing AK-47 Scalper EA - MT5_01_standard.set
2025-04-25 01:47:04,626 - INFO - Processing AK-47 Scalper EA - MT5_01_standard.set
2025-04-25 01:47:04,626 - ERROR - Error processing C:\Users\nikol\AppData\Roaming\MetaQuotes\Terminal\4B1CE69F577705455263BD980C39A82C\MQL5\Profiles\Tester\AK-47 Scalper EA - MT5_01_standard.set: type object 'ParameterRole' has no attribute 'POSITIONING'
2025-04-25 01:47:04,627 - INFO - Processing AK-47 Scalper EA @yoforexPremium- MT5_01_standard.set
2025-04-25 01:47:04,628 - INFO - Processing AK-47 Scalper EA @yoforexPremium- MT5_01_standard.set
2025-04-25 01:47:04,629 - ERROR - Error processing C:\Users\nikol\AppData\Roaming\MetaQuotes\Terminal\4B1CE69F577705455263BD980C39A82C\MQL5\Profiles\Tester\AK-47 Scalper EA @yoforexPremium- MT5_01_standard.set: type object 'ParameterRole' has no attribute 'POSITIONING'
2025-04-25 01:47:04,629 - INFO - Processing Alexav D1 Profit GBPUSD_01_standard.set
2025-04-25 01:47:04,630 - INFO - Processing Alexav D1 Profit GBPUSD_01_standard.set
2025-04-25 01:47:04,631 - ERROR - Error processing C:\Users\nikol\AppData\Roaming\MetaQuotes\Terminal\4B1CE69F577705455263BD980C39A82C\MQL5\Profiles\Tester\Alexav D1 Profit GBPUSD_01_standard.set: type object 'ParameterRole' has no attribute 'POSITIONING'
2025-04-25 01:47:04,631 - INFO - Processing Alligator Simple v1.0_01_standard.set
2025-04-25 01:47:04,632 - INFO - Processing Alligator Simple v1.0_01_standard.set
2025-04-25 01:47:04,632 - ERROR - Error processing C:\Users\nikol\AppData\Roaming\MetaQuotes\Terminal\4B1CE69F577705455263BD980C39A82C\MQL5\Profiles\Tester\Alligator Simple v1.0_01_standard.set: type object 'ParameterRole' has no attribute 'POSITIONING'
2025-04-25 01:47:04,633 - INFO - Processing Alligator_01_standard.set
2025-04-25 01:47:04,633 - INFO - Processing Alligator_01_standard.set
2025-04-25 01:47:04,634 - ERROR - Error processing C:\Users\nikol\AppData\Roaming\MetaQuotes\Terminal\4B1CE69F577705455263BD980C39A82C\MQL5\Profiles\Tester\Alligator_01_standard.set: type object 'ParameterRole' has no attribute 'POSITIONING'
2025-04-25 01:47:04,634 - INFO - Processing All_Average_Ea_01_standard.set
2025-04-25 01:47:04,635 - INFO - Processing All_Average_Ea_01_standard.set
2025-04-25 01:47:04,636 - ERROR - Error processing C:\Users\nikol\AppData\Roaming\MetaQuotes\Terminal\4B1CE69F577705455263BD980C39A82C\MQL5\Profiles\Tester\All_Average_Ea_01_standard.set: type object 'ParameterRole' has no attribute 'POSITIONING'
2025-04-25 01:47:04,636 - INFO - Processing Altarius_RSI_Stohastic_01_standard.set
2025-04-25 01:47:04,637 - INFO - Processing Altarius_RSI_Stohastic_01_standard.set
2025-04-25 01:47:04,638 - WARNING - Error processing group role_risk: 'list' object has no attribute 'items'
2025-04-25 01:47:04,638 - ERROR - Error processing C:\Users\nikol\AppData\Roaming\MetaQuotes\Terminal\4B1CE69F577705455263BD980C39A82C\MQL5\Profiles\Tester\Altarius_RSI_Stohastic_01_standard.set: dictionary update sequence element #0 has length 5; 2 is required
2025-04-25 01:47:04,639 - INFO - Processing AMA Trader 2_01_standard.set
2025-04-25 01:47:04,639 - INFO - Processing AMA Trader 2_01_standard.set
2025-04-25 01:47:04,640 - ERROR - Error processing C:\Users\nikol\AppData\Roaming\MetaQuotes\Terminal\4B1CE69F577705455263BD980C39A82C\MQL5\Profiles\Tester\AMA Trader 2_01_standard.set: type object 'ParameterRole' has no attribute 'POSITIONING'
2025-04-25 01:47:04,641 - INFO - Processing AMA Trader_01_standard.set
2025-04-25 01:47:04,641 - INFO - Processing AMA Trader_01_standard.set
2025-04-25 01:47:04,642 - ERROR - Error processing C:\Users\nikol\AppData\Roaming\MetaQuotes\Terminal\4B1CE69F577705455263BD980C39A82C\MQL5\Profiles\Tester\AMA Trader_01_standard.set: type object 'ParameterRole' has no attribute 'POSITIONING'
2025-04-25 01:47:04,642 - INFO - Processing AOCCI_01_standard.set
2025-04-25 01:47:04,643 - INFO - Processing AOCCI_01_standard.set
2025-04-25 01:47:04,644 - ERROR - Error processing C:\Users\nikol\AppData\Roaming\MetaQuotes\Terminal\4B1CE69F577705455263BD980C39A82C\MQL5\Profiles\Tester\AOCCI_01_standard.set: type object 'ParameterRole' has no attribute 'POSITIONING'
2025-04-25 01:47:04,644 - INFO - Processing AO_Lightning_01_standard.set
2025-04-25 01:47:04,645 - INFO - Processing AO_Lightning_01_standard.set
2025-04-25 01:47:04,646 - ERROR - Error processing C:\Users\nikol\AppData\Roaming\MetaQuotes\Terminal\4B1CE69F577705455263BD980C39A82C\MQL5\Profiles\Tester\AO_Lightning_01_standard.set: type object 'ParameterRole' has no attribute 'POSITIONING'
2025-04-25 01:47:04,646 - INFO - Processing Arbitrage_01_standard.set
2025-04-25 01:47:04,647 - INFO - Processing Arbitrage_01_standard.set
2025-04-25 01:47:04,648 - WARNING - Error processing group role_risk: 'list' object has no attribute 'items'
2025-04-25 01:47:04,648 - ERROR - Error processing C:\Users\nikol\AppData\Roaming\MetaQuotes\Terminal\4B1CE69F577705455263BD980C39A82C\MQL5\Profiles\Tester\Arbitrage_01_standard.set: dictionary update sequence element #0 has length 22; 2 is required
2025-04-25 01:47:04,649 - INFO - Processing ArbSint_01_standard.set
2025-04-25 01:47:04,649 - INFO - Processing ArbSint_01_standard.set
2025-04-25 01:47:04,650 - WARNING - Error processing group role_system: 'list' object has no attribute 'items'
2025-04-25 01:47:04,650 - ERROR - Error processing C:\Users\nikol\AppData\Roaming\MetaQuotes\Terminal\4B1CE69F577705455263BD980C39A82C\MQL5\Profiles\Tester\ArbSint_01_standard.set: dictionary update sequence element #0 has length 7; 2 is required
2025-04-25 01:47:04,651 - INFO - Processing Area MACD_01_standard.set
2025-04-25 01:47:04,652 - INFO - Processing Area MACD_01_standard.set
2025-04-25 01:47:04,652 - ERROR - Error processing C:\Users\nikol\AppData\Roaming\MetaQuotes\Terminal\4B1CE69F577705455263BD980C39A82C\MQL5\Profiles\Tester\Area MACD_01_standard.set: type object 'ParameterRole' has no attribute 'POSITIONING'
2025-04-25 01:47:04,653 - INFO - Processing Artificial Intelligence_01_standard.set
2025-04-25 01:47:04,653 - INFO - Processing Artificial Intelligence_01_standard.set
2025-04-25 01:47:04,654 - ERROR - Error processing C:\Users\nikol\AppData\Roaming\MetaQuotes\Terminal\4B1CE69F577705455263BD980C39A82C\MQL5\Profiles\Tester\Artificial Intelligence_01_standard.set: type object 'ParameterRole' has no attribute 'POSITIONING'
2025-04-25 01:47:04,655 - INFO - Processing At random Full_01_standard.set
2025-04-25 01:47:04,655 - INFO - Processing At random Full_01_standard.set
2025-04-25 01:47:04,656 - ERROR - Error processing C:\Users\nikol\AppData\Roaming\MetaQuotes\Terminal\4B1CE69F577705455263BD980C39A82C\MQL5\Profiles\Tester\At random Full_01_standard.set: type object 'ParameterRole' has no attribute 'POSITIONING'
2025-04-25 01:47:04,657 - INFO - Processing At random_01_standard.set
2025-04-25 01:47:04,657 - INFO - Processing At random_01_standard.set
2025-04-25 01:47:04,658 - WARNING - Error processing group role_technical: 'list' object has no attribute 'items'
2025-04-25 01:47:04,659 - ERROR - Error processing C:\Users\nikol\AppData\Roaming\MetaQuotes\Terminal\4B1CE69F577705455263BD980C39A82C\MQL5\Profiles\Tester\At random_01_standard.set: dictionary update sequence element #0 has length 17; 2 is required
2025-04-25 01:47:04,659 - INFO - Processing Auto ADX_01_standard.set
2025-04-25 01:47:04,660 - INFO - Processing Auto ADX_01_standard.set
2025-04-25 01:47:04,661 - ERROR - Error processing C:\Users\nikol\AppData\Roaming\MetaQuotes\Terminal\4B1CE69F577705455263BD980C39A82C\MQL5\Profiles\Tester\Auto ADX_01_standard.set: type object 'ParameterRole' has no attribute 'POSITIONING'
2025-04-25 01:47:04,661 - INFO - Processing Auto-Pivot_Plotter_%28Mid-Levels%29_V1-41_01_standard.set
2025-04-25 01:47:04,662 - INFO - Processing Auto-Pivot_Plotter_%28Mid-Levels%29_V1-41_01_standard.set
2025-04-25 01:47:04,662 - WARNING - Error processing group role_system: 'list' object has no attribute 'items'
2025-04-25 01:47:04,663 - ERROR - Error processing C:\Users\nikol\AppData\Roaming\MetaQuotes\Terminal\4B1CE69F577705455263BD980C39A82C\MQL5\Profiles\Tester\Auto-Pivot_Plotter_%28Mid-Levels%29_V1-41_01_standard.set: dictionary update sequence element #0 has length 10; 2 is required
2025-04-25 01:47:04,664 - INFO - Processing AutoLock_EA_v2_01_standard.set
2025-04-25 01:47:04,664 - INFO - Processing AutoLock_EA_v2_01_standard.set
2025-04-25 01:47:04,665 - ERROR - Error processing C:\Users\nikol\AppData\Roaming\MetaQuotes\Terminal\4B1CE69F577705455263BD980C39A82C\MQL5\Profiles\Tester\AutoLock_EA_v2_01_standard.set: type object 'ParameterRole' has no attribute 'POSITIONING'
2025-04-25 01:47:04,665 - INFO - Processing Autotrader Momentum_01_standard.set
2025-04-25 01:47:04,666 - INFO - Processing Autotrader Momentum_01_standard.set
2025-04-25 01:47:04,667 - ERROR - Error processing C:\Users\nikol\AppData\Roaming\MetaQuotes\Terminal\4B1CE69F577705455263BD980C39A82C\MQL5\Profiles\Tester\Autotrader Momentum_01_standard.set: type object 'ParameterRole' has no attribute 'POSITIONING'
2025-04-25 01:47:04,667 - INFO - Processing Avalanche AV_01_standard.set
2025-04-25 01:47:04,668 - INFO - Processing Avalanche AV_01_standard.set
2025-04-25 01:47:04,668 - ERROR - Error processing C:\Users\nikol\AppData\Roaming\MetaQuotes\Terminal\4B1CE69F577705455263BD980C39A82C\MQL5\Profiles\Tester\Avalanche AV_01_standard.set: type object 'ParameterRole' has no attribute 'POSITIONING'
2025-04-25 01:47:04,669 - INFO - Processing Backbone_01_standard.set
2025-04-25 01:47:04,669 - INFO - Processing Backbone_01_standard.set
2025-04-25 01:47:04,670 - ERROR - Error processing C:\Users\nikol\AppData\Roaming\MetaQuotes\Terminal\4B1CE69F577705455263BD980C39A82C\MQL5\Profiles\Tester\Backbone_01_standard.set: type object 'ParameterRole' has no attribute 'POSITIONING'
2025-04-25 01:47:04,671 - INFO - Processing BADX_01_standard.set
2025-04-25 01:47:04,671 - INFO - Processing BADX_01_standard.set
2025-04-25 01:47:04,672 - ERROR - Error processing C:\Users\nikol\AppData\Roaming\MetaQuotes\Terminal\4B1CE69F577705455263BD980C39A82C\MQL5\Profiles\Tester\BADX_01_standard.set: type object 'ParameterRole' has no attribute 'POSITIONING'
2025-04-25 01:47:04,673 - INFO - Processing Bago EA_01_standard.set
2025-04-25 01:47:04,673 - INFO - Processing Bago EA_01_standard.set
2025-04-25 01:47:04,674 - ERROR - Error processing C:\Users\nikol\AppData\Roaming\MetaQuotes\Terminal\4B1CE69F577705455263BD980C39A82C\MQL5\Profiles\Tester\Bago EA_01_standard.set: type object 'ParameterRole' has no attribute 'POSITIONING'
2025-04-25 01:47:04,674 - INFO - Processing BalancedScalper%20EA_01_standard.set
2025-04-25 01:47:04,674 - INFO - Processing BalancedScalper%20EA_01_standard.set
2025-04-25 01:47:04,675 - ERROR - Error processing C:\Users\nikol\AppData\Roaming\MetaQuotes\Terminal\4B1CE69F577705455263BD980C39A82C\MQL5\Profiles\Tester\BalancedScalper%20EA_01_standard.set: type object 'ParameterRole' has no attribute 'POSITIONING'
2025-04-25 01:47:04,676 - INFO - Processing Bands 2_01_standard.set
2025-04-25 01:47:04,676 - INFO - Processing Bands 2_01_standard.set
2025-04-25 01:47:04,677 - ERROR - Error processing C:\Users\nikol\AppData\Roaming\MetaQuotes\Terminal\4B1CE69F577705455263BD980C39A82C\MQL5\Profiles\Tester\Bands 2_01_standard.set: type object 'ParameterRole' has no attribute 'POSITIONING'
2025-04-25 01:47:04,677 - INFO - Processing BARS Alligator_01_standard.set
2025-04-25 01:47:04,678 - INFO - Processing BARS Alligator_01_standard.set
2025-04-25 01:47:04,679 - ERROR - Error processing C:\Users\nikol\AppData\Roaming\MetaQuotes\Terminal\4B1CE69F577705455263BD980C39A82C\MQL5\Profiles\Tester\BARS Alligator_01_standard.set: type object 'ParameterRole' has no attribute 'POSITIONING'
2025-04-25 01:47:04,679 - INFO - Processing Basic CCI RSI_01_standard.set
2025-04-25 01:47:04,680 - INFO - Processing Basic CCI RSI_01_standard.set
2025-04-25 01:47:04,681 - ERROR - Error processing C:\Users\nikol\AppData\Roaming\MetaQuotes\Terminal\4B1CE69F577705455263BD980C39A82C\MQL5\Profiles\Tester\Basic CCI RSI_01_standard.set: type object 'ParameterRole' has no attribute 'POSITIONING'
2025-04-25 01:47:04,681 - INFO - Processing Basic Martingale EA 3_01_standard.set
2025-04-25 01:47:04,682 - INFO - Processing Basic Martingale EA 3_01_standard.set
2025-04-25 01:47:04,682 - ERROR - Error processing C:\Users\nikol\AppData\Roaming\MetaQuotes\Terminal\4B1CE69F577705455263BD980C39A82C\MQL5\Profiles\Tester\Basic Martingale EA 3_01_standard.set: type object 'ParameterRole' has no attribute 'POSITIONING'
2025-04-25 01:47:04,683 - INFO - Processing BBPercentile_01_standard.set
2025-04-25 01:47:04,683 - INFO - Processing BBPercentile_01_standard.set
2025-04-25 01:47:04,684 - WARNING - Error processing group role_technical: 'list' object has no attribute 'items'
2025-04-25 01:47:04,685 - ERROR - Error processing C:\Users\nikol\AppData\Roaming\MetaQuotes\Terminal\4B1CE69F577705455263BD980C39A82C\MQL5\Profiles\Tester\BBPercentile_01_standard.set: dictionary update sequence element #0 has length 7; 2 is required
2025-04-25 01:47:04,685 - INFO - Processing BBPercentile_EA_01_standard.set
2025-04-25 01:47:04,686 - INFO - Processing BBPercentile_EA_01_standard.set
2025-04-25 01:47:04,687 - ERROR - Error processing C:\Users\nikol\AppData\Roaming\MetaQuotes\Terminal\4B1CE69F577705455263BD980C39A82C\MQL5\Profiles\Tester\BBPercentile_EA_01_standard.set: type object 'ParameterRole' has no attribute 'POSITIONING'
2025-04-25 01:47:04,688 - INFO - Processing BB_stops_MT5_01_standard.set
2025-04-25 01:47:04,688 - INFO - Processing BB_stops_MT5_01_standard.set
2025-04-25 01:47:04,689 - ERROR - Error processing C:\Users\nikol\AppData\Roaming\MetaQuotes\Terminal\4B1CE69F577705455263BD980C39A82C\MQL5\Profiles\Tester\BB_stops_MT5_01_standard.set: type object 'ParameterRole' has no attribute 'POSITIONING'
2025-04-25 01:47:04,689 - INFO - Processing BDCrossOver%20EA_01_standard.set
2025-04-25 01:47:04,690 - INFO - Processing BDCrossOver%20EA_01_standard.set
2025-04-25 01:47:04,690 - ERROR - Error processing C:\Users\nikol\AppData\Roaming\MetaQuotes\Terminal\4B1CE69F577705455263BD980C39A82C\MQL5\Profiles\Tester\BDCrossOver%20EA_01_standard.set: type object 'ParameterRole' has no attribute 'POSITIONING'
2025-04-25 01:47:04,691 - INFO - Processing BIG DOG_01_standard.set
2025-04-25 01:47:04,692 - INFO - Processing BIG DOG_01_standard.set
2025-04-25 01:47:04,692 - ERROR - Error processing C:\Users\nikol\AppData\Roaming\MetaQuotes\Terminal\4B1CE69F577705455263BD980C39A82C\MQL5\Profiles\Tester\BIG DOG_01_standard.set: type object 'ParameterRole' has no attribute 'POSITIONING'
2025-04-25 01:47:04,693 - INFO - Processing Bill Williams_01_standard.set
2025-04-25 01:47:04,693 - INFO - Processing Bill Williams_01_standard.set
2025-04-25 01:47:04,694 - ERROR - Error processing C:\Users\nikol\AppData\Roaming\MetaQuotes\Terminal\4B1CE69F577705455263BD980C39A82C\MQL5\Profiles\Tester\Bill Williams_01_standard.set: type object 'ParameterRole' has no attribute 'POSITIONING'
2025-04-25 01:47:04,695 - INFO - Processing Bollinger Band Two MA and Zig-Zag_01_standard.set
2025-04-25 01:47:04,695 - INFO - Processing Bollinger Band Two MA and Zig-Zag_01_standard.set
2025-04-25 01:47:04,696 - ERROR - Error processing C:\Users\nikol\AppData\Roaming\MetaQuotes\Terminal\4B1CE69F577705455263BD980C39A82C\MQL5\Profiles\Tester\Bollinger Band Two MA and Zig-Zag_01_standard.set: type object 'ParameterRole' has no attribute 'POSITIONING'
2025-04-25 01:47:04,696 - INFO - Processing Bollinger Bands N positions_01_standard.set
2025-04-25 01:47:04,697 - INFO - Processing Bollinger Bands N positions_01_standard.set
2025-04-25 01:47:04,698 - ERROR - Error processing C:\Users\nikol\AppData\Roaming\MetaQuotes\Terminal\4B1CE69F577705455263BD980C39A82C\MQL5\Profiles\Tester\Bollinger Bands N positions_01_standard.set: type object 'ParameterRole' has no attribute 'POSITIONING'
2025-04-25 01:47:04,699 - INFO - Processing Bollinger Bands RSI_01_standard.set
2025-04-25 01:47:04,699 - INFO - Processing Bollinger Bands RSI_01_standard.set
2025-04-25 01:47:04,700 - ERROR - Error processing C:\Users\nikol\AppData\Roaming\MetaQuotes\Terminal\4B1CE69F577705455263BD980C39A82C\MQL5\Profiles\Tester\Bollinger Bands RSI_01_standard.set: type object 'ParameterRole' has no attribute 'POSITIONING'
2025-04-25 01:47:04,701 - INFO - Processing bollinger_01_standard.set
2025-04-25 01:47:04,702 - INFO - Processing bollinger_01_standard.set
2025-04-25 01:47:04,703 - ERROR - Error processing C:\Users\nikol\AppData\Roaming\MetaQuotes\Terminal\4B1CE69F577705455263BD980C39A82C\MQL5\Profiles\Tester\bollinger_01_standard.set: type object 'ParameterRole' has no attribute 'POSITIONING'
2025-04-25 01:47:04,703 - INFO - Processing Brakeout_Trader_v1_01_standard.set
2025-04-25 01:47:04,704 - INFO - Processing Brakeout_Trader_v1_01_standard.set
2025-04-25 01:47:04,705 - ERROR - Error processing C:\Users\nikol\AppData\Roaming\MetaQuotes\Terminal\4B1CE69F577705455263BD980C39A82C\MQL5\Profiles\Tester\Brakeout_Trader_v1_01_standard.set: type object 'ParameterRole' has no attribute 'POSITIONING'
2025-04-25 01:47:04,706 - INFO - Processing Brandy_01_standard.set
2025-04-25 01:47:04,706 - INFO - Processing Brandy_01_standard.set
2025-04-25 01:47:04,707 - ERROR - Error processing C:\Users\nikol\AppData\Roaming\MetaQuotes\Terminal\4B1CE69F577705455263BD980C39A82C\MQL5\Profiles\Tester\Brandy_01_standard.set: type object 'ParameterRole' has no attribute 'POSITIONING'
2025-04-25 01:47:04,708 - INFO - Processing Breadandbutter2_01_standard.set
2025-04-25 01:47:04,709 - INFO - Processing Breadandbutter2_01_standard.set
2025-04-25 01:47:04,709 - ERROR - Error processing C:\Users\nikol\AppData\Roaming\MetaQuotes\Terminal\4B1CE69F577705455263BD980C39A82C\MQL5\Profiles\Tester\Breadandbutter2_01_standard.set: type object 'ParameterRole' has no attribute 'POSITIONING'
2025-04-25 01:47:04,710 - INFO - Processing Breakdown catcher_01_standard.set
2025-04-25 01:47:04,711 - INFO - Processing Breakdown catcher_01_standard.set
2025-04-25 01:47:04,711 - ERROR - Error processing C:\Users\nikol\AppData\Roaming\MetaQuotes\Terminal\4B1CE69F577705455263BD980C39A82C\MQL5\Profiles\Tester\Breakdown catcher_01_standard.set: type object 'ParameterRole' has no attribute 'POSITIONING'
2025-04-25 01:47:04,712 - INFO - Processing breakdown_01_standard.set
2025-04-25 01:47:04,712 - INFO - Processing breakdown_01_standard.set
2025-04-25 01:47:04,713 - ERROR - Error processing C:\Users\nikol\AppData\Roaming\MetaQuotes\Terminal\4B1CE69F577705455263BD980C39A82C\MQL5\Profiles\Tester\breakdown_01_standard.set: type object 'ParameterRole' has no attribute 'POSITIONING'
2025-04-25 01:47:04,714 - INFO - Processing Breakout_Str_01_standard.set
2025-04-25 01:47:04,714 - INFO - Processing Breakout_Str_01_standard.set
2025-04-25 01:47:04,715 - ERROR - Error processing C:\Users\nikol\AppData\Roaming\MetaQuotes\Terminal\4B1CE69F577705455263BD980C39A82C\MQL5\Profiles\Tester\Breakout_Str_01_standard.set: type object 'ParameterRole' has no attribute 'POSITIONING'
2025-04-25 01:47:04,716 - INFO - Processing Bronze Warrioir_01_standard.set
2025-04-25 01:47:04,716 - INFO - Processing Bronze Warrioir_01_standard.set
2025-04-25 01:47:04,717 - ERROR - Error processing C:\Users\nikol\AppData\Roaming\MetaQuotes\Terminal\4B1CE69F577705455263BD980C39A82C\MQL5\Profiles\Tester\Bronze Warrioir_01_standard.set: type object 'ParameterRole' has no attribute 'POSITIONING'
2025-04-25 01:47:04,717 - INFO - Processing Bruno_01_standard.set
2025-04-25 01:47:04,717 - INFO - Processing Bruno_01_standard.set
2025-04-25 01:47:04,718 - ERROR - Error processing C:\Users\nikol\AppData\Roaming\MetaQuotes\Terminal\4B1CE69F577705455263BD980C39A82C\MQL5\Profiles\Tester\Bruno_01_standard.set: type object 'ParameterRole' has no attribute 'POSITIONING'
2025-04-25 01:47:04,719 - INFO - Processing BSS 1_0_01_standard.set
2025-04-25 01:47:04,720 - INFO - Processing BSS 1_0_01_standard.set
2025-04-25 01:47:04,721 - ERROR - Error processing C:\Users\nikol\AppData\Roaming\MetaQuotes\Terminal\4B1CE69F577705455263BD980C39A82C\MQL5\Profiles\Tester\BSS 1_0_01_standard.set: type object 'ParameterRole' has no attribute 'POSITIONING'
2025-04-25 01:47:04,721 - INFO - Processing Bullish and Bearish Engulfing_01_standard.set
2025-04-25 01:47:04,722 - INFO - Processing Bullish and Bearish Engulfing_01_standard.set
2025-04-25 01:47:04,722 - WARNING - Error processing group role_system: 'list' object has no attribute 'items'
2025-04-25 01:47:04,723 - ERROR - Error processing C:\Users\nikol\AppData\Roaming\MetaQuotes\Terminal\4B1CE69F577705455263BD980C39A82C\MQL5\Profiles\Tester\Bullish and Bearish Engulfing_01_standard.set: dictionary update sequence element #0 has length 20; 2 is required
2025-04-25 01:47:04,723 - INFO - Processing Burg Extrapolator_01_standard.set
2025-04-25 01:47:04,724 - INFO - Processing Burg Extrapolator_01_standard.set
2025-04-25 01:47:04,724 - ERROR - Error processing C:\Users\nikol\AppData\Roaming\MetaQuotes\Terminal\4B1CE69F577705455263BD980C39A82C\MQL5\Profiles\Tester\Burg Extrapolator_01_standard.set: type object 'ParameterRole' has no attribute 'POSITIONING'
2025-04-25 01:47:04,725 - INFO - Processing BykovTrend_EA_01_standard.set
2025-04-25 01:47:04,725 - INFO - Processing BykovTrend_EA_01_standard.set
2025-04-25 01:47:04,726 - ERROR - Error processing C:\Users\nikol\AppData\Roaming\MetaQuotes\Terminal\4B1CE69F577705455263BD980C39A82C\MQL5\Profiles\Tester\BykovTrend_EA_01_standard.set: type object 'ParameterRole' has no attribute 'POSITIONING'
2025-04-25 01:47:04,726 - INFO - Processing BykovTrend_EA_v3_01_standard.set
2025-04-25 01:47:04,727 - INFO - Processing BykovTrend_EA_v3_01_standard.set
2025-04-25 01:47:04,728 - ERROR - Error processing C:\Users\nikol\AppData\Roaming\MetaQuotes\Terminal\4B1CE69F577705455263BD980C39A82C\MQL5\Profiles\Tester\BykovTrend_EA_v3_01_standard.set: type object 'ParameterRole' has no attribute 'POSITIONING'
2025-04-25 01:47:04,728 - INFO - Processing Calculate lotsize and Trailling stop_01_standard.set
2025-04-25 01:47:04,729 - INFO - Processing Calculate lotsize and Trailling stop_01_standard.set
2025-04-25 01:47:04,729 - ERROR - Error processing C:\Users\nikol\AppData\Roaming\MetaQuotes\Terminal\4B1CE69F577705455263BD980C39A82C\MQL5\Profiles\Tester\Calculate lotsize and Trailling stop_01_standard.set: type object 'ParameterRole' has no attribute 'POSITIONING'
2025-04-25 01:47:04,730 - INFO - Processing candlepatternsexample_01_standard.set
2025-04-25 01:47:04,730 - INFO - Processing candlepatternsexample_01_standard.set
2025-04-25 01:47:04,731 - ERROR - Error processing C:\Users\nikol\AppData\Roaming\MetaQuotes\Terminal\4B1CE69F577705455263BD980C39A82C\MQL5\Profiles\Tester\candlepatternsexample_01_standard.set: type object 'ParameterRole' has no attribute 'POSITIONING'
2025-04-25 01:47:04,732 - INFO - Processing Candle_01_standard.set
2025-04-25 01:47:04,732 - INFO - Processing Candle_01_standard.set
2025-04-25 01:47:04,733 - ERROR - Error processing C:\Users\nikol\AppData\Roaming\MetaQuotes\Terminal\4B1CE69F577705455263BD980C39A82C\MQL5\Profiles\Tester\Candle_01_standard.set: type object 'ParameterRole' has no attribute 'POSITIONING'
2025-04-25 01:47:04,733 - INFO - Processing Carbophos_01_standard.set
2025-04-25 01:47:04,734 - INFO - Processing Carbophos_01_standard.set
2025-04-25 01:47:04,735 - ERROR - Error processing C:\Users\nikol\AppData\Roaming\MetaQuotes\Terminal\4B1CE69F577705455263BD980C39A82C\MQL5\Profiles\Tester\Carbophos_01_standard.set: type object 'ParameterRole' has no attribute 'POSITIONING'
2025-04-25 01:47:04,735 - INFO - Processing CashMachine_5min_01_standard.set
2025-04-25 01:47:04,736 - INFO - Processing CashMachine_5min_01_standard.set
2025-04-25 01:47:04,736 - ERROR - Error processing C:\Users\nikol\AppData\Roaming\MetaQuotes\Terminal\4B1CE69F577705455263BD980C39A82C\MQL5\Profiles\Tester\CashMachine_5min_01_standard.set: type object 'ParameterRole' has no attribute 'POSITIONING'
2025-04-25 01:47:04,737 - INFO - Processing CCI MACD Scalper_01_standard.set
2025-04-25 01:47:04,737 - INFO - Processing CCI MACD Scalper_01_standard.set
2025-04-25 01:47:04,738 - ERROR - Error processing C:\Users\nikol\AppData\Roaming\MetaQuotes\Terminal\4B1CE69F577705455263BD980C39A82C\MQL5\Profiles\Tester\CCI MACD Scalper_01_standard.set: type object 'ParameterRole' has no attribute 'POSITIONING'
2025-04-25 01:47:04,738 - INFO - Processing Cidomo_01_standard.set
2025-04-25 01:47:04,739 - INFO - Processing Cidomo_01_standard.set
2025-04-25 01:47:04,739 - ERROR - Error processing C:\Users\nikol\AppData\Roaming\MetaQuotes\Terminal\4B1CE69F577705455263BD980C39A82C\MQL5\Profiles\Tester\Cidomo_01_standard.set: type object 'ParameterRole' has no attribute 'POSITIONING'
2025-04-25 01:47:04,740 - INFO - Processing CloseAgent_01_standard.set
2025-04-25 01:47:04,740 - INFO - Processing CloseAgent_01_standard.set
2025-04-25 01:47:04,741 - WARNING - Error processing group role_system: 'list' object has no attribute 'items'
2025-04-25 01:47:04,742 - ERROR - Error processing C:\Users\nikol\AppData\Roaming\MetaQuotes\Terminal\4B1CE69F577705455263BD980C39A82C\MQL5\Profiles\Tester\CloseAgent_01_standard.set: dictionary update sequence element #0 has length 10; 2 is required
2025-04-25 01:47:04,742 - INFO - Processing CloseProfit v2_01_standard.set
2025-04-25 01:47:04,743 - INFO - Processing CloseProfit v2_01_standard.set
2025-04-25 01:47:04,744 - ERROR - Error processing C:\Users\nikol\AppData\Roaming\MetaQuotes\Terminal\4B1CE69F577705455263BD980C39A82C\MQL5\Profiles\Tester\CloseProfit v2_01_standard.set: type object 'ParameterRole' has no attribute 'POSITIONING'
2025-04-25 01:47:04,744 - INFO - Processing cloud's trade 2_01_standard.set
2025-04-25 01:47:04,745 - INFO - Processing cloud's trade 2_01_standard.set
2025-04-25 01:47:04,745 - ERROR - Error processing C:\Users\nikol\AppData\Roaming\MetaQuotes\Terminal\4B1CE69F577705455263BD980C39A82C\MQL5\Profiles\Tester\cloud's trade 2_01_standard.set: type object 'ParameterRole' has no attribute 'POSITIONING'
2025-04-25 01:47:04,746 - INFO - Processing CLOUD_01_standard.set
2025-04-25 01:47:04,746 - INFO - Processing CLOUD_01_standard.set
2025-04-25 01:47:04,747 - ERROR - Error processing C:\Users\nikol\AppData\Roaming\MetaQuotes\Terminal\4B1CE69F577705455263BD980C39A82C\MQL5\Profiles\Tester\CLOUD_01_standard.set: type object 'ParameterRole' has no attribute 'POSITIONING'
2025-04-25 01:47:04,748 - INFO - Processing Constituents EA_01_standard.set
2025-04-25 01:47:04,749 - INFO - Processing Constituents EA_01_standard.set
2025-04-25 01:47:04,749 - ERROR - Error processing C:\Users\nikol\AppData\Roaming\MetaQuotes\Terminal\4B1CE69F577705455263BD980C39A82C\MQL5\Profiles\Tester\Constituents EA_01_standard.set: type object 'ParameterRole' has no attribute 'POSITIONING'
2025-04-25 01:47:04,750 - INFO - Processing Contrarian trade MA_01_standard.set
2025-04-25 01:47:04,751 - INFO - Processing Contrarian trade MA_01_standard.set
2025-04-25 01:47:04,751 - ERROR - Error processing C:\Users\nikol\AppData\Roaming\MetaQuotes\Terminal\4B1CE69F577705455263BD980C39A82C\MQL5\Profiles\Tester\Contrarian trade MA_01_standard.set: type object 'ParameterRole' has no attribute 'POSITIONING'
2025-04-25 01:47:04,752 - INFO - Processing Crossing Moving Average_01_standard.set
2025-04-25 01:47:04,752 - INFO - Processing Crossing Moving Average_01_standard.set
2025-04-25 01:47:04,753 - ERROR - Error processing C:\Users\nikol\AppData\Roaming\MetaQuotes\Terminal\4B1CE69F577705455263BD980C39A82C\MQL5\Profiles\Tester\Crossing Moving Average_01_standard.set: type object 'ParameterRole' has no attribute 'POSITIONING'
2025-04-25 01:47:04,754 - INFO - Processing CrossMA_01_standard.set
2025-04-25 01:47:04,755 - INFO - Processing CrossMA_01_standard.set
2025-04-25 01:47:04,756 - WARNING - Error processing group role_technical: 'list' object has no attribute 'items'
2025-04-25 01:47:04,756 - ERROR - Error processing C:\Users\nikol\AppData\Roaming\MetaQuotes\Terminal\4B1CE69F577705455263BD980C39A82C\MQL5\Profiles\Tester\CrossMA_01_standard.set: dictionary update sequence element #0 has length 6; 2 is required
2025-04-25 01:47:04,757 - INFO - Processing Currencyprofits_01.1_01_standard.set
2025-04-25 01:47:04,757 - INFO - Processing Currencyprofits_01.1_01_standard.set
2025-04-25 01:47:04,758 - ERROR - Error processing C:\Users\nikol\AppData\Roaming\MetaQuotes\Terminal\4B1CE69F577705455263BD980C39A82C\MQL5\Profiles\Tester\Currencyprofits_01.1_01_standard.set: type object 'ParameterRole' has no attribute 'POSITIONING'
2025-04-25 01:47:04,759 - INFO - Processing Daily BreakPoint_01_standard.set
2025-04-25 01:47:04,759 - INFO - Processing Daily BreakPoint_01_standard.set
2025-04-25 01:47:04,760 - ERROR - Error processing C:\Users\nikol\AppData\Roaming\MetaQuotes\Terminal\4B1CE69F577705455263BD980C39A82C\MQL5\Profiles\Tester\Daily BreakPoint_01_standard.set: type object 'ParameterRole' has no attribute 'POSITIONING'
2025-04-25 01:47:04,761 - INFO - Processing Daily range_01_standard.set
2025-04-25 01:47:04,761 - INFO - Processing Daily range_01_standard.set
2025-04-25 01:47:04,762 - ERROR - Error processing C:\Users\nikol\AppData\Roaming\MetaQuotes\Terminal\4B1CE69F577705455263BD980C39A82C\MQL5\Profiles\Tester\Daily range_01_standard.set: type object 'ParameterRole' has no attribute 'POSITIONING'
2025-04-25 01:47:04,762 - INFO - Processing Daily%20reversal%20%20EA_01_standard.set
2025-04-25 01:47:04,763 - INFO - Processing Daily%20reversal%20%20EA_01_standard.set
2025-04-25 01:47:04,763 - ERROR - Error processing C:\Users\nikol\AppData\Roaming\MetaQuotes\Terminal\4B1CE69F577705455263BD980C39A82C\MQL5\Profiles\Tester\Daily%20reversal%20%20EA_01_standard.set: type object 'ParameterRole' has no attribute 'POSITIONING'
2025-04-25 01:47:04,764 - INFO - Processing Daily_Open_EA_01_standard.set
2025-04-25 01:47:04,764 - INFO - Processing Daily_Open_EA_01_standard.set
2025-04-25 01:47:04,765 - ERROR - Error processing C:\Users\nikol\AppData\Roaming\MetaQuotes\Terminal\4B1CE69F577705455263BD980C39A82C\MQL5\Profiles\Tester\Daily_Open_EA_01_standard.set: type object 'ParameterRole' has no attribute 'POSITIONING'
2025-04-25 01:47:04,765 - INFO - Processing Day Trading PAMXA_01_standard.set
2025-04-25 01:47:04,766 - INFO - Processing Day Trading PAMXA_01_standard.set
2025-04-25 01:47:04,766 - ERROR - Error processing C:\Users\nikol\AppData\Roaming\MetaQuotes\Terminal\4B1CE69F577705455263BD980C39A82C\MQL5\Profiles\Tester\Day Trading PAMXA_01_standard.set: type object 'ParameterRole' has no attribute 'POSITIONING'
2025-04-25 01:47:04,766 - INFO - Processing Daydream_01_standard.set
2025-04-25 01:47:04,767 - INFO - Processing Daydream_01_standard.set
2025-04-25 01:47:04,768 - ERROR - Error processing C:\Users\nikol\AppData\Roaming\MetaQuotes\Terminal\4B1CE69F577705455263BD980C39A82C\MQL5\Profiles\Tester\Daydream_01_standard.set: type object 'ParameterRole' has no attribute 'POSITIONING'
2025-04-25 01:47:04,768 - INFO - Processing DayTrading_01_standard.set
2025-04-25 01:47:04,769 - INFO - Processing DayTrading_01_standard.set
2025-04-25 01:47:04,769 - ERROR - Error processing C:\Users\nikol\AppData\Roaming\MetaQuotes\Terminal\4B1CE69F577705455263BD980C39A82C\MQL5\Profiles\Tester\DayTrading_01_standard.set: type object 'ParameterRole' has no attribute 'POSITIONING'
2025-04-25 01:47:04,770 - INFO - Processing Dealers Trade v 7.74 MACD_01_standard.set
2025-04-25 01:47:04,770 - INFO - Processing Dealers Trade v 7.74 MACD_01_standard.set
2025-04-25 01:47:04,771 - ERROR - Error processing C:\Users\nikol\AppData\Roaming\MetaQuotes\Terminal\4B1CE69F577705455263BD980C39A82C\MQL5\Profiles\Tester\Dealers Trade v 7.74 MACD_01_standard.set: type object 'ParameterRole' has no attribute 'POSITIONING'
2025-04-25 01:47:04,771 - INFO - Processing Deep Drawdown MA_01_standard.set
2025-04-25 01:47:04,771 - INFO - Processing Deep Drawdown MA_01_standard.set
2025-04-25 01:47:04,772 - ERROR - Error processing C:\Users\nikol\AppData\Roaming\MetaQuotes\Terminal\4B1CE69F577705455263BD980C39A82C\MQL5\Profiles\Tester\Deep Drawdown MA_01_standard.set: type object 'ParameterRole' has no attribute 'POSITIONING'
2025-04-25 01:47:04,772 - INFO - Processing DeMarker gaining position volume 2_01_standard.set
2025-04-25 01:47:04,773 - INFO - Processing DeMarker gaining position volume 2_01_standard.set
2025-04-25 01:47:04,773 - ERROR - Error processing C:\Users\nikol\AppData\Roaming\MetaQuotes\Terminal\4B1CE69F577705455263BD980C39A82C\MQL5\Profiles\Tester\DeMarker gaining position volume 2_01_standard.set: type object 'ParameterRole' has no attribute 'POSITIONING'
2025-04-25 01:47:04,773 - INFO - Processing DeMarker gaining position volume_01_standard.set
2025-04-25 01:47:04,774 - INFO - Processing DeMarker gaining position volume_01_standard.set
2025-04-25 01:47:04,775 - ERROR - Error processing C:\Users\nikol\AppData\Roaming\MetaQuotes\Terminal\4B1CE69F577705455263BD980C39A82C\MQL5\Profiles\Tester\DeMarker gaining position volume_01_standard.set: type object 'ParameterRole' has no attribute 'POSITIONING'
2025-04-25 01:47:04,775 - INFO - Processing DeMarker Pending 2_01_standard.set
2025-04-25 01:47:04,775 - INFO - Processing DeMarker Pending 2_01_standard.set
2025-04-25 01:47:04,776 - ERROR - Error processing C:\Users\nikol\AppData\Roaming\MetaQuotes\Terminal\4B1CE69F577705455263BD980C39A82C\MQL5\Profiles\Tester\DeMarker Pending 2_01_standard.set: type object 'ParameterRole' has no attribute 'POSITIONING'
2025-04-25 01:47:04,777 - INFO - Processing DeMarker Pending 2_5_01_standard.set
2025-04-25 01:47:04,777 - INFO - Processing DeMarker Pending 2_5_01_standard.set
2025-04-25 01:47:04,778 - ERROR - Error processing C:\Users\nikol\AppData\Roaming\MetaQuotes\Terminal\4B1CE69F577705455263BD980C39A82C\MQL5\Profiles\Tester\DeMarker Pending 2_5_01_standard.set: type object 'ParameterRole' has no attribute 'POSITIONING'
2025-04-25 01:47:04,778 - INFO - Processing DeMarker Pending_01_standard.set
2025-04-25 01:47:04,778 - INFO - Processing DeMarker Pending_01_standard.set
2025-04-25 01:47:04,779 - ERROR - Error processing C:\Users\nikol\AppData\Roaming\MetaQuotes\Terminal\4B1CE69F577705455263BD980C39A82C\MQL5\Profiles\Tester\DeMarker Pending_01_standard.set: type object 'ParameterRole' has no attribute 'POSITIONING'
2025-04-25 01:47:04,779 - INFO - Processing Dematus_01_standard.set
2025-04-25 01:47:04,780 - INFO - Processing Dematus_01_standard.set
2025-04-25 01:47:04,780 - ERROR - Error processing C:\Users\nikol\AppData\Roaming\MetaQuotes\Terminal\4B1CE69F577705455263BD980C39A82C\MQL5\Profiles\Tester\Dematus_01_standard.set: type object 'ParameterRole' has no attribute 'POSITIONING'
2025-04-25 01:47:04,781 - INFO - Processing Divergence%20for%20many%20indicator_01_standard.set
2025-04-25 01:47:04,782 - INFO - Processing Divergence%20for%20many%20indicator_01_standard.set
2025-04-25 01:47:04,783 - WARNING - Error processing group role_system: 'list' object has no attribute 'items'
2025-04-25 01:47:04,783 - ERROR - Error processing C:\Users\nikol\AppData\Roaming\MetaQuotes\Terminal\4B1CE69F577705455263BD980C39A82C\MQL5\Profiles\Tester\Divergence%20for%20many%20indicator_01_standard.set: dictionary update sequence element #0 has length 3; 2 is required
2025-04-25 01:47:04,784 - INFO - Processing Divergence_EA_01_standard.set
2025-04-25 01:47:04,784 - INFO - Processing Divergence_EA_01_standard.set
2025-04-25 01:47:04,785 - ERROR - Error processing C:\Users\nikol\AppData\Roaming\MetaQuotes\Terminal\4B1CE69F577705455263BD980C39A82C\MQL5\Profiles\Tester\Divergence_EA_01_standard.set: type object 'ParameterRole' has no attribute 'POSITIONING'
2025-04-25 01:47:04,785 - INFO - Processing Doji Arrows_01_standard.set
2025-04-25 01:47:04,786 - INFO - Processing Doji Arrows_01_standard.set
2025-04-25 01:47:04,786 - ERROR - Error processing C:\Users\nikol\AppData\Roaming\MetaQuotes\Terminal\4B1CE69F577705455263BD980C39A82C\MQL5\Profiles\Tester\Doji Arrows_01_standard.set: type object 'ParameterRole' has no attribute 'POSITIONING'
2025-04-25 01:47:04,786 - INFO - Processing DojiTrader_01_standard.set
2025-04-25 01:47:04,787 - INFO - Processing DojiTrader_01_standard.set
2025-04-25 01:47:04,787 - ERROR - Error processing C:\Users\nikol\AppData\Roaming\MetaQuotes\Terminal\4B1CE69F577705455263BD980C39A82C\MQL5\Profiles\Tester\DojiTrader_01_standard.set: type object 'ParameterRole' has no attribute 'POSITIONING'
2025-04-25 01:47:04,788 - INFO - Processing Donchian_Chanel_EA_01_standard.set
2025-04-25 01:47:04,788 - INFO - Processing Donchian_Chanel_EA_01_standard.set
2025-04-25 01:47:04,789 - ERROR - Error processing C:\Users\nikol\AppData\Roaming\MetaQuotes\Terminal\4B1CE69F577705455263BD980C39A82C\MQL5\Profiles\Tester\Donchian_Chanel_EA_01_standard.set: type object 'ParameterRole' has no attribute 'POSITIONING'
2025-04-25 01:47:04,789 - INFO - Processing DoubleHullMA_01_standard.set
2025-04-25 01:47:04,790 - INFO - Processing DoubleHullMA_01_standard.set
2025-04-25 01:47:04,791 - ERROR - Error processing C:\Users\nikol\AppData\Roaming\MetaQuotes\Terminal\4B1CE69F577705455263BD980C39A82C\MQL5\Profiles\Tester\DoubleHullMA_01_standard.set: type object 'ParameterRole' has no attribute 'POSITIONING'
2025-04-25 01:47:04,791 - INFO - Processing DoubleHullMA_EA_01_standard.set
2025-04-25 01:47:04,791 - INFO - Processing DoubleHullMA_EA_01_standard.set
2025-04-25 01:47:04,792 - ERROR - Error processing C:\Users\nikol\AppData\Roaming\MetaQuotes\Terminal\4B1CE69F577705455263BD980C39A82C\MQL5\Profiles\Tester\DoubleHullMA_EA_01_standard.set: type object 'ParameterRole' has no attribute 'POSITIONING'
2025-04-25 01:47:04,793 - INFO - Processing DoubleMA Crossover EA_01_standard.set
2025-04-25 01:47:04,793 - INFO - Processing DoubleMA Crossover EA_01_standard.set
2025-04-25 01:47:04,793 - ERROR - Error processing C:\Users\nikol\AppData\Roaming\MetaQuotes\Terminal\4B1CE69F577705455263BD980C39A82C\MQL5\Profiles\Tester\DoubleMA Crossover EA_01_standard.set: type object 'ParameterRole' has no attribute 'POSITIONING'
2025-04-25 01:47:04,794 - INFO - Processing Doubler_01_standard.set
2025-04-25 01:47:04,794 - INFO - Processing Doubler_01_standard.set
2025-04-25 01:47:04,795 - ERROR - Error processing C:\Users\nikol\AppData\Roaming\MetaQuotes\Terminal\4B1CE69F577705455263BD980C39A82C\MQL5\Profiles\Tester\Doubler_01_standard.set: type object 'ParameterRole' has no attribute 'POSITIONING'
2025-04-25 01:47:04,795 - INFO - Processing Driver_EA_MT5_01_standard.set
2025-04-25 01:47:04,796 - INFO - Processing Driver_EA_MT5_01_standard.set
2025-04-25 01:47:04,796 - ERROR - Error processing C:\Users\nikol\AppData\Roaming\MetaQuotes\Terminal\4B1CE69F577705455263BD980C39A82C\MQL5\Profiles\Tester\Driver_EA_MT5_01_standard.set: type object 'ParameterRole' has no attribute 'POSITIONING'
2025-04-25 01:47:04,797 - INFO - Processing dummy_01_standard.set
2025-04-25 01:47:04,797 - INFO - Processing dummy_01_standard.set
2025-04-25 01:47:04,798 - ERROR - Error processing C:\Users\nikol\AppData\Roaming\MetaQuotes\Terminal\4B1CE69F577705455263BD980C39A82C\MQL5\Profiles\Tester\dummy_01_standard.set: type object 'ParameterRole' has no attribute 'POSITIONING'
2025-04-25 01:47:04,798 - INFO - Processing Dynamic averaging_01_standard.set
2025-04-25 01:47:04,799 - INFO - Processing Dynamic averaging_01_standard.set
2025-04-25 01:47:04,799 - ERROR - Error processing C:\Users\nikol\AppData\Roaming\MetaQuotes\Terminal\4B1CE69F577705455263BD980C39A82C\MQL5\Profiles\Tester\Dynamic averaging_01_standard.set: type object 'ParameterRole' has no attribute 'POSITIONING'
2025-04-25 01:47:04,800 - INFO - Processing E-Friday_01_standard.set
2025-04-25 01:47:04,800 - INFO - Processing E-Friday_01_standard.set
2025-04-25 01:47:04,800 - ERROR - Error processing C:\Users\nikol\AppData\Roaming\MetaQuotes\Terminal\4B1CE69F577705455263BD980C39A82C\MQL5\Profiles\Tester\E-Friday_01_standard.set: type object 'ParameterRole' has no attribute 'POSITIONING'
2025-04-25 01:47:04,801 - INFO - Processing e-Skoch pending orders_01_standard.set
2025-04-25 01:47:04,801 - INFO - Processing e-Skoch pending orders_01_standard.set
2025-04-25 01:47:04,802 - ERROR - Error processing C:\Users\nikol\AppData\Roaming\MetaQuotes\Terminal\4B1CE69F577705455263BD980C39A82C\MQL5\Profiles\Tester\e-Skoch pending orders_01_standard.set: type object 'ParameterRole' has no attribute 'POSITIONING'
2025-04-25 01:47:04,802 - INFO - Processing E-Skoch-Open_01_standard.set
2025-04-25 01:47:04,802 - INFO - Processing E-Skoch-Open_01_standard.set
2025-04-25 01:47:04,803 - ERROR - Error processing C:\Users\nikol\AppData\Roaming\MetaQuotes\Terminal\4B1CE69F577705455263BD980C39A82C\MQL5\Profiles\Tester\E-Skoch-Open_01_standard.set: type object 'ParameterRole' has no attribute 'POSITIONING'
2025-04-25 01:47:04,803 - INFO - Processing e-Smart_Trailing_01_standard.set
2025-04-25 01:47:04,804 - INFO - Processing e-Smart_Trailing_01_standard.set
2025-04-25 01:47:04,804 - ERROR - Error processing C:\Users\nikol\AppData\Roaming\MetaQuotes\Terminal\4B1CE69F577705455263BD980C39A82C\MQL5\Profiles\Tester\e-Smart_Trailing_01_standard.set: type object 'ParameterRole' has no attribute 'POSITIONING'
2025-04-25 01:47:04,805 - INFO - Processing e-TurboFx_01_standard.set
2025-04-25 01:47:04,805 - INFO - Processing e-TurboFx_01_standard.set
2025-04-25 01:47:04,806 - ERROR - Error processing C:\Users\nikol\AppData\Roaming\MetaQuotes\Terminal\4B1CE69F577705455263BD980C39A82C\MQL5\Profiles\Tester\e-TurboFx_01_standard.set: type object 'ParameterRole' has no attribute 'POSITIONING'
2025-04-25 01:47:04,806 - INFO - Processing EA Close_01_standard.set
2025-04-25 01:47:04,806 - INFO - Processing EA Close_01_standard.set
2025-04-25 01:47:04,807 - ERROR - Error processing C:\Users\nikol\AppData\Roaming\MetaQuotes\Terminal\4B1CE69F577705455263BD980C39A82C\MQL5\Profiles\Tester\EA Close_01_standard.set: type object 'ParameterRole' has no attribute 'POSITIONING'
2025-04-25 01:47:04,807 - INFO - Processing EA Moving Average_01_standard.set
2025-04-25 01:47:04,808 - INFO - Processing EA Moving Average_01_standard.set
2025-04-25 01:47:04,808 - ERROR - Error processing C:\Users\nikol\AppData\Roaming\MetaQuotes\Terminal\4B1CE69F577705455263BD980C39A82C\MQL5\Profiles\Tester\EA Moving Average_01_standard.set: type object 'ParameterRole' has no attribute 'POSITIONING'
2025-04-25 01:47:04,809 - INFO - Processing EA_MA_Stoch_RSI_01_standard.set
2025-04-25 01:47:04,809 - INFO - Processing EA_MA_Stoch_RSI_01_standard.set
2025-04-25 01:47:04,810 - ERROR - Error processing C:\Users\nikol\AppData\Roaming\MetaQuotes\Terminal\4B1CE69F577705455263BD980C39A82C\MQL5\Profiles\Tester\EA_MA_Stoch_RSI_01_standard.set: type object 'ParameterRole' has no attribute 'POSITIONING'
2025-04-25 01:47:04,811 - INFO - Processing Elite eFibo Trader_01_standard.set
2025-04-25 01:47:04,811 - INFO - Processing Elite eFibo Trader_01_standard.set
2025-04-25 01:47:04,812 - ERROR - Error processing C:\Users\nikol\AppData\Roaming\MetaQuotes\Terminal\4B1CE69F577705455263BD980C39A82C\MQL5\Profiles\Tester\Elite eFibo Trader_01_standard.set: type object 'ParameterRole' has no attribute 'POSITIONING'
2025-04-25 01:47:04,812 - INFO - Processing EMA 6.12_01_standard.set
2025-04-25 01:47:04,812 - INFO - Processing EMA 6.12_01_standard.set
2025-04-25 01:47:04,813 - ERROR - Error processing C:\Users\nikol\AppData\Roaming\MetaQuotes\Terminal\4B1CE69F577705455263BD980C39A82C\MQL5\Profiles\Tester\EMA 6.12_01_standard.set: type object 'ParameterRole' has no attribute 'POSITIONING'
2025-04-25 01:47:04,813 - INFO - Processing EMA LWMA RSI_01_standard.set
2025-04-25 01:47:04,813 - INFO - Processing EMA LWMA RSI_01_standard.set
2025-04-25 01:47:04,814 - ERROR - Error processing C:\Users\nikol\AppData\Roaming\MetaQuotes\Terminal\4B1CE69F577705455263BD980C39A82C\MQL5\Profiles\Tester\EMA LWMA RSI_01_standard.set: type object 'ParameterRole' has no attribute 'POSITIONING'
2025-04-25 01:47:04,814 - INFO - Processing EMA_01_standard.set
2025-04-25 01:47:04,815 - INFO - Processing EMA_01_standard.set
2025-04-25 01:47:04,815 - ERROR - Error processing C:\Users\nikol\AppData\Roaming\MetaQuotes\Terminal\4B1CE69F577705455263BD980C39A82C\MQL5\Profiles\Tester\EMA_01_standard.set: type object 'ParameterRole' has no attribute 'POSITIONING'
2025-04-25 01:47:04,816 - INFO - Processing EMA_CROSS_01_standard.set
2025-04-25 01:47:04,816 - INFO - Processing EMA_CROSS_01_standard.set
2025-04-25 01:47:04,817 - ERROR - Error processing C:\Users\nikol\AppData\Roaming\MetaQuotes\Terminal\4B1CE69F577705455263BD980C39A82C\MQL5\Profiles\Tester\EMA_CROSS_01_standard.set: type object 'ParameterRole' has no attribute 'POSITIONING'
2025-04-25 01:47:04,817 - INFO - Processing EMA_RSI_EA_v1.00_01_standard.set
2025-04-25 01:47:04,817 - INFO - Processing EMA_RSI_EA_v1.00_01_standard.set
2025-04-25 01:47:04,818 - ERROR - Error processing C:\Users\nikol\AppData\Roaming\MetaQuotes\Terminal\4B1CE69F577705455263BD980C39A82C\MQL5\Profiles\Tester\EMA_RSI_EA_v1.00_01_standard.set: type object 'ParameterRole' has no attribute 'POSITIONING'
2025-04-25 01:47:04,819 - INFO - Processing EMA_WMA v2_01_standard.set
2025-04-25 01:47:04,819 - INFO - Processing EMA_WMA v2_01_standard.set
2025-04-25 01:47:04,819 - ERROR - Error processing C:\Users\nikol\AppData\Roaming\MetaQuotes\Terminal\4B1CE69F577705455263BD980C39A82C\MQL5\Profiles\Tester\EMA_WMA v2_01_standard.set: type object 'ParameterRole' has no attribute 'POSITIONING'
2025-04-25 01:47:04,820 - INFO - Processing EMA_WMA_01_standard.set
2025-04-25 01:47:04,820 - INFO - Processing EMA_WMA_01_standard.set
2025-04-25 01:47:04,821 - ERROR - Error processing C:\Users\nikol\AppData\Roaming\MetaQuotes\Terminal\4B1CE69F577705455263BD980C39A82C\MQL5\Profiles\Tester\EMA_WMA_01_standard.set: type object 'ParameterRole' has no attribute 'POSITIONING'
2025-04-25 01:47:04,821 - INFO - Processing Eugene_01_standard.set
2025-04-25 01:47:04,821 - INFO - Processing Eugene_01_standard.set
2025-04-25 01:47:04,822 - WARNING - Error processing group role_system: 'list' object has no attribute 'items'
2025-04-25 01:47:04,822 - ERROR - Error processing C:\Users\nikol\AppData\Roaming\MetaQuotes\Terminal\4B1CE69F577705455263BD980C39A82C\MQL5\Profiles\Tester\Eugene_01_standard.set: dictionary update sequence element #0 has length 5; 2 is required
2025-04-25 01:47:04,823 - INFO - Processing eur usd m5_01_standard.set
2025-04-25 01:47:04,823 - INFO - Processing eur usd m5_01_standard.set
2025-04-25 01:47:04,824 - ERROR - Error processing C:\Users\nikol\AppData\Roaming\MetaQuotes\Terminal\4B1CE69F577705455263BD980C39A82C\MQL5\Profiles\Tester\eur usd m5_01_standard.set: type object 'ParameterRole' has no attribute 'POSITIONING'
2025-04-25 01:47:04,824 - INFO - Processing EURUSD breakout_01_standard.set
2025-04-25 01:47:04,825 - INFO - Processing EURUSD breakout_01_standard.set
2025-04-25 01:47:04,825 - ERROR - Error processing C:\Users\nikol\AppData\Roaming\MetaQuotes\Terminal\4B1CE69F577705455263BD980C39A82C\MQL5\Profiles\Tester\EURUSD breakout_01_standard.set: type object 'ParameterRole' has no attribute 'POSITIONING'
2025-04-25 01:47:04,826 - INFO - Processing Executer AC_01_standard.set
2025-04-25 01:47:04,826 - INFO - Processing Executer AC_01_standard.set
2025-04-25 01:47:04,827 - ERROR - Error processing C:\Users\nikol\AppData\Roaming\MetaQuotes\Terminal\4B1CE69F577705455263BD980C39A82C\MQL5\Profiles\Tester\Executer AC_01_standard.set: type object 'ParameterRole' has no attribute 'POSITIONING'
2025-04-25 01:47:04,827 - INFO - Processing Executor AO_01_standard.set
2025-04-25 01:47:04,827 - INFO - Processing Executor AO_01_standard.set
2025-04-25 01:47:04,828 - ERROR - Error processing C:\Users\nikol\AppData\Roaming\MetaQuotes\Terminal\4B1CE69F577705455263BD980C39A82C\MQL5\Profiles\Tester\Executor AO_01_standard.set: type object 'ParameterRole' has no attribute 'POSITIONING'
2025-04-25 01:47:04,828 - INFO - Processing Executor Candles_01_standard.set
2025-04-25 01:47:04,828 - INFO - Processing Executor Candles_01_standard.set
2025-04-25 01:47:04,829 - ERROR - Error processing C:\Users\nikol\AppData\Roaming\MetaQuotes\Terminal\4B1CE69F577705455263BD980C39A82C\MQL5\Profiles\Tester\Executor Candles_01_standard.set: type object 'ParameterRole' has no attribute 'POSITIONING'
2025-04-25 01:47:04,829 - INFO - Processing Expert_NEWS_01_standard.set
2025-04-25 01:47:04,830 - INFO - Processing Expert_NEWS_01_standard.set
2025-04-25 01:47:04,831 - ERROR - Error processing C:\Users\nikol\AppData\Roaming\MetaQuotes\Terminal\4B1CE69F577705455263BD980C39A82C\MQL5\Profiles\Tester\Expert_NEWS_01_standard.set: type object 'ParameterRole' has no attribute 'POSITIONING'
2025-04-25 01:47:04,831 - INFO - Processing Expert_RSI_Stochastic_MA_01_standard.set
2025-04-25 01:47:04,831 - INFO - Processing Expert_RSI_Stochastic_MA_01_standard.set
2025-04-25 01:47:04,832 - ERROR - Error processing C:\Users\nikol\AppData\Roaming\MetaQuotes\Terminal\4B1CE69F577705455263BD980C39A82C\MQL5\Profiles\Tester\Expert_RSI_Stochastic_MA_01_standard.set: type object 'ParameterRole' has no attribute 'POSITIONING'
2025-04-25 01:47:04,832 - INFO - Processing exp_Amstell_01_standard.set
2025-04-25 01:47:04,833 - INFO - Processing exp_Amstell_01_standard.set
2025-04-25 01:47:04,833 - ERROR - Error processing C:\Users\nikol\AppData\Roaming\MetaQuotes\Terminal\4B1CE69F577705455263BD980C39A82C\MQL5\Profiles\Tester\exp_Amstell_01_standard.set: type object 'ParameterRole' has no attribute 'POSITIONING'
2025-04-25 01:47:04,834 - INFO - Processing ExtremePrice_EA_v1.00_01_standard.set
2025-04-25 01:47:04,834 - INFO - Processing ExtremePrice_EA_v1.00_01_standard.set
2025-04-25 01:47:04,834 - ERROR - Error processing C:\Users\nikol\AppData\Roaming\MetaQuotes\Terminal\4B1CE69F577705455263BD980C39A82C\MQL5\Profiles\Tester\ExtremePrice_EA_v1.00_01_standard.set: type object 'ParameterRole' has no attribute 'POSITIONING'
2025-04-25 01:47:04,835 - INFO - Processing e_Breakeven_v4_01_standard.set
2025-04-25 01:47:04,835 - INFO - Processing e_Breakeven_v4_01_standard.set
2025-04-25 01:47:04,836 - ERROR - Error processing C:\Users\nikol\AppData\Roaming\MetaQuotes\Terminal\4B1CE69F577705455263BD980C39A82C\MQL5\Profiles\Tester\e_Breakeven_v4_01_standard.set: type object 'ParameterRole' has no attribute 'POSITIONING'
2025-04-25 01:47:04,836 - INFO - Processing FiboRetracement%20EA_01_standard.set
2025-04-25 01:47:04,836 - INFO - Processing FiboRetracement%20EA_01_standard.set
2025-04-25 01:47:04,837 - ERROR - Error processing C:\Users\nikol\AppData\Roaming\MetaQuotes\Terminal\4B1CE69F577705455263BD980C39A82C\MQL5\Profiles\Tester\FiboRetracement%20EA_01_standard.set: type object 'ParameterRole' has no attribute 'POSITIONING'
2025-04-25 01:47:04,838 - INFO - Processing Firebird v0.60_01_standard.set
2025-04-25 01:47:04,838 - INFO - Processing Firebird v0.60_01_standard.set
2025-04-25 01:47:04,839 - ERROR - Error processing C:\Users\nikol\AppData\Roaming\MetaQuotes\Terminal\4B1CE69F577705455263BD980C39A82C\MQL5\Profiles\Tester\Firebird v0.60_01_standard.set: type object 'ParameterRole' has no attribute 'POSITIONING'
2025-04-25 01:47:04,839 - INFO - Processing Firestorm_EA_01_standard.set
2025-04-25 01:47:04,840 - INFO - Processing Firestorm_EA_01_standard.set
2025-04-25 01:47:04,840 - ERROR - Error processing C:\Users\nikol\AppData\Roaming\MetaQuotes\Terminal\4B1CE69F577705455263BD980C39A82C\MQL5\Profiles\Tester\Firestorm_EA_01_standard.set: type object 'ParameterRole' has no attribute 'POSITIONING'
2025-04-25 01:47:04,841 - INFO - Processing Firestorm_indicator_01_standard.set
2025-04-25 01:47:04,841 - INFO - Processing Firestorm_indicator_01_standard.set
2025-04-25 01:47:04,842 - WARNING - Error processing group role_system: 'list' object has no attribute 'items'
2025-04-25 01:47:04,842 - ERROR - Error processing C:\Users\nikol\AppData\Roaming\MetaQuotes\Terminal\4B1CE69F577705455263BD980C39A82C\MQL5\Profiles\Tester\Firestorm_indicator_01_standard.set: dictionary update sequence element #0 has length 5; 2 is required
2025-04-25 01:47:04,842 - INFO - Processing Fluctuate_01_standard.set
2025-04-25 01:47:04,842 - INFO - Processing Fluctuate_01_standard.set
2025-04-25 01:47:04,843 - ERROR - Error processing C:\Users\nikol\AppData\Roaming\MetaQuotes\Terminal\4B1CE69F577705455263BD980C39A82C\MQL5\Profiles\Tester\Fluctuate_01_standard.set: type object 'ParameterRole' has no attribute 'POSITIONING'
2025-04-25 01:47:04,843 - INFO - Processing Forex Fraus M1_01_standard.set
2025-04-25 01:47:04,844 - INFO - Processing Forex Fraus M1_01_standard.set
2025-04-25 01:47:04,844 - ERROR - Error processing C:\Users\nikol\AppData\Roaming\MetaQuotes\Terminal\4B1CE69F577705455263BD980C39A82C\MQL5\Profiles\Tester\Forex Fraus M1_01_standard.set: type object 'ParameterRole' has no attribute 'POSITIONING'
2025-04-25 01:47:04,845 - INFO - Processing Forex Profit_01_standard.set
2025-04-25 01:47:04,845 - INFO - Processing Forex Profit_01_standard.set
2025-04-25 01:47:04,846 - ERROR - Error processing C:\Users\nikol\AppData\Roaming\MetaQuotes\Terminal\4B1CE69F577705455263BD980C39A82C\MQL5\Profiles\Tester\Forex Profit_01_standard.set: type object 'ParameterRole' has no attribute 'POSITIONING'
2025-04-25 01:47:04,846 - INFO - Processing Fractals minimum distance_01_standard.set
2025-04-25 01:47:04,847 - INFO - Processing Fractals minimum distance_01_standard.set
2025-04-25 01:47:04,847 - WARNING - Error processing group role_system: 'list' object has no attribute 'items'
2025-04-25 01:47:04,848 - ERROR - Error processing C:\Users\nikol\AppData\Roaming\MetaQuotes\Terminal\4B1CE69F577705455263BD980C39A82C\MQL5\Profiles\Tester\Fractals minimum distance_01_standard.set: dictionary update sequence element #0 has length 12; 2 is required
2025-04-25 01:47:04,848 - INFO - Processing Fraktrak xonax_01_standard.set
2025-04-25 01:47:04,848 - INFO - Processing Fraktrak xonax_01_standard.set
2025-04-25 01:47:04,849 - ERROR - Error processing C:\Users\nikol\AppData\Roaming\MetaQuotes\Terminal\4B1CE69F577705455263BD980C39A82C\MQL5\Profiles\Tester\Fraktrak xonax_01_standard.set: type object 'ParameterRole' has no attribute 'POSITIONING'
2025-04-25 01:47:04,849 - INFO - Processing Frank Ud_01_standard.set
2025-04-25 01:47:04,849 - INFO - Processing Frank Ud_01_standard.set
2025-04-25 01:47:04,850 - ERROR - Error processing C:\Users\nikol\AppData\Roaming\MetaQuotes\Terminal\4B1CE69F577705455263BD980C39A82C\MQL5\Profiles\Tester\Frank Ud_01_standard.set: type object 'ParameterRole' has no attribute 'POSITIONING'
2025-04-25 01:47:04,850 - INFO - Processing fratal_mt5_EA_01_standard.set
2025-04-25 01:47:04,851 - INFO - Processing fratal_mt5_EA_01_standard.set
2025-04-25 01:47:04,851 - ERROR - Error processing C:\Users\nikol\AppData\Roaming\MetaQuotes\Terminal\4B1CE69F577705455263BD980C39A82C\MQL5\Profiles\Tester\fratal_mt5_EA_01_standard.set: type object 'ParameterRole' has no attribute 'POSITIONING'
2025-04-25 01:47:04,852 - INFO - Processing FT_CCI_01_standard.set
2025-04-25 01:47:04,852 - INFO - Processing FT_CCI_01_standard.set
2025-04-25 01:47:04,853 - ERROR - Error processing C:\Users\nikol\AppData\Roaming\MetaQuotes\Terminal\4B1CE69F577705455263BD980C39A82C\MQL5\Profiles\Tester\FT_CCI_01_standard.set: type object 'ParameterRole' has no attribute 'POSITIONING'
2025-04-25 01:47:04,853 - INFO - Processing Fuzzy logic_01_standard.set
2025-04-25 01:47:04,854 - INFO - Processing Fuzzy logic_01_standard.set
2025-04-25 01:47:04,854 - ERROR - Error processing C:\Users\nikol\AppData\Roaming\MetaQuotes\Terminal\4B1CE69F577705455263BD980C39A82C\MQL5\Profiles\Tester\Fuzzy logic_01_standard.set: type object 'ParameterRole' has no attribute 'POSITIONING'
2025-04-25 01:47:04,855 - INFO - Processing GalacticExplosion_01_standard.set
2025-04-25 01:47:04,855 - INFO - Processing GalacticExplosion_01_standard.set
2025-04-25 01:47:04,856 - ERROR - Error processing C:\Users\nikol\AppData\Roaming\MetaQuotes\Terminal\4B1CE69F577705455263BD980C39A82C\MQL5\Profiles\Tester\GalacticExplosion_01_standard.set: type object 'ParameterRole' has no attribute 'POSITIONING'
2025-04-25 01:47:04,856 - INFO - Processing Gandalf_PRO_01_standard.set
2025-04-25 01:47:04,857 - INFO - Processing Gandalf_PRO_01_standard.set
2025-04-25 01:47:04,857 - ERROR - Error processing C:\Users\nikol\AppData\Roaming\MetaQuotes\Terminal\4B1CE69F577705455263BD980C39A82C\MQL5\Profiles\Tester\Gandalf_PRO_01_standard.set: type object 'ParameterRole' has no attribute 'POSITIONING'
2025-04-25 01:47:04,858 - INFO - Processing Gap DM_01_standard.set
2025-04-25 01:47:04,858 - INFO - Processing Gap DM_01_standard.set
2025-04-25 01:47:04,859 - ERROR - Error processing C:\Users\nikol\AppData\Roaming\MetaQuotes\Terminal\4B1CE69F577705455263BD980C39A82C\MQL5\Profiles\Tester\Gap DM_01_standard.set: type object 'ParameterRole' has no attribute 'POSITIONING'
2025-04-25 01:47:04,859 - INFO - Processing Gaps_01_standard.set
2025-04-25 01:47:04,860 - INFO - Processing Gaps_01_standard.set
2025-04-25 01:47:04,861 - ERROR - Error processing C:\Users\nikol\AppData\Roaming\MetaQuotes\Terminal\4B1CE69F577705455263BD980C39A82C\MQL5\Profiles\Tester\Gaps_01_standard.set: type object 'ParameterRole' has no attribute 'POSITIONING'
2025-04-25 01:47:04,861 - INFO - Processing GAP_EA_v1.00_01_standard.set
2025-04-25 01:47:04,861 - INFO - Processing GAP_EA_v1.00_01_standard.set
2025-04-25 01:47:04,862 - ERROR - Error processing C:\Users\nikol\AppData\Roaming\MetaQuotes\Terminal\4B1CE69F577705455263BD980C39A82C\MQL5\Profiles\Tester\GAP_EA_v1.00_01_standard.set: type object 'ParameterRole' has no attribute 'POSITIONING'
2025-04-25 01:47:04,862 - INFO - Processing GBP9AM_01_standard.set
2025-04-25 01:47:04,863 - INFO - Processing GBP9AM_01_standard.set
2025-04-25 01:47:04,863 - ERROR - Error processing C:\Users\nikol\AppData\Roaming\MetaQuotes\Terminal\4B1CE69F577705455263BD980C39A82C\MQL5\Profiles\Tester\GBP9AM_01_standard.set: type object 'ParameterRole' has no attribute 'POSITIONING'
2025-04-25 01:47:04,864 - INFO - Processing GbpChf_01_standard.set
2025-04-25 01:47:04,864 - INFO - Processing GbpChf_01_standard.set
2025-04-25 01:47:04,865 - ERROR - Error processing C:\Users\nikol\AppData\Roaming\MetaQuotes\Terminal\4B1CE69F577705455263BD980C39A82C\MQL5\Profiles\Tester\GbpChf_01_standard.set: type object 'ParameterRole' has no attribute 'POSITIONING'
2025-04-25 01:47:04,865 - INFO - Processing Gold Dust_01_standard.set
2025-04-25 01:47:04,866 - INFO - Processing Gold Dust_01_standard.set
2025-04-25 01:47:04,866 - ERROR - Error processing C:\Users\nikol\AppData\Roaming\MetaQuotes\Terminal\4B1CE69F577705455263BD980C39A82C\MQL5\Profiles\Tester\Gold Dust_01_standard.set: type object 'ParameterRole' has no attribute 'POSITIONING'
2025-04-25 01:47:04,867 - INFO - Processing GO_01_standard.set
2025-04-25 01:47:04,867 - INFO - Processing GO_01_standard.set
2025-04-25 01:47:04,868 - WARNING - Error processing group role_risk: 'list' object has no attribute 'items'
2025-04-25 01:47:04,868 - ERROR - Error processing C:\Users\nikol\AppData\Roaming\MetaQuotes\Terminal\4B1CE69F577705455263BD980C39A82C\MQL5\Profiles\Tester\GO_01_standard.set: dictionary update sequence element #0 has length 5; 2 is required
2025-04-25 01:47:04,869 - INFO - Processing GreenTrade_01_standard.set
2025-04-25 01:47:04,869 - INFO - Processing GreenTrade_01_standard.set
2025-04-25 01:47:04,870 - ERROR - Error processing C:\Users\nikol\AppData\Roaming\MetaQuotes\Terminal\4B1CE69F577705455263BD980C39A82C\MQL5\Profiles\Tester\GreenTrade_01_standard.set: type object 'ParameterRole' has no attribute 'POSITIONING'
2025-04-25 01:47:04,870 - INFO - Processing GridEA_01_standard.set
2025-04-25 01:47:04,870 - INFO - Processing GridEA_01_standard.set
2025-04-25 01:47:04,871 - ERROR - Error processing C:\Users\nikol\AppData\Roaming\MetaQuotes\Terminal\4B1CE69F577705455263BD980C39A82C\MQL5\Profiles\Tester\GridEA_01_standard.set: type object 'ParameterRole' has no attribute 'POSITIONING'
2025-04-25 01:47:04,872 - INFO - Processing Grid_01_standard.set
2025-04-25 01:47:04,872 - INFO - Processing Grid_01_standard.set
2025-04-25 01:47:04,873 - WARNING - Error processing group role_system: 'list' object has no attribute 'items'
2025-04-25 01:47:04,873 - ERROR - Error processing C:\Users\nikol\AppData\Roaming\MetaQuotes\Terminal\4B1CE69F577705455263BD980C39A82C\MQL5\Profiles\Tester\Grid_01_standard.set: dictionary update sequence element #0 has length 21; 2 is required
2025-04-25 01:47:04,874 - INFO - Processing Grid_Martingale_01_standard.set
2025-04-25 01:47:04,874 - INFO - Processing Grid_Martingale_01_standard.set
2025-04-25 01:47:04,875 - ERROR - Error processing C:\Users\nikol\AppData\Roaming\MetaQuotes\Terminal\4B1CE69F577705455263BD980C39A82C\MQL5\Profiles\Tester\Grid_Martingale_01_standard.set: type object 'ParameterRole' has no attribute 'POSITIONING'
2025-04-25 01:47:04,875 - INFO - Processing HarVesteR_01_standard.set
2025-04-25 01:47:04,876 - INFO - Processing HarVesteR_01_standard.set
2025-04-25 01:47:04,876 - ERROR - Error processing C:\Users\nikol\AppData\Roaming\MetaQuotes\Terminal\4B1CE69F577705455263BD980C39A82C\MQL5\Profiles\Tester\HarVesteR_01_standard.set: type object 'ParameterRole' has no attribute 'POSITIONING'
2025-04-25 01:47:04,877 - INFO - Processing HedgeEA_01_standard.set
2025-04-25 01:47:04,877 - INFO - Processing HedgeEA_01_standard.set
2025-04-25 01:47:04,877 - WARNING - Error processing group role_system: 'list' object has no attribute 'items'
2025-04-25 01:47:04,878 - ERROR - Error processing C:\Users\nikol\AppData\Roaming\MetaQuotes\Terminal\4B1CE69F577705455263BD980C39A82C\MQL5\Profiles\Tester\HedgeEA_01_standard.set: dictionary update sequence element #0 has length 5; 2 is required
2025-04-25 01:47:04,878 - INFO - Processing hedger_01_standard.set
2025-04-25 01:47:04,879 - INFO - Processing hedger_01_standard.set
2025-04-25 01:47:04,879 - WARNING - Error processing group role_system: 'list' object has no attribute 'items'
2025-04-25 01:47:04,880 - ERROR - Error processing C:\Users\nikol\AppData\Roaming\MetaQuotes\Terminal\4B1CE69F577705455263BD980C39A82C\MQL5\Profiles\Tester\hedger_01_standard.set: dictionary update sequence element #0 has length 16; 2 is required
2025-04-25 01:47:04,880 - INFO - Processing Hedging_EA_01_standard.set
2025-04-25 01:47:04,881 - INFO - Processing Hedging_EA_01_standard.set
2025-04-25 01:47:04,881 - ERROR - Error processing C:\Users\nikol\AppData\Roaming\MetaQuotes\Terminal\4B1CE69F577705455263BD980C39A82C\MQL5\Profiles\Tester\Hedging_EA_01_standard.set: type object 'ParameterRole' has no attribute 'POSITIONING'
2025-04-25 01:47:04,882 - INFO - Processing heiken-ashi-smoothedLine_01_standard.set
2025-04-25 01:47:04,882 - INFO - Processing heiken-ashi-smoothedLine_01_standard.set
2025-04-25 01:47:04,883 - WARNING - Error processing group role_technical: 'list' object has no attribute 'items'
2025-04-25 01:47:04,883 - ERROR - Error processing C:\Users\nikol\AppData\Roaming\MetaQuotes\Terminal\4B1CE69F577705455263BD980C39A82C\MQL5\Profiles\Tester\heiken-ashi-smoothedLine_01_standard.set: dictionary update sequence element #0 has length 12; 2 is required
2025-04-25 01:47:04,883 - INFO - Processing heiken-ashi-smoothed_01_standard.set
2025-04-25 01:47:04,884 - INFO - Processing heiken-ashi-smoothed_01_standard.set
2025-04-25 01:47:04,884 - WARNING - Error processing group role_technical: 'list' object has no attribute 'items'
2025-04-25 01:47:04,884 - ERROR - Error processing C:\Users\nikol\AppData\Roaming\MetaQuotes\Terminal\4B1CE69F577705455263BD980C39A82C\MQL5\Profiles\Tester\heiken-ashi-smoothed_01_standard.set: dictionary update sequence element #0 has length 12; 2 is required
2025-04-25 01:47:04,885 - INFO - Processing HeikenAshi_Lines_01_standard.set
2025-04-25 01:47:04,885 - INFO - Processing HeikenAshi_Lines_01_standard.set
2025-04-25 01:47:04,886 - WARNING - Error processing group role_technical: 'list' object has no attribute 'items'
2025-04-25 01:47:04,887 - ERROR - Error processing C:\Users\nikol\AppData\Roaming\MetaQuotes\Terminal\4B1CE69F577705455263BD980C39A82C\MQL5\Profiles\Tester\HeikenAshi_Lines_01_standard.set: dictionary update sequence element #0 has length 9; 2 is required
2025-04-25 01:47:04,887 - INFO - Processing HeikenAshi_Lines_EA_01_standard.set
2025-04-25 01:47:04,887 - INFO - Processing HeikenAshi_Lines_EA_01_standard.set
2025-04-25 01:47:04,888 - ERROR - Error processing C:\Users\nikol\AppData\Roaming\MetaQuotes\Terminal\4B1CE69F577705455263BD980C39A82C\MQL5\Profiles\Tester\HeikenAshi_Lines_EA_01_standard.set: type object 'ParameterRole' has no attribute 'POSITIONING'
2025-04-25 01:47:04,888 - INFO - Processing Heiken_Ashi_Smoothed_EA_01_standard.set
2025-04-25 01:47:04,889 - INFO - Processing Heiken_Ashi_Smoothed_EA_01_standard.set
2025-04-25 01:47:04,889 - ERROR - Error processing C:\Users\nikol\AppData\Roaming\MetaQuotes\Terminal\4B1CE69F577705455263BD980C39A82C\MQL5\Profiles\Tester\Heiken_Ashi_Smoothed_EA_01_standard.set: type object 'ParameterRole' has no attribute 'POSITIONING'
2025-04-25 01:47:04,890 - INFO - Processing Heiken_Ashi_Smoothed_EA_with_MA_01_standard.set
2025-04-25 01:47:04,890 - INFO - Processing Heiken_Ashi_Smoothed_EA_with_MA_01_standard.set
2025-04-25 01:47:04,891 - ERROR - Error processing C:\Users\nikol\AppData\Roaming\MetaQuotes\Terminal\4B1CE69F577705455263BD980C39A82C\MQL5\Profiles\Tester\Heiken_Ashi_Smoothed_EA_with_MA_01_standard.set: type object 'ParameterRole' has no attribute 'POSITIONING'
2025-04-25 01:47:04,891 - INFO - Processing Heinken_Ashi_Color_Candles_01_standard.set
2025-04-25 01:47:04,891 - INFO - Processing Heinken_Ashi_Color_Candles_01_standard.set
2025-04-25 01:47:04,892 - WARNING - Error processing group role_technical: 'list' object has no attribute 'items'
2025-04-25 01:47:04,893 - ERROR - Error processing C:\Users\nikol\AppData\Roaming\MetaQuotes\Terminal\4B1CE69F577705455263BD980C39A82C\MQL5\Profiles\Tester\Heinken_Ashi_Color_Candles_01_standard.set: dictionary update sequence element #0 has length 12; 2 is required
2025-04-25 01:47:04,893 - INFO - Processing HelloSmart_01_standard.set
2025-04-25 01:47:04,894 - INFO - Processing HelloSmart_01_standard.set
2025-04-25 01:47:04,894 - ERROR - Error processing C:\Users\nikol\AppData\Roaming\MetaQuotes\Terminal\4B1CE69F577705455263BD980C39A82C\MQL5\Profiles\Tester\HelloSmart_01_standard.set: type object 'ParameterRole' has no attribute 'POSITIONING'
2025-04-25 01:47:04,895 - INFO - Processing High_Low_EA_01_standard.set
2025-04-25 01:47:04,895 - INFO - Processing High_Low_EA_01_standard.set
2025-04-25 01:47:04,896 - ERROR - Error processing C:\Users\nikol\AppData\Roaming\MetaQuotes\Terminal\4B1CE69F577705455263BD980C39A82C\MQL5\Profiles\Tester\High_Low_EA_01_standard.set: type object 'ParameterRole' has no attribute 'POSITIONING'
2025-04-25 01:47:04,896 - INFO - Processing High_Low_Indicator_01_standard.set
2025-04-25 01:47:04,897 - INFO - Processing High_Low_Indicator_01_standard.set
2025-04-25 01:47:04,897 - WARNING - Error processing group role_technical: 'list' object has no attribute 'items'
2025-04-25 01:47:04,897 - ERROR - Error processing C:\Users\nikol\AppData\Roaming\MetaQuotes\Terminal\4B1CE69F577705455263BD980C39A82C\MQL5\Profiles\Tester\High_Low_Indicator_01_standard.set: dictionary update sequence element #0 has length 7; 2 is required
2025-04-25 01:47:04,898 - INFO - Processing Hoop master 2_01_standard.set
2025-04-25 01:47:04,898 - INFO - Processing Hoop master 2_01_standard.set
2025-04-25 01:47:04,899 - ERROR - Error processing C:\Users\nikol\AppData\Roaming\MetaQuotes\Terminal\4B1CE69F577705455263BD980C39A82C\MQL5\Profiles\Tester\Hoop master 2_01_standard.set: type object 'ParameterRole' has no attribute 'POSITIONING'
2025-04-25 01:47:04,899 - INFO - Processing iCCI iMA_01_standard.set
2025-04-25 01:47:04,900 - INFO - Processing iCCI iMA_01_standard.set
2025-04-25 01:47:04,900 - ERROR - Error processing C:\Users\nikol\AppData\Roaming\MetaQuotes\Terminal\4B1CE69F577705455263BD980C39A82C\MQL5\Profiles\Tester\iCCI iMA_01_standard.set: type object 'ParameterRole' has no attribute 'POSITIONING'
2025-04-25 01:47:04,901 - INFO - Processing ichimok2005_01_standard.set
2025-04-25 01:47:04,901 - INFO - Processing ichimok2005_01_standard.set
2025-04-25 01:47:04,902 - ERROR - Error processing C:\Users\nikol\AppData\Roaming\MetaQuotes\Terminal\4B1CE69F577705455263BD980C39A82C\MQL5\Profiles\Tester\ichimok2005_01_standard.set: type object 'ParameterRole' has no attribute 'POSITIONING'
2025-04-25 01:47:04,902 - INFO - Processing Ichimoku%20Kijun%20Alert_01_standard.set
2025-04-25 01:47:04,903 - INFO - Processing Ichimoku%20Kijun%20Alert_01_standard.set
2025-04-25 01:47:04,904 - WARNING - Error processing group role_system: 'list' object has no attribute 'items'
2025-04-25 01:47:04,904 - ERROR - Error processing C:\Users\nikol\AppData\Roaming\MetaQuotes\Terminal\4B1CE69F577705455263BD980C39A82C\MQL5\Profiles\Tester\Ichimoku%20Kijun%20Alert_01_standard.set: dictionary update sequence element #0 has length 3; 2 is required
2025-04-25 01:47:04,904 - INFO - Processing Ichimoku%20Tenkan%20Alert_01_standard.set
2025-04-25 01:47:04,905 - INFO - Processing Ichimoku%20Tenkan%20Alert_01_standard.set
2025-04-25 01:47:04,905 - WARNING - Error processing group role_system: 'list' object has no attribute 'items'
2025-04-25 01:47:04,906 - ERROR - Error processing C:\Users\nikol\AppData\Roaming\MetaQuotes\Terminal\4B1CE69F577705455263BD980C39A82C\MQL5\Profiles\Tester\Ichimoku%20Tenkan%20Alert_01_standard.set: dictionary update sequence element #0 has length 3; 2 is required
2025-04-25 01:47:04,906 - INFO - Processing IchimokuMTF_EA_v1.00_01_standard.set
2025-04-25 01:47:04,907 - INFO - Processing IchimokuMTF_EA_v1.00_01_standard.set
2025-04-25 01:47:04,908 - ERROR - Error processing C:\Users\nikol\AppData\Roaming\MetaQuotes\Terminal\4B1CE69F577705455263BD980C39A82C\MQL5\Profiles\Tester\IchimokuMTF_EA_v1.00_01_standard.set: type object 'ParameterRole' has no attribute 'POSITIONING'
2025-04-25 01:47:04,908 - INFO - Processing Ichimoku_01_standard.set
2025-04-25 01:47:04,908 - INFO - Processing Ichimoku_01_standard.set
2025-04-25 01:47:04,909 - WARNING - Error processing group role_system: 'list' object has no attribute 'items'
2025-04-25 01:47:04,909 - ERROR - Error processing C:\Users\nikol\AppData\Roaming\MetaQuotes\Terminal\4B1CE69F577705455263BD980C39A82C\MQL5\Profiles\Tester\Ichimoku_01_standard.set: dictionary update sequence element #0 has length 10; 2 is required
2025-04-25 01:47:04,910 - INFO - Processing Ichimoku_Dashboard_MT5_01_standard.set
2025-04-25 01:47:04,910 - INFO - Processing Ichimoku_Dashboard_MT5_01_standard.set
2025-04-25 01:47:04,911 - WARNING - Error processing group role_system: 'list' object has no attribute 'items'
2025-04-25 01:47:04,911 - ERROR - Error processing C:\Users\nikol\AppData\Roaming\MetaQuotes\Terminal\4B1CE69F577705455263BD980C39A82C\MQL5\Profiles\Tester\Ichimoku_Dashboard_MT5_01_standard.set: dictionary update sequence element #0 has length 8; 2 is required
2025-04-25 01:47:04,912 - INFO - Processing Ichimoku_Scanner_01_standard.set
2025-04-25 01:47:04,912 - INFO - Processing Ichimoku_Scanner_01_standard.set
2025-04-25 01:47:04,913 - WARNING - Error processing group role_system: 'list' object has no attribute 'items'
2025-04-25 01:47:04,913 - ERROR - Error processing C:\Users\nikol\AppData\Roaming\MetaQuotes\Terminal\4B1CE69F577705455263BD980C39A82C\MQL5\Profiles\Tester\Ichimoku_Scanner_01_standard.set: dictionary update sequence element #0 has length 8; 2 is required
2025-04-25 01:47:04,914 - INFO - Processing Ichimoku_Scanner_MT5_01_standard.set
2025-04-25 01:47:04,914 - INFO - Processing Ichimoku_Scanner_MT5_01_standard.set
2025-04-25 01:47:04,915 - WARNING - Error processing group role_system: 'list' object has no attribute 'items'
2025-04-25 01:47:04,915 - ERROR - Error processing C:\Users\nikol\AppData\Roaming\MetaQuotes\Terminal\4B1CE69F577705455263BD980C39A82C\MQL5\Profiles\Tester\Ichimoku_Scanner_MT5_01_standard.set: dictionary update sequence element #0 has length 8; 2 is required
2025-04-25 01:47:04,916 - INFO - Processing Ichimoku_Signals_and_Alert_01_standard.set
2025-04-25 01:47:04,916 - INFO - Processing Ichimoku_Signals_and_Alert_01_standard.set
2025-04-25 01:47:04,917 - ERROR - Error processing C:\Users\nikol\AppData\Roaming\MetaQuotes\Terminal\4B1CE69F577705455263BD980C39A82C\MQL5\Profiles\Tester\Ichimoku_Signals_and_Alert_01_standard.set: type object 'ParameterRole' has no attribute 'POSITIONING'
2025-04-25 01:47:04,917 - INFO - Processing ICH_With_Alert_Derekers_01_standard.set
2025-04-25 01:47:04,917 - INFO - Processing ICH_With_Alert_Derekers_01_standard.set
2025-04-25 01:47:04,918 - WARNING - Error processing group role_technical: 'list' object has no attribute 'items'
2025-04-25 01:47:04,918 - ERROR - Error processing C:\Users\nikol\AppData\Roaming\MetaQuotes\Terminal\4B1CE69F577705455263BD980C39A82C\MQL5\Profiles\Tester\ICH_With_Alert_Derekers_01_standard.set: dictionary update sequence element #0 has length 18; 2 is required
2025-04-25 01:47:04,919 - INFO - Processing ICH_With_Alert_Derekers_EA_01_standard.set
2025-04-25 01:47:04,919 - INFO - Processing ICH_With_Alert_Derekers_EA_01_standard.set
2025-04-25 01:47:04,920 - ERROR - Error processing C:\Users\nikol\AppData\Roaming\MetaQuotes\Terminal\4B1CE69F577705455263BD980C39A82C\MQL5\Profiles\Tester\ICH_With_Alert_Derekers_EA_01_standard.set: type object 'ParameterRole' has no attribute 'POSITIONING'
2025-04-25 01:47:04,920 - INFO - Processing Ilan iMA_01_standard.set
2025-04-25 01:47:04,921 - INFO - Processing Ilan iMA_01_standard.set
2025-04-25 01:47:04,922 - ERROR - Error processing C:\Users\nikol\AppData\Roaming\MetaQuotes\Terminal\4B1CE69F577705455263BD980C39A82C\MQL5\Profiles\Tester\Ilan iMA_01_standard.set: type object 'ParameterRole' has no attribute 'POSITIONING'
2025-04-25 01:47:04,922 - INFO - Processing Ilan1.4_01_standard.set
2025-04-25 01:47:04,922 - INFO - Processing Ilan1.4_01_standard.set
2025-04-25 01:47:04,923 - ERROR - Error processing C:\Users\nikol\AppData\Roaming\MetaQuotes\Terminal\4B1CE69F577705455263BD980C39A82C\MQL5\Profiles\Tester\Ilan1.4_01_standard.set: type object 'ParameterRole' has no attribute 'POSITIONING'
2025-04-25 01:47:04,923 - INFO - Processing iMA iStdDev_01_standard.set
2025-04-25 01:47:04,924 - INFO - Processing iMA iStdDev_01_standard.set
2025-04-25 01:47:04,924 - ERROR - Error processing C:\Users\nikol\AppData\Roaming\MetaQuotes\Terminal\4B1CE69F577705455263BD980C39A82C\MQL5\Profiles\Tester\iMA iStdDev_01_standard.set: type object 'ParameterRole' has no attribute 'POSITIONING'
2025-04-25 01:47:04,924 - INFO - Processing Indices Tester_01_standard.set
2025-04-25 01:47:04,925 - INFO - Processing Indices Tester_01_standard.set
2025-04-25 01:47:04,925 - WARNING - Error processing group role_system: 'list' object has no attribute 'items'
2025-04-25 01:47:04,926 - ERROR - Error processing C:\Users\nikol\AppData\Roaming\MetaQuotes\Terminal\4B1CE69F577705455263BD980C39A82C\MQL5\Profiles\Tester\Indices Tester_01_standard.set: dictionary update sequence element #0 has length 9; 2 is required
2025-04-25 01:47:04,926 - INFO - Processing Inka%20Edho%20EA_01_standard.set
2025-04-25 01:47:04,927 - INFO - Processing Inka%20Edho%20EA_01_standard.set
2025-04-25 01:47:04,927 - ERROR - Error processing C:\Users\nikol\AppData\Roaming\MetaQuotes\Terminal\4B1CE69F577705455263BD980C39A82C\MQL5\Profiles\Tester\Inka%20Edho%20EA_01_standard.set: type object 'ParameterRole' has no attribute 'POSITIONING'
2025-04-25 01:47:04,928 - INFO - Processing Intersection 2 iMA_01_standard.set
2025-04-25 01:47:04,928 - INFO - Processing Intersection 2 iMA_01_standard.set
2025-04-25 01:47:04,929 - ERROR - Error processing C:\Users\nikol\AppData\Roaming\MetaQuotes\Terminal\4B1CE69F577705455263BD980C39A82C\MQL5\Profiles\Tester\Intersection 2 iMA_01_standard.set: type object 'ParameterRole' has no attribute 'POSITIONING'
2025-04-25 01:47:04,929 - INFO - Processing IStochastic_Trading_01_standard.set
2025-04-25 01:47:04,930 - INFO - Processing IStochastic_Trading_01_standard.set
2025-04-25 01:47:04,930 - ERROR - Error processing C:\Users\nikol\AppData\Roaming\MetaQuotes\Terminal\4B1CE69F577705455263BD980C39A82C\MQL5\Profiles\Tester\IStochastic_Trading_01_standard.set: type object 'ParameterRole' has no attribute 'POSITIONING'
2025-04-25 01:47:04,931 - INFO - Processing Ivan_01_standard.set
2025-04-25 01:47:04,931 - INFO - Processing Ivan_01_standard.set
2025-04-25 01:47:04,931 - ERROR - Error processing C:\Users\nikol\AppData\Roaming\MetaQuotes\Terminal\4B1CE69F577705455263BD980C39A82C\MQL5\Profiles\Tester\Ivan_01_standard.set: type object 'ParameterRole' has no attribute 'POSITIONING'
2025-04-25 01:47:04,932 - INFO - Processing iVIDyA Simple_01_standard.set
2025-04-25 01:47:04,932 - INFO - Processing iVIDyA Simple_01_standard.set
2025-04-25 01:47:04,933 - ERROR - Error processing C:\Users\nikol\AppData\Roaming\MetaQuotes\Terminal\4B1CE69F577705455263BD980C39A82C\MQL5\Profiles\Tester\iVIDyA Simple_01_standard.set: type object 'ParameterRole' has no attribute 'POSITIONING'
2025-04-25 01:47:04,933 - INFO - Processing Jackpot_Strategy_EA_01_standard.set
2025-04-25 01:47:04,933 - INFO - Processing Jackpot_Strategy_EA_01_standard.set
2025-04-25 01:47:04,934 - ERROR - Error processing C:\Users\nikol\AppData\Roaming\MetaQuotes\Terminal\4B1CE69F577705455263BD980C39A82C\MQL5\Profiles\Tester\Jackpot_Strategy_EA_01_standard.set: type object 'ParameterRole' has no attribute 'POSITIONING'
2025-04-25 01:47:04,935 - INFO - Processing JackPot_Strategy_Elite_01_standard.set
2025-04-25 01:47:04,935 - INFO - Processing JackPot_Strategy_Elite_01_standard.set
2025-04-25 01:47:04,936 - WARNING - Error processing group role_system: 'list' object has no attribute 'items'
2025-04-25 01:47:04,937 - ERROR - Error processing C:\Users\nikol\AppData\Roaming\MetaQuotes\Terminal\4B1CE69F577705455263BD980C39A82C\MQL5\Profiles\Tester\JackPot_Strategy_Elite_01_standard.set: dictionary update sequence element #0 has length 3; 2 is required
2025-04-25 01:47:04,937 - INFO - Processing JK BullP AutoTrader_01_standard.set
2025-04-25 01:47:04,938 - INFO - Processing JK BullP AutoTrader_01_standard.set
2025-04-25 01:47:04,938 - ERROR - Error processing C:\Users\nikol\AppData\Roaming\MetaQuotes\Terminal\4B1CE69F577705455263BD980C39A82C\MQL5\Profiles\Tester\JK BullP AutoTrader_01_standard.set: type object 'ParameterRole' has no attribute 'POSITIONING'
2025-04-25 01:47:04,939 - INFO - Processing JS MA SAR Trades_01_standard.set
2025-04-25 01:47:04,939 - INFO - Processing JS MA SAR Trades_01_standard.set
2025-04-25 01:47:04,940 - ERROR - Error processing C:\Users\nikol\AppData\Roaming\MetaQuotes\Terminal\4B1CE69F577705455263BD980C39A82C\MQL5\Profiles\Tester\JS MA SAR Trades_01_standard.set: type object 'ParameterRole' has no attribute 'POSITIONING'
2025-04-25 01:47:04,940 - INFO - Processing JS-Chaos_01_standard.set
2025-04-25 01:47:04,940 - INFO - Processing JS-Chaos_01_standard.set
2025-04-25 01:47:04,941 - WARNING - Error processing group role_system: 'list' object has no attribute 'items'
2025-04-25 01:47:04,942 - ERROR - Error processing C:\Users\nikol\AppData\Roaming\MetaQuotes\Terminal\4B1CE69F577705455263BD980C39A82C\MQL5\Profiles\Tester\JS-Chaos_01_standard.set: dictionary update sequence element #0 has length 14; 2 is required
2025-04-25 01:47:04,942 - INFO - Processing JS-MA-Day_01_standard.set
2025-04-25 01:47:04,943 - INFO - Processing JS-MA-Day_01_standard.set
2025-04-25 01:47:04,943 - ERROR - Error processing C:\Users\nikol\AppData\Roaming\MetaQuotes\Terminal\4B1CE69F577705455263BD980C39A82C\MQL5\Profiles\Tester\JS-MA-Day_01_standard.set: type object 'ParameterRole' has no attribute 'POSITIONING'
2025-04-25 01:47:04,944 - INFO - Processing KA-Gold Bot_01_standard.set
2025-04-25 01:47:04,944 - INFO - Processing KA-Gold Bot_01_standard.set
2025-04-25 01:47:04,945 - ERROR - Error processing C:\Users\nikol\AppData\Roaming\MetaQuotes\Terminal\4B1CE69F577705455263BD980C39A82C\MQL5\Profiles\Tester\KA-Gold Bot_01_standard.set: type object 'ParameterRole' has no attribute 'POSITIONING'
2025-04-25 01:47:04,945 - INFO - Processing KueFx%20Arrows_01_standard.set
2025-04-25 01:47:04,946 - INFO - Processing KueFx%20Arrows_01_standard.set
2025-04-25 01:47:04,946 - ERROR - Error processing C:\Users\nikol\AppData\Roaming\MetaQuotes\Terminal\4B1CE69F577705455263BD980C39A82C\MQL5\Profiles\Tester\KueFx%20Arrows_01_standard.set: type object 'ParameterRole' has no attribute 'POSITIONING'
2025-04-25 01:47:04,947 - INFO - Processing KueFx%20Baseline_01_standard.set
2025-04-25 01:47:04,947 - INFO - Processing KueFx%20Baseline_01_standard.set
2025-04-25 01:47:04,947 - ERROR - Error processing C:\Users\nikol\AppData\Roaming\MetaQuotes\Terminal\4B1CE69F577705455263BD980C39A82C\MQL5\Profiles\Tester\KueFx%20Baseline_01_standard.set: type object 'ParameterRole' has no attribute 'POSITIONING'
2025-04-25 01:47:04,948 - INFO - Processing KueFxTrend%20EA_01_standard.set
2025-04-25 01:47:04,948 - INFO - Processing KueFxTrend%20EA_01_standard.set
2025-04-25 01:47:04,949 - ERROR - Error processing C:\Users\nikol\AppData\Roaming\MetaQuotes\Terminal\4B1CE69F577705455263BD980C39A82C\MQL5\Profiles\Tester\KueFxTrend%20EA_01_standard.set: type object 'ParameterRole' has no attribute 'POSITIONING'
2025-04-25 01:47:04,950 - INFO - Processing KueFxTrend_EA_01_standard.set
2025-04-25 01:47:04,950 - INFO - Processing KueFxTrend_EA_01_standard.set
2025-04-25 01:47:04,951 - ERROR - Error processing C:\Users\nikol\AppData\Roaming\MetaQuotes\Terminal\4B1CE69F577705455263BD980C39A82C\MQL5\Profiles\Tester\KueFxTrend_EA_01_standard.set: type object 'ParameterRole' has no attribute 'POSITIONING'
2025-04-25 01:47:04,951 - INFO - Processing KueFx_Arrows%20EA_01_standard.set
2025-04-25 01:47:04,952 - INFO - Processing KueFx_Arrows%20EA_01_standard.set
2025-04-25 01:47:04,953 - ERROR - Error processing C:\Users\nikol\AppData\Roaming\MetaQuotes\Terminal\4B1CE69F577705455263BD980C39A82C\MQL5\Profiles\Tester\KueFx_Arrows%20EA_01_standard.set: type object 'ParameterRole' has no attribute 'POSITIONING'
2025-04-25 01:47:04,953 - INFO - Processing KueFx_Arrows_01_standard.set
2025-04-25 01:47:04,953 - INFO - Processing KueFx_Arrows_01_standard.set
2025-04-25 01:47:04,954 - ERROR - Error processing C:\Users\nikol\AppData\Roaming\MetaQuotes\Terminal\4B1CE69F577705455263BD980C39A82C\MQL5\Profiles\Tester\KueFx_Arrows_01_standard.set: type object 'ParameterRole' has no attribute 'POSITIONING'
2025-04-25 01:47:04,954 - INFO - Processing KueFx_Arrows_EA_v1.00_01_standard.set
2025-04-25 01:47:04,955 - INFO - Processing KueFx_Arrows_EA_v1.00_01_standard.set
2025-04-25 01:47:04,956 - ERROR - Error processing C:\Users\nikol\AppData\Roaming\MetaQuotes\Terminal\4B1CE69F577705455263BD980C39A82C\MQL5\Profiles\Tester\KueFx_Arrows_EA_v1.00_01_standard.set: type object 'ParameterRole' has no attribute 'POSITIONING'
2025-04-25 01:47:04,956 - INFO - Processing KueFx_Arrows_EA_v1.10_01_standard.set
2025-04-25 01:47:04,956 - INFO - Processing KueFx_Arrows_EA_v1.10_01_standard.set
2025-04-25 01:47:04,957 - ERROR - Error processing C:\Users\nikol\AppData\Roaming\MetaQuotes\Terminal\4B1CE69F577705455263BD980C39A82C\MQL5\Profiles\Tester\KueFx_Arrows_EA_v1.10_01_standard.set: type object 'ParameterRole' has no attribute 'POSITIONING'
2025-04-25 01:47:04,958 - INFO - Processing KueFx_Baseline_EA_v1.00_01_standard.set
2025-04-25 01:47:04,958 - INFO - Processing KueFx_Baseline_EA_v1.00_01_standard.set
2025-04-25 01:47:04,959 - ERROR - Error processing C:\Users\nikol\AppData\Roaming\MetaQuotes\Terminal\4B1CE69F577705455263BD980C39A82C\MQL5\Profiles\Tester\KueFx_Baseline_EA_v1.00_01_standard.set: type object 'ParameterRole' has no attribute 'POSITIONING'
2025-04-25 01:47:04,959 - INFO - Processing KueFx_Baseline_EA_v1.10_01_standard.set
2025-04-25 01:47:04,959 - INFO - Processing KueFx_Baseline_EA_v1.10_01_standard.set
2025-04-25 01:47:04,960 - ERROR - Error processing C:\Users\nikol\AppData\Roaming\MetaQuotes\Terminal\4B1CE69F577705455263BD980C39A82C\MQL5\Profiles\Tester\KueFx_Baseline_EA_v1.10_01_standard.set: type object 'ParameterRole' has no attribute 'POSITIONING'
2025-04-25 01:47:04,960 - INFO - Processing KueFx_Baseline_v1.10_01_standard.set
2025-04-25 01:47:04,961 - INFO - Processing KueFx_Baseline_v1.10_01_standard.set
2025-04-25 01:47:04,961 - ERROR - Error processing C:\Users\nikol\AppData\Roaming\MetaQuotes\Terminal\4B1CE69F577705455263BD980C39A82C\MQL5\Profiles\Tester\KueFx_Baseline_v1.10_01_standard.set: type object 'ParameterRole' has no attribute 'POSITIONING'
2025-04-25 01:47:04,962 - INFO - Processing KueFx_Clean_2025_EA_01_standard.set
2025-04-25 01:47:04,962 - INFO - Processing KueFx_Clean_2025_EA_01_standard.set
2025-04-25 01:47:04,963 - ERROR - Error processing C:\Users\nikol\AppData\Roaming\MetaQuotes\Terminal\4B1CE69F577705455263BD980C39A82C\MQL5\Profiles\Tester\KueFx_Clean_2025_EA_01_standard.set: type object 'ParameterRole' has no attribute 'POSITIONING'
2025-04-25 01:47:04,963 - INFO - Processing KueFx_Extreme_EA_01_standard.set
2025-04-25 01:47:04,964 - INFO - Processing KueFx_Extreme_EA_01_standard.set
2025-04-25 01:47:04,965 - ERROR - Error processing C:\Users\nikol\AppData\Roaming\MetaQuotes\Terminal\4B1CE69F577705455263BD980C39A82C\MQL5\Profiles\Tester\KueFx_Extreme_EA_01_standard.set: type object 'ParameterRole' has no attribute 'POSITIONING'
2025-04-25 01:47:04,965 - INFO - Processing KueFx_Harare_EA_01_standard.set
2025-04-25 01:47:04,965 - INFO - Processing KueFx_Harare_EA_01_standard.set
2025-04-25 01:47:04,966 - ERROR - Error processing C:\Users\nikol\AppData\Roaming\MetaQuotes\Terminal\4B1CE69F577705455263BD980C39A82C\MQL5\Profiles\Tester\KueFx_Harare_EA_01_standard.set: type object 'ParameterRole' has no attribute 'POSITIONING'
2025-04-25 01:47:04,966 - INFO - Processing KueFX_Money_Management_01_standard.set
2025-04-25 01:47:04,967 - INFO - Processing KueFX_Money_Management_01_standard.set
2025-04-25 01:47:04,967 - ERROR - Error processing C:\Users\nikol\AppData\Roaming\MetaQuotes\Terminal\4B1CE69F577705455263BD980C39A82C\MQL5\Profiles\Tester\KueFX_Money_Management_01_standard.set: type object 'ParameterRole' has no attribute 'POSITIONING'
2025-04-25 01:47:04,968 - INFO - Processing KueFx_Motor_EA_v1.00_01_standard.set
2025-04-25 01:47:04,968 - INFO - Processing KueFx_Motor_EA_v1.00_01_standard.set
2025-04-25 01:47:04,969 - ERROR - Error processing C:\Users\nikol\AppData\Roaming\MetaQuotes\Terminal\4B1CE69F577705455263BD980C39A82C\MQL5\Profiles\Tester\KueFx_Motor_EA_v1.00_01_standard.set: type object 'ParameterRole' has no attribute 'POSITIONING'
2025-04-25 01:47:04,970 - INFO - Processing KueFx_Motor_v1.00_01_standard.set
2025-04-25 01:47:04,970 - INFO - Processing KueFx_Motor_v1.00_01_standard.set
2025-04-25 01:47:04,971 - WARNING - Error processing group role_system: 'list' object has no attribute 'items'
2025-04-25 01:47:04,971 - ERROR - Error processing C:\Users\nikol\AppData\Roaming\MetaQuotes\Terminal\4B1CE69F577705455263BD980C39A82C\MQL5\Profiles\Tester\KueFx_Motor_v1.00_01_standard.set: dictionary update sequence element #0 has length 7; 2 is required
2025-04-25 01:47:04,971 - INFO - Processing KueFx_Trend_01_standard.set
2025-04-25 01:47:04,972 - INFO - Processing KueFx_Trend_01_standard.set
2025-04-25 01:47:04,972 - ERROR - Error processing C:\Users\nikol\AppData\Roaming\MetaQuotes\Terminal\4B1CE69F577705455263BD980C39A82C\MQL5\Profiles\Tester\KueFx_Trend_01_standard.set: type object 'ParameterRole' has no attribute 'POSITIONING'
2025-04-25 01:47:04,973 - INFO - Processing Kue_Electric_EA_01_standard.set
2025-04-25 01:47:04,973 - INFO - Processing Kue_Electric_EA_01_standard.set
2025-04-25 01:47:04,974 - ERROR - Error processing C:\Users\nikol\AppData\Roaming\MetaQuotes\Terminal\4B1CE69F577705455263BD980C39A82C\MQL5\Profiles\Tester\Kue_Electric_EA_01_standard.set: type object 'ParameterRole' has no attribute 'POSITIONING'
2025-04-25 01:47:04,974 - INFO - Processing LarryConnersRSI2_01_standard.set
2025-04-25 01:47:04,974 - INFO - Processing LarryConnersRSI2_01_standard.set
2025-04-25 01:47:04,975 - ERROR - Error processing C:\Users\nikol\AppData\Roaming\MetaQuotes\Terminal\4B1CE69F577705455263BD980C39A82C\MQL5\Profiles\Tester\LarryConnersRSI2_01_standard.set: type object 'ParameterRole' has no attribute 'POSITIONING'
2025-04-25 01:47:04,975 - INFO - Processing Last ZZ50_01_standard.set
2025-04-25 01:47:04,976 - INFO - Processing Last ZZ50_01_standard.set
2025-04-25 01:47:04,977 - ERROR - Error processing C:\Users\nikol\AppData\Roaming\MetaQuotes\Terminal\4B1CE69F577705455263BD980C39A82C\MQL5\Profiles\Tester\Last ZZ50_01_standard.set: type object 'ParameterRole' has no attribute 'POSITIONING'
2025-04-25 01:47:04,977 - INFO - Processing Lavika100_01_standard.set
2025-04-25 01:47:04,977 - INFO - Processing Lavika100_01_standard.set
2025-04-25 01:47:04,978 - ERROR - Error processing C:\Users\nikol\AppData\Roaming\MetaQuotes\Terminal\4B1CE69F577705455263BD980C39A82C\MQL5\Profiles\Tester\Lavika100_01_standard.set: type object 'ParameterRole' has no attribute 'POSITIONING'
2025-04-25 01:47:04,978 - INFO - Processing LazyBot MT5_V1_01_standard.set
2025-04-25 01:47:04,979 - INFO - Processing LazyBot MT5_V1_01_standard.set
2025-04-25 01:47:04,979 - ERROR - Error processing C:\Users\nikol\AppData\Roaming\MetaQuotes\Terminal\4B1CE69F577705455263BD980C39A82C\MQL5\Profiles\Tester\LazyBot MT5_V1_01_standard.set: type object 'ParameterRole' has no attribute 'POSITIONING'
2025-04-25 01:47:04,980 - INFO - Processing LBS_01_standard.set
2025-04-25 01:47:04,980 - INFO - Processing LBS_01_standard.set
2025-04-25 01:47:04,980 - ERROR - Error processing C:\Users\nikol\AppData\Roaming\MetaQuotes\Terminal\4B1CE69F577705455263BD980C39A82C\MQL5\Profiles\Tester\LBS_01_standard.set: type object 'ParameterRole' has no attribute 'POSITIONING'
2025-04-25 01:47:04,981 - INFO - Processing Lego EA_01_standard.set
2025-04-25 01:47:04,981 - INFO - Processing Lego EA_01_standard.set
2025-04-25 01:47:04,982 - ERROR - Error processing C:\Users\nikol\AppData\Roaming\MetaQuotes\Terminal\4B1CE69F577705455263BD980C39A82C\MQL5\Profiles\Tester\Lego EA_01_standard.set: type object 'ParameterRole' has no attribute 'POSITIONING'
2025-04-25 01:47:04,982 - INFO - Processing Lesson 3_ Price Action_01_standard.set
2025-04-25 01:47:04,983 - INFO - Processing Lesson 3_ Price Action_01_standard.set
2025-04-25 01:47:04,983 - ERROR - Error processing C:\Users\nikol\AppData\Roaming\MetaQuotes\Terminal\4B1CE69F577705455263BD980C39A82C\MQL5\Profiles\Tester\Lesson 3_ Price Action_01_standard.set: type object 'ParameterRole' has no attribute 'POSITIONING'
2025-04-25 01:47:04,984 - INFO - Processing Lesson 4_ Price Action & MA Filter_01_standard.set
2025-04-25 01:47:04,984 - INFO - Processing Lesson 4_ Price Action & MA Filter_01_standard.set
2025-04-25 01:47:04,985 - ERROR - Error processing C:\Users\nikol\AppData\Roaming\MetaQuotes\Terminal\4B1CE69F577705455263BD980C39A82C\MQL5\Profiles\Tester\Lesson 4_ Price Action & MA Filter_01_standard.set: type object 'ParameterRole' has no attribute 'POSITIONING'
2025-04-25 01:47:04,985 - INFO - Processing Lesson 6 Trailling ATR_01_standard.set
2025-04-25 01:47:04,986 - INFO - Processing Lesson 6 Trailling ATR_01_standard.set
2025-04-25 01:47:04,986 - ERROR - Error processing C:\Users\nikol\AppData\Roaming\MetaQuotes\Terminal\4B1CE69F577705455263BD980C39A82C\MQL5\Profiles\Tester\Lesson 6 Trailling ATR_01_standard.set: type object 'ParameterRole' has no attribute 'POSITIONING'
2025-04-25 01:47:04,986 - INFO - Processing Lesson 7 Price action Ket hop Volume VSA_01_standard.set
2025-04-25 01:47:04,987 - INFO - Processing Lesson 7 Price action Ket hop Volume VSA_01_standard.set
2025-04-25 01:47:04,987 - ERROR - Error processing C:\Users\nikol\AppData\Roaming\MetaQuotes\Terminal\4B1CE69F577705455263BD980C39A82C\MQL5\Profiles\Tester\Lesson 7 Price action Ket hop Volume VSA_01_standard.set: type object 'ParameterRole' has no attribute 'POSITIONING'
2025-04-25 01:47:04,988 - INFO - Processing Little EA_01_standard.set
2025-04-25 01:47:04,988 - INFO - Processing Little EA_01_standard.set
2025-04-25 01:47:04,989 - ERROR - Error processing C:\Users\nikol\AppData\Roaming\MetaQuotes\Terminal\4B1CE69F577705455263BD980C39A82C\MQL5\Profiles\Tester\Little EA_01_standard.set: type object 'ParameterRole' has no attribute 'POSITIONING'
2025-04-25 01:47:04,989 - INFO - Processing Locker_01_standard.set
2025-04-25 01:47:04,989 - INFO - Processing Locker_01_standard.set
2025-04-25 01:47:04,990 - ERROR - Error processing C:\Users\nikol\AppData\Roaming\MetaQuotes\Terminal\4B1CE69F577705455263BD980C39A82C\MQL5\Profiles\Tester\Locker_01_standard.set: type object 'ParameterRole' has no attribute 'POSITIONING'
2025-04-25 01:47:04,990 - INFO - Processing Lock_01_standard.set
2025-04-25 01:47:04,991 - INFO - Processing Lock_01_standard.set
2025-04-25 01:47:04,991 - ERROR - Error processing C:\Users\nikol\AppData\Roaming\MetaQuotes\Terminal\4B1CE69F577705455263BD980C39A82C\MQL5\Profiles\Tester\Lock_01_standard.set: type object 'ParameterRole' has no attribute 'POSITIONING'
2025-04-25 01:47:04,992 - INFO - Processing Lucky_01_standard.set
2025-04-25 01:47:04,992 - INFO - Processing Lucky_01_standard.set
2025-04-25 01:47:04,993 - WARNING - Error processing group role_technical: 'list' object has no attribute 'items'
2025-04-25 01:47:04,993 - ERROR - Error processing C:\Users\nikol\AppData\Roaming\MetaQuotes\Terminal\4B1CE69F577705455263BD980C39A82C\MQL5\Profiles\Tester\Lucky_01_standard.set: dictionary update sequence element #0 has length 9; 2 is required
2025-04-25 01:47:04,993 - INFO - Processing MA Cross_01_standard.set
2025-04-25 01:47:04,994 - INFO - Processing MA Cross_01_standard.set
2025-04-25 01:47:04,994 - ERROR - Error processing C:\Users\nikol\AppData\Roaming\MetaQuotes\Terminal\4B1CE69F577705455263BD980C39A82C\MQL5\Profiles\Tester\MA Cross_01_standard.set: type object 'ParameterRole' has no attribute 'POSITIONING'
2025-04-25 01:47:04,994 - INFO - Processing MA Envelopes_01_standard.set
2025-04-25 01:47:04,995 - INFO - Processing MA Envelopes_01_standard.set
2025-04-25 01:47:04,995 - ERROR - Error processing C:\Users\nikol\AppData\Roaming\MetaQuotes\Terminal\4B1CE69F577705455263BD980C39A82C\MQL5\Profiles\Tester\MA Envelopes_01_standard.set: type object 'ParameterRole' has no attribute 'POSITIONING'
2025-04-25 01:47:04,996 - INFO - Processing MA MACD Position averaging v2_01_standard.set
2025-04-25 01:47:04,997 - INFO - Processing MA MACD Position averaging v2_01_standard.set
2025-04-25 01:47:04,997 - ERROR - Error processing C:\Users\nikol\AppData\Roaming\MetaQuotes\Terminal\4B1CE69F577705455263BD980C39A82C\MQL5\Profiles\Tester\MA MACD Position averaging v2_01_standard.set: type object 'ParameterRole' has no attribute 'POSITIONING'
2025-04-25 01:47:04,998 - INFO - Processing MA MACD Position averaging_01_standard.set
2025-04-25 01:47:04,998 - INFO - Processing MA MACD Position averaging_01_standard.set
2025-04-25 01:47:04,999 - ERROR - Error processing C:\Users\nikol\AppData\Roaming\MetaQuotes\Terminal\4B1CE69F577705455263BD980C39A82C\MQL5\Profiles\Tester\MA MACD Position averaging_01_standard.set: type object 'ParameterRole' has no attribute 'POSITIONING'
2025-04-25 01:47:04,999 - INFO - Processing MA Trend_01_standard.set
2025-04-25 01:47:04,999 - INFO - Processing MA Trend_01_standard.set
2025-04-25 01:47:05,000 - ERROR - Error processing C:\Users\nikol\AppData\Roaming\MetaQuotes\Terminal\4B1CE69F577705455263BD980C39A82C\MQL5\Profiles\Tester\MA Trend_01_standard.set: type object 'ParameterRole' has no attribute 'POSITIONING'
2025-04-25 01:47:05,000 - INFO - Processing MA%20Alert_01_standard.set
2025-04-25 01:47:05,001 - INFO - Processing MA%20Alert_01_standard.set
2025-04-25 01:47:05,001 - WARNING - Error processing group role_technical: 'list' object has no attribute 'items'
2025-04-25 01:47:05,002 - ERROR - Error processing C:\Users\nikol\AppData\Roaming\MetaQuotes\Terminal\4B1CE69F577705455263BD980C39A82C\MQL5\Profiles\Tester\MA%20Alert_01_standard.set: dictionary update sequence element #0 has length 10; 2 is required
2025-04-25 01:47:05,002 - INFO - Processing MA%20AO%20Arrow_01_standard.set
2025-04-25 01:47:05,002 - INFO - Processing MA%20AO%20Arrow_01_standard.set
2025-04-25 01:47:05,003 - ERROR - Error processing C:\Users\nikol\AppData\Roaming\MetaQuotes\Terminal\4B1CE69F577705455263BD980C39A82C\MQL5\Profiles\Tester\MA%20AO%20Arrow_01_standard.set: type object 'ParameterRole' has no attribute 'POSITIONING'
2025-04-25 01:47:05,003 - INFO - Processing MA2CCI_01_standard.set
2025-04-25 01:47:05,003 - INFO - Processing MA2CCI_01_standard.set
2025-04-25 01:47:05,004 - ERROR - Error processing C:\Users\nikol\AppData\Roaming\MetaQuotes\Terminal\4B1CE69F577705455263BD980C39A82C\MQL5\Profiles\Tester\MA2CCI_01_standard.set: type object 'ParameterRole' has no attribute 'POSITIONING'
2025-04-25 01:47:05,005 - INFO - Processing MACD and SAR_01_standard.set
2025-04-25 01:47:05,005 - INFO - Processing MACD and SAR_01_standard.set
2025-04-25 01:47:05,006 - ERROR - Error processing C:\Users\nikol\AppData\Roaming\MetaQuotes\Terminal\4B1CE69F577705455263BD980C39A82C\MQL5\Profiles\Tester\MACD and SAR_01_standard.set: type object 'ParameterRole' has no attribute 'POSITIONING'
2025-04-25 01:47:05,006 - INFO - Processing MACD Cleaner_01_standard.set
2025-04-25 01:47:05,006 - INFO - Processing MACD Cleaner_01_standard.set
2025-04-25 01:47:05,007 - ERROR - Error processing C:\Users\nikol\AppData\Roaming\MetaQuotes\Terminal\4B1CE69F577705455263BD980C39A82C\MQL5\Profiles\Tester\MACD Cleaner_01_standard.set: type object 'ParameterRole' has no attribute 'POSITIONING'
2025-04-25 01:47:05,007 - INFO - Processing MACD No Sample_01_standard.set
2025-04-25 01:47:05,008 - INFO - Processing MACD No Sample_01_standard.set
2025-04-25 01:47:05,008 - ERROR - Error processing C:\Users\nikol\AppData\Roaming\MetaQuotes\Terminal\4B1CE69F577705455263BD980C39A82C\MQL5\Profiles\Tester\MACD No Sample_01_standard.set: type object 'ParameterRole' has no attribute 'POSITIONING'
2025-04-25 01:47:05,008 - INFO - Processing MACD signal_01_standard.set
2025-04-25 01:47:05,009 - INFO - Processing MACD signal_01_standard.set
2025-04-25 01:47:05,009 - ERROR - Error processing C:\Users\nikol\AppData\Roaming\MetaQuotes\Terminal\4B1CE69F577705455263BD980C39A82C\MQL5\Profiles\Tester\MACD signal_01_standard.set: type object 'ParameterRole' has no attribute 'POSITIONING'
2025-04-25 01:47:05,010 - INFO - Processing MACD Stochastic 2_01_standard.set
2025-04-25 01:47:05,010 - INFO - Processing MACD Stochastic 2_01_standard.set
2025-04-25 01:47:05,011 - ERROR - Error processing C:\Users\nikol\AppData\Roaming\MetaQuotes\Terminal\4B1CE69F577705455263BD980C39A82C\MQL5\Profiles\Tester\MACD Stochastic 2_01_standard.set: type object 'ParameterRole' has no attribute 'POSITIONING'
2025-04-25 01:47:05,012 - INFO - Processing MACD Stochastic_01_standard.set
2025-04-25 01:47:05,012 - INFO - Processing MACD Stochastic_01_standard.set
2025-04-25 01:47:05,013 - ERROR - Error processing C:\Users\nikol\AppData\Roaming\MetaQuotes\Terminal\4B1CE69F577705455263BD980C39A82C\MQL5\Profiles\Tester\MACD Stochastic_01_standard.set: type object 'ParameterRole' has no attribute 'POSITIONING'
2025-04-25 01:47:05,013 - INFO - Processing MACDCCI_01_standard.set
2025-04-25 01:47:05,014 - INFO - Processing MACDCCI_01_standard.set
2025-04-25 01:47:05,014 - ERROR - Error processing C:\Users\nikol\AppData\Roaming\MetaQuotes\Terminal\4B1CE69F577705455263BD980C39A82C\MQL5\Profiles\Tester\MACDCCI_01_standard.set: type object 'ParameterRole' has no attribute 'POSITIONING'
2025-04-25 01:47:05,014 - INFO - Processing MacdPatternTraderAll0.01_01_standard.set
2025-04-25 01:47:05,015 - INFO - Processing MacdPatternTraderAll0.01_01_standard.set
2025-04-25 01:47:05,016 - ERROR - Error processing C:\Users\nikol\AppData\Roaming\MetaQuotes\Terminal\4B1CE69F577705455263BD980C39A82C\MQL5\Profiles\Tester\MacdPatternTraderAll0.01_01_standard.set: type object 'ParameterRole' has no attribute 'POSITIONING'
2025-04-25 01:47:05,016 - INFO - Processing MacdPatternTraderAll_01_standard.set
2025-04-25 01:47:05,016 - INFO - Processing MacdPatternTraderAll_01_standard.set
2025-04-25 01:47:05,017 - ERROR - Error processing C:\Users\nikol\AppData\Roaming\MetaQuotes\Terminal\4B1CE69F577705455263BD980C39A82C\MQL5\Profiles\Tester\MacdPatternTraderAll_01_standard.set: type object 'ParameterRole' has no attribute 'POSITIONING'
2025-04-25 01:47:05,018 - INFO - Processing MACD_01_standard.set
2025-04-25 01:47:05,018 - INFO - Processing MACD_01_standard.set
2025-04-25 01:47:05,019 - ERROR - Error processing C:\Users\nikol\AppData\Roaming\MetaQuotes\Terminal\4B1CE69F577705455263BD980C39A82C\MQL5\Profiles\Tester\MACD_01_standard.set: type object 'ParameterRole' has no attribute 'POSITIONING'
2025-04-25 01:47:05,019 - INFO - Processing MACD_EA_H4_01_standard.set
2025-04-25 01:47:05,020 - INFO - Processing MACD_EA_H4_01_standard.set
2025-04-25 01:47:05,020 - ERROR - Error processing C:\Users\nikol\AppData\Roaming\MetaQuotes\Terminal\4B1CE69F577705455263BD980C39A82C\MQL5\Profiles\Tester\MACD_EA_H4_01_standard.set: type object 'ParameterRole' has no attribute 'POSITIONING'
2025-04-25 01:47:05,021 - INFO - Processing MAGrid_01_standard.set
2025-04-25 01:47:05,021 - INFO - Processing MAGrid_01_standard.set
2025-04-25 01:47:05,022 - WARNING - Error processing group role_system: 'list' object has no attribute 'items'
2025-04-25 01:47:05,022 - ERROR - Error processing C:\Users\nikol\AppData\Roaming\MetaQuotes\Terminal\4B1CE69F577705455263BD980C39A82C\MQL5\Profiles\Tester\MAGrid_01_standard.set: dictionary update sequence element #0 has length 6; 2 is required
2025-04-25 01:47:05,023 - INFO - Processing MAMACD_01_standard.set
2025-04-25 01:47:05,023 - INFO - Processing MAMACD_01_standard.set
2025-04-25 01:47:05,023 - ERROR - Error processing C:\Users\nikol\AppData\Roaming\MetaQuotes\Terminal\4B1CE69F577705455263BD980C39A82C\MQL5\Profiles\Tester\MAMACD_01_standard.set: type object 'ParameterRole' has no attribute 'POSITIONING'
2025-04-25 01:47:05,024 - INFO - Processing Mariner_MT5_01_standard.set
2025-04-25 01:47:05,024 - INFO - Processing Mariner_MT5_01_standard.set
2025-04-25 01:47:05,025 - ERROR - Error processing C:\Users\nikol\AppData\Roaming\MetaQuotes\Terminal\4B1CE69F577705455263BD980C39A82C\MQL5\Profiles\Tester\Mariner_MT5_01_standard.set: type object 'ParameterRole' has no attribute 'POSITIONING'
2025-04-25 01:47:05,025 - INFO - Processing Market Capture_01_standard.set
2025-04-25 01:47:05,026 - INFO - Processing Market Capture_01_standard.set
2025-04-25 01:47:05,027 - ERROR - Error processing C:\Users\nikol\AppData\Roaming\MetaQuotes\Terminal\4B1CE69F577705455263BD980C39A82C\MQL5\Profiles\Tester\Market Capture_01_standard.set: type object 'ParameterRole' has no attribute 'POSITIONING'
2025-04-25 01:47:05,027 - INFO - Processing Martin 1_01_standard.set
2025-04-25 01:47:05,027 - INFO - Processing Martin 1_01_standard.set
2025-04-25 01:47:05,028 - ERROR - Error processing C:\Users\nikol\AppData\Roaming\MetaQuotes\Terminal\4B1CE69F577705455263BD980C39A82C\MQL5\Profiles\Tester\Martin 1_01_standard.set: type object 'ParameterRole' has no attribute 'POSITIONING'
2025-04-25 01:47:05,028 - INFO - Processing Martin for small deposits_01_standard.set
2025-04-25 01:47:05,029 - INFO - Processing Martin for small deposits_01_standard.set
2025-04-25 01:47:05,029 - ERROR - Error processing C:\Users\nikol\AppData\Roaming\MetaQuotes\Terminal\4B1CE69F577705455263BD980C39A82C\MQL5\Profiles\Tester\Martin for small deposits_01_standard.set: type object 'ParameterRole' has no attribute 'POSITIONING'
2025-04-25 01:47:05,030 - INFO - Processing MartingailExpert_01_standard.set
2025-04-25 01:47:05,030 - INFO - Processing MartingailExpert_01_standard.set
2025-04-25 01:47:05,030 - ERROR - Error processing C:\Users\nikol\AppData\Roaming\MetaQuotes\Terminal\4B1CE69F577705455263BD980C39A82C\MQL5\Profiles\Tester\MartingailExpert_01_standard.set: type object 'ParameterRole' has no attribute 'POSITIONING'
2025-04-25 01:47:05,031 - INFO - Processing MartinGaleBreakout_01_standard.set
2025-04-25 01:47:05,031 - INFO - Processing MartinGaleBreakout_01_standard.set
2025-04-25 01:47:05,032 - ERROR - Error processing C:\Users\nikol\AppData\Roaming\MetaQuotes\Terminal\4B1CE69F577705455263BD980C39A82C\MQL5\Profiles\Tester\MartinGaleBreakout_01_standard.set: type object 'ParameterRole' has no attribute 'POSITIONING'
2025-04-25 01:47:05,033 - INFO - Processing Martin_01_standard.set
2025-04-25 01:47:05,033 - INFO - Processing Martin_01_standard.set
2025-04-25 01:47:05,033 - ERROR - Error processing C:\Users\nikol\AppData\Roaming\MetaQuotes\Terminal\4B1CE69F577705455263BD980C39A82C\MQL5\Profiles\Tester\Martin_01_standard.set: type object 'ParameterRole' has no attribute 'POSITIONING'
2025-04-25 01:47:05,034 - INFO - Processing Marubozu_01_standard.set
2025-04-25 01:47:05,034 - INFO - Processing Marubozu_01_standard.set
2025-04-25 01:47:05,035 - WARNING - Error processing group role_system: 'list' object has no attribute 'items'
2025-04-25 01:47:05,035 - ERROR - Error processing C:\Users\nikol\AppData\Roaming\MetaQuotes\Terminal\4B1CE69F577705455263BD980C39A82C\MQL5\Profiles\Tester\Marubozu_01_standard.set: dictionary update sequence element #0 has length 10; 2 is required
2025-04-25 01:47:05,035 - INFO - Processing Marubozu_EA_v1.00_01_standard.set
2025-04-25 01:47:05,036 - INFO - Processing Marubozu_EA_v1.00_01_standard.set
2025-04-25 01:47:05,036 - ERROR - Error processing C:\Users\nikol\AppData\Roaming\MetaQuotes\Terminal\4B1CE69F577705455263BD980C39A82C\MQL5\Profiles\Tester\Marubozu_EA_v1.00_01_standard.set: type object 'ParameterRole' has no attribute 'POSITIONING'
2025-04-25 01:47:05,037 - INFO - Processing Marubozu_EA_v1.10_01_standard.set
2025-04-25 01:47:05,037 - INFO - Processing Marubozu_EA_v1.10_01_standard.set
2025-04-25 01:47:05,037 - ERROR - Error processing C:\Users\nikol\AppData\Roaming\MetaQuotes\Terminal\4B1CE69F577705455263BD980C39A82C\MQL5\Profiles\Tester\Marubozu_EA_v1.10_01_standard.set: type object 'ParameterRole' has no attribute 'POSITIONING'
2025-04-25 01:47:05,038 - INFO - Processing MA_AO_EA_v1.00_01_standard.set
2025-04-25 01:47:05,038 - INFO - Processing MA_AO_EA_v1.00_01_standard.set
2025-04-25 01:47:05,039 - ERROR - Error processing C:\Users\nikol\AppData\Roaming\MetaQuotes\Terminal\4B1CE69F577705455263BD980C39A82C\MQL5\Profiles\Tester\MA_AO_EA_v1.00_01_standard.set: type object 'ParameterRole' has no attribute 'POSITIONING'
2025-04-25 01:47:05,039 - INFO - Processing ma_channels_01_standard.set
2025-04-25 01:47:05,040 - INFO - Processing ma_channels_01_standard.set
2025-04-25 01:47:05,040 - WARNING - Error processing group role_system: 'list' object has no attribute 'items'
2025-04-25 01:47:05,041 - ERROR - Error processing C:\Users\nikol\AppData\Roaming\MetaQuotes\Terminal\4B1CE69F577705455263BD980C39A82C\MQL5\Profiles\Tester\ma_channels_01_standard.set: dictionary update sequence element #0 has length 10; 2 is required
2025-04-25 01:47:05,041 - INFO - Processing Ma_Crosses_MT5_01_standard.set
2025-04-25 01:47:05,041 - INFO - Processing Ma_Crosses_MT5_01_standard.set
2025-04-25 01:47:05,042 - ERROR - Error processing C:\Users\nikol\AppData\Roaming\MetaQuotes\Terminal\4B1CE69F577705455263BD980C39A82C\MQL5\Profiles\Tester\Ma_Crosses_MT5_01_standard.set: type object 'ParameterRole' has no attribute 'POSITIONING'
2025-04-25 01:47:05,042 - INFO - Processing MA_Crossover_mt5%20EA_01_standard.set
2025-04-25 01:47:05,043 - INFO - Processing MA_Crossover_mt5%20EA_01_standard.set
2025-04-25 01:47:05,043 - ERROR - Error processing C:\Users\nikol\AppData\Roaming\MetaQuotes\Terminal\4B1CE69F577705455263BD980C39A82C\MQL5\Profiles\Tester\MA_Crossover_mt5%20EA_01_standard.set: type object 'ParameterRole' has no attribute 'POSITIONING'
2025-04-25 01:47:05,044 - INFO - Processing MelBar EuSwiss 1.85_01_standard.set
2025-04-25 01:47:05,054 - INFO - Processing MelBar EuSwiss 1.85_01_standard.set
2025-04-25 01:47:05,055 - ERROR - Error processing C:\Users\nikol\AppData\Roaming\MetaQuotes\Terminal\4B1CE69F577705455263BD980C39A82C\MQL5\Profiles\Tester\MelBar EuSwiss 1.85_01_standard.set: type object 'ParameterRole' has no attribute 'POSITIONING'
2025-04-25 01:47:05,055 - INFO - Processing MelBar™Take325%™ 5.5Y NZD-USD_01_standard.set
2025-04-25 01:47:05,056 - INFO - Processing MelBar™Take325%™ 5.5Y NZD-USD_01_standard.set
2025-04-25 01:47:05,056 - ERROR - Error processing C:\Users\nikol\AppData\Roaming\MetaQuotes\Terminal\4B1CE69F577705455263BD980C39A82C\MQL5\Profiles\Tester\MelBar™Take325%™ 5.5Y NZD-USD_01_standard.set: type object 'ParameterRole' has no attribute 'POSITIONING'
2025-04-25 01:47:05,057 - INFO - Processing Mobo_Bands_01_standard.set
2025-04-25 01:47:05,059 - INFO - Processing Mobo_Bands_01_standard.set
2025-04-25 01:47:05,060 - WARNING - Error processing group role_technical: 'list' object has no attribute 'items'
2025-04-25 01:47:05,060 - ERROR - Error processing C:\Users\nikol\AppData\Roaming\MetaQuotes\Terminal\4B1CE69F577705455263BD980C39A82C\MQL5\Profiles\Tester\Mobo_Bands_01_standard.set: dictionary update sequence element #0 has length 8; 2 is required
2025-04-25 01:47:05,061 - INFO - Processing Mobo_Bands_EA_01_standard.set
2025-04-25 01:47:05,061 - INFO - Processing Mobo_Bands_EA_01_standard.set
2025-04-25 01:47:05,062 - ERROR - Error processing C:\Users\nikol\AppData\Roaming\MetaQuotes\Terminal\4B1CE69F577705455263BD980C39A82C\MQL5\Profiles\Tester\Mobo_Bands_EA_01_standard.set: type object 'ParameterRole' has no attribute 'POSITIONING'
2025-04-25 01:47:05,062 - INFO - Processing Modified Moving Averages_01_standard.set
2025-04-25 01:47:05,063 - INFO - Processing Modified Moving Averages_01_standard.set
2025-04-25 01:47:05,063 - ERROR - Error processing C:\Users\nikol\AppData\Roaming\MetaQuotes\Terminal\4B1CE69F577705455263BD980C39A82C\MQL5\Profiles\Tester\Modified Moving Averages_01_standard.set: type object 'ParameterRole' has no attribute 'POSITIONING'
2025-04-25 01:47:05,063 - INFO - Processing Momentum-M15_01_standard.set
2025-04-25 01:47:05,064 - INFO - Processing Momentum-M15_01_standard.set
2025-04-25 01:47:05,064 - ERROR - Error processing C:\Users\nikol\AppData\Roaming\MetaQuotes\Terminal\4B1CE69F577705455263BD980C39A82C\MQL5\Profiles\Tester\Momentum-M15_01_standard.set: type object 'ParameterRole' has no attribute 'POSITIONING'
2025-04-25 01:47:05,065 - INFO - Processing Momo_trades_01_standard.set
2025-04-25 01:47:05,065 - INFO - Processing Momo_trades_01_standard.set
2025-04-25 01:47:05,065 - ERROR - Error processing C:\Users\nikol\AppData\Roaming\MetaQuotes\Terminal\4B1CE69F577705455263BD980C39A82C\MQL5\Profiles\Tester\Momo_trades_01_standard.set: type object 'ParameterRole' has no attribute 'POSITIONING'
2025-04-25 01:47:05,066 - INFO - Processing Money Fixed Margin_01_standard.set
2025-04-25 01:47:05,066 - INFO - Processing Money Fixed Margin_01_standard.set
2025-04-25 01:47:05,067 - ERROR - Error processing C:\Users\nikol\AppData\Roaming\MetaQuotes\Terminal\4B1CE69F577705455263BD980C39A82C\MQL5\Profiles\Tester\Money Fixed Margin_01_standard.set: type object 'ParameterRole' has no attribute 'POSITIONING'
2025-04-25 01:47:05,067 - INFO - Processing Money Fixed Risk_01_standard.set
2025-04-25 01:47:05,068 - INFO - Processing Money Fixed Risk_01_standard.set
2025-04-25 01:47:05,068 - ERROR - Error processing C:\Users\nikol\AppData\Roaming\MetaQuotes\Terminal\4B1CE69F577705455263BD980C39A82C\MQL5\Profiles\Tester\Money Fixed Risk_01_standard.set: type object 'ParameterRole' has no attribute 'POSITIONING'
2025-04-25 01:47:05,068 - INFO - Processing MoneyRain_01_standard.set
2025-04-25 01:47:05,069 - INFO - Processing MoneyRain_01_standard.set
2025-04-25 01:47:05,069 - ERROR - Error processing C:\Users\nikol\AppData\Roaming\MetaQuotes\Terminal\4B1CE69F577705455263BD980C39A82C\MQL5\Profiles\Tester\MoneyRain_01_standard.set: type object 'ParameterRole' has no attribute 'POSITIONING'
2025-04-25 01:47:05,070 - INFO - Processing Morning-evening_star_EA_v1.00_01_standard.set
2025-04-25 01:47:05,070 - INFO - Processing Morning-evening_star_EA_v1.00_01_standard.set
2025-04-25 01:47:05,070 - ERROR - Error processing C:\Users\nikol\AppData\Roaming\MetaQuotes\Terminal\4B1CE69F577705455263BD980C39A82C\MQL5\Profiles\Tester\Morning-evening_star_EA_v1.00_01_standard.set: type object 'ParameterRole' has no attribute 'POSITIONING'
2025-04-25 01:47:05,071 - INFO - Processing MostasHaR15 Pivot_01_standard.set
2025-04-25 01:47:05,071 - INFO - Processing MostasHaR15 Pivot_01_standard.set
2025-04-25 01:47:05,072 - ERROR - Error processing C:\Users\nikol\AppData\Roaming\MetaQuotes\Terminal\4B1CE69F577705455263BD980C39A82C\MQL5\Profiles\Tester\MostasHaR15 Pivot_01_standard.set: type object 'ParameterRole' has no attribute 'POSITIONING'
2025-04-25 01:47:05,072 - INFO - Processing Moving Average Trade System_01_standard.set
2025-04-25 01:47:05,072 - INFO - Processing Moving Average Trade System_01_standard.set
2025-04-25 01:47:05,073 - ERROR - Error processing C:\Users\nikol\AppData\Roaming\MetaQuotes\Terminal\4B1CE69F577705455263BD980C39A82C\MQL5\Profiles\Tester\Moving Average Trade System_01_standard.set: type object 'ParameterRole' has no attribute 'POSITIONING'
2025-04-25 01:47:05,074 - INFO - Processing Moving Averages_01_standard.set
2025-04-25 01:47:05,074 - INFO - Processing Moving Averages_01_standard.set
2025-04-25 01:47:05,075 - WARNING - Error processing group role_system: 'list' object has no attribute 'items'
2025-04-25 01:47:05,075 - ERROR - Error processing C:\Users\nikol\AppData\Roaming\MetaQuotes\Terminal\4B1CE69F577705455263BD980C39A82C\MQL5\Profiles\Tester\Moving Averages_01_standard.set: dictionary update sequence element #0 has length 20; 2 is required
2025-04-25 01:47:05,075 - INFO - Processing Moving%20average%20and%20ichimoku%20EA_01_standard.set
2025-04-25 01:47:05,076 - INFO - Processing Moving%20average%20and%20ichimoku%20EA_01_standard.set
2025-04-25 01:47:05,076 - ERROR - Error processing C:\Users\nikol\AppData\Roaming\MetaQuotes\Terminal\4B1CE69F577705455263BD980C39A82C\MQL5\Profiles\Tester\Moving%20average%20and%20ichimoku%20EA_01_standard.set: type object 'ParameterRole' has no attribute 'POSITIONING'
2025-04-25 01:47:05,077 - INFO - Processing MovingAverageMartinGale_01_standard.set
2025-04-25 01:47:05,077 - INFO - Processing MovingAverageMartinGale_01_standard.set
2025-04-25 01:47:05,078 - ERROR - Error processing C:\Users\nikol\AppData\Roaming\MetaQuotes\Terminal\4B1CE69F577705455263BD980C39A82C\MQL5\Profiles\Tester\MovingAverageMartinGale_01_standard.set: type object 'ParameterRole' has no attribute 'POSITIONING'
2025-04-25 01:47:05,078 - INFO - Processing MovingAverage_01_standard.set
2025-04-25 01:47:05,079 - INFO - Processing MovingAverage_01_standard.set
2025-04-25 01:47:05,079 - ERROR - Error processing C:\Users\nikol\AppData\Roaming\MetaQuotes\Terminal\4B1CE69F577705455263BD980C39A82C\MQL5\Profiles\Tester\MovingAverage_01_standard.set: type object 'ParameterRole' has no attribute 'POSITIONING'
2025-04-25 01:47:05,079 - INFO - Processing MQL5_Wizard_MACD_Parabolic_SAR_01_standard.set
2025-04-25 01:47:05,080 - INFO - Processing MQL5_Wizard_MACD_Parabolic_SAR_01_standard.set
2025-04-25 01:47:05,081 - ERROR - Error processing C:\Users\nikol\AppData\Roaming\MetaQuotes\Terminal\4B1CE69F577705455263BD980C39A82C\MQL5\Profiles\Tester\MQL5_Wizard_MACD_Parabolic_SAR_01_standard.set: type object 'ParameterRole' has no attribute 'POSITIONING'
2025-04-25 01:47:05,082 - INFO - Processing MQL5_Wizard_MA_RSI_01_standard.set
2025-04-25 01:47:05,082 - INFO - Processing MQL5_Wizard_MA_RSI_01_standard.set
2025-04-25 01:47:05,083 - ERROR - Error processing C:\Users\nikol\AppData\Roaming\MetaQuotes\Terminal\4B1CE69F577705455263BD980C39A82C\MQL5\Profiles\Tester\MQL5_Wizard_MA_RSI_01_standard.set: type object 'ParameterRole' has no attribute 'POSITIONING'
2025-04-25 01:47:05,083 - INFO - Processing MT45_01_standard.set
2025-04-25 01:47:05,084 - INFO - Processing MT45_01_standard.set
2025-04-25 01:47:05,084 - ERROR - Error processing C:\Users\nikol\AppData\Roaming\MetaQuotes\Terminal\4B1CE69F577705455263BD980C39A82C\MQL5\Profiles\Tester\MT45_01_standard.set: type object 'ParameterRole' has no attribute 'POSITIONING'
2025-04-25 01:47:05,085 - INFO - Processing Mt5 williams % directional index EA_01_standard.set
2025-04-25 01:47:05,085 - INFO - Processing Mt5 williams % directional index EA_01_standard.set
2025-04-25 01:47:05,085 - ERROR - Error processing C:\Users\nikol\AppData\Roaming\MetaQuotes\Terminal\4B1CE69F577705455263BD980C39A82C\MQL5\Profiles\Tester\Mt5 williams % directional index EA_01_standard.set: type object 'ParameterRole' has no attribute 'POSITIONING'
2025-04-25 01:47:05,086 - INFO - Processing MT5-CoupleHedgeEA_v2.6.3_01_standard.set
2025-04-25 01:47:05,086 - INFO - Processing MT5-CoupleHedgeEA_v2.6.3_01_standard.set
2025-04-25 01:47:05,087 - ERROR - Error processing C:\Users\nikol\AppData\Roaming\MetaQuotes\Terminal\4B1CE69F577705455263BD980C39A82C\MQL5\Profiles\Tester\MT5-CoupleHedgeEA_v2.6.3_01_standard.set: type object 'ParameterRole' has no attribute 'POSITIONING'
2025-04-25 01:47:05,088 - INFO - Processing MT5-RingSystemEA_v3.7.3_01_standard.set
2025-04-25 01:47:05,088 - INFO - Processing MT5-RingSystemEA_v3.7.3_01_standard.set
2025-04-25 01:47:05,089 - ERROR - Error processing C:\Users\nikol\AppData\Roaming\MetaQuotes\Terminal\4B1CE69F577705455263BD980C39A82C\MQL5\Profiles\Tester\MT5-RingSystemEA_v3.7.3_01_standard.set: type object 'ParameterRole' has no attribute 'POSITIONING'
2025-04-25 01:47:05,090 - INFO - Processing MTC Сombo v2_01_standard.set
2025-04-25 01:47:05,090 - INFO - Processing MTC Сombo v2_01_standard.set
2025-04-25 01:47:05,091 - ERROR - Error processing C:\Users\nikol\AppData\Roaming\MetaQuotes\Terminal\4B1CE69F577705455263BD980C39A82C\MQL5\Profiles\Tester\MTC Сombo v2_01_standard.set: type object 'ParameterRole' has no attribute 'POSITIONING'
2025-04-25 01:47:05,091 - INFO - Processing Multi Stochastic_01_standard.set
2025-04-25 01:47:05,092 - INFO - Processing Multi Stochastic_01_standard.set
2025-04-25 01:47:05,092 - ERROR - Error processing C:\Users\nikol\AppData\Roaming\MetaQuotes\Terminal\4B1CE69F577705455263BD980C39A82C\MQL5\Profiles\Tester\Multi Stochastic_01_standard.set: type object 'ParameterRole' has no attribute 'POSITIONING'
2025-04-25 01:47:05,093 - INFO - Processing MultiMartin_01_standard.set
2025-04-25 01:47:05,093 - INFO - Processing MultiMartin_01_standard.set
2025-04-25 01:47:05,094 - ERROR - Error processing C:\Users\nikol\AppData\Roaming\MetaQuotes\Terminal\4B1CE69F577705455263BD980C39A82C\MQL5\Profiles\Tester\MultiMartin_01_standard.set: type object 'ParameterRole' has no attribute 'POSITIONING'
2025-04-25 01:47:05,095 - INFO - Processing MySystem_01_standard.set
2025-04-25 01:47:05,096 - INFO - Processing MySystem_01_standard.set
2025-04-25 01:47:05,096 - ERROR - Error processing C:\Users\nikol\AppData\Roaming\MetaQuotes\Terminal\4B1CE69F577705455263BD980C39A82C\MQL5\Profiles\Tester\MySystem_01_standard.set: type object 'ParameterRole' has no attribute 'POSITIONING'
2025-04-25 01:47:05,097 - INFO - Processing N Candles v2_01_standard.set
2025-04-25 01:47:05,097 - INFO - Processing N Candles v2_01_standard.set
2025-04-25 01:47:05,098 - ERROR - Error processing C:\Users\nikol\AppData\Roaming\MetaQuotes\Terminal\4B1CE69F577705455263BD980C39A82C\MQL5\Profiles\Tester\N Candles v2_01_standard.set: type object 'ParameterRole' has no attribute 'POSITIONING'
2025-04-25 01:47:05,098 - INFO - Processing N Candles v3_01_standard.set
2025-04-25 01:47:05,099 - INFO - Processing N Candles v3_01_standard.set
2025-04-25 01:47:05,099 - ERROR - Error processing C:\Users\nikol\AppData\Roaming\MetaQuotes\Terminal\4B1CE69F577705455263BD980C39A82C\MQL5\Profiles\Tester\N Candles v3_01_standard.set: type object 'ParameterRole' has no attribute 'POSITIONING'
2025-04-25 01:47:05,100 - INFO - Processing N Candles v4_01_standard.set
2025-04-25 01:47:05,100 - INFO - Processing N Candles v4_01_standard.set
2025-04-25 01:47:05,101 - ERROR - Error processing C:\Users\nikol\AppData\Roaming\MetaQuotes\Terminal\4B1CE69F577705455263BD980C39A82C\MQL5\Profiles\Tester\N Candles v4_01_standard.set: type object 'ParameterRole' has no attribute 'POSITIONING'
2025-04-25 01:47:05,101 - INFO - Processing N Candles v5_01_standard.set
2025-04-25 01:47:05,102 - INFO - Processing N Candles v5_01_standard.set
2025-04-25 01:47:05,103 - ERROR - Error processing C:\Users\nikol\AppData\Roaming\MetaQuotes\Terminal\4B1CE69F577705455263BD980C39A82C\MQL5\Profiles\Tester\N Candles v5_01_standard.set: type object 'ParameterRole' has no attribute 'POSITIONING'
2025-04-25 01:47:05,103 - INFO - Processing N Candles_01_standard.set
2025-04-25 01:47:05,103 - INFO - Processing N Candles_01_standard.set
2025-04-25 01:47:05,104 - ERROR - Error processing C:\Users\nikol\AppData\Roaming\MetaQuotes\Terminal\4B1CE69F577705455263BD980C39A82C\MQL5\Profiles\Tester\N Candles_01_standard.set: type object 'ParameterRole' has no attribute 'POSITIONING'
2025-04-25 01:47:05,104 - INFO - Processing N-_Candles_v7_01_standard.set
2025-04-25 01:47:05,104 - INFO - Processing N-_Candles_v7_01_standard.set
2025-04-25 01:47:05,105 - ERROR - Error processing C:\Users\nikol\AppData\Roaming\MetaQuotes\Terminal\4B1CE69F577705455263BD980C39A82C\MQL5\Profiles\Tester\N-_Candles_v7_01_standard.set: type object 'ParameterRole' has no attribute 'POSITIONING'
2025-04-25 01:47:05,105 - INFO - Processing Nevalyashka3_1_01_standard.set
2025-04-25 01:47:05,106 - INFO - Processing Nevalyashka3_1_01_standard.set
2025-04-25 01:47:05,106 - ERROR - Error processing C:\Users\nikol\AppData\Roaming\MetaQuotes\Terminal\4B1CE69F577705455263BD980C39A82C\MQL5\Profiles\Tester\Nevalyashka3_1_01_standard.set: type object 'ParameterRole' has no attribute 'POSITIONING'
2025-04-25 01:47:05,107 - INFO - Processing Nevalyashka_01_standard.set
2025-04-25 01:47:05,107 - INFO - Processing Nevalyashka_01_standard.set
2025-04-25 01:47:05,108 - ERROR - Error processing C:\Users\nikol\AppData\Roaming\MetaQuotes\Terminal\4B1CE69F577705455263BD980C39A82C\MQL5\Profiles\Tester\Nevalyashka_01_standard.set: type object 'ParameterRole' has no attribute 'POSITIONING'
2025-04-25 01:47:05,109 - INFO - Processing Nevalyashka_BreakdownLevel_01_standard.set
2025-04-25 01:47:05,109 - INFO - Processing Nevalyashka_BreakdownLevel_01_standard.set
2025-04-25 01:47:05,110 - WARNING - Error processing group role_system: 'list' object has no attribute 'items'
2025-04-25 01:47:05,110 - ERROR - Error processing C:\Users\nikol\AppData\Roaming\MetaQuotes\Terminal\4B1CE69F577705455263BD980C39A82C\MQL5\Profiles\Tester\Nevalyashka_BreakdownLevel_01_standard.set: dictionary update sequence element #0 has length 13; 2 is required
2025-04-25 01:47:05,111 - INFO - Processing New Martin_01_standard.set
2025-04-25 01:47:05,111 - INFO - Processing New Martin_01_standard.set
2025-04-25 01:47:05,112 - ERROR - Error processing C:\Users\nikol\AppData\Roaming\MetaQuotes\Terminal\4B1CE69F577705455263BD980C39A82C\MQL5\Profiles\Tester\New Martin_01_standard.set: type object 'ParameterRole' has no attribute 'POSITIONING'
2025-04-25 01:47:05,112 - INFO - Processing New Random_01_standard.set
2025-04-25 01:47:05,112 - INFO - Processing New Random_01_standard.set
2025-04-25 01:47:05,113 - ERROR - Error processing C:\Users\nikol\AppData\Roaming\MetaQuotes\Terminal\4B1CE69F577705455263BD980C39A82C\MQL5\Profiles\Tester\New Random_01_standard.set: type object 'ParameterRole' has no attribute 'POSITIONING'
2025-04-25 01:47:05,113 - INFO - Processing Nextbar_01_standard.set
2025-04-25 01:47:05,113 - INFO - Processing Nextbar_01_standard.set
2025-04-25 01:47:05,114 - ERROR - Error processing C:\Users\nikol\AppData\Roaming\MetaQuotes\Terminal\4B1CE69F577705455263BD980C39A82C\MQL5\Profiles\Tester\Nextbar_01_standard.set: type object 'ParameterRole' has no attribute 'POSITIONING'
2025-04-25 01:47:05,115 - INFO - Processing Night Flat Trade_01_standard.set
2025-04-25 01:47:05,115 - INFO - Processing Night Flat Trade_01_standard.set
2025-04-25 01:47:05,116 - ERROR - Error processing C:\Users\nikol\AppData\Roaming\MetaQuotes\Terminal\4B1CE69F577705455263BD980C39A82C\MQL5\Profiles\Tester\Night Flat Trade_01_standard.set: type object 'ParameterRole' has no attribute 'POSITIONING'
2025-04-25 01:47:05,116 - INFO - Processing NightScalper_01_standard.set
2025-04-25 01:47:05,116 - INFO - Processing NightScalper_01_standard.set
2025-04-25 01:47:05,117 - ERROR - Error processing C:\Users\nikol\AppData\Roaming\MetaQuotes\Terminal\4B1CE69F577705455263BD980C39A82C\MQL5\Profiles\Tester\NightScalper_01_standard.set: type object 'ParameterRole' has no attribute 'POSITIONING'
2025-04-25 01:47:05,118 - INFO - Processing NRTR_Revers_01_standard.set
2025-04-25 01:47:05,118 - INFO - Processing NRTR_Revers_01_standard.set
2025-04-25 01:47:05,118 - ERROR - Error processing C:\Users\nikol\AppData\Roaming\MetaQuotes\Terminal\4B1CE69F577705455263BD980C39A82C\MQL5\Profiles\Tester\NRTR_Revers_01_standard.set: type object 'ParameterRole' has no attribute 'POSITIONING'
2025-04-25 01:47:05,119 - INFO - Processing NUp1Down_01_standard.set
2025-04-25 01:47:05,119 - INFO - Processing NUp1Down_01_standard.set
2025-04-25 01:47:05,120 - ERROR - Error processing C:\Users\nikol\AppData\Roaming\MetaQuotes\Terminal\4B1CE69F577705455263BD980C39A82C\MQL5\Profiles\Tester\NUp1Down_01_standard.set: type object 'ParameterRole' has no attribute 'POSITIONING'
2025-04-25 01:47:05,120 - INFO - Processing Open Close_01_standard.set
2025-04-25 01:47:05,120 - INFO - Processing Open Close_01_standard.set
2025-04-25 01:47:05,121 - WARNING - Error processing group role_risk: 'list' object has no attribute 'items'
2025-04-25 01:47:05,121 - ERROR - Error processing C:\Users\nikol\AppData\Roaming\MetaQuotes\Terminal\4B1CE69F577705455263BD980C39A82C\MQL5\Profiles\Tester\Open Close_01_standard.set: dictionary update sequence element #0 has length 15; 2 is required
2025-04-25 01:47:05,122 - INFO - Processing Opening and Сlosing on time v2_01_standard.set
2025-04-25 01:47:05,122 - INFO - Processing Opening and Сlosing on time v2_01_standard.set
2025-04-25 01:47:05,123 - ERROR - Error processing C:\Users\nikol\AppData\Roaming\MetaQuotes\Terminal\4B1CE69F577705455263BD980C39A82C\MQL5\Profiles\Tester\Opening and Сlosing on time v2_01_standard.set: type object 'ParameterRole' has no attribute 'POSITIONING'
2025-04-25 01:47:05,124 - INFO - Processing Opening_and_ilosing_on_time_01_standard.set
2025-04-25 01:47:05,124 - INFO - Processing Opening_and_ilosing_on_time_01_standard.set
2025-04-25 01:47:05,125 - WARNING - Error processing group role_system: 'list' object has no attribute 'items'
2025-04-25 01:47:05,125 - ERROR - Error processing C:\Users\nikol\AppData\Roaming\MetaQuotes\Terminal\4B1CE69F577705455263BD980C39A82C\MQL5\Profiles\Tester\Opening_and_ilosing_on_time_01_standard.set: dictionary update sequence element #0 has length 12; 2 is required
2025-04-25 01:47:05,125 - INFO - Processing OpenPendingorderAfterPositionGetStopLoss_01_standard.set
2025-04-25 01:47:05,126 - INFO - Processing OpenPendingorderAfterPositionGetStopLoss_01_standard.set
2025-04-25 01:47:05,126 - ERROR - Error processing C:\Users\nikol\AppData\Roaming\MetaQuotes\Terminal\4B1CE69F577705455263BD980C39A82C\MQL5\Profiles\Tester\OpenPendingorderAfterPositionGetStopLoss_01_standard.set: type object 'ParameterRole' has no attribute 'POSITIONING'
2025-04-25 01:47:05,127 - INFO - Processing OpenTicks_01_standard.set
2025-04-25 01:47:05,127 - INFO - Processing OpenTicks_01_standard.set
2025-04-25 01:47:05,127 - ERROR - Error processing C:\Users\nikol\AppData\Roaming\MetaQuotes\Terminal\4B1CE69F577705455263BD980C39A82C\MQL5\Profiles\Tester\OpenTicks_01_standard.set: type object 'ParameterRole' has no attribute 'POSITIONING'
2025-04-25 01:47:05,128 - INFO - Processing Open_Candle_EA_01_standard.set
2025-04-25 01:47:05,128 - INFO - Processing Open_Candle_EA_01_standard.set
2025-04-25 01:47:05,129 - ERROR - Error processing C:\Users\nikol\AppData\Roaming\MetaQuotes\Terminal\4B1CE69F577705455263BD980C39A82C\MQL5\Profiles\Tester\Open_Candle_EA_01_standard.set: type object 'ParameterRole' has no attribute 'POSITIONING'
2025-04-25 01:47:05,129 - INFO - Processing ORB_EA_BOX_01_standard.set
2025-04-25 01:47:05,130 - INFO - Processing ORB_EA_BOX_01_standard.set
2025-04-25 01:47:05,131 - ERROR - Error processing C:\Users\nikol\AppData\Roaming\MetaQuotes\Terminal\4B1CE69F577705455263BD980C39A82C\MQL5\Profiles\Tester\ORB_EA_BOX_01_standard.set: type object 'ParameterRole' has no attribute 'POSITIONING'
2025-04-25 01:47:05,131 - INFO - Processing OsMaSter v0_01_standard.set
2025-04-25 01:47:05,132 - INFO - Processing OsMaSter v0_01_standard.set
2025-04-25 01:47:05,132 - ERROR - Error processing C:\Users\nikol\AppData\Roaming\MetaQuotes\Terminal\4B1CE69F577705455263BD980C39A82C\MQL5\Profiles\Tester\OsMaSter v0_01_standard.set: type object 'ParameterRole' has no attribute 'POSITIONING'
2025-04-25 01:47:05,133 - INFO - Processing OTT%20AND%20PRICE%20CROSS%20EA_01_standard.set
2025-04-25 01:47:05,133 - INFO - Processing OTT%20AND%20PRICE%20CROSS%20EA_01_standard.set
2025-04-25 01:47:05,133 - ERROR - Error processing C:\Users\nikol\AppData\Roaming\MetaQuotes\Terminal\4B1CE69F577705455263BD980C39A82C\MQL5\Profiles\Tester\OTT%20AND%20PRICE%20CROSS%20EA_01_standard.set: type object 'ParameterRole' has no attribute 'POSITIONING'
2025-04-25 01:47:05,134 - INFO - Processing OverHedgeV2_01_standard.set
2025-04-25 01:47:05,134 - INFO - Processing OverHedgeV2_01_standard.set
2025-04-25 01:47:05,135 - ERROR - Error processing C:\Users\nikol\AppData\Roaming\MetaQuotes\Terminal\4B1CE69F577705455263BD980C39A82C\MQL5\Profiles\Tester\OverHedgeV2_01_standard.set: type object 'ParameterRole' has no attribute 'POSITIONING'
2025-04-25 01:47:05,135 - INFO - Processing OzFx_01_standard.set
2025-04-25 01:47:05,136 - INFO - Processing OzFx_01_standard.set
2025-04-25 01:47:05,136 - ERROR - Error processing C:\Users\nikol\AppData\Roaming\MetaQuotes\Terminal\4B1CE69F577705455263BD980C39A82C\MQL5\Profiles\Tester\OzFx_01_standard.set: type object 'ParameterRole' has no attribute 'POSITIONING'
2025-04-25 01:47:05,137 - INFO - Processing Parabolic SAR_01_standard.set
2025-04-25 01:47:05,137 - INFO - Processing Parabolic SAR_01_standard.set
2025-04-25 01:47:05,138 - WARNING - Error processing group role_system: 'list' object has no attribute 'items'
2025-04-25 01:47:05,138 - ERROR - Error processing C:\Users\nikol\AppData\Roaming\MetaQuotes\Terminal\4B1CE69F577705455263BD980C39A82C\MQL5\Profiles\Tester\Parabolic SAR_01_standard.set: dictionary update sequence element #0 has length 20; 2 is required
2025-04-25 01:47:05,139 - INFO - Processing PARSI_v2_EA_v1.00_01_standard.set
2025-04-25 01:47:05,139 - INFO - Processing PARSI_v2_EA_v1.00_01_standard.set
2025-04-25 01:47:05,140 - ERROR - Error processing C:\Users\nikol\AppData\Roaming\MetaQuotes\Terminal\4B1CE69F577705455263BD980C39A82C\MQL5\Profiles\Tester\PARSI_v2_EA_v1.00_01_standard.set: type object 'ParameterRole' has no attribute 'POSITIONING'
2025-04-25 01:47:05,140 - INFO - Processing Peceptron_Mult_01_standard.set
2025-04-25 01:47:05,140 - INFO - Processing Peceptron_Mult_01_standard.set
2025-04-25 01:47:05,141 - ERROR - Error processing C:\Users\nikol\AppData\Roaming\MetaQuotes\Terminal\4B1CE69F577705455263BD980C39A82C\MQL5\Profiles\Tester\Peceptron_Mult_01_standard.set: type object 'ParameterRole' has no attribute 'POSITIONING'
2025-04-25 01:47:05,141 - INFO - Processing Pending orders by time 2_01_standard.set
2025-04-25 01:47:05,142 - INFO - Processing Pending orders by time 2_01_standard.set
2025-04-25 01:47:05,143 - ERROR - Error processing C:\Users\nikol\AppData\Roaming\MetaQuotes\Terminal\4B1CE69F577705455263BD980C39A82C\MQL5\Profiles\Tester\Pending orders by time 2_01_standard.set: type object 'ParameterRole' has no attribute 'POSITIONING'
2025-04-25 01:47:05,143 - INFO - Processing Pending orders by time_01_standard.set
2025-04-25 01:47:05,143 - INFO - Processing Pending orders by time_01_standard.set
2025-04-25 01:47:05,144 - ERROR - Error processing C:\Users\nikol\AppData\Roaming\MetaQuotes\Terminal\4B1CE69F577705455263BD980C39A82C\MQL5\Profiles\Tester\Pending orders by time_01_standard.set: type object 'ParameterRole' has no attribute 'POSITIONING'
2025-04-25 01:47:05,145 - INFO - Processing Pendulum_01_standard.set
2025-04-25 01:47:05,145 - INFO - Processing Pendulum_01_standard.set
2025-04-25 01:47:05,145 - WARNING - Error processing group role_risk: 'list' object has no attribute 'items'
2025-04-25 01:47:05,146 - ERROR - Error processing C:\Users\nikol\AppData\Roaming\MetaQuotes\Terminal\4B1CE69F577705455263BD980C39A82C\MQL5\Profiles\Tester\Pendulum_01_standard.set: dictionary update sequence element #0 has length 8; 2 is required
2025-04-25 01:47:05,146 - INFO - Processing Pinball machine_01_standard.set
2025-04-25 01:47:05,146 - INFO - Processing Pinball machine_01_standard.set
2025-04-25 01:47:05,147 - WARNING - Error processing group role_risk: 'list' object has no attribute 'items'
2025-04-25 01:47:05,147 - ERROR - Error processing C:\Users\nikol\AppData\Roaming\MetaQuotes\Terminal\4B1CE69F577705455263BD980C39A82C\MQL5\Profiles\Tester\Pinball machine_01_standard.set: dictionary update sequence element #0 has length 15; 2 is required
2025-04-25 01:47:05,148 - INFO - Processing Pinbar_Magic_EA_01_standard.set
2025-04-25 01:47:05,148 - INFO - Processing Pinbar_Magic_EA_01_standard.set
2025-04-25 01:47:05,148 - ERROR - Error processing C:\Users\nikol\AppData\Roaming\MetaQuotes\Terminal\4B1CE69F577705455263BD980C39A82C\MQL5\Profiles\Tester\Pinbar_Magic_EA_01_standard.set: type object 'ParameterRole' has no attribute 'POSITIONING'
2025-04-25 01:47:05,149 - INFO - Processing PinBar_Magic_Indicator_01_standard.set
2025-04-25 01:47:05,149 - INFO - Processing PinBar_Magic_Indicator_01_standard.set
2025-04-25 01:47:05,150 - ERROR - Error processing C:\Users\nikol\AppData\Roaming\MetaQuotes\Terminal\4B1CE69F577705455263BD980C39A82C\MQL5\Profiles\Tester\PinBar_Magic_Indicator_01_standard.set: type object 'ParameterRole' has no attribute 'POSITIONING'
2025-04-25 01:47:05,151 - INFO - Processing Pipsover_01_standard.set
2025-04-25 01:47:05,151 - INFO - Processing Pipsover_01_standard.set
2025-04-25 01:47:05,152 - ERROR - Error processing C:\Users\nikol\AppData\Roaming\MetaQuotes\Terminal\4B1CE69F577705455263BD980C39A82C\MQL5\Profiles\Tester\Pipsover_01_standard.set: type object 'ParameterRole' has no attribute 'POSITIONING'
2025-04-25 01:47:05,153 - INFO - Processing Plan X_01_standard.set
2025-04-25 01:47:05,153 - INFO - Processing Plan X_01_standard.set
2025-04-25 01:47:05,154 - ERROR - Error processing C:\Users\nikol\AppData\Roaming\MetaQuotes\Terminal\4B1CE69F577705455263BD980C39A82C\MQL5\Profiles\Tester\Plan X_01_standard.set: type object 'ParameterRole' has no attribute 'POSITIONING'
2025-04-25 01:47:05,154 - INFO - Processing Plateau_01_standard.set
2025-04-25 01:47:05,155 - INFO - Processing Plateau_01_standard.set
2025-04-25 01:47:05,155 - ERROR - Error processing C:\Users\nikol\AppData\Roaming\MetaQuotes\Terminal\4B1CE69F577705455263BD980C39A82C\MQL5\Profiles\Tester\Plateau_01_standard.set: type object 'ParameterRole' has no attribute 'POSITIONING'
2025-04-25 01:47:05,155 - INFO - Processing Poker_SHOW_01_standard.set
2025-04-25 01:47:05,156 - INFO - Processing Poker_SHOW_01_standard.set
2025-04-25 01:47:05,157 - ERROR - Error processing C:\Users\nikol\AppData\Roaming\MetaQuotes\Terminal\4B1CE69F577705455263BD980C39A82C\MQL5\Profiles\Tester\Poker_SHOW_01_standard.set: type object 'ParameterRole' has no attribute 'POSITIONING'
2025-04-25 01:47:05,157 - INFO - Processing Precipice MartIn_01_standard.set
2025-04-25 01:47:05,158 - INFO - Processing Precipice MartIn_01_standard.set
2025-04-25 01:47:05,158 - WARNING - Error processing group role_system: 'list' object has no attribute 'items'
2025-04-25 01:47:05,159 - ERROR - Error processing C:\Users\nikol\AppData\Roaming\MetaQuotes\Terminal\4B1CE69F577705455263BD980C39A82C\MQL5\Profiles\Tester\Precipice MartIn_01_standard.set: dictionary update sequence element #0 has length 7; 2 is required
2025-04-25 01:47:05,159 - INFO - Processing Precipice_01_standard.set
2025-04-25 01:47:05,160 - INFO - Processing Precipice_01_standard.set
2025-04-25 01:47:05,160 - ERROR - Error processing C:\Users\nikol\AppData\Roaming\MetaQuotes\Terminal\4B1CE69F577705455263BD980C39A82C\MQL5\Profiles\Tester\Precipice_01_standard.set: type object 'ParameterRole' has no attribute 'POSITIONING'
2025-04-25 01:47:05,160 - INFO - Processing Probe_01_standard.set
2025-04-25 01:47:05,161 - INFO - Processing Probe_01_standard.set
2025-04-25 01:47:05,161 - ERROR - Error processing C:\Users\nikol\AppData\Roaming\MetaQuotes\Terminal\4B1CE69F577705455263BD980C39A82C\MQL5\Profiles\Tester\Probe_01_standard.set: type object 'ParameterRole' has no attribute 'POSITIONING'
2025-04-25 01:47:05,162 - INFO - Processing Proffessor v3_01_standard.set
2025-04-25 01:47:05,162 - INFO - Processing Proffessor v3_01_standard.set
2025-04-25 01:47:05,162 - ERROR - Error processing C:\Users\nikol\AppData\Roaming\MetaQuotes\Terminal\4B1CE69F577705455263BD980C39A82C\MQL5\Profiles\Tester\Proffessor v3_01_standard.set: type object 'ParameterRole' has no attribute 'POSITIONING'
2025-04-25 01:47:05,163 - INFO - Processing PropFirmHelper_01_standard.set
2025-04-25 01:47:05,163 - INFO - Processing PropFirmHelper_01_standard.set
2025-04-25 01:47:05,164 - WARNING - Error processing group role_system: 'list' object has no attribute 'items'
2025-04-25 01:47:05,165 - ERROR - Error processing C:\Users\nikol\AppData\Roaming\MetaQuotes\Terminal\4B1CE69F577705455263BD980C39A82C\MQL5\Profiles\Tester\PropFirmHelper_01_standard.set: dictionary update sequence element #0 has length 3; 2 is required
2025-04-25 01:47:05,165 - INFO - Processing PROphet_01_standard.set
2025-04-25 01:47:05,166 - INFO - Processing PROphet_01_standard.set
2025-04-25 01:47:05,166 - ERROR - Error processing C:\Users\nikol\AppData\Roaming\MetaQuotes\Terminal\4B1CE69F577705455263BD980C39A82C\MQL5\Profiles\Tester\PROphet_01_standard.set: type object 'ParameterRole' has no attribute 'POSITIONING'
2025-04-25 01:47:05,167 - INFO - Processing Puria method_01_standard.set
2025-04-25 01:47:05,167 - INFO - Processing Puria method_01_standard.set
2025-04-25 01:47:05,167 - ERROR - Error processing C:\Users\nikol\AppData\Roaming\MetaQuotes\Terminal\4B1CE69F577705455263BD980C39A82C\MQL5\Profiles\Tester\Puria method_01_standard.set: type object 'ParameterRole' has no attribute 'POSITIONING'
2025-04-25 01:47:05,168 - INFO - Processing Rabbit3_01_standard.set
2025-04-25 01:47:05,168 - INFO - Processing Rabbit3_01_standard.set
2025-04-25 01:47:05,169 - ERROR - Error processing C:\Users\nikol\AppData\Roaming\MetaQuotes\Terminal\4B1CE69F577705455263BD980C39A82C\MQL5\Profiles\Tester\Rabbit3_01_standard.set: type object 'ParameterRole' has no attribute 'POSITIONING'
2025-04-25 01:47:05,169 - INFO - Processing Range Breakout_01_standard.set
2025-04-25 01:47:05,170 - INFO - Processing Range Breakout_01_standard.set
2025-04-25 01:47:05,171 - WARNING - Error processing group role_system: 'list' object has no attribute 'items'
2025-04-25 01:47:05,171 - ERROR - Error processing C:\Users\nikol\AppData\Roaming\MetaQuotes\Terminal\4B1CE69F577705455263BD980C39A82C\MQL5\Profiles\Tester\Range Breakout_01_standard.set: dictionary update sequence element #0 has length 20; 2 is required
2025-04-25 01:47:05,172 - INFO - Processing Rapid Doji EA_01_standard.set
2025-04-25 01:47:05,172 - INFO - Processing Rapid Doji EA_01_standard.set
2025-04-25 01:47:05,173 - ERROR - Error processing C:\Users\nikol\AppData\Roaming\MetaQuotes\Terminal\4B1CE69F577705455263BD980C39A82C\MQL5\Profiles\Tester\Rapid Doji EA_01_standard.set: type object 'ParameterRole' has no attribute 'POSITIONING'
2025-04-25 01:47:05,181 - INFO - Processing Raymond Cloudy Day for EA_01_standard.set
2025-04-25 01:47:05,181 - INFO - Processing Raymond Cloudy Day for EA_01_standard.set
2025-04-25 01:47:05,183 - WARNING - Error processing group role_system: 'list' object has no attribute 'items'
2025-04-25 01:47:05,184 - ERROR - Error processing C:\Users\nikol\AppData\Roaming\MetaQuotes\Terminal\4B1CE69F577705455263BD980C39A82C\MQL5\Profiles\Tester\Raymond Cloudy Day for EA_01_standard.set: dictionary update sequence element #0 has length 6; 2 is required
2025-04-25 01:47:05,184 - INFO - Processing Reflex_01_standard.set
2025-04-25 01:47:05,185 - INFO - Processing Reflex_01_standard.set
2025-04-25 01:47:05,186 - WARNING - Error processing group role_technical: 'list' object has no attribute 'items'
2025-04-25 01:47:05,187 - ERROR - Error processing C:\Users\nikol\AppData\Roaming\MetaQuotes\Terminal\4B1CE69F577705455263BD980C39A82C\MQL5\Profiles\Tester\Reflex_01_standard.set: dictionary update sequence element #0 has length 16; 2 is required
2025-04-25 01:47:05,188 - INFO - Processing Reflex_EA_01_standard.set
2025-04-25 01:47:05,188 - INFO - Processing Reflex_EA_01_standard.set
2025-04-25 01:47:05,189 - ERROR - Error processing C:\Users\nikol\AppData\Roaming\MetaQuotes\Terminal\4B1CE69F577705455263BD980C39A82C\MQL5\Profiles\Tester\Reflex_EA_01_standard.set: type object 'ParameterRole' has no attribute 'POSITIONING'
2025-04-25 01:47:05,190 - INFO - Processing REFLEX_INDICATOR_01_standard.set
2025-04-25 01:47:05,191 - INFO - Processing REFLEX_INDICATOR_01_standard.set
2025-04-25 01:47:05,192 - WARNING - Error processing group role_system: 'list' object has no attribute 'items'
2025-04-25 01:47:05,193 - ERROR - Error processing C:\Users\nikol\AppData\Roaming\MetaQuotes\Terminal\4B1CE69F577705455263BD980C39A82C\MQL5\Profiles\Tester\REFLEX_INDICATOR_01_standard.set: dictionary update sequence element #0 has length 7; 2 is required
2025-04-25 01:47:05,194 - INFO - Processing Reversing Martingale_01_standard.set
2025-04-25 01:47:05,195 - INFO - Processing Reversing Martingale_01_standard.set
2025-04-25 01:47:05,195 - WARNING - Error processing group role_system: 'list' object has no attribute 'items'
2025-04-25 01:47:05,196 - ERROR - Error processing C:\Users\nikol\AppData\Roaming\MetaQuotes\Terminal\4B1CE69F577705455263BD980C39A82C\MQL5\Profiles\Tester\Reversing Martingale_01_standard.set: dictionary update sequence element #0 has length 21; 2 is required
2025-04-25 01:47:05,197 - INFO - Processing RideAlligator_01_standard.set
2025-04-25 01:47:05,198 - INFO - Processing RideAlligator_01_standard.set
2025-04-25 01:47:05,199 - WARNING - Error processing group role_technical: 'list' object has no attribute 'items'
2025-04-25 01:47:05,200 - ERROR - Error processing C:\Users\nikol\AppData\Roaming\MetaQuotes\Terminal\4B1CE69F577705455263BD980C39A82C\MQL5\Profiles\Tester\RideAlligator_01_standard.set: dictionary update sequence element #0 has length 16; 2 is required
2025-04-25 01:47:05,201 - INFO - Processing RNN_01_standard.set
2025-04-25 01:47:05,202 - INFO - Processing RNN_01_standard.set
2025-04-25 01:47:05,203 - ERROR - Error processing C:\Users\nikol\AppData\Roaming\MetaQuotes\Terminal\4B1CE69F577705455263BD980C39A82C\MQL5\Profiles\Tester\RNN_01_standard.set: type object 'ParameterRole' has no attribute 'POSITIONING'
2025-04-25 01:47:05,204 - INFO - Processing RobotPowerM5 meta4V12_01_standard.set
2025-04-25 01:47:05,205 - INFO - Processing RobotPowerM5 meta4V12_01_standard.set
2025-04-25 01:47:05,206 - ERROR - Error processing C:\Users\nikol\AppData\Roaming\MetaQuotes\Terminal\4B1CE69F577705455263BD980C39A82C\MQL5\Profiles\Tester\RobotPowerM5 meta4V12_01_standard.set: type object 'ParameterRole' has no attribute 'POSITIONING'
2025-04-25 01:47:05,208 - INFO - Processing Robot_MACD_01_standard.set
2025-04-25 01:47:05,209 - INFO - Processing Robot_MACD_01_standard.set
2025-04-25 01:47:05,210 - ERROR - Error processing C:\Users\nikol\AppData\Roaming\MetaQuotes\Terminal\4B1CE69F577705455263BD980C39A82C\MQL5\Profiles\Tester\Robot_MACD_01_standard.set: type object 'ParameterRole' has no attribute 'POSITIONING'
2025-04-25 01:47:05,211 - INFO - Processing Rollback system_01_standard.set
2025-04-25 01:47:05,212 - INFO - Processing Rollback system_01_standard.set
2025-04-25 01:47:05,213 - ERROR - Error processing C:\Users\nikol\AppData\Roaming\MetaQuotes\Terminal\4B1CE69F577705455263BD980C39A82C\MQL5\Profiles\Tester\Rollback system_01_standard.set: type object 'ParameterRole' has no attribute 'POSITIONING'
2025-04-25 01:47:05,214 - INFO - Processing RSI and Bollinger Bands_01_standard.set
2025-04-25 01:47:05,215 - INFO - Processing RSI and Bollinger Bands_01_standard.set
2025-04-25 01:47:05,216 - ERROR - Error processing C:\Users\nikol\AppData\Roaming\MetaQuotes\Terminal\4B1CE69F577705455263BD980C39A82C\MQL5\Profiles\Tester\RSI and Bollinger Bands_01_standard.set: type object 'ParameterRole' has no attribute 'POSITIONING'
2025-04-25 01:47:05,217 - INFO - Processing RSI EA v2_01_standard.set
2025-04-25 01:47:05,218 - INFO - Processing RSI EA v2_01_standard.set
2025-04-25 01:47:05,219 - ERROR - Error processing C:\Users\nikol\AppData\Roaming\MetaQuotes\Terminal\4B1CE69F577705455263BD980C39A82C\MQL5\Profiles\Tester\RSI EA v2_01_standard.set: type object 'ParameterRole' has no attribute 'POSITIONING'
2025-04-25 01:47:05,221 - INFO - Processing RSI EA_01_standard.set
2025-04-25 01:47:05,221 - INFO - Processing RSI EA_01_standard.set
2025-04-25 01:47:05,222 - ERROR - Error processing C:\Users\nikol\AppData\Roaming\MetaQuotes\Terminal\4B1CE69F577705455263BD980C39A82C\MQL5\Profiles\Tester\RSI EA_01_standard.set: type object 'ParameterRole' has no attribute 'POSITIONING'
2025-04-25 01:47:05,223 - INFO - Processing RSI Eraser_01_standard.set
2025-04-25 01:47:05,224 - INFO - Processing RSI Eraser_01_standard.set
2025-04-25 01:47:05,225 - ERROR - Error processing C:\Users\nikol\AppData\Roaming\MetaQuotes\Terminal\4B1CE69F577705455263BD980C39A82C\MQL5\Profiles\Tester\RSI Eraser_01_standard.set: type object 'ParameterRole' has no attribute 'POSITIONING'
2025-04-25 01:47:05,226 - INFO - Processing RSI Levels_01_standard.set
2025-04-25 01:47:05,227 - INFO - Processing RSI Levels_01_standard.set
2025-04-25 01:47:05,228 - WARNING - Error processing group role_system: 'list' object has no attribute 'items'
2025-04-25 01:47:05,228 - ERROR - Error processing C:\Users\nikol\AppData\Roaming\MetaQuotes\Terminal\4B1CE69F577705455263BD980C39A82C\MQL5\Profiles\Tester\RSI Levels_01_standard.set: dictionary update sequence element #0 has length 20; 2 is required
2025-04-25 01:47:05,229 - INFO - Processing RSI trader v0.15_01_standard.set
2025-04-25 01:47:05,231 - INFO - Processing RSI trader v0.15_01_standard.set
2025-04-25 01:47:05,234 - WARNING - Error processing group role_technical: 'list' object has no attribute 'items'
2025-04-25 01:47:05,235 - ERROR - Error processing C:\Users\nikol\AppData\Roaming\MetaQuotes\Terminal\4B1CE69F577705455263BD980C39A82C\MQL5\Profiles\Tester\RSI trader v0.15_01_standard.set: dictionary update sequence element #0 has length 14; 2 is required
2025-04-25 01:47:05,236 - INFO - Processing RSI_Arrow_01_standard.set
2025-04-25 01:47:05,236 - INFO - Processing RSI_Arrow_01_standard.set
2025-04-25 01:47:05,237 - ERROR - Error processing C:\Users\nikol\AppData\Roaming\MetaQuotes\Terminal\4B1CE69F577705455263BD980C39A82C\MQL5\Profiles\Tester\RSI_Arrow_01_standard.set: type object 'ParameterRole' has no attribute 'POSITIONING'
2025-04-25 01:47:05,238 - INFO - Processing RSI_Arrow_EA_v1.00_01_standard.set
2025-04-25 01:47:05,240 - INFO - Processing RSI_Arrow_EA_v1.00_01_standard.set
2025-04-25 01:47:05,241 - ERROR - Error processing C:\Users\nikol\AppData\Roaming\MetaQuotes\Terminal\4B1CE69F577705455263BD980C39A82C\MQL5\Profiles\Tester\RSI_Arrow_EA_v1.00_01_standard.set: type object 'ParameterRole' has no attribute 'POSITIONING'
2025-04-25 01:47:05,242 - INFO - Processing RSI_Expert_01_standard.set
2025-04-25 01:47:05,243 - INFO - Processing RSI_Expert_01_standard.set
2025-04-25 01:47:05,244 - ERROR - Error processing C:\Users\nikol\AppData\Roaming\MetaQuotes\Terminal\4B1CE69F577705455263BD980C39A82C\MQL5\Profiles\Tester\RSI_Expert_01_standard.set: type object 'ParameterRole' has no attribute 'POSITIONING'
2025-04-25 01:47:05,245 - INFO - Processing RSI_Expert_v2.0_01_standard.set
2025-04-25 01:47:05,245 - INFO - Processing RSI_Expert_v2.0_01_standard.set
2025-04-25 01:47:05,246 - ERROR - Error processing C:\Users\nikol\AppData\Roaming\MetaQuotes\Terminal\4B1CE69F577705455263BD980C39A82C\MQL5\Profiles\Tester\RSI_Expert_v2.0_01_standard.set: type object 'ParameterRole' has no attribute 'POSITIONING'
2025-04-25 01:47:05,247 - INFO - Processing RSI_Trend_v3_01_standard.set
2025-04-25 01:47:05,248 - INFO - Processing RSI_Trend_v3_01_standard.set
2025-04-25 01:47:05,249 - ERROR - Error processing C:\Users\nikol\AppData\Roaming\MetaQuotes\Terminal\4B1CE69F577705455263BD980C39A82C\MQL5\Profiles\Tester\RSI_Trend_v3_01_standard.set: type object 'ParameterRole' has no attribute 'POSITIONING'
2025-04-25 01:47:05,250 - INFO - Processing RSI_Trend_v3_EA_v1.00_01_standard.set
2025-04-25 01:47:05,250 - INFO - Processing RSI_Trend_v3_EA_v1.00_01_standard.set
2025-04-25 01:47:05,251 - ERROR - Error processing C:\Users\nikol\AppData\Roaming\MetaQuotes\Terminal\4B1CE69F577705455263BD980C39A82C\MQL5\Profiles\Tester\RSI_Trend_v3_EA_v1.00_01_standard.set: type object 'ParameterRole' has no attribute 'POSITIONING'
2025-04-25 01:47:05,252 - INFO - Processing RSI_with_channels_01_standard.set
2025-04-25 01:47:05,252 - INFO - Processing RSI_with_channels_01_standard.set
2025-04-25 01:47:05,253 - ERROR - Error processing C:\Users\nikol\AppData\Roaming\MetaQuotes\Terminal\4B1CE69F577705455263BD980C39A82C\MQL5\Profiles\Tester\RSI_with_channels_01_standard.set: type object 'ParameterRole' has no attribute 'POSITIONING'
2025-04-25 01:47:05,254 - INFO - Processing RSI_with_channels_EA_v1.00_01_standard.set
2025-04-25 01:47:05,254 - INFO - Processing RSI_with_channels_EA_v1.00_01_standard.set
2025-04-25 01:47:05,255 - ERROR - Error processing C:\Users\nikol\AppData\Roaming\MetaQuotes\Terminal\4B1CE69F577705455263BD980C39A82C\MQL5\Profiles\Tester\RSI_with_channels_EA_v1.00_01_standard.set: type object 'ParameterRole' has no attribute 'POSITIONING'
2025-04-25 01:47:05,256 - INFO - Processing Russian20-hp1_01_standard.set
2025-04-25 01:47:05,257 - INFO - Processing Russian20-hp1_01_standard.set
2025-04-25 01:47:05,258 - ERROR - Error processing C:\Users\nikol\AppData\Roaming\MetaQuotes\Terminal\4B1CE69F577705455263BD980C39A82C\MQL5\Profiles\Tester\Russian20-hp1_01_standard.set: type object 'ParameterRole' has no attribute 'POSITIONING'
2025-04-25 01:47:05,259 - INFO - Processing SampleCheckPendingOrder_01_standard.set
2025-04-25 01:47:05,259 - INFO - Processing SampleCheckPendingOrder_01_standard.set
2025-04-25 01:47:05,260 - ERROR - Error processing C:\Users\nikol\AppData\Roaming\MetaQuotes\Terminal\4B1CE69F577705455263BD980C39A82C\MQL5\Profiles\Tester\SampleCheckPendingOrder_01_standard.set: type object 'ParameterRole' has no attribute 'POSITIONING'
2025-04-25 01:47:05,261 - INFO - Processing SampleTrailingstop-MT5_01_standard.set
2025-04-25 01:47:05,262 - INFO - Processing SampleTrailingstop-MT5_01_standard.set
2025-04-25 01:47:05,263 - ERROR - Error processing C:\Users\nikol\AppData\Roaming\MetaQuotes\Terminal\4B1CE69F577705455263BD980C39A82C\MQL5\Profiles\Tester\SampleTrailingstop-MT5_01_standard.set: type object 'ParameterRole' has no attribute 'POSITIONING'
2025-04-25 01:47:05,264 - INFO - Processing SAR trading v2.0_01_standard.set
2025-04-25 01:47:05,265 - INFO - Processing SAR trading v2.0_01_standard.set
2025-04-25 01:47:05,266 - ERROR - Error processing C:\Users\nikol\AppData\Roaming\MetaQuotes\Terminal\4B1CE69F577705455263BD980C39A82C\MQL5\Profiles\Tester\SAR trading v2.0_01_standard.set: type object 'ParameterRole' has no attribute 'POSITIONING'
2025-04-25 01:47:05,267 - INFO - Processing Secwenta_01_standard.set
2025-04-25 01:47:05,268 - INFO - Processing Secwenta_01_standard.set
2025-04-25 01:47:05,269 - WARNING - Error processing group role_risk: 'list' object has no attribute 'items'
2025-04-25 01:47:05,269 - ERROR - Error processing C:\Users\nikol\AppData\Roaming\MetaQuotes\Terminal\4B1CE69F577705455263BD980C39A82C\MQL5\Profiles\Tester\Secwenta_01_standard.set: dictionary update sequence element #0 has length 8; 2 is required
2025-04-25 01:47:05,270 - INFO - Processing Sell_Stop_01_standard.set
2025-04-25 01:47:05,271 - INFO - Processing Sell_Stop_01_standard.set
2025-04-25 01:47:05,271 - ERROR - Error processing C:\Users\nikol\AppData\Roaming\MetaQuotes\Terminal\4B1CE69F577705455263BD980C39A82C\MQL5\Profiles\Tester\Sell_Stop_01_standard.set: type object 'ParameterRole' has no attribute 'POSITIONING'
2025-04-25 01:47:05,272 - INFO - Processing Sensitive_01_standard.set
2025-04-25 01:47:05,272 - INFO - Processing Sensitive_01_standard.set
2025-04-25 01:47:05,273 - ERROR - Error processing C:\Users\nikol\AppData\Roaming\MetaQuotes\Terminal\4B1CE69F577705455263BD980C39A82C\MQL5\Profiles\Tester\Sensitive_01_standard.set: type object 'ParameterRole' has no attribute 'POSITIONING'
2025-04-25 01:47:05,274 - INFO - Processing Separate trade_01_standard.set
2025-04-25 01:47:05,274 - INFO - Processing Separate trade_01_standard.set
2025-04-25 01:47:05,275 - ERROR - Error processing C:\Users\nikol\AppData\Roaming\MetaQuotes\Terminal\4B1CE69F577705455263BD980C39A82C\MQL5\Profiles\Tester\Separate trade_01_standard.set: type object 'ParameterRole' has no attribute 'POSITIONING'
2025-04-25 01:47:05,276 - INFO - Processing SilverTrend v3_01_standard.set
2025-04-25 01:47:05,276 - INFO - Processing SilverTrend v3_01_standard.set
2025-04-25 01:47:05,277 - ERROR - Error processing C:\Users\nikol\AppData\Roaming\MetaQuotes\Terminal\4B1CE69F577705455263BD980C39A82C\MQL5\Profiles\Tester\SilverTrend v3_01_standard.set: type object 'ParameterRole' has no attribute 'POSITIONING'
2025-04-25 01:47:05,277 - INFO - Processing Simple EA MA plus MACD_01_standard.set
2025-04-25 01:47:05,278 - INFO - Processing Simple EA MA plus MACD_01_standard.set
2025-04-25 01:47:05,279 - ERROR - Error processing C:\Users\nikol\AppData\Roaming\MetaQuotes\Terminal\4B1CE69F577705455263BD980C39A82C\MQL5\Profiles\Tester\Simple EA MA plus MACD_01_standard.set: type object 'ParameterRole' has no attribute 'POSITIONING'
2025-04-25 01:47:05,279 - INFO - Processing Simple FX_01_standard.set
2025-04-25 01:47:05,280 - INFO - Processing Simple FX_01_standard.set
2025-04-25 01:47:05,280 - ERROR - Error processing C:\Users\nikol\AppData\Roaming\MetaQuotes\Terminal\4B1CE69F577705455263BD980C39A82C\MQL5\Profiles\Tester\Simple FX_01_standard.set: type object 'ParameterRole' has no attribute 'POSITIONING'
2025-04-25 01:47:05,281 - INFO - Processing Simple%20Price%20Alert%20%20EA_01_standard.set
2025-04-25 01:47:05,281 - INFO - Processing Simple%20Price%20Alert%20%20EA_01_standard.set
2025-04-25 01:47:05,282 - ERROR - Error processing C:\Users\nikol\AppData\Roaming\MetaQuotes\Terminal\4B1CE69F577705455263BD980C39A82C\MQL5\Profiles\Tester\Simple%20Price%20Alert%20%20EA_01_standard.set: type object 'ParameterRole' has no attribute 'POSITIONING'
2025-04-25 01:47:05,283 - INFO - Processing Simple%20Volume%20EA_01_standard.set
2025-04-25 01:47:05,283 - INFO - Processing Simple%20Volume%20EA_01_standard.set
2025-04-25 01:47:05,284 - ERROR - Error processing C:\Users\nikol\AppData\Roaming\MetaQuotes\Terminal\4B1CE69F577705455263BD980C39A82C\MQL5\Profiles\Tester\Simple%20Volume%20EA_01_standard.set: type object 'ParameterRole' has no attribute 'POSITIONING'
2025-04-25 01:47:05,284 - INFO - Processing SimplePivot_01_standard.set
2025-04-25 01:47:05,285 - INFO - Processing SimplePivot_01_standard.set
2025-04-25 01:47:05,285 - WARNING - Error processing group role_risk: 'list' object has no attribute 'items'
2025-04-25 01:47:05,286 - ERROR - Error processing C:\Users\nikol\AppData\Roaming\MetaQuotes\Terminal\4B1CE69F577705455263BD980C39A82C\MQL5\Profiles\Tester\SimplePivot_01_standard.set: dictionary update sequence element #0 has length 8; 2 is required
2025-04-25 01:47:05,286 - INFO - Processing Simplest Hedging EA ever_01_standard.set
2025-04-25 01:47:05,286 - INFO - Processing Simplest Hedging EA ever_01_standard.set
2025-04-25 01:47:05,287 - ERROR - Error processing C:\Users\nikol\AppData\Roaming\MetaQuotes\Terminal\4B1CE69F577705455263BD980C39A82C\MQL5\Profiles\Tester\Simplest Hedging EA ever_01_standard.set: type object 'ParameterRole' has no attribute 'POSITIONING'
2025-04-25 01:47:05,288 - INFO - Processing SimpleTrade _01_standard.set
2025-04-25 01:47:05,288 - INFO - Processing SimpleTrade _01_standard.set
2025-04-25 01:47:05,289 - ERROR - Error processing C:\Users\nikol\AppData\Roaming\MetaQuotes\Terminal\4B1CE69F577705455263BD980C39A82C\MQL5\Profiles\Tester\SimpleTrade _01_standard.set: type object 'ParameterRole' has no attribute 'POSITIONING'
2025-04-25 01:47:05,289 - INFO - Processing Simple_MACD_01_standard.set
2025-04-25 01:47:05,290 - INFO - Processing Simple_MACD_01_standard.set
2025-04-25 01:47:05,290 - WARNING - Error processing group role_risk: 'list' object has no attribute 'items'
2025-04-25 01:47:05,291 - ERROR - Error processing C:\Users\nikol\AppData\Roaming\MetaQuotes\Terminal\4B1CE69F577705455263BD980C39A82C\MQL5\Profiles\Tester\Simple_MACD_01_standard.set: dictionary update sequence element #0 has length 8; 2 is required
2025-04-25 01:47:05,291 - INFO - Processing Simple_Volume_EA_v2_01_standard.set
2025-04-25 01:47:05,291 - INFO - Processing Simple_Volume_EA_v2_01_standard.set
2025-04-25 01:47:05,292 - ERROR - Error processing C:\Users\nikol\AppData\Roaming\MetaQuotes\Terminal\4B1CE69F577705455263BD980C39A82C\MQL5\Profiles\Tester\Simple_Volume_EA_v2_01_standard.set: type object 'ParameterRole' has no attribute 'POSITIONING'
2025-04-25 01:47:05,292 - INFO - Processing Six_Soldiers_01_standard.set
2025-04-25 01:47:05,293 - INFO - Processing Six_Soldiers_01_standard.set
2025-04-25 01:47:05,294 - WARNING - Error processing group role_system: 'list' object has no attribute 'items'
2025-04-25 01:47:05,294 - ERROR - Error processing C:\Users\nikol\AppData\Roaming\MetaQuotes\Terminal\4B1CE69F577705455263BD980C39A82C\MQL5\Profiles\Tester\Six_Soldiers_01_standard.set: dictionary update sequence element #0 has length 20; 2 is required
2025-04-25 01:47:05,295 - INFO - Processing Six_Soldiers_EA_01_standard.set
2025-04-25 01:47:05,295 - INFO - Processing Six_Soldiers_EA_01_standard.set
2025-04-25 01:47:05,296 - ERROR - Error processing C:\Users\nikol\AppData\Roaming\MetaQuotes\Terminal\4B1CE69F577705455263BD980C39A82C\MQL5\Profiles\Tester\Six_Soldiers_EA_01_standard.set: type object 'ParameterRole' has no attribute 'POSITIONING'
2025-04-25 01:47:05,296 - INFO - Processing Six_Soldiers_EA_Grid_01_standard.set
2025-04-25 01:47:05,297 - INFO - Processing Six_Soldiers_EA_Grid_01_standard.set
2025-04-25 01:47:05,298 - ERROR - Error processing C:\Users\nikol\AppData\Roaming\MetaQuotes\Terminal\4B1CE69F577705455263BD980C39A82C\MQL5\Profiles\Tester\Six_Soldiers_EA_Grid_01_standard.set: type object 'ParameterRole' has no attribute 'POSITIONING'
2025-04-25 01:47:05,298 - INFO - Processing Small_Inside_Bar_Strategy_01_standard.set
2025-04-25 01:47:05,299 - INFO - Processing Small_Inside_Bar_Strategy_01_standard.set
2025-04-25 01:47:05,300 - ERROR - Error processing C:\Users\nikol\AppData\Roaming\MetaQuotes\Terminal\4B1CE69F577705455263BD980C39A82C\MQL5\Profiles\Tester\Small_Inside_Bar_Strategy_01_standard.set: type object 'ParameterRole' has no attribute 'POSITIONING'
2025-04-25 01:47:05,300 - INFO - Processing Smart_Machine%20EA_01_standard.set
2025-04-25 01:47:05,301 - INFO - Processing Smart_Machine%20EA_01_standard.set
2025-04-25 01:47:05,301 - ERROR - Error processing C:\Users\nikol\AppData\Roaming\MetaQuotes\Terminal\4B1CE69F577705455263BD980C39A82C\MQL5\Profiles\Tester\Smart_Machine%20EA_01_standard.set: type object 'ParameterRole' has no attribute 'POSITIONING'
2025-04-25 01:47:05,302 - INFO - Processing Smoothing Average_01_standard.set
2025-04-25 01:47:05,303 - INFO - Processing Smoothing Average_01_standard.set
2025-04-25 01:47:05,303 - ERROR - Error processing C:\Users\nikol\AppData\Roaming\MetaQuotes\Terminal\4B1CE69F577705455263BD980C39A82C\MQL5\Profiles\Tester\Smoothing Average_01_standard.set: type object 'ParameterRole' has no attribute 'POSITIONING'
2025-04-25 01:47:05,304 - INFO - Processing Spasm_01_standard.set
2025-04-25 01:47:05,304 - INFO - Processing Spasm_01_standard.set
2025-04-25 01:47:05,305 - ERROR - Error processing C:\Users\nikol\AppData\Roaming\MetaQuotes\Terminal\4B1CE69F577705455263BD980C39A82C\MQL5\Profiles\Tester\Spasm_01_standard.set: type object 'ParameterRole' has no attribute 'POSITIONING'
2025-04-25 01:47:05,306 - INFO - Processing Sprd_mt5%20EA_01_standard.set
2025-04-25 01:47:05,306 - INFO - Processing Sprd_mt5%20EA_01_standard.set
2025-04-25 01:47:05,307 - ERROR - Error processing C:\Users\nikol\AppData\Roaming\MetaQuotes\Terminal\4B1CE69F577705455263BD980C39A82C\MQL5\Profiles\Tester\Sprd_mt5%20EA_01_standard.set: type object 'ParameterRole' has no attribute 'POSITIONING'
2025-04-25 01:47:05,307 - INFO - Processing ssb5_123_01_standard.set
2025-04-25 01:47:05,307 - INFO - Processing ssb5_123_01_standard.set
2025-04-25 01:47:05,308 - ERROR - Error processing C:\Users\nikol\AppData\Roaming\MetaQuotes\Terminal\4B1CE69F577705455263BD980C39A82C\MQL5\Profiles\Tester\ssb5_123_01_standard.set: type object 'ParameterRole' has no attribute 'POSITIONING'
2025-04-25 01:47:05,309 - INFO - Processing Starter_01_standard.set
2025-04-25 01:47:05,309 - INFO - Processing Starter_01_standard.set
2025-04-25 01:47:05,310 - ERROR - Error processing C:\Users\nikol\AppData\Roaming\MetaQuotes\Terminal\4B1CE69F577705455263BD980C39A82C\MQL5\Profiles\Tester\Starter_01_standard.set: type object 'ParameterRole' has no attribute 'POSITIONING'
2025-04-25 01:47:05,311 - INFO - Processing Steve Cartwright Trader Camel CCI MACD_01_standard.set
2025-04-25 01:47:05,311 - INFO - Processing Steve Cartwright Trader Camel CCI MACD_01_standard.set
2025-04-25 01:47:05,312 - ERROR - Error processing C:\Users\nikol\AppData\Roaming\MetaQuotes\Terminal\4B1CE69F577705455263BD980C39A82C\MQL5\Profiles\Tester\Steve Cartwright Trader Camel CCI MACD_01_standard.set: type object 'ParameterRole' has no attribute 'POSITIONING'
2025-04-25 01:47:05,313 - INFO - Processing Stochastic%20Alert_01_standard.set
2025-04-25 01:47:05,313 - INFO - Processing Stochastic%20Alert_01_standard.set
2025-04-25 01:47:05,314 - ERROR - Error processing C:\Users\nikol\AppData\Roaming\MetaQuotes\Terminal\4B1CE69F577705455263BD980C39A82C\MQL5\Profiles\Tester\Stochastic%20Alert_01_standard.set: type object 'ParameterRole' has no attribute 'POSITIONING'
2025-04-25 01:47:05,314 - INFO - Processing stochasticdiffsign_01_standard.set
2025-04-25 01:47:05,314 - INFO - Processing stochasticdiffsign_01_standard.set
2025-04-25 01:47:05,315 - ERROR - Error processing C:\Users\nikol\AppData\Roaming\MetaQuotes\Terminal\4B1CE69F577705455263BD980C39A82C\MQL5\Profiles\Tester\stochasticdiffsign_01_standard.set: type object 'ParameterRole' has no attribute 'POSITIONING'
2025-04-25 01:47:05,315 - INFO - Processing StochasticDiffSign_EA_01_standard.set
2025-04-25 01:47:05,316 - INFO - Processing StochasticDiffSign_EA_01_standard.set
2025-04-25 01:47:05,317 - ERROR - Error processing C:\Users\nikol\AppData\Roaming\MetaQuotes\Terminal\4B1CE69F577705455263BD980C39A82C\MQL5\Profiles\Tester\StochasticDiffSign_EA_01_standard.set: type object 'ParameterRole' has no attribute 'POSITIONING'
2025-04-25 01:47:05,317 - INFO - Processing Stochastic_K_Divergence.lua_01_standard.set
2025-04-25 01:47:05,318 - INFO - Processing Stochastic_K_Divergence.lua_01_standard.set
2025-04-25 01:47:05,319 - ERROR - Error processing C:\Users\nikol\AppData\Roaming\MetaQuotes\Terminal\4B1CE69F577705455263BD980C39A82C\MQL5\Profiles\Tester\Stochastic_K_Divergence.lua_01_standard.set: type object 'ParameterRole' has no attribute 'POSITIONING'
2025-04-25 01:47:05,319 - INFO - Processing stochastic_three_periods_01_standard.set
2025-04-25 01:47:05,320 - INFO - Processing stochastic_three_periods_01_standard.set
2025-04-25 01:47:05,320 - ERROR - Error processing C:\Users\nikol\AppData\Roaming\MetaQuotes\Terminal\4B1CE69F577705455263BD980C39A82C\MQL5\Profiles\Tester\stochastic_three_periods_01_standard.set: type object 'ParameterRole' has no attribute 'POSITIONING'
2025-04-25 01:47:05,321 - INFO - Processing StochMA_01_standard.set
2025-04-25 01:47:05,321 - INFO - Processing StochMA_01_standard.set
2025-04-25 01:47:05,322 - ERROR - Error processing C:\Users\nikol\AppData\Roaming\MetaQuotes\Terminal\4B1CE69F577705455263BD980C39A82C\MQL5\Profiles\Tester\StochMA_01_standard.set: type object 'ParameterRole' has no attribute 'POSITIONING'
2025-04-25 01:47:05,322 - INFO - Processing StochMA_EA_v1.00_01_standard.set
2025-04-25 01:47:05,322 - INFO - Processing StochMA_EA_v1.00_01_standard.set
2025-04-25 01:47:05,323 - ERROR - Error processing C:\Users\nikol\AppData\Roaming\MetaQuotes\Terminal\4B1CE69F577705455263BD980C39A82C\MQL5\Profiles\Tester\StochMA_EA_v1.00_01_standard.set: type object 'ParameterRole' has no attribute 'POSITIONING'
2025-04-25 01:47:05,324 - INFO - Processing Stoch_01_standard.set
2025-04-25 01:47:05,324 - INFO - Processing Stoch_01_standard.set
2025-04-25 01:47:05,325 - ERROR - Error processing C:\Users\nikol\AppData\Roaming\MetaQuotes\Terminal\4B1CE69F577705455263BD980C39A82C\MQL5\Profiles\Tester\Stoch_01_standard.set: type object 'ParameterRole' has no attribute 'POSITIONING'
2025-04-25 01:47:05,326 - INFO - Processing Stoch_EA_1192_01_standard.set
2025-04-25 01:47:05,326 - INFO - Processing Stoch_EA_1192_01_standard.set
2025-04-25 01:47:05,327 - ERROR - Error processing C:\Users\nikol\AppData\Roaming\MetaQuotes\Terminal\4B1CE69F577705455263BD980C39A82C\MQL5\Profiles\Tester\Stoch_EA_1192_01_standard.set: type object 'ParameterRole' has no attribute 'POSITIONING'
2025-04-25 01:47:05,327 - INFO - Processing Stop Loss Take Profit_01_standard.set
2025-04-25 01:47:05,328 - INFO - Processing Stop Loss Take Profit_01_standard.set
2025-04-25 01:47:05,329 - ERROR - Error processing C:\Users\nikol\AppData\Roaming\MetaQuotes\Terminal\4B1CE69F577705455263BD980C39A82C\MQL5\Profiles\Tester\Stop Loss Take Profit_01_standard.set: type object 'ParameterRole' has no attribute 'POSITIONING'
2025-04-25 01:47:05,329 - INFO - Processing StraddleqTrail_01_standard.set
2025-04-25 01:47:05,330 - INFO - Processing StraddleqTrail_01_standard.set
2025-04-25 01:47:05,331 - ERROR - Error processing C:\Users\nikol\AppData\Roaming\MetaQuotes\Terminal\4B1CE69F577705455263BD980C39A82C\MQL5\Profiles\Tester\StraddleqTrail_01_standard.set: type object 'ParameterRole' has no attribute 'POSITIONING'
2025-04-25 01:47:05,331 - INFO - Processing Surefirething__01_standard.set
2025-04-25 01:47:05,332 - INFO - Processing Surefirething__01_standard.set
2025-04-25 01:47:05,333 - ERROR - Error processing C:\Users\nikol\AppData\Roaming\MetaQuotes\Terminal\4B1CE69F577705455263BD980C39A82C\MQL5\Profiles\Tester\Surefirething__01_standard.set: type object 'ParameterRole' has no attribute 'POSITIONING'
2025-04-25 01:47:05,333 - INFO - Processing TDSGlobal_01_standard.set
2025-04-25 01:47:05,334 - INFO - Processing TDSGlobal_01_standard.set
2025-04-25 01:47:05,334 - ERROR - Error processing C:\Users\nikol\AppData\Roaming\MetaQuotes\Terminal\4B1CE69F577705455263BD980C39A82C\MQL5\Profiles\Tester\TDSGlobal_01_standard.set: type object 'ParameterRole' has no attribute 'POSITIONING'
2025-04-25 01:47:05,335 - INFO - Processing The MasterMind 2_01_standard.set
2025-04-25 01:47:05,335 - INFO - Processing The MasterMind 2_01_standard.set
2025-04-25 01:47:05,336 - ERROR - Error processing C:\Users\nikol\AppData\Roaming\MetaQuotes\Terminal\4B1CE69F577705455263BD980C39A82C\MQL5\Profiles\Tester\The MasterMind 2_01_standard.set: type object 'ParameterRole' has no attribute 'POSITIONING'
2025-04-25 01:47:05,336 - INFO - Processing The MasterMind 3_01_standard.set
2025-04-25 01:47:05,337 - INFO - Processing The MasterMind 3_01_standard.set
2025-04-25 01:47:05,338 - ERROR - Error processing C:\Users\nikol\AppData\Roaming\MetaQuotes\Terminal\4B1CE69F577705455263BD980C39A82C\MQL5\Profiles\Tester\The MasterMind 3_01_standard.set: type object 'ParameterRole' has no attribute 'POSITIONING'
2025-04-25 01:47:05,338 - INFO - Processing The MasterMind_01_standard.set
2025-04-25 01:47:05,339 - INFO - Processing The MasterMind_01_standard.set
2025-04-25 01:47:05,339 - ERROR - Error processing C:\Users\nikol\AppData\Roaming\MetaQuotes\Terminal\4B1CE69F577705455263BD980C39A82C\MQL5\Profiles\Tester\The MasterMind_01_standard.set: type object 'ParameterRole' has no attribute 'POSITIONING'
2025-04-25 01:47:05,340 - INFO - Processing The Puncher_01_standard.set
2025-04-25 01:47:05,340 - INFO - Processing The Puncher_01_standard.set
2025-04-25 01:47:05,341 - ERROR - Error processing C:\Users\nikol\AppData\Roaming\MetaQuotes\Terminal\4B1CE69F577705455263BD980C39A82C\MQL5\Profiles\Tester\The Puncher_01_standard.set: type object 'ParameterRole' has no attribute 'POSITIONING'
2025-04-25 01:47:05,341 - INFO - Processing TheClassicTurtleTrader_no_dots_01_standard.set
2025-04-25 01:47:05,341 - INFO - Processing TheClassicTurtleTrader_no_dots_01_standard.set
2025-04-25 01:47:05,342 - ERROR - Error processing C:\Users\nikol\AppData\Roaming\MetaQuotes\Terminal\4B1CE69F577705455263BD980C39A82C\MQL5\Profiles\Tester\TheClassicTurtleTrader_no_dots_01_standard.set: type object 'ParameterRole' has no attribute 'POSITIONING'
2025-04-25 01:47:05,343 - INFO - Processing TheClassicTurtleTrader_no_dots_EA_v1.00_01_standard.set
2025-04-25 01:47:05,343 - INFO - Processing TheClassicTurtleTrader_no_dots_EA_v1.00_01_standard.set
2025-04-25 01:47:05,344 - ERROR - Error processing C:\Users\nikol\AppData\Roaming\MetaQuotes\Terminal\4B1CE69F577705455263BD980C39A82C\MQL5\Profiles\Tester\TheClassicTurtleTrader_no_dots_EA_v1.00_01_standard.set: type object 'ParameterRole' has no attribute 'POSITIONING'
2025-04-25 01:47:05,345 - INFO - Processing Three indicators_01_standard.set
2025-04-25 01:47:05,345 - INFO - Processing Three indicators_01_standard.set
2025-04-25 01:47:05,346 - ERROR - Error processing C:\Users\nikol\AppData\Roaming\MetaQuotes\Terminal\4B1CE69F577705455263BD980C39A82C\MQL5\Profiles\Tester\Three indicators_01_standard.set: type object 'ParameterRole' has no attribute 'POSITIONING'
2025-04-25 01:47:05,346 - INFO - Processing Three neural networks_01_standard.set
2025-04-25 01:47:05,347 - INFO - Processing Three neural networks_01_standard.set
2025-04-25 01:47:05,347 - ERROR - Error processing C:\Users\nikol\AppData\Roaming\MetaQuotes\Terminal\4B1CE69F577705455263BD980C39A82C\MQL5\Profiles\Tester\Three neural networks_01_standard.set: type object 'ParameterRole' has no attribute 'POSITIONING'
2025-04-25 01:47:05,348 - INFO - Processing Three timeframes_01_standard.set
2025-04-25 01:47:05,348 - INFO - Processing Three timeframes_01_standard.set
2025-04-25 01:47:05,349 - ERROR - Error processing C:\Users\nikol\AppData\Roaming\MetaQuotes\Terminal\4B1CE69F577705455263BD980C39A82C\MQL5\Profiles\Tester\Three timeframes_01_standard.set: type object 'ParameterRole' has no attribute 'POSITIONING'
2025-04-25 01:47:05,349 - INFO - Processing Three Typical Candles_01_standard.set
2025-04-25 01:47:05,349 - INFO - Processing Three Typical Candles_01_standard.set
2025-04-25 01:47:05,350 - WARNING - Error processing group role_risk: 'list' object has no attribute 'items'
2025-04-25 01:47:05,351 - ERROR - Error processing C:\Users\nikol\AppData\Roaming\MetaQuotes\Terminal\4B1CE69F577705455263BD980C39A82C\MQL5\Profiles\Tester\Three Typical Candles_01_standard.set: dictionary update sequence element #0 has length 13; 2 is required
2025-04-25 01:47:05,352 - INFO - Processing timer_trade_01_standard.set
2025-04-25 01:47:05,352 - INFO - Processing timer_trade_01_standard.set
2025-04-25 01:47:05,353 - ERROR - Error processing C:\Users\nikol\AppData\Roaming\MetaQuotes\Terminal\4B1CE69F577705455263BD980C39A82C\MQL5\Profiles\Tester\timer_trade_01_standard.set: type object 'ParameterRole' has no attribute 'POSITIONING'
2025-04-25 01:47:05,353 - INFO - Processing Time_sync_forts_01_standard.set
2025-04-25 01:47:05,354 - INFO - Processing Time_sync_forts_01_standard.set
2025-04-25 01:47:05,354 - WARNING - Error processing group role_system: 'list' object has no attribute 'items'
2025-04-25 01:47:05,355 - ERROR - Error processing C:\Users\nikol\AppData\Roaming\MetaQuotes\Terminal\4B1CE69F577705455263BD980C39A82C\MQL5\Profiles\Tester\Time_sync_forts_01_standard.set: dictionary update sequence element #0 has length 9; 2 is required
2025-04-25 01:47:05,355 - INFO - Processing TmaTrue_2.0_with_Distances_6xx_01_standard.set
2025-04-25 01:47:05,356 - INFO - Processing TmaTrue_2.0_with_Distances_6xx_01_standard.set
2025-04-25 01:47:05,356 - ERROR - Error processing C:\Users\nikol\AppData\Roaming\MetaQuotes\Terminal\4B1CE69F577705455263BD980C39A82C\MQL5\Profiles\Tester\TmaTrue_2.0_with_Distances_6xx_01_standard.set: type object 'ParameterRole' has no attribute 'POSITIONING'
2025-04-25 01:47:05,356 - INFO - Processing TmaTrue_3.0_with_Distances_6xx_01_standard.set
2025-04-25 01:47:05,357 - INFO - Processing TmaTrue_3.0_with_Distances_6xx_01_standard.set
2025-04-25 01:47:05,358 - ERROR - Error processing C:\Users\nikol\AppData\Roaming\MetaQuotes\Terminal\4B1CE69F577705455263BD980C39A82C\MQL5\Profiles\Tester\TmaTrue_3.0_with_Distances_6xx_01_standard.set: type object 'ParameterRole' has no attribute 'POSITIONING'
2025-04-25 01:47:05,358 - INFO - Processing TMA_ATR_Channel_01_standard.set
2025-04-25 01:47:05,359 - INFO - Processing TMA_ATR_Channel_01_standard.set
2025-04-25 01:47:05,360 - ERROR - Error processing C:\Users\nikol\AppData\Roaming\MetaQuotes\Terminal\4B1CE69F577705455263BD980C39A82C\MQL5\Profiles\Tester\TMA_ATR_Channel_01_standard.set: type object 'ParameterRole' has no attribute 'POSITIONING'
2025-04-25 01:47:05,360 - INFO - Processing TMA_ATR_EA_v1.00_01_standard.set
2025-04-25 01:47:05,361 - INFO - Processing TMA_ATR_EA_v1.00_01_standard.set
2025-04-25 01:47:05,361 - ERROR - Error processing C:\Users\nikol\AppData\Roaming\MetaQuotes\Terminal\4B1CE69F577705455263BD980C39A82C\MQL5\Profiles\Tester\TMA_ATR_EA_v1.00_01_standard.set: type object 'ParameterRole' has no attribute 'POSITIONING'
2025-04-25 01:47:05,362 - INFO - Processing TMA_CG_EA_01_standard.set
2025-04-25 01:47:05,362 - INFO - Processing TMA_CG_EA_01_standard.set
2025-04-25 01:47:05,363 - ERROR - Error processing C:\Users\nikol\AppData\Roaming\MetaQuotes\Terminal\4B1CE69F577705455263BD980C39A82C\MQL5\Profiles\Tester\TMA_CG_EA_01_standard.set: type object 'ParameterRole' has no attribute 'POSITIONING'
2025-04-25 01:47:05,363 - INFO - Processing TMA_CG_Martingale%20EA_01_standard.set
2025-04-25 01:47:05,364 - INFO - Processing TMA_CG_Martingale%20EA_01_standard.set
2025-04-25 01:47:05,364 - ERROR - Error processing C:\Users\nikol\AppData\Roaming\MetaQuotes\Terminal\4B1CE69F577705455263BD980C39A82C\MQL5\Profiles\Tester\TMA_CG_Martingale%20EA_01_standard.set: type object 'ParameterRole' has no attribute 'POSITIONING'
2025-04-25 01:47:05,365 - INFO - Processing TMA_CG_mladen_01_standard.set
2025-04-25 01:47:05,365 - INFO - Processing TMA_CG_mladen_01_standard.set
2025-04-25 01:47:05,366 - ERROR - Error processing C:\Users\nikol\AppData\Roaming\MetaQuotes\Terminal\4B1CE69F577705455263BD980C39A82C\MQL5\Profiles\Tester\TMA_CG_mladen_01_standard.set: type object 'ParameterRole' has no attribute 'POSITIONING'
2025-04-25 01:47:05,367 - INFO - Processing TMA_CG_special_01_standard.set
2025-04-25 01:47:05,367 - INFO - Processing TMA_CG_special_01_standard.set
2025-04-25 01:47:05,368 - ERROR - Error processing C:\Users\nikol\AppData\Roaming\MetaQuotes\Terminal\4B1CE69F577705455263BD980C39A82C\MQL5\Profiles\Tester\TMA_CG_special_01_standard.set: type object 'ParameterRole' has no attribute 'POSITIONING'
2025-04-25 01:47:05,368 - INFO - Processing TMA_slope_bands_01_standard.set
2025-04-25 01:47:05,369 - INFO - Processing TMA_slope_bands_01_standard.set
2025-04-25 01:47:05,369 - ERROR - Error processing C:\Users\nikol\AppData\Roaming\MetaQuotes\Terminal\4B1CE69F577705455263BD980C39A82C\MQL5\Profiles\Tester\TMA_slope_bands_01_standard.set: type object 'ParameterRole' has no attribute 'POSITIONING'
2025-04-25 01:47:05,370 - INFO - Processing TP_with_money_01_standard.set
2025-04-25 01:47:05,370 - INFO - Processing TP_with_money_01_standard.set
2025-04-25 01:47:05,371 - ERROR - Error processing C:\Users\nikol\AppData\Roaming\MetaQuotes\Terminal\4B1CE69F577705455263BD980C39A82C\MQL5\Profiles\Tester\TP_with_money_01_standard.set: type object 'ParameterRole' has no attribute 'POSITIONING'
2025-04-25 01:47:05,371 - INFO - Processing Trade in Channel_01_standard.set
2025-04-25 01:47:05,372 - INFO - Processing Trade in Channel_01_standard.set
2025-04-25 01:47:05,372 - ERROR - Error processing C:\Users\nikol\AppData\Roaming\MetaQuotes\Terminal\4B1CE69F577705455263BD980C39A82C\MQL5\Profiles\Tester\Trade in Channel_01_standard.set: type object 'ParameterRole' has no attribute 'POSITIONING'
2025-04-25 01:47:05,373 - INFO - Processing Trade on qualified RSI_01_standard.set
2025-04-25 01:47:05,373 - INFO - Processing Trade on qualified RSI_01_standard.set
2025-04-25 01:47:05,374 - ERROR - Error processing C:\Users\nikol\AppData\Roaming\MetaQuotes\Terminal\4B1CE69F577705455263BD980C39A82C\MQL5\Profiles\Tester\Trade on qualified RSI_01_standard.set: type object 'ParameterRole' has no attribute 'POSITIONING'
2025-04-25 01:47:05,375 - INFO - Processing Trading Breakout_ MrThanhTan_01_standard.set
2025-04-25 01:47:05,375 - INFO - Processing Trading Breakout_ MrThanhTan_01_standard.set
2025-04-25 01:47:05,376 - ERROR - Error processing C:\Users\nikol\AppData\Roaming\MetaQuotes\Terminal\4B1CE69F577705455263BD980C39A82C\MQL5\Profiles\Tester\Trading Breakout_ MrThanhTan_01_standard.set: type object 'ParameterRole' has no attribute 'POSITIONING'
2025-04-25 01:47:05,376 - INFO - Processing Trend_Trader_Strategy_01_standard.set
2025-04-25 01:47:05,377 - INFO - Processing Trend_Trader_Strategy_01_standard.set
2025-04-25 01:47:05,377 - WARNING - Error processing group role_system: 'list' object has no attribute 'items'
2025-04-25 01:47:05,378 - ERROR - Error processing C:\Users\nikol\AppData\Roaming\MetaQuotes\Terminal\4B1CE69F577705455263BD980C39A82C\MQL5\Profiles\Tester\Trend_Trader_Strategy_01_standard.set: dictionary update sequence element #0 has length 11; 2 is required
2025-04-25 01:47:05,378 - INFO - Processing Trend_Trader_Strategy_EA_v1.00_01_standard.set
2025-04-25 01:47:05,379 - INFO - Processing Trend_Trader_Strategy_EA_v1.00_01_standard.set
2025-04-25 01:47:05,380 - ERROR - Error processing C:\Users\nikol\AppData\Roaming\MetaQuotes\Terminal\4B1CE69F577705455263BD980C39A82C\MQL5\Profiles\Tester\Trend_Trader_Strategy_EA_v1.00_01_standard.set: type object 'ParameterRole' has no attribute 'POSITIONING'
2025-04-25 01:47:05,380 - INFO - Processing True Scalper Profit Lock_01_standard.set
2025-04-25 01:47:05,381 - INFO - Processing True Scalper Profit Lock_01_standard.set
2025-04-25 01:47:05,381 - ERROR - Error processing C:\Users\nikol\AppData\Roaming\MetaQuotes\Terminal\4B1CE69F577705455263BD980C39A82C\MQL5\Profiles\Tester\True Scalper Profit Lock_01_standard.set: type object 'ParameterRole' has no attribute 'POSITIONING'
2025-04-25 01:47:05,382 - INFO - Processing TrueSort_1100_01_standard.set
2025-04-25 01:47:05,382 - INFO - Processing TrueSort_1100_01_standard.set
2025-04-25 01:47:05,383 - ERROR - Error processing C:\Users\nikol\AppData\Roaming\MetaQuotes\Terminal\4B1CE69F577705455263BD980C39A82C\MQL5\Profiles\Tester\TrueSort_1100_01_standard.set: type object 'ParameterRole' has no attribute 'POSITIONING'
2025-04-25 01:47:05,383 - INFO - Processing Tru_EA_01_standard.set
2025-04-25 01:47:05,384 - INFO - Processing Tru_EA_01_standard.set
2025-04-25 01:47:05,384 - ERROR - Error processing C:\Users\nikol\AppData\Roaming\MetaQuotes\Terminal\4B1CE69F577705455263BD980C39A82C\MQL5\Profiles\Tester\Tru_EA_01_standard.set: type object 'ParameterRole' has no attribute 'POSITIONING'
2025-04-25 01:47:05,385 - INFO - Processing Tunnel gen4_01_standard.set
2025-04-25 01:47:05,386 - INFO - Processing Tunnel gen4_01_standard.set
2025-04-25 01:47:05,386 - WARNING - Error processing group role_risk: 'list' object has no attribute 'items'
2025-04-25 01:47:05,387 - ERROR - Error processing C:\Users\nikol\AppData\Roaming\MetaQuotes\Terminal\4B1CE69F577705455263BD980C39A82C\MQL5\Profiles\Tester\Tunnel gen4_01_standard.set: dictionary update sequence element #0 has length 8; 2 is required
2025-04-25 01:47:05,388 - INFO - Processing Tunnel Method_01_standard.set
2025-04-25 01:47:05,388 - INFO - Processing Tunnel Method_01_standard.set
2025-04-25 01:47:05,389 - ERROR - Error processing C:\Users\nikol\AppData\Roaming\MetaQuotes\Terminal\4B1CE69F577705455263BD980C39A82C\MQL5\Profiles\Tester\Tunnel Method_01_standard.set: type object 'ParameterRole' has no attribute 'POSITIONING'
2025-04-25 01:47:05,389 - INFO - Processing TurnGrid_01_standard.set
2025-04-25 01:47:05,389 - INFO - Processing TurnGrid_01_standard.set
2025-04-25 01:47:05,390 - ERROR - Error processing C:\Users\nikol\AppData\Roaming\MetaQuotes\Terminal\4B1CE69F577705455263BD980C39A82C\MQL5\Profiles\Tester\TurnGrid_01_standard.set: type object 'ParameterRole' has no attribute 'POSITIONING'
2025-04-25 01:47:05,390 - INFO - Processing Two pending orders 2_01_standard.set
2025-04-25 01:47:05,391 - INFO - Processing Two pending orders 2_01_standard.set
2025-04-25 01:47:05,391 - ERROR - Error processing C:\Users\nikol\AppData\Roaming\MetaQuotes\Terminal\4B1CE69F577705455263BD980C39A82C\MQL5\Profiles\Tester\Two pending orders 2_01_standard.set: type object 'ParameterRole' has no attribute 'POSITIONING'
2025-04-25 01:47:05,392 - INFO - Processing Two PerBar _01_standard.set
2025-04-25 01:47:05,392 - INFO - Processing Two PerBar _01_standard.set
2025-04-25 01:47:05,393 - ERROR - Error processing C:\Users\nikol\AppData\Roaming\MetaQuotes\Terminal\4B1CE69F577705455263BD980C39A82C\MQL5\Profiles\Tester\Two PerBar _01_standard.set: type object 'ParameterRole' has no attribute 'POSITIONING'
2025-04-25 01:47:05,394 - INFO - Processing Two%20MA%20RSI%20ADX%20EA_01_standard.set
2025-04-25 01:47:05,394 - INFO - Processing Two%20MA%20RSI%20ADX%20EA_01_standard.set
2025-04-25 01:47:05,395 - ERROR - Error processing C:\Users\nikol\AppData\Roaming\MetaQuotes\Terminal\4B1CE69F577705455263BD980C39A82C\MQL5\Profiles\Tester\Two%20MA%20RSI%20ADX%20EA_01_standard.set: type object 'ParameterRole' has no attribute 'POSITIONING'
2025-04-25 01:47:05,395 - INFO - Processing Two%20Orders%20Panel_01_standard.set
2025-04-25 01:47:05,396 - INFO - Processing Two%20Orders%20Panel_01_standard.set
2025-04-25 01:47:05,396 - WARNING - Error processing group role_risk: 'list' object has no attribute 'items'
2025-04-25 01:47:05,396 - ERROR - Error processing C:\Users\nikol\AppData\Roaming\MetaQuotes\Terminal\4B1CE69F577705455263BD980C39A82C\MQL5\Profiles\Tester\Two%20Orders%20Panel_01_standard.set: dictionary update sequence element #0 has length 6; 2 is required
2025-04-25 01:47:05,397 - INFO - Processing UnityPro_01_standard.set
2025-04-25 01:47:05,397 - INFO - Processing UnityPro_01_standard.set
2025-04-25 01:47:05,398 - ERROR - Error processing C:\Users\nikol\AppData\Roaming\MetaQuotes\Terminal\4B1CE69F577705455263BD980C39A82C\MQL5\Profiles\Tester\UnityPro_01_standard.set: type object 'ParameterRole' has no attribute 'POSITIONING'
2025-04-25 01:47:05,398 - INFO - Processing UniversalMACrossEA_01_standard.set
2025-04-25 01:47:05,398 - INFO - Processing UniversalMACrossEA_01_standard.set
2025-04-25 01:47:05,399 - ERROR - Error processing C:\Users\nikol\AppData\Roaming\MetaQuotes\Terminal\4B1CE69F577705455263BD980C39A82C\MQL5\Profiles\Tester\UniversalMACrossEA_01_standard.set: type object 'ParameterRole' has no attribute 'POSITIONING'
2025-04-25 01:47:05,400 - INFO - Processing UniversalSignalDemo_01_standard.set
2025-04-25 01:47:05,400 - INFO - Processing UniversalSignalDemo_01_standard.set
2025-04-25 01:47:05,401 - ERROR - Error processing C:\Users\nikol\AppData\Roaming\MetaQuotes\Terminal\4B1CE69F577705455263BD980C39A82C\MQL5\Profiles\Tester\UniversalSignalDemo_01_standard.set: type object 'ParameterRole' has no attribute 'POSITIONING'
2025-04-25 01:47:05,402 - INFO - Processing Universum 3.0_01_standard.set
2025-04-25 01:47:05,402 - INFO - Processing Universum 3.0_01_standard.set
2025-04-25 01:47:05,403 - ERROR - Error processing C:\Users\nikol\AppData\Roaming\MetaQuotes\Terminal\4B1CE69F577705455263BD980C39A82C\MQL5\Profiles\Tester\Universum 3.0_01_standard.set: type object 'ParameterRole' has no attribute 'POSITIONING'
2025-04-25 01:47:05,404 - INFO - Processing UnNomGuai%20EA_01_standard.set
2025-04-25 01:47:05,404 - INFO - Processing UnNomGuai%20EA_01_standard.set
2025-04-25 01:47:05,405 - ERROR - Error processing C:\Users\nikol\AppData\Roaming\MetaQuotes\Terminal\4B1CE69F577705455263BD980C39A82C\MQL5\Profiles\Tester\UnNomGuai%20EA_01_standard.set: type object 'ParameterRole' has no attribute 'POSITIONING'
2025-04-25 01:47:05,405 - INFO - Processing up3x1 Investor_01_standard.set
2025-04-25 01:47:05,406 - INFO - Processing up3x1 Investor_01_standard.set
2025-04-25 01:47:05,407 - ERROR - Error processing C:\Users\nikol\AppData\Roaming\MetaQuotes\Terminal\4B1CE69F577705455263BD980C39A82C\MQL5\Profiles\Tester\up3x1 Investor_01_standard.set: type object 'ParameterRole' has no attribute 'POSITIONING'
2025-04-25 01:47:05,407 - INFO - Processing up3x1_01_standard.set
2025-04-25 01:47:05,408 - INFO - Processing up3x1_01_standard.set
2025-04-25 01:47:05,408 - ERROR - Error processing C:\Users\nikol\AppData\Roaming\MetaQuotes\Terminal\4B1CE69F577705455263BD980C39A82C\MQL5\Profiles\Tester\up3x1_01_standard.set: type object 'ParameterRole' has no attribute 'POSITIONING'
2025-04-25 01:47:05,409 - INFO - Processing up3x1_premium_v2M_01_standard.set
2025-04-25 01:47:05,409 - INFO - Processing up3x1_premium_v2M_01_standard.set
2025-04-25 01:47:05,410 - ERROR - Error processing C:\Users\nikol\AppData\Roaming\MetaQuotes\Terminal\4B1CE69F577705455263BD980C39A82C\MQL5\Profiles\Tester\up3x1_premium_v2M_01_standard.set: type object 'ParameterRole' has no attribute 'POSITIONING'
2025-04-25 01:47:05,410 - INFO - Processing Urdala_Trol_01_standard.set
2025-04-25 01:47:05,411 - INFO - Processing Urdala_Trol_01_standard.set
2025-04-25 01:47:05,411 - ERROR - Error processing C:\Users\nikol\AppData\Roaming\MetaQuotes\Terminal\4B1CE69F577705455263BD980C39A82C\MQL5\Profiles\Tester\Urdala_Trol_01_standard.set: type object 'ParameterRole' has no attribute 'POSITIONING'
2025-04-25 01:47:05,412 - INFO - Processing Very Blonde System_01_standard.set
2025-04-25 01:47:05,412 - INFO - Processing Very Blonde System_01_standard.set
2025-04-25 01:47:05,413 - WARNING - Error processing group role_system: 'list' object has no attribute 'items'
2025-04-25 01:47:05,413 - ERROR - Error processing C:\Users\nikol\AppData\Roaming\MetaQuotes\Terminal\4B1CE69F577705455263BD980C39A82C\MQL5\Profiles\Tester\Very Blonde System_01_standard.set: dictionary update sequence element #0 has length 10; 2 is required
2025-04-25 01:47:05,414 - INFO - Processing Virtual Trailing Stop_01_standard.set
2025-04-25 01:47:05,414 - INFO - Processing Virtual Trailing Stop_01_standard.set
2025-04-25 01:47:05,415 - ERROR - Error processing C:\Users\nikol\AppData\Roaming\MetaQuotes\Terminal\4B1CE69F577705455263BD980C39A82C\MQL5\Profiles\Tester\Virtual Trailing Stop_01_standard.set: type object 'ParameterRole' has no attribute 'POSITIONING'
2025-04-25 01:47:05,415 - INFO - Processing VLT_TRADER_01_standard.set
2025-04-25 01:47:05,416 - INFO - Processing VLT_TRADER_01_standard.set
2025-04-25 01:47:05,416 - ERROR - Error processing C:\Users\nikol\AppData\Roaming\MetaQuotes\Terminal\4B1CE69F577705455263BD980C39A82C\MQL5\Profiles\Tester\VLT_TRADER_01_standard.set: type object 'ParameterRole' has no attribute 'POSITIONING'
2025-04-25 01:47:05,417 - INFO - Processing Volume trader_01_standard.set
2025-04-25 01:47:05,417 - INFO - Processing Volume trader_01_standard.set
2025-04-25 01:47:05,417 - WARNING - Error processing group role_risk: 'list' object has no attribute 'items'
2025-04-25 01:47:05,418 - ERROR - Error processing C:\Users\nikol\AppData\Roaming\MetaQuotes\Terminal\4B1CE69F577705455263BD980C39A82C\MQL5\Profiles\Tester\Volume trader_01_standard.set: dictionary update sequence element #0 has length 8; 2 is required
2025-04-25 01:47:05,418 - INFO - Processing Vortex Indicator System_01_standard.set
2025-04-25 01:47:05,418 - INFO - Processing Vortex Indicator System_01_standard.set
2025-04-25 01:47:05,419 - WARNING - Error processing group role_system: 'list' object has no attribute 'items'
2025-04-25 01:47:05,419 - ERROR - Error processing C:\Users\nikol\AppData\Roaming\MetaQuotes\Terminal\4B1CE69F577705455263BD980C39A82C\MQL5\Profiles\Tester\Vortex Indicator System_01_standard.set: dictionary update sequence element #0 has length 10; 2 is required
2025-04-25 01:47:05,420 - INFO - Processing VR---Overturn_01_standard.set
2025-04-25 01:47:05,420 - INFO - Processing VR---Overturn_01_standard.set
2025-04-25 01:47:05,421 - ERROR - Error processing C:\Users\nikol\AppData\Roaming\MetaQuotes\Terminal\4B1CE69F577705455263BD980C39A82C\MQL5\Profiles\Tester\VR---Overturn_01_standard.set: type object 'ParameterRole' has no attribute 'POSITIONING'
2025-04-25 01:47:05,421 - INFO - Processing VR---ZVER v.2_01_standard.set
2025-04-25 01:47:05,422 - INFO - Processing VR---ZVER v.2_01_standard.set
2025-04-25 01:47:05,423 - ERROR - Error processing C:\Users\nikol\AppData\Roaming\MetaQuotes\Terminal\4B1CE69F577705455263BD980C39A82C\MQL5\Profiles\Tester\VR---ZVER v.2_01_standard.set: type object 'ParameterRole' has no attribute 'POSITIONING'
2025-04-25 01:47:05,423 - INFO - Processing VR---ZVER_01_standard.set
2025-04-25 01:47:05,424 - INFO - Processing VR---ZVER_01_standard.set
2025-04-25 01:47:05,424 - ERROR - Error processing C:\Users\nikol\AppData\Roaming\MetaQuotes\Terminal\4B1CE69F577705455263BD980C39A82C\MQL5\Profiles\Tester\VR---ZVER_01_standard.set: type object 'ParameterRole' has no attribute 'POSITIONING'
2025-04-25 01:47:05,425 - INFO - Processing VZO_01_standard.set
2025-04-25 01:47:05,425 - INFO - Processing VZO_01_standard.set
2025-04-25 01:47:05,425 - WARNING - Error processing group role_system: 'list' object has no attribute 'items'
2025-04-25 01:47:05,426 - ERROR - Error processing C:\Users\nikol\AppData\Roaming\MetaQuotes\Terminal\4B1CE69F577705455263BD980C39A82C\MQL5\Profiles\Tester\VZO_01_standard.set: dictionary update sequence element #0 has length 11; 2 is required
2025-04-25 01:47:05,426 - INFO - Processing Waddah_Attar_Win_01_standard.set
2025-04-25 01:47:05,427 - INFO - Processing Waddah_Attar_Win_01_standard.set
2025-04-25 01:47:05,427 - ERROR - Error processing C:\Users\nikol\AppData\Roaming\MetaQuotes\Terminal\4B1CE69F577705455263BD980C39A82C\MQL5\Profiles\Tester\Waddah_Attar_Win_01_standard.set: type object 'ParameterRole' has no attribute 'POSITIONING'
2025-04-25 01:47:05,428 - INFO - Processing WE TRUST_01_standard.set
2025-04-25 01:47:05,428 - INFO - Processing WE TRUST_01_standard.set
2025-04-25 01:47:05,429 - ERROR - Error processing C:\Users\nikol\AppData\Roaming\MetaQuotes\Terminal\4B1CE69F577705455263BD980C39A82C\MQL5\Profiles\Tester\WE TRUST_01_standard.set: type object 'ParameterRole' has no attribute 'POSITIONING'
2025-04-25 01:47:05,430 - INFO - Processing X-RSIOMA_01_standard.set
2025-04-25 01:47:05,430 - INFO - Processing X-RSIOMA_01_standard.set
2025-04-25 01:47:05,431 - ERROR - Error processing C:\Users\nikol\AppData\Roaming\MetaQuotes\Terminal\4B1CE69F577705455263BD980C39A82C\MQL5\Profiles\Tester\X-RSIOMA_01_standard.set: type object 'ParameterRole' has no attribute 'POSITIONING'
2025-04-25 01:47:05,431 - INFO - Processing Yesterday Today_01_standard.set
2025-04-25 01:47:05,432 - INFO - Processing Yesterday Today_01_standard.set
2025-04-25 01:47:05,432 - ERROR - Error processing C:\Users\nikol\AppData\Roaming\MetaQuotes\Terminal\4B1CE69F577705455263BD980C39A82C\MQL5\Profiles\Tester\Yesterday Today_01_standard.set: type object 'ParameterRole' has no attribute 'POSITIONING'
2025-04-25 01:47:05,433 - INFO - 
Processing Summary:
2025-04-25 01:47:05,433 - INFO - Total files: 482
2025-04-25 01:47:05,433 - INFO - Successfully processed: 0
2025-04-25 01:47:05,434 - INFO - Failed: 482
2025-04-25 01:47:05,434 - INFO - Skipped: 0
