2025-04-30 04:45:20,447 - INFO - Found 2261 .set files to process
2025-04-30 04:45:20,449 - ERROR - Error reading C:\Users\nikol\AppData\Roaming\MetaQuotes\Terminal\4B1CE69F577705455263BD980C39A82C\MQL5\Profiles\Tester\10-pips-EURUSD_01_standard.set: 'utf-8' codec can't decode byte 0xff in position 0: invalid start byte
2025-04-30 04:45:20,452 - INFO - Successfully optimized 10-pips-EURUSD_01_standard.set -> 10-pips-EURUSD_01_otp.set
2025-04-30 04:45:20,456 - ERROR - Error reading C:\Users\nikol\AppData\Roaming\MetaQuotes\Terminal\4B1CE69F577705455263BD980C39A82C\MQL5\Profiles\Tester\10-pips_01_standard.set: 'utf-8' codec can't decode byte 0xff in position 0: invalid start byte
2025-04-30 04:45:20,462 - INFO - Successfully optimized 10-pips_01_standard.set -> 10-pips_01_otp.set
2025-04-30 04:45:20,465 - ERROR - Error reading C:\Users\nikol\AppData\Roaming\MetaQuotes\Terminal\4B1CE69F577705455263BD980C39A82C\MQL5\Profiles\Tester\1H-EUR-USD_01_standard.set: 'utf-8' codec can't decode byte 0xff in position 0: invalid start byte
2025-04-30 04:45:20,467 - INFO - Successfully optimized 1H-EUR-USD_01_standard.set -> 1H-EUR-USD_01_otp.set
2025-04-30 04:45:20,470 - ERROR - Error reading C:\Users\nikol\AppData\Roaming\MetaQuotes\Terminal\4B1CE69F577705455263BD980C39A82C\MQL5\Profiles\Tester\20011201-GBPUSD-M1_01_standard.set: 'utf-8' codec can't decode byte 0xff in position 0: invalid start byte
2025-04-30 04:45:20,481 - INFO - Successfully optimized 20011201-GBPUSD-M1_01_standard.set -> 20011201-GBPUSD-M1_01_otp.set
2025-04-30 04:45:20,484 - ERROR - Error reading C:\Users\nikol\AppData\Roaming\MetaQuotes\Terminal\4B1CE69F577705455263BD980C39A82C\MQL5\Profiles\Tester\21hour_01_standard.set: 'utf-8' codec can't decode byte 0xff in position 0: invalid start byte
2025-04-30 04:45:20,487 - INFO - Successfully optimized 21hour_01_standard.set -> 21hour_01_otp.set
2025-04-30 04:45:20,488 - ERROR - Error reading C:\Users\nikol\AppData\Roaming\MetaQuotes\Terminal\4B1CE69F577705455263BD980C39A82C\MQL5\Profiles\Tester\2HR-HL-EA-v100.set: 'utf-8' codec can't decode byte 0xff in position 0: invalid start byte
2025-04-30 04:45:20,492 - INFO - Successfully optimized 2HR-HL-EA-v100.set -> 2HR-HL-EA-v100_otp.set
2025-04-30 04:45:20,494 - ERROR - Error reading C:\Users\nikol\AppData\Roaming\MetaQuotes\Terminal\4B1CE69F577705455263BD980C39A82C\MQL5\Profiles\Tester\2HR-HL_01_standard.set: 'utf-8' codec can't decode byte 0xff in position 0: invalid start byte
2025-04-30 04:45:20,495 - INFO - Successfully optimized 2HR-HL_01_standard.set -> 2HR-HL_01_otp.set
2025-04-30 04:45:20,497 - ERROR - Error reading C:\Users\nikol\AppData\Roaming\MetaQuotes\Terminal\4B1CE69F577705455263BD980C39A82C\MQL5\Profiles\Tester\2MA-4Level_01_standard.set: 'utf-8' codec can't decode byte 0xff in position 0: invalid start byte
2025-04-30 04:45:20,503 - INFO - Successfully optimized 2MA-4Level_01_standard.set -> 2MA-4Level_01_otp.set
2025-04-30 04:45:20,509 - ERROR - Error reading C:\Users\nikol\AppData\Roaming\MetaQuotes\Terminal\4B1CE69F577705455263BD980C39A82C\MQL5\Profiles\Tester\2MA-Bunny-Cross_01_standard.set: 'utf-8' codec can't decode byte 0xff in position 0: invalid start byte
2025-04-30 04:45:20,517 - INFO - Successfully optimized 2MA-Bunny-Cross_01_standard.set -> 2MA-Bunny-Cross_01_otp.set
2025-04-30 04:45:20,519 - ERROR - Error reading C:\Users\nikol\AppData\Roaming\MetaQuotes\Terminal\4B1CE69F577705455263BD980C39A82C\MQL5\Profiles\Tester\3-bars-high-low-indicator_01_standard.set: 'utf-8' codec can't decode byte 0xff in position 0: invalid start byte
2025-04-30 04:45:20,524 - INFO - Successfully optimized 3-bars-high-low-indicator_01_standard.set -> 3-bars-high-low-indicator_01_otp.set
2025-04-30 04:45:20,529 - ERROR - Error reading C:\Users\nikol\AppData\Roaming\MetaQuotes\Terminal\4B1CE69F577705455263BD980C39A82C\MQL5\Profiles\Tester\35-Pip-Scalper_01_standard.set: 'utf-8' codec can't decode byte 0xff in position 0: invalid start byte
2025-04-30 04:45:20,531 - INFO - Successfully optimized 35-Pip-Scalper_01_standard.set -> 35-Pip-Scalper_01_otp.set
2025-04-30 04:45:20,533 - ERROR - Error reading C:\Users\nikol\AppData\Roaming\MetaQuotes\Terminal\4B1CE69F577705455263BD980C39A82C\MQL5\Profiles\Tester\3BarsHighLowEA_01_standard.set: 'utf-8' codec can't decode byte 0xff in position 0: invalid start byte
2025-04-30 04:45:20,536 - INFO - Successfully optimized 3BarsHighLowEA_01_standard.set -> 3BarsHighLowEA_01_otp.set
2025-04-30 04:45:20,543 - ERROR - Error reading C:\Users\nikol\AppData\Roaming\MetaQuotes\Terminal\4B1CE69F577705455263BD980C39A82C\MQL5\Profiles\Tester\3sma_01_standard.set: 'utf-8' codec can't decode byte 0xff in position 0: invalid start byte
2025-04-30 04:45:20,546 - INFO - Successfully optimized 3sma_01_standard.set -> 3sma_01_otp.set
2025-04-30 04:45:20,547 - ERROR - Error reading C:\Users\nikol\AppData\Roaming\MetaQuotes\Terminal\4B1CE69F577705455263BD980C39A82C\MQL5\Profiles\Tester\500_01_standard.set: 'utf-8' codec can't decode byte 0xff in position 0: invalid start byte
2025-04-30 04:45:20,549 - INFO - Successfully optimized 500_01_standard.set -> 500_01_otp.set
2025-04-30 04:45:20,551 - ERROR - Error reading C:\Users\nikol\AppData\Roaming\MetaQuotes\Terminal\4B1CE69F577705455263BD980C39A82C\MQL5\Profiles\Tester\55-MA_01_standard.set: 'utf-8' codec can't decode byte 0xff in position 0: invalid start byte
2025-04-30 04:45:20,553 - INFO - Successfully optimized 55-MA_01_standard.set -> 55-MA_01_otp.set
2025-04-30 04:45:20,554 - ERROR - Error reading C:\Users\nikol\AppData\Roaming\MetaQuotes\Terminal\4B1CE69F577705455263BD980C39A82C\MQL5\Profiles\Tester\Above-Below-MA_01_standard.set: 'utf-8' codec can't decode byte 0xff in position 0: invalid start byte
2025-04-30 04:45:20,556 - INFO - Successfully optimized Above-Below-MA_01_standard.set -> Above-Below-MA_01_otp.set
2025-04-30 04:45:20,557 - ERROR - Error reading C:\Users\nikol\AppData\Roaming\MetaQuotes\Terminal\4B1CE69F577705455263BD980C39A82C\MQL5\Profiles\Tester\Absorption_01_standard.set: 'utf-8' codec can't decode byte 0xff in position 0: invalid start byte
2025-04-30 04:45:20,560 - INFO - Successfully optimized Absorption_01_standard.set -> Absorption_01_otp.set
2025-04-30 04:45:20,564 - ERROR - Error reading C:\Users\nikol\AppData\Roaming\MetaQuotes\Terminal\4B1CE69F577705455263BD980C39A82C\MQL5\Profiles\Tester\ADX-MACD-Deev_01_standard.set: 'utf-8' codec can't decode byte 0xff in position 0: invalid start byte
2025-04-30 04:45:20,567 - INFO - Successfully optimized ADX-MACD-Deev_01_standard.set -> ADX-MACD-Deev_01_otp.set
2025-04-30 04:45:20,572 - ERROR - Error reading C:\Users\nikol\AppData\Roaming\MetaQuotes\Terminal\4B1CE69F577705455263BD980C39A82C\MQL5\Profiles\Tester\ADX-MA_01_standard.set: 'utf-8' codec can't decode byte 0xff in position 0: invalid start byte
2025-04-30 04:45:20,575 - INFO - Successfully optimized ADX-MA_01_standard.set -> ADX-MA_01_otp.set
2025-04-30 04:45:20,576 - ERROR - Error reading C:\Users\nikol\AppData\Roaming\MetaQuotes\Terminal\4B1CE69F577705455263BD980C39A82C\MQL5\Profiles\Tester\ADX-System_01_standard.set: 'utf-8' codec can't decode byte 0xff in position 0: invalid start byte
2025-04-30 04:45:20,578 - INFO - Successfully optimized ADX-System_01_standard.set -> ADX-System_01_otp.set
2025-04-30 04:45:20,580 - ERROR - Error reading C:\Users\nikol\AppData\Roaming\MetaQuotes\Terminal\4B1CE69F577705455263BD980C39A82C\MQL5\Profiles\Tester\AIS1_01_standard.set: 'utf-8' codec can't decode byte 0xff in position 0: invalid start byte
2025-04-30 04:45:20,583 - INFO - Successfully optimized AIS1_01_standard.set -> AIS1_01_otp.set
2025-04-30 04:45:20,584 - ERROR - Error reading C:\Users\nikol\AppData\Roaming\MetaQuotes\Terminal\4B1CE69F577705455263BD980C39A82C\MQL5\Profiles\Tester\Alexav-D1-Profit-GBPUSD_01_standard.set: 'utf-8' codec can't decode byte 0xff in position 0: invalid start byte
2025-04-30 04:45:20,587 - INFO - Successfully optimized Alexav-D1-Profit-GBPUSD_01_standard.set -> Alexav-D1-Profit-GBPUSD_01_otp.set
2025-04-30 04:45:20,589 - ERROR - Error reading C:\Users\nikol\AppData\Roaming\MetaQuotes\Terminal\4B1CE69F577705455263BD980C39A82C\MQL5\Profiles\Tester\All-Average-Ea_01_standard.set: 'utf-8' codec can't decode byte 0xff in position 0: invalid start byte
2025-04-30 04:45:20,591 - INFO - Successfully optimized All-Average-Ea_01_standard.set -> All-Average-Ea_01_otp.set
2025-04-30 04:45:20,593 - ERROR - Error reading C:\Users\nikol\AppData\Roaming\MetaQuotes\Terminal\4B1CE69F577705455263BD980C39A82C\MQL5\Profiles\Tester\Alligator-Simple_01_standard.set: 'utf-8' codec can't decode byte 0xff in position 0: invalid start byte
2025-04-30 04:45:20,596 - INFO - Successfully optimized Alligator-Simple_01_standard.set -> Alligator-Simple_01_otp.set
2025-04-30 04:45:20,597 - ERROR - Error reading C:\Users\nikol\AppData\Roaming\MetaQuotes\Terminal\4B1CE69F577705455263BD980C39A82C\MQL5\Profiles\Tester\Alligator_01_standard.set: 'utf-8' codec can't decode byte 0xff in position 0: invalid start byte
2025-04-30 04:45:20,600 - INFO - Successfully optimized Alligator_01_standard.set -> Alligator_01_otp.set
2025-04-30 04:45:20,601 - ERROR - Error reading C:\Users\nikol\AppData\Roaming\MetaQuotes\Terminal\4B1CE69F577705455263BD980C39A82C\MQL5\Profiles\Tester\Altarius-RSI-Stohastic_01_standard.set: 'utf-8' codec can't decode byte 0xff in position 0: invalid start byte
2025-04-30 04:45:20,603 - INFO - Successfully optimized Altarius-RSI-Stohastic_01_standard.set -> Altarius-RSI-Stohastic_01_otp.set
2025-04-30 04:45:20,605 - ERROR - Error reading C:\Users\nikol\AppData\Roaming\MetaQuotes\Terminal\4B1CE69F577705455263BD980C39A82C\MQL5\Profiles\Tester\AMA-Trader-2_01_standard.set: 'utf-8' codec can't decode byte 0xff in position 0: invalid start byte
2025-04-30 04:45:20,607 - INFO - Successfully optimized AMA-Trader-2_01_standard.set -> AMA-Trader-2_01_otp.set
2025-04-30 04:45:20,609 - ERROR - Error reading C:\Users\nikol\AppData\Roaming\MetaQuotes\Terminal\4B1CE69F577705455263BD980C39A82C\MQL5\Profiles\Tester\AMA-Trader_01_standard.set: 'utf-8' codec can't decode byte 0xff in position 0: invalid start byte
2025-04-30 04:45:20,610 - INFO - Successfully optimized AMA-Trader_01_standard.set -> AMA-Trader_01_otp.set
2025-04-30 04:45:20,612 - ERROR - Error reading C:\Users\nikol\AppData\Roaming\MetaQuotes\Terminal\4B1CE69F577705455263BD980C39A82C\MQL5\Profiles\Tester\AO-Lightning_01_standard.set: 'utf-8' codec can't decode byte 0xff in position 0: invalid start byte
2025-04-30 04:45:20,614 - INFO - Successfully optimized AO-Lightning_01_standard.set -> AO-Lightning_01_otp.set
2025-04-30 04:45:20,616 - ERROR - Error reading C:\Users\nikol\AppData\Roaming\MetaQuotes\Terminal\4B1CE69F577705455263BD980C39A82C\MQL5\Profiles\Tester\AOCCI_01_standard.set: 'utf-8' codec can't decode byte 0xff in position 0: invalid start byte
2025-04-30 04:45:20,618 - INFO - Successfully optimized AOCCI_01_standard.set -> AOCCI_01_otp.set
2025-04-30 04:45:20,620 - ERROR - Error reading C:\Users\nikol\AppData\Roaming\MetaQuotes\Terminal\4B1CE69F577705455263BD980C39A82C\MQL5\Profiles\Tester\Arbitrage_01_standard.set: 'utf-8' codec can't decode byte 0xff in position 0: invalid start byte
2025-04-30 04:45:20,622 - INFO - Successfully optimized Arbitrage_01_standard.set -> Arbitrage_01_otp.set
2025-04-30 04:45:20,624 - ERROR - Error reading C:\Users\nikol\AppData\Roaming\MetaQuotes\Terminal\4B1CE69F577705455263BD980C39A82C\MQL5\Profiles\Tester\ArbSint_01_standard.set: 'utf-8' codec can't decode byte 0xff in position 0: invalid start byte
2025-04-30 04:45:20,626 - INFO - Successfully optimized ArbSint_01_standard.set -> ArbSint_01_otp.set
2025-04-30 04:45:20,627 - ERROR - Error reading C:\Users\nikol\AppData\Roaming\MetaQuotes\Terminal\4B1CE69F577705455263BD980C39A82C\MQL5\Profiles\Tester\Area-MACD_01_standard.set: 'utf-8' codec can't decode byte 0xff in position 0: invalid start byte
2025-04-30 04:45:20,630 - INFO - Successfully optimized Area-MACD_01_standard.set -> Area-MACD_01_otp.set
2025-04-30 04:45:20,632 - ERROR - Error reading C:\Users\nikol\AppData\Roaming\MetaQuotes\Terminal\4B1CE69F577705455263BD980C39A82C\MQL5\Profiles\Tester\Artificial-Intelligence_01_standard.set: 'utf-8' codec can't decode byte 0xff in position 0: invalid start byte
2025-04-30 04:45:20,636 - INFO - Successfully optimized Artificial-Intelligence_01_standard.set -> Artificial-Intelligence_01_otp.set
2025-04-30 04:45:20,639 - ERROR - Error reading C:\Users\nikol\AppData\Roaming\MetaQuotes\Terminal\4B1CE69F577705455263BD980C39A82C\MQL5\Profiles\Tester\At-random-Full_01_standard.set: 'utf-8' codec can't decode byte 0xff in position 0: invalid start byte
2025-04-30 04:45:20,642 - INFO - Successfully optimized At-random-Full_01_standard.set -> At-random-Full_01_otp.set
2025-04-30 04:45:20,643 - ERROR - Error reading C:\Users\nikol\AppData\Roaming\MetaQuotes\Terminal\4B1CE69F577705455263BD980C39A82C\MQL5\Profiles\Tester\At-random_01_standard.set: 'utf-8' codec can't decode byte 0xff in position 0: invalid start byte
2025-04-30 04:45:20,645 - INFO - Successfully optimized At-random_01_standard.set -> At-random_01_otp.set
2025-04-30 04:45:20,646 - ERROR - Error reading C:\Users\nikol\AppData\Roaming\MetaQuotes\Terminal\4B1CE69F577705455263BD980C39A82C\MQL5\Profiles\Tester\Auto-ADX_01_standard.set: 'utf-8' codec can't decode byte 0xff in position 0: invalid start byte
2025-04-30 04:45:20,649 - INFO - Successfully optimized Auto-ADX_01_standard.set -> Auto-ADX_01_otp.set
2025-04-30 04:45:20,651 - ERROR - Error reading C:\Users\nikol\AppData\Roaming\MetaQuotes\Terminal\4B1CE69F577705455263BD980C39A82C\MQL5\Profiles\Tester\Auto-Pivot-Plotter-28Mid-Levels-29-41_01_standard.set: 'utf-8' codec can't decode byte 0xff in position 0: invalid start byte
2025-04-30 04:45:20,653 - INFO - Successfully optimized Auto-Pivot-Plotter-28Mid-Levels-29-41_01_standard.set -> Auto-Pivot-Plotter-28Mid-Levels-29-41_01_otp.set
2025-04-30 04:45:20,655 - ERROR - Error reading C:\Users\nikol\AppData\Roaming\MetaQuotes\Terminal\4B1CE69F577705455263BD980C39A82C\MQL5\Profiles\Tester\AutoLock-EA-v2.set: 'utf-8' codec can't decode byte 0xff in position 0: invalid start byte
2025-04-30 04:45:20,657 - INFO - Successfully optimized AutoLock-EA-v2.set -> AutoLock-EA-v2_otp.set
2025-04-30 04:45:20,658 - ERROR - Error reading C:\Users\nikol\AppData\Roaming\MetaQuotes\Terminal\4B1CE69F577705455263BD980C39A82C\MQL5\Profiles\Tester\AutoLock-EA_01_standard.set: 'utf-8' codec can't decode byte 0xff in position 0: invalid start byte
2025-04-30 04:45:20,660 - INFO - Successfully optimized AutoLock-EA_01_standard.set -> AutoLock-EA_01_otp.set
2025-04-30 04:45:20,662 - ERROR - Error reading C:\Users\nikol\AppData\Roaming\MetaQuotes\Terminal\4B1CE69F577705455263BD980C39A82C\MQL5\Profiles\Tester\Autotrader-Momentum_01_standard.set: 'utf-8' codec can't decode byte 0xff in position 0: invalid start byte
2025-04-30 04:45:20,664 - INFO - Successfully optimized Autotrader-Momentum_01_standard.set -> Autotrader-Momentum_01_otp.set
2025-04-30 04:45:20,665 - ERROR - Error reading C:\Users\nikol\AppData\Roaming\MetaQuotes\Terminal\4B1CE69F577705455263BD980C39A82C\MQL5\Profiles\Tester\Avalanche-AV_01_standard.set: 'utf-8' codec can't decode byte 0xff in position 0: invalid start byte
2025-04-30 04:45:20,669 - INFO - Successfully optimized Avalanche-AV_01_standard.set -> Avalanche-AV_01_otp.set
2025-04-30 04:45:20,670 - ERROR - Error reading C:\Users\nikol\AppData\Roaming\MetaQuotes\Terminal\4B1CE69F577705455263BD980C39A82C\MQL5\Profiles\Tester\Backbone_01_standard.set: 'utf-8' codec can't decode byte 0xff in position 0: invalid start byte
2025-04-30 04:45:20,672 - INFO - Successfully optimized Backbone_01_standard.set -> Backbone_01_otp.set
2025-04-30 04:45:20,674 - ERROR - Error reading C:\Users\nikol\AppData\Roaming\MetaQuotes\Terminal\4B1CE69F577705455263BD980C39A82C\MQL5\Profiles\Tester\BADX_01_standard.set: 'utf-8' codec can't decode byte 0xff in position 0: invalid start byte
2025-04-30 04:45:20,676 - INFO - Successfully optimized BADX_01_standard.set -> BADX_01_otp.set
2025-04-30 04:45:20,677 - ERROR - Error reading C:\Users\nikol\AppData\Roaming\MetaQuotes\Terminal\4B1CE69F577705455263BD980C39A82C\MQL5\Profiles\Tester\Bago-EA_01_standard.set: 'utf-8' codec can't decode byte 0xff in position 0: invalid start byte
2025-04-30 04:45:20,679 - INFO - Successfully optimized Bago-EA_01_standard.set -> Bago-EA_01_otp.set
2025-04-30 04:45:20,681 - ERROR - Error reading C:\Users\nikol\AppData\Roaming\MetaQuotes\Terminal\4B1CE69F577705455263BD980C39A82C\MQL5\Profiles\Tester\BalancedScalper-20EA_01_standard.set: 'utf-8' codec can't decode byte 0xff in position 0: invalid start byte
2025-04-30 04:45:20,683 - INFO - Successfully optimized BalancedScalper-20EA_01_standard.set -> BalancedScalper-20EA_01_otp.set
2025-04-30 04:45:20,684 - ERROR - Error reading C:\Users\nikol\AppData\Roaming\MetaQuotes\Terminal\4B1CE69F577705455263BD980C39A82C\MQL5\Profiles\Tester\Bands-2_01_standard.set: 'utf-8' codec can't decode byte 0xff in position 0: invalid start byte
2025-04-30 04:45:20,686 - INFO - Successfully optimized Bands-2_01_standard.set -> Bands-2_01_otp.set
2025-04-30 04:45:20,688 - ERROR - Error reading C:\Users\nikol\AppData\Roaming\MetaQuotes\Terminal\4B1CE69F577705455263BD980C39A82C\MQL5\Profiles\Tester\BARS-Alligator_01_standard.set: 'utf-8' codec can't decode byte 0xff in position 0: invalid start byte
2025-04-30 04:45:20,690 - INFO - Successfully optimized BARS-Alligator_01_standard.set -> BARS-Alligator_01_otp.set
2025-04-30 04:45:20,691 - ERROR - Error reading C:\Users\nikol\AppData\Roaming\MetaQuotes\Terminal\4B1CE69F577705455263BD980C39A82C\MQL5\Profiles\Tester\Basic-CCI-RSI_01_standard.set: 'utf-8' codec can't decode byte 0xff in position 0: invalid start byte
2025-04-30 04:45:20,693 - INFO - Successfully optimized Basic-CCI-RSI_01_standard.set -> Basic-CCI-RSI_01_otp.set
2025-04-30 04:45:20,694 - ERROR - Error reading C:\Users\nikol\AppData\Roaming\MetaQuotes\Terminal\4B1CE69F577705455263BD980C39A82C\MQL5\Profiles\Tester\Basic-Martingale-EA-3_01_standard.set: 'utf-8' codec can't decode byte 0xff in position 0: invalid start byte
2025-04-30 04:45:20,697 - INFO - Successfully optimized Basic-Martingale-EA-3_01_standard.set -> Basic-Martingale-EA-3_01_otp.set
2025-04-30 04:45:20,698 - ERROR - Error reading C:\Users\nikol\AppData\Roaming\MetaQuotes\Terminal\4B1CE69F577705455263BD980C39A82C\MQL5\Profiles\Tester\BBPercentile-EA_01_standard.set: 'utf-8' codec can't decode byte 0xff in position 0: invalid start byte
2025-04-30 04:45:20,700 - INFO - Successfully optimized BBPercentile-EA_01_standard.set -> BBPercentile-EA_01_otp.set
2025-04-30 04:45:20,702 - ERROR - Error reading C:\Users\nikol\AppData\Roaming\MetaQuotes\Terminal\4B1CE69F577705455263BD980C39A82C\MQL5\Profiles\Tester\BBPercentile_01_standard.set: 'utf-8' codec can't decode byte 0xff in position 0: invalid start byte
2025-04-30 04:45:20,704 - INFO - Successfully optimized BBPercentile_01_standard.set -> BBPercentile_01_otp.set
2025-04-30 04:45:20,706 - ERROR - Error reading C:\Users\nikol\AppData\Roaming\MetaQuotes\Terminal\4B1CE69F577705455263BD980C39A82C\MQL5\Profiles\Tester\BDCrossOver-20EA_01_standard.set: 'utf-8' codec can't decode byte 0xff in position 0: invalid start byte
2025-04-30 04:45:20,709 - INFO - Successfully optimized BDCrossOver-20EA_01_standard.set -> BDCrossOver-20EA_01_otp.set
2025-04-30 04:45:20,711 - ERROR - Error reading C:\Users\nikol\AppData\Roaming\MetaQuotes\Terminal\4B1CE69F577705455263BD980C39A82C\MQL5\Profiles\Tester\BIG-DOG_01_standard.set: 'utf-8' codec can't decode byte 0xff in position 0: invalid start byte
2025-04-30 04:45:20,714 - INFO - Successfully optimized BIG-DOG_01_standard.set -> BIG-DOG_01_otp.set
2025-04-30 04:45:20,716 - ERROR - Error reading C:\Users\nikol\AppData\Roaming\MetaQuotes\Terminal\4B1CE69F577705455263BD980C39A82C\MQL5\Profiles\Tester\Bill-Williams_01_standard.set: 'utf-8' codec can't decode byte 0xff in position 0: invalid start byte
2025-04-30 04:45:20,718 - INFO - Successfully optimized Bill-Williams_01_standard.set -> Bill-Williams_01_otp.set
2025-04-30 04:45:20,720 - ERROR - Error reading C:\Users\nikol\AppData\Roaming\MetaQuotes\Terminal\4B1CE69F577705455263BD980C39A82C\MQL5\Profiles\Tester\Bollinger-Band-Two-MA-and-Zig-Zag_01_standard.set: 'utf-8' codec can't decode byte 0xff in position 0: invalid start byte
2025-04-30 04:45:20,722 - INFO - Successfully optimized Bollinger-Band-Two-MA-and-Zig-Zag_01_standard.set -> Bollinger-Band-Two-MA-and-Zig-Zag_01_otp.set
2025-04-30 04:45:20,723 - ERROR - Error reading C:\Users\nikol\AppData\Roaming\MetaQuotes\Terminal\4B1CE69F577705455263BD980C39A82C\MQL5\Profiles\Tester\Bollinger-Bands-N-positions_01_standard.set: 'utf-8' codec can't decode byte 0xff in position 0: invalid start byte
2025-04-30 04:45:20,725 - INFO - Successfully optimized Bollinger-Bands-N-positions_01_standard.set -> Bollinger-Bands-N-positions_01_otp.set
2025-04-30 04:45:20,726 - ERROR - Error reading C:\Users\nikol\AppData\Roaming\MetaQuotes\Terminal\4B1CE69F577705455263BD980C39A82C\MQL5\Profiles\Tester\Bollinger-Bands-RSI_01_standard.set: 'utf-8' codec can't decode byte 0xff in position 0: invalid start byte
2025-04-30 04:45:20,728 - INFO - Successfully optimized Bollinger-Bands-RSI_01_standard.set -> Bollinger-Bands-RSI_01_otp.set
2025-04-30 04:45:20,732 - ERROR - Error reading C:\Users\nikol\AppData\Roaming\MetaQuotes\Terminal\4B1CE69F577705455263BD980C39A82C\MQL5\Profiles\Tester\bollinger_01_standard.set: 'utf-8' codec can't decode byte 0xff in position 0: invalid start byte
2025-04-30 04:45:20,735 - INFO - Successfully optimized bollinger_01_standard.set -> bollinger_01_otp.set
2025-04-30 04:45:20,737 - ERROR - Error reading C:\Users\nikol\AppData\Roaming\MetaQuotes\Terminal\4B1CE69F577705455263BD980C39A82C\MQL5\Profiles\Tester\Brakeout-Trader_01_standard.set: 'utf-8' codec can't decode byte 0xff in position 0: invalid start byte
2025-04-30 04:45:20,739 - INFO - Successfully optimized Brakeout-Trader_01_standard.set -> Brakeout-Trader_01_otp.set
2025-04-30 04:45:20,741 - ERROR - Error reading C:\Users\nikol\AppData\Roaming\MetaQuotes\Terminal\4B1CE69F577705455263BD980C39A82C\MQL5\Profiles\Tester\Brandy_01_standard.set: 'utf-8' codec can't decode byte 0xff in position 0: invalid start byte
2025-04-30 04:45:20,744 - INFO - Successfully optimized Brandy_01_standard.set -> Brandy_01_otp.set
2025-04-30 04:45:20,745 - ERROR - Error reading C:\Users\nikol\AppData\Roaming\MetaQuotes\Terminal\4B1CE69F577705455263BD980C39A82C\MQL5\Profiles\Tester\Breadandbutter2_01_standard.set: 'utf-8' codec can't decode byte 0xff in position 0: invalid start byte
2025-04-30 04:45:20,747 - INFO - Successfully optimized Breadandbutter2_01_standard.set -> Breadandbutter2_01_otp.set
2025-04-30 04:45:20,748 - ERROR - Error reading C:\Users\nikol\AppData\Roaming\MetaQuotes\Terminal\4B1CE69F577705455263BD980C39A82C\MQL5\Profiles\Tester\Breakdown-catcher_01_standard.set: 'utf-8' codec can't decode byte 0xff in position 0: invalid start byte
2025-04-30 04:45:20,750 - INFO - Successfully optimized Breakdown-catcher_01_standard.set -> Breakdown-catcher_01_otp.set
2025-04-30 04:45:20,751 - ERROR - Error reading C:\Users\nikol\AppData\Roaming\MetaQuotes\Terminal\4B1CE69F577705455263BD980C39A82C\MQL5\Profiles\Tester\breakdown_01_standard.set: 'utf-8' codec can't decode byte 0xff in position 0: invalid start byte
2025-04-30 04:45:20,753 - INFO - Successfully optimized breakdown_01_standard.set -> breakdown_01_otp.set
2025-04-30 04:45:20,755 - ERROR - Error reading C:\Users\nikol\AppData\Roaming\MetaQuotes\Terminal\4B1CE69F577705455263BD980C39A82C\MQL5\Profiles\Tester\Breakout-Str_01_standard.set: 'utf-8' codec can't decode byte 0xff in position 0: invalid start byte
2025-04-30 04:45:20,756 - INFO - Successfully optimized Breakout-Str_01_standard.set -> Breakout-Str_01_otp.set
2025-04-30 04:45:20,757 - ERROR - Error reading C:\Users\nikol\AppData\Roaming\MetaQuotes\Terminal\4B1CE69F577705455263BD980C39A82C\MQL5\Profiles\Tester\Bronze-Warrioir_01_standard.set: 'utf-8' codec can't decode byte 0xff in position 0: invalid start byte
2025-04-30 04:45:20,759 - INFO - Successfully optimized Bronze-Warrioir_01_standard.set -> Bronze-Warrioir_01_otp.set
2025-04-30 04:45:20,760 - ERROR - Error reading C:\Users\nikol\AppData\Roaming\MetaQuotes\Terminal\4B1CE69F577705455263BD980C39A82C\MQL5\Profiles\Tester\Bruno_01_standard.set: 'utf-8' codec can't decode byte 0xff in position 0: invalid start byte
2025-04-30 04:45:20,762 - INFO - Successfully optimized Bruno_01_standard.set -> Bruno_01_otp.set
2025-04-30 04:45:20,764 - ERROR - Error reading C:\Users\nikol\AppData\Roaming\MetaQuotes\Terminal\4B1CE69F577705455263BD980C39A82C\MQL5\Profiles\Tester\BSS-1-0_01_standard.set: 'utf-8' codec can't decode byte 0xff in position 0: invalid start byte
2025-04-30 04:45:20,766 - INFO - Successfully optimized BSS-1-0_01_standard.set -> BSS-1-0_01_otp.set
2025-04-30 04:45:20,767 - ERROR - Error reading C:\Users\nikol\AppData\Roaming\MetaQuotes\Terminal\4B1CE69F577705455263BD980C39A82C\MQL5\Profiles\Tester\Bullish-and-Bearish-Engulfing_01_standard.set: 'utf-8' codec can't decode byte 0xff in position 0: invalid start byte
2025-04-30 04:45:20,769 - INFO - Successfully optimized Bullish-and-Bearish-Engulfing_01_standard.set -> Bullish-and-Bearish-Engulfing_01_otp.set
2025-04-30 04:45:20,770 - ERROR - Error reading C:\Users\nikol\AppData\Roaming\MetaQuotes\Terminal\4B1CE69F577705455263BD980C39A82C\MQL5\Profiles\Tester\Burg-Extrapolator_01_standard.set: 'utf-8' codec can't decode byte 0xff in position 0: invalid start byte
2025-04-30 04:45:20,772 - INFO - Successfully optimized Burg-Extrapolator_01_standard.set -> Burg-Extrapolator_01_otp.set
2025-04-30 04:45:20,774 - ERROR - Error reading C:\Users\nikol\AppData\Roaming\MetaQuotes\Terminal\4B1CE69F577705455263BD980C39A82C\MQL5\Profiles\Tester\BykovTrend-EA_01_standard.set: 'utf-8' codec can't decode byte 0xff in position 0: invalid start byte
2025-04-30 04:45:20,776 - INFO - Successfully optimized BykovTrend-EA_01_standard.set -> BykovTrend-EA_01_otp.set
2025-04-30 04:45:20,778 - ERROR - Error reading C:\Users\nikol\AppData\Roaming\MetaQuotes\Terminal\4B1CE69F577705455263BD980C39A82C\MQL5\Profiles\Tester\Calculate-lotsize-and-Trailling-stop_01_standard.set: 'utf-8' codec can't decode byte 0xff in position 0: invalid start byte
2025-04-30 04:45:20,780 - INFO - Successfully optimized Calculate-lotsize-and-Trailling-stop_01_standard.set -> Calculate-lotsize-and-Trailling-stop_01_otp.set
2025-04-30 04:45:20,781 - ERROR - Error reading C:\Users\nikol\AppData\Roaming\MetaQuotes\Terminal\4B1CE69F577705455263BD980C39A82C\MQL5\Profiles\Tester\candlepatternsexample_01_standard.set: 'utf-8' codec can't decode byte 0xff in position 0: invalid start byte
2025-04-30 04:45:20,784 - INFO - Successfully optimized candlepatternsexample_01_standard.set -> candlepatternsexample_01_otp.set
2025-04-30 04:45:20,785 - ERROR - Error reading C:\Users\nikol\AppData\Roaming\MetaQuotes\Terminal\4B1CE69F577705455263BD980C39A82C\MQL5\Profiles\Tester\Candle_01_standard.set: 'utf-8' codec can't decode byte 0xff in position 0: invalid start byte
2025-04-30 04:45:20,787 - INFO - Successfully optimized Candle_01_standard.set -> Candle_01_otp.set
2025-04-30 04:45:20,789 - ERROR - Error reading C:\Users\nikol\AppData\Roaming\MetaQuotes\Terminal\4B1CE69F577705455263BD980C39A82C\MQL5\Profiles\Tester\Carbophos_01_standard.set: 'utf-8' codec can't decode byte 0xff in position 0: invalid start byte
2025-04-30 04:45:20,791 - INFO - Successfully optimized Carbophos_01_standard.set -> Carbophos_01_otp.set
2025-04-30 04:45:20,792 - ERROR - Error reading C:\Users\nikol\AppData\Roaming\MetaQuotes\Terminal\4B1CE69F577705455263BD980C39A82C\MQL5\Profiles\Tester\CashMachine-5min_01_standard.set: 'utf-8' codec can't decode byte 0xff in position 0: invalid start byte
2025-04-30 04:45:20,794 - INFO - Successfully optimized CashMachine-5min_01_standard.set -> CashMachine-5min_01_otp.set
2025-04-30 04:45:20,800 - ERROR - Error reading C:\Users\nikol\AppData\Roaming\MetaQuotes\Terminal\4B1CE69F577705455263BD980C39A82C\MQL5\Profiles\Tester\CCI-MACD-Scalper_01_standard.set: 'utf-8' codec can't decode byte 0xff in position 0: invalid start byte
2025-04-30 04:45:20,804 - INFO - Successfully optimized CCI-MACD-Scalper_01_standard.set -> CCI-MACD-Scalper_01_otp.set
2025-04-30 04:45:20,808 - ERROR - Error reading C:\Users\nikol\AppData\Roaming\MetaQuotes\Terminal\4B1CE69F577705455263BD980C39A82C\MQL5\Profiles\Tester\Cidomo_01_standard.set: 'utf-8' codec can't decode byte 0xff in position 0: invalid start byte
2025-04-30 04:45:20,810 - INFO - Successfully optimized Cidomo_01_standard.set -> Cidomo_01_otp.set
2025-04-30 04:45:20,814 - ERROR - Error reading C:\Users\nikol\AppData\Roaming\MetaQuotes\Terminal\4B1CE69F577705455263BD980C39A82C\MQL5\Profiles\Tester\CloseAgent_01_standard.set: 'utf-8' codec can't decode byte 0xff in position 0: invalid start byte
2025-04-30 04:45:20,816 - INFO - Successfully optimized CloseAgent_01_standard.set -> CloseAgent_01_otp.set
2025-04-30 04:45:20,818 - ERROR - Error reading C:\Users\nikol\AppData\Roaming\MetaQuotes\Terminal\4B1CE69F577705455263BD980C39A82C\MQL5\Profiles\Tester\CloseProfit_01_standard.set: 'utf-8' codec can't decode byte 0xff in position 0: invalid start byte
2025-04-30 04:45:20,820 - INFO - Successfully optimized CloseProfit_01_standard.set -> CloseProfit_01_otp.set
2025-04-30 04:45:20,823 - ERROR - Error reading C:\Users\nikol\AppData\Roaming\MetaQuotes\Terminal\4B1CE69F577705455263BD980C39A82C\MQL5\Profiles\Tester\cloud's-trade-2_01_standard.set: 'utf-8' codec can't decode byte 0xff in position 0: invalid start byte
2025-04-30 04:45:20,826 - INFO - Successfully optimized cloud's-trade-2_01_standard.set -> cloud's-trade-2_01_otp.set
2025-04-30 04:45:20,829 - ERROR - Error reading C:\Users\nikol\AppData\Roaming\MetaQuotes\Terminal\4B1CE69F577705455263BD980C39A82C\MQL5\Profiles\Tester\CLOUD_01_standard.set: 'utf-8' codec can't decode byte 0xff in position 0: invalid start byte
2025-04-30 04:45:20,831 - INFO - Successfully optimized CLOUD_01_standard.set -> CLOUD_01_otp.set
2025-04-30 04:45:20,836 - ERROR - Error reading C:\Users\nikol\AppData\Roaming\MetaQuotes\Terminal\4B1CE69F577705455263BD980C39A82C\MQL5\Profiles\Tester\Constituents-EA_01_standard.set: 'utf-8' codec can't decode byte 0xff in position 0: invalid start byte
2025-04-30 04:45:20,838 - INFO - Successfully optimized Constituents-EA_01_standard.set -> Constituents-EA_01_otp.set
2025-04-30 04:45:20,842 - ERROR - Error reading C:\Users\nikol\AppData\Roaming\MetaQuotes\Terminal\4B1CE69F577705455263BD980C39A82C\MQL5\Profiles\Tester\Contrarian-trade-MA_01_standard.set: 'utf-8' codec can't decode byte 0xff in position 0: invalid start byte
2025-04-30 04:45:20,846 - INFO - Successfully optimized Contrarian-trade-MA_01_standard.set -> Contrarian-trade-MA_01_otp.set
2025-04-30 04:45:20,849 - ERROR - Error reading C:\Users\nikol\AppData\Roaming\MetaQuotes\Terminal\4B1CE69F577705455263BD980C39A82C\MQL5\Profiles\Tester\Crossing-Moving-Average_01_standard.set: 'utf-8' codec can't decode byte 0xff in position 0: invalid start byte
2025-04-30 04:45:20,852 - INFO - Successfully optimized Crossing-Moving-Average_01_standard.set -> Crossing-Moving-Average_01_otp.set
2025-04-30 04:45:20,854 - ERROR - Error reading C:\Users\nikol\AppData\Roaming\MetaQuotes\Terminal\4B1CE69F577705455263BD980C39A82C\MQL5\Profiles\Tester\CrossMA_01_standard.set: 'utf-8' codec can't decode byte 0xff in position 0: invalid start byte
2025-04-30 04:45:20,857 - INFO - Successfully optimized CrossMA_01_standard.set -> CrossMA_01_otp.set
2025-04-30 04:45:20,859 - ERROR - Error reading C:\Users\nikol\AppData\Roaming\MetaQuotes\Terminal\4B1CE69F577705455263BD980C39A82C\MQL5\Profiles\Tester\Currencyprofits-01.1_01_standard.set: 'utf-8' codec can't decode byte 0xff in position 0: invalid start byte
2025-04-30 04:45:20,861 - INFO - Successfully optimized Currencyprofits-01.1_01_standard.set -> Currencyprofits-01.1_01_otp.set
2025-04-30 04:45:20,863 - ERROR - Error reading C:\Users\nikol\AppData\Roaming\MetaQuotes\Terminal\4B1CE69F577705455263BD980C39A82C\MQL5\Profiles\Tester\Daily-20reversal-20-20EA_01_standard.set: 'utf-8' codec can't decode byte 0xff in position 0: invalid start byte
2025-04-30 04:45:20,864 - INFO - Successfully optimized Daily-20reversal-20-20EA_01_standard.set -> Daily-20reversal-20-20EA_01_otp.set
2025-04-30 04:45:20,866 - ERROR - Error reading C:\Users\nikol\AppData\Roaming\MetaQuotes\Terminal\4B1CE69F577705455263BD980C39A82C\MQL5\Profiles\Tester\Daily-BreakPoint_01_standard.set: 'utf-8' codec can't decode byte 0xff in position 0: invalid start byte
2025-04-30 04:45:20,868 - INFO - Successfully optimized Daily-BreakPoint_01_standard.set -> Daily-BreakPoint_01_otp.set
2025-04-30 04:45:20,871 - ERROR - Error reading C:\Users\nikol\AppData\Roaming\MetaQuotes\Terminal\4B1CE69F577705455263BD980C39A82C\MQL5\Profiles\Tester\Daily-Open-EA_01_standard.set: 'utf-8' codec can't decode byte 0xff in position 0: invalid start byte
2025-04-30 04:45:20,873 - INFO - Successfully optimized Daily-Open-EA_01_standard.set -> Daily-Open-EA_01_otp.set
2025-04-30 04:45:20,874 - ERROR - Error reading C:\Users\nikol\AppData\Roaming\MetaQuotes\Terminal\4B1CE69F577705455263BD980C39A82C\MQL5\Profiles\Tester\Daily-range_01_standard.set: 'utf-8' codec can't decode byte 0xff in position 0: invalid start byte
2025-04-30 04:45:20,877 - INFO - Successfully optimized Daily-range_01_standard.set -> Daily-range_01_otp.set
2025-04-30 04:45:20,878 - ERROR - Error reading C:\Users\nikol\AppData\Roaming\MetaQuotes\Terminal\4B1CE69F577705455263BD980C39A82C\MQL5\Profiles\Tester\Day-Trading-PAMXA_01_standard.set: 'utf-8' codec can't decode byte 0xff in position 0: invalid start byte
2025-04-30 04:45:20,880 - INFO - Successfully optimized Day-Trading-PAMXA_01_standard.set -> Day-Trading-PAMXA_01_otp.set
2025-04-30 04:45:20,882 - ERROR - Error reading C:\Users\nikol\AppData\Roaming\MetaQuotes\Terminal\4B1CE69F577705455263BD980C39A82C\MQL5\Profiles\Tester\Daydream_01_standard.set: 'utf-8' codec can't decode byte 0xff in position 0: invalid start byte
2025-04-30 04:45:20,884 - INFO - Successfully optimized Daydream_01_standard.set -> Daydream_01_otp.set
2025-04-30 04:45:20,885 - ERROR - Error reading C:\Users\nikol\AppData\Roaming\MetaQuotes\Terminal\4B1CE69F577705455263BD980C39A82C\MQL5\Profiles\Tester\DayTrading_01_standard.set: 'utf-8' codec can't decode byte 0xff in position 0: invalid start byte
2025-04-30 04:45:20,887 - INFO - Successfully optimized DayTrading_01_standard.set -> DayTrading_01_otp.set
2025-04-30 04:45:20,888 - ERROR - Error reading C:\Users\nikol\AppData\Roaming\MetaQuotes\Terminal\4B1CE69F577705455263BD980C39A82C\MQL5\Profiles\Tester\Dealers-Trade-v-7.74-MACD_01_standard.set: 'utf-8' codec can't decode byte 0xff in position 0: invalid start byte
2025-04-30 04:45:20,890 - INFO - Successfully optimized Dealers-Trade-v-7.74-MACD_01_standard.set -> Dealers-Trade-v-7.74-MACD_01_otp.set
2025-04-30 04:45:20,891 - ERROR - Error reading C:\Users\nikol\AppData\Roaming\MetaQuotes\Terminal\4B1CE69F577705455263BD980C39A82C\MQL5\Profiles\Tester\Deep-Drawdown-MA_01_standard.set: 'utf-8' codec can't decode byte 0xff in position 0: invalid start byte
2025-04-30 04:45:20,894 - INFO - Successfully optimized Deep-Drawdown-MA_01_standard.set -> Deep-Drawdown-MA_01_otp.set
2025-04-30 04:45:20,895 - ERROR - Error reading C:\Users\nikol\AppData\Roaming\MetaQuotes\Terminal\4B1CE69F577705455263BD980C39A82C\MQL5\Profiles\Tester\DeMarker-gaining-position-volume-2_01_standard.set: 'utf-8' codec can't decode byte 0xff in position 0: invalid start byte
2025-04-30 04:45:20,897 - INFO - Successfully optimized DeMarker-gaining-position-volume-2_01_standard.set -> DeMarker-gaining-position-volume-2_01_otp.set
2025-04-30 04:45:20,898 - ERROR - Error reading C:\Users\nikol\AppData\Roaming\MetaQuotes\Terminal\4B1CE69F577705455263BD980C39A82C\MQL5\Profiles\Tester\DeMarker-gaining-position-volume_01_standard.set: 'utf-8' codec can't decode byte 0xff in position 0: invalid start byte
2025-04-30 04:45:20,900 - INFO - Successfully optimized DeMarker-gaining-position-volume_01_standard.set -> DeMarker-gaining-position-volume_01_otp.set
2025-04-30 04:45:20,902 - ERROR - Error reading C:\Users\nikol\AppData\Roaming\MetaQuotes\Terminal\4B1CE69F577705455263BD980C39A82C\MQL5\Profiles\Tester\DeMarker-Pending-2-5_01_standard.set: 'utf-8' codec can't decode byte 0xff in position 0: invalid start byte
2025-04-30 04:45:20,904 - INFO - Successfully optimized DeMarker-Pending-2-5_01_standard.set -> DeMarker-Pending-2-5_01_otp.set
2025-04-30 04:45:20,905 - ERROR - Error reading C:\Users\nikol\AppData\Roaming\MetaQuotes\Terminal\4B1CE69F577705455263BD980C39A82C\MQL5\Profiles\Tester\DeMarker-Pending-2_01_standard.set: 'utf-8' codec can't decode byte 0xff in position 0: invalid start byte
2025-04-30 04:45:20,908 - INFO - Successfully optimized DeMarker-Pending-2_01_standard.set -> DeMarker-Pending-2_01_otp.set
2025-04-30 04:45:20,909 - ERROR - Error reading C:\Users\nikol\AppData\Roaming\MetaQuotes\Terminal\4B1CE69F577705455263BD980C39A82C\MQL5\Profiles\Tester\DeMarker-Pending_01_standard.set: 'utf-8' codec can't decode byte 0xff in position 0: invalid start byte
2025-04-30 04:45:20,911 - INFO - Successfully optimized DeMarker-Pending_01_standard.set -> DeMarker-Pending_01_otp.set
2025-04-30 04:45:20,912 - ERROR - Error reading C:\Users\nikol\AppData\Roaming\MetaQuotes\Terminal\4B1CE69F577705455263BD980C39A82C\MQL5\Profiles\Tester\Dematus_01_standard.set: 'utf-8' codec can't decode byte 0xff in position 0: invalid start byte
2025-04-30 04:45:20,914 - INFO - Successfully optimized Dematus_01_standard.set -> Dematus_01_otp.set
2025-04-30 04:45:20,916 - ERROR - Error reading C:\Users\nikol\AppData\Roaming\MetaQuotes\Terminal\4B1CE69F577705455263BD980C39A82C\MQL5\Profiles\Tester\Divergence-20for-20many-20indicator_01_standard.set: 'utf-8' codec can't decode byte 0xff in position 0: invalid start byte
2025-04-30 04:45:20,918 - INFO - Successfully optimized Divergence-20for-20many-20indicator_01_standard.set -> Divergence-20for-20many-20indicator_01_otp.set
2025-04-30 04:45:20,919 - ERROR - Error reading C:\Users\nikol\AppData\Roaming\MetaQuotes\Terminal\4B1CE69F577705455263BD980C39A82C\MQL5\Profiles\Tester\Divergence-EA_01_standard.set: 'utf-8' codec can't decode byte 0xff in position 0: invalid start byte
2025-04-30 04:45:20,921 - INFO - Successfully optimized Divergence-EA_01_standard.set -> Divergence-EA_01_otp.set
2025-04-30 04:45:20,923 - ERROR - Error reading C:\Users\nikol\AppData\Roaming\MetaQuotes\Terminal\4B1CE69F577705455263BD980C39A82C\MQL5\Profiles\Tester\Doji-Arrows_01_standard.set: 'utf-8' codec can't decode byte 0xff in position 0: invalid start byte
2025-04-30 04:45:20,925 - INFO - Successfully optimized Doji-Arrows_01_standard.set -> Doji-Arrows_01_otp.set
2025-04-30 04:45:20,926 - ERROR - Error reading C:\Users\nikol\AppData\Roaming\MetaQuotes\Terminal\4B1CE69F577705455263BD980C39A82C\MQL5\Profiles\Tester\DojiTrader_01_standard.set: 'utf-8' codec can't decode byte 0xff in position 0: invalid start byte
2025-04-30 04:45:20,928 - INFO - Successfully optimized DojiTrader_01_standard.set -> DojiTrader_01_otp.set
2025-04-30 04:45:20,929 - ERROR - Error reading C:\Users\nikol\AppData\Roaming\MetaQuotes\Terminal\4B1CE69F577705455263BD980C39A82C\MQL5\Profiles\Tester\Donchian-Chanel-EA_01_standard.set: 'utf-8' codec can't decode byte 0xff in position 0: invalid start byte
2025-04-30 04:45:20,931 - INFO - Successfully optimized Donchian-Chanel-EA_01_standard.set -> Donchian-Chanel-EA_01_otp.set
2025-04-30 04:45:20,932 - ERROR - Error reading C:\Users\nikol\AppData\Roaming\MetaQuotes\Terminal\4B1CE69F577705455263BD980C39A82C\MQL5\Profiles\Tester\DoubleHullMA-EA_01_standard.set: 'utf-8' codec can't decode byte 0xff in position 0: invalid start byte
2025-04-30 04:45:20,934 - INFO - Successfully optimized DoubleHullMA-EA_01_standard.set -> DoubleHullMA-EA_01_otp.set
2025-04-30 04:45:20,935 - ERROR - Error reading C:\Users\nikol\AppData\Roaming\MetaQuotes\Terminal\4B1CE69F577705455263BD980C39A82C\MQL5\Profiles\Tester\DoubleHullMA_01_standard.set: 'utf-8' codec can't decode byte 0xff in position 0: invalid start byte
2025-04-30 04:45:20,937 - INFO - Successfully optimized DoubleHullMA_01_standard.set -> DoubleHullMA_01_otp.set
2025-04-30 04:45:20,938 - ERROR - Error reading C:\Users\nikol\AppData\Roaming\MetaQuotes\Terminal\4B1CE69F577705455263BD980C39A82C\MQL5\Profiles\Tester\DoubleMA-Crossover-EA_01_standard.set: 'utf-8' codec can't decode byte 0xff in position 0: invalid start byte
2025-04-30 04:45:20,940 - INFO - Successfully optimized DoubleMA-Crossover-EA_01_standard.set -> DoubleMA-Crossover-EA_01_otp.set
2025-04-30 04:45:20,941 - ERROR - Error reading C:\Users\nikol\AppData\Roaming\MetaQuotes\Terminal\4B1CE69F577705455263BD980C39A82C\MQL5\Profiles\Tester\Doubler_01_standard.set: 'utf-8' codec can't decode byte 0xff in position 0: invalid start byte
2025-04-30 04:45:20,943 - INFO - Successfully optimized Doubler_01_standard.set -> Doubler_01_otp.set
2025-04-30 04:45:20,944 - ERROR - Error reading C:\Users\nikol\AppData\Roaming\MetaQuotes\Terminal\4B1CE69F577705455263BD980C39A82C\MQL5\Profiles\Tester\dummy_01_standard.set: 'utf-8' codec can't decode byte 0xff in position 0: invalid start byte
2025-04-30 04:45:20,946 - INFO - Successfully optimized dummy_01_standard.set -> dummy_01_otp.set
2025-04-30 04:45:20,947 - ERROR - Error reading C:\Users\nikol\AppData\Roaming\MetaQuotes\Terminal\4B1CE69F577705455263BD980C39A82C\MQL5\Profiles\Tester\Dynamic-averaging_01_standard.set: 'utf-8' codec can't decode byte 0xff in position 0: invalid start byte
2025-04-30 04:45:20,949 - INFO - Successfully optimized Dynamic-averaging_01_standard.set -> Dynamic-averaging_01_otp.set
2025-04-30 04:45:20,950 - ERROR - Error reading C:\Users\nikol\AppData\Roaming\MetaQuotes\Terminal\4B1CE69F577705455263BD980C39A82C\MQL5\Profiles\Tester\e-Breakeven_01_standard.set: 'utf-8' codec can't decode byte 0xff in position 0: invalid start byte
2025-04-30 04:45:20,952 - INFO - Successfully optimized e-Breakeven_01_standard.set -> e-Breakeven_01_otp.set
2025-04-30 04:45:20,953 - ERROR - Error reading C:\Users\nikol\AppData\Roaming\MetaQuotes\Terminal\4B1CE69F577705455263BD980C39A82C\MQL5\Profiles\Tester\E-Friday_01_standard.set: 'utf-8' codec can't decode byte 0xff in position 0: invalid start byte
2025-04-30 04:45:20,955 - INFO - Successfully optimized E-Friday_01_standard.set -> E-Friday_01_otp.set
2025-04-30 04:45:20,956 - ERROR - Error reading C:\Users\nikol\AppData\Roaming\MetaQuotes\Terminal\4B1CE69F577705455263BD980C39A82C\MQL5\Profiles\Tester\E-Skoch-Open_01_standard.set: 'utf-8' codec can't decode byte 0xff in position 0: invalid start byte
2025-04-30 04:45:20,957 - INFO - Successfully optimized E-Skoch-Open_01_standard.set -> E-Skoch-Open_01_otp.set
2025-04-30 04:45:20,959 - ERROR - Error reading C:\Users\nikol\AppData\Roaming\MetaQuotes\Terminal\4B1CE69F577705455263BD980C39A82C\MQL5\Profiles\Tester\e-Skoch-pending-orders_01_standard.set: 'utf-8' codec can't decode byte 0xff in position 0: invalid start byte
2025-04-30 04:45:20,961 - INFO - Successfully optimized e-Skoch-pending-orders_01_standard.set -> e-Skoch-pending-orders_01_otp.set
2025-04-30 04:45:20,963 - ERROR - Error reading C:\Users\nikol\AppData\Roaming\MetaQuotes\Terminal\4B1CE69F577705455263BD980C39A82C\MQL5\Profiles\Tester\e-Smart-Trailing_01_standard.set: 'utf-8' codec can't decode byte 0xff in position 0: invalid start byte
2025-04-30 04:45:20,965 - INFO - Successfully optimized e-Smart-Trailing_01_standard.set -> e-Smart-Trailing_01_otp.set
2025-04-30 04:45:20,966 - ERROR - Error reading C:\Users\nikol\AppData\Roaming\MetaQuotes\Terminal\4B1CE69F577705455263BD980C39A82C\MQL5\Profiles\Tester\e-TurboFx_01_standard.set: 'utf-8' codec can't decode byte 0xff in position 0: invalid start byte
2025-04-30 04:45:20,968 - INFO - Successfully optimized e-TurboFx_01_standard.set -> e-TurboFx_01_otp.set
2025-04-30 04:45:20,970 - ERROR - Error reading C:\Users\nikol\AppData\Roaming\MetaQuotes\Terminal\4B1CE69F577705455263BD980C39A82C\MQL5\Profiles\Tester\EA-Close_01_standard.set: 'utf-8' codec can't decode byte 0xff in position 0: invalid start byte
2025-04-30 04:45:20,972 - INFO - Successfully optimized EA-Close_01_standard.set -> EA-Close_01_otp.set
2025-04-30 04:45:20,973 - ERROR - Error reading C:\Users\nikol\AppData\Roaming\MetaQuotes\Terminal\4B1CE69F577705455263BD980C39A82C\MQL5\Profiles\Tester\EA-MA-Stoch-RSI_01_standard.set: 'utf-8' codec can't decode byte 0xff in position 0: invalid start byte
2025-04-30 04:45:20,975 - INFO - Successfully optimized EA-MA-Stoch-RSI_01_standard.set -> EA-MA-Stoch-RSI_01_otp.set
2025-04-30 04:45:20,978 - ERROR - Error reading C:\Users\nikol\AppData\Roaming\MetaQuotes\Terminal\4B1CE69F577705455263BD980C39A82C\MQL5\Profiles\Tester\EA-Moving-Average_01_standard.set: 'utf-8' codec can't decode byte 0xff in position 0: invalid start byte
2025-04-30 04:45:20,980 - INFO - Successfully optimized EA-Moving-Average_01_standard.set -> EA-Moving-Average_01_otp.set
2025-04-30 04:45:20,981 - ERROR - Error reading C:\Users\nikol\AppData\Roaming\MetaQuotes\Terminal\4B1CE69F577705455263BD980C39A82C\MQL5\Profiles\Tester\Elite-eFibo-Trader_01_standard.set: 'utf-8' codec can't decode byte 0xff in position 0: invalid start byte
2025-04-30 04:45:20,984 - INFO - Successfully optimized Elite-eFibo-Trader_01_standard.set -> Elite-eFibo-Trader_01_otp.set
2025-04-30 04:45:20,985 - ERROR - Error reading C:\Users\nikol\AppData\Roaming\MetaQuotes\Terminal\4B1CE69F577705455263BD980C39A82C\MQL5\Profiles\Tester\EMA-6.12_01_standard.set: 'utf-8' codec can't decode byte 0xff in position 0: invalid start byte
2025-04-30 04:45:20,987 - INFO - Successfully optimized EMA-6.12_01_standard.set -> EMA-6.12_01_otp.set
2025-04-30 04:45:20,990 - ERROR - Error reading C:\Users\nikol\AppData\Roaming\MetaQuotes\Terminal\4B1CE69F577705455263BD980C39A82C\MQL5\Profiles\Tester\EMA-CROSS_01_standard.set: 'utf-8' codec can't decode byte 0xff in position 0: invalid start byte
2025-04-30 04:45:20,992 - INFO - Successfully optimized EMA-CROSS_01_standard.set -> EMA-CROSS_01_otp.set
2025-04-30 04:45:20,995 - ERROR - Error reading C:\Users\nikol\AppData\Roaming\MetaQuotes\Terminal\4B1CE69F577705455263BD980C39A82C\MQL5\Profiles\Tester\EMA-LWMA-RSI_01_standard.set: 'utf-8' codec can't decode byte 0xff in position 0: invalid start byte
2025-04-30 04:45:20,997 - INFO - Successfully optimized EMA-LWMA-RSI_01_standard.set -> EMA-LWMA-RSI_01_otp.set
2025-04-30 04:45:20,999 - ERROR - Error reading C:\Users\nikol\AppData\Roaming\MetaQuotes\Terminal\4B1CE69F577705455263BD980C39A82C\MQL5\Profiles\Tester\EMA-RSI-EA_01_standard.set: 'utf-8' codec can't decode byte 0xff in position 0: invalid start byte
2025-04-30 04:45:21,003 - INFO - Successfully optimized EMA-RSI-EA_01_standard.set -> EMA-RSI-EA_01_otp.set
2025-04-30 04:45:21,005 - ERROR - Error reading C:\Users\nikol\AppData\Roaming\MetaQuotes\Terminal\4B1CE69F577705455263BD980C39A82C\MQL5\Profiles\Tester\EMA-WMA_01_standard.set: 'utf-8' codec can't decode byte 0xff in position 0: invalid start byte
2025-04-30 04:45:21,007 - INFO - Successfully optimized EMA-WMA_01_standard.set -> EMA-WMA_01_otp.set
2025-04-30 04:45:21,008 - ERROR - Error reading C:\Users\nikol\AppData\Roaming\MetaQuotes\Terminal\4B1CE69F577705455263BD980C39A82C\MQL5\Profiles\Tester\EMA_01_standard.set: 'utf-8' codec can't decode byte 0xff in position 0: invalid start byte
2025-04-30 04:45:21,010 - INFO - Successfully optimized EMA_01_standard.set -> EMA_01_otp.set
2025-04-30 04:45:21,011 - ERROR - Error reading C:\Users\nikol\AppData\Roaming\MetaQuotes\Terminal\4B1CE69F577705455263BD980C39A82C\MQL5\Profiles\Tester\Eugene_01_standard.set: 'utf-8' codec can't decode byte 0xff in position 0: invalid start byte
2025-04-30 04:45:21,013 - INFO - Successfully optimized Eugene_01_standard.set -> Eugene_01_otp.set
2025-04-30 04:45:21,014 - ERROR - Error reading C:\Users\nikol\AppData\Roaming\MetaQuotes\Terminal\4B1CE69F577705455263BD980C39A82C\MQL5\Profiles\Tester\eur-usd-m5_01_standard.set: 'utf-8' codec can't decode byte 0xff in position 0: invalid start byte
2025-04-30 04:45:21,016 - INFO - Successfully optimized eur-usd-m5_01_standard.set -> eur-usd-m5_01_otp.set
2025-04-30 04:45:21,019 - ERROR - Error reading C:\Users\nikol\AppData\Roaming\MetaQuotes\Terminal\4B1CE69F577705455263BD980C39A82C\MQL5\Profiles\Tester\EURUSD-breakout_01_standard.set: 'utf-8' codec can't decode byte 0xff in position 0: invalid start byte
2025-04-30 04:45:21,021 - INFO - Successfully optimized EURUSD-breakout_01_standard.set -> EURUSD-breakout_01_otp.set
2025-04-30 04:45:21,022 - ERROR - Error reading C:\Users\nikol\AppData\Roaming\MetaQuotes\Terminal\4B1CE69F577705455263BD980C39A82C\MQL5\Profiles\Tester\Executer-AC_01_standard.set: 'utf-8' codec can't decode byte 0xff in position 0: invalid start byte
2025-04-30 04:45:21,024 - INFO - Successfully optimized Executer-AC_01_standard.set -> Executer-AC_01_otp.set
2025-04-30 04:45:21,026 - ERROR - Error reading C:\Users\nikol\AppData\Roaming\MetaQuotes\Terminal\4B1CE69F577705455263BD980C39A82C\MQL5\Profiles\Tester\Executor-AO_01_standard.set: 'utf-8' codec can't decode byte 0xff in position 0: invalid start byte
2025-04-30 04:45:21,028 - INFO - Successfully optimized Executor-AO_01_standard.set -> Executor-AO_01_otp.set
2025-04-30 04:45:21,029 - ERROR - Error reading C:\Users\nikol\AppData\Roaming\MetaQuotes\Terminal\4B1CE69F577705455263BD980C39A82C\MQL5\Profiles\Tester\Executor-Candles_01_standard.set: 'utf-8' codec can't decode byte 0xff in position 0: invalid start byte
2025-04-30 04:45:21,031 - INFO - Successfully optimized Executor-Candles_01_standard.set -> Executor-Candles_01_otp.set
2025-04-30 04:45:21,032 - ERROR - Error reading C:\Users\nikol\AppData\Roaming\MetaQuotes\Terminal\4B1CE69F577705455263BD980C39A82C\MQL5\Profiles\Tester\exp-Amstell_01_standard.set: 'utf-8' codec can't decode byte 0xff in position 0: invalid start byte
2025-04-30 04:45:21,034 - INFO - Successfully optimized exp-Amstell_01_standard.set -> exp-Amstell_01_otp.set
2025-04-30 04:45:21,035 - ERROR - Error reading C:\Users\nikol\AppData\Roaming\MetaQuotes\Terminal\4B1CE69F577705455263BD980C39A82C\MQL5\Profiles\Tester\Expert-NEWS_01_standard.set: 'utf-8' codec can't decode byte 0xff in position 0: invalid start byte
2025-04-30 04:45:21,046 - INFO - Successfully optimized Expert-NEWS_01_standard.set -> Expert-NEWS_01_otp.set
2025-04-30 04:45:21,048 - ERROR - Error reading C:\Users\nikol\AppData\Roaming\MetaQuotes\Terminal\4B1CE69F577705455263BD980C39A82C\MQL5\Profiles\Tester\Expert-RSI-Stochastic-MA_01_standard.set: 'utf-8' codec can't decode byte 0xff in position 0: invalid start byte
2025-04-30 04:45:21,050 - INFO - Successfully optimized Expert-RSI-Stochastic-MA_01_standard.set -> Expert-RSI-Stochastic-MA_01_otp.set
2025-04-30 04:45:21,051 - ERROR - Error reading C:\Users\nikol\AppData\Roaming\MetaQuotes\Terminal\4B1CE69F577705455263BD980C39A82C\MQL5\Profiles\Tester\ExtremePrice-EA_01_standard.set: 'utf-8' codec can't decode byte 0xff in position 0: invalid start byte
2025-04-30 04:45:21,053 - INFO - Successfully optimized ExtremePrice-EA_01_standard.set -> ExtremePrice-EA_01_otp.set
2025-04-30 04:45:21,055 - ERROR - Error reading C:\Users\nikol\AppData\Roaming\MetaQuotes\Terminal\4B1CE69F577705455263BD980C39A82C\MQL5\Profiles\Tester\FiboRetracement-20EA_01_standard.set: 'utf-8' codec can't decode byte 0xff in position 0: invalid start byte
2025-04-30 04:45:21,057 - INFO - Successfully optimized FiboRetracement-20EA_01_standard.set -> FiboRetracement-20EA_01_otp.set
2025-04-30 04:45:21,059 - ERROR - Error reading C:\Users\nikol\AppData\Roaming\MetaQuotes\Terminal\4B1CE69F577705455263BD980C39A82C\MQL5\Profiles\Tester\Firebird_01_standard.set: 'utf-8' codec can't decode byte 0xff in position 0: invalid start byte
2025-04-30 04:45:21,061 - INFO - Successfully optimized Firebird_01_standard.set -> Firebird_01_otp.set
2025-04-30 04:45:21,064 - ERROR - Error reading C:\Users\nikol\AppData\Roaming\MetaQuotes\Terminal\4B1CE69F577705455263BD980C39A82C\MQL5\Profiles\Tester\Firestorm-EA_01_standard.set: 'utf-8' codec can't decode byte 0xff in position 0: invalid start byte
2025-04-30 04:45:21,066 - INFO - Successfully optimized Firestorm-EA_01_standard.set -> Firestorm-EA_01_otp.set
2025-04-30 04:45:21,068 - ERROR - Error reading C:\Users\nikol\AppData\Roaming\MetaQuotes\Terminal\4B1CE69F577705455263BD980C39A82C\MQL5\Profiles\Tester\Firestorm-indicator_01_standard.set: 'utf-8' codec can't decode byte 0xff in position 0: invalid start byte
2025-04-30 04:45:21,070 - INFO - Successfully optimized Firestorm-indicator_01_standard.set -> Firestorm-indicator_01_otp.set
2025-04-30 04:45:21,071 - ERROR - Error reading C:\Users\nikol\AppData\Roaming\MetaQuotes\Terminal\4B1CE69F577705455263BD980C39A82C\MQL5\Profiles\Tester\Fluctuate_01_standard.set: 'utf-8' codec can't decode byte 0xff in position 0: invalid start byte
2025-04-30 04:45:21,074 - INFO - Successfully optimized Fluctuate_01_standard.set -> Fluctuate_01_otp.set
2025-04-30 04:45:21,075 - ERROR - Error reading C:\Users\nikol\AppData\Roaming\MetaQuotes\Terminal\4B1CE69F577705455263BD980C39A82C\MQL5\Profiles\Tester\Forex-Fraus-M1_01_standard.set: 'utf-8' codec can't decode byte 0xff in position 0: invalid start byte
2025-04-30 04:45:21,077 - INFO - Successfully optimized Forex-Fraus-M1_01_standard.set -> Forex-Fraus-M1_01_otp.set
2025-04-30 04:45:21,078 - ERROR - Error reading C:\Users\nikol\AppData\Roaming\MetaQuotes\Terminal\4B1CE69F577705455263BD980C39A82C\MQL5\Profiles\Tester\Forex-Profit_01_standard.set: 'utf-8' codec can't decode byte 0xff in position 0: invalid start byte
2025-04-30 04:45:21,081 - INFO - Successfully optimized Forex-Profit_01_standard.set -> Forex-Profit_01_otp.set
2025-04-30 04:45:21,083 - ERROR - Error reading C:\Users\nikol\AppData\Roaming\MetaQuotes\Terminal\4B1CE69F577705455263BD980C39A82C\MQL5\Profiles\Tester\Fractals-minimum-distance_01_standard.set: 'utf-8' codec can't decode byte 0xff in position 0: invalid start byte
2025-04-30 04:45:21,087 - INFO - Successfully optimized Fractals-minimum-distance_01_standard.set -> Fractals-minimum-distance_01_otp.set
2025-04-30 04:45:21,089 - ERROR - Error reading C:\Users\nikol\AppData\Roaming\MetaQuotes\Terminal\4B1CE69F577705455263BD980C39A82C\MQL5\Profiles\Tester\Fraktrak-xonax_01_standard.set: 'utf-8' codec can't decode byte 0xff in position 0: invalid start byte
2025-04-30 04:45:21,091 - INFO - Successfully optimized Fraktrak-xonax_01_standard.set -> Fraktrak-xonax_01_otp.set
2025-04-30 04:45:21,096 - ERROR - Error reading C:\Users\nikol\AppData\Roaming\MetaQuotes\Terminal\4B1CE69F577705455263BD980C39A82C\MQL5\Profiles\Tester\Frank-Ud_01_standard.set: 'utf-8' codec can't decode byte 0xff in position 0: invalid start byte
2025-04-30 04:45:21,097 - INFO - Successfully optimized Frank-Ud_01_standard.set -> Frank-Ud_01_otp.set
2025-04-30 04:45:21,099 - ERROR - Error reading C:\Users\nikol\AppData\Roaming\MetaQuotes\Terminal\4B1CE69F577705455263BD980C39A82C\MQL5\Profiles\Tester\FT-CCI_01_standard.set: 'utf-8' codec can't decode byte 0xff in position 0: invalid start byte
2025-04-30 04:45:21,101 - INFO - Successfully optimized FT-CCI_01_standard.set -> FT-CCI_01_otp.set
2025-04-30 04:45:21,103 - ERROR - Error reading C:\Users\nikol\AppData\Roaming\MetaQuotes\Terminal\4B1CE69F577705455263BD980C39A82C\MQL5\Profiles\Tester\Fuzzy-logic_01_standard.set: 'utf-8' codec can't decode byte 0xff in position 0: invalid start byte
2025-04-30 04:45:21,104 - INFO - Successfully optimized Fuzzy-logic_01_standard.set -> Fuzzy-logic_01_otp.set
2025-04-30 04:45:21,105 - ERROR - Error reading C:\Users\nikol\AppData\Roaming\MetaQuotes\Terminal\4B1CE69F577705455263BD980C39A82C\MQL5\Profiles\Tester\GalacticExplosion_01_standard.set: 'utf-8' codec can't decode byte 0xff in position 0: invalid start byte
2025-04-30 04:45:21,107 - INFO - Successfully optimized GalacticExplosion_01_standard.set -> GalacticExplosion_01_otp.set
2025-04-30 04:45:21,108 - ERROR - Error reading C:\Users\nikol\AppData\Roaming\MetaQuotes\Terminal\4B1CE69F577705455263BD980C39A82C\MQL5\Profiles\Tester\Gandalf-PRO_01_standard.set: 'utf-8' codec can't decode byte 0xff in position 0: invalid start byte
2025-04-30 04:45:21,109 - INFO - Successfully optimized Gandalf-PRO_01_standard.set -> Gandalf-PRO_01_otp.set
2025-04-30 04:45:21,110 - ERROR - Error reading C:\Users\nikol\AppData\Roaming\MetaQuotes\Terminal\4B1CE69F577705455263BD980C39A82C\MQL5\Profiles\Tester\Gap-DM_01_standard.set: 'utf-8' codec can't decode byte 0xff in position 0: invalid start byte
2025-04-30 04:45:21,112 - INFO - Successfully optimized Gap-DM_01_standard.set -> Gap-DM_01_otp.set
2025-04-30 04:45:21,113 - ERROR - Error reading C:\Users\nikol\AppData\Roaming\MetaQuotes\Terminal\4B1CE69F577705455263BD980C39A82C\MQL5\Profiles\Tester\GAP-EA_01_standard.set: 'utf-8' codec can't decode byte 0xff in position 0: invalid start byte
2025-04-30 04:45:21,115 - INFO - Successfully optimized GAP-EA_01_standard.set -> GAP-EA_01_otp.set
2025-04-30 04:45:21,116 - ERROR - Error reading C:\Users\nikol\AppData\Roaming\MetaQuotes\Terminal\4B1CE69F577705455263BD980C39A82C\MQL5\Profiles\Tester\Gaps_01_standard.set: 'utf-8' codec can't decode byte 0xff in position 0: invalid start byte
2025-04-30 04:45:21,118 - INFO - Successfully optimized Gaps_01_standard.set -> Gaps_01_otp.set
2025-04-30 04:45:21,119 - ERROR - Error reading C:\Users\nikol\AppData\Roaming\MetaQuotes\Terminal\4B1CE69F577705455263BD980C39A82C\MQL5\Profiles\Tester\GBP9AM_01_standard.set: 'utf-8' codec can't decode byte 0xff in position 0: invalid start byte
2025-04-30 04:45:21,121 - INFO - Successfully optimized GBP9AM_01_standard.set -> GBP9AM_01_otp.set
2025-04-30 04:45:21,122 - ERROR - Error reading C:\Users\nikol\AppData\Roaming\MetaQuotes\Terminal\4B1CE69F577705455263BD980C39A82C\MQL5\Profiles\Tester\GbpChf_01_standard.set: 'utf-8' codec can't decode byte 0xff in position 0: invalid start byte
2025-04-30 04:45:21,123 - INFO - Successfully optimized GbpChf_01_standard.set -> GbpChf_01_otp.set
2025-04-30 04:45:21,124 - ERROR - Error reading C:\Users\nikol\AppData\Roaming\MetaQuotes\Terminal\4B1CE69F577705455263BD980C39A82C\MQL5\Profiles\Tester\Gold-Dust_01_standard.set: 'utf-8' codec can't decode byte 0xff in position 0: invalid start byte
2025-04-30 04:45:21,126 - INFO - Successfully optimized Gold-Dust_01_standard.set -> Gold-Dust_01_otp.set
2025-04-30 04:45:21,127 - ERROR - Error reading C:\Users\nikol\AppData\Roaming\MetaQuotes\Terminal\4B1CE69F577705455263BD980C39A82C\MQL5\Profiles\Tester\GO_01_standard.set: 'utf-8' codec can't decode byte 0xff in position 0: invalid start byte
2025-04-30 04:45:21,129 - INFO - Successfully optimized GO_01_standard.set -> GO_01_otp.set
2025-04-30 04:45:21,130 - ERROR - Error reading C:\Users\nikol\AppData\Roaming\MetaQuotes\Terminal\4B1CE69F577705455263BD980C39A82C\MQL5\Profiles\Tester\GreenTrade_01_standard.set: 'utf-8' codec can't decode byte 0xff in position 0: invalid start byte
2025-04-30 04:45:21,131 - INFO - Successfully optimized GreenTrade_01_standard.set -> GreenTrade_01_otp.set
2025-04-30 04:45:21,133 - ERROR - Error reading C:\Users\nikol\AppData\Roaming\MetaQuotes\Terminal\4B1CE69F577705455263BD980C39A82C\MQL5\Profiles\Tester\Grid-Martingale_01_standard.set: 'utf-8' codec can't decode byte 0xff in position 0: invalid start byte
2025-04-30 04:45:21,135 - INFO - Successfully optimized Grid-Martingale_01_standard.set -> Grid-Martingale_01_otp.set
2025-04-30 04:45:21,136 - ERROR - Error reading C:\Users\nikol\AppData\Roaming\MetaQuotes\Terminal\4B1CE69F577705455263BD980C39A82C\MQL5\Profiles\Tester\GridEA_01_standard.set: 'utf-8' codec can't decode byte 0xff in position 0: invalid start byte
2025-04-30 04:45:21,137 - INFO - Successfully optimized GridEA_01_standard.set -> GridEA_01_otp.set
2025-04-30 04:45:21,138 - ERROR - Error reading C:\Users\nikol\AppData\Roaming\MetaQuotes\Terminal\4B1CE69F577705455263BD980C39A82C\MQL5\Profiles\Tester\Grid_01_standard.set: 'utf-8' codec can't decode byte 0xff in position 0: invalid start byte
2025-04-30 04:45:21,140 - INFO - Successfully optimized Grid_01_standard.set -> Grid_01_otp.set
2025-04-30 04:45:21,141 - ERROR - Error reading C:\Users\nikol\AppData\Roaming\MetaQuotes\Terminal\4B1CE69F577705455263BD980C39A82C\MQL5\Profiles\Tester\HarVesteR_01_standard.set: 'utf-8' codec can't decode byte 0xff in position 0: invalid start byte
2025-04-30 04:45:21,143 - INFO - Successfully optimized HarVesteR_01_standard.set -> HarVesteR_01_otp.set
2025-04-30 04:45:21,144 - ERROR - Error reading C:\Users\nikol\AppData\Roaming\MetaQuotes\Terminal\4B1CE69F577705455263BD980C39A82C\MQL5\Profiles\Tester\HedgeEA_01_standard.set: 'utf-8' codec can't decode byte 0xff in position 0: invalid start byte
2025-04-30 04:45:21,145 - INFO - Successfully optimized HedgeEA_01_standard.set -> HedgeEA_01_otp.set
2025-04-30 04:45:21,146 - ERROR - Error reading C:\Users\nikol\AppData\Roaming\MetaQuotes\Terminal\4B1CE69F577705455263BD980C39A82C\MQL5\Profiles\Tester\hedger_01_standard.set: 'utf-8' codec can't decode byte 0xff in position 0: invalid start byte
2025-04-30 04:45:21,147 - INFO - Successfully optimized hedger_01_standard.set -> hedger_01_otp.set
2025-04-30 04:45:21,148 - ERROR - Error reading C:\Users\nikol\AppData\Roaming\MetaQuotes\Terminal\4B1CE69F577705455263BD980C39A82C\MQL5\Profiles\Tester\Hedging-EA_01_standard.set: 'utf-8' codec can't decode byte 0xff in position 0: invalid start byte
2025-04-30 04:45:21,150 - INFO - Successfully optimized Hedging-EA_01_standard.set -> Hedging-EA_01_otp.set
2025-04-30 04:45:21,151 - ERROR - Error reading C:\Users\nikol\AppData\Roaming\MetaQuotes\Terminal\4B1CE69F577705455263BD980C39A82C\MQL5\Profiles\Tester\Heiken-Ashi-Smoothed-EA-with-MA_01_standard.set: 'utf-8' codec can't decode byte 0xff in position 0: invalid start byte
2025-04-30 04:45:21,152 - INFO - Successfully optimized Heiken-Ashi-Smoothed-EA-with-MA_01_standard.set -> Heiken-Ashi-Smoothed-EA-with-MA_01_otp.set
2025-04-30 04:45:21,153 - ERROR - Error reading C:\Users\nikol\AppData\Roaming\MetaQuotes\Terminal\4B1CE69F577705455263BD980C39A82C\MQL5\Profiles\Tester\Heiken-Ashi-Smoothed-EA_01_standard.set: 'utf-8' codec can't decode byte 0xff in position 0: invalid start byte
2025-04-30 04:45:21,155 - INFO - Successfully optimized Heiken-Ashi-Smoothed-EA_01_standard.set -> Heiken-Ashi-Smoothed-EA_01_otp.set
2025-04-30 04:45:21,156 - ERROR - Error reading C:\Users\nikol\AppData\Roaming\MetaQuotes\Terminal\4B1CE69F577705455263BD980C39A82C\MQL5\Profiles\Tester\heiken-ashi-smoothedLine_01_standard.set: 'utf-8' codec can't decode byte 0xff in position 0: invalid start byte
2025-04-30 04:45:21,158 - INFO - Successfully optimized heiken-ashi-smoothedLine_01_standard.set -> heiken-ashi-smoothedLine_01_otp.set
2025-04-30 04:45:21,159 - ERROR - Error reading C:\Users\nikol\AppData\Roaming\MetaQuotes\Terminal\4B1CE69F577705455263BD980C39A82C\MQL5\Profiles\Tester\heiken-ashi-smoothed_01_standard.set: 'utf-8' codec can't decode byte 0xff in position 0: invalid start byte
2025-04-30 04:45:21,160 - INFO - Successfully optimized heiken-ashi-smoothed_01_standard.set -> heiken-ashi-smoothed_01_otp.set
2025-04-30 04:45:21,161 - ERROR - Error reading C:\Users\nikol\AppData\Roaming\MetaQuotes\Terminal\4B1CE69F577705455263BD980C39A82C\MQL5\Profiles\Tester\HeikenAshi-Lines-EA_01_standard.set: 'utf-8' codec can't decode byte 0xff in position 0: invalid start byte
2025-04-30 04:45:21,163 - INFO - Successfully optimized HeikenAshi-Lines-EA_01_standard.set -> HeikenAshi-Lines-EA_01_otp.set
2025-04-30 04:45:21,164 - ERROR - Error reading C:\Users\nikol\AppData\Roaming\MetaQuotes\Terminal\4B1CE69F577705455263BD980C39A82C\MQL5\Profiles\Tester\HeikenAshi-Lines_01_standard.set: 'utf-8' codec can't decode byte 0xff in position 0: invalid start byte
2025-04-30 04:45:21,166 - INFO - Successfully optimized HeikenAshi-Lines_01_standard.set -> HeikenAshi-Lines_01_otp.set
2025-04-30 04:45:21,168 - ERROR - Error reading C:\Users\nikol\AppData\Roaming\MetaQuotes\Terminal\4B1CE69F577705455263BD980C39A82C\MQL5\Profiles\Tester\Heinken-Ashi-Color-Candles_01_standard.set: 'utf-8' codec can't decode byte 0xff in position 0: invalid start byte
2025-04-30 04:45:21,170 - INFO - Successfully optimized Heinken-Ashi-Color-Candles_01_standard.set -> Heinken-Ashi-Color-Candles_01_otp.set
2025-04-30 04:45:21,171 - ERROR - Error reading C:\Users\nikol\AppData\Roaming\MetaQuotes\Terminal\4B1CE69F577705455263BD980C39A82C\MQL5\Profiles\Tester\HelloSmart_01_standard.set: 'utf-8' codec can't decode byte 0xff in position 0: invalid start byte
2025-04-30 04:45:21,172 - INFO - Successfully optimized HelloSmart_01_standard.set -> HelloSmart_01_otp.set
2025-04-30 04:45:21,174 - ERROR - Error reading C:\Users\nikol\AppData\Roaming\MetaQuotes\Terminal\4B1CE69F577705455263BD980C39A82C\MQL5\Profiles\Tester\High-Low-EA_01_standard.set: 'utf-8' codec can't decode byte 0xff in position 0: invalid start byte
2025-04-30 04:45:21,175 - INFO - Successfully optimized High-Low-EA_01_standard.set -> High-Low-EA_01_otp.set
2025-04-30 04:45:21,177 - ERROR - Error reading C:\Users\nikol\AppData\Roaming\MetaQuotes\Terminal\4B1CE69F577705455263BD980C39A82C\MQL5\Profiles\Tester\High-Low-Indicator_01_standard.set: 'utf-8' codec can't decode byte 0xff in position 0: invalid start byte
2025-04-30 04:45:21,178 - INFO - Successfully optimized High-Low-Indicator_01_standard.set -> High-Low-Indicator_01_otp.set
2025-04-30 04:45:21,179 - ERROR - Error reading C:\Users\nikol\AppData\Roaming\MetaQuotes\Terminal\4B1CE69F577705455263BD980C39A82C\MQL5\Profiles\Tester\Hoop-master-2_01_standard.set: 'utf-8' codec can't decode byte 0xff in position 0: invalid start byte
2025-04-30 04:45:21,181 - INFO - Successfully optimized Hoop-master-2_01_standard.set -> Hoop-master-2_01_otp.set
2025-04-30 04:45:21,182 - ERROR - Error reading C:\Users\nikol\AppData\Roaming\MetaQuotes\Terminal\4B1CE69F577705455263BD980C39A82C\MQL5\Profiles\Tester\iCCI-iMA_01_standard.set: 'utf-8' codec can't decode byte 0xff in position 0: invalid start byte
2025-04-30 04:45:21,183 - INFO - Successfully optimized iCCI-iMA_01_standard.set -> iCCI-iMA_01_otp.set
2025-04-30 04:45:21,184 - ERROR - Error reading C:\Users\nikol\AppData\Roaming\MetaQuotes\Terminal\4B1CE69F577705455263BD980C39A82C\MQL5\Profiles\Tester\ICH-With-Alert-Derekers-EA_01_standard.set: 'utf-8' codec can't decode byte 0xff in position 0: invalid start byte
2025-04-30 04:45:21,186 - INFO - Successfully optimized ICH-With-Alert-Derekers-EA_01_standard.set -> ICH-With-Alert-Derekers-EA_01_otp.set
2025-04-30 04:45:21,187 - ERROR - Error reading C:\Users\nikol\AppData\Roaming\MetaQuotes\Terminal\4B1CE69F577705455263BD980C39A82C\MQL5\Profiles\Tester\ICH-With-Alert-Derekers_01_standard.set: 'utf-8' codec can't decode byte 0xff in position 0: invalid start byte
2025-04-30 04:45:21,188 - INFO - Successfully optimized ICH-With-Alert-Derekers_01_standard.set -> ICH-With-Alert-Derekers_01_otp.set
2025-04-30 04:45:21,190 - ERROR - Error reading C:\Users\nikol\AppData\Roaming\MetaQuotes\Terminal\4B1CE69F577705455263BD980C39A82C\MQL5\Profiles\Tester\ichimok2005_01_standard.set: 'utf-8' codec can't decode byte 0xff in position 0: invalid start byte
2025-04-30 04:45:21,191 - INFO - Successfully optimized ichimok2005_01_standard.set -> ichimok2005_01_otp.set
2025-04-30 04:45:21,192 - ERROR - Error reading C:\Users\nikol\AppData\Roaming\MetaQuotes\Terminal\4B1CE69F577705455263BD980C39A82C\MQL5\Profiles\Tester\Ichimoku-20Kijun-20Alert_01_standard.set: 'utf-8' codec can't decode byte 0xff in position 0: invalid start byte
2025-04-30 04:45:21,193 - INFO - Successfully optimized Ichimoku-20Kijun-20Alert_01_standard.set -> Ichimoku-20Kijun-20Alert_01_otp.set
2025-04-30 04:45:21,194 - ERROR - Error reading C:\Users\nikol\AppData\Roaming\MetaQuotes\Terminal\4B1CE69F577705455263BD980C39A82C\MQL5\Profiles\Tester\Ichimoku-20Tenkan-20Alert_01_standard.set: 'utf-8' codec can't decode byte 0xff in position 0: invalid start byte
2025-04-30 04:45:21,196 - INFO - Successfully optimized Ichimoku-20Tenkan-20Alert_01_standard.set -> Ichimoku-20Tenkan-20Alert_01_otp.set
2025-04-30 04:45:21,198 - ERROR - Error reading C:\Users\nikol\AppData\Roaming\MetaQuotes\Terminal\4B1CE69F577705455263BD980C39A82C\MQL5\Profiles\Tester\Ichimoku-Scanner_01_standard.set: 'utf-8' codec can't decode byte 0xff in position 0: invalid start byte
2025-04-30 04:45:21,199 - INFO - Successfully optimized Ichimoku-Scanner_01_standard.set -> Ichimoku-Scanner_01_otp.set
2025-04-30 04:45:21,200 - ERROR - Error reading C:\Users\nikol\AppData\Roaming\MetaQuotes\Terminal\4B1CE69F577705455263BD980C39A82C\MQL5\Profiles\Tester\Ichimoku-Signals-and-Alert_01_standard.set: 'utf-8' codec can't decode byte 0xff in position 0: invalid start byte
2025-04-30 04:45:21,205 - INFO - Successfully optimized Ichimoku-Signals-and-Alert_01_standard.set -> Ichimoku-Signals-and-Alert_01_otp.set
2025-04-30 04:45:21,206 - ERROR - Error reading C:\Users\nikol\AppData\Roaming\MetaQuotes\Terminal\4B1CE69F577705455263BD980C39A82C\MQL5\Profiles\Tester\IchimokuMTF-EA_01_standard.set: 'utf-8' codec can't decode byte 0xff in position 0: invalid start byte
2025-04-30 04:45:21,208 - INFO - Successfully optimized IchimokuMTF-EA_01_standard.set -> IchimokuMTF-EA_01_otp.set
2025-04-30 04:45:21,209 - ERROR - Error reading C:\Users\nikol\AppData\Roaming\MetaQuotes\Terminal\4B1CE69F577705455263BD980C39A82C\MQL5\Profiles\Tester\Ichimoku_01_standard.set: 'utf-8' codec can't decode byte 0xff in position 0: invalid start byte
2025-04-30 04:45:21,212 - INFO - Successfully optimized Ichimoku_01_standard.set -> Ichimoku_01_otp.set
2025-04-30 04:45:21,214 - ERROR - Error reading C:\Users\nikol\AppData\Roaming\MetaQuotes\Terminal\4B1CE69F577705455263BD980C39A82C\MQL5\Profiles\Tester\Ilan-iMA_01_standard.set: 'utf-8' codec can't decode byte 0xff in position 0: invalid start byte
2025-04-30 04:45:21,216 - INFO - Successfully optimized Ilan-iMA_01_standard.set -> Ilan-iMA_01_otp.set
2025-04-30 04:45:21,217 - ERROR - Error reading C:\Users\nikol\AppData\Roaming\MetaQuotes\Terminal\4B1CE69F577705455263BD980C39A82C\MQL5\Profiles\Tester\Ilan1.4_01_standard.set: 'utf-8' codec can't decode byte 0xff in position 0: invalid start byte
2025-04-30 04:45:21,218 - INFO - Successfully optimized Ilan1.4_01_standard.set -> Ilan1.4_01_otp.set
2025-04-30 04:45:21,219 - ERROR - Error reading C:\Users\nikol\AppData\Roaming\MetaQuotes\Terminal\4B1CE69F577705455263BD980C39A82C\MQL5\Profiles\Tester\iMA-iStdDev_01_standard.set: 'utf-8' codec can't decode byte 0xff in position 0: invalid start byte
2025-04-30 04:45:21,221 - INFO - Successfully optimized iMA-iStdDev_01_standard.set -> iMA-iStdDev_01_otp.set
2025-04-30 04:45:21,222 - ERROR - Error reading C:\Users\nikol\AppData\Roaming\MetaQuotes\Terminal\4B1CE69F577705455263BD980C39A82C\MQL5\Profiles\Tester\Indices-Tester_01_standard.set: 'utf-8' codec can't decode byte 0xff in position 0: invalid start byte
2025-04-30 04:45:21,224 - INFO - Successfully optimized Indices-Tester_01_standard.set -> Indices-Tester_01_otp.set
2025-04-30 04:45:21,225 - ERROR - Error reading C:\Users\nikol\AppData\Roaming\MetaQuotes\Terminal\4B1CE69F577705455263BD980C39A82C\MQL5\Profiles\Tester\Inka-20Edho-20EA_01_standard.set: 'utf-8' codec can't decode byte 0xff in position 0: invalid start byte
2025-04-30 04:45:21,227 - INFO - Successfully optimized Inka-20Edho-20EA_01_standard.set -> Inka-20Edho-20EA_01_otp.set
2025-04-30 04:45:21,228 - ERROR - Error reading C:\Users\nikol\AppData\Roaming\MetaQuotes\Terminal\4B1CE69F577705455263BD980C39A82C\MQL5\Profiles\Tester\Intersection-2-iMA_01_standard.set: 'utf-8' codec can't decode byte 0xff in position 0: invalid start byte
2025-04-30 04:45:21,229 - INFO - Successfully optimized Intersection-2-iMA_01_standard.set -> Intersection-2-iMA_01_otp.set
2025-04-30 04:45:21,230 - ERROR - Error reading C:\Users\nikol\AppData\Roaming\MetaQuotes\Terminal\4B1CE69F577705455263BD980C39A82C\MQL5\Profiles\Tester\IStochastic-Trading_01_standard.set: 'utf-8' codec can't decode byte 0xff in position 0: invalid start byte
2025-04-30 04:45:21,232 - INFO - Successfully optimized IStochastic-Trading_01_standard.set -> IStochastic-Trading_01_otp.set
2025-04-30 04:45:21,233 - ERROR - Error reading C:\Users\nikol\AppData\Roaming\MetaQuotes\Terminal\4B1CE69F577705455263BD980C39A82C\MQL5\Profiles\Tester\Ivan_01_standard.set: 'utf-8' codec can't decode byte 0xff in position 0: invalid start byte
2025-04-30 04:45:21,234 - INFO - Successfully optimized Ivan_01_standard.set -> Ivan_01_otp.set
2025-04-30 04:45:21,235 - ERROR - Error reading C:\Users\nikol\AppData\Roaming\MetaQuotes\Terminal\4B1CE69F577705455263BD980C39A82C\MQL5\Profiles\Tester\iVIDyA-Simple_01_standard.set: 'utf-8' codec can't decode byte 0xff in position 0: invalid start byte
2025-04-30 04:45:21,237 - INFO - Successfully optimized iVIDyA-Simple_01_standard.set -> iVIDyA-Simple_01_otp.set
2025-04-30 04:45:21,238 - ERROR - Error reading C:\Users\nikol\AppData\Roaming\MetaQuotes\Terminal\4B1CE69F577705455263BD980C39A82C\MQL5\Profiles\Tester\Jackpot-Strategy-EA_01_standard.set: 'utf-8' codec can't decode byte 0xff in position 0: invalid start byte
2025-04-30 04:45:21,240 - INFO - Successfully optimized Jackpot-Strategy-EA_01_standard.set -> Jackpot-Strategy-EA_01_otp.set
2025-04-30 04:45:21,242 - ERROR - Error reading C:\Users\nikol\AppData\Roaming\MetaQuotes\Terminal\4B1CE69F577705455263BD980C39A82C\MQL5\Profiles\Tester\JackPot-Strategy-Elite_01_standard.set: 'utf-8' codec can't decode byte 0xff in position 0: invalid start byte
2025-04-30 04:45:21,243 - INFO - Successfully optimized JackPot-Strategy-Elite_01_standard.set -> JackPot-Strategy-Elite_01_otp.set
2025-04-30 04:45:21,244 - ERROR - Error reading C:\Users\nikol\AppData\Roaming\MetaQuotes\Terminal\4B1CE69F577705455263BD980C39A82C\MQL5\Profiles\Tester\JK-BullP-AutoTrader_01_standard.set: 'utf-8' codec can't decode byte 0xff in position 0: invalid start byte
2025-04-30 04:45:21,247 - INFO - Successfully optimized JK-BullP-AutoTrader_01_standard.set -> JK-BullP-AutoTrader_01_otp.set
2025-04-30 04:45:21,248 - ERROR - Error reading C:\Users\nikol\AppData\Roaming\MetaQuotes\Terminal\4B1CE69F577705455263BD980C39A82C\MQL5\Profiles\Tester\JS-Chaos_01_standard.set: 'utf-8' codec can't decode byte 0xff in position 0: invalid start byte
2025-04-30 04:45:21,250 - INFO - Successfully optimized JS-Chaos_01_standard.set -> JS-Chaos_01_otp.set
2025-04-30 04:45:21,251 - ERROR - Error reading C:\Users\nikol\AppData\Roaming\MetaQuotes\Terminal\4B1CE69F577705455263BD980C39A82C\MQL5\Profiles\Tester\JS-MA-Day_01_standard.set: 'utf-8' codec can't decode byte 0xff in position 0: invalid start byte
2025-04-30 04:45:21,253 - INFO - Successfully optimized JS-MA-Day_01_standard.set -> JS-MA-Day_01_otp.set
2025-04-30 04:45:21,254 - ERROR - Error reading C:\Users\nikol\AppData\Roaming\MetaQuotes\Terminal\4B1CE69F577705455263BD980C39A82C\MQL5\Profiles\Tester\JS-MA-SAR-Trades_01_standard.set: 'utf-8' codec can't decode byte 0xff in position 0: invalid start byte
2025-04-30 04:45:21,255 - INFO - Successfully optimized JS-MA-SAR-Trades_01_standard.set -> JS-MA-SAR-Trades_01_otp.set
2025-04-30 04:45:21,256 - ERROR - Error reading C:\Users\nikol\AppData\Roaming\MetaQuotes\Terminal\4B1CE69F577705455263BD980C39A82C\MQL5\Profiles\Tester\KA-Gold-Bot_01_standard.set: 'utf-8' codec can't decode byte 0xff in position 0: invalid start byte
2025-04-30 04:45:21,257 - INFO - Successfully optimized KA-Gold-Bot_01_standard.set -> KA-Gold-Bot_01_otp.set
2025-04-30 04:45:21,259 - ERROR - Error reading C:\Users\nikol\AppData\Roaming\MetaQuotes\Terminal\4B1CE69F577705455263BD980C39A82C\MQL5\Profiles\Tester\Kue-Electric-EA_01_standard.set: 'utf-8' codec can't decode byte 0xff in position 0: invalid start byte
2025-04-30 04:45:21,260 - INFO - Successfully optimized Kue-Electric-EA_01_standard.set -> Kue-Electric-EA_01_otp.set
2025-04-30 04:45:21,261 - ERROR - Error reading C:\Users\nikol\AppData\Roaming\MetaQuotes\Terminal\4B1CE69F577705455263BD980C39A82C\MQL5\Profiles\Tester\KueFx-20Arrows_01_standard.set: 'utf-8' codec can't decode byte 0xff in position 0: invalid start byte
2025-04-30 04:45:21,262 - INFO - Successfully optimized KueFx-20Arrows_01_standard.set -> KueFx-20Arrows_01_otp.set
2025-04-30 04:45:21,263 - ERROR - Error reading C:\Users\nikol\AppData\Roaming\MetaQuotes\Terminal\4B1CE69F577705455263BD980C39A82C\MQL5\Profiles\Tester\KueFx-20Baseline_01_standard.set: 'utf-8' codec can't decode byte 0xff in position 0: invalid start byte
2025-04-30 04:45:21,265 - INFO - Successfully optimized KueFx-20Baseline_01_standard.set -> KueFx-20Baseline_01_otp.set
2025-04-30 04:45:21,266 - ERROR - Error reading C:\Users\nikol\AppData\Roaming\MetaQuotes\Terminal\4B1CE69F577705455263BD980C39A82C\MQL5\Profiles\Tester\KueFx-Arrows-20EA_01_standard.set: 'utf-8' codec can't decode byte 0xff in position 0: invalid start byte
2025-04-30 04:45:21,267 - INFO - Successfully optimized KueFx-Arrows-20EA_01_standard.set -> KueFx-Arrows-20EA_01_otp.set
2025-04-30 04:45:21,268 - ERROR - Error reading C:\Users\nikol\AppData\Roaming\MetaQuotes\Terminal\4B1CE69F577705455263BD980C39A82C\MQL5\Profiles\Tester\KueFx-Arrows-EA_01_standard.set: 'utf-8' codec can't decode byte 0xff in position 0: invalid start byte
2025-04-30 04:45:21,269 - INFO - Successfully optimized KueFx-Arrows-EA_01_standard.set -> KueFx-Arrows-EA_01_otp.set
2025-04-30 04:45:21,270 - ERROR - Error reading C:\Users\nikol\AppData\Roaming\MetaQuotes\Terminal\4B1CE69F577705455263BD980C39A82C\MQL5\Profiles\Tester\KueFx-Arrows_01_standard.set: 'utf-8' codec can't decode byte 0xff in position 0: invalid start byte
2025-04-30 04:45:21,272 - INFO - Successfully optimized KueFx-Arrows_01_standard.set -> KueFx-Arrows_01_otp.set
2025-04-30 04:45:21,273 - ERROR - Error reading C:\Users\nikol\AppData\Roaming\MetaQuotes\Terminal\4B1CE69F577705455263BD980C39A82C\MQL5\Profiles\Tester\KueFx-Baseline-EA_01_standard.set: 'utf-8' codec can't decode byte 0xff in position 0: invalid start byte
2025-04-30 04:45:21,274 - INFO - Successfully optimized KueFx-Baseline-EA_01_standard.set -> KueFx-Baseline-EA_01_otp.set
2025-04-30 04:45:21,275 - ERROR - Error reading C:\Users\nikol\AppData\Roaming\MetaQuotes\Terminal\4B1CE69F577705455263BD980C39A82C\MQL5\Profiles\Tester\KueFx-Baseline_01_standard.set: 'utf-8' codec can't decode byte 0xff in position 0: invalid start byte
2025-04-30 04:45:21,276 - INFO - Successfully optimized KueFx-Baseline_01_standard.set -> KueFx-Baseline_01_otp.set
2025-04-30 04:45:21,277 - ERROR - Error reading C:\Users\nikol\AppData\Roaming\MetaQuotes\Terminal\4B1CE69F577705455263BD980C39A82C\MQL5\Profiles\Tester\KueFx-Clean-2025-EA_01_standard.set: 'utf-8' codec can't decode byte 0xff in position 0: invalid start byte
2025-04-30 04:45:21,279 - INFO - Successfully optimized KueFx-Clean-2025-EA_01_standard.set -> KueFx-Clean-2025-EA_01_otp.set
2025-04-30 04:45:21,280 - ERROR - Error reading C:\Users\nikol\AppData\Roaming\MetaQuotes\Terminal\4B1CE69F577705455263BD980C39A82C\MQL5\Profiles\Tester\KueFx-Extreme-EA_01_standard.set: 'utf-8' codec can't decode byte 0xff in position 0: invalid start byte
2025-04-30 04:45:21,281 - INFO - Successfully optimized KueFx-Extreme-EA_01_standard.set -> KueFx-Extreme-EA_01_otp.set
2025-04-30 04:45:21,282 - ERROR - Error reading C:\Users\nikol\AppData\Roaming\MetaQuotes\Terminal\4B1CE69F577705455263BD980C39A82C\MQL5\Profiles\Tester\KueFx-Harare-EA_01_standard.set: 'utf-8' codec can't decode byte 0xff in position 0: invalid start byte
2025-04-30 04:45:21,284 - INFO - Successfully optimized KueFx-Harare-EA_01_standard.set -> KueFx-Harare-EA_01_otp.set
2025-04-30 04:45:21,284 - ERROR - Error reading C:\Users\nikol\AppData\Roaming\MetaQuotes\Terminal\4B1CE69F577705455263BD980C39A82C\MQL5\Profiles\Tester\KueFX-Money-Management_01_standard.set: 'utf-8' codec can't decode byte 0xff in position 0: invalid start byte
2025-04-30 04:45:21,286 - INFO - Successfully optimized KueFX-Money-Management_01_standard.set -> KueFX-Money-Management_01_otp.set
2025-04-30 04:45:21,287 - ERROR - Error reading C:\Users\nikol\AppData\Roaming\MetaQuotes\Terminal\4B1CE69F577705455263BD980C39A82C\MQL5\Profiles\Tester\KueFx-Motor-EA_01_standard.set: 'utf-8' codec can't decode byte 0xff in position 0: invalid start byte
2025-04-30 04:45:21,289 - INFO - Successfully optimized KueFx-Motor-EA_01_standard.set -> KueFx-Motor-EA_01_otp.set
2025-04-30 04:45:21,289 - ERROR - Error reading C:\Users\nikol\AppData\Roaming\MetaQuotes\Terminal\4B1CE69F577705455263BD980C39A82C\MQL5\Profiles\Tester\KueFx-Motor_01_standard.set: 'utf-8' codec can't decode byte 0xff in position 0: invalid start byte
2025-04-30 04:45:21,290 - INFO - Successfully optimized KueFx-Motor_01_standard.set -> KueFx-Motor_01_otp.set
2025-04-30 04:45:21,291 - ERROR - Error reading C:\Users\nikol\AppData\Roaming\MetaQuotes\Terminal\4B1CE69F577705455263BD980C39A82C\MQL5\Profiles\Tester\KueFx-Trend_01_standard.set: 'utf-8' codec can't decode byte 0xff in position 0: invalid start byte
2025-04-30 04:45:21,293 - INFO - Successfully optimized KueFx-Trend_01_standard.set -> KueFx-Trend_01_otp.set
2025-04-30 04:45:21,294 - ERROR - Error reading C:\Users\nikol\AppData\Roaming\MetaQuotes\Terminal\4B1CE69F577705455263BD980C39A82C\MQL5\Profiles\Tester\KueFxTrend-20EA_01_standard.set: 'utf-8' codec can't decode byte 0xff in position 0: invalid start byte
2025-04-30 04:45:21,295 - INFO - Successfully optimized KueFxTrend-20EA_01_standard.set -> KueFxTrend-20EA_01_otp.set
2025-04-30 04:45:21,296 - ERROR - Error reading C:\Users\nikol\AppData\Roaming\MetaQuotes\Terminal\4B1CE69F577705455263BD980C39A82C\MQL5\Profiles\Tester\KueFxTrend-EA_01_standard.set: 'utf-8' codec can't decode byte 0xff in position 0: invalid start byte
2025-04-30 04:45:21,297 - INFO - Successfully optimized KueFxTrend-EA_01_standard.set -> KueFxTrend-EA_01_otp.set
2025-04-30 04:45:21,298 - ERROR - Error reading C:\Users\nikol\AppData\Roaming\MetaQuotes\Terminal\4B1CE69F577705455263BD980C39A82C\MQL5\Profiles\Tester\LarryConnersRSI2_01_standard.set: 'utf-8' codec can't decode byte 0xff in position 0: invalid start byte
2025-04-30 04:45:21,299 - INFO - Successfully optimized LarryConnersRSI2_01_standard.set -> LarryConnersRSI2_01_otp.set
2025-04-30 04:45:21,300 - ERROR - Error reading C:\Users\nikol\AppData\Roaming\MetaQuotes\Terminal\4B1CE69F577705455263BD980C39A82C\MQL5\Profiles\Tester\Last-ZZ50_01_standard.set: 'utf-8' codec can't decode byte 0xff in position 0: invalid start byte
2025-04-30 04:45:21,302 - INFO - Successfully optimized Last-ZZ50_01_standard.set -> Last-ZZ50_01_otp.set
2025-04-30 04:45:21,303 - ERROR - Error reading C:\Users\nikol\AppData\Roaming\MetaQuotes\Terminal\4B1CE69F577705455263BD980C39A82C\MQL5\Profiles\Tester\Lavika100_01_standard.set: 'utf-8' codec can't decode byte 0xff in position 0: invalid start byte
2025-04-30 04:45:21,304 - INFO - Successfully optimized Lavika100_01_standard.set -> Lavika100_01_otp.set
2025-04-30 04:45:21,305 - ERROR - Error reading C:\Users\nikol\AppData\Roaming\MetaQuotes\Terminal\4B1CE69F577705455263BD980C39A82C\MQL5\Profiles\Tester\LBS_01_standard.set: 'utf-8' codec can't decode byte 0xff in position 0: invalid start byte
2025-04-30 04:45:21,306 - INFO - Successfully optimized LBS_01_standard.set -> LBS_01_otp.set
2025-04-30 04:45:21,307 - ERROR - Error reading C:\Users\nikol\AppData\Roaming\MetaQuotes\Terminal\4B1CE69F577705455263BD980C39A82C\MQL5\Profiles\Tester\Lego-EA_01_standard.set: 'utf-8' codec can't decode byte 0xff in position 0: invalid start byte
2025-04-30 04:45:21,309 - INFO - Successfully optimized Lego-EA_01_standard.set -> Lego-EA_01_otp.set
2025-04-30 04:45:21,309 - ERROR - Error reading C:\Users\nikol\AppData\Roaming\MetaQuotes\Terminal\4B1CE69F577705455263BD980C39A82C\MQL5\Profiles\Tester\Lesson-3-Price-Action_01_standard.set: 'utf-8' codec can't decode byte 0xff in position 0: invalid start byte
2025-04-30 04:45:21,311 - INFO - Successfully optimized Lesson-3-Price-Action_01_standard.set -> Lesson-3-Price-Action_01_otp.set
2025-04-30 04:45:21,311 - ERROR - Error reading C:\Users\nikol\AppData\Roaming\MetaQuotes\Terminal\4B1CE69F577705455263BD980C39A82C\MQL5\Profiles\Tester\Lesson-4-Price-Action-MA-Filter_01_standard.set: 'utf-8' codec can't decode byte 0xff in position 0: invalid start byte
2025-04-30 04:45:21,313 - INFO - Successfully optimized Lesson-4-Price-Action-MA-Filter_01_standard.set -> Lesson-4-Price-Action-MA-Filter_01_otp.set
2025-04-30 04:45:21,314 - ERROR - Error reading C:\Users\nikol\AppData\Roaming\MetaQuotes\Terminal\4B1CE69F577705455263BD980C39A82C\MQL5\Profiles\Tester\Lesson-6-Trailling-ATR_01_standard.set: 'utf-8' codec can't decode byte 0xff in position 0: invalid start byte
2025-04-30 04:45:21,316 - INFO - Successfully optimized Lesson-6-Trailling-ATR_01_standard.set -> Lesson-6-Trailling-ATR_01_otp.set
2025-04-30 04:45:21,317 - ERROR - Error reading C:\Users\nikol\AppData\Roaming\MetaQuotes\Terminal\4B1CE69F577705455263BD980C39A82C\MQL5\Profiles\Tester\Lesson-7-Price-action-Ket-hop-Volume-VSA_01_standard.set: 'utf-8' codec can't decode byte 0xff in position 0: invalid start byte
2025-04-30 04:45:21,318 - INFO - Successfully optimized Lesson-7-Price-action-Ket-hop-Volume-VSA_01_standard.set -> Lesson-7-Price-action-Ket-hop-Volume-VSA_01_otp.set
2025-04-30 04:45:21,319 - ERROR - Error reading C:\Users\nikol\AppData\Roaming\MetaQuotes\Terminal\4B1CE69F577705455263BD980C39A82C\MQL5\Profiles\Tester\Little-EA_01_standard.set: 'utf-8' codec can't decode byte 0xff in position 0: invalid start byte
2025-04-30 04:45:21,320 - INFO - Successfully optimized Little-EA_01_standard.set -> Little-EA_01_otp.set
2025-04-30 04:45:21,321 - ERROR - Error reading C:\Users\nikol\AppData\Roaming\MetaQuotes\Terminal\4B1CE69F577705455263BD980C39A82C\MQL5\Profiles\Tester\Locker_01_standard.set: 'utf-8' codec can't decode byte 0xff in position 0: invalid start byte
2025-04-30 04:45:21,323 - INFO - Successfully optimized Locker_01_standard.set -> Locker_01_otp.set
2025-04-30 04:45:21,324 - ERROR - Error reading C:\Users\nikol\AppData\Roaming\MetaQuotes\Terminal\4B1CE69F577705455263BD980C39A82C\MQL5\Profiles\Tester\Lock_01_standard.set: 'utf-8' codec can't decode byte 0xff in position 0: invalid start byte
2025-04-30 04:45:21,325 - INFO - Successfully optimized Lock_01_standard.set -> Lock_01_otp.set
2025-04-30 04:45:21,326 - ERROR - Error reading C:\Users\nikol\AppData\Roaming\MetaQuotes\Terminal\4B1CE69F577705455263BD980C39A82C\MQL5\Profiles\Tester\Lucky_01_standard.set: 'utf-8' codec can't decode byte 0xff in position 0: invalid start byte
2025-04-30 04:45:21,327 - INFO - Successfully optimized Lucky_01_standard.set -> Lucky_01_otp.set
2025-04-30 04:45:21,328 - ERROR - Error reading C:\Users\nikol\AppData\Roaming\MetaQuotes\Terminal\4B1CE69F577705455263BD980C39A82C\MQL5\Profiles\Tester\MA-20Alert_01_standard.set: 'utf-8' codec can't decode byte 0xff in position 0: invalid start byte
2025-04-30 04:45:21,330 - INFO - Successfully optimized MA-20Alert_01_standard.set -> MA-20Alert_01_otp.set
2025-04-30 04:45:21,331 - ERROR - Error reading C:\Users\nikol\AppData\Roaming\MetaQuotes\Terminal\4B1CE69F577705455263BD980C39A82C\MQL5\Profiles\Tester\MA-20AO-20Arrow_01_standard.set: 'utf-8' codec can't decode byte 0xff in position 0: invalid start byte
2025-04-30 04:45:21,332 - INFO - Successfully optimized MA-20AO-20Arrow_01_standard.set -> MA-20AO-20Arrow_01_otp.set
2025-04-30 04:45:21,333 - ERROR - Error reading C:\Users\nikol\AppData\Roaming\MetaQuotes\Terminal\4B1CE69F577705455263BD980C39A82C\MQL5\Profiles\Tester\MA-AO-EA_01_standard.set: 'utf-8' codec can't decode byte 0xff in position 0: invalid start byte
2025-04-30 04:45:21,335 - INFO - Successfully optimized MA-AO-EA_01_standard.set -> MA-AO-EA_01_otp.set
2025-04-30 04:45:21,336 - ERROR - Error reading C:\Users\nikol\AppData\Roaming\MetaQuotes\Terminal\4B1CE69F577705455263BD980C39A82C\MQL5\Profiles\Tester\ma-channels_01_standard.set: 'utf-8' codec can't decode byte 0xff in position 0: invalid start byte
2025-04-30 04:45:21,338 - INFO - Successfully optimized ma-channels_01_standard.set -> ma-channels_01_otp.set
2025-04-30 04:45:21,339 - ERROR - Error reading C:\Users\nikol\AppData\Roaming\MetaQuotes\Terminal\4B1CE69F577705455263BD980C39A82C\MQL5\Profiles\Tester\MA-Cross_01_standard.set: 'utf-8' codec can't decode byte 0xff in position 0: invalid start byte
2025-04-30 04:45:21,340 - INFO - Successfully optimized MA-Cross_01_standard.set -> MA-Cross_01_otp.set
2025-04-30 04:45:21,341 - ERROR - Error reading C:\Users\nikol\AppData\Roaming\MetaQuotes\Terminal\4B1CE69F577705455263BD980C39A82C\MQL5\Profiles\Tester\MA-Envelopes_01_standard.set: 'utf-8' codec can't decode byte 0xff in position 0: invalid start byte
2025-04-30 04:45:21,343 - INFO - Successfully optimized MA-Envelopes_01_standard.set -> MA-Envelopes_01_otp.set
2025-04-30 04:45:21,344 - ERROR - Error reading C:\Users\nikol\AppData\Roaming\MetaQuotes\Terminal\4B1CE69F577705455263BD980C39A82C\MQL5\Profiles\Tester\MA-MACD-Position-averaging_01_standard.set: 'utf-8' codec can't decode byte 0xff in position 0: invalid start byte
2025-04-30 04:45:21,345 - INFO - Successfully optimized MA-MACD-Position-averaging_01_standard.set -> MA-MACD-Position-averaging_01_otp.set
2025-04-30 04:45:21,346 - ERROR - Error reading C:\Users\nikol\AppData\Roaming\MetaQuotes\Terminal\4B1CE69F577705455263BD980C39A82C\MQL5\Profiles\Tester\MA-Trend_01_standard.set: 'utf-8' codec can't decode byte 0xff in position 0: invalid start byte
2025-04-30 04:45:21,348 - INFO - Successfully optimized MA-Trend_01_standard.set -> MA-Trend_01_otp.set
2025-04-30 04:45:21,349 - ERROR - Error reading C:\Users\nikol\AppData\Roaming\MetaQuotes\Terminal\4B1CE69F577705455263BD980C39A82C\MQL5\Profiles\Tester\MA2CCI_01_standard.set: 'utf-8' codec can't decode byte 0xff in position 0: invalid start byte
2025-04-30 04:45:21,350 - INFO - Successfully optimized MA2CCI_01_standard.set -> MA2CCI_01_otp.set
2025-04-30 04:45:21,351 - ERROR - Error reading C:\Users\nikol\AppData\Roaming\MetaQuotes\Terminal\4B1CE69F577705455263BD980C39A82C\MQL5\Profiles\Tester\MACD-and-SAR_01_standard.set: 'utf-8' codec can't decode byte 0xff in position 0: invalid start byte
2025-04-30 04:45:21,353 - INFO - Successfully optimized MACD-and-SAR_01_standard.set -> MACD-and-SAR_01_otp.set
2025-04-30 04:45:21,354 - ERROR - Error reading C:\Users\nikol\AppData\Roaming\MetaQuotes\Terminal\4B1CE69F577705455263BD980C39A82C\MQL5\Profiles\Tester\MACD-Cleaner_01_standard.set: 'utf-8' codec can't decode byte 0xff in position 0: invalid start byte
2025-04-30 04:45:21,355 - INFO - Successfully optimized MACD-Cleaner_01_standard.set -> MACD-Cleaner_01_otp.set
2025-04-30 04:45:21,356 - ERROR - Error reading C:\Users\nikol\AppData\Roaming\MetaQuotes\Terminal\4B1CE69F577705455263BD980C39A82C\MQL5\Profiles\Tester\MACD-EA-H4_01_standard.set: 'utf-8' codec can't decode byte 0xff in position 0: invalid start byte
2025-04-30 04:45:21,357 - INFO - Successfully optimized MACD-EA-H4_01_standard.set -> MACD-EA-H4_01_otp.set
2025-04-30 04:45:21,358 - ERROR - Error reading C:\Users\nikol\AppData\Roaming\MetaQuotes\Terminal\4B1CE69F577705455263BD980C39A82C\MQL5\Profiles\Tester\MACD-No-Sample_01_standard.set: 'utf-8' codec can't decode byte 0xff in position 0: invalid start byte
2025-04-30 04:45:21,359 - INFO - Successfully optimized MACD-No-Sample_01_standard.set -> MACD-No-Sample_01_otp.set
2025-04-30 04:45:21,360 - ERROR - Error reading C:\Users\nikol\AppData\Roaming\MetaQuotes\Terminal\4B1CE69F577705455263BD980C39A82C\MQL5\Profiles\Tester\MACD-signal_01_standard.set: 'utf-8' codec can't decode byte 0xff in position 0: invalid start byte
2025-04-30 04:45:21,361 - INFO - Successfully optimized MACD-signal_01_standard.set -> MACD-signal_01_otp.set
2025-04-30 04:45:21,362 - ERROR - Error reading C:\Users\nikol\AppData\Roaming\MetaQuotes\Terminal\4B1CE69F577705455263BD980C39A82C\MQL5\Profiles\Tester\MACD-Stochastic-2_01_standard.set: 'utf-8' codec can't decode byte 0xff in position 0: invalid start byte
2025-04-30 04:45:21,364 - INFO - Successfully optimized MACD-Stochastic-2_01_standard.set -> MACD-Stochastic-2_01_otp.set
2025-04-30 04:45:21,365 - ERROR - Error reading C:\Users\nikol\AppData\Roaming\MetaQuotes\Terminal\4B1CE69F577705455263BD980C39A82C\MQL5\Profiles\Tester\MACD-Stochastic_01_standard.set: 'utf-8' codec can't decode byte 0xff in position 0: invalid start byte
2025-04-30 04:45:21,366 - INFO - Successfully optimized MACD-Stochastic_01_standard.set -> MACD-Stochastic_01_otp.set
2025-04-30 04:45:21,367 - ERROR - Error reading C:\Users\nikol\AppData\Roaming\MetaQuotes\Terminal\4B1CE69F577705455263BD980C39A82C\MQL5\Profiles\Tester\MACDCCI_01_standard.set: 'utf-8' codec can't decode byte 0xff in position 0: invalid start byte
2025-04-30 04:45:21,368 - INFO - Successfully optimized MACDCCI_01_standard.set -> MACDCCI_01_otp.set
2025-04-30 04:45:21,369 - ERROR - Error reading C:\Users\nikol\AppData\Roaming\MetaQuotes\Terminal\4B1CE69F577705455263BD980C39A82C\MQL5\Profiles\Tester\MacdPatternTraderAll0.01_01_standard.set: 'utf-8' codec can't decode byte 0xff in position 0: invalid start byte
2025-04-30 04:45:21,371 - INFO - Successfully optimized MacdPatternTraderAll0.01_01_standard.set -> MacdPatternTraderAll0.01_01_otp.set
2025-04-30 04:45:21,372 - ERROR - Error reading C:\Users\nikol\AppData\Roaming\MetaQuotes\Terminal\4B1CE69F577705455263BD980C39A82C\MQL5\Profiles\Tester\MacdPatternTraderAll_01_standard.set: 'utf-8' codec can't decode byte 0xff in position 0: invalid start byte
2025-04-30 04:45:21,373 - INFO - Successfully optimized MacdPatternTraderAll_01_standard.set -> MacdPatternTraderAll_01_otp.set
2025-04-30 04:45:21,374 - ERROR - Error reading C:\Users\nikol\AppData\Roaming\MetaQuotes\Terminal\4B1CE69F577705455263BD980C39A82C\MQL5\Profiles\Tester\MACD_01_standard.set: 'utf-8' codec can't decode byte 0xff in position 0: invalid start byte
2025-04-30 04:45:21,375 - INFO - Successfully optimized MACD_01_standard.set -> MACD_01_otp.set
2025-04-30 04:45:21,376 - ERROR - Error reading C:\Users\nikol\AppData\Roaming\MetaQuotes\Terminal\4B1CE69F577705455263BD980C39A82C\MQL5\Profiles\Tester\MAGrid_01_standard.set: 'utf-8' codec can't decode byte 0xff in position 0: invalid start byte
2025-04-30 04:45:21,377 - INFO - Successfully optimized MAGrid_01_standard.set -> MAGrid_01_otp.set
2025-04-30 04:45:21,378 - ERROR - Error reading C:\Users\nikol\AppData\Roaming\MetaQuotes\Terminal\4B1CE69F577705455263BD980C39A82C\MQL5\Profiles\Tester\MAMACD_01_standard.set: 'utf-8' codec can't decode byte 0xff in position 0: invalid start byte
2025-04-30 04:45:21,379 - INFO - Successfully optimized MAMACD_01_standard.set -> MAMACD_01_otp.set
2025-04-30 04:45:21,380 - ERROR - Error reading C:\Users\nikol\AppData\Roaming\MetaQuotes\Terminal\4B1CE69F577705455263BD980C39A82C\MQL5\Profiles\Tester\Market-Capture_01_standard.set: 'utf-8' codec can't decode byte 0xff in position 0: invalid start byte
2025-04-30 04:45:21,381 - INFO - Successfully optimized Market-Capture_01_standard.set -> Market-Capture_01_otp.set
2025-04-30 04:45:21,382 - ERROR - Error reading C:\Users\nikol\AppData\Roaming\MetaQuotes\Terminal\4B1CE69F577705455263BD980C39A82C\MQL5\Profiles\Tester\Martin-1_01_standard.set: 'utf-8' codec can't decode byte 0xff in position 0: invalid start byte
2025-04-30 04:45:21,383 - INFO - Successfully optimized Martin-1_01_standard.set -> Martin-1_01_otp.set
2025-04-30 04:45:21,384 - ERROR - Error reading C:\Users\nikol\AppData\Roaming\MetaQuotes\Terminal\4B1CE69F577705455263BD980C39A82C\MQL5\Profiles\Tester\Martin-for-small-deposits_01_standard.set: 'utf-8' codec can't decode byte 0xff in position 0: invalid start byte
2025-04-30 04:45:21,386 - INFO - Successfully optimized Martin-for-small-deposits_01_standard.set -> Martin-for-small-deposits_01_otp.set
2025-04-30 04:45:21,386 - ERROR - Error reading C:\Users\nikol\AppData\Roaming\MetaQuotes\Terminal\4B1CE69F577705455263BD980C39A82C\MQL5\Profiles\Tester\MartingailExpert_01_standard.set: 'utf-8' codec can't decode byte 0xff in position 0: invalid start byte
2025-04-30 04:45:21,388 - INFO - Successfully optimized MartingailExpert_01_standard.set -> MartingailExpert_01_otp.set
2025-04-30 04:45:21,389 - ERROR - Error reading C:\Users\nikol\AppData\Roaming\MetaQuotes\Terminal\4B1CE69F577705455263BD980C39A82C\MQL5\Profiles\Tester\MartinGaleBreakout_01_standard.set: 'utf-8' codec can't decode byte 0xff in position 0: invalid start byte
2025-04-30 04:45:21,390 - INFO - Successfully optimized MartinGaleBreakout_01_standard.set -> MartinGaleBreakout_01_otp.set
2025-04-30 04:45:21,392 - ERROR - Error reading C:\Users\nikol\AppData\Roaming\MetaQuotes\Terminal\4B1CE69F577705455263BD980C39A82C\MQL5\Profiles\Tester\Martin_01_standard.set: 'utf-8' codec can't decode byte 0xff in position 0: invalid start byte
2025-04-30 04:45:21,393 - INFO - Successfully optimized Martin_01_standard.set -> Martin_01_otp.set
2025-04-30 04:45:21,394 - ERROR - Error reading C:\Users\nikol\AppData\Roaming\MetaQuotes\Terminal\4B1CE69F577705455263BD980C39A82C\MQL5\Profiles\Tester\Marubozu-EA_01_standard.set: 'utf-8' codec can't decode byte 0xff in position 0: invalid start byte
2025-04-30 04:45:21,395 - INFO - Successfully optimized Marubozu-EA_01_standard.set -> Marubozu-EA_01_otp.set
2025-04-30 04:45:21,396 - ERROR - Error reading C:\Users\nikol\AppData\Roaming\MetaQuotes\Terminal\4B1CE69F577705455263BD980C39A82C\MQL5\Profiles\Tester\Marubozu_01_standard.set: 'utf-8' codec can't decode byte 0xff in position 0: invalid start byte
2025-04-30 04:45:21,397 - INFO - Successfully optimized Marubozu_01_standard.set -> Marubozu_01_otp.set
2025-04-30 04:45:21,398 - ERROR - Error reading C:\Users\nikol\AppData\Roaming\MetaQuotes\Terminal\4B1CE69F577705455263BD980C39A82C\MQL5\Profiles\Tester\MelBar-EuSwiss-1.85_01_standard.set: 'utf-8' codec can't decode byte 0xff in position 0: invalid start byte
2025-04-30 04:45:21,399 - INFO - Successfully optimized MelBar-EuSwiss-1.85_01_standard.set -> MelBar-EuSwiss-1.85_01_otp.set
2025-04-30 04:45:21,400 - ERROR - Error reading C:\Users\nikol\AppData\Roaming\MetaQuotes\Terminal\4B1CE69F577705455263BD980C39A82C\MQL5\Profiles\Tester\MelBar™Take325-™-5.5Y-NZD-USD_01_standard.set: 'utf-8' codec can't decode byte 0xff in position 0: invalid start byte
2025-04-30 04:45:21,401 - INFO - Successfully optimized MelBar™Take325-™-5.5Y-NZD-USD_01_standard.set -> MelBar™Take325-™-5.5Y-NZD-USD_01_otp.set
2025-04-30 04:45:21,402 - ERROR - Error reading C:\Users\nikol\AppData\Roaming\MetaQuotes\Terminal\4B1CE69F577705455263BD980C39A82C\MQL5\Profiles\Tester\Mobo-Bands-EA_01_standard.set: 'utf-8' codec can't decode byte 0xff in position 0: invalid start byte
2025-04-30 04:45:21,404 - INFO - Successfully optimized Mobo-Bands-EA_01_standard.set -> Mobo-Bands-EA_01_otp.set
2025-04-30 04:45:21,405 - ERROR - Error reading C:\Users\nikol\AppData\Roaming\MetaQuotes\Terminal\4B1CE69F577705455263BD980C39A82C\MQL5\Profiles\Tester\Mobo-Bands_01_standard.set: 'utf-8' codec can't decode byte 0xff in position 0: invalid start byte
2025-04-30 04:45:21,406 - INFO - Successfully optimized Mobo-Bands_01_standard.set -> Mobo-Bands_01_otp.set
2025-04-30 04:45:21,407 - ERROR - Error reading C:\Users\nikol\AppData\Roaming\MetaQuotes\Terminal\4B1CE69F577705455263BD980C39A82C\MQL5\Profiles\Tester\Modified-Moving-Averages_01_standard.set: 'utf-8' codec can't decode byte 0xff in position 0: invalid start byte
2025-04-30 04:45:21,408 - INFO - Successfully optimized Modified-Moving-Averages_01_standard.set -> Modified-Moving-Averages_01_otp.set
2025-04-30 04:45:21,409 - ERROR - Error reading C:\Users\nikol\AppData\Roaming\MetaQuotes\Terminal\4B1CE69F577705455263BD980C39A82C\MQL5\Profiles\Tester\Momentum-M15_01_standard.set: 'utf-8' codec can't decode byte 0xff in position 0: invalid start byte
2025-04-30 04:45:21,410 - INFO - Successfully optimized Momentum-M15_01_standard.set -> Momentum-M15_01_otp.set
2025-04-30 04:45:21,412 - ERROR - Error reading C:\Users\nikol\AppData\Roaming\MetaQuotes\Terminal\4B1CE69F577705455263BD980C39A82C\MQL5\Profiles\Tester\Momo-trades_01_standard.set: 'utf-8' codec can't decode byte 0xff in position 0: invalid start byte
2025-04-30 04:45:21,413 - INFO - Successfully optimized Momo-trades_01_standard.set -> Momo-trades_01_otp.set
2025-04-30 04:45:21,414 - ERROR - Error reading C:\Users\nikol\AppData\Roaming\MetaQuotes\Terminal\4B1CE69F577705455263BD980C39A82C\MQL5\Profiles\Tester\Money-Fixed-Margin_01_standard.set: 'utf-8' codec can't decode byte 0xff in position 0: invalid start byte
2025-04-30 04:45:21,415 - INFO - Successfully optimized Money-Fixed-Margin_01_standard.set -> Money-Fixed-Margin_01_otp.set
2025-04-30 04:45:21,416 - ERROR - Error reading C:\Users\nikol\AppData\Roaming\MetaQuotes\Terminal\4B1CE69F577705455263BD980C39A82C\MQL5\Profiles\Tester\Money-Fixed-Risk_01_standard.set: 'utf-8' codec can't decode byte 0xff in position 0: invalid start byte
2025-04-30 04:45:21,418 - INFO - Successfully optimized Money-Fixed-Risk_01_standard.set -> Money-Fixed-Risk_01_otp.set
2025-04-30 04:45:21,419 - ERROR - Error reading C:\Users\nikol\AppData\Roaming\MetaQuotes\Terminal\4B1CE69F577705455263BD980C39A82C\MQL5\Profiles\Tester\MoneyRain_01_standard.set: 'utf-8' codec can't decode byte 0xff in position 0: invalid start byte
2025-04-30 04:45:21,421 - INFO - Successfully optimized MoneyRain_01_standard.set -> MoneyRain_01_otp.set
2025-04-30 04:45:21,422 - ERROR - Error reading C:\Users\nikol\AppData\Roaming\MetaQuotes\Terminal\4B1CE69F577705455263BD980C39A82C\MQL5\Profiles\Tester\Morning-evening-star-EA_01_standard.set: 'utf-8' codec can't decode byte 0xff in position 0: invalid start byte
2025-04-30 04:45:21,424 - INFO - Successfully optimized Morning-evening-star-EA_01_standard.set -> Morning-evening-star-EA_01_otp.set
2025-04-30 04:45:21,425 - ERROR - Error reading C:\Users\nikol\AppData\Roaming\MetaQuotes\Terminal\4B1CE69F577705455263BD980C39A82C\MQL5\Profiles\Tester\MostasHaR15-Pivot_01_standard.set: 'utf-8' codec can't decode byte 0xff in position 0: invalid start byte
2025-04-30 04:45:21,426 - INFO - Successfully optimized MostasHaR15-Pivot_01_standard.set -> MostasHaR15-Pivot_01_otp.set
2025-04-30 04:45:21,427 - ERROR - Error reading C:\Users\nikol\AppData\Roaming\MetaQuotes\Terminal\4B1CE69F577705455263BD980C39A82C\MQL5\Profiles\Tester\Moving-20average-20and-20ichimoku-20EA_01_standard.set: 'utf-8' codec can't decode byte 0xff in position 0: invalid start byte
2025-04-30 04:45:21,429 - INFO - Successfully optimized Moving-20average-20and-20ichimoku-20EA_01_standard.set -> Moving-20average-20and-20ichimoku-20EA_01_otp.set
2025-04-30 04:45:21,430 - ERROR - Error reading C:\Users\nikol\AppData\Roaming\MetaQuotes\Terminal\4B1CE69F577705455263BD980C39A82C\MQL5\Profiles\Tester\Moving-Average-Trade-System_01_standard.set: 'utf-8' codec can't decode byte 0xff in position 0: invalid start byte
2025-04-30 04:45:21,431 - INFO - Successfully optimized Moving-Average-Trade-System_01_standard.set -> Moving-Average-Trade-System_01_otp.set
2025-04-30 04:45:21,432 - ERROR - Error reading C:\Users\nikol\AppData\Roaming\MetaQuotes\Terminal\4B1CE69F577705455263BD980C39A82C\MQL5\Profiles\Tester\Moving-Averages_01_standard.set: 'utf-8' codec can't decode byte 0xff in position 0: invalid start byte
2025-04-30 04:45:21,434 - INFO - Successfully optimized Moving-Averages_01_standard.set -> Moving-Averages_01_otp.set
2025-04-30 04:45:21,435 - ERROR - Error reading C:\Users\nikol\AppData\Roaming\MetaQuotes\Terminal\4B1CE69F577705455263BD980C39A82C\MQL5\Profiles\Tester\MovingAverageMartinGale_01_standard.set: 'utf-8' codec can't decode byte 0xff in position 0: invalid start byte
2025-04-30 04:45:21,436 - INFO - Successfully optimized MovingAverageMartinGale_01_standard.set -> MovingAverageMartinGale_01_otp.set
2025-04-30 04:45:21,437 - ERROR - Error reading C:\Users\nikol\AppData\Roaming\MetaQuotes\Terminal\4B1CE69F577705455263BD980C39A82C\MQL5\Profiles\Tester\MovingAverage_01_standard.set: 'utf-8' codec can't decode byte 0xff in position 0: invalid start byte
2025-04-30 04:45:21,438 - INFO - Successfully optimized MovingAverage_01_standard.set -> MovingAverage_01_otp.set
2025-04-30 04:45:21,439 - ERROR - Error reading C:\Users\nikol\AppData\Roaming\MetaQuotes\Terminal\4B1CE69F577705455263BD980C39A82C\MQL5\Profiles\Tester\MQL5-Wizard-MA-RSI_01_standard.set: 'utf-8' codec can't decode byte 0xff in position 0: invalid start byte
2025-04-30 04:45:21,441 - INFO - Successfully optimized MQL5-Wizard-MA-RSI_01_standard.set -> MQL5-Wizard-MA-RSI_01_otp.set
2025-04-30 04:45:21,442 - ERROR - Error reading C:\Users\nikol\AppData\Roaming\MetaQuotes\Terminal\4B1CE69F577705455263BD980C39A82C\MQL5\Profiles\Tester\MQL5-Wizard-MACD-Parabolic-SAR_01_standard.set: 'utf-8' codec can't decode byte 0xff in position 0: invalid start byte
2025-04-30 04:45:21,443 - INFO - Successfully optimized MQL5-Wizard-MACD-Parabolic-SAR_01_standard.set -> MQL5-Wizard-MACD-Parabolic-SAR_01_otp.set
2025-04-30 04:45:21,444 - ERROR - Error reading C:\Users\nikol\AppData\Roaming\MetaQuotes\Terminal\4B1CE69F577705455263BD980C39A82C\MQL5\Profiles\Tester\MTC-Сombo_01_standard.set: 'utf-8' codec can't decode byte 0xff in position 0: invalid start byte
2025-04-30 04:45:21,445 - INFO - Successfully optimized MTC-Сombo_01_standard.set -> MTC-Сombo_01_otp.set
2025-04-30 04:45:21,446 - ERROR - Error reading C:\Users\nikol\AppData\Roaming\MetaQuotes\Terminal\4B1CE69F577705455263BD980C39A82C\MQL5\Profiles\Tester\Multi-Stochastic_01_standard.set: 'utf-8' codec can't decode byte 0xff in position 0: invalid start byte
2025-04-30 04:45:21,448 - INFO - Successfully optimized Multi-Stochastic_01_standard.set -> Multi-Stochastic_01_otp.set
2025-04-30 04:45:21,448 - ERROR - Error reading C:\Users\nikol\AppData\Roaming\MetaQuotes\Terminal\4B1CE69F577705455263BD980C39A82C\MQL5\Profiles\Tester\MultiMartin_01_standard.set: 'utf-8' codec can't decode byte 0xff in position 0: invalid start byte
2025-04-30 04:45:21,450 - INFO - Successfully optimized MultiMartin_01_standard.set -> MultiMartin_01_otp.set
2025-04-30 04:45:21,450 - ERROR - Error reading C:\Users\nikol\AppData\Roaming\MetaQuotes\Terminal\4B1CE69F577705455263BD980C39A82C\MQL5\Profiles\Tester\MySystem_01_standard.set: 'utf-8' codec can't decode byte 0xff in position 0: invalid start byte
2025-04-30 04:45:21,452 - INFO - Successfully optimized MySystem_01_standard.set -> MySystem_01_otp.set
2025-04-30 04:45:21,453 - ERROR - Error reading C:\Users\nikol\AppData\Roaming\MetaQuotes\Terminal\4B1CE69F577705455263BD980C39A82C\MQL5\Profiles\Tester\N-Candles_01_standard.set: 'utf-8' codec can't decode byte 0xff in position 0: invalid start byte
2025-04-30 04:45:21,454 - INFO - Successfully optimized N-Candles_01_standard.set -> N-Candles_01_otp.set
2025-04-30 04:45:21,455 - ERROR - Error reading C:\Users\nikol\AppData\Roaming\MetaQuotes\Terminal\4B1CE69F577705455263BD980C39A82C\MQL5\Profiles\Tester\Nevalyashka-BreakdownLevel_01_standard.set: 'utf-8' codec can't decode byte 0xff in position 0: invalid start byte
2025-04-30 04:45:21,457 - INFO - Successfully optimized Nevalyashka-BreakdownLevel_01_standard.set -> Nevalyashka-BreakdownLevel_01_otp.set
2025-04-30 04:45:21,458 - ERROR - Error reading C:\Users\nikol\AppData\Roaming\MetaQuotes\Terminal\4B1CE69F577705455263BD980C39A82C\MQL5\Profiles\Tester\Nevalyashka3-1_01_standard.set: 'utf-8' codec can't decode byte 0xff in position 0: invalid start byte
2025-04-30 04:45:21,459 - INFO - Successfully optimized Nevalyashka3-1_01_standard.set -> Nevalyashka3-1_01_otp.set
2025-04-30 04:45:21,460 - ERROR - Error reading C:\Users\nikol\AppData\Roaming\MetaQuotes\Terminal\4B1CE69F577705455263BD980C39A82C\MQL5\Profiles\Tester\Nevalyashka_01_standard.set: 'utf-8' codec can't decode byte 0xff in position 0: invalid start byte
2025-04-30 04:45:21,462 - INFO - Successfully optimized Nevalyashka_01_standard.set -> Nevalyashka_01_otp.set
2025-04-30 04:45:21,463 - ERROR - Error reading C:\Users\nikol\AppData\Roaming\MetaQuotes\Terminal\4B1CE69F577705455263BD980C39A82C\MQL5\Profiles\Tester\New-Martin_01_standard.set: 'utf-8' codec can't decode byte 0xff in position 0: invalid start byte
2025-04-30 04:45:21,464 - INFO - Successfully optimized New-Martin_01_standard.set -> New-Martin_01_otp.set
2025-04-30 04:45:21,466 - ERROR - Error reading C:\Users\nikol\AppData\Roaming\MetaQuotes\Terminal\4B1CE69F577705455263BD980C39A82C\MQL5\Profiles\Tester\New-Random_01_standard.set: 'utf-8' codec can't decode byte 0xff in position 0: invalid start byte
2025-04-30 04:45:21,467 - INFO - Successfully optimized New-Random_01_standard.set -> New-Random_01_otp.set
2025-04-30 04:45:21,468 - ERROR - Error reading C:\Users\nikol\AppData\Roaming\MetaQuotes\Terminal\4B1CE69F577705455263BD980C39A82C\MQL5\Profiles\Tester\Nextbar_01_standard.set: 'utf-8' codec can't decode byte 0xff in position 0: invalid start byte
2025-04-30 04:45:21,470 - INFO - Successfully optimized Nextbar_01_standard.set -> Nextbar_01_otp.set
2025-04-30 04:45:21,471 - ERROR - Error reading C:\Users\nikol\AppData\Roaming\MetaQuotes\Terminal\4B1CE69F577705455263BD980C39A82C\MQL5\Profiles\Tester\Night-Flat-Trade_01_standard.set: 'utf-8' codec can't decode byte 0xff in position 0: invalid start byte
2025-04-30 04:45:21,473 - INFO - Successfully optimized Night-Flat-Trade_01_standard.set -> Night-Flat-Trade_01_otp.set
2025-04-30 04:45:21,474 - ERROR - Error reading C:\Users\nikol\AppData\Roaming\MetaQuotes\Terminal\4B1CE69F577705455263BD980C39A82C\MQL5\Profiles\Tester\NightScalper_01_standard.set: 'utf-8' codec can't decode byte 0xff in position 0: invalid start byte
2025-04-30 04:45:21,475 - INFO - Successfully optimized NightScalper_01_standard.set -> NightScalper_01_otp.set
2025-04-30 04:45:21,476 - ERROR - Error reading C:\Users\nikol\AppData\Roaming\MetaQuotes\Terminal\4B1CE69F577705455263BD980C39A82C\MQL5\Profiles\Tester\NRTR-Revers_01_standard.set: 'utf-8' codec can't decode byte 0xff in position 0: invalid start byte
2025-04-30 04:45:21,478 - INFO - Successfully optimized NRTR-Revers_01_standard.set -> NRTR-Revers_01_otp.set
2025-04-30 04:45:21,479 - ERROR - Error reading C:\Users\nikol\AppData\Roaming\MetaQuotes\Terminal\4B1CE69F577705455263BD980C39A82C\MQL5\Profiles\Tester\NUp1Down_01_standard.set: 'utf-8' codec can't decode byte 0xff in position 0: invalid start byte
2025-04-30 04:45:21,481 - INFO - Successfully optimized NUp1Down_01_standard.set -> NUp1Down_01_otp.set
2025-04-30 04:45:21,482 - ERROR - Error reading C:\Users\nikol\AppData\Roaming\MetaQuotes\Terminal\4B1CE69F577705455263BD980C39A82C\MQL5\Profiles\Tester\Open-Candle-EA_01_standard.set: 'utf-8' codec can't decode byte 0xff in position 0: invalid start byte
2025-04-30 04:45:21,484 - INFO - Successfully optimized Open-Candle-EA_01_standard.set -> Open-Candle-EA_01_otp.set
2025-04-30 04:45:21,485 - ERROR - Error reading C:\Users\nikol\AppData\Roaming\MetaQuotes\Terminal\4B1CE69F577705455263BD980C39A82C\MQL5\Profiles\Tester\Open-Close_01_standard.set: 'utf-8' codec can't decode byte 0xff in position 0: invalid start byte
2025-04-30 04:45:21,487 - INFO - Successfully optimized Open-Close_01_standard.set -> Open-Close_01_otp.set
2025-04-30 04:45:21,488 - ERROR - Error reading C:\Users\nikol\AppData\Roaming\MetaQuotes\Terminal\4B1CE69F577705455263BD980C39A82C\MQL5\Profiles\Tester\Opening-and-ilosing-on-time_01_standard.set: 'utf-8' codec can't decode byte 0xff in position 0: invalid start byte
2025-04-30 04:45:21,490 - INFO - Successfully optimized Opening-and-ilosing-on-time_01_standard.set -> Opening-and-ilosing-on-time_01_otp.set
2025-04-30 04:45:21,491 - ERROR - Error reading C:\Users\nikol\AppData\Roaming\MetaQuotes\Terminal\4B1CE69F577705455263BD980C39A82C\MQL5\Profiles\Tester\Opening-and-Сlosing-on-time_01_standard.set: 'utf-8' codec can't decode byte 0xff in position 0: invalid start byte
2025-04-30 04:45:21,493 - INFO - Successfully optimized Opening-and-Сlosing-on-time_01_standard.set -> Opening-and-Сlosing-on-time_01_otp.set
2025-04-30 04:45:21,494 - ERROR - Error reading C:\Users\nikol\AppData\Roaming\MetaQuotes\Terminal\4B1CE69F577705455263BD980C39A82C\MQL5\Profiles\Tester\OpenPendingorderAfterPositionGetStopLoss_01_standard.set: 'utf-8' codec can't decode byte 0xff in position 0: invalid start byte
2025-04-30 04:45:21,496 - INFO - Successfully optimized OpenPendingorderAfterPositionGetStopLoss_01_standard.set -> OpenPendingorderAfterPositionGetStopLoss_01_otp.set
2025-04-30 04:45:21,497 - ERROR - Error reading C:\Users\nikol\AppData\Roaming\MetaQuotes\Terminal\4B1CE69F577705455263BD980C39A82C\MQL5\Profiles\Tester\OpenTicks_01_standard.set: 'utf-8' codec can't decode byte 0xff in position 0: invalid start byte
2025-04-30 04:45:21,498 - INFO - Successfully optimized OpenTicks_01_standard.set -> OpenTicks_01_otp.set
2025-04-30 04:45:21,499 - ERROR - Error reading C:\Users\nikol\AppData\Roaming\MetaQuotes\Terminal\4B1CE69F577705455263BD980C39A82C\MQL5\Profiles\Tester\ORB-EA-BOX_01_standard.set: 'utf-8' codec can't decode byte 0xff in position 0: invalid start byte
2025-04-30 04:45:21,501 - INFO - Successfully optimized ORB-EA-BOX_01_standard.set -> ORB-EA-BOX_01_otp.set
2025-04-30 04:45:21,502 - ERROR - Error reading C:\Users\nikol\AppData\Roaming\MetaQuotes\Terminal\4B1CE69F577705455263BD980C39A82C\MQL5\Profiles\Tester\OsMaSter_01_standard.set: 'utf-8' codec can't decode byte 0xff in position 0: invalid start byte
2025-04-30 04:45:21,504 - INFO - Successfully optimized OsMaSter_01_standard.set -> OsMaSter_01_otp.set
2025-04-30 04:45:21,505 - ERROR - Error reading C:\Users\nikol\AppData\Roaming\MetaQuotes\Terminal\4B1CE69F577705455263BD980C39A82C\MQL5\Profiles\Tester\OTT-20AND-20PRICE-20CROSS-20EA_01_standard.set: 'utf-8' codec can't decode byte 0xff in position 0: invalid start byte
2025-04-30 04:45:21,507 - INFO - Successfully optimized OTT-20AND-20PRICE-20CROSS-20EA_01_standard.set -> OTT-20AND-20PRICE-20CROSS-20EA_01_otp.set
2025-04-30 04:45:21,508 - ERROR - Error reading C:\Users\nikol\AppData\Roaming\MetaQuotes\Terminal\4B1CE69F577705455263BD980C39A82C\MQL5\Profiles\Tester\OverHedge_01_standard.set: 'utf-8' codec can't decode byte 0xff in position 0: invalid start byte
2025-04-30 04:45:21,509 - INFO - Successfully optimized OverHedge_01_standard.set -> OverHedge_01_otp.set
2025-04-30 04:45:21,510 - ERROR - Error reading C:\Users\nikol\AppData\Roaming\MetaQuotes\Terminal\4B1CE69F577705455263BD980C39A82C\MQL5\Profiles\Tester\OzFx_01_standard.set: 'utf-8' codec can't decode byte 0xff in position 0: invalid start byte
2025-04-30 04:45:21,512 - INFO - Successfully optimized OzFx_01_standard.set -> OzFx_01_otp.set
2025-04-30 04:45:21,513 - ERROR - Error reading C:\Users\nikol\AppData\Roaming\MetaQuotes\Terminal\4B1CE69F577705455263BD980C39A82C\MQL5\Profiles\Tester\Parabolic-SAR_01_standard.set: 'utf-8' codec can't decode byte 0xff in position 0: invalid start byte
2025-04-30 04:45:21,514 - INFO - Successfully optimized Parabolic-SAR_01_standard.set -> Parabolic-SAR_01_otp.set
2025-04-30 04:45:21,515 - ERROR - Error reading C:\Users\nikol\AppData\Roaming\MetaQuotes\Terminal\4B1CE69F577705455263BD980C39A82C\MQL5\Profiles\Tester\PARSI-EA_01_standard.set: 'utf-8' codec can't decode byte 0xff in position 0: invalid start byte
2025-04-30 04:45:21,517 - INFO - Successfully optimized PARSI-EA_01_standard.set -> PARSI-EA_01_otp.set
2025-04-30 04:45:21,518 - ERROR - Error reading C:\Users\nikol\AppData\Roaming\MetaQuotes\Terminal\4B1CE69F577705455263BD980C39A82C\MQL5\Profiles\Tester\Peceptron-Mult_01_standard.set: 'utf-8' codec can't decode byte 0xff in position 0: invalid start byte
2025-04-30 04:45:21,519 - INFO - Successfully optimized Peceptron-Mult_01_standard.set -> Peceptron-Mult_01_otp.set
2025-04-30 04:45:21,520 - ERROR - Error reading C:\Users\nikol\AppData\Roaming\MetaQuotes\Terminal\4B1CE69F577705455263BD980C39A82C\MQL5\Profiles\Tester\Pending-orders-by-time-2_01_standard.set: 'utf-8' codec can't decode byte 0xff in position 0: invalid start byte
2025-04-30 04:45:21,521 - INFO - Successfully optimized Pending-orders-by-time-2_01_standard.set -> Pending-orders-by-time-2_01_otp.set
2025-04-30 04:45:21,522 - ERROR - Error reading C:\Users\nikol\AppData\Roaming\MetaQuotes\Terminal\4B1CE69F577705455263BD980C39A82C\MQL5\Profiles\Tester\Pending-orders-by-time_01_standard.set: 'utf-8' codec can't decode byte 0xff in position 0: invalid start byte
2025-04-30 04:45:21,524 - INFO - Successfully optimized Pending-orders-by-time_01_standard.set -> Pending-orders-by-time_01_otp.set
2025-04-30 04:45:21,525 - ERROR - Error reading C:\Users\nikol\AppData\Roaming\MetaQuotes\Terminal\4B1CE69F577705455263BD980C39A82C\MQL5\Profiles\Tester\Pendulum_01_standard.set: 'utf-8' codec can't decode byte 0xff in position 0: invalid start byte
2025-04-30 04:45:21,526 - INFO - Successfully optimized Pendulum_01_standard.set -> Pendulum_01_otp.set
2025-04-30 04:45:21,527 - ERROR - Error reading C:\Users\nikol\AppData\Roaming\MetaQuotes\Terminal\4B1CE69F577705455263BD980C39A82C\MQL5\Profiles\Tester\Pinball-machine_01_standard.set: 'utf-8' codec can't decode byte 0xff in position 0: invalid start byte
2025-04-30 04:45:21,529 - INFO - Successfully optimized Pinball-machine_01_standard.set -> Pinball-machine_01_otp.set
2025-04-30 04:45:21,530 - ERROR - Error reading C:\Users\nikol\AppData\Roaming\MetaQuotes\Terminal\4B1CE69F577705455263BD980C39A82C\MQL5\Profiles\Tester\Pinbar-Magic-EA_01_standard.set: 'utf-8' codec can't decode byte 0xff in position 0: invalid start byte
2025-04-30 04:45:21,532 - INFO - Successfully optimized Pinbar-Magic-EA_01_standard.set -> Pinbar-Magic-EA_01_otp.set
2025-04-30 04:45:21,533 - ERROR - Error reading C:\Users\nikol\AppData\Roaming\MetaQuotes\Terminal\4B1CE69F577705455263BD980C39A82C\MQL5\Profiles\Tester\PinBar-Magic-Indicator_01_standard.set: 'utf-8' codec can't decode byte 0xff in position 0: invalid start byte
2025-04-30 04:45:21,534 - INFO - Successfully optimized PinBar-Magic-Indicator_01_standard.set -> PinBar-Magic-Indicator_01_otp.set
2025-04-30 04:45:21,535 - ERROR - Error reading C:\Users\nikol\AppData\Roaming\MetaQuotes\Terminal\4B1CE69F577705455263BD980C39A82C\MQL5\Profiles\Tester\Pipsover_01_standard.set: 'utf-8' codec can't decode byte 0xff in position 0: invalid start byte
2025-04-30 04:45:21,536 - INFO - Successfully optimized Pipsover_01_standard.set -> Pipsover_01_otp.set
2025-04-30 04:45:21,537 - ERROR - Error reading C:\Users\nikol\AppData\Roaming\MetaQuotes\Terminal\4B1CE69F577705455263BD980C39A82C\MQL5\Profiles\Tester\Plan-X_01_standard.set: 'utf-8' codec can't decode byte 0xff in position 0: invalid start byte
2025-04-30 04:45:21,539 - INFO - Successfully optimized Plan-X_01_standard.set -> Plan-X_01_otp.set
2025-04-30 04:45:21,540 - ERROR - Error reading C:\Users\nikol\AppData\Roaming\MetaQuotes\Terminal\4B1CE69F577705455263BD980C39A82C\MQL5\Profiles\Tester\Plateau_01_standard.set: 'utf-8' codec can't decode byte 0xff in position 0: invalid start byte
2025-04-30 04:45:21,541 - INFO - Successfully optimized Plateau_01_standard.set -> Plateau_01_otp.set
2025-04-30 04:45:21,542 - ERROR - Error reading C:\Users\nikol\AppData\Roaming\MetaQuotes\Terminal\4B1CE69F577705455263BD980C39A82C\MQL5\Profiles\Tester\Poker-SHOW_01_standard.set: 'utf-8' codec can't decode byte 0xff in position 0: invalid start byte
2025-04-30 04:45:21,543 - INFO - Successfully optimized Poker-SHOW_01_standard.set -> Poker-SHOW_01_otp.set
2025-04-30 04:45:21,545 - ERROR - Error reading C:\Users\nikol\AppData\Roaming\MetaQuotes\Terminal\4B1CE69F577705455263BD980C39A82C\MQL5\Profiles\Tester\Precipice-MartIn_01_standard.set: 'utf-8' codec can't decode byte 0xff in position 0: invalid start byte
2025-04-30 04:45:21,546 - INFO - Successfully optimized Precipice-MartIn_01_standard.set -> Precipice-MartIn_01_otp.set
2025-04-30 04:45:21,547 - ERROR - Error reading C:\Users\nikol\AppData\Roaming\MetaQuotes\Terminal\4B1CE69F577705455263BD980C39A82C\MQL5\Profiles\Tester\Precipice_01_standard.set: 'utf-8' codec can't decode byte 0xff in position 0: invalid start byte
2025-04-30 04:45:21,548 - INFO - Successfully optimized Precipice_01_standard.set -> Precipice_01_otp.set
2025-04-30 04:45:21,549 - ERROR - Error reading C:\Users\nikol\AppData\Roaming\MetaQuotes\Terminal\4B1CE69F577705455263BD980C39A82C\MQL5\Profiles\Tester\Probe_01_standard.set: 'utf-8' codec can't decode byte 0xff in position 0: invalid start byte
2025-04-30 04:45:21,551 - INFO - Successfully optimized Probe_01_standard.set -> Probe_01_otp.set
2025-04-30 04:45:21,552 - ERROR - Error reading C:\Users\nikol\AppData\Roaming\MetaQuotes\Terminal\4B1CE69F577705455263BD980C39A82C\MQL5\Profiles\Tester\Proffessor_01_standard.set: 'utf-8' codec can't decode byte 0xff in position 0: invalid start byte
2025-04-30 04:45:21,553 - INFO - Successfully optimized Proffessor_01_standard.set -> Proffessor_01_otp.set
2025-04-30 04:45:21,554 - ERROR - Error reading C:\Users\nikol\AppData\Roaming\MetaQuotes\Terminal\4B1CE69F577705455263BD980C39A82C\MQL5\Profiles\Tester\PropFirmHelper_01_standard.set: 'utf-8' codec can't decode byte 0xff in position 0: invalid start byte
2025-04-30 04:45:21,556 - INFO - Successfully optimized PropFirmHelper_01_standard.set -> PropFirmHelper_01_otp.set
2025-04-30 04:45:21,557 - ERROR - Error reading C:\Users\nikol\AppData\Roaming\MetaQuotes\Terminal\4B1CE69F577705455263BD980C39A82C\MQL5\Profiles\Tester\PROphet_01_standard.set: 'utf-8' codec can't decode byte 0xff in position 0: invalid start byte
2025-04-30 04:45:21,559 - INFO - Successfully optimized PROphet_01_standard.set -> PROphet_01_otp.set
2025-04-30 04:45:21,560 - ERROR - Error reading C:\Users\nikol\AppData\Roaming\MetaQuotes\Terminal\4B1CE69F577705455263BD980C39A82C\MQL5\Profiles\Tester\Puria-method_01_standard.set: 'utf-8' codec can't decode byte 0xff in position 0: invalid start byte
2025-04-30 04:45:21,561 - INFO - Successfully optimized Puria-method_01_standard.set -> Puria-method_01_otp.set
2025-04-30 04:45:21,562 - ERROR - Error reading C:\Users\nikol\AppData\Roaming\MetaQuotes\Terminal\4B1CE69F577705455263BD980C39A82C\MQL5\Profiles\Tester\Rabbit3_01_standard.set: 'utf-8' codec can't decode byte 0xff in position 0: invalid start byte
2025-04-30 04:45:21,564 - INFO - Successfully optimized Rabbit3_01_standard.set -> Rabbit3_01_otp.set
2025-04-30 04:45:21,565 - ERROR - Error reading C:\Users\nikol\AppData\Roaming\MetaQuotes\Terminal\4B1CE69F577705455263BD980C39A82C\MQL5\Profiles\Tester\Range-Breakout_01_standard.set: 'utf-8' codec can't decode byte 0xff in position 0: invalid start byte
2025-04-30 04:45:21,566 - INFO - Successfully optimized Range-Breakout_01_standard.set -> Range-Breakout_01_otp.set
2025-04-30 04:45:21,567 - ERROR - Error reading C:\Users\nikol\AppData\Roaming\MetaQuotes\Terminal\4B1CE69F577705455263BD980C39A82C\MQL5\Profiles\Tester\Rapid-Doji-EA_01_standard.set: 'utf-8' codec can't decode byte 0xff in position 0: invalid start byte
2025-04-30 04:45:21,568 - INFO - Successfully optimized Rapid-Doji-EA_01_standard.set -> Rapid-Doji-EA_01_otp.set
2025-04-30 04:45:21,569 - ERROR - Error reading C:\Users\nikol\AppData\Roaming\MetaQuotes\Terminal\4B1CE69F577705455263BD980C39A82C\MQL5\Profiles\Tester\Raymond-Cloudy-Day-for-EA_01_standard.set: 'utf-8' codec can't decode byte 0xff in position 0: invalid start byte
2025-04-30 04:45:21,571 - INFO - Successfully optimized Raymond-Cloudy-Day-for-EA_01_standard.set -> Raymond-Cloudy-Day-for-EA_01_otp.set
2025-04-30 04:45:21,572 - ERROR - Error reading C:\Users\nikol\AppData\Roaming\MetaQuotes\Terminal\4B1CE69F577705455263BD980C39A82C\MQL5\Profiles\Tester\Reflex-EA_01_standard.set: 'utf-8' codec can't decode byte 0xff in position 0: invalid start byte
2025-04-30 04:45:21,574 - INFO - Successfully optimized Reflex-EA_01_standard.set -> Reflex-EA_01_otp.set
2025-04-30 04:45:21,575 - ERROR - Error reading C:\Users\nikol\AppData\Roaming\MetaQuotes\Terminal\4B1CE69F577705455263BD980C39A82C\MQL5\Profiles\Tester\REFLEX-INDICATOR_01_standard.set: 'utf-8' codec can't decode byte 0xff in position 0: invalid start byte
2025-04-30 04:45:21,577 - INFO - Successfully optimized REFLEX-INDICATOR_01_standard.set -> REFLEX-INDICATOR_01_otp.set
2025-04-30 04:45:21,578 - ERROR - Error reading C:\Users\nikol\AppData\Roaming\MetaQuotes\Terminal\4B1CE69F577705455263BD980C39A82C\MQL5\Profiles\Tester\Reflex_01_standard.set: 'utf-8' codec can't decode byte 0xff in position 0: invalid start byte
2025-04-30 04:45:21,580 - INFO - Successfully optimized Reflex_01_standard.set -> Reflex_01_otp.set
2025-04-30 04:45:21,581 - ERROR - Error reading C:\Users\nikol\AppData\Roaming\MetaQuotes\Terminal\4B1CE69F577705455263BD980C39A82C\MQL5\Profiles\Tester\Reversing-Martingale_01_standard.set: 'utf-8' codec can't decode byte 0xff in position 0: invalid start byte
2025-04-30 04:45:21,582 - INFO - Successfully optimized Reversing-Martingale_01_standard.set -> Reversing-Martingale_01_otp.set
2025-04-30 04:45:21,583 - ERROR - Error reading C:\Users\nikol\AppData\Roaming\MetaQuotes\Terminal\4B1CE69F577705455263BD980C39A82C\MQL5\Profiles\Tester\RideAlligator_01_standard.set: 'utf-8' codec can't decode byte 0xff in position 0: invalid start byte
2025-04-30 04:45:21,585 - INFO - Successfully optimized RideAlligator_01_standard.set -> RideAlligator_01_otp.set
2025-04-30 04:45:21,586 - ERROR - Error reading C:\Users\nikol\AppData\Roaming\MetaQuotes\Terminal\4B1CE69F577705455263BD980C39A82C\MQL5\Profiles\Tester\RNN_01_standard.set: 'utf-8' codec can't decode byte 0xff in position 0: invalid start byte
2025-04-30 04:45:21,588 - INFO - Successfully optimized RNN_01_standard.set -> RNN_01_otp.set
2025-04-30 04:45:21,588 - ERROR - Error reading C:\Users\nikol\AppData\Roaming\MetaQuotes\Terminal\4B1CE69F577705455263BD980C39A82C\MQL5\Profiles\Tester\Robot-MACD_01_standard.set: 'utf-8' codec can't decode byte 0xff in position 0: invalid start byte
2025-04-30 04:45:21,589 - INFO - Successfully optimized Robot-MACD_01_standard.set -> Robot-MACD_01_otp.set
2025-04-30 04:45:21,590 - ERROR - Error reading C:\Users\nikol\AppData\Roaming\MetaQuotes\Terminal\4B1CE69F577705455263BD980C39A82C\MQL5\Profiles\Tester\RobotPowerM5-meta4_01_standard.set: 'utf-8' codec can't decode byte 0xff in position 0: invalid start byte
2025-04-30 04:45:21,592 - INFO - Successfully optimized RobotPowerM5-meta4_01_standard.set -> RobotPowerM5-meta4_01_otp.set
2025-04-30 04:45:21,593 - ERROR - Error reading C:\Users\nikol\AppData\Roaming\MetaQuotes\Terminal\4B1CE69F577705455263BD980C39A82C\MQL5\Profiles\Tester\Rollback-system_01_standard.set: 'utf-8' codec can't decode byte 0xff in position 0: invalid start byte
2025-04-30 04:45:21,595 - INFO - Successfully optimized Rollback-system_01_standard.set -> Rollback-system_01_otp.set
2025-04-30 04:45:21,595 - ERROR - Error reading C:\Users\nikol\AppData\Roaming\MetaQuotes\Terminal\4B1CE69F577705455263BD980C39A82C\MQL5\Profiles\Tester\RSI-and-Bollinger-Bands_01_standard.set: 'utf-8' codec can't decode byte 0xff in position 0: invalid start byte
2025-04-30 04:45:21,597 - INFO - Successfully optimized RSI-and-Bollinger-Bands_01_standard.set -> RSI-and-Bollinger-Bands_01_otp.set
2025-04-30 04:45:21,598 - ERROR - Error reading C:\Users\nikol\AppData\Roaming\MetaQuotes\Terminal\4B1CE69F577705455263BD980C39A82C\MQL5\Profiles\Tester\RSI-Arrow-EA_01_standard.set: 'utf-8' codec can't decode byte 0xff in position 0: invalid start byte
2025-04-30 04:45:21,600 - INFO - Successfully optimized RSI-Arrow-EA_01_standard.set -> RSI-Arrow-EA_01_otp.set
2025-04-30 04:45:21,601 - ERROR - Error reading C:\Users\nikol\AppData\Roaming\MetaQuotes\Terminal\4B1CE69F577705455263BD980C39A82C\MQL5\Profiles\Tester\RSI-Arrow_01_standard.set: 'utf-8' codec can't decode byte 0xff in position 0: invalid start byte
2025-04-30 04:45:21,602 - INFO - Successfully optimized RSI-Arrow_01_standard.set -> RSI-Arrow_01_otp.set
2025-04-30 04:45:21,603 - ERROR - Error reading C:\Users\nikol\AppData\Roaming\MetaQuotes\Terminal\4B1CE69F577705455263BD980C39A82C\MQL5\Profiles\Tester\RSI-EA_01_standard.set: 'utf-8' codec can't decode byte 0xff in position 0: invalid start byte
2025-04-30 04:45:21,604 - INFO - Successfully optimized RSI-EA_01_standard.set -> RSI-EA_01_otp.set
2025-04-30 04:45:21,605 - ERROR - Error reading C:\Users\nikol\AppData\Roaming\MetaQuotes\Terminal\4B1CE69F577705455263BD980C39A82C\MQL5\Profiles\Tester\RSI-Eraser_01_standard.set: 'utf-8' codec can't decode byte 0xff in position 0: invalid start byte
2025-04-30 04:45:21,607 - INFO - Successfully optimized RSI-Eraser_01_standard.set -> RSI-Eraser_01_otp.set
2025-04-30 04:45:21,608 - ERROR - Error reading C:\Users\nikol\AppData\Roaming\MetaQuotes\Terminal\4B1CE69F577705455263BD980C39A82C\MQL5\Profiles\Tester\RSI-Expert_01_standard.set: 'utf-8' codec can't decode byte 0xff in position 0: invalid start byte
2025-04-30 04:45:21,609 - INFO - Successfully optimized RSI-Expert_01_standard.set -> RSI-Expert_01_otp.set
2025-04-30 04:45:21,610 - ERROR - Error reading C:\Users\nikol\AppData\Roaming\MetaQuotes\Terminal\4B1CE69F577705455263BD980C39A82C\MQL5\Profiles\Tester\RSI-Levels_01_standard.set: 'utf-8' codec can't decode byte 0xff in position 0: invalid start byte
2025-04-30 04:45:21,611 - INFO - Successfully optimized RSI-Levels_01_standard.set -> RSI-Levels_01_otp.set
2025-04-30 04:45:21,612 - ERROR - Error reading C:\Users\nikol\AppData\Roaming\MetaQuotes\Terminal\4B1CE69F577705455263BD980C39A82C\MQL5\Profiles\Tester\RSI-trader_01_standard.set: 'utf-8' codec can't decode byte 0xff in position 0: invalid start byte
2025-04-30 04:45:21,614 - INFO - Successfully optimized RSI-trader_01_standard.set -> RSI-trader_01_otp.set
2025-04-30 04:45:21,615 - ERROR - Error reading C:\Users\nikol\AppData\Roaming\MetaQuotes\Terminal\4B1CE69F577705455263BD980C39A82C\MQL5\Profiles\Tester\RSI-Trend-EA_01_standard.set: 'utf-8' codec can't decode byte 0xff in position 0: invalid start byte
2025-04-30 04:45:21,616 - INFO - Successfully optimized RSI-Trend-EA_01_standard.set -> RSI-Trend-EA_01_otp.set
2025-04-30 04:45:21,617 - ERROR - Error reading C:\Users\nikol\AppData\Roaming\MetaQuotes\Terminal\4B1CE69F577705455263BD980C39A82C\MQL5\Profiles\Tester\RSI-Trend_01_standard.set: 'utf-8' codec can't decode byte 0xff in position 0: invalid start byte
2025-04-30 04:45:21,618 - INFO - Successfully optimized RSI-Trend_01_standard.set -> RSI-Trend_01_otp.set
2025-04-30 04:45:21,619 - ERROR - Error reading C:\Users\nikol\AppData\Roaming\MetaQuotes\Terminal\4B1CE69F577705455263BD980C39A82C\MQL5\Profiles\Tester\RSI-with-channels-EA_01_standard.set: 'utf-8' codec can't decode byte 0xff in position 0: invalid start byte
2025-04-30 04:45:21,621 - INFO - Successfully optimized RSI-with-channels-EA_01_standard.set -> RSI-with-channels-EA_01_otp.set
2025-04-30 04:45:21,622 - ERROR - Error reading C:\Users\nikol\AppData\Roaming\MetaQuotes\Terminal\4B1CE69F577705455263BD980C39A82C\MQL5\Profiles\Tester\RSI-with-channels_01_standard.set: 'utf-8' codec can't decode byte 0xff in position 0: invalid start byte
2025-04-30 04:45:21,623 - INFO - Successfully optimized RSI-with-channels_01_standard.set -> RSI-with-channels_01_otp.set
2025-04-30 04:45:21,624 - ERROR - Error reading C:\Users\nikol\AppData\Roaming\MetaQuotes\Terminal\4B1CE69F577705455263BD980C39A82C\MQL5\Profiles\Tester\Russian20-hp1_01_standard.set: 'utf-8' codec can't decode byte 0xff in position 0: invalid start byte
2025-04-30 04:45:21,625 - INFO - Successfully optimized Russian20-hp1_01_standard.set -> Russian20-hp1_01_otp.set
2025-04-30 04:45:21,626 - ERROR - Error reading C:\Users\nikol\AppData\Roaming\MetaQuotes\Terminal\4B1CE69F577705455263BD980C39A82C\MQL5\Profiles\Tester\SampleCheckPendingOrder_01_standard.set: 'utf-8' codec can't decode byte 0xff in position 0: invalid start byte
2025-04-30 04:45:21,628 - INFO - Successfully optimized SampleCheckPendingOrder_01_standard.set -> SampleCheckPendingOrder_01_otp.set
2025-04-30 04:45:21,629 - ERROR - Error reading C:\Users\nikol\AppData\Roaming\MetaQuotes\Terminal\4B1CE69F577705455263BD980C39A82C\MQL5\Profiles\Tester\SAR-trading_01_standard.set: 'utf-8' codec can't decode byte 0xff in position 0: invalid start byte
2025-04-30 04:45:21,630 - INFO - Successfully optimized SAR-trading_01_standard.set -> SAR-trading_01_otp.set
2025-04-30 04:45:21,631 - ERROR - Error reading C:\Users\nikol\AppData\Roaming\MetaQuotes\Terminal\4B1CE69F577705455263BD980C39A82C\MQL5\Profiles\Tester\Secwenta_01_standard.set: 'utf-8' codec can't decode byte 0xff in position 0: invalid start byte
2025-04-30 04:45:21,633 - INFO - Successfully optimized Secwenta_01_standard.set -> Secwenta_01_otp.set
2025-04-30 04:45:21,634 - ERROR - Error reading C:\Users\nikol\AppData\Roaming\MetaQuotes\Terminal\4B1CE69F577705455263BD980C39A82C\MQL5\Profiles\Tester\Sell-Stop_01_standard.set: 'utf-8' codec can't decode byte 0xff in position 0: invalid start byte
2025-04-30 04:45:21,636 - INFO - Successfully optimized Sell-Stop_01_standard.set -> Sell-Stop_01_otp.set
2025-04-30 04:45:21,636 - ERROR - Error reading C:\Users\nikol\AppData\Roaming\MetaQuotes\Terminal\4B1CE69F577705455263BD980C39A82C\MQL5\Profiles\Tester\Sensitive_01_standard.set: 'utf-8' codec can't decode byte 0xff in position 0: invalid start byte
2025-04-30 04:45:21,638 - INFO - Successfully optimized Sensitive_01_standard.set -> Sensitive_01_otp.set
2025-04-30 04:45:21,639 - ERROR - Error reading C:\Users\nikol\AppData\Roaming\MetaQuotes\Terminal\4B1CE69F577705455263BD980C39A82C\MQL5\Profiles\Tester\Separate-trade_01_standard.set: 'utf-8' codec can't decode byte 0xff in position 0: invalid start byte
2025-04-30 04:45:21,640 - INFO - Successfully optimized Separate-trade_01_standard.set -> Separate-trade_01_otp.set
2025-04-30 04:45:21,641 - ERROR - Error reading C:\Users\nikol\AppData\Roaming\MetaQuotes\Terminal\4B1CE69F577705455263BD980C39A82C\MQL5\Profiles\Tester\SilverTrend_01_standard.set: 'utf-8' codec can't decode byte 0xff in position 0: invalid start byte
2025-04-30 04:45:21,643 - INFO - Successfully optimized SilverTrend_01_standard.set -> SilverTrend_01_otp.set
2025-04-30 04:45:21,644 - ERROR - Error reading C:\Users\nikol\AppData\Roaming\MetaQuotes\Terminal\4B1CE69F577705455263BD980C39A82C\MQL5\Profiles\Tester\Simple-20Price-20Alert-20-20EA_01_standard.set: 'utf-8' codec can't decode byte 0xff in position 0: invalid start byte
2025-04-30 04:45:21,645 - INFO - Successfully optimized Simple-20Price-20Alert-20-20EA_01_standard.set -> Simple-20Price-20Alert-20-20EA_01_otp.set
2025-04-30 04:45:21,646 - ERROR - Error reading C:\Users\nikol\AppData\Roaming\MetaQuotes\Terminal\4B1CE69F577705455263BD980C39A82C\MQL5\Profiles\Tester\Simple-20Volume-20EA_01_standard.set: 'utf-8' codec can't decode byte 0xff in position 0: invalid start byte
2025-04-30 04:45:21,648 - INFO - Successfully optimized Simple-20Volume-20EA_01_standard.set -> Simple-20Volume-20EA_01_otp.set
2025-04-30 04:45:21,649 - ERROR - Error reading C:\Users\nikol\AppData\Roaming\MetaQuotes\Terminal\4B1CE69F577705455263BD980C39A82C\MQL5\Profiles\Tester\Simple-EA-MA-plus-MACD_01_standard.set: 'utf-8' codec can't decode byte 0xff in position 0: invalid start byte
2025-04-30 04:45:21,650 - INFO - Successfully optimized Simple-EA-MA-plus-MACD_01_standard.set -> Simple-EA-MA-plus-MACD_01_otp.set
2025-04-30 04:45:21,651 - ERROR - Error reading C:\Users\nikol\AppData\Roaming\MetaQuotes\Terminal\4B1CE69F577705455263BD980C39A82C\MQL5\Profiles\Tester\Simple-FX_01_standard.set: 'utf-8' codec can't decode byte 0xff in position 0: invalid start byte
2025-04-30 04:45:21,652 - INFO - Successfully optimized Simple-FX_01_standard.set -> Simple-FX_01_otp.set
2025-04-30 04:45:21,653 - ERROR - Error reading C:\Users\nikol\AppData\Roaming\MetaQuotes\Terminal\4B1CE69F577705455263BD980C39A82C\MQL5\Profiles\Tester\Simple-MACD_01_standard.set: 'utf-8' codec can't decode byte 0xff in position 0: invalid start byte
2025-04-30 04:45:21,655 - INFO - Successfully optimized Simple-MACD_01_standard.set -> Simple-MACD_01_otp.set
2025-04-30 04:45:21,656 - ERROR - Error reading C:\Users\nikol\AppData\Roaming\MetaQuotes\Terminal\4B1CE69F577705455263BD980C39A82C\MQL5\Profiles\Tester\Simple-Volume-EA_01_standard.set: 'utf-8' codec can't decode byte 0xff in position 0: invalid start byte
2025-04-30 04:45:21,657 - INFO - Successfully optimized Simple-Volume-EA_01_standard.set -> Simple-Volume-EA_01_otp.set
2025-04-30 04:45:21,658 - ERROR - Error reading C:\Users\nikol\AppData\Roaming\MetaQuotes\Terminal\4B1CE69F577705455263BD980C39A82C\MQL5\Profiles\Tester\SimplePivot_01_standard.set: 'utf-8' codec can't decode byte 0xff in position 0: invalid start byte
2025-04-30 04:45:21,659 - INFO - Successfully optimized SimplePivot_01_standard.set -> SimplePivot_01_otp.set
2025-04-30 04:45:21,660 - ERROR - Error reading C:\Users\nikol\AppData\Roaming\MetaQuotes\Terminal\4B1CE69F577705455263BD980C39A82C\MQL5\Profiles\Tester\Simplest-Hedging-EA-ever_01_standard.set: 'utf-8' codec can't decode byte 0xff in position 0: invalid start byte
2025-04-30 04:45:21,661 - INFO - Successfully optimized Simplest-Hedging-EA-ever_01_standard.set -> Simplest-Hedging-EA-ever_01_otp.set
2025-04-30 04:45:21,663 - ERROR - Error reading C:\Users\nikol\AppData\Roaming\MetaQuotes\Terminal\4B1CE69F577705455263BD980C39A82C\MQL5\Profiles\Tester\SimpleTrade _01_standard.set: 'utf-8' codec can't decode byte 0xff in position 0: invalid start byte
2025-04-30 04:45:21,664 - INFO - Successfully optimized SimpleTrade _01_standard.set -> SimpleTrade _01_otp.set
2025-04-30 04:45:21,665 - ERROR - Error reading C:\Users\nikol\AppData\Roaming\MetaQuotes\Terminal\4B1CE69F577705455263BD980C39A82C\MQL5\Profiles\Tester\Six-Soldiers-EA-Grid_01_standard.set: 'utf-8' codec can't decode byte 0xff in position 0: invalid start byte
2025-04-30 04:45:21,666 - INFO - Successfully optimized Six-Soldiers-EA-Grid_01_standard.set -> Six-Soldiers-EA-Grid_01_otp.set
2025-04-30 04:45:21,667 - ERROR - Error reading C:\Users\nikol\AppData\Roaming\MetaQuotes\Terminal\4B1CE69F577705455263BD980C39A82C\MQL5\Profiles\Tester\Six-Soldiers-EA_01_standard.set: 'utf-8' codec can't decode byte 0xff in position 0: invalid start byte
2025-04-30 04:45:21,669 - INFO - Successfully optimized Six-Soldiers-EA_01_standard.set -> Six-Soldiers-EA_01_otp.set
2025-04-30 04:45:21,670 - ERROR - Error reading C:\Users\nikol\AppData\Roaming\MetaQuotes\Terminal\4B1CE69F577705455263BD980C39A82C\MQL5\Profiles\Tester\Six-Soldiers_01_standard.set: 'utf-8' codec can't decode byte 0xff in position 0: invalid start byte
2025-04-30 04:45:21,672 - INFO - Successfully optimized Six-Soldiers_01_standard.set -> Six-Soldiers_01_otp.set
2025-04-30 04:45:21,673 - ERROR - Error reading C:\Users\nikol\AppData\Roaming\MetaQuotes\Terminal\4B1CE69F577705455263BD980C39A82C\MQL5\Profiles\Tester\Small-Inside-Bar-Strategy_01_standard.set: 'utf-8' codec can't decode byte 0xff in position 0: invalid start byte
2025-04-30 04:45:21,674 - INFO - Successfully optimized Small-Inside-Bar-Strategy_01_standard.set -> Small-Inside-Bar-Strategy_01_otp.set
2025-04-30 04:45:21,675 - ERROR - Error reading C:\Users\nikol\AppData\Roaming\MetaQuotes\Terminal\4B1CE69F577705455263BD980C39A82C\MQL5\Profiles\Tester\Smart-Machine-20EA_01_standard.set: 'utf-8' codec can't decode byte 0xff in position 0: invalid start byte
2025-04-30 04:45:21,677 - INFO - Successfully optimized Smart-Machine-20EA_01_standard.set -> Smart-Machine-20EA_01_otp.set
2025-04-30 04:45:21,678 - ERROR - Error reading C:\Users\nikol\AppData\Roaming\MetaQuotes\Terminal\4B1CE69F577705455263BD980C39A82C\MQL5\Profiles\Tester\Smoothing-Average_01_standard.set: 'utf-8' codec can't decode byte 0xff in position 0: invalid start byte
2025-04-30 04:45:21,680 - INFO - Successfully optimized Smoothing-Average_01_standard.set -> Smoothing-Average_01_otp.set
2025-04-30 04:45:21,681 - ERROR - Error reading C:\Users\nikol\AppData\Roaming\MetaQuotes\Terminal\4B1CE69F577705455263BD980C39A82C\MQL5\Profiles\Tester\Spasm_01_standard.set: 'utf-8' codec can't decode byte 0xff in position 0: invalid start byte
2025-04-30 04:45:21,682 - INFO - Successfully optimized Spasm_01_standard.set -> Spasm_01_otp.set
2025-04-30 04:45:21,683 - ERROR - Error reading C:\Users\nikol\AppData\Roaming\MetaQuotes\Terminal\4B1CE69F577705455263BD980C39A82C\MQL5\Profiles\Tester\ssb5-123_01_standard.set: 'utf-8' codec can't decode byte 0xff in position 0: invalid start byte
2025-04-30 04:45:21,684 - INFO - Successfully optimized ssb5-123_01_standard.set -> ssb5-123_01_otp.set
2025-04-30 04:45:21,685 - ERROR - Error reading C:\Users\nikol\AppData\Roaming\MetaQuotes\Terminal\4B1CE69F577705455263BD980C39A82C\MQL5\Profiles\Tester\Starter_01_standard.set: 'utf-8' codec can't decode byte 0xff in position 0: invalid start byte
2025-04-30 04:45:21,687 - INFO - Successfully optimized Starter_01_standard.set -> Starter_01_otp.set
2025-04-30 04:45:21,688 - ERROR - Error reading C:\Users\nikol\AppData\Roaming\MetaQuotes\Terminal\4B1CE69F577705455263BD980C39A82C\MQL5\Profiles\Tester\Steve-Cartwright-Trader-Camel-CCI-MACD_01_standard.set: 'utf-8' codec can't decode byte 0xff in position 0: invalid start byte
2025-04-30 04:45:21,689 - INFO - Successfully optimized Steve-Cartwright-Trader-Camel-CCI-MACD_01_standard.set -> Steve-Cartwright-Trader-Camel-CCI-MACD_01_otp.set
2025-04-30 04:45:21,691 - ERROR - Error reading C:\Users\nikol\AppData\Roaming\MetaQuotes\Terminal\4B1CE69F577705455263BD980C39A82C\MQL5\Profiles\Tester\Stoch-EA-1192_01_standard.set: 'utf-8' codec can't decode byte 0xff in position 0: invalid start byte
2025-04-30 04:45:21,692 - INFO - Successfully optimized Stoch-EA-1192_01_standard.set -> Stoch-EA-1192_01_otp.set
2025-04-30 04:45:21,693 - ERROR - Error reading C:\Users\nikol\AppData\Roaming\MetaQuotes\Terminal\4B1CE69F577705455263BD980C39A82C\MQL5\Profiles\Tester\Stochastic-20Alert_01_standard.set: 'utf-8' codec can't decode byte 0xff in position 0: invalid start byte
2025-04-30 04:45:21,694 - INFO - Successfully optimized Stochastic-20Alert_01_standard.set -> Stochastic-20Alert_01_otp.set
2025-04-30 04:45:21,695 - ERROR - Error reading C:\Users\nikol\AppData\Roaming\MetaQuotes\Terminal\4B1CE69F577705455263BD980C39A82C\MQL5\Profiles\Tester\Stochastic-K-Divergence.lua_01_standard.set: 'utf-8' codec can't decode byte 0xff in position 0: invalid start byte
2025-04-30 04:45:21,696 - INFO - Successfully optimized Stochastic-K-Divergence.lua_01_standard.set -> Stochastic-K-Divergence.lua_01_otp.set
2025-04-30 04:45:21,697 - ERROR - Error reading C:\Users\nikol\AppData\Roaming\MetaQuotes\Terminal\4B1CE69F577705455263BD980C39A82C\MQL5\Profiles\Tester\stochastic-three-periods_01_standard.set: 'utf-8' codec can't decode byte 0xff in position 0: invalid start byte
2025-04-30 04:45:21,699 - INFO - Successfully optimized stochastic-three-periods_01_standard.set -> stochastic-three-periods_01_otp.set
2025-04-30 04:45:21,700 - ERROR - Error reading C:\Users\nikol\AppData\Roaming\MetaQuotes\Terminal\4B1CE69F577705455263BD980C39A82C\MQL5\Profiles\Tester\StochasticDiffSign-EA_01_standard.set: 'utf-8' codec can't decode byte 0xff in position 0: invalid start byte
2025-04-30 04:45:21,701 - INFO - Successfully optimized StochasticDiffSign-EA_01_standard.set -> StochasticDiffSign-EA_01_otp.set
2025-04-30 04:45:21,702 - ERROR - Error reading C:\Users\nikol\AppData\Roaming\MetaQuotes\Terminal\4B1CE69F577705455263BD980C39A82C\MQL5\Profiles\Tester\stochasticdiffsign_01_standard.set: 'utf-8' codec can't decode byte 0xff in position 0: invalid start byte
2025-04-30 04:45:21,704 - INFO - Successfully optimized stochasticdiffsign_01_standard.set -> stochasticdiffsign_01_otp.set
2025-04-30 04:45:21,705 - ERROR - Error reading C:\Users\nikol\AppData\Roaming\MetaQuotes\Terminal\4B1CE69F577705455263BD980C39A82C\MQL5\Profiles\Tester\StochMA-EA_01_standard.set: 'utf-8' codec can't decode byte 0xff in position 0: invalid start byte
2025-04-30 04:45:21,706 - INFO - Successfully optimized StochMA-EA_01_standard.set -> StochMA-EA_01_otp.set
2025-04-30 04:45:21,707 - ERROR - Error reading C:\Users\nikol\AppData\Roaming\MetaQuotes\Terminal\4B1CE69F577705455263BD980C39A82C\MQL5\Profiles\Tester\StochMA_01_standard.set: 'utf-8' codec can't decode byte 0xff in position 0: invalid start byte
2025-04-30 04:45:21,708 - INFO - Successfully optimized StochMA_01_standard.set -> StochMA_01_otp.set
2025-04-30 04:45:21,709 - ERROR - Error reading C:\Users\nikol\AppData\Roaming\MetaQuotes\Terminal\4B1CE69F577705455263BD980C39A82C\MQL5\Profiles\Tester\Stoch_01_standard.set: 'utf-8' codec can't decode byte 0xff in position 0: invalid start byte
2025-04-30 04:45:21,710 - INFO - Successfully optimized Stoch_01_standard.set -> Stoch_01_otp.set
2025-04-30 04:45:21,711 - ERROR - Error reading C:\Users\nikol\AppData\Roaming\MetaQuotes\Terminal\4B1CE69F577705455263BD980C39A82C\MQL5\Profiles\Tester\Stop-Loss-Take-Profit_01_standard.set: 'utf-8' codec can't decode byte 0xff in position 0: invalid start byte
2025-04-30 04:45:21,713 - INFO - Successfully optimized Stop-Loss-Take-Profit_01_standard.set -> Stop-Loss-Take-Profit_01_otp.set
2025-04-30 04:45:21,714 - ERROR - Error reading C:\Users\nikol\AppData\Roaming\MetaQuotes\Terminal\4B1CE69F577705455263BD980C39A82C\MQL5\Profiles\Tester\StraddleqTrail_01_standard.set: 'utf-8' codec can't decode byte 0xff in position 0: invalid start byte
2025-04-30 04:45:21,716 - INFO - Successfully optimized StraddleqTrail_01_standard.set -> StraddleqTrail_01_otp.set
2025-04-30 04:45:21,717 - ERROR - Error reading C:\Users\nikol\AppData\Roaming\MetaQuotes\Terminal\4B1CE69F577705455263BD980C39A82C\MQL5\Profiles\Tester\Surefirething_01_standard.set: 'utf-8' codec can't decode byte 0xff in position 0: invalid start byte
2025-04-30 04:45:21,718 - INFO - Successfully optimized Surefirething_01_standard.set -> Surefirething_01_otp.set
2025-04-30 04:45:21,719 - ERROR - Error reading C:\Users\nikol\AppData\Roaming\MetaQuotes\Terminal\4B1CE69F577705455263BD980C39A82C\MQL5\Profiles\Tester\TDSGlobal_01_standard.set: 'utf-8' codec can't decode byte 0xff in position 0: invalid start byte
2025-04-30 04:45:21,721 - INFO - Successfully optimized TDSGlobal_01_standard.set -> TDSGlobal_01_otp.set
2025-04-30 04:45:21,721 - ERROR - Error reading C:\Users\nikol\AppData\Roaming\MetaQuotes\Terminal\4B1CE69F577705455263BD980C39A82C\MQL5\Profiles\Tester\The-MasterMind-2_01_standard.set: 'utf-8' codec can't decode byte 0xff in position 0: invalid start byte
2025-04-30 04:45:21,724 - INFO - Successfully optimized The-MasterMind-2_01_standard.set -> The-MasterMind-2_01_otp.set
2025-04-30 04:45:21,725 - ERROR - Error reading C:\Users\nikol\AppData\Roaming\MetaQuotes\Terminal\4B1CE69F577705455263BD980C39A82C\MQL5\Profiles\Tester\The-MasterMind-3_01_standard.set: 'utf-8' codec can't decode byte 0xff in position 0: invalid start byte
2025-04-30 04:45:21,726 - INFO - Successfully optimized The-MasterMind-3_01_standard.set -> The-MasterMind-3_01_otp.set
2025-04-30 04:45:21,727 - ERROR - Error reading C:\Users\nikol\AppData\Roaming\MetaQuotes\Terminal\4B1CE69F577705455263BD980C39A82C\MQL5\Profiles\Tester\The-MasterMind_01_standard.set: 'utf-8' codec can't decode byte 0xff in position 0: invalid start byte
2025-04-30 04:45:21,729 - INFO - Successfully optimized The-MasterMind_01_standard.set -> The-MasterMind_01_otp.set
2025-04-30 04:45:21,729 - ERROR - Error reading C:\Users\nikol\AppData\Roaming\MetaQuotes\Terminal\4B1CE69F577705455263BD980C39A82C\MQL5\Profiles\Tester\The-Puncher_01_standard.set: 'utf-8' codec can't decode byte 0xff in position 0: invalid start byte
2025-04-30 04:45:21,731 - INFO - Successfully optimized The-Puncher_01_standard.set -> The-Puncher_01_otp.set
2025-04-30 04:45:21,732 - ERROR - Error reading C:\Users\nikol\AppData\Roaming\MetaQuotes\Terminal\4B1CE69F577705455263BD980C39A82C\MQL5\Profiles\Tester\TheClassicTurtleTrader-no-dots-EA_01_standard.set: 'utf-8' codec can't decode byte 0xff in position 0: invalid start byte
2025-04-30 04:45:21,733 - INFO - Successfully optimized TheClassicTurtleTrader-no-dots-EA_01_standard.set -> TheClassicTurtleTrader-no-dots-EA_01_otp.set
2025-04-30 04:45:21,734 - ERROR - Error reading C:\Users\nikol\AppData\Roaming\MetaQuotes\Terminal\4B1CE69F577705455263BD980C39A82C\MQL5\Profiles\Tester\TheClassicTurtleTrader-no-dots_01_standard.set: 'utf-8' codec can't decode byte 0xff in position 0: invalid start byte
2025-04-30 04:45:21,736 - INFO - Successfully optimized TheClassicTurtleTrader-no-dots_01_standard.set -> TheClassicTurtleTrader-no-dots_01_otp.set
2025-04-30 04:45:21,737 - ERROR - Error reading C:\Users\nikol\AppData\Roaming\MetaQuotes\Terminal\4B1CE69F577705455263BD980C39A82C\MQL5\Profiles\Tester\Three-indicators_01_standard.set: 'utf-8' codec can't decode byte 0xff in position 0: invalid start byte
2025-04-30 04:45:21,738 - INFO - Successfully optimized Three-indicators_01_standard.set -> Three-indicators_01_otp.set
2025-04-30 04:45:21,739 - ERROR - Error reading C:\Users\nikol\AppData\Roaming\MetaQuotes\Terminal\4B1CE69F577705455263BD980C39A82C\MQL5\Profiles\Tester\Three-neural-networks_01_standard.set: 'utf-8' codec can't decode byte 0xff in position 0: invalid start byte
2025-04-30 04:45:21,740 - INFO - Successfully optimized Three-neural-networks_01_standard.set -> Three-neural-networks_01_otp.set
2025-04-30 04:45:21,741 - ERROR - Error reading C:\Users\nikol\AppData\Roaming\MetaQuotes\Terminal\4B1CE69F577705455263BD980C39A82C\MQL5\Profiles\Tester\Three-timeframes_01_standard.set: 'utf-8' codec can't decode byte 0xff in position 0: invalid start byte
2025-04-30 04:45:21,742 - INFO - Successfully optimized Three-timeframes_01_standard.set -> Three-timeframes_01_otp.set
2025-04-30 04:45:21,743 - ERROR - Error reading C:\Users\nikol\AppData\Roaming\MetaQuotes\Terminal\4B1CE69F577705455263BD980C39A82C\MQL5\Profiles\Tester\Three-Typical-Candles_01_standard.set: 'utf-8' codec can't decode byte 0xff in position 0: invalid start byte
2025-04-30 04:45:21,745 - INFO - Successfully optimized Three-Typical-Candles_01_standard.set -> Three-Typical-Candles_01_otp.set
2025-04-30 04:45:21,746 - ERROR - Error reading C:\Users\nikol\AppData\Roaming\MetaQuotes\Terminal\4B1CE69F577705455263BD980C39A82C\MQL5\Profiles\Tester\Time-sync-forts_01_standard.set: 'utf-8' codec can't decode byte 0xff in position 0: invalid start byte
2025-04-30 04:45:21,747 - INFO - Successfully optimized Time-sync-forts_01_standard.set -> Time-sync-forts_01_otp.set
2025-04-30 04:45:21,748 - ERROR - Error reading C:\Users\nikol\AppData\Roaming\MetaQuotes\Terminal\4B1CE69F577705455263BD980C39A82C\MQL5\Profiles\Tester\TMA-ATR-Channel_01_standard.set: 'utf-8' codec can't decode byte 0xff in position 0: invalid start byte
2025-04-30 04:45:21,749 - INFO - Successfully optimized TMA-ATR-Channel_01_standard.set -> TMA-ATR-Channel_01_otp.set
2025-04-30 04:45:21,750 - ERROR - Error reading C:\Users\nikol\AppData\Roaming\MetaQuotes\Terminal\4B1CE69F577705455263BD980C39A82C\MQL5\Profiles\Tester\TMA-ATR-EA_01_standard.set: 'utf-8' codec can't decode byte 0xff in position 0: invalid start byte
2025-04-30 04:45:21,752 - INFO - Successfully optimized TMA-ATR-EA_01_standard.set -> TMA-ATR-EA_01_otp.set
2025-04-30 04:45:21,753 - ERROR - Error reading C:\Users\nikol\AppData\Roaming\MetaQuotes\Terminal\4B1CE69F577705455263BD980C39A82C\MQL5\Profiles\Tester\TMA-CG-EA_01_standard.set: 'utf-8' codec can't decode byte 0xff in position 0: invalid start byte
2025-04-30 04:45:21,754 - INFO - Successfully optimized TMA-CG-EA_01_standard.set -> TMA-CG-EA_01_otp.set
2025-04-30 04:45:21,755 - ERROR - Error reading C:\Users\nikol\AppData\Roaming\MetaQuotes\Terminal\4B1CE69F577705455263BD980C39A82C\MQL5\Profiles\Tester\TMA-CG-Martingale-20EA_01_standard.set: 'utf-8' codec can't decode byte 0xff in position 0: invalid start byte
2025-04-30 04:45:21,757 - INFO - Successfully optimized TMA-CG-Martingale-20EA_01_standard.set -> TMA-CG-Martingale-20EA_01_otp.set
2025-04-30 04:45:21,758 - ERROR - Error reading C:\Users\nikol\AppData\Roaming\MetaQuotes\Terminal\4B1CE69F577705455263BD980C39A82C\MQL5\Profiles\Tester\TMA-CG-mladen_01_standard.set: 'utf-8' codec can't decode byte 0xff in position 0: invalid start byte
2025-04-30 04:45:21,760 - INFO - Successfully optimized TMA-CG-mladen_01_standard.set -> TMA-CG-mladen_01_otp.set
2025-04-30 04:45:21,761 - ERROR - Error reading C:\Users\nikol\AppData\Roaming\MetaQuotes\Terminal\4B1CE69F577705455263BD980C39A82C\MQL5\Profiles\Tester\TMA-CG-special_01_standard.set: 'utf-8' codec can't decode byte 0xff in position 0: invalid start byte
2025-04-30 04:45:21,763 - INFO - Successfully optimized TMA-CG-special_01_standard.set -> TMA-CG-special_01_otp.set
2025-04-30 04:45:21,764 - ERROR - Error reading C:\Users\nikol\AppData\Roaming\MetaQuotes\Terminal\4B1CE69F577705455263BD980C39A82C\MQL5\Profiles\Tester\TMA-slope-bands_01_standard.set: 'utf-8' codec can't decode byte 0xff in position 0: invalid start byte
2025-04-30 04:45:21,765 - INFO - Successfully optimized TMA-slope-bands_01_standard.set -> TMA-slope-bands_01_otp.set
2025-04-30 04:45:21,766 - ERROR - Error reading C:\Users\nikol\AppData\Roaming\MetaQuotes\Terminal\4B1CE69F577705455263BD980C39A82C\MQL5\Profiles\Tester\TmaTrue-2.0-with-Distances-6xx_01_standard.set: 'utf-8' codec can't decode byte 0xff in position 0: invalid start byte
2025-04-30 04:45:21,767 - INFO - Successfully optimized TmaTrue-2.0-with-Distances-6xx_01_standard.set -> TmaTrue-2.0-with-Distances-6xx_01_otp.set
2025-04-30 04:45:21,768 - ERROR - Error reading C:\Users\nikol\AppData\Roaming\MetaQuotes\Terminal\4B1CE69F577705455263BD980C39A82C\MQL5\Profiles\Tester\TmaTrue-3.0-with-Distances-6xx_01_standard.set: 'utf-8' codec can't decode byte 0xff in position 0: invalid start byte
2025-04-30 04:45:21,769 - INFO - Successfully optimized TmaTrue-3.0-with-Distances-6xx_01_standard.set -> TmaTrue-3.0-with-Distances-6xx_01_otp.set
2025-04-30 04:45:21,771 - ERROR - Error reading C:\Users\nikol\AppData\Roaming\MetaQuotes\Terminal\4B1CE69F577705455263BD980C39A82C\MQL5\Profiles\Tester\TP-with-money_01_standard.set: 'utf-8' codec can't decode byte 0xff in position 0: invalid start byte
2025-04-30 04:45:21,773 - INFO - Successfully optimized TP-with-money_01_standard.set -> TP-with-money_01_otp.set
2025-04-30 04:45:21,774 - ERROR - Error reading C:\Users\nikol\AppData\Roaming\MetaQuotes\Terminal\4B1CE69F577705455263BD980C39A82C\MQL5\Profiles\Tester\Trade-in-Channel_01_standard.set: 'utf-8' codec can't decode byte 0xff in position 0: invalid start byte
2025-04-30 04:45:21,776 - INFO - Successfully optimized Trade-in-Channel_01_standard.set -> Trade-in-Channel_01_otp.set
2025-04-30 04:45:21,777 - ERROR - Error reading C:\Users\nikol\AppData\Roaming\MetaQuotes\Terminal\4B1CE69F577705455263BD980C39A82C\MQL5\Profiles\Tester\Trade-on-qualified-RSI_01_standard.set: 'utf-8' codec can't decode byte 0xff in position 0: invalid start byte
2025-04-30 04:45:21,780 - INFO - Successfully optimized Trade-on-qualified-RSI_01_standard.set -> Trade-on-qualified-RSI_01_otp.set
2025-04-30 04:45:21,781 - ERROR - Error reading C:\Users\nikol\AppData\Roaming\MetaQuotes\Terminal\4B1CE69F577705455263BD980C39A82C\MQL5\Profiles\Tester\Trading-Breakout-MrThanhTan_01_standard.set: 'utf-8' codec can't decode byte 0xff in position 0: invalid start byte
2025-04-30 04:45:21,783 - INFO - Successfully optimized Trading-Breakout-MrThanhTan_01_standard.set -> Trading-Breakout-MrThanhTan_01_otp.set
2025-04-30 04:45:21,785 - ERROR - Error reading C:\Users\nikol\AppData\Roaming\MetaQuotes\Terminal\4B1CE69F577705455263BD980C39A82C\MQL5\Profiles\Tester\Trend-Trader-Strategy-EA_01_standard.set: 'utf-8' codec can't decode byte 0xff in position 0: invalid start byte
2025-04-30 04:45:21,787 - INFO - Successfully optimized Trend-Trader-Strategy-EA_01_standard.set -> Trend-Trader-Strategy-EA_01_otp.set
2025-04-30 04:45:21,788 - ERROR - Error reading C:\Users\nikol\AppData\Roaming\MetaQuotes\Terminal\4B1CE69F577705455263BD980C39A82C\MQL5\Profiles\Tester\Trend-Trader-Strategy_01_standard.set: 'utf-8' codec can't decode byte 0xff in position 0: invalid start byte
2025-04-30 04:45:21,789 - INFO - Successfully optimized Trend-Trader-Strategy_01_standard.set -> Trend-Trader-Strategy_01_otp.set
2025-04-30 04:45:21,790 - ERROR - Error reading C:\Users\nikol\AppData\Roaming\MetaQuotes\Terminal\4B1CE69F577705455263BD980C39A82C\MQL5\Profiles\Tester\Tru-EA_01_standard.set: 'utf-8' codec can't decode byte 0xff in position 0: invalid start byte
2025-04-30 04:45:21,792 - INFO - Successfully optimized Tru-EA_01_standard.set -> Tru-EA_01_otp.set
2025-04-30 04:45:21,793 - ERROR - Error reading C:\Users\nikol\AppData\Roaming\MetaQuotes\Terminal\4B1CE69F577705455263BD980C39A82C\MQL5\Profiles\Tester\True-Scalper-Profit-Lock_01_standard.set: 'utf-8' codec can't decode byte 0xff in position 0: invalid start byte
2025-04-30 04:45:21,795 - INFO - Successfully optimized True-Scalper-Profit-Lock_01_standard.set -> True-Scalper-Profit-Lock_01_otp.set
2025-04-30 04:45:21,796 - ERROR - Error reading C:\Users\nikol\AppData\Roaming\MetaQuotes\Terminal\4B1CE69F577705455263BD980C39A82C\MQL5\Profiles\Tester\TrueSort-1100_01_standard.set: 'utf-8' codec can't decode byte 0xff in position 0: invalid start byte
2025-04-30 04:45:21,797 - INFO - Successfully optimized TrueSort-1100_01_standard.set -> TrueSort-1100_01_otp.set
2025-04-30 04:45:21,798 - ERROR - Error reading C:\Users\nikol\AppData\Roaming\MetaQuotes\Terminal\4B1CE69F577705455263BD980C39A82C\MQL5\Profiles\Tester\Tunnel-gen4_01_standard.set: 'utf-8' codec can't decode byte 0xff in position 0: invalid start byte
2025-04-30 04:45:21,800 - INFO - Successfully optimized Tunnel-gen4_01_standard.set -> Tunnel-gen4_01_otp.set
2025-04-30 04:45:21,801 - ERROR - Error reading C:\Users\nikol\AppData\Roaming\MetaQuotes\Terminal\4B1CE69F577705455263BD980C39A82C\MQL5\Profiles\Tester\Tunnel-Method_01_standard.set: 'utf-8' codec can't decode byte 0xff in position 0: invalid start byte
2025-04-30 04:45:21,803 - INFO - Successfully optimized Tunnel-Method_01_standard.set -> Tunnel-Method_01_otp.set
2025-04-30 04:45:21,804 - ERROR - Error reading C:\Users\nikol\AppData\Roaming\MetaQuotes\Terminal\4B1CE69F577705455263BD980C39A82C\MQL5\Profiles\Tester\TurnGrid_01_standard.set: 'utf-8' codec can't decode byte 0xff in position 0: invalid start byte
2025-04-30 04:45:21,806 - INFO - Successfully optimized TurnGrid_01_standard.set -> TurnGrid_01_otp.set
2025-04-30 04:45:21,807 - ERROR - Error reading C:\Users\nikol\AppData\Roaming\MetaQuotes\Terminal\4B1CE69F577705455263BD980C39A82C\MQL5\Profiles\Tester\Two PerBar _01_standard.set: 'utf-8' codec can't decode byte 0xff in position 0: invalid start byte
2025-04-30 04:45:21,809 - INFO - Successfully optimized Two PerBar _01_standard.set -> Two PerBar _01_otp.set
2025-04-30 04:45:21,810 - ERROR - Error reading C:\Users\nikol\AppData\Roaming\MetaQuotes\Terminal\4B1CE69F577705455263BD980C39A82C\MQL5\Profiles\Tester\Two-20MA-20RSI-20ADX-20EA_01_standard.set: 'utf-8' codec can't decode byte 0xff in position 0: invalid start byte
2025-04-30 04:45:21,812 - INFO - Successfully optimized Two-20MA-20RSI-20ADX-20EA_01_standard.set -> Two-20MA-20RSI-20ADX-20EA_01_otp.set
2025-04-30 04:45:21,813 - ERROR - Error reading C:\Users\nikol\AppData\Roaming\MetaQuotes\Terminal\4B1CE69F577705455263BD980C39A82C\MQL5\Profiles\Tester\Two-20Orders-20Panel_01_standard.set: 'utf-8' codec can't decode byte 0xff in position 0: invalid start byte
2025-04-30 04:45:21,814 - INFO - Successfully optimized Two-20Orders-20Panel_01_standard.set -> Two-20Orders-20Panel_01_otp.set
2025-04-30 04:45:21,816 - ERROR - Error reading C:\Users\nikol\AppData\Roaming\MetaQuotes\Terminal\4B1CE69F577705455263BD980C39A82C\MQL5\Profiles\Tester\Two-pending-orders-2_01_standard.set: 'utf-8' codec can't decode byte 0xff in position 0: invalid start byte
2025-04-30 04:45:21,817 - INFO - Successfully optimized Two-pending-orders-2_01_standard.set -> Two-pending-orders-2_01_otp.set
2025-04-30 04:45:21,819 - ERROR - Error reading C:\Users\nikol\AppData\Roaming\MetaQuotes\Terminal\4B1CE69F577705455263BD980C39A82C\MQL5\Profiles\Tester\UnityPro_01_standard.set: 'utf-8' codec can't decode byte 0xff in position 0: invalid start byte
2025-04-30 04:45:21,821 - INFO - Successfully optimized UnityPro_01_standard.set -> UnityPro_01_otp.set
2025-04-30 04:45:21,822 - ERROR - Error reading C:\Users\nikol\AppData\Roaming\MetaQuotes\Terminal\4B1CE69F577705455263BD980C39A82C\MQL5\Profiles\Tester\UniversalMACrossEA_01_standard.set: 'utf-8' codec can't decode byte 0xff in position 0: invalid start byte
2025-04-30 04:45:21,824 - INFO - Successfully optimized UniversalMACrossEA_01_standard.set -> UniversalMACrossEA_01_otp.set
2025-04-30 04:45:21,825 - ERROR - Error reading C:\Users\nikol\AppData\Roaming\MetaQuotes\Terminal\4B1CE69F577705455263BD980C39A82C\MQL5\Profiles\Tester\UniversalSignalDemo_01_standard.set: 'utf-8' codec can't decode byte 0xff in position 0: invalid start byte
2025-04-30 04:45:21,826 - INFO - Successfully optimized UniversalSignalDemo_01_standard.set -> UniversalSignalDemo_01_otp.set
2025-04-30 04:45:21,828 - ERROR - Error reading C:\Users\nikol\AppData\Roaming\MetaQuotes\Terminal\4B1CE69F577705455263BD980C39A82C\MQL5\Profiles\Tester\Universum-3.0_01_standard.set: 'utf-8' codec can't decode byte 0xff in position 0: invalid start byte
2025-04-30 04:45:21,830 - INFO - Successfully optimized Universum-3.0_01_standard.set -> Universum-3.0_01_otp.set
2025-04-30 04:45:21,831 - ERROR - Error reading C:\Users\nikol\AppData\Roaming\MetaQuotes\Terminal\4B1CE69F577705455263BD980C39A82C\MQL5\Profiles\Tester\UnNomGuai-20EA_01_standard.set: 'utf-8' codec can't decode byte 0xff in position 0: invalid start byte
2025-04-30 04:45:21,833 - INFO - Successfully optimized UnNomGuai-20EA_01_standard.set -> UnNomGuai-20EA_01_otp.set
2025-04-30 04:45:21,834 - ERROR - Error reading C:\Users\nikol\AppData\Roaming\MetaQuotes\Terminal\4B1CE69F577705455263BD980C39A82C\MQL5\Profiles\Tester\up3x1-Investor_01_standard.set: 'utf-8' codec can't decode byte 0xff in position 0: invalid start byte
2025-04-30 04:45:21,836 - INFO - Successfully optimized up3x1-Investor_01_standard.set -> up3x1-Investor_01_otp.set
2025-04-30 04:45:21,837 - ERROR - Error reading C:\Users\nikol\AppData\Roaming\MetaQuotes\Terminal\4B1CE69F577705455263BD980C39A82C\MQL5\Profiles\Tester\up3x1-premium-M_01_standard.set: 'utf-8' codec can't decode byte 0xff in position 0: invalid start byte
2025-04-30 04:45:21,838 - INFO - Successfully optimized up3x1-premium-M_01_standard.set -> up3x1-premium-M_01_otp.set
2025-04-30 04:45:21,840 - ERROR - Error reading C:\Users\nikol\AppData\Roaming\MetaQuotes\Terminal\4B1CE69F577705455263BD980C39A82C\MQL5\Profiles\Tester\up3x1_01_standard.set: 'utf-8' codec can't decode byte 0xff in position 0: invalid start byte
2025-04-30 04:45:21,842 - INFO - Successfully optimized up3x1_01_standard.set -> up3x1_01_otp.set
2025-04-30 04:45:21,843 - ERROR - Error reading C:\Users\nikol\AppData\Roaming\MetaQuotes\Terminal\4B1CE69F577705455263BD980C39A82C\MQL5\Profiles\Tester\Urdala-Trol_01_standard.set: 'utf-8' codec can't decode byte 0xff in position 0: invalid start byte
2025-04-30 04:45:21,845 - INFO - Successfully optimized Urdala-Trol_01_standard.set -> Urdala-Trol_01_otp.set
2025-04-30 04:45:21,846 - ERROR - Error reading C:\Users\nikol\AppData\Roaming\MetaQuotes\Terminal\4B1CE69F577705455263BD980C39A82C\MQL5\Profiles\Tester\Very-Blonde-System_01_standard.set: 'utf-8' codec can't decode byte 0xff in position 0: invalid start byte
2025-04-30 04:45:21,849 - INFO - Successfully optimized Very-Blonde-System_01_standard.set -> Very-Blonde-System_01_otp.set
2025-04-30 04:45:21,850 - ERROR - Error reading C:\Users\nikol\AppData\Roaming\MetaQuotes\Terminal\4B1CE69F577705455263BD980C39A82C\MQL5\Profiles\Tester\Virtual-Trailing-Stop_01_standard.set: 'utf-8' codec can't decode byte 0xff in position 0: invalid start byte
2025-04-30 04:45:21,852 - INFO - Successfully optimized Virtual-Trailing-Stop_01_standard.set -> Virtual-Trailing-Stop_01_otp.set
2025-04-30 04:45:21,853 - ERROR - Error reading C:\Users\nikol\AppData\Roaming\MetaQuotes\Terminal\4B1CE69F577705455263BD980C39A82C\MQL5\Profiles\Tester\VLT-TRADER_01_standard.set: 'utf-8' codec can't decode byte 0xff in position 0: invalid start byte
2025-04-30 04:45:21,855 - INFO - Successfully optimized VLT-TRADER_01_standard.set -> VLT-TRADER_01_otp.set
2025-04-30 04:45:21,857 - ERROR - Error reading C:\Users\nikol\AppData\Roaming\MetaQuotes\Terminal\4B1CE69F577705455263BD980C39A82C\MQL5\Profiles\Tester\Volume-trader_01_standard.set: 'utf-8' codec can't decode byte 0xff in position 0: invalid start byte
2025-04-30 04:45:21,858 - INFO - Successfully optimized Volume-trader_01_standard.set -> Volume-trader_01_otp.set
2025-04-30 04:45:21,859 - ERROR - Error reading C:\Users\nikol\AppData\Roaming\MetaQuotes\Terminal\4B1CE69F577705455263BD980C39A82C\MQL5\Profiles\Tester\Vortex-Indicator-System_01_standard.set: 'utf-8' codec can't decode byte 0xff in position 0: invalid start byte
2025-04-30 04:45:21,861 - INFO - Successfully optimized Vortex-Indicator-System_01_standard.set -> Vortex-Indicator-System_01_otp.set
2025-04-30 04:45:21,863 - ERROR - Error reading C:\Users\nikol\AppData\Roaming\MetaQuotes\Terminal\4B1CE69F577705455263BD980C39A82C\MQL5\Profiles\Tester\VR-Overturn_01_standard.set: 'utf-8' codec can't decode byte 0xff in position 0: invalid start byte
2025-04-30 04:45:21,865 - INFO - Successfully optimized VR-Overturn_01_standard.set -> VR-Overturn_01_otp.set
2025-04-30 04:45:21,866 - ERROR - Error reading C:\Users\nikol\AppData\Roaming\MetaQuotes\Terminal\4B1CE69F577705455263BD980C39A82C\MQL5\Profiles\Tester\VR-ZVER-v.2_01_standard.set: 'utf-8' codec can't decode byte 0xff in position 0: invalid start byte
2025-04-30 04:45:21,868 - INFO - Successfully optimized VR-ZVER-v.2_01_standard.set -> VR-ZVER-v.2_01_otp.set
2025-04-30 04:45:21,869 - ERROR - Error reading C:\Users\nikol\AppData\Roaming\MetaQuotes\Terminal\4B1CE69F577705455263BD980C39A82C\MQL5\Profiles\Tester\VR-ZVER_01_standard.set: 'utf-8' codec can't decode byte 0xff in position 0: invalid start byte
2025-04-30 04:45:21,871 - INFO - Successfully optimized VR-ZVER_01_standard.set -> VR-ZVER_01_otp.set
2025-04-30 04:45:21,872 - ERROR - Error reading C:\Users\nikol\AppData\Roaming\MetaQuotes\Terminal\4B1CE69F577705455263BD980C39A82C\MQL5\Profiles\Tester\VZO_01_standard.set: 'utf-8' codec can't decode byte 0xff in position 0: invalid start byte
2025-04-30 04:45:21,874 - INFO - Successfully optimized VZO_01_standard.set -> VZO_01_otp.set
2025-04-30 04:45:21,875 - ERROR - Error reading C:\Users\nikol\AppData\Roaming\MetaQuotes\Terminal\4B1CE69F577705455263BD980C39A82C\MQL5\Profiles\Tester\Waddah-Attar-Win_01_standard.set: 'utf-8' codec can't decode byte 0xff in position 0: invalid start byte
2025-04-30 04:45:21,876 - INFO - Successfully optimized Waddah-Attar-Win_01_standard.set -> Waddah-Attar-Win_01_otp.set
2025-04-30 04:45:21,878 - ERROR - Error reading C:\Users\nikol\AppData\Roaming\MetaQuotes\Terminal\4B1CE69F577705455263BD980C39A82C\MQL5\Profiles\Tester\WE-TRUST_01_standard.set: 'utf-8' codec can't decode byte 0xff in position 0: invalid start byte
2025-04-30 04:45:21,879 - INFO - Successfully optimized WE-TRUST_01_standard.set -> WE-TRUST_01_otp.set
2025-04-30 04:45:21,880 - ERROR - Error reading C:\Users\nikol\AppData\Roaming\MetaQuotes\Terminal\4B1CE69F577705455263BD980C39A82C\MQL5\Profiles\Tester\X-RSIOMA_01_standard.set: 'utf-8' codec can't decode byte 0xff in position 0: invalid start byte
2025-04-30 04:45:21,883 - INFO - Successfully optimized X-RSIOMA_01_standard.set -> X-RSIOMA_01_otp.set
2025-04-30 04:45:21,885 - ERROR - Error reading C:\Users\nikol\AppData\Roaming\MetaQuotes\Terminal\4B1CE69F577705455263BD980C39A82C\MQL5\Profiles\Tester\Yesterday-Today_01_standard.set: 'utf-8' codec can't decode byte 0xff in position 0: invalid start byte
2025-04-30 04:45:21,887 - INFO - Successfully optimized Yesterday-Today_01_standard.set -> Yesterday-Today_01_otp.set
2025-04-30 04:45:21,889 - INFO - Successfully optimized 10-pips-EURUSD_01_standard.set -> 10-pips-EURUSD_01_otp.set
2025-04-30 04:45:21,891 - INFO - Successfully optimized 10-pips_01_standard.set -> 10-pips_01_otp.set
2025-04-30 04:45:21,894 - INFO - Successfully optimized 1H-EUR-USD_01_standard.set -> 1H-EUR-USD_01_otp.set
2025-04-30 04:45:21,898 - INFO - Successfully optimized 20011201-GBPUSD-M1_01_standard.set -> 20011201-GBPUSD-M1_01_otp.set
2025-04-30 04:45:21,900 - INFO - Successfully optimized 21hour_01_standard.set -> 21hour_01_otp.set
2025-04-30 04:45:21,904 - INFO - Successfully optimized 2HR-HL_01_standard.set -> 2HR-HL_01_otp.set
2025-04-30 04:45:21,906 - INFO - Successfully optimized 2MA-4Level_01_standard.set -> 2MA-4Level_01_otp.set
2025-04-30 04:45:21,909 - INFO - Successfully optimized 2MA-Bunny-Cross_01_standard.set -> 2MA-Bunny-Cross_01_otp.set
2025-04-30 04:45:21,911 - INFO - Successfully optimized 3-bars-high-low-indicator_01_standard.set -> 3-bars-high-low-indicator_01_otp.set
2025-04-30 04:45:21,913 - INFO - Successfully optimized 35-Pip-Scalper_01_standard.set -> 35-Pip-Scalper_01_otp.set
2025-04-30 04:45:21,915 - INFO - Successfully optimized 3BarsHighLowEA_01_standard.set -> 3BarsHighLowEA_01_otp.set
2025-04-30 04:45:21,917 - INFO - Successfully optimized 3sma_01_standard.set -> 3sma_01_otp.set
2025-04-30 04:45:21,919 - INFO - Successfully optimized 500_01_standard.set -> 500_01_otp.set
2025-04-30 04:45:21,921 - INFO - Successfully optimized 55-MA_01_standard.set -> 55-MA_01_otp.set
2025-04-30 04:45:21,923 - INFO - Successfully optimized Above-Below-MA_01_standard.set -> Above-Below-MA_01_otp.set
2025-04-30 04:45:21,925 - INFO - Successfully optimized Absorption_01_standard.set -> Absorption_01_otp.set
2025-04-30 04:45:21,927 - INFO - Successfully optimized ADX-MACD-Deev_01_standard.set -> ADX-MACD-Deev_01_otp.set
2025-04-30 04:45:21,929 - INFO - Successfully optimized ADX-MA_01_standard.set -> ADX-MA_01_otp.set
2025-04-30 04:45:21,931 - INFO - Successfully optimized ADX-System_01_standard.set -> ADX-System_01_otp.set
2025-04-30 04:45:21,933 - INFO - Successfully optimized AIS1_01_standard.set -> AIS1_01_otp.set
2025-04-30 04:45:21,935 - INFO - Successfully optimized Alexav-D1-Profit-GBPUSD_01_standard.set -> Alexav-D1-Profit-GBPUSD_01_otp.set
2025-04-30 04:45:21,937 - INFO - Successfully optimized All-Average-Ea_01_standard.set -> All-Average-Ea_01_otp.set
2025-04-30 04:45:21,939 - INFO - Successfully optimized Alligator-Simple_01_standard.set -> Alligator-Simple_01_otp.set
2025-04-30 04:45:21,940 - INFO - Successfully optimized Alligator_01_standard.set -> Alligator_01_otp.set
2025-04-30 04:45:21,942 - INFO - Successfully optimized Altarius-RSI-Stohastic_01_standard.set -> Altarius-RSI-Stohastic_01_otp.set
2025-04-30 04:45:21,944 - INFO - Successfully optimized AMA-Trader-2_01_standard.set -> AMA-Trader-2_01_otp.set
2025-04-30 04:45:21,946 - INFO - Successfully optimized AMA-Trader_01_standard.set -> AMA-Trader_01_otp.set
2025-04-30 04:45:21,948 - INFO - Successfully optimized AO-Lightning_01_standard.set -> AO-Lightning_01_otp.set
2025-04-30 04:45:21,950 - INFO - Successfully optimized AOCCI_01_standard.set -> AOCCI_01_otp.set
2025-04-30 04:45:21,953 - INFO - Successfully optimized Arbitrage_01_standard.set -> Arbitrage_01_otp.set
2025-04-30 04:45:21,954 - INFO - Successfully optimized ArbSint_01_standard.set -> ArbSint_01_otp.set
2025-04-30 04:45:21,956 - INFO - Successfully optimized Area-MACD_01_standard.set -> Area-MACD_01_otp.set
2025-04-30 04:45:21,957 - INFO - Successfully optimized Artificial-Intelligence_01_standard.set -> Artificial-Intelligence_01_otp.set
2025-04-30 04:45:21,959 - INFO - Successfully optimized At-random-Full_01_standard.set -> At-random-Full_01_otp.set
2025-04-30 04:45:21,961 - INFO - Successfully optimized At-random_01_standard.set -> At-random_01_otp.set
2025-04-30 04:45:21,963 - INFO - Successfully optimized Auto-ADX_01_standard.set -> Auto-ADX_01_otp.set
2025-04-30 04:45:21,965 - INFO - Successfully optimized Auto-Pivot-Plotter-28Mid-Levels-29-41_01_standard.set -> Auto-Pivot-Plotter-28Mid-Levels-29-41_01_otp.set
2025-04-30 04:45:21,967 - INFO - Successfully optimized AutoLock-EA_01_standard.set -> AutoLock-EA_01_otp.set
2025-04-30 04:45:21,969 - INFO - Successfully optimized Autotrader-Momentum_01_standard.set -> Autotrader-Momentum_01_otp.set
2025-04-30 04:45:21,971 - INFO - Successfully optimized Avalanche-AV_01_standard.set -> Avalanche-AV_01_otp.set
2025-04-30 04:45:21,972 - INFO - Successfully optimized Backbone_01_standard.set -> Backbone_01_otp.set
2025-04-30 04:45:21,974 - INFO - Successfully optimized BADX_01_standard.set -> BADX_01_otp.set
2025-04-30 04:45:21,976 - INFO - Successfully optimized Bago-EA_01_standard.set -> Bago-EA_01_otp.set
2025-04-30 04:45:21,978 - INFO - Successfully optimized BalancedScalper-20EA_01_standard.set -> BalancedScalper-20EA_01_otp.set
2025-04-30 04:45:21,980 - INFO - Successfully optimized Bands-2_01_standard.set -> Bands-2_01_otp.set
2025-04-30 04:45:21,982 - INFO - Successfully optimized BARS-Alligator_01_standard.set -> BARS-Alligator_01_otp.set
2025-04-30 04:45:21,984 - INFO - Successfully optimized Basic-CCI-RSI_01_standard.set -> Basic-CCI-RSI_01_otp.set
2025-04-30 04:45:21,987 - INFO - Successfully optimized Basic-Martingale-EA-3_01_standard.set -> Basic-Martingale-EA-3_01_otp.set
2025-04-30 04:45:21,989 - INFO - Successfully optimized BBPercentile-EA_01_standard.set -> BBPercentile-EA_01_otp.set
2025-04-30 04:45:21,991 - INFO - Successfully optimized BBPercentile_01_standard.set -> BBPercentile_01_otp.set
2025-04-30 04:45:21,994 - INFO - Successfully optimized BDCrossOver-20EA_01_standard.set -> BDCrossOver-20EA_01_otp.set
2025-04-30 04:45:21,997 - INFO - Successfully optimized BIG-DOG_01_standard.set -> BIG-DOG_01_otp.set
2025-04-30 04:45:21,999 - INFO - Successfully optimized Bill-Williams_01_standard.set -> Bill-Williams_01_otp.set
2025-04-30 04:45:22,001 - INFO - Successfully optimized Bollinger-Band-Two-MA-and-Zig-Zag_01_standard.set -> Bollinger-Band-Two-MA-and-Zig-Zag_01_otp.set
2025-04-30 04:45:22,003 - INFO - Successfully optimized Bollinger-Bands-N-positions_01_standard.set -> Bollinger-Bands-N-positions_01_otp.set
2025-04-30 04:45:22,005 - INFO - Successfully optimized Bollinger-Bands-RSI_01_standard.set -> Bollinger-Bands-RSI_01_otp.set
2025-04-30 04:45:22,007 - INFO - Successfully optimized bollinger_01_standard.set -> bollinger_01_otp.set
2025-04-30 04:45:22,009 - INFO - Successfully optimized Brakeout-Trader_01_standard.set -> Brakeout-Trader_01_otp.set
2025-04-30 04:45:22,011 - INFO - Successfully optimized Brandy_01_standard.set -> Brandy_01_otp.set
2025-04-30 04:45:22,012 - INFO - Successfully optimized Breadandbutter2_01_standard.set -> Breadandbutter2_01_otp.set
2025-04-30 04:45:22,014 - INFO - Successfully optimized Breakdown-catcher_01_standard.set -> Breakdown-catcher_01_otp.set
2025-04-30 04:45:22,016 - INFO - Successfully optimized breakdown_01_standard.set -> breakdown_01_otp.set
2025-04-30 04:45:22,018 - INFO - Successfully optimized Breakout-Str_01_standard.set -> Breakout-Str_01_otp.set
2025-04-30 04:45:22,021 - INFO - Successfully optimized Bronze-Warrioir_01_standard.set -> Bronze-Warrioir_01_otp.set
2025-04-30 04:45:22,023 - INFO - Successfully optimized Bruno_01_standard.set -> Bruno_01_otp.set
2025-04-30 04:45:22,025 - INFO - Successfully optimized BSS-1-0_01_standard.set -> BSS-1-0_01_otp.set
2025-04-30 04:45:22,027 - INFO - Successfully optimized Bullish-and-Bearish-Engulfing_01_standard.set -> Bullish-and-Bearish-Engulfing_01_otp.set
2025-04-30 04:45:22,029 - INFO - Successfully optimized Burg-Extrapolator_01_standard.set -> Burg-Extrapolator_01_otp.set
2025-04-30 04:45:22,032 - INFO - Successfully optimized BykovTrend-EA_01_standard.set -> BykovTrend-EA_01_otp.set
2025-04-30 04:45:22,034 - INFO - Successfully optimized Calculate-lotsize-and-Trailling-stop_01_standard.set -> Calculate-lotsize-and-Trailling-stop_01_otp.set
2025-04-30 04:45:22,037 - INFO - Successfully optimized candlepatternsexample_01_standard.set -> candlepatternsexample_01_otp.set
2025-04-30 04:45:22,039 - INFO - Successfully optimized Candle_01_standard.set -> Candle_01_otp.set
2025-04-30 04:45:22,040 - INFO - Successfully optimized Carbophos_01_standard.set -> Carbophos_01_otp.set
2025-04-30 04:45:22,042 - INFO - Successfully optimized CashMachine-5min_01_standard.set -> CashMachine-5min_01_otp.set
2025-04-30 04:45:22,044 - INFO - Successfully optimized CCI-MACD-Scalper_01_standard.set -> CCI-MACD-Scalper_01_otp.set
2025-04-30 04:45:22,046 - INFO - Successfully optimized Cidomo_01_standard.set -> Cidomo_01_otp.set
2025-04-30 04:45:22,048 - INFO - Successfully optimized CloseAgent_01_standard.set -> CloseAgent_01_otp.set
2025-04-30 04:45:22,050 - INFO - Successfully optimized CloseProfit_01_standard.set -> CloseProfit_01_otp.set
2025-04-30 04:45:22,052 - INFO - Successfully optimized cloud's-trade-2_01_standard.set -> cloud's-trade-2_01_otp.set
2025-04-30 04:45:22,053 - INFO - Successfully optimized CLOUD_01_standard.set -> CLOUD_01_otp.set
2025-04-30 04:45:22,055 - INFO - Successfully optimized Constituents-EA_01_standard.set -> Constituents-EA_01_otp.set
2025-04-30 04:45:22,057 - INFO - Successfully optimized Contrarian-trade-MA_01_standard.set -> Contrarian-trade-MA_01_otp.set
2025-04-30 04:45:22,059 - INFO - Successfully optimized Crossing-Moving-Average_01_standard.set -> Crossing-Moving-Average_01_otp.set
2025-04-30 04:45:22,061 - INFO - Successfully optimized CrossMA_01_standard.set -> CrossMA_01_otp.set
2025-04-30 04:45:22,063 - INFO - Successfully optimized Currencyprofits-01.1_01_standard.set -> Currencyprofits-01.1_01_otp.set
2025-04-30 04:45:22,065 - INFO - Successfully optimized Daily-20reversal-20-20EA_01_standard.set -> Daily-20reversal-20-20EA_01_otp.set
2025-04-30 04:45:22,066 - INFO - Successfully optimized Daily-BreakPoint_01_standard.set -> Daily-BreakPoint_01_otp.set
2025-04-30 04:45:22,068 - INFO - Successfully optimized Daily-Open-EA_01_standard.set -> Daily-Open-EA_01_otp.set
2025-04-30 04:45:22,070 - INFO - Successfully optimized Daily-range_01_standard.set -> Daily-range_01_otp.set
2025-04-30 04:45:22,072 - INFO - Successfully optimized Day-Trading-PAMXA_01_standard.set -> Day-Trading-PAMXA_01_otp.set
2025-04-30 04:45:22,074 - INFO - Successfully optimized Daydream_01_standard.set -> Daydream_01_otp.set
2025-04-30 04:45:22,076 - INFO - Successfully optimized DayTrading_01_standard.set -> DayTrading_01_otp.set
2025-04-30 04:45:22,078 - INFO - Successfully optimized Dealers-Trade-v-7.74-MACD_01_standard.set -> Dealers-Trade-v-7.74-MACD_01_otp.set
2025-04-30 04:45:22,080 - INFO - Successfully optimized Deep-Drawdown-MA_01_standard.set -> Deep-Drawdown-MA_01_otp.set
2025-04-30 04:45:22,081 - INFO - Successfully optimized DeMarker-gaining-position-volume-2_01_standard.set -> DeMarker-gaining-position-volume-2_01_otp.set
2025-04-30 04:45:22,083 - INFO - Successfully optimized DeMarker-gaining-position-volume_01_standard.set -> DeMarker-gaining-position-volume_01_otp.set
2025-04-30 04:45:22,086 - INFO - Successfully optimized DeMarker-Pending-2-5_01_standard.set -> DeMarker-Pending-2-5_01_otp.set
2025-04-30 04:45:22,088 - INFO - Successfully optimized DeMarker-Pending-2_01_standard.set -> DeMarker-Pending-2_01_otp.set
2025-04-30 04:45:22,090 - INFO - Successfully optimized DeMarker-Pending_01_standard.set -> DeMarker-Pending_01_otp.set
2025-04-30 04:45:22,092 - INFO - Successfully optimized Dematus_01_standard.set -> Dematus_01_otp.set
2025-04-30 04:45:22,093 - INFO - Successfully optimized Divergence-20for-20many-20indicator_01_standard.set -> Divergence-20for-20many-20indicator_01_otp.set
2025-04-30 04:45:22,095 - INFO - Successfully optimized Divergence-EA_01_standard.set -> Divergence-EA_01_otp.set
2025-04-30 04:45:22,097 - INFO - Successfully optimized Doji-Arrows_01_standard.set -> Doji-Arrows_01_otp.set
2025-04-30 04:45:22,099 - INFO - Successfully optimized DojiTrader_01_standard.set -> DojiTrader_01_otp.set
2025-04-30 04:45:22,101 - INFO - Successfully optimized Donchian-Chanel-EA_01_standard.set -> Donchian-Chanel-EA_01_otp.set
2025-04-30 04:45:22,103 - INFO - Successfully optimized DoubleHullMA-EA_01_standard.set -> DoubleHullMA-EA_01_otp.set
2025-04-30 04:45:22,105 - INFO - Successfully optimized DoubleHullMA_01_standard.set -> DoubleHullMA_01_otp.set
2025-04-30 04:45:22,107 - INFO - Successfully optimized DoubleMA-Crossover-EA_01_standard.set -> DoubleMA-Crossover-EA_01_otp.set
2025-04-30 04:45:22,109 - INFO - Successfully optimized Doubler_01_standard.set -> Doubler_01_otp.set
2025-04-30 04:45:22,112 - INFO - Successfully optimized dummy_01_standard.set -> dummy_01_otp.set
2025-04-30 04:45:22,114 - INFO - Successfully optimized Dynamic-averaging_01_standard.set -> Dynamic-averaging_01_otp.set
2025-04-30 04:45:22,116 - INFO - Successfully optimized e-Breakeven_01_standard.set -> e-Breakeven_01_otp.set
2025-04-30 04:45:22,118 - INFO - Successfully optimized E-Friday_01_standard.set -> E-Friday_01_otp.set
2025-04-30 04:45:22,120 - INFO - Successfully optimized E-Skoch-Open_01_standard.set -> E-Skoch-Open_01_otp.set
2025-04-30 04:45:22,122 - INFO - Successfully optimized e-Skoch-pending-orders_01_standard.set -> e-Skoch-pending-orders_01_otp.set
2025-04-30 04:45:22,124 - INFO - Successfully optimized e-Smart-Trailing_01_standard.set -> e-Smart-Trailing_01_otp.set
2025-04-30 04:45:22,125 - INFO - Successfully optimized e-TurboFx_01_standard.set -> e-TurboFx_01_otp.set
2025-04-30 04:45:22,128 - INFO - Successfully optimized EA-Close_01_standard.set -> EA-Close_01_otp.set
2025-04-30 04:45:22,130 - INFO - Successfully optimized EA-MA-Stoch-RSI_01_standard.set -> EA-MA-Stoch-RSI_01_otp.set
2025-04-30 04:45:22,132 - INFO - Successfully optimized EA-Moving-Average_01_standard.set -> EA-Moving-Average_01_otp.set
2025-04-30 04:45:22,134 - INFO - Successfully optimized Elite-eFibo-Trader_01_standard.set -> Elite-eFibo-Trader_01_otp.set
2025-04-30 04:45:22,137 - INFO - Successfully optimized EMA-6.12_01_standard.set -> EMA-6.12_01_otp.set
2025-04-30 04:45:22,138 - INFO - Successfully optimized EMA-CROSS_01_standard.set -> EMA-CROSS_01_otp.set
2025-04-30 04:45:22,141 - INFO - Successfully optimized EMA-LWMA-RSI_01_standard.set -> EMA-LWMA-RSI_01_otp.set
2025-04-30 04:45:22,143 - INFO - Successfully optimized EMA-RSI-EA_01_standard.set -> EMA-RSI-EA_01_otp.set
2025-04-30 04:45:22,145 - INFO - Successfully optimized EMA-WMA_01_standard.set -> EMA-WMA_01_otp.set
2025-04-30 04:45:22,147 - INFO - Successfully optimized EMA_01_standard.set -> EMA_01_otp.set
2025-04-30 04:45:22,149 - INFO - Successfully optimized Eugene_01_standard.set -> Eugene_01_otp.set
2025-04-30 04:45:22,151 - INFO - Successfully optimized eur-usd-m5_01_standard.set -> eur-usd-m5_01_otp.set
2025-04-30 04:45:22,153 - INFO - Successfully optimized EURUSD-breakout_01_standard.set -> EURUSD-breakout_01_otp.set
2025-04-30 04:45:22,155 - INFO - Successfully optimized Executer-AC_01_standard.set -> Executer-AC_01_otp.set
2025-04-30 04:45:22,157 - INFO - Successfully optimized Executor-AO_01_standard.set -> Executor-AO_01_otp.set
2025-04-30 04:45:22,159 - INFO - Successfully optimized Executor-Candles_01_standard.set -> Executor-Candles_01_otp.set
2025-04-30 04:45:22,161 - INFO - Successfully optimized exp-Amstell_01_standard.set -> exp-Amstell_01_otp.set
2025-04-30 04:45:22,163 - INFO - Successfully optimized Expert-NEWS_01_standard.set -> Expert-NEWS_01_otp.set
2025-04-30 04:45:22,165 - INFO - Successfully optimized Expert-RSI-Stochastic-MA_01_standard.set -> Expert-RSI-Stochastic-MA_01_otp.set
2025-04-30 04:45:22,167 - INFO - Successfully optimized ExtremePrice-EA_01_standard.set -> ExtremePrice-EA_01_otp.set
2025-04-30 04:45:22,169 - INFO - Successfully optimized FiboRetracement-20EA_01_standard.set -> FiboRetracement-20EA_01_otp.set
2025-04-30 04:45:22,172 - INFO - Successfully optimized Firebird_01_standard.set -> Firebird_01_otp.set
2025-04-30 04:45:22,174 - INFO - Successfully optimized Firestorm-EA_01_standard.set -> Firestorm-EA_01_otp.set
2025-04-30 04:45:22,177 - INFO - Successfully optimized Firestorm-indicator_01_standard.set -> Firestorm-indicator_01_otp.set
2025-04-30 04:45:22,180 - INFO - Successfully optimized Fluctuate_01_standard.set -> Fluctuate_01_otp.set
2025-04-30 04:45:22,182 - INFO - Successfully optimized Forex-Fraus-M1_01_standard.set -> Forex-Fraus-M1_01_otp.set
2025-04-30 04:45:22,185 - INFO - Successfully optimized Forex-Profit_01_standard.set -> Forex-Profit_01_otp.set
2025-04-30 04:45:22,188 - INFO - Successfully optimized Fractals-minimum-distance_01_standard.set -> Fractals-minimum-distance_01_otp.set
2025-04-30 04:45:22,191 - INFO - Successfully optimized Fraktrak-xonax_01_standard.set -> Fraktrak-xonax_01_otp.set
2025-04-30 04:45:22,192 - INFO - Successfully optimized Frank-Ud_01_standard.set -> Frank-Ud_01_otp.set
2025-04-30 04:45:22,195 - INFO - Successfully optimized FT-CCI_01_standard.set -> FT-CCI_01_otp.set
2025-04-30 04:45:22,197 - INFO - Successfully optimized Fuzzy-logic_01_standard.set -> Fuzzy-logic_01_otp.set
2025-04-30 04:45:22,200 - INFO - Successfully optimized GalacticExplosion_01_standard.set -> GalacticExplosion_01_otp.set
2025-04-30 04:45:22,203 - INFO - Successfully optimized Gandalf-PRO_01_standard.set -> Gandalf-PRO_01_otp.set
2025-04-30 04:45:22,205 - INFO - Successfully optimized Gap-DM_01_standard.set -> Gap-DM_01_otp.set
2025-04-30 04:45:22,207 - INFO - Successfully optimized GAP-EA_01_standard.set -> GAP-EA_01_otp.set
2025-04-30 04:45:22,210 - INFO - Successfully optimized Gaps_01_standard.set -> Gaps_01_otp.set
2025-04-30 04:45:22,212 - INFO - Successfully optimized GBP9AM_01_standard.set -> GBP9AM_01_otp.set
2025-04-30 04:45:22,214 - INFO - Successfully optimized GbpChf_01_standard.set -> GbpChf_01_otp.set
2025-04-30 04:45:22,217 - INFO - Successfully optimized Gold-Dust_01_standard.set -> Gold-Dust_01_otp.set
2025-04-30 04:45:22,219 - INFO - Successfully optimized GO_01_standard.set -> GO_01_otp.set
2025-04-30 04:45:22,222 - INFO - Successfully optimized GreenTrade_01_standard.set -> GreenTrade_01_otp.set
2025-04-30 04:45:22,225 - INFO - Successfully optimized Grid-Martingale_01_standard.set -> Grid-Martingale_01_otp.set
2025-04-30 04:45:22,228 - INFO - Successfully optimized GridEA_01_standard.set -> GridEA_01_otp.set
2025-04-30 04:45:22,230 - INFO - Successfully optimized Grid_01_standard.set -> Grid_01_otp.set
2025-04-30 04:45:22,233 - INFO - Successfully optimized HarVesteR_01_standard.set -> HarVesteR_01_otp.set
2025-04-30 04:45:22,235 - INFO - Successfully optimized HedgeEA_01_standard.set -> HedgeEA_01_otp.set
2025-04-30 04:45:22,237 - INFO - Successfully optimized hedger_01_standard.set -> hedger_01_otp.set
2025-04-30 04:45:22,240 - INFO - Successfully optimized Hedging-EA_01_standard.set -> Hedging-EA_01_otp.set
2025-04-30 04:45:22,243 - INFO - Successfully optimized Heiken-Ashi-Smoothed-EA-with-MA_01_standard.set -> Heiken-Ashi-Smoothed-EA-with-MA_01_otp.set
2025-04-30 04:45:22,251 - INFO - Successfully optimized Heiken-Ashi-Smoothed-EA_01_standard.set -> Heiken-Ashi-Smoothed-EA_01_otp.set
2025-04-30 04:45:22,273 - INFO - Successfully optimized heiken-ashi-smoothedLine_01_standard.set -> heiken-ashi-smoothedLine_01_otp.set
2025-04-30 04:45:22,283 - INFO - Successfully optimized heiken-ashi-smoothed_01_standard.set -> heiken-ashi-smoothed_01_otp.set
2025-04-30 04:45:22,295 - INFO - Successfully optimized HeikenAshi-Lines-EA_01_standard.set -> HeikenAshi-Lines-EA_01_otp.set
2025-04-30 04:45:22,303 - INFO - Successfully optimized HeikenAshi-Lines_01_standard.set -> HeikenAshi-Lines_01_otp.set
2025-04-30 04:45:22,313 - INFO - Successfully optimized Heinken-Ashi-Color-Candles_01_standard.set -> Heinken-Ashi-Color-Candles_01_otp.set
2025-04-30 04:45:22,322 - INFO - Successfully optimized HelloSmart_01_standard.set -> HelloSmart_01_otp.set
2025-04-30 04:45:22,332 - INFO - Successfully optimized High-Low-EA_01_standard.set -> High-Low-EA_01_otp.set
2025-04-30 04:45:22,344 - INFO - Successfully optimized High-Low-Indicator_01_standard.set -> High-Low-Indicator_01_otp.set
2025-04-30 04:45:22,351 - INFO - Successfully optimized Hoop-master-2_01_standard.set -> Hoop-master-2_01_otp.set
2025-04-30 04:45:22,354 - INFO - Successfully optimized iCCI-iMA_01_standard.set -> iCCI-iMA_01_otp.set
2025-04-30 04:45:22,357 - INFO - Successfully optimized ICH-With-Alert-Derekers-EA_01_standard.set -> ICH-With-Alert-Derekers-EA_01_otp.set
2025-04-30 04:45:22,360 - INFO - Successfully optimized ICH-With-Alert-Derekers_01_standard.set -> ICH-With-Alert-Derekers_01_otp.set
2025-04-30 04:45:22,366 - INFO - Successfully optimized ichimok2005_01_standard.set -> ichimok2005_01_otp.set
2025-04-30 04:45:22,371 - INFO - Successfully optimized Ichimoku-20Kijun-20Alert_01_standard.set -> Ichimoku-20Kijun-20Alert_01_otp.set
2025-04-30 04:45:22,377 - INFO - Successfully optimized Ichimoku-20Tenkan-20Alert_01_standard.set -> Ichimoku-20Tenkan-20Alert_01_otp.set
2025-04-30 04:45:22,381 - INFO - Successfully optimized Ichimoku-Scanner_01_standard.set -> Ichimoku-Scanner_01_otp.set
2025-04-30 04:45:22,385 - INFO - Successfully optimized Ichimoku-Signals-and-Alert_01_standard.set -> Ichimoku-Signals-and-Alert_01_otp.set
2025-04-30 04:45:22,389 - INFO - Successfully optimized IchimokuMTF-EA_01_standard.set -> IchimokuMTF-EA_01_otp.set
2025-04-30 04:45:22,408 - INFO - Successfully optimized Ichimoku_01_standard.set -> Ichimoku_01_otp.set
2025-04-30 04:45:22,414 - INFO - Successfully optimized Ilan-iMA_01_standard.set -> Ilan-iMA_01_otp.set
2025-04-30 04:45:22,442 - INFO - Successfully optimized Ilan1.4_01_standard.set -> Ilan1.4_01_otp.set
2025-04-30 04:45:22,450 - INFO - Successfully optimized iMA-iStdDev_01_standard.set -> iMA-iStdDev_01_otp.set
2025-04-30 04:45:22,454 - INFO - Successfully optimized Indices-Tester_01_standard.set -> Indices-Tester_01_otp.set
2025-04-30 04:45:22,460 - INFO - Successfully optimized Inka-20Edho-20EA_01_standard.set -> Inka-20Edho-20EA_01_otp.set
2025-04-30 04:45:22,464 - INFO - Successfully optimized Intersection-2-iMA_01_standard.set -> Intersection-2-iMA_01_otp.set
2025-04-30 04:45:22,468 - INFO - Successfully optimized IStochastic-Trading_01_standard.set -> IStochastic-Trading_01_otp.set
2025-04-30 04:45:22,471 - INFO - Successfully optimized Ivan_01_standard.set -> Ivan_01_otp.set
2025-04-30 04:45:22,476 - INFO - Successfully optimized iVIDyA-Simple_01_standard.set -> iVIDyA-Simple_01_otp.set
2025-04-30 04:45:22,482 - INFO - Successfully optimized Jackpot-Strategy-EA_01_standard.set -> Jackpot-Strategy-EA_01_otp.set
2025-04-30 04:45:22,485 - INFO - Successfully optimized JackPot-Strategy-Elite_01_standard.set -> JackPot-Strategy-Elite_01_otp.set
2025-04-30 04:45:22,495 - INFO - Successfully optimized JK-BullP-AutoTrader_01_standard.set -> JK-BullP-AutoTrader_01_otp.set
2025-04-30 04:45:22,500 - INFO - Successfully optimized JS-Chaos_01_standard.set -> JS-Chaos_01_otp.set
2025-04-30 04:45:22,506 - INFO - Successfully optimized JS-MA-Day_01_standard.set -> JS-MA-Day_01_otp.set
2025-04-30 04:45:22,512 - INFO - Successfully optimized JS-MA-SAR-Trades_01_standard.set -> JS-MA-SAR-Trades_01_otp.set
2025-04-30 04:45:22,517 - INFO - Successfully optimized KA-Gold-Bot_01_standard.set -> KA-Gold-Bot_01_otp.set
2025-04-30 04:45:22,521 - INFO - Successfully optimized Kue-Electric-EA_01_standard.set -> Kue-Electric-EA_01_otp.set
2025-04-30 04:45:22,524 - INFO - Successfully optimized KueFx-20Arrows_01_standard.set -> KueFx-20Arrows_01_otp.set
2025-04-30 04:45:22,530 - INFO - Successfully optimized KueFx-20Baseline_01_standard.set -> KueFx-20Baseline_01_otp.set
2025-04-30 04:45:22,535 - INFO - Successfully optimized KueFx-Arrows-20EA_01_standard.set -> KueFx-Arrows-20EA_01_otp.set
2025-04-30 04:45:22,540 - INFO - Successfully optimized KueFx-Arrows-EA_01_standard.set -> KueFx-Arrows-EA_01_otp.set
2025-04-30 04:45:22,544 - INFO - Successfully optimized KueFx-Arrows_01_standard.set -> KueFx-Arrows_01_otp.set
2025-04-30 04:45:22,547 - INFO - Successfully optimized KueFx-Baseline-EA_01_standard.set -> KueFx-Baseline-EA_01_otp.set
2025-04-30 04:45:22,550 - INFO - Successfully optimized KueFx-Baseline_01_standard.set -> KueFx-Baseline_01_otp.set
2025-04-30 04:45:22,555 - INFO - Successfully optimized KueFx-Clean-2025-EA_01_standard.set -> KueFx-Clean-2025-EA_01_otp.set
2025-04-30 04:45:22,559 - INFO - Successfully optimized KueFx-Extreme-EA_01_standard.set -> KueFx-Extreme-EA_01_otp.set
2025-04-30 04:45:22,563 - INFO - Successfully optimized KueFx-Harare-EA_01_standard.set -> KueFx-Harare-EA_01_otp.set
2025-04-30 04:45:22,566 - INFO - Successfully optimized KueFX-Money-Management_01_standard.set -> KueFX-Money-Management_01_otp.set
2025-04-30 04:45:22,570 - INFO - Successfully optimized KueFx-Motor-EA_01_standard.set -> KueFx-Motor-EA_01_otp.set
2025-04-30 04:45:22,572 - INFO - Successfully optimized KueFx-Motor_01_standard.set -> KueFx-Motor_01_otp.set
2025-04-30 04:45:22,576 - INFO - Successfully optimized KueFx-Trend_01_standard.set -> KueFx-Trend_01_otp.set
2025-04-30 04:45:22,580 - INFO - Successfully optimized KueFxTrend-20EA_01_standard.set -> KueFxTrend-20EA_01_otp.set
2025-04-30 04:45:22,586 - INFO - Successfully optimized KueFxTrend-EA_01_standard.set -> KueFxTrend-EA_01_otp.set
2025-04-30 04:45:22,589 - INFO - Successfully optimized LarryConnersRSI2_01_standard.set -> LarryConnersRSI2_01_otp.set
2025-04-30 04:45:22,591 - INFO - Successfully optimized Last-ZZ50_01_standard.set -> Last-ZZ50_01_otp.set
2025-04-30 04:45:22,595 - INFO - Successfully optimized Lavika100_01_standard.set -> Lavika100_01_otp.set
2025-04-30 04:45:22,599 - INFO - Successfully optimized LBS_01_standard.set -> LBS_01_otp.set
2025-04-30 04:45:22,602 - INFO - Successfully optimized Lego-EA_01_standard.set -> Lego-EA_01_otp.set
2025-04-30 04:45:22,606 - INFO - Successfully optimized Lesson-3-Price-Action_01_standard.set -> Lesson-3-Price-Action_01_otp.set
2025-04-30 04:45:22,609 - INFO - Successfully optimized Lesson-4-Price-Action-MA-Filter_01_standard.set -> Lesson-4-Price-Action-MA-Filter_01_otp.set
2025-04-30 04:45:22,615 - INFO - Successfully optimized Lesson-6-Trailling-ATR_01_standard.set -> Lesson-6-Trailling-ATR_01_otp.set
2025-04-30 04:45:22,619 - INFO - Successfully optimized Lesson-7-Price-action-Ket-hop-Volume-VSA_01_standard.set -> Lesson-7-Price-action-Ket-hop-Volume-VSA_01_otp.set
2025-04-30 04:45:22,622 - INFO - Successfully optimized Little-EA_01_standard.set -> Little-EA_01_otp.set
2025-04-30 04:45:22,626 - INFO - Successfully optimized Locker_01_standard.set -> Locker_01_otp.set
2025-04-30 04:45:22,630 - INFO - Successfully optimized Lock_01_standard.set -> Lock_01_otp.set
2025-04-30 04:45:22,632 - INFO - Successfully optimized Lucky_01_standard.set -> Lucky_01_otp.set
2025-04-30 04:45:22,635 - INFO - Successfully optimized MA-20Alert_01_standard.set -> MA-20Alert_01_otp.set
2025-04-30 04:45:22,638 - INFO - Successfully optimized MA-20AO-20Arrow_01_standard.set -> MA-20AO-20Arrow_01_otp.set
2025-04-30 04:45:22,643 - INFO - Successfully optimized MA-AO-EA_01_standard.set -> MA-AO-EA_01_otp.set
2025-04-30 04:45:22,645 - INFO - Successfully optimized ma-channels_01_standard.set -> ma-channels_01_otp.set
2025-04-30 04:45:22,648 - INFO - Successfully optimized MA-Cross_01_standard.set -> MA-Cross_01_otp.set
2025-04-30 04:45:22,650 - INFO - Successfully optimized MA-Envelopes_01_standard.set -> MA-Envelopes_01_otp.set
2025-04-30 04:45:22,653 - INFO - Successfully optimized MA-MACD-Position-averaging_01_standard.set -> MA-MACD-Position-averaging_01_otp.set
2025-04-30 04:45:22,656 - INFO - Successfully optimized MA-Trend_01_standard.set -> MA-Trend_01_otp.set
2025-04-30 04:45:22,658 - INFO - Successfully optimized MA2CCI_01_standard.set -> MA2CCI_01_otp.set
2025-04-30 04:45:22,660 - INFO - Successfully optimized MACD-and-SAR_01_standard.set -> MACD-and-SAR_01_otp.set
2025-04-30 04:45:22,662 - INFO - Successfully optimized MACD-Cleaner_01_standard.set -> MACD-Cleaner_01_otp.set
2025-04-30 04:45:22,665 - INFO - Successfully optimized MACD-EA-H4_01_standard.set -> MACD-EA-H4_01_otp.set
2025-04-30 04:45:22,667 - INFO - Successfully optimized MACD-No-Sample_01_standard.set -> MACD-No-Sample_01_otp.set
2025-04-30 04:45:22,670 - INFO - Successfully optimized MACD-signal_01_standard.set -> MACD-signal_01_otp.set
2025-04-30 04:45:22,672 - INFO - Successfully optimized MACD-Stochastic-2_01_standard.set -> MACD-Stochastic-2_01_otp.set
2025-04-30 04:45:22,675 - INFO - Successfully optimized MACD-Stochastic_01_standard.set -> MACD-Stochastic_01_otp.set
2025-04-30 04:45:22,677 - INFO - Successfully optimized MACDCCI_01_standard.set -> MACDCCI_01_otp.set
2025-04-30 04:45:22,680 - INFO - Successfully optimized MacdPatternTraderAll0.01_01_standard.set -> MacdPatternTraderAll0.01_01_otp.set
2025-04-30 04:45:22,684 - INFO - Successfully optimized MacdPatternTraderAll_01_standard.set -> MacdPatternTraderAll_01_otp.set
2025-04-30 04:45:22,686 - INFO - Successfully optimized MACD_01_standard.set -> MACD_01_otp.set
2025-04-30 04:45:22,688 - INFO - Successfully optimized MAGrid_01_standard.set -> MAGrid_01_otp.set
2025-04-30 04:45:22,690 - INFO - Successfully optimized MAMACD_01_standard.set -> MAMACD_01_otp.set
2025-04-30 04:45:22,692 - INFO - Successfully optimized Market-Capture_01_standard.set -> Market-Capture_01_otp.set
2025-04-30 04:45:22,695 - INFO - Successfully optimized Martin-1_01_standard.set -> Martin-1_01_otp.set
2025-04-30 04:45:22,697 - INFO - Successfully optimized Martin-for-small-deposits_01_standard.set -> Martin-for-small-deposits_01_otp.set
2025-04-30 04:45:22,699 - INFO - Successfully optimized MartingailExpert_01_standard.set -> MartingailExpert_01_otp.set
2025-04-30 04:45:22,701 - INFO - Successfully optimized MartinGaleBreakout_01_standard.set -> MartinGaleBreakout_01_otp.set
2025-04-30 04:45:22,704 - INFO - Successfully optimized Martin_01_standard.set -> Martin_01_otp.set
2025-04-30 04:45:22,706 - INFO - Successfully optimized Marubozu-EA_01_standard.set -> Marubozu-EA_01_otp.set
2025-04-30 04:45:22,708 - INFO - Successfully optimized Marubozu_01_standard.set -> Marubozu_01_otp.set
2025-04-30 04:45:22,710 - INFO - Successfully optimized MelBar-EuSwiss-1.85_01_standard.set -> MelBar-EuSwiss-1.85_01_otp.set
2025-04-30 04:45:22,712 - INFO - Successfully optimized MelBar™Take325-™-5.5Y-NZD-USD_01_standard.set -> MelBar™Take325-™-5.5Y-NZD-USD_01_otp.set
2025-04-30 04:45:22,714 - INFO - Successfully optimized Mobo-Bands-EA_01_standard.set -> Mobo-Bands-EA_01_otp.set
2025-04-30 04:45:22,716 - INFO - Successfully optimized Mobo-Bands_01_standard.set -> Mobo-Bands_01_otp.set
2025-04-30 04:45:22,718 - INFO - Successfully optimized Modified-Moving-Averages_01_standard.set -> Modified-Moving-Averages_01_otp.set
2025-04-30 04:45:22,720 - INFO - Successfully optimized Momentum-M15_01_standard.set -> Momentum-M15_01_otp.set
2025-04-30 04:45:22,723 - INFO - Successfully optimized Momo-trades_01_standard.set -> Momo-trades_01_otp.set
2025-04-30 04:45:22,725 - INFO - Successfully optimized Money-Fixed-Margin_01_standard.set -> Money-Fixed-Margin_01_otp.set
2025-04-30 04:45:22,727 - INFO - Successfully optimized Money-Fixed-Risk_01_standard.set -> Money-Fixed-Risk_01_otp.set
2025-04-30 04:45:22,730 - INFO - Successfully optimized MoneyRain_01_standard.set -> MoneyRain_01_otp.set
2025-04-30 04:45:22,732 - INFO - Successfully optimized Morning-evening-star-EA_01_standard.set -> Morning-evening-star-EA_01_otp.set
2025-04-30 04:45:22,734 - INFO - Successfully optimized MostasHaR15-Pivot_01_standard.set -> MostasHaR15-Pivot_01_otp.set
2025-04-30 04:45:22,738 - INFO - Successfully optimized Moving-20average-20and-20ichimoku-20EA_01_standard.set -> Moving-20average-20and-20ichimoku-20EA_01_otp.set
2025-04-30 04:45:22,740 - INFO - Successfully optimized Moving-Average-Trade-System_01_standard.set -> Moving-Average-Trade-System_01_otp.set
2025-04-30 04:45:22,742 - INFO - Successfully optimized Moving-Averages_01_standard.set -> Moving-Averages_01_otp.set
2025-04-30 04:45:22,744 - INFO - Successfully optimized MovingAverageMartinGale_01_standard.set -> MovingAverageMartinGale_01_otp.set
2025-04-30 04:45:22,747 - INFO - Successfully optimized MovingAverage_01_standard.set -> MovingAverage_01_otp.set
2025-04-30 04:45:22,749 - INFO - Successfully optimized MQL5-Wizard-MA-RSI_01_standard.set -> MQL5-Wizard-MA-RSI_01_otp.set
2025-04-30 04:45:22,752 - INFO - Successfully optimized MQL5-Wizard-MACD-Parabolic-SAR_01_standard.set -> MQL5-Wizard-MACD-Parabolic-SAR_01_otp.set
2025-04-30 04:45:22,754 - INFO - Successfully optimized MTC-Сombo_01_standard.set -> MTC-Сombo_01_otp.set
2025-04-30 04:45:22,756 - INFO - Successfully optimized Multi-Stochastic_01_standard.set -> Multi-Stochastic_01_otp.set
2025-04-30 04:45:22,759 - INFO - Successfully optimized MultiMartin_01_standard.set -> MultiMartin_01_otp.set
2025-04-30 04:45:22,761 - INFO - Successfully optimized MySystem_01_standard.set -> MySystem_01_otp.set
2025-04-30 04:45:22,763 - INFO - Successfully optimized N-Candles_01_standard.set -> N-Candles_01_otp.set
2025-04-30 04:45:22,765 - INFO - Successfully optimized Nevalyashka-BreakdownLevel_01_standard.set -> Nevalyashka-BreakdownLevel_01_otp.set
2025-04-30 04:45:22,768 - INFO - Successfully optimized Nevalyashka3-1_01_standard.set -> Nevalyashka3-1_01_otp.set
2025-04-30 04:45:22,770 - INFO - Successfully optimized Nevalyashka_01_standard.set -> Nevalyashka_01_otp.set
2025-04-30 04:45:22,772 - INFO - Successfully optimized New-Martin_01_standard.set -> New-Martin_01_otp.set
2025-04-30 04:45:22,774 - INFO - Successfully optimized New-Random_01_standard.set -> New-Random_01_otp.set
2025-04-30 04:45:22,777 - INFO - Successfully optimized Nextbar_01_standard.set -> Nextbar_01_otp.set
2025-04-30 04:45:22,779 - INFO - Successfully optimized Night-Flat-Trade_01_standard.set -> Night-Flat-Trade_01_otp.set
2025-04-30 04:45:22,782 - INFO - Successfully optimized NightScalper_01_standard.set -> NightScalper_01_otp.set
2025-04-30 04:45:22,784 - INFO - Successfully optimized NRTR-Revers_01_standard.set -> NRTR-Revers_01_otp.set
2025-04-30 04:45:22,786 - INFO - Successfully optimized NUp1Down_01_standard.set -> NUp1Down_01_otp.set
2025-04-30 04:45:22,788 - INFO - Successfully optimized Open-Candle-EA_01_standard.set -> Open-Candle-EA_01_otp.set
2025-04-30 04:45:22,790 - INFO - Successfully optimized Open-Close_01_standard.set -> Open-Close_01_otp.set
2025-04-30 04:45:22,792 - INFO - Successfully optimized Opening-and-ilosing-on-time_01_standard.set -> Opening-and-ilosing-on-time_01_otp.set
2025-04-30 04:45:22,793 - INFO - Successfully optimized Opening-and-Сlosing-on-time_01_standard.set -> Opening-and-Сlosing-on-time_01_otp.set
2025-04-30 04:45:22,796 - INFO - Successfully optimized OpenPendingorderAfterPositionGetStopLoss_01_standard.set -> OpenPendingorderAfterPositionGetStopLoss_01_otp.set
2025-04-30 04:45:22,798 - INFO - Successfully optimized OpenTicks_01_standard.set -> OpenTicks_01_otp.set
2025-04-30 04:45:22,801 - INFO - Successfully optimized ORB-EA-BOX_01_standard.set -> ORB-EA-BOX_01_otp.set
2025-04-30 04:45:22,803 - INFO - Successfully optimized OsMaSter_01_standard.set -> OsMaSter_01_otp.set
2025-04-30 04:45:22,806 - INFO - Successfully optimized OTT-20AND-20PRICE-20CROSS-20EA_01_standard.set -> OTT-20AND-20PRICE-20CROSS-20EA_01_otp.set
2025-04-30 04:45:22,808 - INFO - Successfully optimized OverHedge_01_standard.set -> OverHedge_01_otp.set
2025-04-30 04:45:22,811 - INFO - Successfully optimized OzFx_01_standard.set -> OzFx_01_otp.set
2025-04-30 04:45:22,813 - INFO - Successfully optimized Parabolic-SAR_01_standard.set -> Parabolic-SAR_01_otp.set
2025-04-30 04:45:22,815 - INFO - Successfully optimized PARSI-EA_01_standard.set -> PARSI-EA_01_otp.set
2025-04-30 04:45:22,817 - INFO - Successfully optimized Peceptron-Mult_01_standard.set -> Peceptron-Mult_01_otp.set
2025-04-30 04:45:22,819 - INFO - Successfully optimized Pending-orders-by-time-2_01_standard.set -> Pending-orders-by-time-2_01_otp.set
2025-04-30 04:45:22,821 - INFO - Successfully optimized Pending-orders-by-time_01_standard.set -> Pending-orders-by-time_01_otp.set
2025-04-30 04:45:22,823 - INFO - Successfully optimized Pendulum_01_standard.set -> Pendulum_01_otp.set
2025-04-30 04:45:22,824 - INFO - Successfully optimized Pinball-machine_01_standard.set -> Pinball-machine_01_otp.set
2025-04-30 04:45:22,827 - INFO - Successfully optimized Pinbar-Magic-EA_01_standard.set -> Pinbar-Magic-EA_01_otp.set
2025-04-30 04:45:22,829 - INFO - Successfully optimized PinBar-Magic-Indicator_01_standard.set -> PinBar-Magic-Indicator_01_otp.set
2025-04-30 04:45:22,831 - INFO - Successfully optimized Pipsover_01_standard.set -> Pipsover_01_otp.set
2025-04-30 04:45:22,833 - INFO - Successfully optimized Plan-X_01_standard.set -> Plan-X_01_otp.set
2025-04-30 04:45:22,834 - INFO - Successfully optimized Plateau_01_standard.set -> Plateau_01_otp.set
2025-04-30 04:45:22,836 - INFO - Successfully optimized Poker-SHOW_01_standard.set -> Poker-SHOW_01_otp.set
2025-04-30 04:45:22,838 - INFO - Successfully optimized Precipice-MartIn_01_standard.set -> Precipice-MartIn_01_otp.set
2025-04-30 04:45:22,840 - INFO - Successfully optimized Precipice_01_standard.set -> Precipice_01_otp.set
2025-04-30 04:45:22,843 - INFO - Successfully optimized Probe_01_standard.set -> Probe_01_otp.set
2025-04-30 04:45:22,844 - INFO - Successfully optimized Proffessor_01_standard.set -> Proffessor_01_otp.set
2025-04-30 04:45:22,847 - INFO - Successfully optimized PropFirmHelper_01_standard.set -> PropFirmHelper_01_otp.set
2025-04-30 04:45:22,849 - INFO - Successfully optimized PROphet_01_standard.set -> PROphet_01_otp.set
2025-04-30 04:45:22,851 - INFO - Successfully optimized Puria-method_01_standard.set -> Puria-method_01_otp.set
2025-04-30 04:45:22,853 - INFO - Successfully optimized Rabbit3_01_standard.set -> Rabbit3_01_otp.set
2025-04-30 04:45:22,855 - INFO - Successfully optimized Range-Breakout_01_standard.set -> Range-Breakout_01_otp.set
2025-04-30 04:45:22,857 - INFO - Successfully optimized Rapid-Doji-EA_01_standard.set -> Rapid-Doji-EA_01_otp.set
2025-04-30 04:45:22,860 - INFO - Successfully optimized Raymond-Cloudy-Day-for-EA_01_standard.set -> Raymond-Cloudy-Day-for-EA_01_otp.set
2025-04-30 04:45:22,862 - INFO - Successfully optimized Reflex-EA_01_standard.set -> Reflex-EA_01_otp.set
2025-04-30 04:45:22,864 - INFO - Successfully optimized REFLEX-INDICATOR_01_standard.set -> REFLEX-INDICATOR_01_otp.set
2025-04-30 04:45:22,866 - INFO - Successfully optimized Reflex_01_standard.set -> Reflex_01_otp.set
2025-04-30 04:45:22,869 - INFO - Successfully optimized Reversing-Martingale_01_standard.set -> Reversing-Martingale_01_otp.set
2025-04-30 04:45:22,872 - INFO - Successfully optimized RideAlligator_01_standard.set -> RideAlligator_01_otp.set
2025-04-30 04:45:22,874 - INFO - Successfully optimized RNN_01_standard.set -> RNN_01_otp.set
2025-04-30 04:45:22,876 - INFO - Successfully optimized Robot-MACD_01_standard.set -> Robot-MACD_01_otp.set
2025-04-30 04:45:22,878 - INFO - Successfully optimized RobotPowerM5-meta4_01_standard.set -> RobotPowerM5-meta4_01_otp.set
2025-04-30 04:45:22,880 - INFO - Successfully optimized Rollback-system_01_standard.set -> Rollback-system_01_otp.set
2025-04-30 04:45:22,883 - INFO - Successfully optimized RSI-and-Bollinger-Bands_01_standard.set -> RSI-and-Bollinger-Bands_01_otp.set
2025-04-30 04:45:22,886 - INFO - Successfully optimized RSI-Arrow-EA_01_standard.set -> RSI-Arrow-EA_01_otp.set
2025-04-30 04:45:22,889 - INFO - Successfully optimized RSI-Arrow_01_standard.set -> RSI-Arrow_01_otp.set
2025-04-30 04:45:22,891 - INFO - Successfully optimized RSI-EA_01_standard.set -> RSI-EA_01_otp.set
2025-04-30 04:45:22,893 - INFO - Successfully optimized RSI-Eraser_01_standard.set -> RSI-Eraser_01_otp.set
2025-04-30 04:45:22,896 - INFO - Successfully optimized RSI-Expert_01_standard.set -> RSI-Expert_01_otp.set
2025-04-30 04:45:22,898 - INFO - Successfully optimized RSI-Levels_01_standard.set -> RSI-Levels_01_otp.set
2025-04-30 04:45:22,900 - INFO - Successfully optimized RSI-trader_01_standard.set -> RSI-trader_01_otp.set
2025-04-30 04:45:22,903 - INFO - Successfully optimized RSI-Trend-EA_01_standard.set -> RSI-Trend-EA_01_otp.set
2025-04-30 04:45:22,906 - INFO - Successfully optimized RSI-Trend_01_standard.set -> RSI-Trend_01_otp.set
2025-04-30 04:45:22,909 - INFO - Successfully optimized RSI-with-channels-EA_01_standard.set -> RSI-with-channels-EA_01_otp.set
2025-04-30 04:45:22,911 - INFO - Successfully optimized RSI-with-channels_01_standard.set -> RSI-with-channels_01_otp.set
2025-04-30 04:45:22,913 - INFO - Successfully optimized Russian20-hp1_01_standard.set -> Russian20-hp1_01_otp.set
2025-04-30 04:45:22,915 - INFO - Successfully optimized SampleCheckPendingOrder_01_standard.set -> SampleCheckPendingOrder_01_otp.set
2025-04-30 04:45:22,917 - INFO - Successfully optimized SAR-trading_01_standard.set -> SAR-trading_01_otp.set
2025-04-30 04:45:22,919 - INFO - Successfully optimized Secwenta_01_standard.set -> Secwenta_01_otp.set
2025-04-30 04:45:22,921 - INFO - Successfully optimized Sell-Stop_01_standard.set -> Sell-Stop_01_otp.set
2025-04-30 04:45:22,922 - INFO - Successfully optimized Sensitive_01_standard.set -> Sensitive_01_otp.set
2025-04-30 04:45:22,924 - INFO - Successfully optimized Separate-trade_01_standard.set -> Separate-trade_01_otp.set
2025-04-30 04:45:22,926 - INFO - Successfully optimized SilverTrend_01_standard.set -> SilverTrend_01_otp.set
2025-04-30 04:45:22,928 - INFO - Successfully optimized Simple-20Price-20Alert-20-20EA_01_standard.set -> Simple-20Price-20Alert-20-20EA_01_otp.set
2025-04-30 04:45:22,930 - INFO - Successfully optimized Simple-20Volume-20EA_01_standard.set -> Simple-20Volume-20EA_01_otp.set
2025-04-30 04:45:22,932 - INFO - Successfully optimized Simple-EA-MA-plus-MACD_01_standard.set -> Simple-EA-MA-plus-MACD_01_otp.set
2025-04-30 04:45:22,933 - INFO - Successfully optimized Simple-FX_01_standard.set -> Simple-FX_01_otp.set
2025-04-30 04:45:22,935 - INFO - Successfully optimized Simple-MACD_01_standard.set -> Simple-MACD_01_otp.set
2025-04-30 04:45:22,938 - INFO - Successfully optimized Simple-Volume-EA_01_standard.set -> Simple-Volume-EA_01_otp.set
2025-04-30 04:45:22,940 - INFO - Successfully optimized SimplePivot_01_standard.set -> SimplePivot_01_otp.set
2025-04-30 04:45:22,942 - INFO - Successfully optimized Simplest-Hedging-EA-ever_01_standard.set -> Simplest-Hedging-EA-ever_01_otp.set
2025-04-30 04:45:22,944 - INFO - Successfully optimized SimpleTrade _01_standard.set -> SimpleTrade _01_otp.set
2025-04-30 04:45:22,947 - INFO - Successfully optimized Six-Soldiers-EA-Grid_01_standard.set -> Six-Soldiers-EA-Grid_01_otp.set
2025-04-30 04:45:22,950 - INFO - Successfully optimized Six-Soldiers-EA_01_standard.set -> Six-Soldiers-EA_01_otp.set
2025-04-30 04:45:22,952 - INFO - Successfully optimized Six-Soldiers_01_standard.set -> Six-Soldiers_01_otp.set
2025-04-30 04:45:22,954 - INFO - Successfully optimized Small-Inside-Bar-Strategy_01_standard.set -> Small-Inside-Bar-Strategy_01_otp.set
2025-04-30 04:45:22,957 - INFO - Successfully optimized Smart-Machine-20EA_01_standard.set -> Smart-Machine-20EA_01_otp.set
2025-04-30 04:45:22,958 - INFO - Successfully optimized Smoothing-Average_01_standard.set -> Smoothing-Average_01_otp.set
2025-04-30 04:45:22,960 - INFO - Successfully optimized Spasm_01_standard.set -> Spasm_01_otp.set
2025-04-30 04:45:22,962 - INFO - Successfully optimized ssb5-123_01_standard.set -> ssb5-123_01_otp.set
2025-04-30 04:45:22,964 - INFO - Successfully optimized Starter_01_standard.set -> Starter_01_otp.set
2025-04-30 04:45:22,966 - INFO - Successfully optimized Steve-Cartwright-Trader-Camel-CCI-MACD_01_standard.set -> Steve-Cartwright-Trader-Camel-CCI-MACD_01_otp.set
2025-04-30 04:45:22,968 - INFO - Successfully optimized Stoch-EA-1192_01_standard.set -> Stoch-EA-1192_01_otp.set
2025-04-30 04:45:22,970 - INFO - Successfully optimized Stochastic-20Alert_01_standard.set -> Stochastic-20Alert_01_otp.set
2025-04-30 04:45:22,971 - INFO - Successfully optimized Stochastic-K-Divergence.lua_01_standard.set -> Stochastic-K-Divergence.lua_01_otp.set
2025-04-30 04:45:22,973 - INFO - Successfully optimized stochastic-three-periods_01_standard.set -> stochastic-three-periods_01_otp.set
2025-04-30 04:45:22,975 - INFO - Successfully optimized StochasticDiffSign-EA_01_standard.set -> StochasticDiffSign-EA_01_otp.set
2025-04-30 04:45:22,976 - INFO - Successfully optimized stochasticdiffsign_01_standard.set -> stochasticdiffsign_01_otp.set
2025-04-30 04:45:22,979 - INFO - Successfully optimized StochMA-EA_01_standard.set -> StochMA-EA_01_otp.set
2025-04-30 04:45:22,981 - INFO - Successfully optimized StochMA_01_standard.set -> StochMA_01_otp.set
2025-04-30 04:45:22,982 - INFO - Successfully optimized Stoch_01_standard.set -> Stoch_01_otp.set
2025-04-30 04:45:22,984 - INFO - Successfully optimized Stop-Loss-Take-Profit_01_standard.set -> Stop-Loss-Take-Profit_01_otp.set
2025-04-30 04:45:22,986 - INFO - Successfully optimized StraddleqTrail_01_standard.set -> StraddleqTrail_01_otp.set
2025-04-30 04:45:22,988 - INFO - Successfully optimized Surefirething_01_standard.set -> Surefirething_01_otp.set
2025-04-30 04:45:22,989 - INFO - Successfully optimized TDSGlobal_01_standard.set -> TDSGlobal_01_otp.set
2025-04-30 04:45:22,991 - INFO - Successfully optimized The-MasterMind-2_01_standard.set -> The-MasterMind-2_01_otp.set
2025-04-30 04:45:22,993 - INFO - Successfully optimized The-MasterMind-3_01_standard.set -> The-MasterMind-3_01_otp.set
2025-04-30 04:45:22,995 - INFO - Successfully optimized The-MasterMind_01_standard.set -> The-MasterMind_01_otp.set
2025-04-30 04:45:22,996 - INFO - Successfully optimized The-Puncher_01_standard.set -> The-Puncher_01_otp.set
2025-04-30 04:45:22,998 - INFO - Successfully optimized TheClassicTurtleTrader-no-dots-EA_01_standard.set -> TheClassicTurtleTrader-no-dots-EA_01_otp.set
2025-04-30 04:45:22,999 - INFO - Successfully optimized TheClassicTurtleTrader-no-dots_01_standard.set -> TheClassicTurtleTrader-no-dots_01_otp.set
2025-04-30 04:45:23,001 - INFO - Successfully optimized Three-indicators_01_standard.set -> Three-indicators_01_otp.set
2025-04-30 04:45:23,003 - INFO - Successfully optimized Three-neural-networks_01_standard.set -> Three-neural-networks_01_otp.set
2025-04-30 04:45:23,004 - INFO - Successfully optimized Three-timeframes_01_standard.set -> Three-timeframes_01_otp.set
2025-04-30 04:45:23,006 - INFO - Successfully optimized Three-Typical-Candles_01_standard.set -> Three-Typical-Candles_01_otp.set
2025-04-30 04:45:23,008 - INFO - Successfully optimized Time-sync-forts_01_standard.set -> Time-sync-forts_01_otp.set
2025-04-30 04:45:23,010 - INFO - Successfully optimized timer-trade_01_standard.set -> timer-trade_01_otp.set
2025-04-30 04:45:23,012 - INFO - Successfully optimized TMA-ATR-Channel_01_standard.set -> TMA-ATR-Channel_01_otp.set
2025-04-30 04:45:23,014 - INFO - Successfully optimized TMA-ATR-EA_01_standard.set -> TMA-ATR-EA_01_otp.set
2025-04-30 04:45:23,016 - INFO - Successfully optimized TMA-CG-EA_01_standard.set -> TMA-CG-EA_01_otp.set
2025-04-30 04:45:23,019 - INFO - Successfully optimized TMA-CG-Martingale-20EA_01_standard.set -> TMA-CG-Martingale-20EA_01_otp.set
2025-04-30 04:45:23,021 - INFO - Successfully optimized TMA-CG-mladen_01_standard.set -> TMA-CG-mladen_01_otp.set
2025-04-30 04:45:23,022 - INFO - Successfully optimized TMA-CG-special_01_standard.set -> TMA-CG-special_01_otp.set
2025-04-30 04:45:23,024 - INFO - Successfully optimized TMA-slope-bands_01_standard.set -> TMA-slope-bands_01_otp.set
2025-04-30 04:45:23,026 - INFO - Successfully optimized TmaTrue-2.0-with-Distances-6xx_01_standard.set -> TmaTrue-2.0-with-Distances-6xx_01_otp.set
2025-04-30 04:45:23,028 - INFO - Successfully optimized TmaTrue-3.0-with-Distances-6xx_01_standard.set -> TmaTrue-3.0-with-Distances-6xx_01_otp.set
2025-04-30 04:45:23,030 - INFO - Successfully optimized TP-with-money_01_standard.set -> TP-with-money_01_otp.set
2025-04-30 04:45:23,031 - INFO - Successfully optimized Trade-in-Channel_01_standard.set -> Trade-in-Channel_01_otp.set
2025-04-30 04:45:23,033 - INFO - Successfully optimized Trade-on-qualified-RSI_01_standard.set -> Trade-on-qualified-RSI_01_otp.set
2025-04-30 04:45:23,035 - INFO - Successfully optimized Trading-Breakout-MrThanhTan_01_standard.set -> Trading-Breakout-MrThanhTan_01_otp.set
2025-04-30 04:45:23,037 - INFO - Successfully optimized Trend-Trader-Strategy-EA_01_standard.set -> Trend-Trader-Strategy-EA_01_otp.set
2025-04-30 04:45:23,039 - INFO - Successfully optimized Trend-Trader-Strategy_01_standard.set -> Trend-Trader-Strategy_01_otp.set
2025-04-30 04:45:23,041 - INFO - Successfully optimized Tru-EA_01_standard.set -> Tru-EA_01_otp.set
2025-04-30 04:45:23,043 - INFO - Successfully optimized True-Scalper-Profit-Lock_01_standard.set -> True-Scalper-Profit-Lock_01_otp.set
2025-04-30 04:45:23,045 - INFO - Successfully optimized TrueSort-1100_01_standard.set -> TrueSort-1100_01_otp.set
2025-04-30 04:45:23,046 - INFO - Successfully optimized Tunnel-gen4_01_standard.set -> Tunnel-gen4_01_otp.set
2025-04-30 04:45:23,048 - INFO - Successfully optimized Tunnel-Method_01_standard.set -> Tunnel-Method_01_otp.set
2025-04-30 04:45:23,050 - INFO - Successfully optimized TurnGrid_01_standard.set -> TurnGrid_01_otp.set
2025-04-30 04:45:23,051 - INFO - Successfully optimized Two PerBar _01_standard.set -> Two PerBar _01_otp.set
2025-04-30 04:45:23,053 - INFO - Successfully optimized Two-20MA-20RSI-20ADX-20EA_01_standard.set -> Two-20MA-20RSI-20ADX-20EA_01_otp.set
2025-04-30 04:45:23,055 - INFO - Successfully optimized Two-20Orders-20Panel_01_standard.set -> Two-20Orders-20Panel_01_otp.set
2025-04-30 04:45:23,057 - INFO - Successfully optimized Two-pending-orders-2_01_standard.set -> Two-pending-orders-2_01_otp.set
2025-04-30 04:45:23,059 - INFO - Successfully optimized UnityPro_01_standard.set -> UnityPro_01_otp.set
2025-04-30 04:45:23,061 - INFO - Successfully optimized UniversalMACrossEA_01_standard.set -> UniversalMACrossEA_01_otp.set
2025-04-30 04:45:23,063 - INFO - Successfully optimized UniversalSignalDemo_01_standard.set -> UniversalSignalDemo_01_otp.set
2025-04-30 04:45:23,065 - INFO - Successfully optimized Universum-3.0_01_standard.set -> Universum-3.0_01_otp.set
2025-04-30 04:45:23,067 - INFO - Successfully optimized UnNomGuai-20EA_01_standard.set -> UnNomGuai-20EA_01_otp.set
2025-04-30 04:45:23,068 - INFO - Successfully optimized up3x1-Investor_01_standard.set -> up3x1-Investor_01_otp.set
2025-04-30 04:45:23,070 - INFO - Successfully optimized up3x1-premium-M_01_standard.set -> up3x1-premium-M_01_otp.set
2025-04-30 04:45:23,072 - INFO - Successfully optimized up3x1_01_standard.set -> up3x1_01_otp.set
2025-04-30 04:45:23,073 - INFO - Successfully optimized Urdala-Trol_01_standard.set -> Urdala-Trol_01_otp.set
2025-04-30 04:45:23,075 - INFO - Successfully optimized Very-Blonde-System_01_standard.set -> Very-Blonde-System_01_otp.set
2025-04-30 04:45:23,077 - INFO - Successfully optimized Virtual-Trailing-Stop_01_standard.set -> Virtual-Trailing-Stop_01_otp.set
2025-04-30 04:45:23,079 - INFO - Successfully optimized VLT-TRADER_01_standard.set -> VLT-TRADER_01_otp.set
2025-04-30 04:45:23,080 - INFO - Successfully optimized Volume-trader_01_standard.set -> Volume-trader_01_otp.set
2025-04-30 04:45:23,082 - INFO - Successfully optimized Vortex-Indicator-System_01_standard.set -> Vortex-Indicator-System_01_otp.set
2025-04-30 04:45:23,083 - INFO - Successfully optimized VR-Overturn_01_standard.set -> VR-Overturn_01_otp.set
2025-04-30 04:45:23,086 - INFO - Successfully optimized VR-ZVER-v.2_01_standard.set -> VR-ZVER-v.2_01_otp.set
2025-04-30 04:45:23,088 - INFO - Successfully optimized VR-ZVER_01_standard.set -> VR-ZVER_01_otp.set
2025-04-30 04:45:23,089 - INFO - Successfully optimized VZO_01_standard.set -> VZO_01_otp.set
2025-04-30 04:45:23,091 - INFO - Successfully optimized Waddah-Attar-Win_01_standard.set -> Waddah-Attar-Win_01_otp.set
2025-04-30 04:45:23,093 - INFO - Successfully optimized WE-TRUST_01_standard.set -> WE-TRUST_01_otp.set
2025-04-30 04:45:23,095 - INFO - Successfully optimized X-RSIOMA_01_standard.set -> X-RSIOMA_01_otp.set
2025-04-30 04:45:23,096 - INFO - Successfully optimized Yesterday-Today_01_standard.set -> Yesterday-Today_01_otp.set
2025-04-30 04:45:23,098 - INFO - Successfully optimized 10-pips-EURUSD_01_standard.set -> 10-pips-EURUSD_01_otp.set
2025-04-30 04:45:23,100 - INFO - Successfully optimized 10-pips_01_standard.set -> 10-pips_01_otp.set
2025-04-30 04:45:23,102 - INFO - Successfully optimized 1H-EUR-USD_01_standard.set -> 1H-EUR-USD_01_otp.set
2025-04-30 04:45:23,104 - INFO - Successfully optimized 20011201-GBPUSD-M1_01_standard.set -> 20011201-GBPUSD-M1_01_otp.set
2025-04-30 04:45:23,106 - INFO - Successfully optimized 21hour_01_standard.set -> 21hour_01_otp.set
2025-04-30 04:45:23,108 - INFO - Successfully optimized 2HR-HL_01_standard.set -> 2HR-HL_01_otp.set
2025-04-30 04:45:23,109 - INFO - Successfully optimized 2MA-4Level_01_standard.set -> 2MA-4Level_01_otp.set
2025-04-30 04:45:23,111 - INFO - Successfully optimized 2MA-Bunny-Cross_01_standard.set -> 2MA-Bunny-Cross_01_otp.set
2025-04-30 04:45:23,113 - INFO - Successfully optimized 3-bars-high-low-indicator_01_standard.set -> 3-bars-high-low-indicator_01_otp.set
2025-04-30 04:45:23,114 - INFO - Successfully optimized 35-Pip-Scalper_01_standard.set -> 35-Pip-Scalper_01_otp.set
2025-04-30 04:45:23,116 - INFO - Successfully optimized 3BarsHighLowEA_01_standard.set -> 3BarsHighLowEA_01_otp.set
2025-04-30 04:45:23,118 - INFO - Successfully optimized 3sma_01_standard.set -> 3sma_01_otp.set
2025-04-30 04:45:23,120 - INFO - Successfully optimized 500_01_standard.set -> 500_01_otp.set
2025-04-30 04:45:23,122 - INFO - Successfully optimized 55-MA_01_standard.set -> 55-MA_01_otp.set
2025-04-30 04:45:23,124 - INFO - Successfully optimized Above-Below-MA_01_standard.set -> Above-Below-MA_01_otp.set
2025-04-30 04:45:23,126 - INFO - Successfully optimized Absorption_01_standard.set -> Absorption_01_otp.set
2025-04-30 04:45:23,128 - INFO - Successfully optimized ADX-MACD-Deev_01_standard.set -> ADX-MACD-Deev_01_otp.set
2025-04-30 04:45:23,130 - INFO - Successfully optimized ADX-MA_01_standard.set -> ADX-MA_01_otp.set
2025-04-30 04:45:23,131 - INFO - Successfully optimized ADX-System_01_standard.set -> ADX-System_01_otp.set
2025-04-30 04:45:23,133 - INFO - Successfully optimized AIS1_01_standard.set -> AIS1_01_otp.set
2025-04-30 04:45:23,135 - INFO - Successfully optimized Alexav-D1-Profit-GBPUSD_01_standard.set -> Alexav-D1-Profit-GBPUSD_01_otp.set
2025-04-30 04:45:23,137 - INFO - Successfully optimized All-Average-Ea_01_standard.set -> All-Average-Ea_01_otp.set
2025-04-30 04:45:23,139 - INFO - Successfully optimized Alligator-Simple_01_standard.set -> Alligator-Simple_01_otp.set
2025-04-30 04:45:23,141 - INFO - Successfully optimized Alligator_01_standard.set -> Alligator_01_otp.set
2025-04-30 04:45:23,143 - INFO - Successfully optimized Altarius-RSI-Stohastic_01_standard.set -> Altarius-RSI-Stohastic_01_otp.set
2025-04-30 04:45:23,144 - INFO - Successfully optimized AMA-Trader-2_01_standard.set -> AMA-Trader-2_01_otp.set
2025-04-30 04:45:23,146 - INFO - Successfully optimized AMA-Trader_01_standard.set -> AMA-Trader_01_otp.set
2025-04-30 04:45:23,148 - INFO - Successfully optimized AO-Lightning_01_standard.set -> AO-Lightning_01_otp.set
2025-04-30 04:45:23,150 - INFO - Successfully optimized AOCCI_01_standard.set -> AOCCI_01_otp.set
2025-04-30 04:45:23,151 - INFO - Successfully optimized Arbitrage_01_standard.set -> Arbitrage_01_otp.set
2025-04-30 04:45:23,152 - INFO - Successfully optimized ArbSint_01_standard.set -> ArbSint_01_otp.set
2025-04-30 04:45:23,154 - INFO - Successfully optimized Area-MACD_01_standard.set -> Area-MACD_01_otp.set
2025-04-30 04:45:23,156 - INFO - Successfully optimized Artificial-Intelligence_01_standard.set -> Artificial-Intelligence_01_otp.set
2025-04-30 04:45:23,158 - INFO - Successfully optimized At-random-Full_01_standard.set -> At-random-Full_01_otp.set
2025-04-30 04:45:23,159 - INFO - Successfully optimized At-random_01_standard.set -> At-random_01_otp.set
2025-04-30 04:45:23,161 - INFO - Successfully optimized Auto-ADX_01_standard.set -> Auto-ADX_01_otp.set
2025-04-30 04:45:23,164 - INFO - Successfully optimized Auto-Pivot-Plotter-28Mid-Levels-29-41_01_standard.set -> Auto-Pivot-Plotter-28Mid-Levels-29-41_01_otp.set
2025-04-30 04:45:23,166 - INFO - Successfully optimized AutoLock-EA_01_standard.set -> AutoLock-EA_01_otp.set
2025-04-30 04:45:23,168 - INFO - Successfully optimized Autotrader-Momentum_01_standard.set -> Autotrader-Momentum_01_otp.set
2025-04-30 04:45:23,169 - INFO - Successfully optimized Avalanche-AV_01_standard.set -> Avalanche-AV_01_otp.set
2025-04-30 04:45:23,171 - INFO - Successfully optimized Backbone_01_standard.set -> Backbone_01_otp.set
2025-04-30 04:45:23,173 - INFO - Successfully optimized BADX_01_standard.set -> BADX_01_otp.set
2025-04-30 04:45:23,174 - INFO - Successfully optimized Bago-EA_01_standard.set -> Bago-EA_01_otp.set
2025-04-30 04:45:23,176 - INFO - Successfully optimized BalancedScalper-20EA_01_standard.set -> BalancedScalper-20EA_01_otp.set
2025-04-30 04:45:23,178 - INFO - Successfully optimized Bands-2_01_standard.set -> Bands-2_01_otp.set
2025-04-30 04:45:23,180 - INFO - Successfully optimized BARS-Alligator_01_standard.set -> BARS-Alligator_01_otp.set
2025-04-30 04:45:23,182 - INFO - Successfully optimized Basic-CCI-RSI_01_standard.set -> Basic-CCI-RSI_01_otp.set
2025-04-30 04:45:23,184 - INFO - Successfully optimized Basic-Martingale-EA-3_01_standard.set -> Basic-Martingale-EA-3_01_otp.set
2025-04-30 04:45:23,186 - INFO - Successfully optimized BBPercentile-EA_01_standard.set -> BBPercentile-EA_01_otp.set
2025-04-30 04:45:23,188 - INFO - Successfully optimized BBPercentile_01_standard.set -> BBPercentile_01_otp.set
2025-04-30 04:45:23,190 - INFO - Successfully optimized BDCrossOver-20EA_01_standard.set -> BDCrossOver-20EA_01_otp.set
2025-04-30 04:45:23,192 - INFO - Successfully optimized BIG-DOG_01_standard.set -> BIG-DOG_01_otp.set
2025-04-30 04:45:23,194 - INFO - Successfully optimized Bill-Williams_01_standard.set -> Bill-Williams_01_otp.set
2025-04-30 04:45:23,197 - INFO - Successfully optimized Bollinger-Band-Two-MA-and-Zig-Zag_01_standard.set -> Bollinger-Band-Two-MA-and-Zig-Zag_01_otp.set
2025-04-30 04:45:23,199 - INFO - Successfully optimized Bollinger-Bands-N-positions_01_standard.set -> Bollinger-Bands-N-positions_01_otp.set
2025-04-30 04:45:23,201 - INFO - Successfully optimized Bollinger-Bands-RSI_01_standard.set -> Bollinger-Bands-RSI_01_otp.set
2025-04-30 04:45:23,203 - INFO - Successfully optimized bollinger_01_standard.set -> bollinger_01_otp.set
2025-04-30 04:45:23,206 - INFO - Successfully optimized Brakeout-Trader_01_standard.set -> Brakeout-Trader_01_otp.set
2025-04-30 04:45:23,208 - INFO - Successfully optimized Brandy_01_standard.set -> Brandy_01_otp.set
2025-04-30 04:45:23,210 - INFO - Successfully optimized Breadandbutter2_01_standard.set -> Breadandbutter2_01_otp.set
2025-04-30 04:45:23,212 - INFO - Successfully optimized Breakdown-catcher_01_standard.set -> Breakdown-catcher_01_otp.set
2025-04-30 04:45:23,215 - INFO - Successfully optimized breakdown_01_standard.set -> breakdown_01_otp.set
2025-04-30 04:45:23,217 - INFO - Successfully optimized Breakout-Str_01_standard.set -> Breakout-Str_01_otp.set
2025-04-30 04:45:23,219 - INFO - Successfully optimized Bronze-Warrioir_01_standard.set -> Bronze-Warrioir_01_otp.set
2025-04-30 04:45:23,222 - INFO - Successfully optimized Bruno_01_standard.set -> Bruno_01_otp.set
2025-04-30 04:45:23,224 - INFO - Successfully optimized BSS-1-0_01_standard.set -> BSS-1-0_01_otp.set
2025-04-30 04:45:23,226 - INFO - Successfully optimized Bullish-and-Bearish-Engulfing_01_standard.set -> Bullish-and-Bearish-Engulfing_01_otp.set
2025-04-30 04:45:23,229 - INFO - Successfully optimized Burg-Extrapolator_01_standard.set -> Burg-Extrapolator_01_otp.set
2025-04-30 04:45:23,232 - INFO - Successfully optimized BykovTrend-EA_01_standard.set -> BykovTrend-EA_01_otp.set
2025-04-30 04:45:23,234 - INFO - Successfully optimized Calculate-lotsize-and-Trailling-stop_01_standard.set -> Calculate-lotsize-and-Trailling-stop_01_otp.set
2025-04-30 04:45:23,236 - INFO - Successfully optimized candlepatternsexample_01_standard.set -> candlepatternsexample_01_otp.set
2025-04-30 04:45:23,238 - INFO - Successfully optimized Candle_01_standard.set -> Candle_01_otp.set
2025-04-30 04:45:23,240 - INFO - Successfully optimized Carbophos_01_standard.set -> Carbophos_01_otp.set
2025-04-30 04:45:23,241 - INFO - Successfully optimized CashMachine-5min_01_standard.set -> CashMachine-5min_01_otp.set
2025-04-30 04:45:23,243 - INFO - Successfully optimized CCI-MACD-Scalper_01_standard.set -> CCI-MACD-Scalper_01_otp.set
2025-04-30 04:45:23,245 - INFO - Successfully optimized Cidomo_01_standard.set -> Cidomo_01_otp.set
2025-04-30 04:45:23,247 - INFO - Successfully optimized CloseAgent_01_standard.set -> CloseAgent_01_otp.set
2025-04-30 04:45:23,248 - INFO - Successfully optimized CloseProfit_01_standard.set -> CloseProfit_01_otp.set
2025-04-30 04:45:23,250 - INFO - Successfully optimized cloud's-trade-2_01_standard.set -> cloud's-trade-2_01_otp.set
2025-04-30 04:45:23,251 - INFO - Successfully optimized CLOUD_01_standard.set -> CLOUD_01_otp.set
2025-04-30 04:45:23,253 - INFO - Successfully optimized Constituents-EA_01_standard.set -> Constituents-EA_01_otp.set
2025-04-30 04:45:23,256 - INFO - Successfully optimized Contrarian-trade-MA_01_standard.set -> Contrarian-trade-MA_01_otp.set
2025-04-30 04:45:23,258 - INFO - Successfully optimized Crossing-Moving-Average_01_standard.set -> Crossing-Moving-Average_01_otp.set
2025-04-30 04:45:23,260 - INFO - Successfully optimized CrossMA_01_standard.set -> CrossMA_01_otp.set
2025-04-30 04:45:23,262 - INFO - Successfully optimized Currencyprofits-01.1_01_standard.set -> Currencyprofits-01.1_01_otp.set
2025-04-30 04:45:23,263 - INFO - Successfully optimized Daily-20reversal-20-20EA_01_standard.set -> Daily-20reversal-20-20EA_01_otp.set
2025-04-30 04:45:23,265 - INFO - Successfully optimized Daily-BreakPoint_01_standard.set -> Daily-BreakPoint_01_otp.set
2025-04-30 04:45:23,267 - INFO - Successfully optimized Daily-Open-EA_01_standard.set -> Daily-Open-EA_01_otp.set
2025-04-30 04:45:23,269 - INFO - Successfully optimized Daily-range_01_standard.set -> Daily-range_01_otp.set
2025-04-30 04:45:23,271 - INFO - Successfully optimized Day-Trading-PAMXA_01_standard.set -> Day-Trading-PAMXA_01_otp.set
2025-04-30 04:45:23,273 - INFO - Successfully optimized Daydream_01_standard.set -> Daydream_01_otp.set
2025-04-30 04:45:23,274 - INFO - Successfully optimized DayTrading_01_standard.set -> DayTrading_01_otp.set
2025-04-30 04:45:23,276 - INFO - Successfully optimized Dealers-Trade-v-7.74-MACD_01_standard.set -> Dealers-Trade-v-7.74-MACD_01_otp.set
2025-04-30 04:45:23,278 - INFO - Successfully optimized Deep-Drawdown-MA_01_standard.set -> Deep-Drawdown-MA_01_otp.set
2025-04-30 04:45:23,281 - INFO - Successfully optimized DeMarker-gaining-position-volume-2_01_standard.set -> DeMarker-gaining-position-volume-2_01_otp.set
2025-04-30 04:45:23,282 - INFO - Successfully optimized DeMarker-gaining-position-volume_01_standard.set -> DeMarker-gaining-position-volume_01_otp.set
2025-04-30 04:45:23,285 - INFO - Successfully optimized DeMarker-Pending-2-5_01_standard.set -> DeMarker-Pending-2-5_01_otp.set
2025-04-30 04:45:23,287 - INFO - Successfully optimized DeMarker-Pending-2_01_standard.set -> DeMarker-Pending-2_01_otp.set
2025-04-30 04:45:23,290 - INFO - Successfully optimized DeMarker-Pending_01_standard.set -> DeMarker-Pending_01_otp.set
2025-04-30 04:45:23,292 - INFO - Successfully optimized Dematus_01_standard.set -> Dematus_01_otp.set
2025-04-30 04:45:23,294 - INFO - Successfully optimized Divergence-20for-20many-20indicator_01_standard.set -> Divergence-20for-20many-20indicator_01_otp.set
2025-04-30 04:45:23,296 - INFO - Successfully optimized Divergence-EA_01_standard.set -> Divergence-EA_01_otp.set
2025-04-30 04:45:23,298 - INFO - Successfully optimized Doji-Arrows_01_standard.set -> Doji-Arrows_01_otp.set
2025-04-30 04:45:23,300 - INFO - Successfully optimized DojiTrader_01_standard.set -> DojiTrader_01_otp.set
2025-04-30 04:45:23,302 - INFO - Successfully optimized Donchian-Chanel-EA_01_standard.set -> Donchian-Chanel-EA_01_otp.set
2025-04-30 04:45:23,305 - INFO - Successfully optimized DoubleHullMA-EA_01_standard.set -> DoubleHullMA-EA_01_otp.set
2025-04-30 04:45:23,306 - INFO - Successfully optimized DoubleHullMA_01_standard.set -> DoubleHullMA_01_otp.set
2025-04-30 04:45:23,308 - INFO - Successfully optimized DoubleMA-Crossover-EA_01_standard.set -> DoubleMA-Crossover-EA_01_otp.set
2025-04-30 04:45:23,310 - INFO - Successfully optimized Doubler_01_standard.set -> Doubler_01_otp.set
2025-04-30 04:45:23,311 - INFO - Successfully optimized dummy_01_standard.set -> dummy_01_otp.set
2025-04-30 04:45:23,313 - INFO - Successfully optimized Dynamic-averaging_01_standard.set -> Dynamic-averaging_01_otp.set
2025-04-30 04:45:23,314 - INFO - Successfully optimized e-Breakeven_01_standard.set -> e-Breakeven_01_otp.set
2025-04-30 04:45:23,316 - INFO - Successfully optimized E-Friday_01_standard.set -> E-Friday_01_otp.set
2025-04-30 04:45:23,317 - INFO - Successfully optimized E-Skoch-Open_01_standard.set -> E-Skoch-Open_01_otp.set
2025-04-30 04:45:23,319 - INFO - Successfully optimized e-Skoch-pending-orders_01_standard.set -> e-Skoch-pending-orders_01_otp.set
2025-04-30 04:45:23,320 - INFO - Successfully optimized e-Smart-Trailing_01_standard.set -> e-Smart-Trailing_01_otp.set
2025-04-30 04:45:23,322 - INFO - Successfully optimized e-TurboFx_01_standard.set -> e-TurboFx_01_otp.set
2025-04-30 04:45:23,324 - INFO - Successfully optimized EA-Close_01_standard.set -> EA-Close_01_otp.set
2025-04-30 04:45:23,326 - INFO - Successfully optimized EA-MA-Stoch-RSI_01_standard.set -> EA-MA-Stoch-RSI_01_otp.set
2025-04-30 04:45:23,328 - INFO - Successfully optimized EA-Moving-Average_01_standard.set -> EA-Moving-Average_01_otp.set
2025-04-30 04:45:23,329 - INFO - Successfully optimized Elite-eFibo-Trader_01_standard.set -> Elite-eFibo-Trader_01_otp.set
2025-04-30 04:45:23,331 - INFO - Successfully optimized EMA-6.12_01_standard.set -> EMA-6.12_01_otp.set
2025-04-30 04:45:23,332 - INFO - Successfully optimized EMA-CROSS_01_standard.set -> EMA-CROSS_01_otp.set
2025-04-30 04:45:23,334 - INFO - Successfully optimized EMA-LWMA-RSI_01_standard.set -> EMA-LWMA-RSI_01_otp.set
2025-04-30 04:45:23,335 - INFO - Successfully optimized EMA-RSI-EA_01_standard.set -> EMA-RSI-EA_01_otp.set
2025-04-30 04:45:23,337 - INFO - Successfully optimized EMA-WMA_01_standard.set -> EMA-WMA_01_otp.set
2025-04-30 04:45:23,338 - INFO - Successfully optimized EMA_01_standard.set -> EMA_01_otp.set
2025-04-30 04:45:23,339 - INFO - Successfully optimized Eugene_01_standard.set -> Eugene_01_otp.set
2025-04-30 04:45:23,341 - INFO - Successfully optimized eur-usd-m5_01_standard.set -> eur-usd-m5_01_otp.set
2025-04-30 04:45:23,342 - INFO - Successfully optimized EURUSD-breakout_01_standard.set -> EURUSD-breakout_01_otp.set
2025-04-30 04:45:23,344 - INFO - Successfully optimized Executer-AC_01_standard.set -> Executer-AC_01_otp.set
2025-04-30 04:45:23,346 - INFO - Successfully optimized Executor-AO_01_standard.set -> Executor-AO_01_otp.set
2025-04-30 04:45:23,348 - INFO - Successfully optimized Executor-Candles_01_standard.set -> Executor-Candles_01_otp.set
2025-04-30 04:45:23,349 - INFO - Successfully optimized exp-Amstell_01_standard.set -> exp-Amstell_01_otp.set
2025-04-30 04:45:23,351 - INFO - Successfully optimized Expert-NEWS_01_standard.set -> Expert-NEWS_01_otp.set
2025-04-30 04:45:23,353 - INFO - Successfully optimized Expert-RSI-Stochastic-MA_01_standard.set -> Expert-RSI-Stochastic-MA_01_otp.set
2025-04-30 04:45:23,355 - INFO - Successfully optimized ExtremePrice-EA_01_standard.set -> ExtremePrice-EA_01_otp.set
2025-04-30 04:45:23,357 - INFO - Successfully optimized FiboRetracement-20EA_01_standard.set -> FiboRetracement-20EA_01_otp.set
2025-04-30 04:45:23,359 - INFO - Successfully optimized Firebird_01_standard.set -> Firebird_01_otp.set
2025-04-30 04:45:23,361 - INFO - Successfully optimized Firestorm-EA_01_standard.set -> Firestorm-EA_01_otp.set
2025-04-30 04:45:23,362 - INFO - Successfully optimized Firestorm-indicator_01_standard.set -> Firestorm-indicator_01_otp.set
2025-04-30 04:45:23,364 - INFO - Successfully optimized Fluctuate_01_standard.set -> Fluctuate_01_otp.set
2025-04-30 04:45:23,366 - INFO - Successfully optimized Forex-Fraus-M1_01_standard.set -> Forex-Fraus-M1_01_otp.set
2025-04-30 04:45:23,367 - INFO - Successfully optimized Forex-Profit_01_standard.set -> Forex-Profit_01_otp.set
2025-04-30 04:45:23,368 - INFO - Successfully optimized Fractals-minimum-distance_01_standard.set -> Fractals-minimum-distance_01_otp.set
2025-04-30 04:45:23,370 - INFO - Successfully optimized Fraktrak-xonax_01_standard.set -> Fraktrak-xonax_01_otp.set
2025-04-30 04:45:23,371 - INFO - Successfully optimized Frank-Ud_01_standard.set -> Frank-Ud_01_otp.set
2025-04-30 04:45:23,373 - INFO - Successfully optimized FT-CCI_01_standard.set -> FT-CCI_01_otp.set
2025-04-30 04:45:23,374 - INFO - Successfully optimized Fuzzy-logic_01_standard.set -> Fuzzy-logic_01_otp.set
2025-04-30 04:45:23,376 - INFO - Successfully optimized GalacticExplosion_01_standard.set -> GalacticExplosion_01_otp.set
2025-04-30 04:45:23,377 - INFO - Successfully optimized Gandalf-PRO_01_standard.set -> Gandalf-PRO_01_otp.set
2025-04-30 04:45:23,379 - INFO - Successfully optimized Gap-DM_01_standard.set -> Gap-DM_01_otp.set
2025-04-30 04:45:23,381 - INFO - Successfully optimized GAP-EA_01_standard.set -> GAP-EA_01_otp.set
2025-04-30 04:45:23,383 - INFO - Successfully optimized Gaps_01_standard.set -> Gaps_01_otp.set
2025-04-30 04:45:23,384 - INFO - Successfully optimized GBP9AM_01_standard.set -> GBP9AM_01_otp.set
2025-04-30 04:45:23,386 - INFO - Successfully optimized GbpChf_01_standard.set -> GbpChf_01_otp.set
2025-04-30 04:45:23,387 - INFO - Successfully optimized Gold-Dust_01_standard.set -> Gold-Dust_01_otp.set
2025-04-30 04:45:23,389 - INFO - Successfully optimized GO_01_standard.set -> GO_01_otp.set
2025-04-30 04:45:23,390 - INFO - Successfully optimized GreenTrade_01_standard.set -> GreenTrade_01_otp.set
2025-04-30 04:45:23,392 - INFO - Successfully optimized Grid-Martingale_01_standard.set -> Grid-Martingale_01_otp.set
2025-04-30 04:45:23,395 - INFO - Successfully optimized GridEA_01_standard.set -> GridEA_01_otp.set
2025-04-30 04:45:23,396 - INFO - Successfully optimized Grid_01_standard.set -> Grid_01_otp.set
2025-04-30 04:45:23,398 - INFO - Successfully optimized HarVesteR_01_standard.set -> HarVesteR_01_otp.set
2025-04-30 04:45:23,399 - INFO - Successfully optimized HedgeEA_01_standard.set -> HedgeEA_01_otp.set
2025-04-30 04:45:23,401 - INFO - Successfully optimized hedger_01_standard.set -> hedger_01_otp.set
2025-04-30 04:45:23,403 - INFO - Successfully optimized Hedging-EA_01_standard.set -> Hedging-EA_01_otp.set
2025-04-30 04:45:23,405 - INFO - Successfully optimized Heiken-Ashi-Smoothed-EA-with-MA_01_standard.set -> Heiken-Ashi-Smoothed-EA-with-MA_01_otp.set
2025-04-30 04:45:23,406 - INFO - Successfully optimized Heiken-Ashi-Smoothed-EA_01_standard.set -> Heiken-Ashi-Smoothed-EA_01_otp.set
2025-04-30 04:45:23,408 - INFO - Successfully optimized heiken-ashi-smoothedLine_01_standard.set -> heiken-ashi-smoothedLine_01_otp.set
2025-04-30 04:45:23,410 - INFO - Successfully optimized heiken-ashi-smoothed_01_standard.set -> heiken-ashi-smoothed_01_otp.set
2025-04-30 04:45:23,411 - INFO - Successfully optimized HeikenAshi-Lines-EA_01_standard.set -> HeikenAshi-Lines-EA_01_otp.set
2025-04-30 04:45:23,413 - INFO - Successfully optimized HeikenAshi-Lines_01_standard.set -> HeikenAshi-Lines_01_otp.set
2025-04-30 04:45:23,415 - INFO - Successfully optimized Heinken-Ashi-Color-Candles_01_standard.set -> Heinken-Ashi-Color-Candles_01_otp.set
2025-04-30 04:45:23,416 - INFO - Successfully optimized HelloSmart_01_standard.set -> HelloSmart_01_otp.set
2025-04-30 04:45:23,418 - INFO - Successfully optimized High-Low-EA_01_standard.set -> High-Low-EA_01_otp.set
2025-04-30 04:45:23,419 - INFO - Successfully optimized High-Low-Indicator_01_standard.set -> High-Low-Indicator_01_otp.set
2025-04-30 04:45:23,421 - INFO - Successfully optimized Hoop-master-2_01_standard.set -> Hoop-master-2_01_otp.set
2025-04-30 04:45:23,423 - INFO - Successfully optimized iCCI-iMA_01_standard.set -> iCCI-iMA_01_otp.set
2025-04-30 04:45:23,424 - INFO - Successfully optimized ICH-With-Alert-Derekers-EA_01_standard.set -> ICH-With-Alert-Derekers-EA_01_otp.set
2025-04-30 04:45:23,426 - INFO - Successfully optimized ICH-With-Alert-Derekers_01_standard.set -> ICH-With-Alert-Derekers_01_otp.set
2025-04-30 04:45:23,428 - INFO - Successfully optimized ichimok2005_01_standard.set -> ichimok2005_01_otp.set
2025-04-30 04:45:23,429 - INFO - Successfully optimized Ichimoku-20Kijun-20Alert_01_standard.set -> Ichimoku-20Kijun-20Alert_01_otp.set
2025-04-30 04:45:23,431 - INFO - Successfully optimized Ichimoku-20Tenkan-20Alert_01_standard.set -> Ichimoku-20Tenkan-20Alert_01_otp.set
2025-04-30 04:45:23,432 - INFO - Successfully optimized Ichimoku-Scanner_01_standard.set -> Ichimoku-Scanner_01_otp.set
2025-04-30 04:45:23,434 - INFO - Successfully optimized Ichimoku-Signals-and-Alert_01_standard.set -> Ichimoku-Signals-and-Alert_01_otp.set
2025-04-30 04:45:23,436 - INFO - Successfully optimized IchimokuMTF-EA_01_standard.set -> IchimokuMTF-EA_01_otp.set
2025-04-30 04:45:23,437 - INFO - Successfully optimized Ichimoku_01_standard.set -> Ichimoku_01_otp.set
2025-04-30 04:45:23,439 - INFO - Successfully optimized Ilan-iMA_01_standard.set -> Ilan-iMA_01_otp.set
2025-04-30 04:45:23,440 - INFO - Successfully optimized Ilan1.4_01_standard.set -> Ilan1.4_01_otp.set
2025-04-30 04:45:23,441 - INFO - Successfully optimized iMA-iStdDev_01_standard.set -> iMA-iStdDev_01_otp.set
2025-04-30 04:45:23,443 - INFO - Successfully optimized Indices-Tester_01_standard.set -> Indices-Tester_01_otp.set
2025-04-30 04:45:23,445 - INFO - Successfully optimized Inka-20Edho-20EA_01_standard.set -> Inka-20Edho-20EA_01_otp.set
2025-04-30 04:45:23,446 - INFO - Successfully optimized Intersection-2-iMA_01_standard.set -> Intersection-2-iMA_01_otp.set
2025-04-30 04:45:23,448 - INFO - Successfully optimized IStochastic-Trading_01_standard.set -> IStochastic-Trading_01_otp.set
2025-04-30 04:45:23,450 - INFO - Successfully optimized Ivan_01_standard.set -> Ivan_01_otp.set
2025-04-30 04:45:23,451 - INFO - Successfully optimized iVIDyA-Simple_01_standard.set -> iVIDyA-Simple_01_otp.set
2025-04-30 04:45:23,453 - INFO - Successfully optimized Jackpot-Strategy-EA_01_standard.set -> Jackpot-Strategy-EA_01_otp.set
2025-04-30 04:45:23,454 - INFO - Successfully optimized JackPot-Strategy-Elite_01_standard.set -> JackPot-Strategy-Elite_01_otp.set
2025-04-30 04:45:23,456 - INFO - Successfully optimized JK-BullP-AutoTrader_01_standard.set -> JK-BullP-AutoTrader_01_otp.set
2025-04-30 04:45:23,457 - INFO - Successfully optimized JS-Chaos_01_standard.set -> JS-Chaos_01_otp.set
2025-04-30 04:45:23,459 - INFO - Successfully optimized JS-MA-Day_01_standard.set -> JS-MA-Day_01_otp.set
2025-04-30 04:45:23,461 - INFO - Successfully optimized JS-MA-SAR-Trades_01_standard.set -> JS-MA-SAR-Trades_01_otp.set
2025-04-30 04:45:23,462 - INFO - Successfully optimized KA-Gold-Bot_01_standard.set -> KA-Gold-Bot_01_otp.set
2025-04-30 04:45:23,465 - INFO - Successfully optimized Kue-Electric-EA_01_standard.set -> Kue-Electric-EA_01_otp.set
2025-04-30 04:45:23,466 - INFO - Successfully optimized KueFx-20Arrows_01_standard.set -> KueFx-20Arrows_01_otp.set
2025-04-30 04:45:23,468 - INFO - Successfully optimized KueFx-20Baseline_01_standard.set -> KueFx-20Baseline_01_otp.set
2025-04-30 04:45:23,469 - INFO - Successfully optimized KueFx-Arrows-20EA_01_standard.set -> KueFx-Arrows-20EA_01_otp.set
2025-04-30 04:45:23,472 - INFO - Successfully optimized KueFx-Arrows-EA_01_standard.set -> KueFx-Arrows-EA_01_otp.set
2025-04-30 04:45:23,473 - INFO - Successfully optimized KueFx-Arrows_01_standard.set -> KueFx-Arrows_01_otp.set
2025-04-30 04:45:23,475 - INFO - Successfully optimized KueFx-Baseline-EA_01_standard.set -> KueFx-Baseline-EA_01_otp.set
2025-04-30 04:45:23,477 - INFO - Successfully optimized KueFx-Baseline_01_standard.set -> KueFx-Baseline_01_otp.set
2025-04-30 04:45:23,479 - INFO - Successfully optimized KueFx-Clean-2025-EA_01_standard.set -> KueFx-Clean-2025-EA_01_otp.set
2025-04-30 04:45:23,481 - INFO - Successfully optimized KueFx-Extreme-EA_01_standard.set -> KueFx-Extreme-EA_01_otp.set
2025-04-30 04:45:23,483 - INFO - Successfully optimized KueFx-Harare-EA_01_standard.set -> KueFx-Harare-EA_01_otp.set
2025-04-30 04:45:23,485 - INFO - Successfully optimized KueFX-Money-Management_01_standard.set -> KueFX-Money-Management_01_otp.set
2025-04-30 04:45:23,487 - INFO - Successfully optimized KueFx-Motor-EA_01_standard.set -> KueFx-Motor-EA_01_otp.set
2025-04-30 04:45:23,488 - INFO - Successfully optimized KueFx-Motor_01_standard.set -> KueFx-Motor_01_otp.set
2025-04-30 04:45:23,490 - INFO - Successfully optimized KueFx-Trend_01_standard.set -> KueFx-Trend_01_otp.set
2025-04-30 04:45:23,492 - INFO - Successfully optimized KueFxTrend-20EA_01_standard.set -> KueFxTrend-20EA_01_otp.set
2025-04-30 04:45:23,494 - INFO - Successfully optimized KueFxTrend-EA_01_standard.set -> KueFxTrend-EA_01_otp.set
2025-04-30 04:45:23,496 - INFO - Successfully optimized LarryConnersRSI2_01_standard.set -> LarryConnersRSI2_01_otp.set
2025-04-30 04:45:23,498 - INFO - Successfully optimized Last-ZZ50_01_standard.set -> Last-ZZ50_01_otp.set
2025-04-30 04:45:23,499 - INFO - Successfully optimized Lavika100_01_standard.set -> Lavika100_01_otp.set
2025-04-30 04:45:23,501 - INFO - Successfully optimized LBS_01_standard.set -> LBS_01_otp.set
2025-04-30 04:45:23,502 - INFO - Successfully optimized Lego-EA_01_standard.set -> Lego-EA_01_otp.set
2025-04-30 04:45:23,504 - INFO - Successfully optimized Lesson-3-Price-Action_01_standard.set -> Lesson-3-Price-Action_01_otp.set
2025-04-30 04:45:23,506 - INFO - Successfully optimized Lesson-4-Price-Action-MA-Filter_01_standard.set -> Lesson-4-Price-Action-MA-Filter_01_otp.set
2025-04-30 04:45:23,507 - INFO - Successfully optimized Lesson-6-Trailling-ATR_01_standard.set -> Lesson-6-Trailling-ATR_01_otp.set
2025-04-30 04:45:23,508 - INFO - Successfully optimized Lesson-7-Price-action-Ket-hop-Volume-VSA_01_standard.set -> Lesson-7-Price-action-Ket-hop-Volume-VSA_01_otp.set
2025-04-30 04:45:23,510 - INFO - Successfully optimized Little-EA_01_standard.set -> Little-EA_01_otp.set
2025-04-30 04:45:23,512 - INFO - Successfully optimized Locker_01_standard.set -> Locker_01_otp.set
2025-04-30 04:45:23,513 - INFO - Successfully optimized Lock_01_standard.set -> Lock_01_otp.set
2025-04-30 04:45:23,515 - INFO - Successfully optimized Lucky_01_standard.set -> Lucky_01_otp.set
2025-04-30 04:45:23,516 - INFO - Successfully optimized MA-20Alert_01_standard.set -> MA-20Alert_01_otp.set
2025-04-30 04:45:23,518 - INFO - Successfully optimized MA-20AO-20Arrow_01_standard.set -> MA-20AO-20Arrow_01_otp.set
2025-04-30 04:45:23,520 - INFO - Successfully optimized MA-AO-EA_01_standard.set -> MA-AO-EA_01_otp.set
2025-04-30 04:45:23,521 - INFO - Successfully optimized ma-channels_01_standard.set -> ma-channels_01_otp.set
2025-04-30 04:45:23,523 - INFO - Successfully optimized MA-Cross_01_standard.set -> MA-Cross_01_otp.set
2025-04-30 04:45:23,524 - INFO - Successfully optimized MA-Envelopes_01_standard.set -> MA-Envelopes_01_otp.set
2025-04-30 04:45:23,526 - INFO - Successfully optimized MA-MACD-Position-averaging_01_standard.set -> MA-MACD-Position-averaging_01_otp.set
2025-04-30 04:45:23,527 - INFO - Successfully optimized MA-Trend_01_standard.set -> MA-Trend_01_otp.set
2025-04-30 04:45:23,529 - INFO - Successfully optimized MA2CCI_01_standard.set -> MA2CCI_01_otp.set
2025-04-30 04:45:23,531 - INFO - Successfully optimized MACD-and-SAR_01_standard.set -> MACD-and-SAR_01_otp.set
2025-04-30 04:45:23,532 - INFO - Successfully optimized MACD-Cleaner_01_standard.set -> MACD-Cleaner_01_otp.set
2025-04-30 04:45:23,534 - INFO - Successfully optimized MACD-EA-H4_01_standard.set -> MACD-EA-H4_01_otp.set
2025-04-30 04:45:23,536 - INFO - Successfully optimized MACD-No-Sample_01_standard.set -> MACD-No-Sample_01_otp.set
2025-04-30 04:45:23,539 - INFO - Successfully optimized MACD-signal_01_standard.set -> MACD-signal_01_otp.set
2025-04-30 04:45:23,540 - INFO - Successfully optimized MACD-Stochastic-2_01_standard.set -> MACD-Stochastic-2_01_otp.set
2025-04-30 04:45:23,542 - INFO - Successfully optimized MACD-Stochastic_01_standard.set -> MACD-Stochastic_01_otp.set
2025-04-30 04:45:23,544 - INFO - Successfully optimized MACDCCI_01_standard.set -> MACDCCI_01_otp.set
2025-04-30 04:45:23,546 - INFO - Successfully optimized MacdPatternTraderAll0.01_01_standard.set -> MacdPatternTraderAll0.01_01_otp.set
2025-04-30 04:45:23,548 - INFO - Successfully optimized MacdPatternTraderAll_01_standard.set -> MacdPatternTraderAll_01_otp.set
2025-04-30 04:45:23,549 - INFO - Successfully optimized MACD_01_standard.set -> MACD_01_otp.set
2025-04-30 04:45:23,551 - INFO - Successfully optimized MAGrid_01_standard.set -> MAGrid_01_otp.set
2025-04-30 04:45:23,553 - INFO - Successfully optimized MAMACD_01_standard.set -> MAMACD_01_otp.set
2025-04-30 04:45:23,555 - INFO - Successfully optimized Market-Capture_01_standard.set -> Market-Capture_01_otp.set
2025-04-30 04:45:23,557 - INFO - Successfully optimized Martin-1_01_standard.set -> Martin-1_01_otp.set
2025-04-30 04:45:23,558 - INFO - Successfully optimized Martin-for-small-deposits_01_standard.set -> Martin-for-small-deposits_01_otp.set
2025-04-30 04:45:23,560 - INFO - Successfully optimized MartingailExpert_01_standard.set -> MartingailExpert_01_otp.set
2025-04-30 04:45:23,561 - INFO - Successfully optimized MartinGaleBreakout_01_standard.set -> MartinGaleBreakout_01_otp.set
2025-04-30 04:45:23,563 - INFO - Successfully optimized Martin_01_standard.set -> Martin_01_otp.set
2025-04-30 04:45:23,565 - INFO - Successfully optimized Marubozu-EA_01_standard.set -> Marubozu-EA_01_otp.set
2025-04-30 04:45:23,566 - INFO - Successfully optimized Marubozu_01_standard.set -> Marubozu_01_otp.set
2025-04-30 04:45:23,568 - INFO - Successfully optimized MelBar-EuSwiss-1.85_01_standard.set -> MelBar-EuSwiss-1.85_01_otp.set
2025-04-30 04:45:23,570 - INFO - Successfully optimized MelBar™Take325-™-5.5Y-NZD-USD_01_standard.set -> MelBar™Take325-™-5.5Y-NZD-USD_01_otp.set
2025-04-30 04:45:23,572 - INFO - Successfully optimized Mobo-Bands-EA_01_standard.set -> Mobo-Bands-EA_01_otp.set
2025-04-30 04:45:23,573 - INFO - Successfully optimized Mobo-Bands_01_standard.set -> Mobo-Bands_01_otp.set
2025-04-30 04:45:23,575 - INFO - Successfully optimized Modified-Moving-Averages_01_standard.set -> Modified-Moving-Averages_01_otp.set
2025-04-30 04:45:23,577 - INFO - Successfully optimized Momentum-M15_01_standard.set -> Momentum-M15_01_otp.set
2025-04-30 04:45:23,578 - INFO - Successfully optimized Momo-trades_01_standard.set -> Momo-trades_01_otp.set
2025-04-30 04:45:23,580 - INFO - Successfully optimized Money-Fixed-Margin_01_standard.set -> Money-Fixed-Margin_01_otp.set
2025-04-30 04:45:23,582 - INFO - Successfully optimized Money-Fixed-Risk_01_standard.set -> Money-Fixed-Risk_01_otp.set
2025-04-30 04:45:23,584 - INFO - Successfully optimized MoneyRain_01_standard.set -> MoneyRain_01_otp.set
2025-04-30 04:45:23,586 - INFO - Successfully optimized Morning-evening-star-EA_01_standard.set -> Morning-evening-star-EA_01_otp.set
2025-04-30 04:45:23,587 - INFO - Successfully optimized MostasHaR15-Pivot_01_standard.set -> MostasHaR15-Pivot_01_otp.set
2025-04-30 04:45:23,589 - INFO - Successfully optimized Moving-20average-20and-20ichimoku-20EA_01_standard.set -> Moving-20average-20and-20ichimoku-20EA_01_otp.set
2025-04-30 04:45:23,591 - INFO - Successfully optimized Moving-Average-Trade-System_01_standard.set -> Moving-Average-Trade-System_01_otp.set
2025-04-30 04:45:23,592 - INFO - Successfully optimized Moving-Averages_01_standard.set -> Moving-Averages_01_otp.set
2025-04-30 04:45:23,594 - INFO - Successfully optimized MovingAverageMartinGale_01_standard.set -> MovingAverageMartinGale_01_otp.set
2025-04-30 04:45:23,596 - INFO - Successfully optimized MovingAverage_01_standard.set -> MovingAverage_01_otp.set
2025-04-30 04:45:23,598 - INFO - Successfully optimized MQL5-Wizard-MA-RSI_01_standard.set -> MQL5-Wizard-MA-RSI_01_otp.set
2025-04-30 04:45:23,600 - INFO - Successfully optimized MQL5-Wizard-MACD-Parabolic-SAR_01_standard.set -> MQL5-Wizard-MACD-Parabolic-SAR_01_otp.set
2025-04-30 04:45:23,602 - INFO - Successfully optimized MTC-Сombo_01_standard.set -> MTC-Сombo_01_otp.set
2025-04-30 04:45:23,604 - INFO - Successfully optimized Multi-Stochastic_01_standard.set -> Multi-Stochastic_01_otp.set
2025-04-30 04:45:23,606 - INFO - Successfully optimized MultiMartin_01_standard.set -> MultiMartin_01_otp.set
2025-04-30 04:45:23,607 - INFO - Successfully optimized MySystem_01_standard.set -> MySystem_01_otp.set
2025-04-30 04:45:23,609 - INFO - Successfully optimized N-Candles_01_standard.set -> N-Candles_01_otp.set
2025-04-30 04:45:23,610 - INFO - Successfully optimized Nevalyashka-BreakdownLevel_01_standard.set -> Nevalyashka-BreakdownLevel_01_otp.set
2025-04-30 04:45:23,612 - INFO - Successfully optimized Nevalyashka3-1_01_standard.set -> Nevalyashka3-1_01_otp.set
2025-04-30 04:45:23,613 - INFO - Successfully optimized Nevalyashka_01_standard.set -> Nevalyashka_01_otp.set
2025-04-30 04:45:23,614 - INFO - Successfully optimized New-Martin_01_standard.set -> New-Martin_01_otp.set
2025-04-30 04:45:23,616 - INFO - Successfully optimized New-Random_01_standard.set -> New-Random_01_otp.set
2025-04-30 04:45:23,618 - INFO - Successfully optimized Nextbar_01_standard.set -> Nextbar_01_otp.set
2025-04-30 04:45:23,619 - INFO - Successfully optimized Night-Flat-Trade_01_standard.set -> Night-Flat-Trade_01_otp.set
2025-04-30 04:45:23,621 - INFO - Successfully optimized NightScalper_01_standard.set -> NightScalper_01_otp.set
2025-04-30 04:45:23,623 - INFO - Successfully optimized NRTR-Revers_01_standard.set -> NRTR-Revers_01_otp.set
2025-04-30 04:45:23,624 - INFO - Successfully optimized NUp1Down_01_standard.set -> NUp1Down_01_otp.set
2025-04-30 04:45:23,627 - INFO - Successfully optimized Open-Candle-EA_01_standard.set -> Open-Candle-EA_01_otp.set
2025-04-30 04:45:23,628 - INFO - Successfully optimized Open-Close_01_standard.set -> Open-Close_01_otp.set
2025-04-30 04:45:23,630 - INFO - Successfully optimized Opening-and-ilosing-on-time_01_standard.set -> Opening-and-ilosing-on-time_01_otp.set
2025-04-30 04:45:23,632 - INFO - Successfully optimized Opening-and-Сlosing-on-time_01_standard.set -> Opening-and-Сlosing-on-time_01_otp.set
2025-04-30 04:45:23,634 - INFO - Successfully optimized OpenPendingorderAfterPositionGetStopLoss_01_standard.set -> OpenPendingorderAfterPositionGetStopLoss_01_otp.set
2025-04-30 04:45:23,636 - INFO - Successfully optimized OpenTicks_01_standard.set -> OpenTicks_01_otp.set
2025-04-30 04:45:23,638 - INFO - Successfully optimized ORB-EA-BOX_01_standard.set -> ORB-EA-BOX_01_otp.set
2025-04-30 04:45:23,640 - INFO - Successfully optimized OsMaSter_01_standard.set -> OsMaSter_01_otp.set
2025-04-30 04:45:23,641 - INFO - Successfully optimized OTT-20AND-20PRICE-20CROSS-20EA_01_standard.set -> OTT-20AND-20PRICE-20CROSS-20EA_01_otp.set
2025-04-30 04:45:23,643 - INFO - Successfully optimized OverHedge_01_standard.set -> OverHedge_01_otp.set
2025-04-30 04:45:23,645 - INFO - Successfully optimized OzFx_01_standard.set -> OzFx_01_otp.set
2025-04-30 04:45:23,646 - INFO - Successfully optimized Parabolic-SAR_01_standard.set -> Parabolic-SAR_01_otp.set
2025-04-30 04:45:23,648 - INFO - Successfully optimized PARSI-EA_01_standard.set -> PARSI-EA_01_otp.set
2025-04-30 04:45:23,649 - INFO - Successfully optimized Peceptron-Mult_01_standard.set -> Peceptron-Mult_01_otp.set
2025-04-30 04:45:23,652 - INFO - Successfully optimized Pending-orders-by-time-2_01_standard.set -> Pending-orders-by-time-2_01_otp.set
2025-04-30 04:45:23,653 - INFO - Successfully optimized Pending-orders-by-time_01_standard.set -> Pending-orders-by-time_01_otp.set
2025-04-30 04:45:23,655 - INFO - Successfully optimized Pendulum_01_standard.set -> Pendulum_01_otp.set
2025-04-30 04:45:23,656 - INFO - Successfully optimized Pinball-machine_01_standard.set -> Pinball-machine_01_otp.set
2025-04-30 04:45:23,659 - INFO - Successfully optimized Pinbar-Magic-EA_01_standard.set -> Pinbar-Magic-EA_01_otp.set
2025-04-30 04:45:23,660 - INFO - Successfully optimized PinBar-Magic-Indicator_01_standard.set -> PinBar-Magic-Indicator_01_otp.set
2025-04-30 04:45:23,662 - INFO - Successfully optimized Pipsover_01_standard.set -> Pipsover_01_otp.set
2025-04-30 04:45:23,664 - INFO - Successfully optimized Plan-X_01_standard.set -> Plan-X_01_otp.set
2025-04-30 04:45:23,666 - INFO - Successfully optimized Plateau_01_standard.set -> Plateau_01_otp.set
2025-04-30 04:45:23,667 - INFO - Successfully optimized Poker-SHOW_01_standard.set -> Poker-SHOW_01_otp.set
2025-04-30 04:45:23,669 - INFO - Successfully optimized Precipice-MartIn_01_standard.set -> Precipice-MartIn_01_otp.set
2025-04-30 04:45:23,670 - INFO - Successfully optimized Precipice_01_standard.set -> Precipice_01_otp.set
2025-04-30 04:45:23,672 - INFO - Successfully optimized Probe_01_standard.set -> Probe_01_otp.set
2025-04-30 04:45:23,674 - INFO - Successfully optimized Proffessor_01_standard.set -> Proffessor_01_otp.set
2025-04-30 04:45:23,675 - INFO - Successfully optimized PropFirmHelper_01_standard.set -> PropFirmHelper_01_otp.set
2025-04-30 04:45:23,676 - INFO - Successfully optimized PROphet_01_standard.set -> PROphet_01_otp.set
2025-04-30 04:45:23,678 - INFO - Successfully optimized Puria-method_01_standard.set -> Puria-method_01_otp.set
2025-04-30 04:45:23,680 - INFO - Successfully optimized Rabbit3_01_standard.set -> Rabbit3_01_otp.set
2025-04-30 04:45:23,681 - INFO - Successfully optimized Range-Breakout_01_standard.set -> Range-Breakout_01_otp.set
2025-04-30 04:45:23,683 - INFO - Successfully optimized Rapid-Doji-EA_01_standard.set -> Rapid-Doji-EA_01_otp.set
2025-04-30 04:45:23,684 - INFO - Successfully optimized Raymond-Cloudy-Day-for-EA_01_standard.set -> Raymond-Cloudy-Day-for-EA_01_otp.set
2025-04-30 04:45:23,686 - INFO - Successfully optimized Reflex-EA_01_standard.set -> Reflex-EA_01_otp.set
2025-04-30 04:45:23,688 - INFO - Successfully optimized REFLEX-INDICATOR_01_standard.set -> REFLEX-INDICATOR_01_otp.set
2025-04-30 04:45:23,689 - INFO - Successfully optimized Reflex_01_standard.set -> Reflex_01_otp.set
2025-04-30 04:45:23,691 - INFO - Successfully optimized Reversing-Martingale_01_standard.set -> Reversing-Martingale_01_otp.set
2025-04-30 04:45:23,693 - INFO - Successfully optimized RideAlligator_01_standard.set -> RideAlligator_01_otp.set
2025-04-30 04:45:23,694 - INFO - Successfully optimized RNN_01_standard.set -> RNN_01_otp.set
2025-04-30 04:45:23,696 - INFO - Successfully optimized Robot-MACD_01_standard.set -> Robot-MACD_01_otp.set
2025-04-30 04:45:23,697 - INFO - Successfully optimized RobotPowerM5-meta4_01_standard.set -> RobotPowerM5-meta4_01_otp.set
2025-04-30 04:45:23,699 - INFO - Successfully optimized Rollback-system_01_standard.set -> Rollback-system_01_otp.set
2025-04-30 04:45:23,701 - INFO - Successfully optimized RSI-and-Bollinger-Bands_01_standard.set -> RSI-and-Bollinger-Bands_01_otp.set
2025-04-30 04:45:23,702 - INFO - Successfully optimized RSI-Arrow-EA_01_standard.set -> RSI-Arrow-EA_01_otp.set
2025-04-30 04:45:23,704 - INFO - Successfully optimized RSI-Arrow_01_standard.set -> RSI-Arrow_01_otp.set
2025-04-30 04:45:23,706 - INFO - Successfully optimized RSI-EA_01_standard.set -> RSI-EA_01_otp.set
2025-04-30 04:45:23,708 - INFO - Successfully optimized RSI-Eraser_01_standard.set -> RSI-Eraser_01_otp.set
2025-04-30 04:45:23,709 - INFO - Successfully optimized RSI-Expert_01_standard.set -> RSI-Expert_01_otp.set
2025-04-30 04:45:23,710 - INFO - Successfully optimized RSI-Levels_01_standard.set -> RSI-Levels_01_otp.set
2025-04-30 04:45:23,712 - INFO - Successfully optimized RSI-trader_01_standard.set -> RSI-trader_01_otp.set
2025-04-30 04:45:23,714 - INFO - Successfully optimized RSI-Trend-EA_01_standard.set -> RSI-Trend-EA_01_otp.set
2025-04-30 04:45:23,715 - INFO - Successfully optimized RSI-Trend_01_standard.set -> RSI-Trend_01_otp.set
2025-04-30 04:45:23,717 - INFO - Successfully optimized RSI-with-channels-EA_01_standard.set -> RSI-with-channels-EA_01_otp.set
2025-04-30 04:45:23,718 - INFO - Successfully optimized RSI-with-channels_01_standard.set -> RSI-with-channels_01_otp.set
2025-04-30 04:45:23,720 - INFO - Successfully optimized Russian20-hp1_01_standard.set -> Russian20-hp1_01_otp.set
2025-04-30 04:45:23,722 - INFO - Successfully optimized SampleCheckPendingOrder_01_standard.set -> SampleCheckPendingOrder_01_otp.set
2025-04-30 04:45:23,723 - INFO - Successfully optimized SAR-trading_01_standard.set -> SAR-trading_01_otp.set
2025-04-30 04:45:23,725 - INFO - Successfully optimized Secwenta_01_standard.set -> Secwenta_01_otp.set
2025-04-30 04:45:23,727 - INFO - Successfully optimized Sell-Stop_01_standard.set -> Sell-Stop_01_otp.set
2025-04-30 04:45:23,728 - INFO - Successfully optimized Sensitive_01_standard.set -> Sensitive_01_otp.set
2025-04-30 04:45:23,730 - INFO - Successfully optimized Separate-trade_01_standard.set -> Separate-trade_01_otp.set
2025-04-30 04:45:23,731 - INFO - Successfully optimized SilverTrend_01_standard.set -> SilverTrend_01_otp.set
2025-04-30 04:45:23,733 - INFO - Successfully optimized Simple-20Price-20Alert-20-20EA_01_standard.set -> Simple-20Price-20Alert-20-20EA_01_otp.set
2025-04-30 04:45:23,735 - INFO - Successfully optimized Simple-20Volume-20EA_01_standard.set -> Simple-20Volume-20EA_01_otp.set
2025-04-30 04:45:23,737 - INFO - Successfully optimized Simple-EA-MA-plus-MACD_01_standard.set -> Simple-EA-MA-plus-MACD_01_otp.set
2025-04-30 04:45:23,738 - INFO - Successfully optimized Simple-FX_01_standard.set -> Simple-FX_01_otp.set
2025-04-30 04:45:23,740 - INFO - Successfully optimized Simple-MACD_01_standard.set -> Simple-MACD_01_otp.set
2025-04-30 04:45:23,742 - INFO - Successfully optimized Simple-Volume-EA_01_standard.set -> Simple-Volume-EA_01_otp.set
2025-04-30 04:45:23,744 - INFO - Successfully optimized SimplePivot_01_standard.set -> SimplePivot_01_otp.set
2025-04-30 04:45:23,745 - INFO - Successfully optimized Simplest-Hedging-EA-ever_01_standard.set -> Simplest-Hedging-EA-ever_01_otp.set
2025-04-30 04:45:23,747 - INFO - Successfully optimized SimpleTrade _01_standard.set -> SimpleTrade _01_otp.set
2025-04-30 04:45:23,749 - INFO - Successfully optimized Six-Soldiers-EA-Grid_01_standard.set -> Six-Soldiers-EA-Grid_01_otp.set
2025-04-30 04:45:23,751 - INFO - Successfully optimized Six-Soldiers-EA_01_standard.set -> Six-Soldiers-EA_01_otp.set
2025-04-30 04:45:23,753 - INFO - Successfully optimized Six-Soldiers_01_standard.set -> Six-Soldiers_01_otp.set
2025-04-30 04:45:23,754 - INFO - Successfully optimized Small-Inside-Bar-Strategy_01_standard.set -> Small-Inside-Bar-Strategy_01_otp.set
2025-04-30 04:45:23,757 - INFO - Successfully optimized Smart-Machine-20EA_01_standard.set -> Smart-Machine-20EA_01_otp.set
2025-04-30 04:45:23,772 - INFO - Successfully optimized Smoothing-Average_01_standard.set -> Smoothing-Average_01_otp.set
2025-04-30 04:45:23,775 - INFO - Successfully optimized Spasm_01_standard.set -> Spasm_01_otp.set
2025-04-30 04:45:23,778 - INFO - Successfully optimized ssb5-123_01_standard.set -> ssb5-123_01_otp.set
2025-04-30 04:45:23,780 - INFO - Successfully optimized Starter_01_standard.set -> Starter_01_otp.set
2025-04-30 04:45:23,782 - INFO - Successfully optimized Steve-Cartwright-Trader-Camel-CCI-MACD_01_standard.set -> Steve-Cartwright-Trader-Camel-CCI-MACD_01_otp.set
2025-04-30 04:45:23,784 - INFO - Successfully optimized Stoch-EA-1192_01_standard.set -> Stoch-EA-1192_01_otp.set
2025-04-30 04:45:23,786 - INFO - Successfully optimized Stochastic-20Alert_01_standard.set -> Stochastic-20Alert_01_otp.set
2025-04-30 04:45:23,788 - INFO - Successfully optimized Stochastic-K-Divergence.lua_01_standard.set -> Stochastic-K-Divergence.lua_01_otp.set
2025-04-30 04:45:23,790 - INFO - Successfully optimized stochastic-three-periods_01_standard.set -> stochastic-three-periods_01_otp.set
2025-04-30 04:45:23,793 - INFO - Successfully optimized StochasticDiffSign-EA_01_standard.set -> StochasticDiffSign-EA_01_otp.set
2025-04-30 04:45:23,795 - INFO - Successfully optimized stochasticdiffsign_01_standard.set -> stochasticdiffsign_01_otp.set
2025-04-30 04:45:23,798 - INFO - Successfully optimized StochMA-EA_01_standard.set -> StochMA-EA_01_otp.set
2025-04-30 04:45:23,800 - INFO - Successfully optimized StochMA_01_standard.set -> StochMA_01_otp.set
2025-04-30 04:45:23,801 - INFO - Successfully optimized Stoch_01_standard.set -> Stoch_01_otp.set
2025-04-30 04:45:23,803 - INFO - Successfully optimized Stop-Loss-Take-Profit_01_standard.set -> Stop-Loss-Take-Profit_01_otp.set
2025-04-30 04:45:23,805 - INFO - Successfully optimized StraddleqTrail_01_standard.set -> StraddleqTrail_01_otp.set
2025-04-30 04:45:23,806 - INFO - Successfully optimized Surefirething_01_standard.set -> Surefirething_01_otp.set
2025-04-30 04:45:23,808 - INFO - Successfully optimized TDSGlobal_01_standard.set -> TDSGlobal_01_otp.set
2025-04-30 04:45:23,810 - INFO - Successfully optimized The-MasterMind-2_01_standard.set -> The-MasterMind-2_01_otp.set
2025-04-30 04:45:23,811 - INFO - Successfully optimized The-MasterMind-3_01_standard.set -> The-MasterMind-3_01_otp.set
2025-04-30 04:45:23,813 - INFO - Successfully optimized The-MasterMind_01_standard.set -> The-MasterMind_01_otp.set
2025-04-30 04:45:23,815 - INFO - Successfully optimized The-Puncher_01_standard.set -> The-Puncher_01_otp.set
2025-04-30 04:45:23,818 - INFO - Successfully optimized TheClassicTurtleTrader-no-dots-EA_01_standard.set -> TheClassicTurtleTrader-no-dots-EA_01_otp.set
2025-04-30 04:45:23,820 - INFO - Successfully optimized TheClassicTurtleTrader-no-dots_01_standard.set -> TheClassicTurtleTrader-no-dots_01_otp.set
2025-04-30 04:45:23,822 - INFO - Successfully optimized Three-indicators_01_standard.set -> Three-indicators_01_otp.set
2025-04-30 04:45:23,824 - INFO - Successfully optimized Three-neural-networks_01_standard.set -> Three-neural-networks_01_otp.set
2025-04-30 04:45:23,827 - INFO - Successfully optimized Three-timeframes_01_standard.set -> Three-timeframes_01_otp.set
2025-04-30 04:45:23,829 - INFO - Successfully optimized Three-Typical-Candles_01_standard.set -> Three-Typical-Candles_01_otp.set
2025-04-30 04:45:23,831 - INFO - Successfully optimized Time-sync-forts_01_standard.set -> Time-sync-forts_01_otp.set
2025-04-30 04:45:23,833 - INFO - Successfully optimized timer-trade_01_standard.set -> timer-trade_01_otp.set
2025-04-30 04:45:23,834 - INFO - Successfully optimized TMA-ATR-Channel_01_standard.set -> TMA-ATR-Channel_01_otp.set
2025-04-30 04:45:23,837 - INFO - Successfully optimized TMA-ATR-EA_01_standard.set -> TMA-ATR-EA_01_otp.set
2025-04-30 04:45:23,839 - INFO - Successfully optimized TMA-CG-EA_01_standard.set -> TMA-CG-EA_01_otp.set
2025-04-30 04:45:23,841 - INFO - Successfully optimized TMA-CG-Martingale-20EA_01_standard.set -> TMA-CG-Martingale-20EA_01_otp.set
2025-04-30 04:45:23,843 - INFO - Successfully optimized TMA-CG-mladen_01_standard.set -> TMA-CG-mladen_01_otp.set
2025-04-30 04:45:23,845 - INFO - Successfully optimized TMA-CG-special_01_standard.set -> TMA-CG-special_01_otp.set
2025-04-30 04:45:23,847 - INFO - Successfully optimized TMA-slope-bands_01_standard.set -> TMA-slope-bands_01_otp.set
2025-04-30 04:45:23,849 - INFO - Successfully optimized TmaTrue-2.0-with-Distances-6xx_01_standard.set -> TmaTrue-2.0-with-Distances-6xx_01_otp.set
2025-04-30 04:45:23,851 - INFO - Successfully optimized TmaTrue-3.0-with-Distances-6xx_01_standard.set -> TmaTrue-3.0-with-Distances-6xx_01_otp.set
2025-04-30 04:45:23,853 - INFO - Successfully optimized TP-with-money_01_standard.set -> TP-with-money_01_otp.set
2025-04-30 04:45:23,855 - INFO - Successfully optimized Trade-in-Channel_01_standard.set -> Trade-in-Channel_01_otp.set
2025-04-30 04:45:23,857 - INFO - Successfully optimized Trade-on-qualified-RSI_01_standard.set -> Trade-on-qualified-RSI_01_otp.set
2025-04-30 04:45:23,859 - INFO - Successfully optimized Trading-Breakout-MrThanhTan_01_standard.set -> Trading-Breakout-MrThanhTan_01_otp.set
2025-04-30 04:45:23,861 - INFO - Successfully optimized Trend-Trader-Strategy-EA_01_standard.set -> Trend-Trader-Strategy-EA_01_otp.set
2025-04-30 04:45:23,862 - INFO - Successfully optimized Trend-Trader-Strategy_01_standard.set -> Trend-Trader-Strategy_01_otp.set
2025-04-30 04:45:23,864 - INFO - Successfully optimized Tru-EA_01_standard.set -> Tru-EA_01_otp.set
2025-04-30 04:45:23,865 - INFO - Successfully optimized True-Scalper-Profit-Lock_01_standard.set -> True-Scalper-Profit-Lock_01_otp.set
2025-04-30 04:45:23,867 - INFO - Successfully optimized TrueSort-1100_01_standard.set -> TrueSort-1100_01_otp.set
2025-04-30 04:45:23,868 - INFO - Successfully optimized Tunnel-gen4_01_standard.set -> Tunnel-gen4_01_otp.set
2025-04-30 04:45:23,870 - INFO - Successfully optimized Tunnel-Method_01_standard.set -> Tunnel-Method_01_otp.set
2025-04-30 04:45:23,871 - INFO - Successfully optimized TurnGrid_01_standard.set -> TurnGrid_01_otp.set
2025-04-30 04:45:23,873 - INFO - Successfully optimized Two PerBar _01_standard.set -> Two PerBar _01_otp.set
2025-04-30 04:45:23,874 - INFO - Successfully optimized Two-20MA-20RSI-20ADX-20EA_01_standard.set -> Two-20MA-20RSI-20ADX-20EA_01_otp.set
2025-04-30 04:45:23,876 - INFO - Successfully optimized Two-20Orders-20Panel_01_standard.set -> Two-20Orders-20Panel_01_otp.set
2025-04-30 04:45:23,878 - INFO - Successfully optimized Two-pending-orders-2_01_standard.set -> Two-pending-orders-2_01_otp.set
2025-04-30 04:45:23,881 - INFO - Successfully optimized UnityPro_01_standard.set -> UnityPro_01_otp.set
2025-04-30 04:45:23,883 - INFO - Successfully optimized UniversalMACrossEA_01_standard.set -> UniversalMACrossEA_01_otp.set
2025-04-30 04:45:23,884 - INFO - Successfully optimized UniversalSignalDemo_01_standard.set -> UniversalSignalDemo_01_otp.set
2025-04-30 04:45:23,887 - INFO - Successfully optimized Universum-3.0_01_standard.set -> Universum-3.0_01_otp.set
2025-04-30 04:45:23,889 - INFO - Successfully optimized UnNomGuai-20EA_01_standard.set -> UnNomGuai-20EA_01_otp.set
2025-04-30 04:45:23,891 - INFO - Successfully optimized up3x1-Investor_01_standard.set -> up3x1-Investor_01_otp.set
2025-04-30 04:45:23,893 - INFO - Successfully optimized up3x1-premium-M_01_standard.set -> up3x1-premium-M_01_otp.set
2025-04-30 04:45:23,894 - INFO - Successfully optimized up3x1_01_standard.set -> up3x1_01_otp.set
2025-04-30 04:45:23,896 - INFO - Successfully optimized Urdala-Trol_01_standard.set -> Urdala-Trol_01_otp.set
2025-04-30 04:45:23,898 - INFO - Successfully optimized Very-Blonde-System_01_standard.set -> Very-Blonde-System_01_otp.set
2025-04-30 04:45:23,899 - INFO - Successfully optimized Virtual-Trailing-Stop_01_standard.set -> Virtual-Trailing-Stop_01_otp.set
2025-04-30 04:45:23,901 - INFO - Successfully optimized VLT-TRADER_01_standard.set -> VLT-TRADER_01_otp.set
2025-04-30 04:45:23,903 - INFO - Successfully optimized Volume-trader_01_standard.set -> Volume-trader_01_otp.set
2025-04-30 04:45:23,904 - INFO - Successfully optimized Vortex-Indicator-System_01_standard.set -> Vortex-Indicator-System_01_otp.set
2025-04-30 04:45:23,906 - INFO - Successfully optimized VR-Overturn_01_standard.set -> VR-Overturn_01_otp.set
2025-04-30 04:45:23,909 - INFO - Successfully optimized VR-ZVER-v.2_01_standard.set -> VR-ZVER-v.2_01_otp.set
2025-04-30 04:45:23,911 - INFO - Successfully optimized VR-ZVER_01_standard.set -> VR-ZVER_01_otp.set
2025-04-30 04:45:23,912 - INFO - Successfully optimized VZO_01_standard.set -> VZO_01_otp.set
2025-04-30 04:45:23,914 - INFO - Successfully optimized Waddah-Attar-Win_01_standard.set -> Waddah-Attar-Win_01_otp.set
2025-04-30 04:45:23,917 - INFO - Successfully optimized WE-TRUST_01_standard.set -> WE-TRUST_01_otp.set
2025-04-30 04:45:23,919 - INFO - Successfully optimized X-RSIOMA_01_standard.set -> X-RSIOMA_01_otp.set
2025-04-30 04:45:23,920 - INFO - Successfully optimized Yesterday-Today_01_standard.set -> Yesterday-Today_01_otp.set
2025-04-30 04:45:23,922 - INFO - Successfully optimized 10-pips-EURUSD_01_standard.set -> 10-pips-EURUSD_01_otp.set
2025-04-30 04:45:23,924 - INFO - Successfully optimized 10-pips_01_standard.set -> 10-pips_01_otp.set
2025-04-30 04:45:23,925 - INFO - Successfully optimized 1H-EUR-USD_01_standard.set -> 1H-EUR-USD_01_otp.set
2025-04-30 04:45:23,927 - INFO - Successfully optimized 20011201-GBPUSD-M1_01_standard.set -> 20011201-GBPUSD-M1_01_otp.set
2025-04-30 04:45:23,929 - INFO - Successfully optimized 21hour_01_standard.set -> 21hour_01_otp.set
2025-04-30 04:45:23,931 - INFO - Successfully optimized 2HR-HL_01_standard.set -> 2HR-HL_01_otp.set
2025-04-30 04:45:23,933 - INFO - Successfully optimized 2MA-4Level_01_standard.set -> 2MA-4Level_01_otp.set
2025-04-30 04:45:23,934 - INFO - Successfully optimized 2MA-Bunny-Cross_01_standard.set -> 2MA-Bunny-Cross_01_otp.set
2025-04-30 04:45:23,936 - INFO - Successfully optimized 3-bars-high-low-indicator_01_standard.set -> 3-bars-high-low-indicator_01_otp.set
2025-04-30 04:45:23,938 - INFO - Successfully optimized 35-Pip-Scalper_01_standard.set -> 35-Pip-Scalper_01_otp.set
2025-04-30 04:45:23,939 - INFO - Successfully optimized 3BarsHighLowEA_01_standard.set -> 3BarsHighLowEA_01_otp.set
2025-04-30 04:45:23,941 - INFO - Successfully optimized 3sma_01_standard.set -> 3sma_01_otp.set
2025-04-30 04:45:23,943 - INFO - Successfully optimized 500_01_standard.set -> 500_01_otp.set
2025-04-30 04:45:23,944 - INFO - Successfully optimized 55-MA_01_standard.set -> 55-MA_01_otp.set
2025-04-30 04:45:23,946 - INFO - Successfully optimized Above-Below-MA_01_standard.set -> Above-Below-MA_01_otp.set
2025-04-30 04:45:23,947 - INFO - Successfully optimized Absorption_01_standard.set -> Absorption_01_otp.set
2025-04-30 04:45:23,949 - INFO - Successfully optimized ADX-MACD-Deev_01_standard.set -> ADX-MACD-Deev_01_otp.set
2025-04-30 04:45:23,951 - INFO - Successfully optimized ADX-MA_01_standard.set -> ADX-MA_01_otp.set
2025-04-30 04:45:23,952 - INFO - Successfully optimized ADX-System_01_standard.set -> ADX-System_01_otp.set
2025-04-30 04:45:23,954 - INFO - Successfully optimized AIS1_01_standard.set -> AIS1_01_otp.set
2025-04-30 04:45:23,955 - INFO - Successfully optimized Alexav-D1-Profit-GBPUSD_01_standard.set -> Alexav-D1-Profit-GBPUSD_01_otp.set
2025-04-30 04:45:23,957 - INFO - Successfully optimized All-Average-Ea_01_standard.set -> All-Average-Ea_01_otp.set
2025-04-30 04:45:23,959 - INFO - Successfully optimized Alligator-Simple_01_standard.set -> Alligator-Simple_01_otp.set
2025-04-30 04:45:23,961 - INFO - Successfully optimized Alligator_01_standard.set -> Alligator_01_otp.set
2025-04-30 04:45:23,962 - INFO - Successfully optimized Altarius-RSI-Stohastic_01_standard.set -> Altarius-RSI-Stohastic_01_otp.set
2025-04-30 04:45:23,965 - INFO - Successfully optimized AMA-Trader-2_01_standard.set -> AMA-Trader-2_01_otp.set
2025-04-30 04:45:23,967 - INFO - Successfully optimized AMA-Trader_01_standard.set -> AMA-Trader_01_otp.set
2025-04-30 04:45:23,968 - INFO - Successfully optimized AO-Lightning_01_standard.set -> AO-Lightning_01_otp.set
2025-04-30 04:45:23,970 - INFO - Successfully optimized AOCCI_01_standard.set -> AOCCI_01_otp.set
2025-04-30 04:45:23,972 - INFO - Successfully optimized Arbitrage_01_standard.set -> Arbitrage_01_otp.set
2025-04-30 04:45:23,973 - INFO - Successfully optimized ArbSint_01_standard.set -> ArbSint_01_otp.set
2025-04-30 04:45:23,975 - INFO - Successfully optimized Area-MACD_01_standard.set -> Area-MACD_01_otp.set
2025-04-30 04:45:23,976 - INFO - Successfully optimized Artificial-Intelligence_01_standard.set -> Artificial-Intelligence_01_otp.set
2025-04-30 04:45:23,978 - INFO - Successfully optimized At-random-Full_01_standard.set -> At-random-Full_01_otp.set
2025-04-30 04:45:23,980 - INFO - Successfully optimized At-random_01_standard.set -> At-random_01_otp.set
2025-04-30 04:45:23,982 - INFO - Successfully optimized Auto-ADX_01_standard.set -> Auto-ADX_01_otp.set
2025-04-30 04:45:23,984 - INFO - Successfully optimized Auto-Pivot-Plotter-28Mid-Levels-29-41_01_standard.set -> Auto-Pivot-Plotter-28Mid-Levels-29-41_01_otp.set
2025-04-30 04:45:23,986 - INFO - Successfully optimized AutoLock-EA_01_standard.set -> AutoLock-EA_01_otp.set
2025-04-30 04:45:23,987 - INFO - Successfully optimized Autotrader-Momentum_01_standard.set -> Autotrader-Momentum_01_otp.set
2025-04-30 04:45:23,989 - INFO - Successfully optimized Avalanche-AV_01_standard.set -> Avalanche-AV_01_otp.set
2025-04-30 04:45:23,990 - INFO - Successfully optimized Backbone_01_standard.set -> Backbone_01_otp.set
2025-04-30 04:45:23,991 - INFO - Successfully optimized BADX_01_standard.set -> BADX_01_otp.set
2025-04-30 04:45:23,993 - INFO - Successfully optimized Bago-EA_01_standard.set -> Bago-EA_01_otp.set
2025-04-30 04:45:23,995 - INFO - Successfully optimized BalancedScalper-20EA_01_standard.set -> BalancedScalper-20EA_01_otp.set
2025-04-30 04:45:23,997 - INFO - Successfully optimized Bands-2_01_standard.set -> Bands-2_01_otp.set
2025-04-30 04:45:23,999 - INFO - Successfully optimized BARS-Alligator_01_standard.set -> BARS-Alligator_01_otp.set
2025-04-30 04:45:24,001 - INFO - Successfully optimized Basic-CCI-RSI_01_standard.set -> Basic-CCI-RSI_01_otp.set
2025-04-30 04:45:24,003 - INFO - Successfully optimized Basic-Martingale-EA-3_01_standard.set -> Basic-Martingale-EA-3_01_otp.set
2025-04-30 04:45:24,006 - INFO - Successfully optimized BBPercentile-EA_01_standard.set -> BBPercentile-EA_01_otp.set
2025-04-30 04:45:24,008 - INFO - Successfully optimized BBPercentile_01_standard.set -> BBPercentile_01_otp.set
2025-04-30 04:45:24,010 - INFO - Successfully optimized BDCrossOver-20EA_01_standard.set -> BDCrossOver-20EA_01_otp.set
2025-04-30 04:45:24,013 - INFO - Successfully optimized BIG-DOG_01_standard.set -> BIG-DOG_01_otp.set
2025-04-30 04:45:24,014 - INFO - Successfully optimized Bill-Williams_01_standard.set -> Bill-Williams_01_otp.set
2025-04-30 04:45:24,016 - INFO - Successfully optimized Bollinger-Band-Two-MA-and-Zig-Zag_01_standard.set -> Bollinger-Band-Two-MA-and-Zig-Zag_01_otp.set
2025-04-30 04:45:24,019 - INFO - Successfully optimized Bollinger-Bands-N-positions_01_standard.set -> Bollinger-Bands-N-positions_01_otp.set
2025-04-30 04:45:24,020 - INFO - Successfully optimized Bollinger-Bands-RSI_01_standard.set -> Bollinger-Bands-RSI_01_otp.set
2025-04-30 04:45:24,022 - INFO - Successfully optimized bollinger_01_standard.set -> bollinger_01_otp.set
2025-04-30 04:45:24,023 - INFO - Successfully optimized Brakeout-Trader_01_standard.set -> Brakeout-Trader_01_otp.set
2025-04-30 04:45:24,025 - INFO - Successfully optimized Brandy_01_standard.set -> Brandy_01_otp.set
2025-04-30 04:45:24,027 - INFO - Successfully optimized Breadandbutter2_01_standard.set -> Breadandbutter2_01_otp.set
2025-04-30 04:45:24,029 - INFO - Successfully optimized Breakdown-catcher_01_standard.set -> Breakdown-catcher_01_otp.set
2025-04-30 04:45:24,030 - INFO - Successfully optimized breakdown_01_standard.set -> breakdown_01_otp.set
2025-04-30 04:45:24,032 - INFO - Successfully optimized Breakout-Str_01_standard.set -> Breakout-Str_01_otp.set
2025-04-30 04:45:24,034 - INFO - Successfully optimized Bronze-Warrioir_01_standard.set -> Bronze-Warrioir_01_otp.set
2025-04-30 04:45:24,036 - INFO - Successfully optimized Bruno_01_standard.set -> Bruno_01_otp.set
2025-04-30 04:45:24,037 - INFO - Successfully optimized BSS-1-0_01_standard.set -> BSS-1-0_01_otp.set
2025-04-30 04:45:24,040 - INFO - Successfully optimized Bullish-and-Bearish-Engulfing_01_standard.set -> Bullish-and-Bearish-Engulfing_01_otp.set
2025-04-30 04:45:24,041 - INFO - Successfully optimized Burg-Extrapolator_01_standard.set -> Burg-Extrapolator_01_otp.set
2025-04-30 04:45:24,043 - INFO - Successfully optimized BykovTrend-EA_01_standard.set -> BykovTrend-EA_01_otp.set
2025-04-30 04:45:24,045 - INFO - Successfully optimized Calculate-lotsize-and-Trailling-stop_01_standard.set -> Calculate-lotsize-and-Trailling-stop_01_otp.set
2025-04-30 04:45:24,047 - INFO - Successfully optimized candlepatternsexample_01_standard.set -> candlepatternsexample_01_otp.set
2025-04-30 04:45:24,049 - INFO - Successfully optimized Candle_01_standard.set -> Candle_01_otp.set
2025-04-30 04:45:24,050 - INFO - Successfully optimized Carbophos_01_standard.set -> Carbophos_01_otp.set
2025-04-30 04:45:24,052 - INFO - Successfully optimized CashMachine-5min_01_standard.set -> CashMachine-5min_01_otp.set
2025-04-30 04:45:24,054 - INFO - Successfully optimized CCI-MACD-Scalper_01_standard.set -> CCI-MACD-Scalper_01_otp.set
2025-04-30 04:45:24,056 - INFO - Successfully optimized Cidomo_01_standard.set -> Cidomo_01_otp.set
2025-04-30 04:45:24,057 - INFO - Successfully optimized CloseAgent_01_standard.set -> CloseAgent_01_otp.set
2025-04-30 04:45:24,059 - INFO - Successfully optimized CloseProfit_01_standard.set -> CloseProfit_01_otp.set
2025-04-30 04:45:24,061 - INFO - Successfully optimized cloud's-trade-2_01_standard.set -> cloud's-trade-2_01_otp.set
2025-04-30 04:45:24,062 - INFO - Successfully optimized CLOUD_01_standard.set -> CLOUD_01_otp.set
2025-04-30 04:45:24,064 - INFO - Successfully optimized Constituents-EA_01_standard.set -> Constituents-EA_01_otp.set
2025-04-30 04:45:24,065 - INFO - Successfully optimized Contrarian-trade-MA_01_standard.set -> Contrarian-trade-MA_01_otp.set
2025-04-30 04:45:24,068 - INFO - Successfully optimized Crossing-Moving-Average_01_standard.set -> Crossing-Moving-Average_01_otp.set
2025-04-30 04:45:24,069 - INFO - Successfully optimized CrossMA_01_standard.set -> CrossMA_01_otp.set
2025-04-30 04:45:24,070 - INFO - Successfully optimized Currencyprofits-01.1_01_standard.set -> Currencyprofits-01.1_01_otp.set
2025-04-30 04:45:24,072 - INFO - Successfully optimized Daily-20reversal-20-20EA_01_standard.set -> Daily-20reversal-20-20EA_01_otp.set
2025-04-30 04:45:24,074 - INFO - Successfully optimized Daily-BreakPoint_01_standard.set -> Daily-BreakPoint_01_otp.set
2025-04-30 04:45:24,076 - INFO - Successfully optimized Daily-Open-EA_01_standard.set -> Daily-Open-EA_01_otp.set
2025-04-30 04:45:24,078 - INFO - Successfully optimized Daily-range_01_standard.set -> Daily-range_01_otp.set
2025-04-30 04:45:24,079 - INFO - Successfully optimized Day-Trading-PAMXA_01_standard.set -> Day-Trading-PAMXA_01_otp.set
2025-04-30 04:45:24,081 - INFO - Successfully optimized Daydream_01_standard.set -> Daydream_01_otp.set
2025-04-30 04:45:24,082 - INFO - Successfully optimized DayTrading_01_standard.set -> DayTrading_01_otp.set
2025-04-30 04:45:24,084 - INFO - Successfully optimized Dealers-Trade-v-7.74-MACD_01_standard.set -> Dealers-Trade-v-7.74-MACD_01_otp.set
2025-04-30 04:45:24,085 - INFO - Successfully optimized Deep-Drawdown-MA_01_standard.set -> Deep-Drawdown-MA_01_otp.set
2025-04-30 04:45:24,087 - INFO - Successfully optimized DeMarker-gaining-position-volume-2_01_standard.set -> DeMarker-gaining-position-volume-2_01_otp.set
2025-04-30 04:45:24,089 - INFO - Successfully optimized DeMarker-gaining-position-volume_01_standard.set -> DeMarker-gaining-position-volume_01_otp.set
2025-04-30 04:45:24,091 - INFO - Successfully optimized DeMarker-Pending-2-5_01_standard.set -> DeMarker-Pending-2-5_01_otp.set
2025-04-30 04:45:24,093 - INFO - Successfully optimized DeMarker-Pending-2_01_standard.set -> DeMarker-Pending-2_01_otp.set
2025-04-30 04:45:24,095 - INFO - Successfully optimized DeMarker-Pending_01_standard.set -> DeMarker-Pending_01_otp.set
2025-04-30 04:45:24,098 - INFO - Successfully optimized Dematus_01_standard.set -> Dematus_01_otp.set
2025-04-30 04:45:24,100 - INFO - Successfully optimized Divergence-20for-20many-20indicator_01_standard.set -> Divergence-20for-20many-20indicator_01_otp.set
2025-04-30 04:45:24,102 - INFO - Successfully optimized Divergence-EA_01_standard.set -> Divergence-EA_01_otp.set
2025-04-30 04:45:24,104 - INFO - Successfully optimized Doji-Arrows_01_standard.set -> Doji-Arrows_01_otp.set
2025-04-30 04:45:24,105 - INFO - Successfully optimized DojiTrader_01_standard.set -> DojiTrader_01_otp.set
2025-04-30 04:45:24,107 - INFO - Successfully optimized Donchian-Chanel-EA_01_standard.set -> Donchian-Chanel-EA_01_otp.set
2025-04-30 04:45:24,109 - INFO - Successfully optimized DoubleHullMA-EA_01_standard.set -> DoubleHullMA-EA_01_otp.set
2025-04-30 04:45:24,111 - INFO - Successfully optimized DoubleHullMA_01_standard.set -> DoubleHullMA_01_otp.set
2025-04-30 04:45:24,113 - INFO - Successfully optimized DoubleMA-Crossover-EA_01_standard.set -> DoubleMA-Crossover-EA_01_otp.set
2025-04-30 04:45:24,115 - INFO - Successfully optimized Doubler_01_standard.set -> Doubler_01_otp.set
2025-04-30 04:45:24,117 - INFO - Successfully optimized dummy_01_standard.set -> dummy_01_otp.set
2025-04-30 04:45:24,118 - INFO - Successfully optimized Dynamic-averaging_01_standard.set -> Dynamic-averaging_01_otp.set
2025-04-30 04:45:24,120 - INFO - Successfully optimized e-Breakeven_01_standard.set -> e-Breakeven_01_otp.set
2025-04-30 04:45:24,121 - INFO - Successfully optimized E-Friday_01_standard.set -> E-Friday_01_otp.set
2025-04-30 04:45:24,123 - INFO - Successfully optimized E-Skoch-Open_01_standard.set -> E-Skoch-Open_01_otp.set
2025-04-30 04:45:24,125 - INFO - Successfully optimized e-Skoch-pending-orders_01_standard.set -> e-Skoch-pending-orders_01_otp.set
2025-04-30 04:45:24,126 - INFO - Successfully optimized e-Smart-Trailing_01_standard.set -> e-Smart-Trailing_01_otp.set
2025-04-30 04:45:24,127 - INFO - Successfully optimized e-TurboFx_01_standard.set -> e-TurboFx_01_otp.set
2025-04-30 04:45:24,129 - INFO - Successfully optimized EA-Close_01_standard.set -> EA-Close_01_otp.set
2025-04-30 04:45:24,131 - INFO - Successfully optimized EA-MA-Stoch-RSI_01_standard.set -> EA-MA-Stoch-RSI_01_otp.set
2025-04-30 04:45:24,133 - INFO - Successfully optimized EA-Moving-Average_01_standard.set -> EA-Moving-Average_01_otp.set
2025-04-30 04:45:24,135 - INFO - Successfully optimized Elite-eFibo-Trader_01_standard.set -> Elite-eFibo-Trader_01_otp.set
2025-04-30 04:45:24,137 - INFO - Successfully optimized EMA-6.12_01_standard.set -> EMA-6.12_01_otp.set
2025-04-30 04:45:24,138 - INFO - Successfully optimized EMA-CROSS_01_standard.set -> EMA-CROSS_01_otp.set
2025-04-30 04:45:24,140 - INFO - Successfully optimized EMA-LWMA-RSI_01_standard.set -> EMA-LWMA-RSI_01_otp.set
2025-04-30 04:45:24,141 - INFO - Successfully optimized EMA-RSI-EA_01_standard.set -> EMA-RSI-EA_01_otp.set
2025-04-30 04:45:24,143 - INFO - Successfully optimized EMA-WMA_01_standard.set -> EMA-WMA_01_otp.set
2025-04-30 04:45:24,145 - INFO - Successfully optimized EMA_01_standard.set -> EMA_01_otp.set
2025-04-30 04:45:24,147 - INFO - Successfully optimized Eugene_01_standard.set -> Eugene_01_otp.set
2025-04-30 04:45:24,148 - INFO - Successfully optimized eur-usd-m5_01_standard.set -> eur-usd-m5_01_otp.set
2025-04-30 04:45:24,150 - INFO - Successfully optimized EURUSD-breakout_01_standard.set -> EURUSD-breakout_01_otp.set
2025-04-30 04:45:24,152 - INFO - Successfully optimized Executer-AC_01_standard.set -> Executer-AC_01_otp.set
2025-04-30 04:45:24,153 - INFO - Successfully optimized Executor-AO_01_standard.set -> Executor-AO_01_otp.set
2025-04-30 04:45:24,155 - INFO - Successfully optimized Executor-Candles_01_standard.set -> Executor-Candles_01_otp.set
2025-04-30 04:45:24,157 - INFO - Successfully optimized exp-Amstell_01_standard.set -> exp-Amstell_01_otp.set
2025-04-30 04:45:24,158 - INFO - Successfully optimized Expert-NEWS_01_standard.set -> Expert-NEWS_01_otp.set
2025-04-30 04:45:24,160 - INFO - Successfully optimized Expert-RSI-Stochastic-MA_01_standard.set -> Expert-RSI-Stochastic-MA_01_otp.set
2025-04-30 04:45:24,163 - INFO - Successfully optimized ExtremePrice-EA_01_standard.set -> ExtremePrice-EA_01_otp.set
2025-04-30 04:45:24,165 - INFO - Successfully optimized FiboRetracement-20EA_01_standard.set -> FiboRetracement-20EA_01_otp.set
2025-04-30 04:45:24,167 - INFO - Successfully optimized Firebird_01_standard.set -> Firebird_01_otp.set
2025-04-30 04:45:24,169 - INFO - Successfully optimized Firestorm-EA_01_standard.set -> Firestorm-EA_01_otp.set
2025-04-30 04:45:24,171 - INFO - Successfully optimized Firestorm-indicator_01_standard.set -> Firestorm-indicator_01_otp.set
2025-04-30 04:45:24,173 - INFO - Successfully optimized Fluctuate_01_standard.set -> Fluctuate_01_otp.set
2025-04-30 04:45:24,176 - INFO - Successfully optimized Forex-Fraus-M1_01_standard.set -> Forex-Fraus-M1_01_otp.set
2025-04-30 04:45:24,177 - INFO - Successfully optimized Forex-Profit_01_standard.set -> Forex-Profit_01_otp.set
2025-04-30 04:45:24,179 - INFO - Successfully optimized Fractals-minimum-distance_01_standard.set -> Fractals-minimum-distance_01_otp.set
2025-04-30 04:45:24,181 - INFO - Successfully optimized Fraktrak-xonax_01_standard.set -> Fraktrak-xonax_01_otp.set
2025-04-30 04:45:24,183 - INFO - Successfully optimized Frank-Ud_01_standard.set -> Frank-Ud_01_otp.set
2025-04-30 04:45:24,185 - INFO - Successfully optimized FT-CCI_01_standard.set -> FT-CCI_01_otp.set
2025-04-30 04:45:24,187 - INFO - Successfully optimized Fuzzy-logic_01_standard.set -> Fuzzy-logic_01_otp.set
2025-04-30 04:45:24,189 - INFO - Successfully optimized GalacticExplosion_01_standard.set -> GalacticExplosion_01_otp.set
2025-04-30 04:45:24,191 - INFO - Successfully optimized Gandalf-PRO_01_standard.set -> Gandalf-PRO_01_otp.set
2025-04-30 04:45:24,193 - INFO - Successfully optimized Gap-DM_01_standard.set -> Gap-DM_01_otp.set
2025-04-30 04:45:24,195 - INFO - Successfully optimized GAP-EA_01_standard.set -> GAP-EA_01_otp.set
2025-04-30 04:45:24,197 - INFO - Successfully optimized Gaps_01_standard.set -> Gaps_01_otp.set
2025-04-30 04:45:24,199 - INFO - Successfully optimized GBP9AM_01_standard.set -> GBP9AM_01_otp.set
2025-04-30 04:45:24,200 - INFO - Successfully optimized GbpChf_01_standard.set -> GbpChf_01_otp.set
2025-04-30 04:45:24,202 - INFO - Successfully optimized Gold-Dust_01_standard.set -> Gold-Dust_01_otp.set
2025-04-30 04:45:24,203 - INFO - Successfully optimized GO_01_standard.set -> GO_01_otp.set
2025-04-30 04:45:24,205 - INFO - Successfully optimized GreenTrade_01_standard.set -> GreenTrade_01_otp.set
2025-04-30 04:45:24,207 - INFO - Successfully optimized Grid-Martingale_01_standard.set -> Grid-Martingale_01_otp.set
2025-04-30 04:45:24,209 - INFO - Successfully optimized GridEA_01_standard.set -> GridEA_01_otp.set
2025-04-30 04:45:24,210 - INFO - Successfully optimized Grid_01_standard.set -> Grid_01_otp.set
2025-04-30 04:45:24,212 - INFO - Successfully optimized HarVesteR_01_standard.set -> HarVesteR_01_otp.set
2025-04-30 04:45:24,213 - INFO - Successfully optimized HedgeEA_01_standard.set -> HedgeEA_01_otp.set
2025-04-30 04:45:24,215 - INFO - Successfully optimized hedger_01_standard.set -> hedger_01_otp.set
2025-04-30 04:45:24,217 - INFO - Successfully optimized Hedging-EA_01_standard.set -> Hedging-EA_01_otp.set
2025-04-30 04:45:24,220 - INFO - Successfully optimized Heiken-Ashi-Smoothed-EA-with-MA_01_standard.set -> Heiken-Ashi-Smoothed-EA-with-MA_01_otp.set
2025-04-30 04:45:24,222 - INFO - Successfully optimized Heiken-Ashi-Smoothed-EA_01_standard.set -> Heiken-Ashi-Smoothed-EA_01_otp.set
2025-04-30 04:45:24,224 - INFO - Successfully optimized heiken-ashi-smoothedLine_01_standard.set -> heiken-ashi-smoothedLine_01_otp.set
2025-04-30 04:45:24,226 - INFO - Successfully optimized heiken-ashi-smoothed_01_standard.set -> heiken-ashi-smoothed_01_otp.set
2025-04-30 04:45:24,227 - INFO - Successfully optimized HeikenAshi-Lines-EA_01_standard.set -> HeikenAshi-Lines-EA_01_otp.set
2025-04-30 04:45:24,229 - INFO - Successfully optimized HeikenAshi-Lines_01_standard.set -> HeikenAshi-Lines_01_otp.set
2025-04-30 04:45:24,230 - INFO - Successfully optimized Heinken-Ashi-Color-Candles_01_standard.set -> Heinken-Ashi-Color-Candles_01_otp.set
2025-04-30 04:45:24,232 - INFO - Successfully optimized HelloSmart_01_standard.set -> HelloSmart_01_otp.set
2025-04-30 04:45:24,234 - INFO - Successfully optimized High-Low-EA_01_standard.set -> High-Low-EA_01_otp.set
2025-04-30 04:45:24,236 - INFO - Successfully optimized High-Low-Indicator_01_standard.set -> High-Low-Indicator_01_otp.set
2025-04-30 04:45:24,237 - INFO - Successfully optimized Hoop-master-2_01_standard.set -> Hoop-master-2_01_otp.set
2025-04-30 04:45:24,239 - INFO - Successfully optimized iCCI-iMA_01_standard.set -> iCCI-iMA_01_otp.set
2025-04-30 04:45:24,242 - INFO - Successfully optimized ICH-With-Alert-Derekers-EA_01_standard.set -> ICH-With-Alert-Derekers-EA_01_otp.set
2025-04-30 04:45:24,243 - INFO - Successfully optimized ICH-With-Alert-Derekers_01_standard.set -> ICH-With-Alert-Derekers_01_otp.set
2025-04-30 04:45:24,245 - INFO - Successfully optimized ichimok2005_01_standard.set -> ichimok2005_01_otp.set
2025-04-30 04:45:24,246 - INFO - Successfully optimized Ichimoku-20Kijun-20Alert_01_standard.set -> Ichimoku-20Kijun-20Alert_01_otp.set
2025-04-30 04:45:24,249 - INFO - Successfully optimized Ichimoku-20Tenkan-20Alert_01_standard.set -> Ichimoku-20Tenkan-20Alert_01_otp.set
2025-04-30 04:45:24,250 - INFO - Successfully optimized Ichimoku-Scanner_01_standard.set -> Ichimoku-Scanner_01_otp.set
2025-04-30 04:45:24,251 - INFO - Successfully optimized Ichimoku-Signals-and-Alert_01_standard.set -> Ichimoku-Signals-and-Alert_01_otp.set
2025-04-30 04:45:24,253 - INFO - Successfully optimized IchimokuMTF-EA_01_standard.set -> IchimokuMTF-EA_01_otp.set
2025-04-30 04:45:24,255 - INFO - Successfully optimized Ichimoku_01_standard.set -> Ichimoku_01_otp.set
2025-04-30 04:45:24,257 - INFO - Successfully optimized Ilan-iMA_01_standard.set -> Ilan-iMA_01_otp.set
2025-04-30 04:45:24,258 - INFO - Successfully optimized Ilan1.4_01_standard.set -> Ilan1.4_01_otp.set
2025-04-30 04:45:24,259 - INFO - Successfully optimized iMA-iStdDev_01_standard.set -> iMA-iStdDev_01_otp.set
2025-04-30 04:45:24,261 - INFO - Successfully optimized Indices-Tester_01_standard.set -> Indices-Tester_01_otp.set
2025-04-30 04:45:24,263 - INFO - Successfully optimized Inka-20Edho-20EA_01_standard.set -> Inka-20Edho-20EA_01_otp.set
2025-04-30 04:45:24,265 - INFO - Successfully optimized Intersection-2-iMA_01_standard.set -> Intersection-2-iMA_01_otp.set
2025-04-30 04:45:24,267 - INFO - Successfully optimized IStochastic-Trading_01_standard.set -> IStochastic-Trading_01_otp.set
2025-04-30 04:45:24,269 - INFO - Successfully optimized Ivan_01_standard.set -> Ivan_01_otp.set
2025-04-30 04:45:24,271 - INFO - Successfully optimized iVIDyA-Simple_01_standard.set -> iVIDyA-Simple_01_otp.set
2025-04-30 04:45:24,274 - INFO - Successfully optimized Jackpot-Strategy-EA_01_standard.set -> Jackpot-Strategy-EA_01_otp.set
2025-04-30 04:45:24,276 - INFO - Successfully optimized JackPot-Strategy-Elite_01_standard.set -> JackPot-Strategy-Elite_01_otp.set
2025-04-30 04:45:24,277 - INFO - Successfully optimized JK-BullP-AutoTrader_01_standard.set -> JK-BullP-AutoTrader_01_otp.set
2025-04-30 04:45:24,279 - INFO - Successfully optimized JS-Chaos_01_standard.set -> JS-Chaos_01_otp.set
2025-04-30 04:45:24,281 - INFO - Successfully optimized JS-MA-Day_01_standard.set -> JS-MA-Day_01_otp.set
2025-04-30 04:45:24,283 - INFO - Successfully optimized JS-MA-SAR-Trades_01_standard.set -> JS-MA-SAR-Trades_01_otp.set
2025-04-30 04:45:24,286 - INFO - Successfully optimized KA-Gold-Bot_01_standard.set -> KA-Gold-Bot_01_otp.set
2025-04-30 04:45:24,288 - INFO - Successfully optimized Kue-Electric-EA_01_standard.set -> Kue-Electric-EA_01_otp.set
2025-04-30 04:45:24,290 - INFO - Successfully optimized KueFx-20Arrows_01_standard.set -> KueFx-20Arrows_01_otp.set
2025-04-30 04:45:24,291 - INFO - Successfully optimized KueFx-20Baseline_01_standard.set -> KueFx-20Baseline_01_otp.set
2025-04-30 04:45:24,293 - INFO - Successfully optimized KueFx-Arrows-20EA_01_standard.set -> KueFx-Arrows-20EA_01_otp.set
2025-04-30 04:45:24,295 - INFO - Successfully optimized KueFx-Arrows-EA_01_standard.set -> KueFx-Arrows-EA_01_otp.set
2025-04-30 04:45:24,297 - INFO - Successfully optimized KueFx-Arrows_01_standard.set -> KueFx-Arrows_01_otp.set
2025-04-30 04:45:24,299 - INFO - Successfully optimized KueFx-Baseline-EA_01_standard.set -> KueFx-Baseline-EA_01_otp.set
2025-04-30 04:45:24,300 - INFO - Successfully optimized KueFx-Baseline_01_standard.set -> KueFx-Baseline_01_otp.set
2025-04-30 04:45:24,302 - INFO - Successfully optimized KueFx-Clean-2025-EA_01_standard.set -> KueFx-Clean-2025-EA_01_otp.set
2025-04-30 04:45:24,305 - INFO - Successfully optimized KueFx-Extreme-EA_01_standard.set -> KueFx-Extreme-EA_01_otp.set
2025-04-30 04:45:24,307 - INFO - Successfully optimized KueFx-Harare-EA_01_standard.set -> KueFx-Harare-EA_01_otp.set
2025-04-30 04:45:24,308 - INFO - Successfully optimized KueFX-Money-Management_01_standard.set -> KueFX-Money-Management_01_otp.set
2025-04-30 04:45:24,311 - INFO - Successfully optimized KueFx-Motor-EA_01_standard.set -> KueFx-Motor-EA_01_otp.set
2025-04-30 04:45:24,312 - INFO - Successfully optimized KueFx-Motor_01_standard.set -> KueFx-Motor_01_otp.set
2025-04-30 04:45:24,314 - INFO - Successfully optimized KueFx-Trend_01_standard.set -> KueFx-Trend_01_otp.set
2025-04-30 04:45:24,317 - INFO - Successfully optimized KueFxTrend-20EA_01_standard.set -> KueFxTrend-20EA_01_otp.set
2025-04-30 04:45:24,319 - INFO - Successfully optimized KueFxTrend-EA_01_standard.set -> KueFxTrend-EA_01_otp.set
2025-04-30 04:45:24,320 - INFO - Successfully optimized LarryConnersRSI2_01_standard.set -> LarryConnersRSI2_01_otp.set
2025-04-30 04:45:24,321 - INFO - Successfully optimized Last-ZZ50_01_standard.set -> Last-ZZ50_01_otp.set
2025-04-30 04:45:24,323 - INFO - Successfully optimized Lavika100_01_standard.set -> Lavika100_01_otp.set
2025-04-30 04:45:24,325 - INFO - Successfully optimized LBS_01_standard.set -> LBS_01_otp.set
2025-04-30 04:45:24,327 - INFO - Successfully optimized Lego-EA_01_standard.set -> Lego-EA_01_otp.set
2025-04-30 04:45:24,328 - INFO - Successfully optimized Lesson-3-Price-Action_01_standard.set -> Lesson-3-Price-Action_01_otp.set
2025-04-30 04:45:24,330 - INFO - Successfully optimized Lesson-4-Price-Action-MA-Filter_01_standard.set -> Lesson-4-Price-Action-MA-Filter_01_otp.set
2025-04-30 04:45:24,332 - INFO - Successfully optimized Lesson-6-Trailling-ATR_01_standard.set -> Lesson-6-Trailling-ATR_01_otp.set
2025-04-30 04:45:24,333 - INFO - Successfully optimized Lesson-7-Price-action-Ket-hop-Volume-VSA_01_standard.set -> Lesson-7-Price-action-Ket-hop-Volume-VSA_01_otp.set
2025-04-30 04:45:24,334 - INFO - Successfully optimized Little-EA_01_standard.set -> Little-EA_01_otp.set
2025-04-30 04:45:24,336 - INFO - Successfully optimized Locker_01_standard.set -> Locker_01_otp.set
2025-04-30 04:45:24,337 - INFO - Successfully optimized Lock_01_standard.set -> Lock_01_otp.set
2025-04-30 04:45:24,339 - INFO - Successfully optimized Lucky_01_standard.set -> Lucky_01_otp.set
2025-04-30 04:45:24,340 - INFO - Successfully optimized MA-20Alert_01_standard.set -> MA-20Alert_01_otp.set
2025-04-30 04:45:24,342 - INFO - Successfully optimized MA-20AO-20Arrow_01_standard.set -> MA-20AO-20Arrow_01_otp.set
2025-04-30 04:45:24,344 - INFO - Successfully optimized MA-AO-EA_01_standard.set -> MA-AO-EA_01_otp.set
2025-04-30 04:45:24,346 - INFO - Successfully optimized ma-channels_01_standard.set -> ma-channels_01_otp.set
2025-04-30 04:45:24,347 - INFO - Successfully optimized MA-Cross_01_standard.set -> MA-Cross_01_otp.set
2025-04-30 04:45:24,349 - INFO - Successfully optimized MA-Envelopes_01_standard.set -> MA-Envelopes_01_otp.set
2025-04-30 04:45:24,351 - INFO - Successfully optimized MA-MACD-Position-averaging_01_standard.set -> MA-MACD-Position-averaging_01_otp.set
2025-04-30 04:45:24,352 - INFO - Successfully optimized MA-Trend_01_standard.set -> MA-Trend_01_otp.set
2025-04-30 04:45:24,353 - INFO - Successfully optimized MA2CCI_01_standard.set -> MA2CCI_01_otp.set
2025-04-30 04:45:24,355 - INFO - Successfully optimized MACD-and-SAR_01_standard.set -> MACD-and-SAR_01_otp.set
2025-04-30 04:45:24,356 - INFO - Successfully optimized MACD-Cleaner_01_standard.set -> MACD-Cleaner_01_otp.set
2025-04-30 04:45:24,358 - INFO - Successfully optimized MACD-EA-H4_01_standard.set -> MACD-EA-H4_01_otp.set
2025-04-30 04:45:24,360 - INFO - Successfully optimized MACD-No-Sample_01_standard.set -> MACD-No-Sample_01_otp.set
2025-04-30 04:45:24,361 - INFO - Successfully optimized MACD-signal_01_standard.set -> MACD-signal_01_otp.set
2025-04-30 04:45:24,363 - INFO - Successfully optimized MACD-Stochastic-2_01_standard.set -> MACD-Stochastic-2_01_otp.set
2025-04-30 04:45:24,365 - INFO - Successfully optimized MACD-Stochastic_01_standard.set -> MACD-Stochastic_01_otp.set
2025-04-30 04:45:24,367 - INFO - Successfully optimized MACDCCI_01_standard.set -> MACDCCI_01_otp.set
2025-04-30 04:45:24,370 - INFO - Successfully optimized MacdPatternTraderAll0.01_01_standard.set -> MacdPatternTraderAll0.01_01_otp.set
2025-04-30 04:45:24,372 - INFO - Successfully optimized MacdPatternTraderAll_01_standard.set -> MacdPatternTraderAll_01_otp.set
2025-04-30 04:45:24,373 - INFO - Successfully optimized MACD_01_standard.set -> MACD_01_otp.set
2025-04-30 04:45:24,375 - INFO - Successfully optimized MAGrid_01_standard.set -> MAGrid_01_otp.set
2025-04-30 04:45:24,377 - INFO - Successfully optimized MAMACD_01_standard.set -> MAMACD_01_otp.set
2025-04-30 04:45:24,378 - INFO - Successfully optimized Market-Capture_01_standard.set -> Market-Capture_01_otp.set
2025-04-30 04:45:24,380 - INFO - Successfully optimized Martin-1_01_standard.set -> Martin-1_01_otp.set
2025-04-30 04:45:24,382 - INFO - Successfully optimized Martin-for-small-deposits_01_standard.set -> Martin-for-small-deposits_01_otp.set
2025-04-30 04:45:24,383 - INFO - Successfully optimized MartingailExpert_01_standard.set -> MartingailExpert_01_otp.set
2025-04-30 04:45:24,384 - INFO - Successfully optimized MartinGaleBreakout_01_standard.set -> MartinGaleBreakout_01_otp.set
2025-04-30 04:45:24,386 - INFO - Successfully optimized Martin_01_standard.set -> Martin_01_otp.set
2025-04-30 04:45:24,388 - INFO - Successfully optimized Marubozu-EA_01_standard.set -> Marubozu-EA_01_otp.set
2025-04-30 04:45:24,389 - INFO - Successfully optimized Marubozu_01_standard.set -> Marubozu_01_otp.set
2025-04-30 04:45:24,391 - INFO - Successfully optimized MelBar-EuSwiss-1.85_01_standard.set -> MelBar-EuSwiss-1.85_01_otp.set
2025-04-30 04:45:24,393 - INFO - Successfully optimized MelBar™Take325-™-5.5Y-NZD-USD_01_standard.set -> MelBar™Take325-™-5.5Y-NZD-USD_01_otp.set
2025-04-30 04:45:24,395 - INFO - Successfully optimized Mobo-Bands-EA_01_standard.set -> Mobo-Bands-EA_01_otp.set
2025-04-30 04:45:24,396 - INFO - Successfully optimized Mobo-Bands_01_standard.set -> Mobo-Bands_01_otp.set
2025-04-30 04:45:24,398 - INFO - Successfully optimized Modified-Moving-Averages_01_standard.set -> Modified-Moving-Averages_01_otp.set
2025-04-30 04:45:24,399 - INFO - Successfully optimized Momentum-M15_01_standard.set -> Momentum-M15_01_otp.set
2025-04-30 04:45:24,401 - INFO - Successfully optimized Momo-trades_01_standard.set -> Momo-trades_01_otp.set
2025-04-30 04:45:24,403 - INFO - Successfully optimized Money-Fixed-Margin_01_standard.set -> Money-Fixed-Margin_01_otp.set
2025-04-30 04:45:24,404 - INFO - Successfully optimized Money-Fixed-Risk_01_standard.set -> Money-Fixed-Risk_01_otp.set
2025-04-30 04:45:24,405 - INFO - Successfully optimized MoneyRain_01_standard.set -> MoneyRain_01_otp.set
2025-04-30 04:45:24,407 - INFO - Successfully optimized Morning-evening-star-EA_01_standard.set -> Morning-evening-star-EA_01_otp.set
2025-04-30 04:45:24,409 - INFO - Successfully optimized MostasHaR15-Pivot_01_standard.set -> MostasHaR15-Pivot_01_otp.set
2025-04-30 04:45:24,411 - INFO - Successfully optimized Moving-20average-20and-20ichimoku-20EA_01_standard.set -> Moving-20average-20and-20ichimoku-20EA_01_otp.set
2025-04-30 04:45:24,412 - INFO - Successfully optimized Moving-Average-Trade-System_01_standard.set -> Moving-Average-Trade-System_01_otp.set
2025-04-30 04:45:24,414 - INFO - Successfully optimized Moving-Averages_01_standard.set -> Moving-Averages_01_otp.set
2025-04-30 04:45:24,416 - INFO - Successfully optimized MovingAverageMartinGale_01_standard.set -> MovingAverageMartinGale_01_otp.set
2025-04-30 04:45:24,418 - INFO - Successfully optimized MovingAverage_01_standard.set -> MovingAverage_01_otp.set
2025-04-30 04:45:24,420 - INFO - Successfully optimized MQL5-Wizard-MA-RSI_01_standard.set -> MQL5-Wizard-MA-RSI_01_otp.set
2025-04-30 04:45:24,422 - INFO - Successfully optimized MQL5-Wizard-MACD-Parabolic-SAR_01_standard.set -> MQL5-Wizard-MACD-Parabolic-SAR_01_otp.set
2025-04-30 04:45:24,424 - INFO - Successfully optimized MTC-Сombo_01_standard.set -> MTC-Сombo_01_otp.set
2025-04-30 04:45:24,426 - INFO - Successfully optimized Multi-Stochastic_01_standard.set -> Multi-Stochastic_01_otp.set
2025-04-30 04:45:24,428 - INFO - Successfully optimized MultiMartin_01_standard.set -> MultiMartin_01_otp.set
2025-04-30 04:45:24,430 - INFO - Successfully optimized MySystem_01_standard.set -> MySystem_01_otp.set
2025-04-30 04:45:24,431 - INFO - Successfully optimized N-Candles_01_standard.set -> N-Candles_01_otp.set
2025-04-30 04:45:24,433 - INFO - Successfully optimized Nevalyashka-BreakdownLevel_01_standard.set -> Nevalyashka-BreakdownLevel_01_otp.set
2025-04-30 04:45:24,435 - INFO - Successfully optimized Nevalyashka3-1_01_standard.set -> Nevalyashka3-1_01_otp.set
2025-04-30 04:45:24,437 - INFO - Successfully optimized Nevalyashka_01_standard.set -> Nevalyashka_01_otp.set
2025-04-30 04:45:24,439 - INFO - Successfully optimized New-Martin_01_standard.set -> New-Martin_01_otp.set
2025-04-30 04:45:24,440 - INFO - Successfully optimized New-Random_01_standard.set -> New-Random_01_otp.set
2025-04-30 04:45:24,442 - INFO - Successfully optimized Nextbar_01_standard.set -> Nextbar_01_otp.set
2025-04-30 04:45:24,444 - INFO - Successfully optimized Night-Flat-Trade_01_standard.set -> Night-Flat-Trade_01_otp.set
2025-04-30 04:45:24,446 - INFO - Successfully optimized NightScalper_01_standard.set -> NightScalper_01_otp.set
2025-04-30 04:45:24,448 - INFO - Successfully optimized NRTR-Revers_01_standard.set -> NRTR-Revers_01_otp.set
2025-04-30 04:45:24,450 - INFO - Successfully optimized NUp1Down_01_standard.set -> NUp1Down_01_otp.set
2025-04-30 04:45:24,452 - INFO - Successfully optimized Open-Candle-EA_01_standard.set -> Open-Candle-EA_01_otp.set
2025-04-30 04:45:24,454 - INFO - Successfully optimized Open-Close_01_standard.set -> Open-Close_01_otp.set
2025-04-30 04:45:24,455 - INFO - Successfully optimized Opening-and-ilosing-on-time_01_standard.set -> Opening-and-ilosing-on-time_01_otp.set
2025-04-30 04:45:24,458 - INFO - Successfully optimized Opening-and-Сlosing-on-time_01_standard.set -> Opening-and-Сlosing-on-time_01_otp.set
2025-04-30 04:45:24,460 - INFO - Successfully optimized OpenPendingorderAfterPositionGetStopLoss_01_standard.set -> OpenPendingorderAfterPositionGetStopLoss_01_otp.set
2025-04-30 04:45:24,462 - INFO - Successfully optimized OpenTicks_01_standard.set -> OpenTicks_01_otp.set
2025-04-30 04:45:24,465 - INFO - Successfully optimized ORB-EA-BOX_01_standard.set -> ORB-EA-BOX_01_otp.set
2025-04-30 04:45:24,466 - INFO - Successfully optimized OsMaSter_01_standard.set -> OsMaSter_01_otp.set
2025-04-30 04:45:24,469 - INFO - Successfully optimized OTT-20AND-20PRICE-20CROSS-20EA_01_standard.set -> OTT-20AND-20PRICE-20CROSS-20EA_01_otp.set
2025-04-30 04:45:24,471 - INFO - Successfully optimized OverHedge_01_standard.set -> OverHedge_01_otp.set
2025-04-30 04:45:24,473 - INFO - Successfully optimized OzFx_01_standard.set -> OzFx_01_otp.set
2025-04-30 04:45:24,475 - INFO - Successfully optimized Parabolic-SAR_01_standard.set -> Parabolic-SAR_01_otp.set
2025-04-30 04:45:24,478 - INFO - Successfully optimized PARSI-EA_01_standard.set -> PARSI-EA_01_otp.set
2025-04-30 04:45:24,480 - INFO - Successfully optimized Peceptron-Mult_01_standard.set -> Peceptron-Mult_01_otp.set
2025-04-30 04:45:24,481 - INFO - Successfully optimized Pending-orders-by-time-2_01_standard.set -> Pending-orders-by-time-2_01_otp.set
2025-04-30 04:45:24,483 - INFO - Successfully optimized Pending-orders-by-time_01_standard.set -> Pending-orders-by-time_01_otp.set
2025-04-30 04:45:24,485 - INFO - Successfully optimized Pendulum_01_standard.set -> Pendulum_01_otp.set
2025-04-30 04:45:24,487 - INFO - Successfully optimized Pinball-machine_01_standard.set -> Pinball-machine_01_otp.set
2025-04-30 04:45:24,489 - INFO - Successfully optimized Pinbar-Magic-EA_01_standard.set -> Pinbar-Magic-EA_01_otp.set
2025-04-30 04:45:24,491 - INFO - Successfully optimized PinBar-Magic-Indicator_01_standard.set -> PinBar-Magic-Indicator_01_otp.set
2025-04-30 04:45:24,493 - INFO - Successfully optimized Pipsover_01_standard.set -> Pipsover_01_otp.set
2025-04-30 04:45:24,495 - INFO - Successfully optimized Plan-X_01_standard.set -> Plan-X_01_otp.set
2025-04-30 04:45:24,497 - INFO - Successfully optimized Plateau_01_standard.set -> Plateau_01_otp.set
2025-04-30 04:45:24,499 - INFO - Successfully optimized Poker-SHOW_01_standard.set -> Poker-SHOW_01_otp.set
2025-04-30 04:45:24,501 - INFO - Successfully optimized Precipice-MartIn_01_standard.set -> Precipice-MartIn_01_otp.set
2025-04-30 04:45:24,503 - INFO - Successfully optimized Precipice_01_standard.set -> Precipice_01_otp.set
2025-04-30 04:45:24,505 - INFO - Successfully optimized Probe_01_standard.set -> Probe_01_otp.set
2025-04-30 04:45:24,507 - INFO - Successfully optimized Proffessor_01_standard.set -> Proffessor_01_otp.set
2025-04-30 04:45:24,509 - INFO - Successfully optimized PropFirmHelper_01_standard.set -> PropFirmHelper_01_otp.set
2025-04-30 04:45:24,512 - INFO - Successfully optimized PROphet_01_standard.set -> PROphet_01_otp.set
2025-04-30 04:45:24,514 - INFO - Successfully optimized Puria-method_01_standard.set -> Puria-method_01_otp.set
2025-04-30 04:45:24,516 - INFO - Successfully optimized Rabbit3_01_standard.set -> Rabbit3_01_otp.set
2025-04-30 04:45:24,517 - INFO - Successfully optimized Range-Breakout_01_standard.set -> Range-Breakout_01_otp.set
2025-04-30 04:45:24,519 - INFO - Successfully optimized Rapid-Doji-EA_01_standard.set -> Rapid-Doji-EA_01_otp.set
2025-04-30 04:45:24,521 - INFO - Successfully optimized Raymond-Cloudy-Day-for-EA_01_standard.set -> Raymond-Cloudy-Day-for-EA_01_otp.set
2025-04-30 04:45:24,523 - INFO - Successfully optimized Reflex-EA_01_standard.set -> Reflex-EA_01_otp.set
2025-04-30 04:45:24,526 - INFO - Successfully optimized REFLEX-INDICATOR_01_standard.set -> REFLEX-INDICATOR_01_otp.set
2025-04-30 04:45:24,528 - INFO - Successfully optimized Reflex_01_standard.set -> Reflex_01_otp.set
2025-04-30 04:45:24,530 - INFO - Successfully optimized Reversing-Martingale_01_standard.set -> Reversing-Martingale_01_otp.set
2025-04-30 04:45:24,532 - INFO - Successfully optimized RideAlligator_01_standard.set -> RideAlligator_01_otp.set
2025-04-30 04:45:24,534 - INFO - Successfully optimized RNN_01_standard.set -> RNN_01_otp.set
2025-04-30 04:45:24,536 - INFO - Successfully optimized Robot-MACD_01_standard.set -> Robot-MACD_01_otp.set
2025-04-30 04:45:24,538 - INFO - Successfully optimized RobotPowerM5-meta4_01_standard.set -> RobotPowerM5-meta4_01_otp.set
2025-04-30 04:45:24,540 - INFO - Successfully optimized Rollback-system_01_standard.set -> Rollback-system_01_otp.set
2025-04-30 04:45:24,542 - INFO - Successfully optimized RSI-and-Bollinger-Bands_01_standard.set -> RSI-and-Bollinger-Bands_01_otp.set
2025-04-30 04:45:24,544 - INFO - Successfully optimized RSI-Arrow-EA_01_standard.set -> RSI-Arrow-EA_01_otp.set
2025-04-30 04:45:24,546 - INFO - Successfully optimized RSI-Arrow_01_standard.set -> RSI-Arrow_01_otp.set
2025-04-30 04:45:24,548 - INFO - Successfully optimized RSI-EA_01_standard.set -> RSI-EA_01_otp.set
2025-04-30 04:45:24,550 - INFO - Successfully optimized RSI-Eraser_01_standard.set -> RSI-Eraser_01_otp.set
2025-04-30 04:45:24,552 - INFO - Successfully optimized RSI-Expert_01_standard.set -> RSI-Expert_01_otp.set
2025-04-30 04:45:24,554 - INFO - Successfully optimized RSI-Levels_01_standard.set -> RSI-Levels_01_otp.set
2025-04-30 04:45:24,556 - INFO - Successfully optimized RSI-trader_01_standard.set -> RSI-trader_01_otp.set
2025-04-30 04:45:24,558 - INFO - Successfully optimized RSI-Trend-EA_01_standard.set -> RSI-Trend-EA_01_otp.set
2025-04-30 04:45:24,560 - INFO - Successfully optimized RSI-Trend_01_standard.set -> RSI-Trend_01_otp.set
2025-04-30 04:45:24,562 - INFO - Successfully optimized RSI-with-channels-EA_01_standard.set -> RSI-with-channels-EA_01_otp.set
2025-04-30 04:45:24,564 - INFO - Successfully optimized RSI-with-channels_01_standard.set -> RSI-with-channels_01_otp.set
2025-04-30 04:45:24,566 - INFO - Successfully optimized Russian20-hp1_01_standard.set -> Russian20-hp1_01_otp.set
2025-04-30 04:45:24,568 - INFO - Successfully optimized SampleCheckPendingOrder_01_standard.set -> SampleCheckPendingOrder_01_otp.set
2025-04-30 04:45:24,570 - INFO - Successfully optimized SAR-trading_01_standard.set -> SAR-trading_01_otp.set
2025-04-30 04:45:24,571 - INFO - Successfully optimized Secwenta_01_standard.set -> Secwenta_01_otp.set
2025-04-30 04:45:24,572 - INFO - Successfully optimized Sell-Stop_01_standard.set -> Sell-Stop_01_otp.set
2025-04-30 04:45:24,575 - INFO - Successfully optimized Sensitive_01_standard.set -> Sensitive_01_otp.set
2025-04-30 04:45:24,577 - INFO - Successfully optimized Separate-trade_01_standard.set -> Separate-trade_01_otp.set
2025-04-30 04:45:24,578 - INFO - Successfully optimized SilverTrend_01_standard.set -> SilverTrend_01_otp.set
2025-04-30 04:45:24,580 - INFO - Successfully optimized Simple-20Price-20Alert-20-20EA_01_standard.set -> Simple-20Price-20Alert-20-20EA_01_otp.set
2025-04-30 04:45:24,582 - INFO - Successfully optimized Simple-20Volume-20EA_01_standard.set -> Simple-20Volume-20EA_01_otp.set
2025-04-30 04:45:24,584 - INFO - Successfully optimized Simple-EA-MA-plus-MACD_01_standard.set -> Simple-EA-MA-plus-MACD_01_otp.set
2025-04-30 04:45:24,585 - INFO - Successfully optimized Simple-FX_01_standard.set -> Simple-FX_01_otp.set
2025-04-30 04:45:24,587 - INFO - Successfully optimized Simple-MACD_01_standard.set -> Simple-MACD_01_otp.set
2025-04-30 04:45:24,590 - INFO - Successfully optimized Simple-Volume-EA_01_standard.set -> Simple-Volume-EA_01_otp.set
2025-04-30 04:45:24,592 - INFO - Successfully optimized SimplePivot_01_standard.set -> SimplePivot_01_otp.set
2025-04-30 04:45:24,594 - INFO - Successfully optimized Simplest-Hedging-EA-ever_01_standard.set -> Simplest-Hedging-EA-ever_01_otp.set
2025-04-30 04:45:24,596 - INFO - Successfully optimized SimpleTrade _01_standard.set -> SimpleTrade _01_otp.set
2025-04-30 04:45:24,598 - INFO - Successfully optimized Six-Soldiers-EA-Grid_01_standard.set -> Six-Soldiers-EA-Grid_01_otp.set
2025-04-30 04:45:24,600 - INFO - Successfully optimized Six-Soldiers-EA_01_standard.set -> Six-Soldiers-EA_01_otp.set
2025-04-30 04:45:24,602 - INFO - Successfully optimized Six-Soldiers_01_standard.set -> Six-Soldiers_01_otp.set
2025-04-30 04:45:24,604 - INFO - Successfully optimized Small-Inside-Bar-Strategy_01_standard.set -> Small-Inside-Bar-Strategy_01_otp.set
2025-04-30 04:45:24,606 - INFO - Successfully optimized Smart-Machine-20EA_01_standard.set -> Smart-Machine-20EA_01_otp.set
2025-04-30 04:45:24,608 - INFO - Successfully optimized Smoothing-Average_01_standard.set -> Smoothing-Average_01_otp.set
2025-04-30 04:45:24,610 - INFO - Successfully optimized Spasm_01_standard.set -> Spasm_01_otp.set
2025-04-30 04:45:24,612 - INFO - Successfully optimized ssb5-123_01_standard.set -> ssb5-123_01_otp.set
2025-04-30 04:45:24,613 - INFO - Successfully optimized Starter_01_standard.set -> Starter_01_otp.set
2025-04-30 04:45:24,616 - INFO - Successfully optimized Steve-Cartwright-Trader-Camel-CCI-MACD_01_standard.set -> Steve-Cartwright-Trader-Camel-CCI-MACD_01_otp.set
2025-04-30 04:45:24,618 - INFO - Successfully optimized Stoch-EA-1192_01_standard.set -> Stoch-EA-1192_01_otp.set
2025-04-30 04:45:24,619 - INFO - Successfully optimized Stochastic-20Alert_01_standard.set -> Stochastic-20Alert_01_otp.set
2025-04-30 04:45:24,621 - INFO - Successfully optimized Stochastic-K-Divergence.lua_01_standard.set -> Stochastic-K-Divergence.lua_01_otp.set
2025-04-30 04:45:24,622 - INFO - Successfully optimized stochastic-three-periods_01_standard.set -> stochastic-three-periods_01_otp.set
2025-04-30 04:45:24,625 - INFO - Successfully optimized StochasticDiffSign-EA_01_standard.set -> StochasticDiffSign-EA_01_otp.set
2025-04-30 04:45:24,627 - INFO - Successfully optimized stochasticdiffsign_01_standard.set -> stochasticdiffsign_01_otp.set
2025-04-30 04:45:24,628 - INFO - Successfully optimized StochMA-EA_01_standard.set -> StochMA-EA_01_otp.set
2025-04-30 04:45:24,630 - INFO - Successfully optimized StochMA_01_standard.set -> StochMA_01_otp.set
2025-04-30 04:45:24,632 - INFO - Successfully optimized Stoch_01_standard.set -> Stoch_01_otp.set
2025-04-30 04:45:24,633 - INFO - Successfully optimized Stop-Loss-Take-Profit_01_standard.set -> Stop-Loss-Take-Profit_01_otp.set
2025-04-30 04:45:24,635 - INFO - Successfully optimized StraddleqTrail_01_standard.set -> StraddleqTrail_01_otp.set
2025-04-30 04:45:24,637 - INFO - Successfully optimized Surefirething_01_standard.set -> Surefirething_01_otp.set
2025-04-30 04:45:24,639 - INFO - Successfully optimized TDSGlobal_01_standard.set -> TDSGlobal_01_otp.set
2025-04-30 04:45:24,641 - INFO - Successfully optimized The-MasterMind-2_01_standard.set -> The-MasterMind-2_01_otp.set
2025-04-30 04:45:24,643 - INFO - Successfully optimized The-MasterMind-3_01_standard.set -> The-MasterMind-3_01_otp.set
2025-04-30 04:45:24,645 - INFO - Successfully optimized The-MasterMind_01_standard.set -> The-MasterMind_01_otp.set
2025-04-30 04:45:24,647 - INFO - Successfully optimized The-Puncher_01_standard.set -> The-Puncher_01_otp.set
2025-04-30 04:45:24,649 - INFO - Successfully optimized TheClassicTurtleTrader-no-dots-EA_01_standard.set -> TheClassicTurtleTrader-no-dots-EA_01_otp.set
2025-04-30 04:45:24,651 - INFO - Successfully optimized TheClassicTurtleTrader-no-dots_01_standard.set -> TheClassicTurtleTrader-no-dots_01_otp.set
2025-04-30 04:45:24,652 - INFO - Successfully optimized Three-indicators_01_standard.set -> Three-indicators_01_otp.set
2025-04-30 04:45:24,654 - INFO - Successfully optimized Three-neural-networks_01_standard.set -> Three-neural-networks_01_otp.set
2025-04-30 04:45:24,656 - INFO - Successfully optimized Three-timeframes_01_standard.set -> Three-timeframes_01_otp.set
2025-04-30 04:45:24,658 - INFO - Successfully optimized Three-Typical-Candles_01_standard.set -> Three-Typical-Candles_01_otp.set
2025-04-30 04:45:24,660 - INFO - Successfully optimized Time-sync-forts_01_standard.set -> Time-sync-forts_01_otp.set
2025-04-30 04:45:24,661 - INFO - Successfully optimized timer-trade_01_standard.set -> timer-trade_01_otp.set
2025-04-30 04:45:24,662 - INFO - Successfully optimized TMA-ATR-Channel_01_standard.set -> TMA-ATR-Channel_01_otp.set
2025-04-30 04:45:24,665 - INFO - Successfully optimized TMA-ATR-EA_01_standard.set -> TMA-ATR-EA_01_otp.set
2025-04-30 04:45:24,667 - INFO - Successfully optimized TMA-CG-EA_01_standard.set -> TMA-CG-EA_01_otp.set
2025-04-30 04:45:24,669 - INFO - Successfully optimized TMA-CG-Martingale-20EA_01_standard.set -> TMA-CG-Martingale-20EA_01_otp.set
2025-04-30 04:45:24,671 - INFO - Successfully optimized TMA-CG-mladen_01_standard.set -> TMA-CG-mladen_01_otp.set
2025-04-30 04:45:24,673 - INFO - Successfully optimized TMA-CG-special_01_standard.set -> TMA-CG-special_01_otp.set
2025-04-30 04:45:24,674 - INFO - Successfully optimized TMA-slope-bands_01_standard.set -> TMA-slope-bands_01_otp.set
2025-04-30 04:45:24,675 - INFO - Successfully optimized TmaTrue-2.0-with-Distances-6xx_01_standard.set -> TmaTrue-2.0-with-Distances-6xx_01_otp.set
2025-04-30 04:45:24,677 - INFO - Successfully optimized TmaTrue-3.0-with-Distances-6xx_01_standard.set -> TmaTrue-3.0-with-Distances-6xx_01_otp.set
2025-04-30 04:45:24,679 - INFO - Successfully optimized TP-with-money_01_standard.set -> TP-with-money_01_otp.set
2025-04-30 04:45:24,691 - INFO - Successfully optimized Trade-in-Channel_01_standard.set -> Trade-in-Channel_01_otp.set
2025-04-30 04:45:24,700 - INFO - Successfully optimized Trade-on-qualified-RSI_01_standard.set -> Trade-on-qualified-RSI_01_otp.set
2025-04-30 04:45:24,704 - INFO - Successfully optimized Trading-Breakout-MrThanhTan_01_standard.set -> Trading-Breakout-MrThanhTan_01_otp.set
2025-04-30 04:45:24,708 - INFO - Successfully optimized Trend-Trader-Strategy-EA_01_standard.set -> Trend-Trader-Strategy-EA_01_otp.set
2025-04-30 04:45:24,713 - INFO - Successfully optimized Trend-Trader-Strategy_01_standard.set -> Trend-Trader-Strategy_01_otp.set
2025-04-30 04:45:24,715 - INFO - Successfully optimized Tru-EA_01_standard.set -> Tru-EA_01_otp.set
2025-04-30 04:45:24,718 - INFO - Successfully optimized True-Scalper-Profit-Lock_01_standard.set -> True-Scalper-Profit-Lock_01_otp.set
2025-04-30 04:45:24,722 - INFO - Successfully optimized TrueSort-1100_01_standard.set -> TrueSort-1100_01_otp.set
2025-04-30 04:45:24,726 - INFO - Successfully optimized Tunnel-gen4_01_standard.set -> Tunnel-gen4_01_otp.set
2025-04-30 04:45:24,730 - INFO - Successfully optimized Tunnel-Method_01_standard.set -> Tunnel-Method_01_otp.set
2025-04-30 04:45:24,733 - INFO - Successfully optimized TurnGrid_01_standard.set -> TurnGrid_01_otp.set
2025-04-30 04:45:24,736 - INFO - Successfully optimized Two PerBar _01_standard.set -> Two PerBar _01_otp.set
2025-04-30 04:45:24,746 - INFO - Successfully optimized Two-20MA-20RSI-20ADX-20EA_01_standard.set -> Two-20MA-20RSI-20ADX-20EA_01_otp.set
2025-04-30 04:45:24,750 - INFO - Successfully optimized Two-20Orders-20Panel_01_standard.set -> Two-20Orders-20Panel_01_otp.set
2025-04-30 04:45:24,754 - INFO - Successfully optimized Two-pending-orders-2_01_standard.set -> Two-pending-orders-2_01_otp.set
2025-04-30 04:45:24,757 - INFO - Successfully optimized UnityPro_01_standard.set -> UnityPro_01_otp.set
2025-04-30 04:45:24,760 - INFO - Successfully optimized UniversalMACrossEA_01_standard.set -> UniversalMACrossEA_01_otp.set
2025-04-30 04:45:24,764 - INFO - Successfully optimized UniversalSignalDemo_01_standard.set -> UniversalSignalDemo_01_otp.set
2025-04-30 04:45:24,768 - INFO - Successfully optimized Universum-3.0_01_standard.set -> Universum-3.0_01_otp.set
2025-04-30 04:45:24,772 - INFO - Successfully optimized UnNomGuai-20EA_01_standard.set -> UnNomGuai-20EA_01_otp.set
2025-04-30 04:45:24,774 - INFO - Successfully optimized up3x1-Investor_01_standard.set -> up3x1-Investor_01_otp.set
2025-04-30 04:45:24,777 - INFO - Successfully optimized up3x1-premium-M_01_standard.set -> up3x1-premium-M_01_otp.set
2025-04-30 04:45:24,779 - INFO - Successfully optimized up3x1_01_standard.set -> up3x1_01_otp.set
2025-04-30 04:45:24,781 - INFO - Successfully optimized Urdala-Trol_01_standard.set -> Urdala-Trol_01_otp.set
2025-04-30 04:45:24,783 - INFO - Successfully optimized Very-Blonde-System_01_standard.set -> Very-Blonde-System_01_otp.set
2025-04-30 04:45:24,785 - INFO - Successfully optimized Virtual-Trailing-Stop_01_standard.set -> Virtual-Trailing-Stop_01_otp.set
2025-04-30 04:45:24,787 - INFO - Successfully optimized VLT-TRADER_01_standard.set -> VLT-TRADER_01_otp.set
2025-04-30 04:45:24,789 - INFO - Successfully optimized Volume-trader_01_standard.set -> Volume-trader_01_otp.set
2025-04-30 04:45:24,791 - INFO - Successfully optimized Vortex-Indicator-System_01_standard.set -> Vortex-Indicator-System_01_otp.set
2025-04-30 04:45:24,793 - INFO - Successfully optimized VR-Overturn_01_standard.set -> VR-Overturn_01_otp.set
2025-04-30 04:45:24,796 - INFO - Successfully optimized VR-ZVER-v.2_01_standard.set -> VR-ZVER-v.2_01_otp.set
2025-04-30 04:45:24,800 - INFO - Successfully optimized VR-ZVER_01_standard.set -> VR-ZVER_01_otp.set
2025-04-30 04:45:24,804 - INFO - Successfully optimized VZO_01_standard.set -> VZO_01_otp.set
2025-04-30 04:45:24,807 - INFO - Successfully optimized Waddah-Attar-Win_01_standard.set -> Waddah-Attar-Win_01_otp.set
2025-04-30 04:45:24,810 - INFO - Successfully optimized WE-TRUST_01_standard.set -> WE-TRUST_01_otp.set
2025-04-30 04:45:24,812 - INFO - Successfully optimized X-RSIOMA_01_standard.set -> X-RSIOMA_01_otp.set
2025-04-30 04:45:24,814 - INFO - Successfully optimized Yesterday-Today_01_standard.set -> Yesterday-Today_01_otp.set
2025-04-30 04:45:24,816 - INFO - Successfully optimized 10-pips-EURUSD_01_standard.set -> 10-pips-EURUSD_01_otp.set
2025-04-30 04:45:24,818 - INFO - Successfully optimized 10-pips_01_standard.set -> 10-pips_01_otp.set
2025-04-30 04:45:24,820 - INFO - Successfully optimized 1H-EUR-USD_01_standard.set -> 1H-EUR-USD_01_otp.set
2025-04-30 04:45:24,822 - INFO - Successfully optimized 20011201-GBPUSD-M1_01_standard.set -> 20011201-GBPUSD-M1_01_otp.set
2025-04-30 04:45:24,824 - INFO - Successfully optimized 21hour_01_standard.set -> 21hour_01_otp.set
2025-04-30 04:45:24,826 - INFO - Successfully optimized 2HR-HL_01_standard.set -> 2HR-HL_01_otp.set
2025-04-30 04:45:24,828 - INFO - Successfully optimized 2MA-4Level_01_standard.set -> 2MA-4Level_01_otp.set
2025-04-30 04:45:24,830 - INFO - Successfully optimized 2MA-Bunny-Cross_01_standard.set -> 2MA-Bunny-Cross_01_otp.set
2025-04-30 04:45:24,832 - INFO - Successfully optimized 3-bars-high-low-indicator_01_standard.set -> 3-bars-high-low-indicator_01_otp.set
2025-04-30 04:45:24,834 - INFO - Successfully optimized 35-Pip-Scalper_01_standard.set -> 35-Pip-Scalper_01_otp.set
2025-04-30 04:45:24,837 - INFO - Successfully optimized 3BarsHighLowEA_01_standard.set -> 3BarsHighLowEA_01_otp.set
2025-04-30 04:45:24,838 - INFO - Successfully optimized 3sma_01_standard.set -> 3sma_01_otp.set
2025-04-30 04:45:24,841 - INFO - Successfully optimized 500_01_standard.set -> 500_01_otp.set
2025-04-30 04:45:24,842 - INFO - Successfully optimized 55-MA_01_standard.set -> 55-MA_01_otp.set
2025-04-30 04:45:24,844 - INFO - Successfully optimized Above-Below-MA_01_standard.set -> Above-Below-MA_01_otp.set
2025-04-30 04:45:24,846 - INFO - Successfully optimized Absorption_01_standard.set -> Absorption_01_otp.set
2025-04-30 04:45:24,848 - INFO - Successfully optimized ADX-MACD-Deev_01_standard.set -> ADX-MACD-Deev_01_otp.set
2025-04-30 04:45:24,850 - INFO - Successfully optimized ADX-MA_01_standard.set -> ADX-MA_01_otp.set
2025-04-30 04:45:24,852 - INFO - Successfully optimized ADX-System_01_standard.set -> ADX-System_01_otp.set
2025-04-30 04:45:24,854 - INFO - Successfully optimized AIS1_01_standard.set -> AIS1_01_otp.set
2025-04-30 04:45:24,856 - INFO - Successfully optimized Alexav-D1-Profit-GBPUSD_01_standard.set -> Alexav-D1-Profit-GBPUSD_01_otp.set
2025-04-30 04:45:24,858 - INFO - Successfully optimized All-Average-Ea_01_standard.set -> All-Average-Ea_01_otp.set
2025-04-30 04:45:24,859 - INFO - Successfully optimized Alligator-Simple_01_standard.set -> Alligator-Simple_01_otp.set
2025-04-30 04:45:24,861 - INFO - Successfully optimized Alligator_01_standard.set -> Alligator_01_otp.set
2025-04-30 04:45:24,863 - INFO - Successfully optimized Altarius-RSI-Stohastic_01_standard.set -> Altarius-RSI-Stohastic_01_otp.set
2025-04-30 04:45:24,865 - INFO - Successfully optimized AMA-Trader-2_01_standard.set -> AMA-Trader-2_01_otp.set
2025-04-30 04:45:24,867 - INFO - Successfully optimized AMA-Trader_01_standard.set -> AMA-Trader_01_otp.set
2025-04-30 04:45:24,869 - INFO - Successfully optimized AO-Lightning_01_standard.set -> AO-Lightning_01_otp.set
2025-04-30 04:45:24,871 - INFO - Successfully optimized AOCCI_01_standard.set -> AOCCI_01_otp.set
2025-04-30 04:45:24,873 - INFO - Successfully optimized Arbitrage_01_standard.set -> Arbitrage_01_otp.set
2025-04-30 04:45:24,875 - INFO - Successfully optimized ArbSint_01_standard.set -> ArbSint_01_otp.set
2025-04-30 04:45:24,877 - INFO - Successfully optimized Area-MACD_01_standard.set -> Area-MACD_01_otp.set
2025-04-30 04:45:24,879 - INFO - Successfully optimized Artificial-Intelligence_01_standard.set -> Artificial-Intelligence_01_otp.set
2025-04-30 04:45:24,881 - INFO - Successfully optimized At-random-Full_01_standard.set -> At-random-Full_01_otp.set
2025-04-30 04:45:24,883 - INFO - Successfully optimized At-random_01_standard.set -> At-random_01_otp.set
2025-04-30 04:45:24,885 - INFO - Successfully optimized Auto-ADX_01_standard.set -> Auto-ADX_01_otp.set
2025-04-30 04:45:24,887 - INFO - Successfully optimized Auto-Pivot-Plotter-28Mid-Levels-29-41_01_standard.set -> Auto-Pivot-Plotter-28Mid-Levels-29-41_01_otp.set
2025-04-30 04:45:24,889 - INFO - Successfully optimized AutoLock-EA_01_standard.set -> AutoLock-EA_01_otp.set
2025-04-30 04:45:24,890 - INFO - Successfully optimized Autotrader-Momentum_01_standard.set -> Autotrader-Momentum_01_otp.set
2025-04-30 04:45:24,892 - INFO - Successfully optimized Avalanche-AV_01_standard.set -> Avalanche-AV_01_otp.set
2025-04-30 04:45:24,894 - INFO - Successfully optimized Backbone_01_standard.set -> Backbone_01_otp.set
2025-04-30 04:45:24,896 - INFO - Successfully optimized BADX_01_standard.set -> BADX_01_otp.set
2025-04-30 04:45:24,897 - INFO - Successfully optimized Bago-EA_01_standard.set -> Bago-EA_01_otp.set
2025-04-30 04:45:24,899 - INFO - Successfully optimized BalancedScalper-20EA_01_standard.set -> BalancedScalper-20EA_01_otp.set
2025-04-30 04:45:24,901 - INFO - Successfully optimized Bands-2_01_standard.set -> Bands-2_01_otp.set
2025-04-30 04:45:24,903 - INFO - Successfully optimized BARS-Alligator_01_standard.set -> BARS-Alligator_01_otp.set
2025-04-30 04:45:24,905 - INFO - Successfully optimized Basic-CCI-RSI_01_standard.set -> Basic-CCI-RSI_01_otp.set
2025-04-30 04:45:24,907 - INFO - Successfully optimized Basic-Martingale-EA-3_01_standard.set -> Basic-Martingale-EA-3_01_otp.set
2025-04-30 04:45:24,909 - INFO - Successfully optimized BBPercentile-EA_01_standard.set -> BBPercentile-EA_01_otp.set
2025-04-30 04:45:24,910 - INFO - Successfully optimized BBPercentile_01_standard.set -> BBPercentile_01_otp.set
2025-04-30 04:45:24,912 - INFO - Successfully optimized BDCrossOver-20EA_01_standard.set -> BDCrossOver-20EA_01_otp.set
2025-04-30 04:45:24,914 - INFO - Successfully optimized BIG-DOG_01_standard.set -> BIG-DOG_01_otp.set
2025-04-30 04:45:24,915 - INFO - Successfully optimized Bill-Williams_01_standard.set -> Bill-Williams_01_otp.set
2025-04-30 04:45:24,917 - INFO - Successfully optimized Bollinger-Band-Two-MA-and-Zig-Zag_01_standard.set -> Bollinger-Band-Two-MA-and-Zig-Zag_01_otp.set
2025-04-30 04:45:24,919 - INFO - Successfully optimized Bollinger-Bands-N-positions_01_standard.set -> Bollinger-Bands-N-positions_01_otp.set
2025-04-30 04:45:24,921 - INFO - Successfully optimized Bollinger-Bands-RSI_01_standard.set -> Bollinger-Bands-RSI_01_otp.set
2025-04-30 04:45:24,922 - INFO - Successfully optimized bollinger_01_standard.set -> bollinger_01_otp.set
2025-04-30 04:45:24,924 - INFO - Successfully optimized Brakeout-Trader_01_standard.set -> Brakeout-Trader_01_otp.set
2025-04-30 04:45:24,925 - INFO - Successfully optimized Brandy_01_standard.set -> Brandy_01_otp.set
2025-04-30 04:45:24,927 - INFO - Successfully optimized Breadandbutter2_01_standard.set -> Breadandbutter2_01_otp.set
2025-04-30 04:45:24,930 - INFO - Successfully optimized Breakdown-catcher_01_standard.set -> Breakdown-catcher_01_otp.set
2025-04-30 04:45:24,931 - INFO - Successfully optimized breakdown_01_standard.set -> breakdown_01_otp.set
2025-04-30 04:45:24,934 - INFO - Successfully optimized Breakout-Str_01_standard.set -> Breakout-Str_01_otp.set
2025-04-30 04:45:24,935 - INFO - Successfully optimized Bronze-Warrioir_01_standard.set -> Bronze-Warrioir_01_otp.set
2025-04-30 04:45:24,937 - INFO - Successfully optimized Bruno_01_standard.set -> Bruno_01_otp.set
2025-04-30 04:45:24,939 - INFO - Successfully optimized BSS-1-0_01_standard.set -> BSS-1-0_01_otp.set
2025-04-30 04:45:24,940 - INFO - Successfully optimized Bullish-and-Bearish-Engulfing_01_standard.set -> Bullish-and-Bearish-Engulfing_01_otp.set
2025-04-30 04:45:24,942 - INFO - Successfully optimized Burg-Extrapolator_01_standard.set -> Burg-Extrapolator_01_otp.set
2025-04-30 04:45:24,944 - INFO - Successfully optimized BykovTrend-EA_01_standard.set -> BykovTrend-EA_01_otp.set
2025-04-30 04:45:24,945 - INFO - Successfully optimized Calculate-lotsize-and-Trailling-stop_01_standard.set -> Calculate-lotsize-and-Trailling-stop_01_otp.set
2025-04-30 04:45:24,948 - INFO - Successfully optimized candlepatternsexample_01_standard.set -> candlepatternsexample_01_otp.set
2025-04-30 04:45:24,950 - INFO - Successfully optimized Candle_01_standard.set -> Candle_01_otp.set
2025-04-30 04:45:24,952 - INFO - Successfully optimized Carbophos_01_standard.set -> Carbophos_01_otp.set
2025-04-30 04:45:24,953 - INFO - Successfully optimized CashMachine-5min_01_standard.set -> CashMachine-5min_01_otp.set
2025-04-30 04:45:24,955 - INFO - Successfully optimized CCI-MACD-Scalper_01_standard.set -> CCI-MACD-Scalper_01_otp.set
2025-04-30 04:45:24,957 - INFO - Successfully optimized Cidomo_01_standard.set -> Cidomo_01_otp.set
2025-04-30 04:45:24,958 - INFO - Successfully optimized CloseAgent_01_standard.set -> CloseAgent_01_otp.set
2025-04-30 04:45:24,960 - INFO - Successfully optimized CloseProfit_01_standard.set -> CloseProfit_01_otp.set
2025-04-30 04:45:24,962 - INFO - Successfully optimized cloud's-trade-2_01_standard.set -> cloud's-trade-2_01_otp.set
2025-04-30 04:45:24,964 - INFO - Successfully optimized CLOUD_01_standard.set -> CLOUD_01_otp.set
2025-04-30 04:45:24,965 - INFO - Successfully optimized Constituents-EA_01_standard.set -> Constituents-EA_01_otp.set
2025-04-30 04:45:24,967 - INFO - Successfully optimized Contrarian-trade-MA_01_standard.set -> Contrarian-trade-MA_01_otp.set
2025-04-30 04:45:24,969 - INFO - Successfully optimized Crossing-Moving-Average_01_standard.set -> Crossing-Moving-Average_01_otp.set
2025-04-30 04:45:24,971 - INFO - Successfully optimized CrossMA_01_standard.set -> CrossMA_01_otp.set
2025-04-30 04:45:24,973 - INFO - Successfully optimized Currencyprofits-01.1_01_standard.set -> Currencyprofits-01.1_01_otp.set
2025-04-30 04:45:24,975 - INFO - Successfully optimized Daily-20reversal-20-20EA_01_standard.set -> Daily-20reversal-20-20EA_01_otp.set
2025-04-30 04:45:24,977 - INFO - Successfully optimized Daily-BreakPoint_01_standard.set -> Daily-BreakPoint_01_otp.set
2025-04-30 04:45:24,978 - INFO - Successfully optimized Daily-Open-EA_01_standard.set -> Daily-Open-EA_01_otp.set
2025-04-30 04:45:24,980 - INFO - Successfully optimized Daily-range_01_standard.set -> Daily-range_01_otp.set
2025-04-30 04:45:24,982 - INFO - Successfully optimized Day-Trading-PAMXA_01_standard.set -> Day-Trading-PAMXA_01_otp.set
2025-04-30 04:45:24,983 - INFO - Successfully optimized Daydream_01_standard.set -> Daydream_01_otp.set
2025-04-30 04:45:24,985 - INFO - Successfully optimized DayTrading_01_standard.set -> DayTrading_01_otp.set
2025-04-30 04:45:24,987 - INFO - Successfully optimized Dealers-Trade-v-7.74-MACD_01_standard.set -> Dealers-Trade-v-7.74-MACD_01_otp.set
2025-04-30 04:45:24,989 - INFO - Successfully optimized Deep-Drawdown-MA_01_standard.set -> Deep-Drawdown-MA_01_otp.set
2025-04-30 04:45:24,991 - INFO - Successfully optimized DeMarker-gaining-position-volume-2_01_standard.set -> DeMarker-gaining-position-volume-2_01_otp.set
2025-04-30 04:45:24,993 - INFO - Successfully optimized DeMarker-gaining-position-volume_01_standard.set -> DeMarker-gaining-position-volume_01_otp.set
2025-04-30 04:45:24,995 - INFO - Successfully optimized DeMarker-Pending-2-5_01_standard.set -> DeMarker-Pending-2-5_01_otp.set
2025-04-30 04:45:24,997 - INFO - Successfully optimized DeMarker-Pending-2_01_standard.set -> DeMarker-Pending-2_01_otp.set
2025-04-30 04:45:24,999 - INFO - Successfully optimized DeMarker-Pending_01_standard.set -> DeMarker-Pending_01_otp.set
2025-04-30 04:45:25,000 - INFO - Successfully optimized Dematus_01_standard.set -> Dematus_01_otp.set
2025-04-30 04:45:25,002 - INFO - Successfully optimized Divergence-20for-20many-20indicator_01_standard.set -> Divergence-20for-20many-20indicator_01_otp.set
2025-04-30 04:45:25,005 - INFO - Successfully optimized Divergence-EA_01_standard.set -> Divergence-EA_01_otp.set
2025-04-30 04:45:25,006 - INFO - Successfully optimized Doji-Arrows_01_standard.set -> Doji-Arrows_01_otp.set
2025-04-30 04:45:25,008 - INFO - Successfully optimized DojiTrader_01_standard.set -> DojiTrader_01_otp.set
2025-04-30 04:45:25,011 - INFO - Successfully optimized Donchian-Chanel-EA_01_standard.set -> Donchian-Chanel-EA_01_otp.set
2025-04-30 04:45:25,013 - INFO - Successfully optimized DoubleHullMA-EA_01_standard.set -> DoubleHullMA-EA_01_otp.set
2025-04-30 04:45:25,016 - INFO - Successfully optimized DoubleHullMA_01_standard.set -> DoubleHullMA_01_otp.set
2025-04-30 04:45:25,019 - INFO - Successfully optimized DoubleMA-Crossover-EA_01_standard.set -> DoubleMA-Crossover-EA_01_otp.set
2025-04-30 04:45:25,020 - INFO - Successfully optimized Doubler_01_standard.set -> Doubler_01_otp.set
2025-04-30 04:45:25,022 - INFO - Successfully optimized dummy_01_standard.set -> dummy_01_otp.set
2025-04-30 04:45:25,024 - INFO - Successfully optimized Dynamic-averaging_01_standard.set -> Dynamic-averaging_01_otp.set
2025-04-30 04:45:25,026 - INFO - Successfully optimized e-Breakeven_01_standard.set -> e-Breakeven_01_otp.set
2025-04-30 04:45:25,028 - INFO - Successfully optimized E-Friday_01_standard.set -> E-Friday_01_otp.set
2025-04-30 04:45:25,030 - INFO - Successfully optimized E-Skoch-Open_01_standard.set -> E-Skoch-Open_01_otp.set
2025-04-30 04:45:25,031 - INFO - Successfully optimized e-Skoch-pending-orders_01_standard.set -> e-Skoch-pending-orders_01_otp.set
2025-04-30 04:45:25,033 - INFO - Successfully optimized e-Smart-Trailing_01_standard.set -> e-Smart-Trailing_01_otp.set
2025-04-30 04:45:25,034 - INFO - Successfully optimized e-TurboFx_01_standard.set -> e-TurboFx_01_otp.set
2025-04-30 04:45:25,036 - INFO - Successfully optimized EA-Close_01_standard.set -> EA-Close_01_otp.set
2025-04-30 04:45:25,038 - INFO - Successfully optimized EA-MA-Stoch-RSI_01_standard.set -> EA-MA-Stoch-RSI_01_otp.set
2025-04-30 04:45:25,040 - INFO - Successfully optimized EA-Moving-Average_01_standard.set -> EA-Moving-Average_01_otp.set
2025-04-30 04:45:25,042 - INFO - Successfully optimized Elite-eFibo-Trader_01_standard.set -> Elite-eFibo-Trader_01_otp.set
2025-04-30 04:45:25,043 - INFO - Successfully optimized EMA-6.12_01_standard.set -> EMA-6.12_01_otp.set
2025-04-30 04:45:25,045 - INFO - Successfully optimized EMA-CROSS_01_standard.set -> EMA-CROSS_01_otp.set
2025-04-30 04:45:25,047 - INFO - Successfully optimized EMA-LWMA-RSI_01_standard.set -> EMA-LWMA-RSI_01_otp.set
2025-04-30 04:45:25,049 - INFO - Successfully optimized EMA-RSI-EA_01_standard.set -> EMA-RSI-EA_01_otp.set
2025-04-30 04:45:25,051 - INFO - Successfully optimized EMA-WMA_01_standard.set -> EMA-WMA_01_otp.set
2025-04-30 04:45:25,053 - INFO - Successfully optimized EMA_01_standard.set -> EMA_01_otp.set
2025-04-30 04:45:25,054 - INFO - Successfully optimized Eugene_01_standard.set -> Eugene_01_otp.set
2025-04-30 04:45:25,056 - INFO - Successfully optimized eur-usd-m5_01_standard.set -> eur-usd-m5_01_otp.set
2025-04-30 04:45:25,058 - INFO - Successfully optimized EURUSD-breakout_01_standard.set -> EURUSD-breakout_01_otp.set
2025-04-30 04:45:25,060 - INFO - Successfully optimized Executer-AC_01_standard.set -> Executer-AC_01_otp.set
2025-04-30 04:45:25,061 - INFO - Successfully optimized Executor-AO_01_standard.set -> Executor-AO_01_otp.set
2025-04-30 04:45:25,063 - INFO - Successfully optimized Executor-Candles_01_standard.set -> Executor-Candles_01_otp.set
2025-04-30 04:45:25,064 - INFO - Successfully optimized exp-Amstell_01_standard.set -> exp-Amstell_01_otp.set
2025-04-30 04:45:25,067 - INFO - Successfully optimized Expert-NEWS_01_standard.set -> Expert-NEWS_01_otp.set
2025-04-30 04:45:25,068 - INFO - Successfully optimized Expert-RSI-Stochastic-MA_01_standard.set -> Expert-RSI-Stochastic-MA_01_otp.set
2025-04-30 04:45:25,070 - INFO - Successfully optimized ExtremePrice-EA_01_standard.set -> ExtremePrice-EA_01_otp.set
2025-04-30 04:45:25,073 - INFO - Successfully optimized FiboRetracement-20EA_01_standard.set -> FiboRetracement-20EA_01_otp.set
2025-04-30 04:45:25,075 - INFO - Successfully optimized Firebird_01_standard.set -> Firebird_01_otp.set
2025-04-30 04:45:25,077 - INFO - Successfully optimized Firestorm-EA_01_standard.set -> Firestorm-EA_01_otp.set
2025-04-30 04:45:25,079 - INFO - Successfully optimized Firestorm-indicator_01_standard.set -> Firestorm-indicator_01_otp.set
2025-04-30 04:45:25,082 - INFO - Successfully optimized Fluctuate_01_standard.set -> Fluctuate_01_otp.set
2025-04-30 04:45:25,084 - INFO - Successfully optimized Forex-Fraus-M1_01_standard.set -> Forex-Fraus-M1_01_otp.set
2025-04-30 04:45:25,086 - INFO - Successfully optimized Forex-Profit_01_standard.set -> Forex-Profit_01_otp.set
2025-04-30 04:45:25,088 - INFO - Successfully optimized Fractals-minimum-distance_01_standard.set -> Fractals-minimum-distance_01_otp.set
2025-04-30 04:45:25,090 - INFO - Successfully optimized Fraktrak-xonax_01_standard.set -> Fraktrak-xonax_01_otp.set
2025-04-30 04:45:25,092 - INFO - Successfully optimized Frank-Ud_01_standard.set -> Frank-Ud_01_otp.set
2025-04-30 04:45:25,095 - INFO - Successfully optimized FT-CCI_01_standard.set -> FT-CCI_01_otp.set
2025-04-30 04:45:25,097 - INFO - Successfully optimized Fuzzy-logic_01_standard.set -> Fuzzy-logic_01_otp.set
2025-04-30 04:45:25,099 - INFO - Successfully optimized GalacticExplosion_01_standard.set -> GalacticExplosion_01_otp.set
2025-04-30 04:45:25,101 - INFO - Successfully optimized Gandalf-PRO_01_standard.set -> Gandalf-PRO_01_otp.set
2025-04-30 04:45:25,103 - INFO - Successfully optimized Gap-DM_01_standard.set -> Gap-DM_01_otp.set
2025-04-30 04:45:25,105 - INFO - Successfully optimized GAP-EA_01_standard.set -> GAP-EA_01_otp.set
2025-04-30 04:45:25,107 - INFO - Successfully optimized Gaps_01_standard.set -> Gaps_01_otp.set
2025-04-30 04:45:25,109 - INFO - Successfully optimized GBP9AM_01_standard.set -> GBP9AM_01_otp.set
2025-04-30 04:45:25,111 - INFO - Successfully optimized GbpChf_01_standard.set -> GbpChf_01_otp.set
2025-04-30 04:45:25,112 - INFO - Successfully optimized Gold-Dust_01_standard.set -> Gold-Dust_01_otp.set
2025-04-30 04:45:25,116 - INFO - Successfully optimized GO_01_standard.set -> GO_01_otp.set
2025-04-30 04:45:25,121 - INFO - Successfully optimized GreenTrade_01_standard.set -> GreenTrade_01_otp.set
2025-04-30 04:45:25,124 - INFO - Successfully optimized Grid-Martingale_01_standard.set -> Grid-Martingale_01_otp.set
2025-04-30 04:45:25,127 - INFO - Successfully optimized GridEA_01_standard.set -> GridEA_01_otp.set
2025-04-30 04:45:25,130 - INFO - Successfully optimized Grid_01_standard.set -> Grid_01_otp.set
2025-04-30 04:45:25,132 - INFO - Successfully optimized HarVesteR_01_standard.set -> HarVesteR_01_otp.set
2025-04-30 04:45:25,135 - INFO - Successfully optimized HedgeEA_01_standard.set -> HedgeEA_01_otp.set
2025-04-30 04:45:25,137 - INFO - Successfully optimized hedger_01_standard.set -> hedger_01_otp.set
2025-04-30 04:45:25,140 - INFO - Successfully optimized Hedging-EA_01_standard.set -> Hedging-EA_01_otp.set
2025-04-30 04:45:25,142 - INFO - Successfully optimized Heiken-Ashi-Smoothed-EA-with-MA_01_standard.set -> Heiken-Ashi-Smoothed-EA-with-MA_01_otp.set
2025-04-30 04:45:25,145 - INFO - Successfully optimized Heiken-Ashi-Smoothed-EA_01_standard.set -> Heiken-Ashi-Smoothed-EA_01_otp.set
2025-04-30 04:45:25,146 - INFO - Successfully optimized heiken-ashi-smoothedLine_01_standard.set -> heiken-ashi-smoothedLine_01_otp.set
2025-04-30 04:45:25,148 - INFO - Successfully optimized heiken-ashi-smoothed_01_standard.set -> heiken-ashi-smoothed_01_otp.set
2025-04-30 04:45:25,151 - INFO - Successfully optimized HeikenAshi-Lines-EA_01_standard.set -> HeikenAshi-Lines-EA_01_otp.set
2025-04-30 04:45:25,153 - INFO - Successfully optimized HeikenAshi-Lines_01_standard.set -> HeikenAshi-Lines_01_otp.set
2025-04-30 04:45:25,155 - INFO - Successfully optimized Heinken-Ashi-Color-Candles_01_standard.set -> Heinken-Ashi-Color-Candles_01_otp.set
2025-04-30 04:45:25,157 - INFO - Successfully optimized HelloSmart_01_standard.set -> HelloSmart_01_otp.set
2025-04-30 04:45:25,159 - INFO - Successfully optimized High-Low-EA_01_standard.set -> High-Low-EA_01_otp.set
2025-04-30 04:45:25,161 - INFO - Successfully optimized High-Low-Indicator_01_standard.set -> High-Low-Indicator_01_otp.set
2025-04-30 04:45:25,163 - INFO - Successfully optimized Hoop-master-2_01_standard.set -> Hoop-master-2_01_otp.set
2025-04-30 04:45:25,165 - INFO - Successfully optimized iCCI-iMA_01_standard.set -> iCCI-iMA_01_otp.set
2025-04-30 04:45:25,167 - INFO - Successfully optimized ICH-With-Alert-Derekers-EA_01_standard.set -> ICH-With-Alert-Derekers-EA_01_otp.set
2025-04-30 04:45:25,169 - INFO - Successfully optimized ICH-With-Alert-Derekers_01_standard.set -> ICH-With-Alert-Derekers_01_otp.set
2025-04-30 04:45:25,171 - INFO - Successfully optimized ichimok2005_01_standard.set -> ichimok2005_01_otp.set
2025-04-30 04:45:25,173 - INFO - Successfully optimized Ichimoku-20Kijun-20Alert_01_standard.set -> Ichimoku-20Kijun-20Alert_01_otp.set
2025-04-30 04:45:25,175 - INFO - Successfully optimized Ichimoku-20Tenkan-20Alert_01_standard.set -> Ichimoku-20Tenkan-20Alert_01_otp.set
2025-04-30 04:45:25,177 - INFO - Successfully optimized Ichimoku-Scanner_01_standard.set -> Ichimoku-Scanner_01_otp.set
2025-04-30 04:45:25,178 - INFO - Successfully optimized Ichimoku-Signals-and-Alert_01_standard.set -> Ichimoku-Signals-and-Alert_01_otp.set
2025-04-30 04:45:25,181 - INFO - Successfully optimized IchimokuMTF-EA_01_standard.set -> IchimokuMTF-EA_01_otp.set
2025-04-30 04:45:25,182 - INFO - Successfully optimized Ichimoku_01_standard.set -> Ichimoku_01_otp.set
2025-04-30 04:45:25,184 - INFO - Successfully optimized Ilan-iMA_01_standard.set -> Ilan-iMA_01_otp.set
2025-04-30 04:45:25,186 - INFO - Successfully optimized Ilan1.4_01_standard.set -> Ilan1.4_01_otp.set
2025-04-30 04:45:25,188 - INFO - Successfully optimized iMA-iStdDev_01_standard.set -> iMA-iStdDev_01_otp.set
2025-04-30 04:45:25,190 - INFO - Successfully optimized Indices-Tester_01_standard.set -> Indices-Tester_01_otp.set
2025-04-30 04:45:25,193 - INFO - Successfully optimized Inka-20Edho-20EA_01_standard.set -> Inka-20Edho-20EA_01_otp.set
2025-04-30 04:45:25,195 - INFO - Successfully optimized Intersection-2-iMA_01_standard.set -> Intersection-2-iMA_01_otp.set
2025-04-30 04:45:25,196 - INFO - Successfully optimized IStochastic-Trading_01_standard.set -> IStochastic-Trading_01_otp.set
2025-04-30 04:45:25,199 - INFO - Successfully optimized Ivan_01_standard.set -> Ivan_01_otp.set
2025-04-30 04:45:25,200 - INFO - Successfully optimized iVIDyA-Simple_01_standard.set -> iVIDyA-Simple_01_otp.set
2025-04-30 04:45:25,203 - INFO - Successfully optimized Jackpot-Strategy-EA_01_standard.set -> Jackpot-Strategy-EA_01_otp.set
2025-04-30 04:45:25,204 - INFO - Successfully optimized JackPot-Strategy-Elite_01_standard.set -> JackPot-Strategy-Elite_01_otp.set
2025-04-30 04:45:25,206 - INFO - Successfully optimized JK-BullP-AutoTrader_01_standard.set -> JK-BullP-AutoTrader_01_otp.set
2025-04-30 04:45:25,208 - INFO - Successfully optimized JS-Chaos_01_standard.set -> JS-Chaos_01_otp.set
2025-04-30 04:45:25,210 - INFO - Successfully optimized JS-MA-Day_01_standard.set -> JS-MA-Day_01_otp.set
2025-04-30 04:45:25,212 - INFO - Successfully optimized JS-MA-SAR-Trades_01_standard.set -> JS-MA-SAR-Trades_01_otp.set
2025-04-30 04:45:25,213 - INFO - Successfully optimized KA-Gold-Bot_01_standard.set -> KA-Gold-Bot_01_otp.set
2025-04-30 04:45:25,215 - INFO - Successfully optimized Kue-Electric-EA_01_standard.set -> Kue-Electric-EA_01_otp.set
2025-04-30 04:45:25,217 - INFO - Successfully optimized KueFx-20Arrows_01_standard.set -> KueFx-20Arrows_01_otp.set
2025-04-30 04:45:25,218 - INFO - Successfully optimized KueFx-20Baseline_01_standard.set -> KueFx-20Baseline_01_otp.set
2025-04-30 04:45:25,220 - INFO - Successfully optimized KueFx-Arrows-20EA_01_standard.set -> KueFx-Arrows-20EA_01_otp.set
2025-04-30 04:45:25,222 - INFO - Successfully optimized KueFx-Arrows-EA_01_standard.set -> KueFx-Arrows-EA_01_otp.set
2025-04-30 04:45:25,224 - INFO - Successfully optimized KueFx-Arrows_01_standard.set -> KueFx-Arrows_01_otp.set
2025-04-30 04:45:25,227 - INFO - Successfully optimized KueFx-Baseline-EA_01_standard.set -> KueFx-Baseline-EA_01_otp.set
2025-04-30 04:45:25,228 - INFO - Successfully optimized KueFx-Baseline_01_standard.set -> KueFx-Baseline_01_otp.set
2025-04-30 04:45:25,230 - INFO - Successfully optimized KueFx-Clean-2025-EA_01_standard.set -> KueFx-Clean-2025-EA_01_otp.set
2025-04-30 04:45:25,232 - INFO - Successfully optimized KueFx-Extreme-EA_01_standard.set -> KueFx-Extreme-EA_01_otp.set
2025-04-30 04:45:25,234 - INFO - Successfully optimized KueFx-Harare-EA_01_standard.set -> KueFx-Harare-EA_01_otp.set
2025-04-30 04:45:25,236 - INFO - Successfully optimized KueFX-Money-Management_01_standard.set -> KueFX-Money-Management_01_otp.set
2025-04-30 04:45:25,239 - INFO - Successfully optimized KueFx-Motor-EA_01_standard.set -> KueFx-Motor-EA_01_otp.set
2025-04-30 04:45:25,241 - INFO - Successfully optimized KueFx-Motor_01_standard.set -> KueFx-Motor_01_otp.set
2025-04-30 04:45:25,244 - INFO - Successfully optimized KueFx-Trend_01_standard.set -> KueFx-Trend_01_otp.set
2025-04-30 04:45:25,246 - INFO - Successfully optimized KueFxTrend-20EA_01_standard.set -> KueFxTrend-20EA_01_otp.set
2025-04-30 04:45:25,248 - INFO - Successfully optimized KueFxTrend-EA_01_standard.set -> KueFxTrend-EA_01_otp.set
2025-04-30 04:45:25,250 - INFO - Successfully optimized LarryConnersRSI2_01_standard.set -> LarryConnersRSI2_01_otp.set
2025-04-30 04:45:25,251 - INFO - Successfully optimized Last-ZZ50_01_standard.set -> Last-ZZ50_01_otp.set
2025-04-30 04:45:25,253 - INFO - Successfully optimized Lavika100_01_standard.set -> Lavika100_01_otp.set
2025-04-30 04:45:25,255 - INFO - Successfully optimized LBS_01_standard.set -> LBS_01_otp.set
2025-04-30 04:45:25,256 - INFO - Successfully optimized Lego-EA_01_standard.set -> Lego-EA_01_otp.set
2025-04-30 04:45:25,258 - INFO - Successfully optimized Lesson-3-Price-Action_01_standard.set -> Lesson-3-Price-Action_01_otp.set
2025-04-30 04:45:25,260 - INFO - Successfully optimized Lesson-4-Price-Action-MA-Filter_01_standard.set -> Lesson-4-Price-Action-MA-Filter_01_otp.set
2025-04-30 04:45:25,261 - INFO - Successfully optimized Lesson-6-Trailling-ATR_01_standard.set -> Lesson-6-Trailling-ATR_01_otp.set
2025-04-30 04:45:25,263 - INFO - Successfully optimized Lesson-7-Price-action-Ket-hop-Volume-VSA_01_standard.set -> Lesson-7-Price-action-Ket-hop-Volume-VSA_01_otp.set
2025-04-30 04:45:25,265 - INFO - Successfully optimized Little-EA_01_standard.set -> Little-EA_01_otp.set
2025-04-30 04:45:25,267 - INFO - Successfully optimized Locker_01_standard.set -> Locker_01_otp.set
2025-04-30 04:45:25,268 - INFO - Successfully optimized Lock_01_standard.set -> Lock_01_otp.set
2025-04-30 04:45:25,270 - INFO - Successfully optimized Lucky_01_standard.set -> Lucky_01_otp.set
2025-04-30 04:45:25,271 - INFO - Successfully optimized MA-20Alert_01_standard.set -> MA-20Alert_01_otp.set
2025-04-30 04:45:25,273 - INFO - Successfully optimized MA-20AO-20Arrow_01_standard.set -> MA-20AO-20Arrow_01_otp.set
2025-04-30 04:45:25,275 - INFO - Successfully optimized MA-AO-EA_01_standard.set -> MA-AO-EA_01_otp.set
2025-04-30 04:45:25,276 - INFO - Successfully optimized ma-channels_01_standard.set -> ma-channels_01_otp.set
2025-04-30 04:45:25,278 - INFO - Successfully optimized MA-Cross_01_standard.set -> MA-Cross_01_otp.set
2025-04-30 04:45:25,280 - INFO - Successfully optimized MA-Envelopes_01_standard.set -> MA-Envelopes_01_otp.set
2025-04-30 04:45:25,281 - INFO - Successfully optimized MA-MACD-Position-averaging_01_standard.set -> MA-MACD-Position-averaging_01_otp.set
2025-04-30 04:45:25,283 - INFO - Successfully optimized MA-Trend_01_standard.set -> MA-Trend_01_otp.set
2025-04-30 04:45:25,284 - INFO - Successfully optimized MA2CCI_01_standard.set -> MA2CCI_01_otp.set
2025-04-30 04:45:25,286 - INFO - Successfully optimized MACD-and-SAR_01_standard.set -> MACD-and-SAR_01_otp.set
2025-04-30 04:45:25,288 - INFO - Successfully optimized MACD-Cleaner_01_standard.set -> MACD-Cleaner_01_otp.set
2025-04-30 04:45:25,290 - INFO - Successfully optimized MACD-EA-H4_01_standard.set -> MACD-EA-H4_01_otp.set
2025-04-30 04:45:25,291 - INFO - Successfully optimized MACD-No-Sample_01_standard.set -> MACD-No-Sample_01_otp.set
2025-04-30 04:45:25,293 - INFO - Successfully optimized MACD-signal_01_standard.set -> MACD-signal_01_otp.set
2025-04-30 04:45:25,295 - INFO - Successfully optimized MACD-Stochastic-2_01_standard.set -> MACD-Stochastic-2_01_otp.set
2025-04-30 04:45:25,297 - INFO - Successfully optimized MACD-Stochastic_01_standard.set -> MACD-Stochastic_01_otp.set
2025-04-30 04:45:25,298 - INFO - Successfully optimized MACDCCI_01_standard.set -> MACDCCI_01_otp.set
2025-04-30 04:45:25,300 - INFO - Successfully optimized MacdPatternTraderAll0.01_01_standard.set -> MacdPatternTraderAll0.01_01_otp.set
2025-04-30 04:45:25,302 - INFO - Successfully optimized MacdPatternTraderAll_01_standard.set -> MacdPatternTraderAll_01_otp.set
2025-04-30 04:45:25,304 - INFO - Successfully optimized MACD_01_standard.set -> MACD_01_otp.set
2025-04-30 04:45:25,305 - INFO - Successfully optimized MAGrid_01_standard.set -> MAGrid_01_otp.set
2025-04-30 04:45:25,307 - INFO - Successfully optimized MAMACD_01_standard.set -> MAMACD_01_otp.set
2025-04-30 04:45:25,309 - INFO - Successfully optimized Market-Capture_01_standard.set -> Market-Capture_01_otp.set
2025-04-30 04:45:25,310 - INFO - Successfully optimized Martin-1_01_standard.set -> Martin-1_01_otp.set
2025-04-30 04:45:25,312 - INFO - Successfully optimized Martin-for-small-deposits_01_standard.set -> Martin-for-small-deposits_01_otp.set
2025-04-30 04:45:25,314 - INFO - Successfully optimized MartingailExpert_01_standard.set -> MartingailExpert_01_otp.set
2025-04-30 04:45:25,315 - INFO - Successfully optimized MartinGaleBreakout_01_standard.set -> MartinGaleBreakout_01_otp.set
2025-04-30 04:45:25,317 - INFO - Successfully optimized Martin_01_standard.set -> Martin_01_otp.set
2025-04-30 04:45:25,318 - INFO - Successfully optimized Marubozu-EA_01_standard.set -> Marubozu-EA_01_otp.set
2025-04-30 04:45:25,320 - INFO - Successfully optimized Marubozu_01_standard.set -> Marubozu_01_otp.set
2025-04-30 04:45:25,322 - INFO - Successfully optimized MelBar-EuSwiss-1.85_01_standard.set -> MelBar-EuSwiss-1.85_01_otp.set
2025-04-30 04:45:25,323 - INFO - Successfully optimized MelBar™Take325-™-5.5Y-NZD-USD_01_standard.set -> MelBar™Take325-™-5.5Y-NZD-USD_01_otp.set
2025-04-30 04:45:25,325 - INFO - Successfully optimized Mobo-Bands-EA_01_standard.set -> Mobo-Bands-EA_01_otp.set
2025-04-30 04:45:25,327 - INFO - Successfully optimized Mobo-Bands_01_standard.set -> Mobo-Bands_01_otp.set
2025-04-30 04:45:25,329 - INFO - Successfully optimized Modified-Moving-Averages_01_standard.set -> Modified-Moving-Averages_01_otp.set
2025-04-30 04:45:25,330 - INFO - Successfully optimized Momentum-M15_01_standard.set -> Momentum-M15_01_otp.set
2025-04-30 04:45:25,332 - INFO - Successfully optimized Momo-trades_01_standard.set -> Momo-trades_01_otp.set
2025-04-30 04:45:25,334 - INFO - Successfully optimized Money-Fixed-Margin_01_standard.set -> Money-Fixed-Margin_01_otp.set
2025-04-30 04:45:25,335 - INFO - Successfully optimized Money-Fixed-Risk_01_standard.set -> Money-Fixed-Risk_01_otp.set
2025-04-30 04:45:25,337 - INFO - Successfully optimized MoneyRain_01_standard.set -> MoneyRain_01_otp.set
2025-04-30 04:45:25,338 - INFO - Successfully optimized Morning-evening-star-EA_01_standard.set -> Morning-evening-star-EA_01_otp.set
2025-04-30 04:45:25,340 - INFO - Successfully optimized MostasHaR15-Pivot_01_standard.set -> MostasHaR15-Pivot_01_otp.set
2025-04-30 04:45:25,342 - INFO - Successfully optimized Moving-20average-20and-20ichimoku-20EA_01_standard.set -> Moving-20average-20and-20ichimoku-20EA_01_otp.set
2025-04-30 04:45:25,344 - INFO - Successfully optimized Moving-Average-Trade-System_01_standard.set -> Moving-Average-Trade-System_01_otp.set
2025-04-30 04:45:25,346 - INFO - Successfully optimized Moving-Averages_01_standard.set -> Moving-Averages_01_otp.set
2025-04-30 04:45:25,348 - INFO - Successfully optimized MovingAverageMartinGale_01_standard.set -> MovingAverageMartinGale_01_otp.set
2025-04-30 04:45:25,349 - INFO - Successfully optimized MovingAverage_01_standard.set -> MovingAverage_01_otp.set
2025-04-30 04:45:25,351 - INFO - Successfully optimized MQL5-Wizard-MA-RSI_01_standard.set -> MQL5-Wizard-MA-RSI_01_otp.set
2025-04-30 04:45:25,353 - INFO - Successfully optimized MQL5-Wizard-MACD-Parabolic-SAR_01_standard.set -> MQL5-Wizard-MACD-Parabolic-SAR_01_otp.set
2025-04-30 04:45:25,354 - INFO - Successfully optimized MTC-Сombo_01_standard.set -> MTC-Сombo_01_otp.set
2025-04-30 04:45:25,356 - INFO - Successfully optimized Multi-Stochastic_01_standard.set -> Multi-Stochastic_01_otp.set
2025-04-30 04:45:25,358 - INFO - Successfully optimized MultiMartin_01_standard.set -> MultiMartin_01_otp.set
2025-04-30 04:45:25,359 - INFO - Successfully optimized MySystem_01_standard.set -> MySystem_01_otp.set
2025-04-30 04:45:25,360 - INFO - Successfully optimized N-Candles_01_standard.set -> N-Candles_01_otp.set
2025-04-30 04:45:25,362 - INFO - Successfully optimized Nevalyashka-BreakdownLevel_01_standard.set -> Nevalyashka-BreakdownLevel_01_otp.set
2025-04-30 04:45:25,363 - INFO - Successfully optimized Nevalyashka3-1_01_standard.set -> Nevalyashka3-1_01_otp.set
2025-04-30 04:45:25,365 - INFO - Successfully optimized Nevalyashka_01_standard.set -> Nevalyashka_01_otp.set
2025-04-30 04:45:25,366 - INFO - Successfully optimized New-Martin_01_standard.set -> New-Martin_01_otp.set
2025-04-30 04:45:25,368 - INFO - Successfully optimized New-Random_01_standard.set -> New-Random_01_otp.set
2025-04-30 04:45:25,370 - INFO - Successfully optimized Nextbar_01_standard.set -> Nextbar_01_otp.set
2025-04-30 04:45:25,372 - INFO - Successfully optimized Night-Flat-Trade_01_standard.set -> Night-Flat-Trade_01_otp.set
2025-04-30 04:45:25,374 - INFO - Successfully optimized NightScalper_01_standard.set -> NightScalper_01_otp.set
2025-04-30 04:45:25,375 - INFO - Successfully optimized NRTR-Revers_01_standard.set -> NRTR-Revers_01_otp.set
2025-04-30 04:45:25,378 - INFO - Successfully optimized NUp1Down_01_standard.set -> NUp1Down_01_otp.set
2025-04-30 04:45:25,380 - INFO - Successfully optimized Open-Candle-EA_01_standard.set -> Open-Candle-EA_01_otp.set
2025-04-30 04:45:25,382 - INFO - Successfully optimized Open-Close_01_standard.set -> Open-Close_01_otp.set
2025-04-30 04:45:25,384 - INFO - Successfully optimized Opening-and-ilosing-on-time_01_standard.set -> Opening-and-ilosing-on-time_01_otp.set
2025-04-30 04:45:25,386 - INFO - Successfully optimized Opening-and-Сlosing-on-time_01_standard.set -> Opening-and-Сlosing-on-time_01_otp.set
2025-04-30 04:45:25,388 - INFO - Successfully optimized OpenPendingorderAfterPositionGetStopLoss_01_standard.set -> OpenPendingorderAfterPositionGetStopLoss_01_otp.set
2025-04-30 04:45:25,390 - INFO - Successfully optimized OpenTicks_01_standard.set -> OpenTicks_01_otp.set
2025-04-30 04:45:25,393 - INFO - Successfully optimized ORB-EA-BOX_01_standard.set -> ORB-EA-BOX_01_otp.set
2025-04-30 04:45:25,394 - INFO - Successfully optimized OsMaSter_01_standard.set -> OsMaSter_01_otp.set
2025-04-30 04:45:25,396 - INFO - Successfully optimized OTT-20AND-20PRICE-20CROSS-20EA_01_standard.set -> OTT-20AND-20PRICE-20CROSS-20EA_01_otp.set
2025-04-30 04:45:25,398 - INFO - Successfully optimized OverHedge_01_standard.set -> OverHedge_01_otp.set
2025-04-30 04:45:25,400 - INFO - Successfully optimized OzFx_01_standard.set -> OzFx_01_otp.set
2025-04-30 04:45:25,401 - INFO - Successfully optimized Parabolic-SAR_01_standard.set -> Parabolic-SAR_01_otp.set
2025-04-30 04:45:25,404 - INFO - Successfully optimized PARSI-EA_01_standard.set -> PARSI-EA_01_otp.set
2025-04-30 04:45:25,406 - INFO - Successfully optimized Peceptron-Mult_01_standard.set -> Peceptron-Mult_01_otp.set
2025-04-30 04:45:25,408 - INFO - Successfully optimized Pending-orders-by-time-2_01_standard.set -> Pending-orders-by-time-2_01_otp.set
2025-04-30 04:45:25,410 - INFO - Successfully optimized Pending-orders-by-time_01_standard.set -> Pending-orders-by-time_01_otp.set
2025-04-30 04:45:25,412 - INFO - Successfully optimized Pendulum_01_standard.set -> Pendulum_01_otp.set
2025-04-30 04:45:25,414 - INFO - Successfully optimized Pinball-machine_01_standard.set -> Pinball-machine_01_otp.set
2025-04-30 04:45:25,416 - INFO - Successfully optimized Pinbar-Magic-EA_01_standard.set -> Pinbar-Magic-EA_01_otp.set
2025-04-30 04:45:25,417 - INFO - Successfully optimized PinBar-Magic-Indicator_01_standard.set -> PinBar-Magic-Indicator_01_otp.set
2025-04-30 04:45:25,420 - INFO - Successfully optimized Pipsover_01_standard.set -> Pipsover_01_otp.set
2025-04-30 04:45:25,422 - INFO - Successfully optimized Plan-X_01_standard.set -> Plan-X_01_otp.set
2025-04-30 04:45:25,424 - INFO - Successfully optimized Plateau_01_standard.set -> Plateau_01_otp.set
2025-04-30 04:45:25,426 - INFO - Successfully optimized Poker-SHOW_01_standard.set -> Poker-SHOW_01_otp.set
2025-04-30 04:45:25,428 - INFO - Successfully optimized Precipice-MartIn_01_standard.set -> Precipice-MartIn_01_otp.set
2025-04-30 04:45:25,430 - INFO - Successfully optimized Precipice_01_standard.set -> Precipice_01_otp.set
2025-04-30 04:45:25,432 - INFO - Successfully optimized Probe_01_standard.set -> Probe_01_otp.set
2025-04-30 04:45:25,434 - INFO - Successfully optimized Proffessor_01_standard.set -> Proffessor_01_otp.set
2025-04-30 04:45:25,436 - INFO - Successfully optimized PropFirmHelper_01_standard.set -> PropFirmHelper_01_otp.set
2025-04-30 04:45:25,438 - INFO - Successfully optimized PROphet_01_standard.set -> PROphet_01_otp.set
2025-04-30 04:45:25,440 - INFO - Successfully optimized Puria-method_01_standard.set -> Puria-method_01_otp.set
2025-04-30 04:45:25,442 - INFO - Successfully optimized Rabbit3_01_standard.set -> Rabbit3_01_otp.set
2025-04-30 04:45:25,444 - INFO - Successfully optimized Range-Breakout_01_standard.set -> Range-Breakout_01_otp.set
2025-04-30 04:45:25,446 - INFO - Successfully optimized Rapid-Doji-EA_01_standard.set -> Rapid-Doji-EA_01_otp.set
2025-04-30 04:45:25,448 - INFO - Successfully optimized Raymond-Cloudy-Day-for-EA_01_standard.set -> Raymond-Cloudy-Day-for-EA_01_otp.set
2025-04-30 04:45:25,450 - INFO - Successfully optimized Reflex-EA_01_standard.set -> Reflex-EA_01_otp.set
2025-04-30 04:45:25,452 - INFO - Successfully optimized REFLEX-INDICATOR_01_standard.set -> REFLEX-INDICATOR_01_otp.set
2025-04-30 04:45:25,454 - INFO - Successfully optimized Reflex_01_standard.set -> Reflex_01_otp.set
2025-04-30 04:45:25,458 - INFO - Successfully optimized Reversing-Martingale_01_standard.set -> Reversing-Martingale_01_otp.set
2025-04-30 04:45:25,461 - INFO - Successfully optimized RideAlligator_01_standard.set -> RideAlligator_01_otp.set
2025-04-30 04:45:25,463 - INFO - Successfully optimized RNN_01_standard.set -> RNN_01_otp.set
2025-04-30 04:45:25,465 - INFO - Successfully optimized Robot-MACD_01_standard.set -> Robot-MACD_01_otp.set
2025-04-30 04:45:25,467 - INFO - Successfully optimized RobotPowerM5-meta4_01_standard.set -> RobotPowerM5-meta4_01_otp.set
2025-04-30 04:45:25,469 - INFO - Successfully optimized Rollback-system_01_standard.set -> Rollback-system_01_otp.set
2025-04-30 04:45:25,471 - INFO - Successfully optimized RSI-and-Bollinger-Bands_01_standard.set -> RSI-and-Bollinger-Bands_01_otp.set
2025-04-30 04:45:25,473 - INFO - Successfully optimized RSI-Arrow-EA_01_standard.set -> RSI-Arrow-EA_01_otp.set
2025-04-30 04:45:25,475 - INFO - Successfully optimized RSI-Arrow_01_standard.set -> RSI-Arrow_01_otp.set
2025-04-30 04:45:25,477 - INFO - Successfully optimized RSI-EA_01_standard.set -> RSI-EA_01_otp.set
2025-04-30 04:45:25,479 - INFO - Successfully optimized RSI-Eraser_01_standard.set -> RSI-Eraser_01_otp.set
2025-04-30 04:45:25,480 - INFO - Successfully optimized RSI-Expert_01_standard.set -> RSI-Expert_01_otp.set
2025-04-30 04:45:25,482 - INFO - Successfully optimized RSI-Levels_01_standard.set -> RSI-Levels_01_otp.set
2025-04-30 04:45:25,483 - INFO - Successfully optimized RSI-trader_01_standard.set -> RSI-trader_01_otp.set
2025-04-30 04:45:25,485 - INFO - Successfully optimized RSI-Trend-EA_01_standard.set -> RSI-Trend-EA_01_otp.set
2025-04-30 04:45:25,486 - INFO - Successfully optimized RSI-Trend_01_standard.set -> RSI-Trend_01_otp.set
2025-04-30 04:45:25,488 - INFO - Successfully optimized RSI-with-channels-EA_01_standard.set -> RSI-with-channels-EA_01_otp.set
2025-04-30 04:45:25,490 - INFO - Successfully optimized RSI-with-channels_01_standard.set -> RSI-with-channels_01_otp.set
2025-04-30 04:45:25,491 - INFO - Successfully optimized Russian20-hp1_01_standard.set -> Russian20-hp1_01_otp.set
2025-04-30 04:45:25,493 - INFO - Successfully optimized SampleCheckPendingOrder_01_standard.set -> SampleCheckPendingOrder_01_otp.set
2025-04-30 04:45:25,494 - INFO - Successfully optimized SAR-trading_01_standard.set -> SAR-trading_01_otp.set
2025-04-30 04:45:25,496 - INFO - Successfully optimized Secwenta_01_standard.set -> Secwenta_01_otp.set
2025-04-30 04:45:25,498 - INFO - Successfully optimized Sell-Stop_01_standard.set -> Sell-Stop_01_otp.set
2025-04-30 04:45:25,499 - INFO - Successfully optimized Sensitive_01_standard.set -> Sensitive_01_otp.set
2025-04-30 04:45:25,501 - INFO - Successfully optimized Separate-trade_01_standard.set -> Separate-trade_01_otp.set
2025-04-30 04:45:25,503 - INFO - Successfully optimized SilverTrend_01_standard.set -> SilverTrend_01_otp.set
2025-04-30 04:45:25,505 - INFO - Successfully optimized Simple-20Price-20Alert-20-20EA_01_standard.set -> Simple-20Price-20Alert-20-20EA_01_otp.set
2025-04-30 04:45:25,506 - INFO - Successfully optimized Simple-20Volume-20EA_01_standard.set -> Simple-20Volume-20EA_01_otp.set
2025-04-30 04:45:25,509 - INFO - Successfully optimized Simple-EA-MA-plus-MACD_01_standard.set -> Simple-EA-MA-plus-MACD_01_otp.set
2025-04-30 04:45:25,511 - INFO - Successfully optimized Simple-FX_01_standard.set -> Simple-FX_01_otp.set
2025-04-30 04:45:25,512 - INFO - Successfully optimized Simple-MACD_01_standard.set -> Simple-MACD_01_otp.set
2025-04-30 04:45:25,514 - INFO - Successfully optimized Simple-Volume-EA_01_standard.set -> Simple-Volume-EA_01_otp.set
2025-04-30 04:45:25,516 - INFO - Successfully optimized SimplePivot_01_standard.set -> SimplePivot_01_otp.set
2025-04-30 04:45:25,518 - INFO - Successfully optimized Simplest-Hedging-EA-ever_01_standard.set -> Simplest-Hedging-EA-ever_01_otp.set
2025-04-30 04:45:25,519 - INFO - Successfully optimized SimpleTrade _01_standard.set -> SimpleTrade _01_otp.set
2025-04-30 04:45:25,521 - INFO - Successfully optimized Six-Soldiers-EA-Grid_01_standard.set -> Six-Soldiers-EA-Grid_01_otp.set
2025-04-30 04:45:25,523 - INFO - Successfully optimized Six-Soldiers-EA_01_standard.set -> Six-Soldiers-EA_01_otp.set
2025-04-30 04:45:25,525 - INFO - Successfully optimized Six-Soldiers_01_standard.set -> Six-Soldiers_01_otp.set
2025-04-30 04:45:25,526 - INFO - Successfully optimized Small-Inside-Bar-Strategy_01_standard.set -> Small-Inside-Bar-Strategy_01_otp.set
2025-04-30 04:45:25,527 - INFO - Successfully optimized Smart-Machine-20EA_01_standard.set -> Smart-Machine-20EA_01_otp.set
2025-04-30 04:45:25,529 - INFO - Successfully optimized Smoothing-Average_01_standard.set -> Smoothing-Average_01_otp.set
2025-04-30 04:45:25,531 - INFO - Successfully optimized Spasm_01_standard.set -> Spasm_01_otp.set
2025-04-30 04:45:25,533 - INFO - Successfully optimized ssb5-123_01_standard.set -> ssb5-123_01_otp.set
2025-04-30 04:45:25,534 - INFO - Successfully optimized Starter_01_standard.set -> Starter_01_otp.set
2025-04-30 04:45:25,536 - INFO - Successfully optimized Steve-Cartwright-Trader-Camel-CCI-MACD_01_standard.set -> Steve-Cartwright-Trader-Camel-CCI-MACD_01_otp.set
2025-04-30 04:45:25,538 - INFO - Successfully optimized Stoch-EA-1192_01_standard.set -> Stoch-EA-1192_01_otp.set
2025-04-30 04:45:25,539 - INFO - Successfully optimized Stochastic-20Alert_01_standard.set -> Stochastic-20Alert_01_otp.set
2025-04-30 04:45:25,540 - INFO - Successfully optimized Stochastic-K-Divergence.lua_01_standard.set -> Stochastic-K-Divergence.lua_01_otp.set
2025-04-30 04:45:25,542 - INFO - Successfully optimized stochastic-three-periods_01_standard.set -> stochastic-three-periods_01_otp.set
2025-04-30 04:45:25,544 - INFO - Successfully optimized StochasticDiffSign-EA_01_standard.set -> StochasticDiffSign-EA_01_otp.set
2025-04-30 04:45:25,545 - INFO - Successfully optimized stochasticdiffsign_01_standard.set -> stochasticdiffsign_01_otp.set
2025-04-30 04:45:25,547 - INFO - Successfully optimized StochMA-EA_01_standard.set -> StochMA-EA_01_otp.set
2025-04-30 04:45:25,548 - INFO - Successfully optimized StochMA_01_standard.set -> StochMA_01_otp.set
2025-04-30 04:45:25,550 - INFO - Successfully optimized Stoch_01_standard.set -> Stoch_01_otp.set
2025-04-30 04:45:25,551 - INFO - Successfully optimized Stop-Loss-Take-Profit_01_standard.set -> Stop-Loss-Take-Profit_01_otp.set
2025-04-30 04:45:25,553 - INFO - Successfully optimized StraddleqTrail_01_standard.set -> StraddleqTrail_01_otp.set
2025-04-30 04:45:25,554 - INFO - Successfully optimized Surefirething_01_standard.set -> Surefirething_01_otp.set
2025-04-30 04:45:25,555 - INFO - Successfully optimized TDSGlobal_01_standard.set -> TDSGlobal_01_otp.set
2025-04-30 04:45:25,557 - INFO - Successfully optimized The-MasterMind-2_01_standard.set -> The-MasterMind-2_01_otp.set
2025-04-30 04:45:25,559 - INFO - Successfully optimized The-MasterMind-3_01_standard.set -> The-MasterMind-3_01_otp.set
2025-04-30 04:45:25,560 - INFO - Successfully optimized The-MasterMind_01_standard.set -> The-MasterMind_01_otp.set
2025-04-30 04:45:25,561 - INFO - Successfully optimized The-Puncher_01_standard.set -> The-Puncher_01_otp.set
2025-04-30 04:45:25,563 - INFO - Successfully optimized TheClassicTurtleTrader-no-dots-EA_01_standard.set -> TheClassicTurtleTrader-no-dots-EA_01_otp.set
2025-04-30 04:45:25,565 - INFO - Successfully optimized TheClassicTurtleTrader-no-dots_01_standard.set -> TheClassicTurtleTrader-no-dots_01_otp.set
2025-04-30 04:45:25,566 - INFO - Successfully optimized Three-indicators_01_standard.set -> Three-indicators_01_otp.set
2025-04-30 04:45:25,568 - INFO - Successfully optimized Three-neural-networks_01_standard.set -> Three-neural-networks_01_otp.set
2025-04-30 04:45:25,569 - INFO - Successfully optimized Three-timeframes_01_standard.set -> Three-timeframes_01_otp.set
2025-04-30 04:45:25,571 - INFO - Successfully optimized Three-Typical-Candles_01_standard.set -> Three-Typical-Candles_01_otp.set
2025-04-30 04:45:25,572 - INFO - Successfully optimized Time-sync-forts_01_standard.set -> Time-sync-forts_01_otp.set
2025-04-30 04:45:25,573 - INFO - Successfully optimized timer-trade_01_standard.set -> timer-trade_01_otp.set
2025-04-30 04:45:25,575 - INFO - Successfully optimized TMA-ATR-Channel_01_standard.set -> TMA-ATR-Channel_01_otp.set
2025-04-30 04:45:25,577 - INFO - Successfully optimized TMA-ATR-EA_01_standard.set -> TMA-ATR-EA_01_otp.set
2025-04-30 04:45:25,579 - INFO - Successfully optimized TMA-CG-EA_01_standard.set -> TMA-CG-EA_01_otp.set
2025-04-30 04:45:25,581 - INFO - Successfully optimized TMA-CG-Martingale-20EA_01_standard.set -> TMA-CG-Martingale-20EA_01_otp.set
2025-04-30 04:45:25,582 - INFO - Successfully optimized TMA-CG-mladen_01_standard.set -> TMA-CG-mladen_01_otp.set
2025-04-30 04:45:25,583 - INFO - Successfully optimized TMA-CG-special_01_standard.set -> TMA-CG-special_01_otp.set
2025-04-30 04:45:25,585 - INFO - Successfully optimized TMA-slope-bands_01_standard.set -> TMA-slope-bands_01_otp.set
2025-04-30 04:45:25,586 - INFO - Successfully optimized TmaTrue-2.0-with-Distances-6xx_01_standard.set -> TmaTrue-2.0-with-Distances-6xx_01_otp.set
2025-04-30 04:45:25,588 - INFO - Successfully optimized TmaTrue-3.0-with-Distances-6xx_01_standard.set -> TmaTrue-3.0-with-Distances-6xx_01_otp.set
2025-04-30 04:45:25,589 - INFO - Successfully optimized TP-with-money_01_standard.set -> TP-with-money_01_otp.set
2025-04-30 04:45:25,591 - INFO - Successfully optimized Trade-in-Channel_01_standard.set -> Trade-in-Channel_01_otp.set
2025-04-30 04:45:25,593 - INFO - Successfully optimized Trade-on-qualified-RSI_01_standard.set -> Trade-on-qualified-RSI_01_otp.set
2025-04-30 04:45:25,595 - INFO - Successfully optimized Trading-Breakout-MrThanhTan_01_standard.set -> Trading-Breakout-MrThanhTan_01_otp.set
2025-04-30 04:45:25,596 - INFO - Successfully optimized Trend-Trader-Strategy-EA_01_standard.set -> Trend-Trader-Strategy-EA_01_otp.set
2025-04-30 04:45:25,598 - INFO - Successfully optimized Trend-Trader-Strategy_01_standard.set -> Trend-Trader-Strategy_01_otp.set
2025-04-30 04:45:25,600 - INFO - Successfully optimized Tru-EA_01_standard.set -> Tru-EA_01_otp.set
2025-04-30 04:45:25,602 - INFO - Successfully optimized True-Scalper-Profit-Lock_01_standard.set -> True-Scalper-Profit-Lock_01_otp.set
2025-04-30 04:45:25,603 - INFO - Successfully optimized TrueSort-1100_01_standard.set -> TrueSort-1100_01_otp.set
2025-04-30 04:45:25,604 - INFO - Successfully optimized Tunnel-gen4_01_standard.set -> Tunnel-gen4_01_otp.set
2025-04-30 04:45:25,606 - INFO - Successfully optimized Tunnel-Method_01_standard.set -> Tunnel-Method_01_otp.set
2025-04-30 04:45:25,607 - INFO - Successfully optimized TurnGrid_01_standard.set -> TurnGrid_01_otp.set
2025-04-30 04:45:25,609 - INFO - Successfully optimized Two PerBar _01_standard.set -> Two PerBar _01_otp.set
2025-04-30 04:45:25,610 - INFO - Successfully optimized Two-20MA-20RSI-20ADX-20EA_01_standard.set -> Two-20MA-20RSI-20ADX-20EA_01_otp.set
2025-04-30 04:45:25,612 - INFO - Successfully optimized Two-20Orders-20Panel_01_standard.set -> Two-20Orders-20Panel_01_otp.set
2025-04-30 04:45:25,614 - INFO - Successfully optimized Two-pending-orders-2_01_standard.set -> Two-pending-orders-2_01_otp.set
2025-04-30 04:45:25,615 - INFO - Successfully optimized UnityPro_01_standard.set -> UnityPro_01_otp.set
2025-04-30 04:45:25,616 - INFO - Successfully optimized UniversalMACrossEA_01_standard.set -> UniversalMACrossEA_01_otp.set
2025-04-30 04:45:25,618 - INFO - Successfully optimized UniversalSignalDemo_01_standard.set -> UniversalSignalDemo_01_otp.set
2025-04-30 04:45:25,619 - INFO - Successfully optimized Universum-3.0_01_standard.set -> Universum-3.0_01_otp.set
2025-04-30 04:45:25,621 - INFO - Successfully optimized UnNomGuai-20EA_01_standard.set -> UnNomGuai-20EA_01_otp.set
2025-04-30 04:45:25,623 - INFO - Successfully optimized up3x1-Investor_01_standard.set -> up3x1-Investor_01_otp.set
2025-04-30 04:45:25,624 - INFO - Successfully optimized up3x1-premium-M_01_standard.set -> up3x1-premium-M_01_otp.set
2025-04-30 04:45:25,625 - INFO - Successfully optimized up3x1_01_standard.set -> up3x1_01_otp.set
2025-04-30 04:45:25,627 - INFO - Successfully optimized Urdala-Trol_01_standard.set -> Urdala-Trol_01_otp.set
2025-04-30 04:45:25,628 - INFO - Successfully optimized Very-Blonde-System_01_standard.set -> Very-Blonde-System_01_otp.set
2025-04-30 04:45:25,629 - INFO - Successfully optimized Virtual-Trailing-Stop_01_standard.set -> Virtual-Trailing-Stop_01_otp.set
2025-04-30 04:45:25,631 - INFO - Successfully optimized VLT-TRADER_01_standard.set -> VLT-TRADER_01_otp.set
2025-04-30 04:45:25,632 - INFO - Successfully optimized Volume-trader_01_standard.set -> Volume-trader_01_otp.set
2025-04-30 04:45:25,634 - INFO - Successfully optimized Vortex-Indicator-System_01_standard.set -> Vortex-Indicator-System_01_otp.set
2025-04-30 04:45:25,635 - INFO - Successfully optimized VR-Overturn_01_standard.set -> VR-Overturn_01_otp.set
2025-04-30 04:45:25,637 - INFO - Successfully optimized VR-ZVER-v.2_01_standard.set -> VR-ZVER-v.2_01_otp.set
2025-04-30 04:45:25,639 - INFO - Successfully optimized VR-ZVER_01_standard.set -> VR-ZVER_01_otp.set
2025-04-30 04:45:25,640 - INFO - Successfully optimized VZO_01_standard.set -> VZO_01_otp.set
2025-04-30 04:45:25,642 - INFO - Successfully optimized Waddah-Attar-Win_01_standard.set -> Waddah-Attar-Win_01_otp.set
2025-04-30 04:45:25,643 - INFO - Successfully optimized WE-TRUST_01_standard.set -> WE-TRUST_01_otp.set
2025-04-30 04:45:25,645 - INFO - Successfully optimized X-RSIOMA_01_standard.set -> X-RSIOMA_01_otp.set
2025-04-30 04:45:25,646 - INFO - Successfully optimized Yesterday-Today_01_standard.set -> Yesterday-Today_01_otp.set
