2025-04-27 15:16:19,367 - INFO - Found 2718 .set files to process
2025-04-27 15:16:19,369 - INFO - Successfully optimized 10-pips-EURUSD_01_standard.set -> 10-pips-EURUSD_01_otp.set
2025-04-27 15:16:19,372 - INFO - Successfully optimized 10-pips_01_standard.set -> 10-pips_01_otp.set
2025-04-27 15:16:19,374 - INFO - Successfully optimized 1H-EUR-USD_01_standard.set -> 1H-EUR-USD_01_otp.set
2025-04-27 15:16:19,377 - INFO - Successfully optimized 20011201-GBPUSD-M1_01_standard.set -> 20011201-GBPUSD-M1_01_otp.set
2025-04-27 15:16:19,380 - INFO - Successfully optimized 21hour_01_standard.set -> 21hour_01_otp.set
2025-04-27 15:16:19,394 - INFO - Successfully optimized 2HR-HL_01_standard.set -> 2HR-HL_01_otp.set
2025-04-27 15:16:19,397 - INFO - Successfully optimized 2MA-4Level_01_standard.set -> 2MA-4Level_01_otp.set
2025-04-27 15:16:19,399 - INFO - Successfully optimized 2MA-Bunny-Cross_01_standard.set -> 2MA-Bunny-Cross_01_otp.set
2025-04-27 15:16:19,401 - INFO - Successfully optimized 3-bars-high-low-indicator_01_standard.set -> 3-bars-high-low-indicator_01_otp.set
2025-04-27 15:16:19,403 - INFO - Successfully optimized 35-Pip-Scalper_01_standard.set -> 35-Pip-Scalper_01_otp.set
2025-04-27 15:16:19,405 - INFO - Successfully optimized 3BarsHighLowEA_01_standard.set -> 3BarsHighLowEA_01_otp.set
2025-04-27 15:16:19,407 - INFO - Successfully optimized 3sma_01_standard.set -> 3sma_01_otp.set
2025-04-27 15:16:19,409 - INFO - Successfully optimized 500_01_standard.set -> 500_01_otp.set
2025-04-27 15:16:19,411 - INFO - Successfully optimized 55-MA_01_standard.set -> 55-MA_01_otp.set
2025-04-27 15:16:19,413 - INFO - Successfully optimized Above-Below-MA_01_standard.set -> Above-Below-MA_01_otp.set
2025-04-27 15:16:19,414 - INFO - Successfully optimized Absorption_01_standard.set -> Absorption_01_otp.set
2025-04-27 15:16:19,416 - INFO - Successfully optimized ADX-MACD-Deev_01_standard.set -> ADX-MACD-Deev_01_otp.set
2025-04-27 15:16:19,418 - INFO - Successfully optimized ADX-MA_01_standard.set -> ADX-MA_01_otp.set
2025-04-27 15:16:19,420 - INFO - Successfully optimized ADX-System_01_standard.set -> ADX-System_01_otp.set
2025-04-27 15:16:19,422 - INFO - Successfully optimized AIS1_01_standard.set -> AIS1_01_otp.set
2025-04-27 15:16:19,424 - INFO - Successfully optimized Alexav-D1-Profit-GBPUSD_01_standard.set -> Alexav-D1-Profit-GBPUSD_01_otp.set
2025-04-27 15:16:19,426 - INFO - Successfully optimized All-Average-Ea_01_standard.set -> All-Average-Ea_01_otp.set
2025-04-27 15:16:19,429 - INFO - Successfully optimized Alligator-Simple_01_standard.set -> Alligator-Simple_01_otp.set
2025-04-27 15:16:19,430 - INFO - Successfully optimized Alligator_01_standard.set -> Alligator_01_otp.set
2025-04-27 15:16:19,432 - INFO - Successfully optimized Altarius-RSI-Stohastic_01_standard.set -> Altarius-RSI-Stohastic_01_otp.set
2025-04-27 15:16:19,434 - INFO - Successfully optimized AMA-Trader-2_01_standard.set -> AMA-Trader-2_01_otp.set
2025-04-27 15:16:19,436 - INFO - Successfully optimized AMA-Trader_01_standard.set -> AMA-Trader_01_otp.set
2025-04-27 15:16:19,438 - INFO - Successfully optimized AO-Lightning_01_standard.set -> AO-Lightning_01_otp.set
2025-04-27 15:16:19,440 - INFO - Successfully optimized AOCCI_01_standard.set -> AOCCI_01_otp.set
2025-04-27 15:16:19,442 - INFO - Successfully optimized Arbitrage_01_standard.set -> Arbitrage_01_otp.set
2025-04-27 15:16:19,443 - INFO - Successfully optimized ArbSint_01_standard.set -> ArbSint_01_otp.set
2025-04-27 15:16:19,445 - INFO - Successfully optimized Area-MACD_01_standard.set -> Area-MACD_01_otp.set
2025-04-27 15:16:19,447 - INFO - Successfully optimized Artificial-Intelligence_01_standard.set -> Artificial-Intelligence_01_otp.set
2025-04-27 15:16:19,449 - INFO - Successfully optimized At-random-Full_01_standard.set -> At-random-Full_01_otp.set
2025-04-27 15:16:19,451 - INFO - Successfully optimized At-random_01_standard.set -> At-random_01_otp.set
2025-04-27 15:16:19,453 - INFO - Successfully optimized Auto-ADX_01_standard.set -> Auto-ADX_01_otp.set
2025-04-27 15:16:19,456 - INFO - Successfully optimized Auto-Pivot-Plotter-28Mid-Levels-29-41_01_standard.set -> Auto-Pivot-Plotter-28Mid-Levels-29-41_01_otp.set
2025-04-27 15:16:19,459 - INFO - Successfully optimized AutoLock-EA_01_standard.set -> AutoLock-EA_01_otp.set
2025-04-27 15:16:19,461 - INFO - Successfully optimized Autotrader-Momentum_01_standard.set -> Autotrader-Momentum_01_otp.set
2025-04-27 15:16:19,463 - INFO - Successfully optimized Avalanche-AV_01_standard.set -> Avalanche-AV_01_otp.set
2025-04-27 15:16:19,465 - INFO - Successfully optimized Backbone_01_standard.set -> Backbone_01_otp.set
2025-04-27 15:16:19,467 - INFO - Successfully optimized BADX_01_standard.set -> BADX_01_otp.set
2025-04-27 15:16:19,469 - INFO - Successfully optimized Bago-EA_01_standard.set -> Bago-EA_01_otp.set
2025-04-27 15:16:19,472 - INFO - Successfully optimized BalancedScalper-20EA_01_standard.set -> BalancedScalper-20EA_01_otp.set
2025-04-27 15:16:19,474 - INFO - Successfully optimized Bands-2_01_standard.set -> Bands-2_01_otp.set
2025-04-27 15:16:19,476 - INFO - Successfully optimized BARS-Alligator_01_standard.set -> BARS-Alligator_01_otp.set
2025-04-27 15:16:19,478 - INFO - Successfully optimized Basic-CCI-RSI_01_standard.set -> Basic-CCI-RSI_01_otp.set
2025-04-27 15:16:19,480 - INFO - Successfully optimized Basic-Martingale-EA-3_01_standard.set -> Basic-Martingale-EA-3_01_otp.set
2025-04-27 15:16:19,482 - INFO - Successfully optimized BBPercentile-EA_01_standard.set -> BBPercentile-EA_01_otp.set
2025-04-27 15:16:19,484 - INFO - Successfully optimized BBPercentile_01_standard.set -> BBPercentile_01_otp.set
2025-04-27 15:16:19,487 - INFO - Successfully optimized BDCrossOver-20EA_01_standard.set -> BDCrossOver-20EA_01_otp.set
2025-04-27 15:16:19,489 - INFO - Successfully optimized BIG-DOG_01_standard.set -> BIG-DOG_01_otp.set
2025-04-27 15:16:19,491 - INFO - Successfully optimized Bill-Williams_01_standard.set -> Bill-Williams_01_otp.set
2025-04-27 15:16:19,494 - INFO - Successfully optimized Bollinger-Band-Two-MA-and-Zig-Zag_01_standard.set -> Bollinger-Band-Two-MA-and-Zig-Zag_01_otp.set
2025-04-27 15:16:19,496 - INFO - Successfully optimized Bollinger-Bands-N-positions_01_standard.set -> Bollinger-Bands-N-positions_01_otp.set
2025-04-27 15:16:19,499 - INFO - Successfully optimized Bollinger-Bands-RSI_01_standard.set -> Bollinger-Bands-RSI_01_otp.set
2025-04-27 15:16:19,501 - INFO - Successfully optimized bollinger_01_standard.set -> bollinger_01_otp.set
2025-04-27 15:16:19,504 - INFO - Successfully optimized Brakeout-Trader_01_standard.set -> Brakeout-Trader_01_otp.set
2025-04-27 15:16:19,506 - INFO - Successfully optimized Brandy_01_standard.set -> Brandy_01_otp.set
2025-04-27 15:16:19,508 - INFO - Successfully optimized Breadandbutter2_01_standard.set -> Breadandbutter2_01_otp.set
2025-04-27 15:16:19,511 - INFO - Successfully optimized Breakdown-catcher_01_standard.set -> Breakdown-catcher_01_otp.set
2025-04-27 15:16:19,512 - INFO - Successfully optimized breakdown_01_standard.set -> breakdown_01_otp.set
2025-04-27 15:16:19,515 - INFO - Successfully optimized Breakout-Str_01_standard.set -> Breakout-Str_01_otp.set
2025-04-27 15:16:19,517 - INFO - Successfully optimized Bronze-Warrioir_01_standard.set -> Bronze-Warrioir_01_otp.set
2025-04-27 15:16:19,519 - INFO - Successfully optimized Bruno_01_standard.set -> Bruno_01_otp.set
2025-04-27 15:16:19,521 - INFO - Successfully optimized BSS-1-0_01_standard.set -> BSS-1-0_01_otp.set
2025-04-27 15:16:19,523 - INFO - Successfully optimized Bullish-and-Bearish-Engulfing_01_standard.set -> Bullish-and-Bearish-Engulfing_01_otp.set
2025-04-27 15:16:19,525 - INFO - Successfully optimized Burg-Extrapolator_01_standard.set -> Burg-Extrapolator_01_otp.set
2025-04-27 15:16:19,527 - INFO - Successfully optimized BykovTrend-EA_01_standard.set -> BykovTrend-EA_01_otp.set
2025-04-27 15:16:19,529 - INFO - Successfully optimized Calculate-lotsize-and-Trailling-stop_01_standard.set -> Calculate-lotsize-and-Trailling-stop_01_otp.set
2025-04-27 15:16:19,532 - INFO - Successfully optimized candlepatternsexample_01_standard.set -> candlepatternsexample_01_otp.set
2025-04-27 15:16:19,534 - INFO - Successfully optimized Candle_01_standard.set -> Candle_01_otp.set
2025-04-27 15:16:19,536 - INFO - Successfully optimized Carbophos_01_standard.set -> Carbophos_01_otp.set
2025-04-27 15:16:19,538 - INFO - Successfully optimized CashMachine-5min_01_standard.set -> CashMachine-5min_01_otp.set
2025-04-27 15:16:19,539 - INFO - Successfully optimized CCI-MACD-Scalper_01_standard.set -> CCI-MACD-Scalper_01_otp.set
2025-04-27 15:16:19,541 - INFO - Successfully optimized Cidomo_01_standard.set -> Cidomo_01_otp.set
2025-04-27 15:16:19,545 - INFO - Successfully optimized CloseAgent_01_standard.set -> CloseAgent_01_otp.set
2025-04-27 15:16:19,547 - INFO - Successfully optimized CloseProfit_01_standard.set -> CloseProfit_01_otp.set
2025-04-27 15:16:19,550 - INFO - Successfully optimized cloud's-trade-2_01_standard.set -> cloud's-trade-2_01_otp.set
2025-04-27 15:16:19,552 - INFO - Successfully optimized CLOUD_01_standard.set -> CLOUD_01_otp.set
2025-04-27 15:16:19,555 - INFO - Successfully optimized Constituents-EA_01_standard.set -> Constituents-EA_01_otp.set
2025-04-27 15:16:19,557 - INFO - Successfully optimized Contrarian-trade-MA_01_standard.set -> Contrarian-trade-MA_01_otp.set
2025-04-27 15:16:19,559 - INFO - Successfully optimized Crossing-Moving-Average_01_standard.set -> Crossing-Moving-Average_01_otp.set
2025-04-27 15:16:19,561 - INFO - Successfully optimized CrossMA_01_standard.set -> CrossMA_01_otp.set
2025-04-27 15:16:19,564 - INFO - Successfully optimized Currencyprofits-01.1_01_standard.set -> Currencyprofits-01.1_01_otp.set
2025-04-27 15:16:19,566 - INFO - Successfully optimized Daily-20reversal-20-20EA_01_standard.set -> Daily-20reversal-20-20EA_01_otp.set
2025-04-27 15:16:19,569 - INFO - Successfully optimized Daily-BreakPoint_01_standard.set -> Daily-BreakPoint_01_otp.set
2025-04-27 15:16:19,571 - INFO - Successfully optimized Daily-Open-EA_01_standard.set -> Daily-Open-EA_01_otp.set
2025-04-27 15:16:19,574 - INFO - Successfully optimized Daily-range_01_standard.set -> Daily-range_01_otp.set
2025-04-27 15:16:19,576 - INFO - Successfully optimized Day-Trading-PAMXA_01_standard.set -> Day-Trading-PAMXA_01_otp.set
2025-04-27 15:16:19,579 - INFO - Successfully optimized Daydream_01_standard.set -> Daydream_01_otp.set
2025-04-27 15:16:19,582 - INFO - Successfully optimized DayTrading_01_standard.set -> DayTrading_01_otp.set
2025-04-27 15:16:19,584 - INFO - Successfully optimized Dealers-Trade-v-7.74-MACD_01_standard.set -> Dealers-Trade-v-7.74-MACD_01_otp.set
2025-04-27 15:16:19,587 - INFO - Successfully optimized Deep-Drawdown-MA_01_standard.set -> Deep-Drawdown-MA_01_otp.set
2025-04-27 15:16:19,590 - INFO - Successfully optimized DeMarker-gaining-position-volume-2_01_standard.set -> DeMarker-gaining-position-volume-2_01_otp.set
2025-04-27 15:16:19,592 - INFO - Successfully optimized DeMarker-gaining-position-volume_01_standard.set -> DeMarker-gaining-position-volume_01_otp.set
2025-04-27 15:16:19,595 - INFO - Successfully optimized DeMarker-Pending-2-5_01_standard.set -> DeMarker-Pending-2-5_01_otp.set
2025-04-27 15:16:19,597 - INFO - Successfully optimized DeMarker-Pending-2_01_standard.set -> DeMarker-Pending-2_01_otp.set
2025-04-27 15:16:19,600 - INFO - Successfully optimized DeMarker-Pending_01_standard.set -> DeMarker-Pending_01_otp.set
2025-04-27 15:16:19,602 - INFO - Successfully optimized Dematus_01_standard.set -> Dematus_01_otp.set
2025-04-27 15:16:19,605 - INFO - Successfully optimized Divergence-20for-20many-20indicator_01_standard.set -> Divergence-20for-20many-20indicator_01_otp.set
2025-04-27 15:16:19,608 - INFO - Successfully optimized Divergence-EA_01_standard.set -> Divergence-EA_01_otp.set
2025-04-27 15:16:19,610 - INFO - Successfully optimized Doji-Arrows_01_standard.set -> Doji-Arrows_01_otp.set
2025-04-27 15:16:19,612 - INFO - Successfully optimized DojiTrader_01_standard.set -> DojiTrader_01_otp.set
2025-04-27 15:16:19,614 - INFO - Successfully optimized Donchian-Chanel-EA_01_standard.set -> Donchian-Chanel-EA_01_otp.set
2025-04-27 15:16:19,616 - INFO - Successfully optimized DoubleHullMA-EA_01_standard.set -> DoubleHullMA-EA_01_otp.set
2025-04-27 15:16:19,618 - INFO - Successfully optimized DoubleHullMA_01_standard.set -> DoubleHullMA_01_otp.set
2025-04-27 15:16:19,620 - INFO - Successfully optimized DoubleMA-Crossover-EA_01_standard.set -> DoubleMA-Crossover-EA_01_otp.set
2025-04-27 15:16:19,621 - INFO - Successfully optimized Doubler_01_standard.set -> Doubler_01_otp.set
2025-04-27 15:16:19,623 - INFO - Successfully optimized dummy_01_standard.set -> dummy_01_otp.set
2025-04-27 15:16:19,624 - INFO - Successfully optimized Dynamic-averaging_01_standard.set -> Dynamic-averaging_01_otp.set
2025-04-27 15:16:19,626 - INFO - Successfully optimized e-Breakeven_01_standard.set -> e-Breakeven_01_otp.set
2025-04-27 15:16:19,627 - INFO - Successfully optimized E-Friday_01_standard.set -> E-Friday_01_otp.set
2025-04-27 15:16:19,629 - INFO - Successfully optimized E-Skoch-Open_01_standard.set -> E-Skoch-Open_01_otp.set
2025-04-27 15:16:19,631 - INFO - Successfully optimized e-Skoch-pending-orders_01_standard.set -> e-Skoch-pending-orders_01_otp.set
2025-04-27 15:16:19,632 - INFO - Successfully optimized e-Smart-Trailing_01_standard.set -> e-Smart-Trailing_01_otp.set
2025-04-27 15:16:19,634 - INFO - Successfully optimized e-TurboFx_01_standard.set -> e-TurboFx_01_otp.set
2025-04-27 15:16:19,636 - INFO - Successfully optimized EA-Close_01_standard.set -> EA-Close_01_otp.set
2025-04-27 15:16:19,638 - INFO - Successfully optimized EA-MA-Stoch-RSI_01_standard.set -> EA-MA-Stoch-RSI_01_otp.set
2025-04-27 15:16:19,640 - INFO - Successfully optimized EA-Moving-Average_01_standard.set -> EA-Moving-Average_01_otp.set
2025-04-27 15:16:19,642 - INFO - Successfully optimized Elite-eFibo-Trader_01_standard.set -> Elite-eFibo-Trader_01_otp.set
2025-04-27 15:16:19,644 - INFO - Successfully optimized EMA-6.12_01_standard.set -> EMA-6.12_01_otp.set
2025-04-27 15:16:19,645 - INFO - Successfully optimized EMA-CROSS_01_standard.set -> EMA-CROSS_01_otp.set
2025-04-27 15:16:19,647 - INFO - Successfully optimized EMA-LWMA-RSI_01_standard.set -> EMA-LWMA-RSI_01_otp.set
2025-04-27 15:16:19,649 - INFO - Successfully optimized EMA-RSI-EA_01_standard.set -> EMA-RSI-EA_01_otp.set
2025-04-27 15:16:19,651 - INFO - Successfully optimized EMA-WMA_01_standard.set -> EMA-WMA_01_otp.set
2025-04-27 15:16:19,652 - INFO - Successfully optimized EMA_01_standard.set -> EMA_01_otp.set
2025-04-27 15:16:19,653 - INFO - Successfully optimized Eugene_01_standard.set -> Eugene_01_otp.set
2025-04-27 15:16:19,655 - INFO - Successfully optimized eur-usd-m5_01_standard.set -> eur-usd-m5_01_otp.set
2025-04-27 15:16:19,656 - INFO - Successfully optimized EURUSD-breakout_01_standard.set -> EURUSD-breakout_01_otp.set
2025-04-27 15:16:19,658 - INFO - Successfully optimized Executer-AC_01_standard.set -> Executer-AC_01_otp.set
2025-04-27 15:16:19,659 - ERROR - Error reading C:\Users\nikol\AppData\Roaming\MetaQuotes\Terminal\4B1CE69F577705455263BD980C39A82C\MQL5\Profiles\Tester\Executor AO.set: 'utf-8' codec can't decode byte 0xff in position 0: invalid start byte
2025-04-27 15:16:19,660 - INFO - Successfully optimized Executor AO.set -> Executor AO_otp.set
2025-04-27 15:16:19,662 - INFO - Successfully optimized Executor-AO_01_standard.set -> Executor-AO_01_otp.set
2025-04-27 15:16:19,664 - INFO - Successfully optimized Executor-Candles_01_standard.set -> Executor-Candles_01_otp.set
2025-04-27 15:16:19,665 - INFO - Successfully optimized exp-Amstell_01_standard.set -> exp-Amstell_01_otp.set
2025-04-27 15:16:19,667 - INFO - Successfully optimized Expert-NEWS_01_standard.set -> Expert-NEWS_01_otp.set
2025-04-27 15:16:19,668 - INFO - Successfully optimized Expert-RSI-Stochastic-MA_01_standard.set -> Expert-RSI-Stochastic-MA_01_otp.set
2025-04-27 15:16:19,669 - ERROR - Error reading C:\Users\nikol\AppData\Roaming\MetaQuotes\Terminal\4B1CE69F577705455263BD980C39A82C\MQL5\Profiles\Tester\Expert_RSI_Stochastic_MA.set: 'utf-8' codec can't decode byte 0xff in position 0: invalid start byte
2025-04-27 15:16:19,670 - INFO - Successfully optimized Expert_RSI_Stochastic_MA.set -> Expert_RSI_Stochastic_MA_otp.set
2025-04-27 15:16:19,671 - ERROR - Error reading C:\Users\nikol\AppData\Roaming\MetaQuotes\Terminal\4B1CE69F577705455263BD980C39A82C\MQL5\Profiles\Tester\exp_Amstell.set: 'utf-8' codec can't decode byte 0xff in position 0: invalid start byte
2025-04-27 15:16:19,672 - INFO - Successfully optimized exp_Amstell.set -> exp_Amstell_otp.set
2025-04-27 15:16:19,674 - INFO - Successfully optimized ExtremePrice-EA_01_standard.set -> ExtremePrice-EA_01_otp.set
2025-04-27 15:16:19,676 - INFO - Successfully optimized FiboRetracement-20EA_01_standard.set -> FiboRetracement-20EA_01_otp.set
2025-04-27 15:16:19,677 - INFO - Successfully optimized Firebird_01_standard.set -> Firebird_01_otp.set
2025-04-27 15:16:19,679 - INFO - Successfully optimized Firestorm-EA_01_standard.set -> Firestorm-EA_01_otp.set
2025-04-27 15:16:19,681 - INFO - Successfully optimized Firestorm-indicator_01_standard.set -> Firestorm-indicator_01_otp.set
2025-04-27 15:16:19,683 - INFO - Successfully optimized Fluctuate_01_standard.set -> Fluctuate_01_otp.set
2025-04-27 15:16:19,685 - INFO - Successfully optimized Forex-Fraus-M1_01_standard.set -> Forex-Fraus-M1_01_otp.set
2025-04-27 15:16:19,686 - INFO - Successfully optimized Forex-Profit_01_standard.set -> Forex-Profit_01_otp.set
2025-04-27 15:16:19,688 - INFO - Successfully optimized Fractals-minimum-distance_01_standard.set -> Fractals-minimum-distance_01_otp.set
2025-04-27 15:16:19,689 - INFO - Successfully optimized Fraktrak-xonax_01_standard.set -> Fraktrak-xonax_01_otp.set
2025-04-27 15:16:19,691 - INFO - Successfully optimized Frank-Ud_01_standard.set -> Frank-Ud_01_otp.set
2025-04-27 15:16:19,693 - INFO - Successfully optimized FT-CCI_01_standard.set -> FT-CCI_01_otp.set
2025-04-27 15:16:19,694 - INFO - Successfully optimized Fuzzy-logic_01_standard.set -> Fuzzy-logic_01_otp.set
2025-04-27 15:16:19,695 - INFO - Successfully optimized GalacticExplosion_01_standard.set -> GalacticExplosion_01_otp.set
2025-04-27 15:16:19,697 - INFO - Successfully optimized Gandalf-PRO_01_standard.set -> Gandalf-PRO_01_otp.set
2025-04-27 15:16:19,699 - INFO - Successfully optimized Gap-DM_01_standard.set -> Gap-DM_01_otp.set
2025-04-27 15:16:19,701 - INFO - Successfully optimized GAP-EA_01_standard.set -> GAP-EA_01_otp.set
2025-04-27 15:16:19,703 - INFO - Successfully optimized Gaps_01_standard.set -> Gaps_01_otp.set
2025-04-27 15:16:19,705 - INFO - Successfully optimized GBP9AM_01_standard.set -> GBP9AM_01_otp.set
2025-04-27 15:16:19,707 - INFO - Successfully optimized GbpChf_01_standard.set -> GbpChf_01_otp.set
2025-04-27 15:16:19,708 - INFO - Successfully optimized Gold-Dust_01_standard.set -> Gold-Dust_01_otp.set
2025-04-27 15:16:19,710 - INFO - Successfully optimized GO_01_standard.set -> GO_01_otp.set
2025-04-27 15:16:19,712 - INFO - Successfully optimized GreenTrade_01_standard.set -> GreenTrade_01_otp.set
2025-04-27 15:16:19,713 - INFO - Successfully optimized Grid-Martingale_01_standard.set -> Grid-Martingale_01_otp.set
2025-04-27 15:16:19,715 - INFO - Successfully optimized GridEA_01_standard.set -> GridEA_01_otp.set
2025-04-27 15:16:19,717 - INFO - Successfully optimized Grid_01_standard.set -> Grid_01_otp.set
2025-04-27 15:16:19,718 - INFO - Successfully optimized HarVesteR_01_standard.set -> HarVesteR_01_otp.set
2025-04-27 15:16:19,720 - INFO - Successfully optimized HedgeEA_01_standard.set -> HedgeEA_01_otp.set
2025-04-27 15:16:19,721 - INFO - Successfully optimized hedger_01_standard.set -> hedger_01_otp.set
2025-04-27 15:16:19,723 - INFO - Successfully optimized Hedging-EA_01_standard.set -> Hedging-EA_01_otp.set
2025-04-27 15:16:19,725 - INFO - Successfully optimized Heiken-Ashi-Smoothed-EA-with-MA_01_standard.set -> Heiken-Ashi-Smoothed-EA-with-MA_01_otp.set
2025-04-27 15:16:19,727 - INFO - Successfully optimized Heiken-Ashi-Smoothed-EA_01_standard.set -> Heiken-Ashi-Smoothed-EA_01_otp.set
2025-04-27 15:16:19,729 - INFO - Successfully optimized heiken-ashi-smoothedLine_01_standard.set -> heiken-ashi-smoothedLine_01_otp.set
2025-04-27 15:16:19,730 - INFO - Successfully optimized heiken-ashi-smoothed_01_standard.set -> heiken-ashi-smoothed_01_otp.set
2025-04-27 15:16:19,733 - INFO - Successfully optimized HeikenAshi-Lines-EA_01_standard.set -> HeikenAshi-Lines-EA_01_otp.set
2025-04-27 15:16:19,734 - INFO - Successfully optimized HeikenAshi-Lines_01_standard.set -> HeikenAshi-Lines_01_otp.set
2025-04-27 15:16:19,736 - INFO - Successfully optimized Heinken-Ashi-Color-Candles_01_standard.set -> Heinken-Ashi-Color-Candles_01_otp.set
2025-04-27 15:16:19,738 - INFO - Successfully optimized HelloSmart_01_standard.set -> HelloSmart_01_otp.set
2025-04-27 15:16:19,740 - INFO - Successfully optimized High-Low-EA_01_standard.set -> High-Low-EA_01_otp.set
2025-04-27 15:16:19,742 - INFO - Successfully optimized High-Low-Indicator_01_standard.set -> High-Low-Indicator_01_otp.set
2025-04-27 15:16:19,743 - INFO - Successfully optimized Hoop-master-2_01_standard.set -> Hoop-master-2_01_otp.set
2025-04-27 15:16:19,745 - INFO - Successfully optimized iCCI-iMA_01_standard.set -> iCCI-iMA_01_otp.set
2025-04-27 15:16:19,747 - INFO - Successfully optimized ICH-With-Alert-Derekers-EA_01_standard.set -> ICH-With-Alert-Derekers-EA_01_otp.set
2025-04-27 15:16:19,748 - INFO - Successfully optimized ICH-With-Alert-Derekers_01_standard.set -> ICH-With-Alert-Derekers_01_otp.set
2025-04-27 15:16:19,750 - INFO - Successfully optimized ichimok2005_01_standard.set -> ichimok2005_01_otp.set
2025-04-27 15:16:19,752 - INFO - Successfully optimized Ichimoku-20Kijun-20Alert_01_standard.set -> Ichimoku-20Kijun-20Alert_01_otp.set
2025-04-27 15:16:19,754 - INFO - Successfully optimized Ichimoku-20Tenkan-20Alert_01_standard.set -> Ichimoku-20Tenkan-20Alert_01_otp.set
2025-04-27 15:16:19,755 - INFO - Successfully optimized Ichimoku-Scanner_01_standard.set -> Ichimoku-Scanner_01_otp.set
2025-04-27 15:16:19,757 - INFO - Successfully optimized Ichimoku-Signals-and-Alert_01_standard.set -> Ichimoku-Signals-and-Alert_01_otp.set
2025-04-27 15:16:19,760 - INFO - Successfully optimized IchimokuMTF-EA_01_standard.set -> IchimokuMTF-EA_01_otp.set
2025-04-27 15:16:19,761 - INFO - Successfully optimized Ichimoku_01_standard.set -> Ichimoku_01_otp.set
2025-04-27 15:16:19,763 - INFO - Successfully optimized Ilan-iMA_01_standard.set -> Ilan-iMA_01_otp.set
2025-04-27 15:16:19,764 - INFO - Successfully optimized Ilan1.4_01_standard.set -> Ilan1.4_01_otp.set
2025-04-27 15:16:19,767 - INFO - Successfully optimized iMA-iStdDev_01_standard.set -> iMA-iStdDev_01_otp.set
2025-04-27 15:16:19,769 - INFO - Successfully optimized Indices-Tester_01_standard.set -> Indices-Tester_01_otp.set
2025-04-27 15:16:19,772 - INFO - Successfully optimized Inka-20Edho-20EA_01_standard.set -> Inka-20Edho-20EA_01_otp.set
2025-04-27 15:16:19,774 - INFO - Successfully optimized Intersection-2-iMA_01_standard.set -> Intersection-2-iMA_01_otp.set
2025-04-27 15:16:19,776 - INFO - Successfully optimized IStochastic-Trading_01_standard.set -> IStochastic-Trading_01_otp.set
2025-04-27 15:16:19,777 - INFO - Successfully optimized Ivan_01_standard.set -> Ivan_01_otp.set
2025-04-27 15:16:19,779 - INFO - Successfully optimized iVIDyA-Simple_01_standard.set -> iVIDyA-Simple_01_otp.set
2025-04-27 15:16:19,781 - INFO - Successfully optimized Jackpot-Strategy-EA_01_standard.set -> Jackpot-Strategy-EA_01_otp.set
2025-04-27 15:16:19,783 - INFO - Successfully optimized JackPot-Strategy-Elite_01_standard.set -> JackPot-Strategy-Elite_01_otp.set
2025-04-27 15:16:19,784 - INFO - Successfully optimized JK-BullP-AutoTrader_01_standard.set -> JK-BullP-AutoTrader_01_otp.set
2025-04-27 15:16:19,786 - INFO - Successfully optimized JS-Chaos_01_standard.set -> JS-Chaos_01_otp.set
2025-04-27 15:16:19,788 - INFO - Successfully optimized JS-MA-Day_01_standard.set -> JS-MA-Day_01_otp.set
2025-04-27 15:16:19,789 - INFO - Successfully optimized JS-MA-SAR-Trades_01_standard.set -> JS-MA-SAR-Trades_01_otp.set
2025-04-27 15:16:19,791 - INFO - Successfully optimized KA-Gold-Bot_01_standard.set -> KA-Gold-Bot_01_otp.set
2025-04-27 15:16:19,793 - INFO - Successfully optimized Kue-Electric-EA_01_standard.set -> Kue-Electric-EA_01_otp.set
2025-04-27 15:16:19,795 - INFO - Successfully optimized KueFx-20Arrows_01_standard.set -> KueFx-20Arrows_01_otp.set
2025-04-27 15:16:19,797 - INFO - Successfully optimized KueFx-20Baseline_01_standard.set -> KueFx-20Baseline_01_otp.set
2025-04-27 15:16:19,798 - INFO - Successfully optimized KueFx-Arrows-20EA_01_standard.set -> KueFx-Arrows-20EA_01_otp.set
2025-04-27 15:16:19,800 - INFO - Successfully optimized KueFx-Arrows-EA_01_standard.set -> KueFx-Arrows-EA_01_otp.set
2025-04-27 15:16:19,802 - INFO - Successfully optimized KueFx-Arrows_01_standard.set -> KueFx-Arrows_01_otp.set
2025-04-27 15:16:19,803 - INFO - Successfully optimized KueFx-Baseline-EA_01_standard.set -> KueFx-Baseline-EA_01_otp.set
2025-04-27 15:16:19,805 - INFO - Successfully optimized KueFx-Baseline_01_standard.set -> KueFx-Baseline_01_otp.set
2025-04-27 15:16:19,807 - INFO - Successfully optimized KueFx-Clean-2025-EA_01_standard.set -> KueFx-Clean-2025-EA_01_otp.set
2025-04-27 15:16:19,809 - INFO - Successfully optimized KueFx-Extreme-EA_01_standard.set -> KueFx-Extreme-EA_01_otp.set
2025-04-27 15:16:19,810 - INFO - Successfully optimized KueFx-Harare-EA_01_standard.set -> KueFx-Harare-EA_01_otp.set
2025-04-27 15:16:19,812 - INFO - Successfully optimized KueFX-Money-Management_01_standard.set -> KueFX-Money-Management_01_otp.set
2025-04-27 15:16:19,814 - INFO - Successfully optimized KueFx-Motor-EA_01_standard.set -> KueFx-Motor-EA_01_otp.set
2025-04-27 15:16:19,815 - INFO - Successfully optimized KueFx-Motor_01_standard.set -> KueFx-Motor_01_otp.set
2025-04-27 15:16:19,817 - INFO - Successfully optimized KueFx-Trend_01_standard.set -> KueFx-Trend_01_otp.set
2025-04-27 15:16:19,819 - INFO - Successfully optimized KueFxTrend-20EA_01_standard.set -> KueFxTrend-20EA_01_otp.set
2025-04-27 15:16:19,821 - INFO - Successfully optimized KueFxTrend-EA_01_standard.set -> KueFxTrend-EA_01_otp.set
2025-04-27 15:16:19,823 - INFO - Successfully optimized LarryConnersRSI2_01_standard.set -> LarryConnersRSI2_01_otp.set
2025-04-27 15:16:19,824 - INFO - Successfully optimized Last-ZZ50_01_standard.set -> Last-ZZ50_01_otp.set
2025-04-27 15:16:19,826 - INFO - Successfully optimized Lavika100_01_standard.set -> Lavika100_01_otp.set
2025-04-27 15:16:19,827 - INFO - Successfully optimized LBS_01_standard.set -> LBS_01_otp.set
2025-04-27 15:16:19,829 - INFO - Successfully optimized Lego-EA_01_standard.set -> Lego-EA_01_otp.set
2025-04-27 15:16:19,831 - INFO - Successfully optimized Lesson-3-Price-Action_01_standard.set -> Lesson-3-Price-Action_01_otp.set
2025-04-27 15:16:19,833 - INFO - Successfully optimized Lesson-4-Price-Action-MA-Filter_01_standard.set -> Lesson-4-Price-Action-MA-Filter_01_otp.set
2025-04-27 15:16:19,835 - INFO - Successfully optimized Lesson-6-Trailling-ATR_01_standard.set -> Lesson-6-Trailling-ATR_01_otp.set
2025-04-27 15:16:19,837 - INFO - Successfully optimized Lesson-7-Price-action-Ket-hop-Volume-VSA_01_standard.set -> Lesson-7-Price-action-Ket-hop-Volume-VSA_01_otp.set
2025-04-27 15:16:19,838 - INFO - Successfully optimized Little-EA_01_standard.set -> Little-EA_01_otp.set
2025-04-27 15:16:19,840 - INFO - Successfully optimized Locker_01_standard.set -> Locker_01_otp.set
2025-04-27 15:16:19,841 - INFO - Successfully optimized Lock_01_standard.set -> Lock_01_otp.set
2025-04-27 15:16:19,843 - INFO - Successfully optimized Lucky_01_standard.set -> Lucky_01_otp.set
2025-04-27 15:16:19,844 - INFO - Successfully optimized MA-20Alert_01_standard.set -> MA-20Alert_01_otp.set
2025-04-27 15:16:19,846 - INFO - Successfully optimized MA-20AO-20Arrow_01_standard.set -> MA-20AO-20Arrow_01_otp.set
2025-04-27 15:16:19,847 - INFO - Successfully optimized MA-AO-EA_01_standard.set -> MA-AO-EA_01_otp.set
2025-04-27 15:16:19,849 - INFO - Successfully optimized ma-channels_01_standard.set -> ma-channels_01_otp.set
2025-04-27 15:16:19,851 - INFO - Successfully optimized MA-Cross_01_standard.set -> MA-Cross_01_otp.set
2025-04-27 15:16:19,852 - INFO - Successfully optimized MA-Envelopes_01_standard.set -> MA-Envelopes_01_otp.set
2025-04-27 15:16:19,854 - INFO - Successfully optimized MA-MACD-Position-averaging_01_standard.set -> MA-MACD-Position-averaging_01_otp.set
2025-04-27 15:16:19,856 - INFO - Successfully optimized MA-Trend_01_standard.set -> MA-Trend_01_otp.set
2025-04-27 15:16:19,858 - INFO - Successfully optimized MA2CCI_01_standard.set -> MA2CCI_01_otp.set
2025-04-27 15:16:19,859 - INFO - Successfully optimized MACD-and-SAR_01_standard.set -> MACD-and-SAR_01_otp.set
2025-04-27 15:16:19,861 - INFO - Successfully optimized MACD-Cleaner_01_standard.set -> MACD-Cleaner_01_otp.set
2025-04-27 15:16:19,863 - INFO - Successfully optimized MACD-EA-H4_01_standard.set -> MACD-EA-H4_01_otp.set
2025-04-27 15:16:19,865 - INFO - Successfully optimized MACD-No-Sample_01_standard.set -> MACD-No-Sample_01_otp.set
2025-04-27 15:16:19,866 - INFO - Successfully optimized MACD-signal_01_standard.set -> MACD-signal_01_otp.set
2025-04-27 15:16:19,868 - INFO - Successfully optimized MACD-Stochastic-2_01_standard.set -> MACD-Stochastic-2_01_otp.set
2025-04-27 15:16:19,870 - INFO - Successfully optimized MACD-Stochastic_01_standard.set -> MACD-Stochastic_01_otp.set
2025-04-27 15:16:19,872 - INFO - Successfully optimized MACDCCI_01_standard.set -> MACDCCI_01_otp.set
2025-04-27 15:16:19,874 - INFO - Successfully optimized MacdPatternTraderAll0.01_01_standard.set -> MacdPatternTraderAll0.01_01_otp.set
2025-04-27 15:16:19,876 - INFO - Successfully optimized MacdPatternTraderAll_01_standard.set -> MacdPatternTraderAll_01_otp.set
2025-04-27 15:16:19,878 - INFO - Successfully optimized MACD_01_standard.set -> MACD_01_otp.set
2025-04-27 15:16:19,879 - INFO - Successfully optimized MAGrid_01_standard.set -> MAGrid_01_otp.set
2025-04-27 15:16:19,881 - INFO - Successfully optimized MAMACD_01_standard.set -> MAMACD_01_otp.set
2025-04-27 15:16:19,883 - INFO - Successfully optimized Market-Capture_01_standard.set -> Market-Capture_01_otp.set
2025-04-27 15:16:19,884 - INFO - Successfully optimized Martin-1_01_standard.set -> Martin-1_01_otp.set
2025-04-27 15:16:19,886 - INFO - Successfully optimized Martin-for-small-deposits_01_standard.set -> Martin-for-small-deposits_01_otp.set
2025-04-27 15:16:19,888 - INFO - Successfully optimized MartingailExpert_01_standard.set -> MartingailExpert_01_otp.set
2025-04-27 15:16:19,890 - INFO - Successfully optimized MartinGaleBreakout_01_standard.set -> MartinGaleBreakout_01_otp.set
2025-04-27 15:16:19,892 - INFO - Successfully optimized Martin_01_standard.set -> Martin_01_otp.set
2025-04-27 15:16:19,894 - INFO - Successfully optimized Marubozu-EA_01_standard.set -> Marubozu-EA_01_otp.set
2025-04-27 15:16:19,895 - INFO - Successfully optimized Marubozu_01_standard.set -> Marubozu_01_otp.set
2025-04-27 15:16:19,897 - INFO - Successfully optimized MelBar-EuSwiss-1.85_01_standard.set -> MelBar-EuSwiss-1.85_01_otp.set
2025-04-27 15:16:19,898 - INFO - Successfully optimized MelBar™Take325-™-5.5Y-NZD-USD_01_standard.set -> MelBar™Take325-™-5.5Y-NZD-USD_01_otp.set
2025-04-27 15:16:19,901 - INFO - Successfully optimized Mobo-Bands-EA_01_standard.set -> Mobo-Bands-EA_01_otp.set
2025-04-27 15:16:19,903 - INFO - Successfully optimized Mobo-Bands_01_standard.set -> Mobo-Bands_01_otp.set
2025-04-27 15:16:19,906 - INFO - Successfully optimized Modified-Moving-Averages_01_standard.set -> Modified-Moving-Averages_01_otp.set
2025-04-27 15:16:19,908 - INFO - Successfully optimized Momentum-M15_01_standard.set -> Momentum-M15_01_otp.set
2025-04-27 15:16:19,910 - INFO - Successfully optimized Momo-trades_01_standard.set -> Momo-trades_01_otp.set
2025-04-27 15:16:19,911 - INFO - Successfully optimized Money-Fixed-Margin_01_standard.set -> Money-Fixed-Margin_01_otp.set
2025-04-27 15:16:19,913 - INFO - Successfully optimized Money-Fixed-Risk_01_standard.set -> Money-Fixed-Risk_01_otp.set
2025-04-27 15:16:19,915 - INFO - Successfully optimized MoneyRain_01_standard.set -> MoneyRain_01_otp.set
2025-04-27 15:16:19,917 - INFO - Successfully optimized Morning-evening-star-EA_01_standard.set -> Morning-evening-star-EA_01_otp.set
2025-04-27 15:16:19,918 - INFO - Successfully optimized MostasHaR15-Pivot_01_standard.set -> MostasHaR15-Pivot_01_otp.set
2025-04-27 15:16:19,920 - INFO - Successfully optimized Moving-20average-20and-20ichimoku-20EA_01_standard.set -> Moving-20average-20and-20ichimoku-20EA_01_otp.set
2025-04-27 15:16:19,922 - INFO - Successfully optimized Moving-Average-Trade-System_01_standard.set -> Moving-Average-Trade-System_01_otp.set
2025-04-27 15:16:19,923 - INFO - Successfully optimized Moving-Averages_01_standard.set -> Moving-Averages_01_otp.set
2025-04-27 15:16:19,924 - INFO - Successfully optimized MovingAverageMartinGale_01_standard.set -> MovingAverageMartinGale_01_otp.set
2025-04-27 15:16:19,926 - INFO - Successfully optimized MovingAverage_01_standard.set -> MovingAverage_01_otp.set
2025-04-27 15:16:19,928 - INFO - Successfully optimized MQL5-Wizard-MA-RSI_01_standard.set -> MQL5-Wizard-MA-RSI_01_otp.set
2025-04-27 15:16:19,930 - INFO - Successfully optimized MQL5-Wizard-MACD-Parabolic-SAR_01_standard.set -> MQL5-Wizard-MACD-Parabolic-SAR_01_otp.set
2025-04-27 15:16:19,931 - INFO - Successfully optimized MTC-Сombo_01_standard.set -> MTC-Сombo_01_otp.set
2025-04-27 15:16:19,933 - INFO - Successfully optimized Multi-Stochastic_01_standard.set -> Multi-Stochastic_01_otp.set
2025-04-27 15:16:19,934 - INFO - Successfully optimized MultiMartin_01_standard.set -> MultiMartin_01_otp.set
2025-04-27 15:16:19,936 - INFO - Successfully optimized MySystem_01_standard.set -> MySystem_01_otp.set
2025-04-27 15:16:19,938 - INFO - Successfully optimized N-Candles_01_standard.set -> N-Candles_01_otp.set
2025-04-27 15:16:19,940 - INFO - Successfully optimized Nevalyashka-BreakdownLevel_01_standard.set -> Nevalyashka-BreakdownLevel_01_otp.set
2025-04-27 15:16:19,942 - INFO - Successfully optimized Nevalyashka3-1_01_standard.set -> Nevalyashka3-1_01_otp.set
2025-04-27 15:16:19,943 - INFO - Successfully optimized Nevalyashka_01_standard.set -> Nevalyashka_01_otp.set
2025-04-27 15:16:19,945 - INFO - Successfully optimized New-Martin_01_standard.set -> New-Martin_01_otp.set
2025-04-27 15:16:19,947 - INFO - Successfully optimized New-Random_01_standard.set -> New-Random_01_otp.set
2025-04-27 15:16:19,948 - INFO - Successfully optimized Nextbar_01_standard.set -> Nextbar_01_otp.set
2025-04-27 15:16:19,950 - INFO - Successfully optimized Night-Flat-Trade_01_standard.set -> Night-Flat-Trade_01_otp.set
2025-04-27 15:16:19,952 - INFO - Successfully optimized NightScalper_01_standard.set -> NightScalper_01_otp.set
2025-04-27 15:16:19,954 - INFO - Successfully optimized NRTR-Revers_01_standard.set -> NRTR-Revers_01_otp.set
2025-04-27 15:16:19,955 - INFO - Successfully optimized NUp1Down_01_standard.set -> NUp1Down_01_otp.set
2025-04-27 15:16:19,957 - INFO - Successfully optimized Open-Candle-EA_01_standard.set -> Open-Candle-EA_01_otp.set
2025-04-27 15:16:19,958 - INFO - Successfully optimized Open-Close_01_standard.set -> Open-Close_01_otp.set
2025-04-27 15:16:19,960 - INFO - Successfully optimized Opening-and-ilosing-on-time_01_standard.set -> Opening-and-ilosing-on-time_01_otp.set
2025-04-27 15:16:19,962 - INFO - Successfully optimized Opening-and-Сlosing-on-time_01_standard.set -> Opening-and-Сlosing-on-time_01_otp.set
2025-04-27 15:16:19,963 - INFO - Successfully optimized OpenPendingorderAfterPositionGetStopLoss_01_standard.set -> OpenPendingorderAfterPositionGetStopLoss_01_otp.set
2025-04-27 15:16:19,965 - INFO - Successfully optimized OpenTicks_01_standard.set -> OpenTicks_01_otp.set
2025-04-27 15:16:19,967 - INFO - Successfully optimized ORB-EA-BOX_01_standard.set -> ORB-EA-BOX_01_otp.set
2025-04-27 15:16:19,968 - INFO - Successfully optimized OsMaSter_01_standard.set -> OsMaSter_01_otp.set
2025-04-27 15:16:19,970 - INFO - Successfully optimized OTT-20AND-20PRICE-20CROSS-20EA_01_standard.set -> OTT-20AND-20PRICE-20CROSS-20EA_01_otp.set
2025-04-27 15:16:19,972 - INFO - Successfully optimized OverHedge_01_standard.set -> OverHedge_01_otp.set
2025-04-27 15:16:19,974 - INFO - Successfully optimized OzFx_01_standard.set -> OzFx_01_otp.set
2025-04-27 15:16:19,977 - INFO - Successfully optimized Parabolic-SAR_01_standard.set -> Parabolic-SAR_01_otp.set
2025-04-27 15:16:19,979 - INFO - Successfully optimized PARSI-EA_01_standard.set -> PARSI-EA_01_otp.set
2025-04-27 15:16:19,981 - INFO - Successfully optimized Peceptron-Mult_01_standard.set -> Peceptron-Mult_01_otp.set
2025-04-27 15:16:19,984 - INFO - Successfully optimized Pending-orders-by-time-2_01_standard.set -> Pending-orders-by-time-2_01_otp.set
2025-04-27 15:16:19,986 - INFO - Successfully optimized Pending-orders-by-time_01_standard.set -> Pending-orders-by-time_01_otp.set
2025-04-27 15:16:19,987 - INFO - Successfully optimized Pendulum_01_standard.set -> Pendulum_01_otp.set
2025-04-27 15:16:19,990 - INFO - Successfully optimized Pinball-machine_01_standard.set -> Pinball-machine_01_otp.set
2025-04-27 15:16:19,992 - INFO - Successfully optimized Pinbar-Magic-EA_01_standard.set -> Pinbar-Magic-EA_01_otp.set
2025-04-27 15:16:19,994 - INFO - Successfully optimized PinBar-Magic-Indicator_01_standard.set -> PinBar-Magic-Indicator_01_otp.set
2025-04-27 15:16:19,996 - INFO - Successfully optimized Pipsover_01_standard.set -> Pipsover_01_otp.set
2025-04-27 15:16:19,998 - INFO - Successfully optimized Plan-X_01_standard.set -> Plan-X_01_otp.set
2025-04-27 15:16:19,999 - INFO - Successfully optimized Plateau_01_standard.set -> Plateau_01_otp.set
2025-04-27 15:16:20,001 - INFO - Successfully optimized Poker-SHOW_01_standard.set -> Poker-SHOW_01_otp.set
2025-04-27 15:16:20,003 - INFO - Successfully optimized Precipice-MartIn_01_standard.set -> Precipice-MartIn_01_otp.set
2025-04-27 15:16:20,004 - INFO - Successfully optimized Precipice_01_standard.set -> Precipice_01_otp.set
2025-04-27 15:16:20,006 - INFO - Successfully optimized Probe_01_standard.set -> Probe_01_otp.set
2025-04-27 15:16:20,007 - INFO - Successfully optimized Proffessor_01_standard.set -> Proffessor_01_otp.set
2025-04-27 15:16:20,009 - INFO - Successfully optimized PropFirmHelper_01_standard.set -> PropFirmHelper_01_otp.set
2025-04-27 15:16:20,011 - INFO - Successfully optimized PROphet_01_standard.set -> PROphet_01_otp.set
2025-04-27 15:16:20,013 - INFO - Successfully optimized Puria-method_01_standard.set -> Puria-method_01_otp.set
2025-04-27 15:16:20,014 - INFO - Successfully optimized Rabbit3_01_standard.set -> Rabbit3_01_otp.set
2025-04-27 15:16:20,016 - INFO - Successfully optimized Range-Breakout_01_standard.set -> Range-Breakout_01_otp.set
2025-04-27 15:16:20,017 - INFO - Successfully optimized Rapid-Doji-EA_01_standard.set -> Rapid-Doji-EA_01_otp.set
2025-04-27 15:16:20,019 - INFO - Successfully optimized Raymond-Cloudy-Day-for-EA_01_standard.set -> Raymond-Cloudy-Day-for-EA_01_otp.set
2025-04-27 15:16:20,021 - INFO - Successfully optimized Reflex-EA_01_standard.set -> Reflex-EA_01_otp.set
2025-04-27 15:16:20,023 - INFO - Successfully optimized REFLEX-INDICATOR_01_standard.set -> REFLEX-INDICATOR_01_otp.set
2025-04-27 15:16:20,025 - INFO - Successfully optimized Reflex_01_standard.set -> Reflex_01_otp.set
2025-04-27 15:16:20,027 - INFO - Successfully optimized Reversing-Martingale_01_standard.set -> Reversing-Martingale_01_otp.set
2025-04-27 15:16:20,029 - INFO - Successfully optimized RideAlligator_01_standard.set -> RideAlligator_01_otp.set
2025-04-27 15:16:20,031 - INFO - Successfully optimized RNN_01_standard.set -> RNN_01_otp.set
2025-04-27 15:16:20,033 - INFO - Successfully optimized Robot-MACD_01_standard.set -> Robot-MACD_01_otp.set
2025-04-27 15:16:20,035 - INFO - Successfully optimized RobotPowerM5-meta4_01_standard.set -> RobotPowerM5-meta4_01_otp.set
2025-04-27 15:16:20,037 - INFO - Successfully optimized Rollback-system_01_standard.set -> Rollback-system_01_otp.set
2025-04-27 15:16:20,039 - INFO - Successfully optimized RSI-and-Bollinger-Bands_01_standard.set -> RSI-and-Bollinger-Bands_01_otp.set
2025-04-27 15:16:20,041 - INFO - Successfully optimized RSI-Arrow-EA_01_standard.set -> RSI-Arrow-EA_01_otp.set
2025-04-27 15:16:20,043 - INFO - Successfully optimized RSI-Arrow_01_standard.set -> RSI-Arrow_01_otp.set
2025-04-27 15:16:20,044 - INFO - Successfully optimized RSI-EA_01_standard.set -> RSI-EA_01_otp.set
2025-04-27 15:16:20,046 - INFO - Successfully optimized RSI-Eraser_01_standard.set -> RSI-Eraser_01_otp.set
2025-04-27 15:16:20,048 - INFO - Successfully optimized RSI-Expert_01_standard.set -> RSI-Expert_01_otp.set
2025-04-27 15:16:20,050 - INFO - Successfully optimized RSI-Levels_01_standard.set -> RSI-Levels_01_otp.set
2025-04-27 15:16:20,051 - INFO - Successfully optimized RSI-trader_01_standard.set -> RSI-trader_01_otp.set
2025-04-27 15:16:20,053 - INFO - Successfully optimized RSI-Trend-EA_01_standard.set -> RSI-Trend-EA_01_otp.set
2025-04-27 15:16:20,055 - INFO - Successfully optimized RSI-Trend_01_standard.set -> RSI-Trend_01_otp.set
2025-04-27 15:16:20,057 - INFO - Successfully optimized RSI-with-channels-EA_01_standard.set -> RSI-with-channels-EA_01_otp.set
2025-04-27 15:16:20,059 - INFO - Successfully optimized RSI-with-channels_01_standard.set -> RSI-with-channels_01_otp.set
2025-04-27 15:16:20,061 - INFO - Successfully optimized Russian20-hp1_01_standard.set -> Russian20-hp1_01_otp.set
2025-04-27 15:16:20,063 - INFO - Successfully optimized SampleCheckPendingOrder_01_standard.set -> SampleCheckPendingOrder_01_otp.set
2025-04-27 15:16:20,066 - INFO - Successfully optimized SAR-trading_01_standard.set -> SAR-trading_01_otp.set
2025-04-27 15:16:20,068 - INFO - Successfully optimized Secwenta_01_standard.set -> Secwenta_01_otp.set
2025-04-27 15:16:20,070 - INFO - Successfully optimized Sell-Stop_01_standard.set -> Sell-Stop_01_otp.set
2025-04-27 15:16:20,072 - INFO - Successfully optimized Sensitive_01_standard.set -> Sensitive_01_otp.set
2025-04-27 15:16:20,073 - INFO - Successfully optimized Separate-trade_01_standard.set -> Separate-trade_01_otp.set
2025-04-27 15:16:20,075 - INFO - Successfully optimized SilverTrend_01_standard.set -> SilverTrend_01_otp.set
2025-04-27 15:16:20,077 - INFO - Successfully optimized Simple-20Price-20Alert-20-20EA_01_standard.set -> Simple-20Price-20Alert-20-20EA_01_otp.set
2025-04-27 15:16:20,079 - INFO - Successfully optimized Simple-20Volume-20EA_01_standard.set -> Simple-20Volume-20EA_01_otp.set
2025-04-27 15:16:20,082 - INFO - Successfully optimized Simple-EA-MA-plus-MACD_01_standard.set -> Simple-EA-MA-plus-MACD_01_otp.set
2025-04-27 15:16:20,084 - INFO - Successfully optimized Simple-FX_01_standard.set -> Simple-FX_01_otp.set
2025-04-27 15:16:20,087 - INFO - Successfully optimized Simple-MACD_01_standard.set -> Simple-MACD_01_otp.set
2025-04-27 15:16:20,089 - INFO - Successfully optimized Simple-Volume-EA_01_standard.set -> Simple-Volume-EA_01_otp.set
2025-04-27 15:16:20,091 - INFO - Successfully optimized SimplePivot_01_standard.set -> SimplePivot_01_otp.set
2025-04-27 15:16:20,094 - INFO - Successfully optimized Simplest-Hedging-EA-ever_01_standard.set -> Simplest-Hedging-EA-ever_01_otp.set
2025-04-27 15:16:20,096 - INFO - Successfully optimized SimpleTrade _01_standard.set -> SimpleTrade _01_otp.set
2025-04-27 15:16:20,099 - INFO - Successfully optimized Six-Soldiers-EA-Grid_01_standard.set -> Six-Soldiers-EA-Grid_01_otp.set
2025-04-27 15:16:20,103 - INFO - Successfully optimized Six-Soldiers-EA_01_standard.set -> Six-Soldiers-EA_01_otp.set
2025-04-27 15:16:20,105 - INFO - Successfully optimized Six-Soldiers_01_standard.set -> Six-Soldiers_01_otp.set
2025-04-27 15:16:20,107 - INFO - Successfully optimized Small-Inside-Bar-Strategy_01_standard.set -> Small-Inside-Bar-Strategy_01_otp.set
2025-04-27 15:16:20,110 - INFO - Successfully optimized Smart-Machine-20EA_01_standard.set -> Smart-Machine-20EA_01_otp.set
2025-04-27 15:16:20,113 - INFO - Successfully optimized Smoothing-Average_01_standard.set -> Smoothing-Average_01_otp.set
2025-04-27 15:16:20,115 - INFO - Successfully optimized Spasm_01_standard.set -> Spasm_01_otp.set
2025-04-27 15:16:20,117 - INFO - Successfully optimized ssb5-123_01_standard.set -> ssb5-123_01_otp.set
2025-04-27 15:16:20,119 - INFO - Successfully optimized Starter_01_standard.set -> Starter_01_otp.set
2025-04-27 15:16:20,122 - INFO - Successfully optimized Steve-Cartwright-Trader-Camel-CCI-MACD_01_standard.set -> Steve-Cartwright-Trader-Camel-CCI-MACD_01_otp.set
2025-04-27 15:16:20,124 - INFO - Successfully optimized Stoch-EA-1192_01_standard.set -> Stoch-EA-1192_01_otp.set
2025-04-27 15:16:20,126 - INFO - Successfully optimized Stochastic-20Alert_01_standard.set -> Stochastic-20Alert_01_otp.set
2025-04-27 15:16:20,128 - INFO - Successfully optimized Stochastic-K-Divergence.lua_01_standard.set -> Stochastic-K-Divergence.lua_01_otp.set
2025-04-27 15:16:20,130 - INFO - Successfully optimized stochastic-three-periods_01_standard.set -> stochastic-three-periods_01_otp.set
2025-04-27 15:16:20,132 - INFO - Successfully optimized StochasticDiffSign-EA_01_standard.set -> StochasticDiffSign-EA_01_otp.set
2025-04-27 15:16:20,134 - INFO - Successfully optimized stochasticdiffsign_01_standard.set -> stochasticdiffsign_01_otp.set
2025-04-27 15:16:20,137 - INFO - Successfully optimized StochMA-EA_01_standard.set -> StochMA-EA_01_otp.set
2025-04-27 15:16:20,139 - INFO - Successfully optimized StochMA_01_standard.set -> StochMA_01_otp.set
2025-04-27 15:16:20,142 - INFO - Successfully optimized Stoch_01_standard.set -> Stoch_01_otp.set
2025-04-27 15:16:20,143 - INFO - Successfully optimized Stop-Loss-Take-Profit_01_standard.set -> Stop-Loss-Take-Profit_01_otp.set
2025-04-27 15:16:20,145 - INFO - Successfully optimized StraddleqTrail_01_standard.set -> StraddleqTrail_01_otp.set
2025-04-27 15:16:20,148 - INFO - Successfully optimized Surefirething_01_standard.set -> Surefirething_01_otp.set
2025-04-27 15:16:20,151 - INFO - Successfully optimized TDSGlobal_01_standard.set -> TDSGlobal_01_otp.set
2025-04-27 15:16:20,153 - INFO - Successfully optimized The-MasterMind-2_01_standard.set -> The-MasterMind-2_01_otp.set
2025-04-27 15:16:20,155 - INFO - Successfully optimized The-MasterMind-3_01_standard.set -> The-MasterMind-3_01_otp.set
2025-04-27 15:16:20,158 - INFO - Successfully optimized The-MasterMind_01_standard.set -> The-MasterMind_01_otp.set
2025-04-27 15:16:20,159 - INFO - Successfully optimized The-Puncher_01_standard.set -> The-Puncher_01_otp.set
2025-04-27 15:16:20,162 - INFO - Successfully optimized TheClassicTurtleTrader-no-dots-EA_01_standard.set -> TheClassicTurtleTrader-no-dots-EA_01_otp.set
2025-04-27 15:16:20,165 - INFO - Successfully optimized TheClassicTurtleTrader-no-dots_01_standard.set -> TheClassicTurtleTrader-no-dots_01_otp.set
2025-04-27 15:16:20,167 - INFO - Successfully optimized Three-indicators_01_standard.set -> Three-indicators_01_otp.set
2025-04-27 15:16:20,169 - INFO - Successfully optimized Three-neural-networks_01_standard.set -> Three-neural-networks_01_otp.set
2025-04-27 15:16:20,171 - INFO - Successfully optimized Three-timeframes_01_standard.set -> Three-timeframes_01_otp.set
2025-04-27 15:16:20,173 - INFO - Successfully optimized Three-Typical-Candles_01_standard.set -> Three-Typical-Candles_01_otp.set
2025-04-27 15:16:20,175 - INFO - Successfully optimized Time-sync-forts_01_standard.set -> Time-sync-forts_01_otp.set
2025-04-27 15:16:20,177 - INFO - Successfully optimized timer-trade_01_standard.set -> timer-trade_01_otp.set
2025-04-27 15:16:20,179 - INFO - Successfully optimized TMA-ATR-Channel_01_standard.set -> TMA-ATR-Channel_01_otp.set
2025-04-27 15:16:20,184 - INFO - Successfully optimized TMA-ATR-EA_01_standard.set -> TMA-ATR-EA_01_otp.set
2025-04-27 15:16:20,187 - INFO - Successfully optimized TMA-CG-EA_01_standard.set -> TMA-CG-EA_01_otp.set
2025-04-27 15:16:20,190 - INFO - Successfully optimized TMA-CG-Martingale-20EA_01_standard.set -> TMA-CG-Martingale-20EA_01_otp.set
2025-04-27 15:16:20,192 - INFO - Successfully optimized TMA-CG-mladen_01_standard.set -> TMA-CG-mladen_01_otp.set
2025-04-27 15:16:20,194 - INFO - Successfully optimized TMA-CG-special_01_standard.set -> TMA-CG-special_01_otp.set
2025-04-27 15:16:20,197 - INFO - Successfully optimized TMA-slope-bands_01_standard.set -> TMA-slope-bands_01_otp.set
2025-04-27 15:16:20,199 - INFO - Successfully optimized TmaTrue-2.0-with-Distances-6xx_01_standard.set -> TmaTrue-2.0-with-Distances-6xx_01_otp.set
2025-04-27 15:16:20,201 - INFO - Successfully optimized TmaTrue-3.0-with-Distances-6xx_01_standard.set -> TmaTrue-3.0-with-Distances-6xx_01_otp.set
2025-04-27 15:16:20,203 - INFO - Successfully optimized TP-with-money_01_standard.set -> TP-with-money_01_otp.set
2025-04-27 15:16:20,206 - INFO - Successfully optimized Trade-in-Channel_01_standard.set -> Trade-in-Channel_01_otp.set
2025-04-27 15:16:20,207 - INFO - Successfully optimized Trade-on-qualified-RSI_01_standard.set -> Trade-on-qualified-RSI_01_otp.set
2025-04-27 15:16:20,210 - INFO - Successfully optimized Trading-Breakout-MrThanhTan_01_standard.set -> Trading-Breakout-MrThanhTan_01_otp.set
2025-04-27 15:16:20,213 - INFO - Successfully optimized Trend-Trader-Strategy-EA_01_standard.set -> Trend-Trader-Strategy-EA_01_otp.set
2025-04-27 15:16:20,215 - INFO - Successfully optimized Trend-Trader-Strategy_01_standard.set -> Trend-Trader-Strategy_01_otp.set
2025-04-27 15:16:20,217 - INFO - Successfully optimized Tru-EA_01_standard.set -> Tru-EA_01_otp.set
2025-04-27 15:16:20,220 - INFO - Successfully optimized True-Scalper-Profit-Lock_01_standard.set -> True-Scalper-Profit-Lock_01_otp.set
2025-04-27 15:16:20,222 - INFO - Successfully optimized TrueSort-1100_01_standard.set -> TrueSort-1100_01_otp.set
2025-04-27 15:16:20,225 - INFO - Successfully optimized Tunnel-gen4_01_standard.set -> Tunnel-gen4_01_otp.set
2025-04-27 15:16:20,227 - INFO - Successfully optimized Tunnel-Method_01_standard.set -> Tunnel-Method_01_otp.set
2025-04-27 15:16:20,229 - INFO - Successfully optimized TurnGrid_01_standard.set -> TurnGrid_01_otp.set
2025-04-27 15:16:20,232 - INFO - Successfully optimized Two PerBar _01_standard.set -> Two PerBar _01_otp.set
2025-04-27 15:16:20,235 - INFO - Successfully optimized Two-20MA-20RSI-20ADX-20EA_01_standard.set -> Two-20MA-20RSI-20ADX-20EA_01_otp.set
2025-04-27 15:16:20,237 - INFO - Successfully optimized Two-20Orders-20Panel_01_standard.set -> Two-20Orders-20Panel_01_otp.set
2025-04-27 15:16:20,240 - INFO - Successfully optimized Two-pending-orders-2_01_standard.set -> Two-pending-orders-2_01_otp.set
2025-04-27 15:16:20,242 - INFO - Successfully optimized UnityPro_01_standard.set -> UnityPro_01_otp.set
2025-04-27 15:16:20,245 - INFO - Successfully optimized UniversalMACrossEA_01_standard.set -> UniversalMACrossEA_01_otp.set
2025-04-27 15:16:20,247 - INFO - Successfully optimized UniversalSignalDemo_01_standard.set -> UniversalSignalDemo_01_otp.set
2025-04-27 15:16:20,249 - INFO - Successfully optimized Universum-3.0_01_standard.set -> Universum-3.0_01_otp.set
2025-04-27 15:16:20,252 - INFO - Successfully optimized UnNomGuai-20EA_01_standard.set -> UnNomGuai-20EA_01_otp.set
2025-04-27 15:16:20,254 - INFO - Successfully optimized up3x1-Investor_01_standard.set -> up3x1-Investor_01_otp.set
2025-04-27 15:16:20,256 - INFO - Successfully optimized up3x1-premium-M_01_standard.set -> up3x1-premium-M_01_otp.set
2025-04-27 15:16:20,258 - INFO - Successfully optimized up3x1_01_standard.set -> up3x1_01_otp.set
2025-04-27 15:16:20,261 - INFO - Successfully optimized Urdala-Trol_01_standard.set -> Urdala-Trol_01_otp.set
2025-04-27 15:16:20,263 - INFO - Successfully optimized Very-Blonde-System_01_standard.set -> Very-Blonde-System_01_otp.set
2025-04-27 15:16:20,265 - INFO - Successfully optimized Virtual-Trailing-Stop_01_standard.set -> Virtual-Trailing-Stop_01_otp.set
2025-04-27 15:16:20,268 - INFO - Successfully optimized VLT-TRADER_01_standard.set -> VLT-TRADER_01_otp.set
2025-04-27 15:16:20,270 - INFO - Successfully optimized Volume-trader_01_standard.set -> Volume-trader_01_otp.set
2025-04-27 15:16:20,273 - INFO - Successfully optimized Vortex-Indicator-System_01_standard.set -> Vortex-Indicator-System_01_otp.set
2025-04-27 15:16:20,275 - INFO - Successfully optimized VR-Overturn_01_standard.set -> VR-Overturn_01_otp.set
2025-04-27 15:16:20,279 - INFO - Successfully optimized VR-ZVER-v.2_01_standard.set -> VR-ZVER-v.2_01_otp.set
2025-04-27 15:16:20,282 - INFO - Successfully optimized VR-ZVER_01_standard.set -> VR-ZVER_01_otp.set
2025-04-27 15:16:20,284 - INFO - Successfully optimized VZO_01_standard.set -> VZO_01_otp.set
2025-04-27 15:16:20,287 - INFO - Successfully optimized Waddah-Attar-Win_01_standard.set -> Waddah-Attar-Win_01_otp.set
2025-04-27 15:16:20,290 - INFO - Successfully optimized WE-TRUST_01_standard.set -> WE-TRUST_01_otp.set
2025-04-27 15:16:20,292 - INFO - Successfully optimized X-RSIOMA_01_standard.set -> X-RSIOMA_01_otp.set
2025-04-27 15:16:20,295 - INFO - Successfully optimized Yesterday-Today_01_standard.set -> Yesterday-Today_01_otp.set
2025-04-27 15:16:20,297 - INFO - Successfully optimized 10-pips-EURUSD_01_otp.set -> 10-pips-EURUSD_01_otp_otp.set
2025-04-27 15:16:20,301 - INFO - Successfully optimized 10-pips_01_otp.set -> 10-pips_01_otp_otp.set
2025-04-27 15:16:20,305 - INFO - Successfully optimized 1H-EUR-USD_01_otp.set -> 1H-EUR-USD_01_otp_otp.set
2025-04-27 15:16:20,308 - INFO - Successfully optimized 20011201-GBPUSD-M1_01_otp.set -> 20011201-GBPUSD-M1_01_otp_otp.set
2025-04-27 15:16:20,311 - INFO - Successfully optimized 21hour_01_otp.set -> 21hour_01_otp_otp.set
2025-04-27 15:16:20,313 - INFO - Successfully optimized 2HR-HL_01_otp.set -> 2HR-HL_01_otp_otp.set
2025-04-27 15:16:20,317 - INFO - Successfully optimized 2MA-4Level_01_otp.set -> 2MA-4Level_01_otp_otp.set
2025-04-27 15:16:20,320 - INFO - Successfully optimized 2MA-Bunny-Cross_01_otp.set -> 2MA-Bunny-Cross_01_otp_otp.set
2025-04-27 15:16:20,323 - INFO - Successfully optimized 3-bars-high-low-indicator_01_otp.set -> 3-bars-high-low-indicator_01_otp_otp.set
2025-04-27 15:16:20,325 - INFO - Successfully optimized 35-Pip-Scalper_01_otp.set -> 35-Pip-Scalper_01_otp_otp.set
2025-04-27 15:16:20,328 - INFO - Successfully optimized 3BarsHighLowEA_01_otp.set -> 3BarsHighLowEA_01_otp_otp.set
2025-04-27 15:16:20,331 - INFO - Successfully optimized 3sma_01_otp.set -> 3sma_01_otp_otp.set
2025-04-27 15:16:20,333 - INFO - Successfully optimized 500_01_otp.set -> 500_01_otp_otp.set
2025-04-27 15:16:20,336 - INFO - Successfully optimized 55-MA_01_otp.set -> 55-MA_01_otp_otp.set
2025-04-27 15:16:20,338 - INFO - Successfully optimized Above-Below-MA_01_otp.set -> Above-Below-MA_01_otp_otp.set
2025-04-27 15:16:20,341 - INFO - Successfully optimized Absorption_01_otp.set -> Absorption_01_otp_otp.set
2025-04-27 15:16:20,344 - INFO - Successfully optimized ADX-MACD-Deev_01_otp.set -> ADX-MACD-Deev_01_otp_otp.set
2025-04-27 15:16:20,347 - INFO - Successfully optimized ADX-MA_01_otp.set -> ADX-MA_01_otp_otp.set
2025-04-27 15:16:20,349 - INFO - Successfully optimized ADX-System_01_otp.set -> ADX-System_01_otp_otp.set
2025-04-27 15:16:20,353 - INFO - Successfully optimized AIS1_01_otp.set -> AIS1_01_otp_otp.set
2025-04-27 15:16:20,356 - INFO - Successfully optimized Alexav-D1-Profit-GBPUSD_01_otp.set -> Alexav-D1-Profit-GBPUSD_01_otp_otp.set
2025-04-27 15:16:20,358 - INFO - Successfully optimized All-Average-Ea_01_otp.set -> All-Average-Ea_01_otp_otp.set
2025-04-27 15:16:20,361 - INFO - Successfully optimized Alligator-Simple_01_otp.set -> Alligator-Simple_01_otp_otp.set
2025-04-27 15:16:20,363 - INFO - Successfully optimized Alligator_01_otp.set -> Alligator_01_otp_otp.set
2025-04-27 15:16:20,366 - INFO - Successfully optimized Altarius-RSI-Stohastic_01_otp.set -> Altarius-RSI-Stohastic_01_otp_otp.set
2025-04-27 15:16:20,369 - INFO - Successfully optimized AMA-Trader-2_01_otp.set -> AMA-Trader-2_01_otp_otp.set
2025-04-27 15:16:20,371 - INFO - Successfully optimized AMA-Trader_01_otp.set -> AMA-Trader_01_otp_otp.set
2025-04-27 15:16:20,373 - INFO - Successfully optimized AO-Lightning_01_otp.set -> AO-Lightning_01_otp_otp.set
2025-04-27 15:16:20,375 - INFO - Successfully optimized AOCCI_01_otp.set -> AOCCI_01_otp_otp.set
2025-04-27 15:16:20,377 - INFO - Successfully optimized Arbitrage_01_otp.set -> Arbitrage_01_otp_otp.set
2025-04-27 15:16:20,379 - INFO - Successfully optimized ArbSint_01_otp.set -> ArbSint_01_otp_otp.set
2025-04-27 15:16:20,381 - INFO - Successfully optimized Area-MACD_01_otp.set -> Area-MACD_01_otp_otp.set
2025-04-27 15:16:20,383 - INFO - Successfully optimized Artificial-Intelligence_01_otp.set -> Artificial-Intelligence_01_otp_otp.set
2025-04-27 15:16:20,386 - INFO - Successfully optimized At-random-Full_01_otp.set -> At-random-Full_01_otp_otp.set
2025-04-27 15:16:20,387 - INFO - Successfully optimized At-random_01_otp.set -> At-random_01_otp_otp.set
2025-04-27 15:16:20,389 - INFO - Successfully optimized Auto-ADX_01_otp.set -> Auto-ADX_01_otp_otp.set
2025-04-27 15:16:20,391 - INFO - Successfully optimized Auto-Pivot-Plotter-28Mid-Levels-29-41_01_otp.set -> Auto-Pivot-Plotter-28Mid-Levels-29-41_01_otp_otp.set
2025-04-27 15:16:20,394 - INFO - Successfully optimized AutoLock-EA_01_otp.set -> AutoLock-EA_01_otp_otp.set
2025-04-27 15:16:20,398 - INFO - Successfully optimized Autotrader-Momentum_01_otp.set -> Autotrader-Momentum_01_otp_otp.set
2025-04-27 15:16:20,400 - INFO - Successfully optimized Avalanche-AV_01_otp.set -> Avalanche-AV_01_otp_otp.set
2025-04-27 15:16:20,403 - INFO - Successfully optimized Backbone_01_otp.set -> Backbone_01_otp_otp.set
2025-04-27 15:16:20,407 - INFO - Successfully optimized BADX_01_otp.set -> BADX_01_otp_otp.set
2025-04-27 15:16:20,411 - INFO - Successfully optimized Bago-EA_01_otp.set -> Bago-EA_01_otp_otp.set
2025-04-27 15:16:20,414 - INFO - Successfully optimized BalancedScalper-20EA_01_otp.set -> BalancedScalper-20EA_01_otp_otp.set
2025-04-27 15:16:20,417 - INFO - Successfully optimized Bands-2_01_otp.set -> Bands-2_01_otp_otp.set
2025-04-27 15:16:20,420 - INFO - Successfully optimized BARS-Alligator_01_otp.set -> BARS-Alligator_01_otp_otp.set
2025-04-27 15:16:20,422 - INFO - Successfully optimized Basic-CCI-RSI_01_otp.set -> Basic-CCI-RSI_01_otp_otp.set
2025-04-27 15:16:20,425 - INFO - Successfully optimized Basic-Martingale-EA-3_01_otp.set -> Basic-Martingale-EA-3_01_otp_otp.set
2025-04-27 15:16:20,428 - INFO - Successfully optimized BBPercentile-EA_01_otp.set -> BBPercentile-EA_01_otp_otp.set
2025-04-27 15:16:20,431 - INFO - Successfully optimized BBPercentile_01_otp.set -> BBPercentile_01_otp_otp.set
2025-04-27 15:16:20,433 - INFO - Successfully optimized BDCrossOver-20EA_01_otp.set -> BDCrossOver-20EA_01_otp_otp.set
2025-04-27 15:16:20,435 - INFO - Successfully optimized BIG-DOG_01_otp.set -> BIG-DOG_01_otp_otp.set
2025-04-27 15:16:20,438 - INFO - Successfully optimized Bill-Williams_01_otp.set -> Bill-Williams_01_otp_otp.set
2025-04-27 15:16:20,441 - INFO - Successfully optimized Bollinger-Band-Two-MA-and-Zig-Zag_01_otp.set -> Bollinger-Band-Two-MA-and-Zig-Zag_01_otp_otp.set
2025-04-27 15:16:20,444 - INFO - Successfully optimized Bollinger-Bands-N-positions_01_otp.set -> Bollinger-Bands-N-positions_01_otp_otp.set
2025-04-27 15:16:20,447 - INFO - Successfully optimized Bollinger-Bands-RSI_01_otp.set -> Bollinger-Bands-RSI_01_otp_otp.set
2025-04-27 15:16:20,449 - INFO - Successfully optimized bollinger_01_otp.set -> bollinger_01_otp_otp.set
2025-04-27 15:16:20,452 - INFO - Successfully optimized Brakeout-Trader_01_otp.set -> Brakeout-Trader_01_otp_otp.set
2025-04-27 15:16:20,455 - INFO - Successfully optimized Brandy_01_otp.set -> Brandy_01_otp_otp.set
2025-04-27 15:16:20,458 - INFO - Successfully optimized Breadandbutter2_01_otp.set -> Breadandbutter2_01_otp_otp.set
2025-04-27 15:16:20,463 - INFO - Successfully optimized Breakdown-catcher_01_otp.set -> Breakdown-catcher_01_otp_otp.set
2025-04-27 15:16:20,466 - INFO - Successfully optimized breakdown_01_otp.set -> breakdown_01_otp_otp.set
2025-04-27 15:16:20,469 - INFO - Successfully optimized Breakout-Str_01_otp.set -> Breakout-Str_01_otp_otp.set
2025-04-27 15:16:20,472 - INFO - Successfully optimized Bronze-Warrioir_01_otp.set -> Bronze-Warrioir_01_otp_otp.set
2025-04-27 15:16:20,475 - INFO - Successfully optimized Bruno_01_otp.set -> Bruno_01_otp_otp.set
2025-04-27 15:16:20,478 - INFO - Successfully optimized BSS-1-0_01_otp.set -> BSS-1-0_01_otp_otp.set
2025-04-27 15:16:20,481 - INFO - Successfully optimized Bullish-and-Bearish-Engulfing_01_otp.set -> Bullish-and-Bearish-Engulfing_01_otp_otp.set
2025-04-27 15:16:20,484 - INFO - Successfully optimized Burg-Extrapolator_01_otp.set -> Burg-Extrapolator_01_otp_otp.set
2025-04-27 15:16:20,486 - INFO - Successfully optimized BykovTrend-EA_01_otp.set -> BykovTrend-EA_01_otp_otp.set
2025-04-27 15:16:20,489 - INFO - Successfully optimized Calculate-lotsize-and-Trailling-stop_01_otp.set -> Calculate-lotsize-and-Trailling-stop_01_otp_otp.set
2025-04-27 15:16:20,491 - INFO - Successfully optimized candlepatternsexample_01_otp.set -> candlepatternsexample_01_otp_otp.set
2025-04-27 15:16:20,494 - INFO - Successfully optimized Candle_01_otp.set -> Candle_01_otp_otp.set
2025-04-27 15:16:20,497 - INFO - Successfully optimized Carbophos_01_otp.set -> Carbophos_01_otp_otp.set
2025-04-27 15:16:20,500 - INFO - Successfully optimized CashMachine-5min_01_otp.set -> CashMachine-5min_01_otp_otp.set
2025-04-27 15:16:20,504 - INFO - Successfully optimized CCI-MACD-Scalper_01_otp.set -> CCI-MACD-Scalper_01_otp_otp.set
2025-04-27 15:16:20,507 - INFO - Successfully optimized Cidomo_01_otp.set -> Cidomo_01_otp_otp.set
2025-04-27 15:16:20,510 - INFO - Successfully optimized CloseAgent_01_otp.set -> CloseAgent_01_otp_otp.set
2025-04-27 15:16:20,513 - INFO - Successfully optimized CloseProfit_01_otp.set -> CloseProfit_01_otp_otp.set
2025-04-27 15:16:20,516 - INFO - Successfully optimized cloud's-trade-2_01_otp.set -> cloud's-trade-2_01_otp_otp.set
2025-04-27 15:16:20,519 - INFO - Successfully optimized CLOUD_01_otp.set -> CLOUD_01_otp_otp.set
2025-04-27 15:16:20,522 - INFO - Successfully optimized Constituents-EA_01_otp.set -> Constituents-EA_01_otp_otp.set
2025-04-27 15:16:20,525 - INFO - Successfully optimized Contrarian-trade-MA_01_otp.set -> Contrarian-trade-MA_01_otp_otp.set
2025-04-27 15:16:20,527 - INFO - Successfully optimized Crossing-Moving-Average_01_otp.set -> Crossing-Moving-Average_01_otp_otp.set
2025-04-27 15:16:20,530 - INFO - Successfully optimized CrossMA_01_otp.set -> CrossMA_01_otp_otp.set
2025-04-27 15:16:20,533 - INFO - Successfully optimized Currencyprofits-01.1_01_otp.set -> Currencyprofits-01.1_01_otp_otp.set
2025-04-27 15:16:20,536 - INFO - Successfully optimized Daily-20reversal-20-20EA_01_otp.set -> Daily-20reversal-20-20EA_01_otp_otp.set
2025-04-27 15:16:20,539 - INFO - Successfully optimized Daily-BreakPoint_01_otp.set -> Daily-BreakPoint_01_otp_otp.set
2025-04-27 15:16:20,542 - INFO - Successfully optimized Daily-Open-EA_01_otp.set -> Daily-Open-EA_01_otp_otp.set
2025-04-27 15:16:20,546 - INFO - Successfully optimized Daily-range_01_otp.set -> Daily-range_01_otp_otp.set
2025-04-27 15:16:20,549 - INFO - Successfully optimized Day-Trading-PAMXA_01_otp.set -> Day-Trading-PAMXA_01_otp_otp.set
2025-04-27 15:16:20,552 - INFO - Successfully optimized Daydream_01_otp.set -> Daydream_01_otp_otp.set
2025-04-27 15:16:20,555 - INFO - Successfully optimized DayTrading_01_otp.set -> DayTrading_01_otp_otp.set
2025-04-27 15:16:20,558 - INFO - Successfully optimized Dealers-Trade-v-7.74-MACD_01_otp.set -> Dealers-Trade-v-7.74-MACD_01_otp_otp.set
2025-04-27 15:16:20,561 - INFO - Successfully optimized Deep-Drawdown-MA_01_otp.set -> Deep-Drawdown-MA_01_otp_otp.set
2025-04-27 15:16:20,563 - INFO - Successfully optimized DeMarker-gaining-position-volume-2_01_otp.set -> DeMarker-gaining-position-volume-2_01_otp_otp.set
2025-04-27 15:16:20,567 - INFO - Successfully optimized DeMarker-gaining-position-volume_01_otp.set -> DeMarker-gaining-position-volume_01_otp_otp.set
2025-04-27 15:16:20,569 - INFO - Successfully optimized DeMarker-Pending-2-5_01_otp.set -> DeMarker-Pending-2-5_01_otp_otp.set
2025-04-27 15:16:20,572 - INFO - Successfully optimized DeMarker-Pending-2_01_otp.set -> DeMarker-Pending-2_01_otp_otp.set
2025-04-27 15:16:20,575 - INFO - Successfully optimized DeMarker-Pending_01_otp.set -> DeMarker-Pending_01_otp_otp.set
2025-04-27 15:16:20,578 - INFO - Successfully optimized Dematus_01_otp.set -> Dematus_01_otp_otp.set
2025-04-27 15:16:20,580 - INFO - Successfully optimized Divergence-20for-20many-20indicator_01_otp.set -> Divergence-20for-20many-20indicator_01_otp_otp.set
2025-04-27 15:16:20,583 - INFO - Successfully optimized Divergence-EA_01_otp.set -> Divergence-EA_01_otp_otp.set
2025-04-27 15:16:20,585 - INFO - Successfully optimized Doji-Arrows_01_otp.set -> Doji-Arrows_01_otp_otp.set
2025-04-27 15:16:20,588 - INFO - Successfully optimized DojiTrader_01_otp.set -> DojiTrader_01_otp_otp.set
2025-04-27 15:16:20,590 - INFO - Successfully optimized Donchian-Chanel-EA_01_otp.set -> Donchian-Chanel-EA_01_otp_otp.set
2025-04-27 15:16:20,593 - INFO - Successfully optimized DoubleHullMA-EA_01_otp.set -> DoubleHullMA-EA_01_otp_otp.set
2025-04-27 15:16:20,596 - INFO - Successfully optimized DoubleHullMA_01_otp.set -> DoubleHullMA_01_otp_otp.set
2025-04-27 15:16:20,599 - INFO - Successfully optimized DoubleMA-Crossover-EA_01_otp.set -> DoubleMA-Crossover-EA_01_otp_otp.set
2025-04-27 15:16:20,602 - INFO - Successfully optimized Doubler_01_otp.set -> Doubler_01_otp_otp.set
2025-04-27 15:16:20,604 - INFO - Successfully optimized dummy_01_otp.set -> dummy_01_otp_otp.set
2025-04-27 15:16:20,607 - INFO - Successfully optimized Dynamic-averaging_01_otp.set -> Dynamic-averaging_01_otp_otp.set
2025-04-27 15:16:20,609 - INFO - Successfully optimized e-Breakeven_01_otp.set -> e-Breakeven_01_otp_otp.set
2025-04-27 15:16:20,612 - INFO - Successfully optimized E-Friday_01_otp.set -> E-Friday_01_otp_otp.set
2025-04-27 15:16:20,614 - INFO - Successfully optimized E-Skoch-Open_01_otp.set -> E-Skoch-Open_01_otp_otp.set
2025-04-27 15:16:20,617 - INFO - Successfully optimized e-Skoch-pending-orders_01_otp.set -> e-Skoch-pending-orders_01_otp_otp.set
2025-04-27 15:16:20,620 - INFO - Successfully optimized e-Smart-Trailing_01_otp.set -> e-Smart-Trailing_01_otp_otp.set
2025-04-27 15:16:20,622 - INFO - Successfully optimized e-TurboFx_01_otp.set -> e-TurboFx_01_otp_otp.set
2025-04-27 15:16:20,625 - INFO - Successfully optimized EA-Close_01_otp.set -> EA-Close_01_otp_otp.set
2025-04-27 15:16:20,627 - INFO - Successfully optimized EA-MA-Stoch-RSI_01_otp.set -> EA-MA-Stoch-RSI_01_otp_otp.set
2025-04-27 15:16:20,631 - INFO - Successfully optimized EA-Moving-Average_01_otp.set -> EA-Moving-Average_01_otp_otp.set
2025-04-27 15:16:20,633 - INFO - Successfully optimized Elite-eFibo-Trader_01_otp.set -> Elite-eFibo-Trader_01_otp_otp.set
2025-04-27 15:16:20,636 - INFO - Successfully optimized EMA-6.12_01_otp.set -> EMA-6.12_01_otp_otp.set
2025-04-27 15:16:20,639 - INFO - Successfully optimized EMA-CROSS_01_otp.set -> EMA-CROSS_01_otp_otp.set
2025-04-27 15:16:20,642 - INFO - Successfully optimized EMA-LWMA-RSI_01_otp.set -> EMA-LWMA-RSI_01_otp_otp.set
2025-04-27 15:16:20,644 - INFO - Successfully optimized EMA-RSI-EA_01_otp.set -> EMA-RSI-EA_01_otp_otp.set
2025-04-27 15:16:20,647 - INFO - Successfully optimized EMA-WMA_01_otp.set -> EMA-WMA_01_otp_otp.set
2025-04-27 15:16:20,649 - INFO - Successfully optimized EMA_01_otp.set -> EMA_01_otp_otp.set
2025-04-27 15:16:20,651 - INFO - Successfully optimized Eugene_01_otp.set -> Eugene_01_otp_otp.set
2025-04-27 15:16:20,653 - INFO - Successfully optimized eur-usd-m5_01_otp.set -> eur-usd-m5_01_otp_otp.set
2025-04-27 15:16:20,656 - INFO - Successfully optimized EURUSD-breakout_01_otp.set -> EURUSD-breakout_01_otp_otp.set
2025-04-27 15:16:20,658 - INFO - Successfully optimized Executer-AC_01_otp.set -> Executer-AC_01_otp_otp.set
2025-04-27 15:16:20,659 - INFO - Successfully optimized Executor AO_otp.set -> Executor AO_otp_otp.set
2025-04-27 15:16:20,662 - INFO - Successfully optimized Executor-AO_01_otp.set -> Executor-AO_01_otp_otp.set
2025-04-27 15:16:20,665 - INFO - Successfully optimized Executor-Candles_01_otp.set -> Executor-Candles_01_otp_otp.set
2025-04-27 15:16:20,667 - INFO - Successfully optimized exp-Amstell_01_otp.set -> exp-Amstell_01_otp_otp.set
2025-04-27 15:16:20,669 - INFO - Successfully optimized Expert-NEWS_01_otp.set -> Expert-NEWS_01_otp_otp.set
2025-04-27 15:16:20,671 - INFO - Successfully optimized Expert-RSI-Stochastic-MA_01_otp.set -> Expert-RSI-Stochastic-MA_01_otp_otp.set
2025-04-27 15:16:20,672 - INFO - Successfully optimized Expert_RSI_Stochastic_MA_otp.set -> Expert_RSI_Stochastic_MA_otp_otp.set
2025-04-27 15:16:20,674 - INFO - Successfully optimized exp_Amstell_otp.set -> exp_Amstell_otp_otp.set
2025-04-27 15:16:20,677 - INFO - Successfully optimized ExtremePrice-EA_01_otp.set -> ExtremePrice-EA_01_otp_otp.set
2025-04-27 15:16:20,679 - INFO - Successfully optimized FiboRetracement-20EA_01_otp.set -> FiboRetracement-20EA_01_otp_otp.set
2025-04-27 15:16:20,681 - INFO - Successfully optimized Firebird_01_otp.set -> Firebird_01_otp_otp.set
2025-04-27 15:16:20,684 - INFO - Successfully optimized Firestorm-EA_01_otp.set -> Firestorm-EA_01_otp_otp.set
2025-04-27 15:16:20,686 - INFO - Successfully optimized Firestorm-indicator_01_otp.set -> Firestorm-indicator_01_otp_otp.set
2025-04-27 15:16:20,688 - INFO - Successfully optimized Fluctuate_01_otp.set -> Fluctuate_01_otp_otp.set
2025-04-27 15:16:20,690 - INFO - Successfully optimized Forex-Fraus-M1_01_otp.set -> Forex-Fraus-M1_01_otp_otp.set
2025-04-27 15:16:20,692 - INFO - Successfully optimized Forex-Profit_01_otp.set -> Forex-Profit_01_otp_otp.set
2025-04-27 15:16:20,694 - INFO - Successfully optimized Fractals-minimum-distance_01_otp.set -> Fractals-minimum-distance_01_otp_otp.set
2025-04-27 15:16:20,696 - INFO - Successfully optimized Fraktrak-xonax_01_otp.set -> Fraktrak-xonax_01_otp_otp.set
2025-04-27 15:16:20,698 - INFO - Successfully optimized Frank-Ud_01_otp.set -> Frank-Ud_01_otp_otp.set
2025-04-27 15:16:20,700 - INFO - Successfully optimized FT-CCI_01_otp.set -> FT-CCI_01_otp_otp.set
2025-04-27 15:16:20,703 - INFO - Successfully optimized Fuzzy-logic_01_otp.set -> Fuzzy-logic_01_otp_otp.set
2025-04-27 15:16:20,705 - INFO - Successfully optimized GalacticExplosion_01_otp.set -> GalacticExplosion_01_otp_otp.set
2025-04-27 15:16:20,706 - INFO - Successfully optimized Gandalf-PRO_01_otp.set -> Gandalf-PRO_01_otp_otp.set
2025-04-27 15:16:20,708 - INFO - Successfully optimized Gap-DM_01_otp.set -> Gap-DM_01_otp_otp.set
2025-04-27 15:16:20,711 - INFO - Successfully optimized GAP-EA_01_otp.set -> GAP-EA_01_otp_otp.set
2025-04-27 15:16:20,713 - INFO - Successfully optimized Gaps_01_otp.set -> Gaps_01_otp_otp.set
2025-04-27 15:16:20,715 - INFO - Successfully optimized GBP9AM_01_otp.set -> GBP9AM_01_otp_otp.set
2025-04-27 15:16:20,717 - INFO - Successfully optimized GbpChf_01_otp.set -> GbpChf_01_otp_otp.set
2025-04-27 15:16:20,719 - INFO - Successfully optimized Gold-Dust_01_otp.set -> Gold-Dust_01_otp_otp.set
2025-04-27 15:16:20,721 - INFO - Successfully optimized GO_01_otp.set -> GO_01_otp_otp.set
2025-04-27 15:16:20,723 - INFO - Successfully optimized GreenTrade_01_otp.set -> GreenTrade_01_otp_otp.set
2025-04-27 15:16:20,725 - INFO - Successfully optimized Grid-Martingale_01_otp.set -> Grid-Martingale_01_otp_otp.set
2025-04-27 15:16:20,727 - INFO - Successfully optimized GridEA_01_otp.set -> GridEA_01_otp_otp.set
2025-04-27 15:16:20,729 - INFO - Successfully optimized Grid_01_otp.set -> Grid_01_otp_otp.set
2025-04-27 15:16:20,731 - INFO - Successfully optimized HarVesteR_01_otp.set -> HarVesteR_01_otp_otp.set
2025-04-27 15:16:20,733 - INFO - Successfully optimized HedgeEA_01_otp.set -> HedgeEA_01_otp_otp.set
2025-04-27 15:16:20,735 - INFO - Successfully optimized hedger_01_otp.set -> hedger_01_otp_otp.set
2025-04-27 15:16:20,738 - INFO - Successfully optimized Hedging-EA_01_otp.set -> Hedging-EA_01_otp_otp.set
2025-04-27 15:16:20,741 - INFO - Successfully optimized Heiken-Ashi-Smoothed-EA-with-MA_01_otp.set -> Heiken-Ashi-Smoothed-EA-with-MA_01_otp_otp.set
2025-04-27 15:16:20,743 - INFO - Successfully optimized Heiken-Ashi-Smoothed-EA_01_otp.set -> Heiken-Ashi-Smoothed-EA_01_otp_otp.set
2025-04-27 15:16:20,744 - INFO - Successfully optimized heiken-ashi-smoothedLine_01_otp.set -> heiken-ashi-smoothedLine_01_otp_otp.set
2025-04-27 15:16:20,747 - INFO - Successfully optimized heiken-ashi-smoothed_01_otp.set -> heiken-ashi-smoothed_01_otp_otp.set
2025-04-27 15:16:20,750 - INFO - Successfully optimized HeikenAshi-Lines-EA_01_otp.set -> HeikenAshi-Lines-EA_01_otp_otp.set
2025-04-27 15:16:20,752 - INFO - Successfully optimized HeikenAshi-Lines_01_otp.set -> HeikenAshi-Lines_01_otp_otp.set
2025-04-27 15:16:20,754 - INFO - Successfully optimized Heinken-Ashi-Color-Candles_01_otp.set -> Heinken-Ashi-Color-Candles_01_otp_otp.set
2025-04-27 15:16:20,756 - INFO - Successfully optimized HelloSmart_01_otp.set -> HelloSmart_01_otp_otp.set
2025-04-27 15:16:20,758 - INFO - Successfully optimized High-Low-EA_01_otp.set -> High-Low-EA_01_otp_otp.set
2025-04-27 15:16:20,760 - INFO - Successfully optimized High-Low-Indicator_01_otp.set -> High-Low-Indicator_01_otp_otp.set
2025-04-27 15:16:20,762 - INFO - Successfully optimized Hoop-master-2_01_otp.set -> Hoop-master-2_01_otp_otp.set
2025-04-27 15:16:20,763 - INFO - Successfully optimized iCCI-iMA_01_otp.set -> iCCI-iMA_01_otp_otp.set
2025-04-27 15:16:20,766 - INFO - Successfully optimized ICH-With-Alert-Derekers-EA_01_otp.set -> ICH-With-Alert-Derekers-EA_01_otp_otp.set
2025-04-27 15:16:20,768 - INFO - Successfully optimized ICH-With-Alert-Derekers_01_otp.set -> ICH-With-Alert-Derekers_01_otp_otp.set
2025-04-27 15:16:20,769 - INFO - Successfully optimized ichimok2005_01_otp.set -> ichimok2005_01_otp_otp.set
2025-04-27 15:16:20,771 - INFO - Successfully optimized Ichimoku-20Kijun-20Alert_01_otp.set -> Ichimoku-20Kijun-20Alert_01_otp_otp.set
2025-04-27 15:16:20,773 - INFO - Successfully optimized Ichimoku-20Tenkan-20Alert_01_otp.set -> Ichimoku-20Tenkan-20Alert_01_otp_otp.set
2025-04-27 15:16:20,775 - INFO - Successfully optimized Ichimoku-Scanner_01_otp.set -> Ichimoku-Scanner_01_otp_otp.set
2025-04-27 15:16:20,777 - INFO - Successfully optimized Ichimoku-Signals-and-Alert_01_otp.set -> Ichimoku-Signals-and-Alert_01_otp_otp.set
2025-04-27 15:16:20,780 - INFO - Successfully optimized IchimokuMTF-EA_01_otp.set -> IchimokuMTF-EA_01_otp_otp.set
2025-04-27 15:16:20,782 - INFO - Successfully optimized Ichimoku_01_otp.set -> Ichimoku_01_otp_otp.set
2025-04-27 15:16:20,784 - INFO - Successfully optimized Ilan-iMA_01_otp.set -> Ilan-iMA_01_otp_otp.set
2025-04-27 15:16:20,786 - INFO - Successfully optimized Ilan1.4_01_otp.set -> Ilan1.4_01_otp_otp.set
2025-04-27 15:16:20,788 - INFO - Successfully optimized iMA-iStdDev_01_otp.set -> iMA-iStdDev_01_otp_otp.set
2025-04-27 15:16:20,790 - INFO - Successfully optimized Indices-Tester_01_otp.set -> Indices-Tester_01_otp_otp.set
2025-04-27 15:16:20,792 - INFO - Successfully optimized Inka-20Edho-20EA_01_otp.set -> Inka-20Edho-20EA_01_otp_otp.set
2025-04-27 15:16:20,794 - INFO - Successfully optimized Intersection-2-iMA_01_otp.set -> Intersection-2-iMA_01_otp_otp.set
2025-04-27 15:16:20,797 - INFO - Successfully optimized IStochastic-Trading_01_otp.set -> IStochastic-Trading_01_otp_otp.set
2025-04-27 15:16:20,799 - INFO - Successfully optimized Ivan_01_otp.set -> Ivan_01_otp_otp.set
2025-04-27 15:16:20,801 - INFO - Successfully optimized iVIDyA-Simple_01_otp.set -> iVIDyA-Simple_01_otp_otp.set
2025-04-27 15:16:20,803 - INFO - Successfully optimized Jackpot-Strategy-EA_01_otp.set -> Jackpot-Strategy-EA_01_otp_otp.set
2025-04-27 15:16:20,805 - INFO - Successfully optimized JackPot-Strategy-Elite_01_otp.set -> JackPot-Strategy-Elite_01_otp_otp.set
2025-04-27 15:16:20,808 - INFO - Successfully optimized JK-BullP-AutoTrader_01_otp.set -> JK-BullP-AutoTrader_01_otp_otp.set
2025-04-27 15:16:20,811 - INFO - Successfully optimized JS-Chaos_01_otp.set -> JS-Chaos_01_otp_otp.set
2025-04-27 15:16:20,813 - INFO - Successfully optimized JS-MA-Day_01_otp.set -> JS-MA-Day_01_otp_otp.set
2025-04-27 15:16:20,815 - INFO - Successfully optimized JS-MA-SAR-Trades_01_otp.set -> JS-MA-SAR-Trades_01_otp_otp.set
2025-04-27 15:16:20,817 - INFO - Successfully optimized KA-Gold-Bot_01_otp.set -> KA-Gold-Bot_01_otp_otp.set
2025-04-27 15:16:20,819 - INFO - Successfully optimized Kue-Electric-EA_01_otp.set -> Kue-Electric-EA_01_otp_otp.set
2025-04-27 15:16:20,823 - INFO - Successfully optimized KueFx-20Arrows_01_otp.set -> KueFx-20Arrows_01_otp_otp.set
2025-04-27 15:16:20,825 - INFO - Successfully optimized KueFx-20Baseline_01_otp.set -> KueFx-20Baseline_01_otp_otp.set
2025-04-27 15:16:20,827 - INFO - Successfully optimized KueFx-Arrows-20EA_01_otp.set -> KueFx-Arrows-20EA_01_otp_otp.set
2025-04-27 15:16:20,829 - INFO - Successfully optimized KueFx-Arrows-EA_01_otp.set -> KueFx-Arrows-EA_01_otp_otp.set
2025-04-27 15:16:20,831 - INFO - Successfully optimized KueFx-Arrows_01_otp.set -> KueFx-Arrows_01_otp_otp.set
2025-04-27 15:16:20,833 - INFO - Successfully optimized KueFx-Baseline-EA_01_otp.set -> KueFx-Baseline-EA_01_otp_otp.set
2025-04-27 15:16:20,835 - INFO - Successfully optimized KueFx-Baseline_01_otp.set -> KueFx-Baseline_01_otp_otp.set
2025-04-27 15:16:20,838 - INFO - Successfully optimized KueFx-Clean-2025-EA_01_otp.set -> KueFx-Clean-2025-EA_01_otp_otp.set
2025-04-27 15:16:20,840 - INFO - Successfully optimized KueFx-Extreme-EA_01_otp.set -> KueFx-Extreme-EA_01_otp_otp.set
2025-04-27 15:16:20,843 - INFO - Successfully optimized KueFx-Harare-EA_01_otp.set -> KueFx-Harare-EA_01_otp_otp.set
2025-04-27 15:16:20,845 - INFO - Successfully optimized KueFX-Money-Management_01_otp.set -> KueFX-Money-Management_01_otp_otp.set
2025-04-27 15:16:20,847 - INFO - Successfully optimized KueFx-Motor-EA_01_otp.set -> KueFx-Motor-EA_01_otp_otp.set
2025-04-27 15:16:20,849 - INFO - Successfully optimized KueFx-Motor_01_otp.set -> KueFx-Motor_01_otp_otp.set
2025-04-27 15:16:20,851 - INFO - Successfully optimized KueFx-Trend_01_otp.set -> KueFx-Trend_01_otp_otp.set
2025-04-27 15:16:20,854 - INFO - Successfully optimized KueFxTrend-20EA_01_otp.set -> KueFxTrend-20EA_01_otp_otp.set
2025-04-27 15:16:20,856 - INFO - Successfully optimized KueFxTrend-EA_01_otp.set -> KueFxTrend-EA_01_otp_otp.set
2025-04-27 15:16:20,858 - INFO - Successfully optimized LarryConnersRSI2_01_otp.set -> LarryConnersRSI2_01_otp_otp.set
2025-04-27 15:16:20,859 - INFO - Successfully optimized Last-ZZ50_01_otp.set -> Last-ZZ50_01_otp_otp.set
2025-04-27 15:16:20,861 - INFO - Successfully optimized Lavika100_01_otp.set -> Lavika100_01_otp_otp.set
2025-04-27 15:16:20,863 - INFO - Successfully optimized LBS_01_otp.set -> LBS_01_otp_otp.set
2025-04-27 15:16:20,865 - INFO - Successfully optimized Lego-EA_01_otp.set -> Lego-EA_01_otp_otp.set
2025-04-27 15:16:20,867 - INFO - Successfully optimized Lesson-3-Price-Action_01_otp.set -> Lesson-3-Price-Action_01_otp_otp.set
2025-04-27 15:16:20,869 - INFO - Successfully optimized Lesson-4-Price-Action-MA-Filter_01_otp.set -> Lesson-4-Price-Action-MA-Filter_01_otp_otp.set
2025-04-27 15:16:20,871 - INFO - Successfully optimized Lesson-6-Trailling-ATR_01_otp.set -> Lesson-6-Trailling-ATR_01_otp_otp.set
2025-04-27 15:16:20,874 - INFO - Successfully optimized Lesson-7-Price-action-Ket-hop-Volume-VSA_01_otp.set -> Lesson-7-Price-action-Ket-hop-Volume-VSA_01_otp_otp.set
2025-04-27 15:16:20,877 - INFO - Successfully optimized Little-EA_01_otp.set -> Little-EA_01_otp_otp.set
2025-04-27 15:16:20,879 - INFO - Successfully optimized Locker_01_otp.set -> Locker_01_otp_otp.set
2025-04-27 15:16:20,881 - INFO - Successfully optimized Lock_01_otp.set -> Lock_01_otp_otp.set
2025-04-27 15:16:20,883 - INFO - Successfully optimized Lucky_01_otp.set -> Lucky_01_otp_otp.set
2025-04-27 15:16:20,886 - INFO - Successfully optimized MA-20Alert_01_otp.set -> MA-20Alert_01_otp_otp.set
2025-04-27 15:16:20,888 - INFO - Successfully optimized MA-20AO-20Arrow_01_otp.set -> MA-20AO-20Arrow_01_otp_otp.set
2025-04-27 15:16:20,891 - INFO - Successfully optimized MA-AO-EA_01_otp.set -> MA-AO-EA_01_otp_otp.set
2025-04-27 15:16:20,893 - INFO - Successfully optimized ma-channels_01_otp.set -> ma-channels_01_otp_otp.set
2025-04-27 15:16:20,895 - INFO - Successfully optimized MA-Cross_01_otp.set -> MA-Cross_01_otp_otp.set
2025-04-27 15:16:20,898 - INFO - Successfully optimized MA-Envelopes_01_otp.set -> MA-Envelopes_01_otp_otp.set
2025-04-27 15:16:20,901 - INFO - Successfully optimized MA-MACD-Position-averaging_01_otp.set -> MA-MACD-Position-averaging_01_otp_otp.set
2025-04-27 15:16:20,904 - INFO - Successfully optimized MA-Trend_01_otp.set -> MA-Trend_01_otp_otp.set
2025-04-27 15:16:20,907 - INFO - Successfully optimized MA2CCI_01_otp.set -> MA2CCI_01_otp_otp.set
2025-04-27 15:16:20,909 - INFO - Successfully optimized MACD-and-SAR_01_otp.set -> MACD-and-SAR_01_otp_otp.set
2025-04-27 15:16:20,911 - INFO - Successfully optimized MACD-Cleaner_01_otp.set -> MACD-Cleaner_01_otp_otp.set
2025-04-27 15:16:20,915 - INFO - Successfully optimized MACD-EA-H4_01_otp.set -> MACD-EA-H4_01_otp_otp.set
2025-04-27 15:16:20,917 - INFO - Successfully optimized MACD-No-Sample_01_otp.set -> MACD-No-Sample_01_otp_otp.set
2025-04-27 15:16:20,920 - INFO - Successfully optimized MACD-signal_01_otp.set -> MACD-signal_01_otp_otp.set
2025-04-27 15:16:20,922 - INFO - Successfully optimized MACD-Stochastic-2_01_otp.set -> MACD-Stochastic-2_01_otp_otp.set
2025-04-27 15:16:20,925 - INFO - Successfully optimized MACD-Stochastic_01_otp.set -> MACD-Stochastic_01_otp_otp.set
2025-04-27 15:16:20,927 - INFO - Successfully optimized MACDCCI_01_otp.set -> MACDCCI_01_otp_otp.set
2025-04-27 15:16:20,930 - INFO - Successfully optimized MacdPatternTraderAll0.01_01_otp.set -> MacdPatternTraderAll0.01_01_otp_otp.set
2025-04-27 15:16:20,934 - INFO - Successfully optimized MacdPatternTraderAll_01_otp.set -> MacdPatternTraderAll_01_otp_otp.set
2025-04-27 15:16:20,936 - INFO - Successfully optimized MACD_01_otp.set -> MACD_01_otp_otp.set
2025-04-27 15:16:20,940 - INFO - Successfully optimized MAGrid_01_otp.set -> MAGrid_01_otp_otp.set
2025-04-27 15:16:20,942 - INFO - Successfully optimized MAMACD_01_otp.set -> MAMACD_01_otp_otp.set
2025-04-27 15:16:20,944 - INFO - Successfully optimized Market-Capture_01_otp.set -> Market-Capture_01_otp_otp.set
2025-04-27 15:16:20,946 - INFO - Successfully optimized Martin-1_01_otp.set -> Martin-1_01_otp_otp.set
2025-04-27 15:16:20,949 - INFO - Successfully optimized Martin-for-small-deposits_01_otp.set -> Martin-for-small-deposits_01_otp_otp.set
2025-04-27 15:16:20,951 - INFO - Successfully optimized MartingailExpert_01_otp.set -> MartingailExpert_01_otp_otp.set
2025-04-27 15:16:20,953 - INFO - Successfully optimized MartinGaleBreakout_01_otp.set -> MartinGaleBreakout_01_otp_otp.set
2025-04-27 15:16:20,955 - INFO - Successfully optimized Martin_01_otp.set -> Martin_01_otp_otp.set
2025-04-27 15:16:20,957 - INFO - Successfully optimized Marubozu-EA_01_otp.set -> Marubozu-EA_01_otp_otp.set
2025-04-27 15:16:20,959 - INFO - Successfully optimized Marubozu_01_otp.set -> Marubozu_01_otp_otp.set
2025-04-27 15:16:20,961 - INFO - Successfully optimized MelBar-EuSwiss-1.85_01_otp.set -> MelBar-EuSwiss-1.85_01_otp_otp.set
2025-04-27 15:16:20,963 - INFO - Successfully optimized MelBar™Take325-™-5.5Y-NZD-USD_01_otp.set -> MelBar™Take325-™-5.5Y-NZD-USD_01_otp_otp.set
2025-04-27 15:16:20,965 - INFO - Successfully optimized Mobo-Bands-EA_01_otp.set -> Mobo-Bands-EA_01_otp_otp.set
2025-04-27 15:16:20,967 - INFO - Successfully optimized Mobo-Bands_01_otp.set -> Mobo-Bands_01_otp_otp.set
2025-04-27 15:16:20,969 - INFO - Successfully optimized Modified-Moving-Averages_01_otp.set -> Modified-Moving-Averages_01_otp_otp.set
2025-04-27 15:16:20,971 - INFO - Successfully optimized Momentum-M15_01_otp.set -> Momentum-M15_01_otp_otp.set
2025-04-27 15:16:20,973 - INFO - Successfully optimized Momo-trades_01_otp.set -> Momo-trades_01_otp_otp.set
2025-04-27 15:16:20,976 - INFO - Successfully optimized Money-Fixed-Margin_01_otp.set -> Money-Fixed-Margin_01_otp_otp.set
2025-04-27 15:16:20,977 - INFO - Successfully optimized Money-Fixed-Risk_01_otp.set -> Money-Fixed-Risk_01_otp_otp.set
2025-04-27 15:16:20,979 - INFO - Successfully optimized MoneyRain_01_otp.set -> MoneyRain_01_otp_otp.set
2025-04-27 15:16:20,983 - INFO - Successfully optimized Morning-evening-star-EA_01_otp.set -> Morning-evening-star-EA_01_otp_otp.set
2025-04-27 15:16:20,985 - INFO - Successfully optimized MostasHaR15-Pivot_01_otp.set -> MostasHaR15-Pivot_01_otp_otp.set
2025-04-27 15:16:20,987 - INFO - Successfully optimized Moving-20average-20and-20ichimoku-20EA_01_otp.set -> Moving-20average-20and-20ichimoku-20EA_01_otp_otp.set
2025-04-27 15:16:20,990 - INFO - Successfully optimized Moving-Average-Trade-System_01_otp.set -> Moving-Average-Trade-System_01_otp_otp.set
2025-04-27 15:16:20,992 - INFO - Successfully optimized Moving-Averages_01_otp.set -> Moving-Averages_01_otp_otp.set
2025-04-27 15:16:20,994 - INFO - Successfully optimized MovingAverageMartinGale_01_otp.set -> MovingAverageMartinGale_01_otp_otp.set
2025-04-27 15:16:20,996 - INFO - Successfully optimized MovingAverage_01_otp.set -> MovingAverage_01_otp_otp.set
2025-04-27 15:16:20,999 - INFO - Successfully optimized MQL5-Wizard-MA-RSI_01_otp.set -> MQL5-Wizard-MA-RSI_01_otp_otp.set
2025-04-27 15:16:21,002 - INFO - Successfully optimized MQL5-Wizard-MACD-Parabolic-SAR_01_otp.set -> MQL5-Wizard-MACD-Parabolic-SAR_01_otp_otp.set
2025-04-27 15:16:21,005 - INFO - Successfully optimized MTC-Сombo_01_otp.set -> MTC-Сombo_01_otp_otp.set
2025-04-27 15:16:21,009 - INFO - Successfully optimized Multi-Stochastic_01_otp.set -> Multi-Stochastic_01_otp_otp.set
2025-04-27 15:16:21,011 - INFO - Successfully optimized MultiMartin_01_otp.set -> MultiMartin_01_otp_otp.set
2025-04-27 15:16:21,014 - INFO - Successfully optimized MySystem_01_otp.set -> MySystem_01_otp_otp.set
2025-04-27 15:16:21,016 - INFO - Successfully optimized N-Candles_01_otp.set -> N-Candles_01_otp_otp.set
2025-04-27 15:16:21,018 - INFO - Successfully optimized Nevalyashka-BreakdownLevel_01_otp.set -> Nevalyashka-BreakdownLevel_01_otp_otp.set
2025-04-27 15:16:21,020 - INFO - Successfully optimized Nevalyashka3-1_01_otp.set -> Nevalyashka3-1_01_otp_otp.set
2025-04-27 15:16:21,023 - INFO - Successfully optimized Nevalyashka_01_otp.set -> Nevalyashka_01_otp_otp.set
2025-04-27 15:16:21,026 - INFO - Successfully optimized New-Martin_01_otp.set -> New-Martin_01_otp_otp.set
2025-04-27 15:16:21,028 - INFO - Successfully optimized New-Random_01_otp.set -> New-Random_01_otp_otp.set
2025-04-27 15:16:21,031 - INFO - Successfully optimized Nextbar_01_otp.set -> Nextbar_01_otp_otp.set
2025-04-27 15:16:21,034 - INFO - Successfully optimized Night-Flat-Trade_01_otp.set -> Night-Flat-Trade_01_otp_otp.set
2025-04-27 15:16:21,037 - INFO - Successfully optimized NightScalper_01_otp.set -> NightScalper_01_otp_otp.set
2025-04-27 15:16:21,039 - INFO - Successfully optimized NRTR-Revers_01_otp.set -> NRTR-Revers_01_otp_otp.set
2025-04-27 15:16:21,042 - INFO - Successfully optimized NUp1Down_01_otp.set -> NUp1Down_01_otp_otp.set
2025-04-27 15:16:21,045 - INFO - Successfully optimized Open-Candle-EA_01_otp.set -> Open-Candle-EA_01_otp_otp.set
2025-04-27 15:16:21,047 - INFO - Successfully optimized Open-Close_01_otp.set -> Open-Close_01_otp_otp.set
2025-04-27 15:16:21,050 - INFO - Successfully optimized Opening-and-ilosing-on-time_01_otp.set -> Opening-and-ilosing-on-time_01_otp_otp.set
2025-04-27 15:16:21,052 - INFO - Successfully optimized Opening-and-Сlosing-on-time_01_otp.set -> Opening-and-Сlosing-on-time_01_otp_otp.set
2025-04-27 15:16:21,054 - INFO - Successfully optimized OpenPendingorderAfterPositionGetStopLoss_01_otp.set -> OpenPendingorderAfterPositionGetStopLoss_01_otp_otp.set
2025-04-27 15:16:21,057 - INFO - Successfully optimized OpenTicks_01_otp.set -> OpenTicks_01_otp_otp.set
2025-04-27 15:16:21,059 - INFO - Successfully optimized ORB-EA-BOX_01_otp.set -> ORB-EA-BOX_01_otp_otp.set
2025-04-27 15:16:21,061 - INFO - Successfully optimized OsMaSter_01_otp.set -> OsMaSter_01_otp_otp.set
2025-04-27 15:16:21,064 - INFO - Successfully optimized OTT-20AND-20PRICE-20CROSS-20EA_01_otp.set -> OTT-20AND-20PRICE-20CROSS-20EA_01_otp_otp.set
2025-04-27 15:16:21,067 - INFO - Successfully optimized OverHedge_01_otp.set -> OverHedge_01_otp_otp.set
2025-04-27 15:16:21,070 - INFO - Successfully optimized OzFx_01_otp.set -> OzFx_01_otp_otp.set
2025-04-27 15:16:21,073 - INFO - Successfully optimized Parabolic-SAR_01_otp.set -> Parabolic-SAR_01_otp_otp.set
2025-04-27 15:16:21,075 - INFO - Successfully optimized PARSI-EA_01_otp.set -> PARSI-EA_01_otp_otp.set
2025-04-27 15:16:21,078 - INFO - Successfully optimized Peceptron-Mult_01_otp.set -> Peceptron-Mult_01_otp_otp.set
2025-04-27 15:16:21,080 - INFO - Successfully optimized Pending-orders-by-time-2_01_otp.set -> Pending-orders-by-time-2_01_otp_otp.set
2025-04-27 15:16:21,083 - INFO - Successfully optimized Pending-orders-by-time_01_otp.set -> Pending-orders-by-time_01_otp_otp.set
2025-04-27 15:16:21,086 - INFO - Successfully optimized Pendulum_01_otp.set -> Pendulum_01_otp_otp.set
2025-04-27 15:16:21,089 - INFO - Successfully optimized Pinball-machine_01_otp.set -> Pinball-machine_01_otp_otp.set
2025-04-27 15:16:21,092 - INFO - Successfully optimized Pinbar-Magic-EA_01_otp.set -> Pinbar-Magic-EA_01_otp_otp.set
2025-04-27 15:16:21,095 - INFO - Successfully optimized PinBar-Magic-Indicator_01_otp.set -> PinBar-Magic-Indicator_01_otp_otp.set
2025-04-27 15:16:21,099 - INFO - Successfully optimized Pipsover_01_otp.set -> Pipsover_01_otp_otp.set
2025-04-27 15:16:21,102 - INFO - Successfully optimized Plan-X_01_otp.set -> Plan-X_01_otp_otp.set
2025-04-27 15:16:21,106 - INFO - Successfully optimized Plateau_01_otp.set -> Plateau_01_otp_otp.set
2025-04-27 15:16:21,110 - INFO - Successfully optimized Poker-SHOW_01_otp.set -> Poker-SHOW_01_otp_otp.set
2025-04-27 15:16:21,114 - INFO - Successfully optimized Precipice-MartIn_01_otp.set -> Precipice-MartIn_01_otp_otp.set
2025-04-27 15:16:21,118 - INFO - Successfully optimized Precipice_01_otp.set -> Precipice_01_otp_otp.set
2025-04-27 15:16:21,122 - INFO - Successfully optimized Probe_01_otp.set -> Probe_01_otp_otp.set
2025-04-27 15:16:21,124 - INFO - Successfully optimized Proffessor_01_otp.set -> Proffessor_01_otp_otp.set
2025-04-27 15:16:21,128 - INFO - Successfully optimized PropFirmHelper_01_otp.set -> PropFirmHelper_01_otp_otp.set
2025-04-27 15:16:21,131 - INFO - Successfully optimized PROphet_01_otp.set -> PROphet_01_otp_otp.set
2025-04-27 15:16:21,139 - INFO - Successfully optimized Puria-method_01_otp.set -> Puria-method_01_otp_otp.set
2025-04-27 15:16:21,145 - INFO - Successfully optimized Rabbit3_01_otp.set -> Rabbit3_01_otp_otp.set
2025-04-27 15:16:21,149 - INFO - Successfully optimized Range-Breakout_01_otp.set -> Range-Breakout_01_otp_otp.set
2025-04-27 15:16:21,154 - INFO - Successfully optimized Rapid-Doji-EA_01_otp.set -> Rapid-Doji-EA_01_otp_otp.set
2025-04-27 15:16:21,157 - INFO - Successfully optimized Raymond-Cloudy-Day-for-EA_01_otp.set -> Raymond-Cloudy-Day-for-EA_01_otp_otp.set
2025-04-27 15:16:21,161 - INFO - Successfully optimized Reflex-EA_01_otp.set -> Reflex-EA_01_otp_otp.set
2025-04-27 15:16:21,164 - INFO - Successfully optimized REFLEX-INDICATOR_01_otp.set -> REFLEX-INDICATOR_01_otp_otp.set
2025-04-27 15:16:21,167 - INFO - Successfully optimized Reflex_01_otp.set -> Reflex_01_otp_otp.set
2025-04-27 15:16:21,170 - INFO - Successfully optimized Reversing-Martingale_01_otp.set -> Reversing-Martingale_01_otp_otp.set
2025-04-27 15:16:21,174 - INFO - Successfully optimized RideAlligator_01_otp.set -> RideAlligator_01_otp_otp.set
2025-04-27 15:16:21,178 - INFO - Successfully optimized RNN_01_otp.set -> RNN_01_otp_otp.set
2025-04-27 15:16:21,183 - INFO - Successfully optimized Robot-MACD_01_otp.set -> Robot-MACD_01_otp_otp.set
2025-04-27 15:16:21,187 - INFO - Successfully optimized RobotPowerM5-meta4_01_otp.set -> RobotPowerM5-meta4_01_otp_otp.set
2025-04-27 15:16:21,194 - INFO - Successfully optimized Rollback-system_01_otp.set -> Rollback-system_01_otp_otp.set
2025-04-27 15:16:21,199 - INFO - Successfully optimized RSI-and-Bollinger-Bands_01_otp.set -> RSI-and-Bollinger-Bands_01_otp_otp.set
2025-04-27 15:16:21,204 - INFO - Successfully optimized RSI-Arrow-EA_01_otp.set -> RSI-Arrow-EA_01_otp_otp.set
2025-04-27 15:16:21,214 - INFO - Successfully optimized RSI-Arrow_01_otp.set -> RSI-Arrow_01_otp_otp.set
2025-04-27 15:16:21,224 - INFO - Successfully optimized RSI-EA_01_otp.set -> RSI-EA_01_otp_otp.set
2025-04-27 15:16:21,227 - INFO - Successfully optimized RSI-Eraser_01_otp.set -> RSI-Eraser_01_otp_otp.set
2025-04-27 15:16:21,230 - INFO - Successfully optimized RSI-Expert_01_otp.set -> RSI-Expert_01_otp_otp.set
2025-04-27 15:16:21,233 - INFO - Successfully optimized RSI-Levels_01_otp.set -> RSI-Levels_01_otp_otp.set
2025-04-27 15:16:21,237 - INFO - Successfully optimized RSI-trader_01_otp.set -> RSI-trader_01_otp_otp.set
2025-04-27 15:16:21,241 - INFO - Successfully optimized RSI-Trend-EA_01_otp.set -> RSI-Trend-EA_01_otp_otp.set
2025-04-27 15:16:21,245 - INFO - Successfully optimized RSI-Trend_01_otp.set -> RSI-Trend_01_otp_otp.set
2025-04-27 15:16:21,249 - INFO - Successfully optimized RSI-with-channels-EA_01_otp.set -> RSI-with-channels-EA_01_otp_otp.set
2025-04-27 15:16:21,254 - INFO - Successfully optimized RSI-with-channels_01_otp.set -> RSI-with-channels_01_otp_otp.set
2025-04-27 15:16:21,257 - INFO - Successfully optimized Russian20-hp1_01_otp.set -> Russian20-hp1_01_otp_otp.set
2025-04-27 15:16:21,262 - INFO - Successfully optimized SampleCheckPendingOrder_01_otp.set -> SampleCheckPendingOrder_01_otp_otp.set
2025-04-27 15:16:21,267 - INFO - Successfully optimized SAR-trading_01_otp.set -> SAR-trading_01_otp_otp.set
2025-04-27 15:16:21,271 - INFO - Successfully optimized Secwenta_01_otp.set -> Secwenta_01_otp_otp.set
2025-04-27 15:16:21,274 - INFO - Successfully optimized Sell-Stop_01_otp.set -> Sell-Stop_01_otp_otp.set
2025-04-27 15:16:21,277 - INFO - Successfully optimized Sensitive_01_otp.set -> Sensitive_01_otp_otp.set
2025-04-27 15:16:21,280 - INFO - Successfully optimized Separate-trade_01_otp.set -> Separate-trade_01_otp_otp.set
2025-04-27 15:16:21,284 - INFO - Successfully optimized SilverTrend_01_otp.set -> SilverTrend_01_otp_otp.set
2025-04-27 15:16:21,288 - INFO - Successfully optimized Simple-20Price-20Alert-20-20EA_01_otp.set -> Simple-20Price-20Alert-20-20EA_01_otp_otp.set
2025-04-27 15:16:21,292 - INFO - Successfully optimized Simple-20Volume-20EA_01_otp.set -> Simple-20Volume-20EA_01_otp_otp.set
2025-04-27 15:16:21,295 - INFO - Successfully optimized Simple-EA-MA-plus-MACD_01_otp.set -> Simple-EA-MA-plus-MACD_01_otp_otp.set
2025-04-27 15:16:21,298 - INFO - Successfully optimized Simple-FX_01_otp.set -> Simple-FX_01_otp_otp.set
2025-04-27 15:16:21,302 - INFO - Successfully optimized Simple-MACD_01_otp.set -> Simple-MACD_01_otp_otp.set
2025-04-27 15:16:21,305 - INFO - Successfully optimized Simple-Volume-EA_01_otp.set -> Simple-Volume-EA_01_otp_otp.set
2025-04-27 15:16:21,308 - INFO - Successfully optimized SimplePivot_01_otp.set -> SimplePivot_01_otp_otp.set
2025-04-27 15:16:21,312 - INFO - Successfully optimized Simplest-Hedging-EA-ever_01_otp.set -> Simplest-Hedging-EA-ever_01_otp_otp.set
2025-04-27 15:16:21,316 - INFO - Successfully optimized SimpleTrade _01_otp.set -> SimpleTrade _01_otp_otp.set
2025-04-27 15:16:21,320 - INFO - Successfully optimized Six-Soldiers-EA-Grid_01_otp.set -> Six-Soldiers-EA-Grid_01_otp_otp.set
2025-04-27 15:16:21,323 - INFO - Successfully optimized Six-Soldiers-EA_01_otp.set -> Six-Soldiers-EA_01_otp_otp.set
2025-04-27 15:16:21,326 - INFO - Successfully optimized Six-Soldiers_01_otp.set -> Six-Soldiers_01_otp_otp.set
2025-04-27 15:16:21,329 - INFO - Successfully optimized Small-Inside-Bar-Strategy_01_otp.set -> Small-Inside-Bar-Strategy_01_otp_otp.set
2025-04-27 15:16:21,332 - INFO - Successfully optimized Smart-Machine-20EA_01_otp.set -> Smart-Machine-20EA_01_otp_otp.set
2025-04-27 15:16:21,335 - INFO - Successfully optimized Smoothing-Average_01_otp.set -> Smoothing-Average_01_otp_otp.set
2025-04-27 15:16:21,338 - INFO - Successfully optimized Spasm_01_otp.set -> Spasm_01_otp_otp.set
2025-04-27 15:16:21,341 - INFO - Successfully optimized ssb5-123_01_otp.set -> ssb5-123_01_otp_otp.set
2025-04-27 15:16:21,345 - INFO - Successfully optimized Starter_01_otp.set -> Starter_01_otp_otp.set
2025-04-27 15:16:21,348 - INFO - Successfully optimized Steve-Cartwright-Trader-Camel-CCI-MACD_01_otp.set -> Steve-Cartwright-Trader-Camel-CCI-MACD_01_otp_otp.set
2025-04-27 15:16:21,352 - INFO - Successfully optimized Stoch-EA-1192_01_otp.set -> Stoch-EA-1192_01_otp_otp.set
2025-04-27 15:16:21,355 - INFO - Successfully optimized Stochastic-20Alert_01_otp.set -> Stochastic-20Alert_01_otp_otp.set
2025-04-27 15:16:21,358 - INFO - Successfully optimized Stochastic-K-Divergence.lua_01_otp.set -> Stochastic-K-Divergence.lua_01_otp_otp.set
2025-04-27 15:16:21,361 - INFO - Successfully optimized stochastic-three-periods_01_otp.set -> stochastic-three-periods_01_otp_otp.set
2025-04-27 15:16:21,368 - INFO - Successfully optimized StochasticDiffSign-EA_01_otp.set -> StochasticDiffSign-EA_01_otp_otp.set
2025-04-27 15:16:21,371 - INFO - Successfully optimized stochasticdiffsign_01_otp.set -> stochasticdiffsign_01_otp_otp.set
2025-04-27 15:16:21,374 - INFO - Successfully optimized StochMA-EA_01_otp.set -> StochMA-EA_01_otp_otp.set
2025-04-27 15:16:21,377 - INFO - Successfully optimized StochMA_01_otp.set -> StochMA_01_otp_otp.set
2025-04-27 15:16:21,380 - INFO - Successfully optimized Stoch_01_otp.set -> Stoch_01_otp_otp.set
2025-04-27 15:16:21,383 - INFO - Successfully optimized Stop-Loss-Take-Profit_01_otp.set -> Stop-Loss-Take-Profit_01_otp_otp.set
2025-04-27 15:16:21,387 - INFO - Successfully optimized StraddleqTrail_01_otp.set -> StraddleqTrail_01_otp_otp.set
2025-04-27 15:16:21,390 - INFO - Successfully optimized Surefirething_01_otp.set -> Surefirething_01_otp_otp.set
2025-04-27 15:16:21,393 - INFO - Successfully optimized TDSGlobal_01_otp.set -> TDSGlobal_01_otp_otp.set
2025-04-27 15:16:21,396 - INFO - Successfully optimized The-MasterMind-2_01_otp.set -> The-MasterMind-2_01_otp_otp.set
2025-04-27 15:16:21,399 - INFO - Successfully optimized The-MasterMind-3_01_otp.set -> The-MasterMind-3_01_otp_otp.set
2025-04-27 15:16:21,403 - INFO - Successfully optimized The-MasterMind_01_otp.set -> The-MasterMind_01_otp_otp.set
2025-04-27 15:16:21,406 - INFO - Successfully optimized The-Puncher_01_otp.set -> The-Puncher_01_otp_otp.set
2025-04-27 15:16:21,410 - INFO - Successfully optimized TheClassicTurtleTrader-no-dots-EA_01_otp.set -> TheClassicTurtleTrader-no-dots-EA_01_otp_otp.set
2025-04-27 15:16:21,414 - INFO - Successfully optimized TheClassicTurtleTrader-no-dots_01_otp.set -> TheClassicTurtleTrader-no-dots_01_otp_otp.set
2025-04-27 15:16:21,417 - INFO - Successfully optimized Three-indicators_01_otp.set -> Three-indicators_01_otp_otp.set
2025-04-27 15:16:21,421 - INFO - Successfully optimized Three-neural-networks_01_otp.set -> Three-neural-networks_01_otp_otp.set
2025-04-27 15:16:21,427 - INFO - Successfully optimized Three-timeframes_01_otp.set -> Three-timeframes_01_otp_otp.set
2025-04-27 15:16:21,431 - INFO - Successfully optimized Three-Typical-Candles_01_otp.set -> Three-Typical-Candles_01_otp_otp.set
2025-04-27 15:16:21,435 - INFO - Successfully optimized Time-sync-forts_01_otp.set -> Time-sync-forts_01_otp_otp.set
2025-04-27 15:16:21,437 - INFO - Successfully optimized timer-trade_01_otp.set -> timer-trade_01_otp_otp.set
2025-04-27 15:16:21,441 - INFO - Successfully optimized TMA-ATR-Channel_01_otp.set -> TMA-ATR-Channel_01_otp_otp.set
2025-04-27 15:16:21,445 - INFO - Successfully optimized TMA-ATR-EA_01_otp.set -> TMA-ATR-EA_01_otp_otp.set
2025-04-27 15:16:21,450 - INFO - Successfully optimized TMA-CG-EA_01_otp.set -> TMA-CG-EA_01_otp_otp.set
2025-04-27 15:16:21,453 - INFO - Successfully optimized TMA-CG-Martingale-20EA_01_otp.set -> TMA-CG-Martingale-20EA_01_otp_otp.set
2025-04-27 15:16:21,457 - INFO - Successfully optimized TMA-CG-mladen_01_otp.set -> TMA-CG-mladen_01_otp_otp.set
2025-04-27 15:16:21,459 - INFO - Successfully optimized TMA-CG-special_01_otp.set -> TMA-CG-special_01_otp_otp.set
2025-04-27 15:16:21,462 - INFO - Successfully optimized TMA-slope-bands_01_otp.set -> TMA-slope-bands_01_otp_otp.set
2025-04-27 15:16:21,464 - INFO - Successfully optimized TmaTrue-2.0-with-Distances-6xx_01_otp.set -> TmaTrue-2.0-with-Distances-6xx_01_otp_otp.set
2025-04-27 15:16:21,470 - INFO - Successfully optimized TmaTrue-3.0-with-Distances-6xx_01_otp.set -> TmaTrue-3.0-with-Distances-6xx_01_otp_otp.set
2025-04-27 15:16:21,473 - INFO - Successfully optimized TP-with-money_01_otp.set -> TP-with-money_01_otp_otp.set
2025-04-27 15:16:21,476 - INFO - Successfully optimized Trade-in-Channel_01_otp.set -> Trade-in-Channel_01_otp_otp.set
2025-04-27 15:16:21,479 - INFO - Successfully optimized Trade-on-qualified-RSI_01_otp.set -> Trade-on-qualified-RSI_01_otp_otp.set
2025-04-27 15:16:21,482 - INFO - Successfully optimized Trading-Breakout-MrThanhTan_01_otp.set -> Trading-Breakout-MrThanhTan_01_otp_otp.set
2025-04-27 15:16:21,485 - INFO - Successfully optimized Trend-Trader-Strategy-EA_01_otp.set -> Trend-Trader-Strategy-EA_01_otp_otp.set
2025-04-27 15:16:21,488 - INFO - Successfully optimized Trend-Trader-Strategy_01_otp.set -> Trend-Trader-Strategy_01_otp_otp.set
2025-04-27 15:16:21,491 - INFO - Successfully optimized Tru-EA_01_otp.set -> Tru-EA_01_otp_otp.set
2025-04-27 15:16:21,494 - INFO - Successfully optimized True-Scalper-Profit-Lock_01_otp.set -> True-Scalper-Profit-Lock_01_otp_otp.set
2025-04-27 15:16:21,497 - INFO - Successfully optimized TrueSort-1100_01_otp.set -> TrueSort-1100_01_otp_otp.set
2025-04-27 15:16:21,500 - INFO - Successfully optimized Tunnel-gen4_01_otp.set -> Tunnel-gen4_01_otp_otp.set
2025-04-27 15:16:21,504 - INFO - Successfully optimized Tunnel-Method_01_otp.set -> Tunnel-Method_01_otp_otp.set
2025-04-27 15:16:21,509 - INFO - Successfully optimized TurnGrid_01_otp.set -> TurnGrid_01_otp_otp.set
2025-04-27 15:16:21,512 - INFO - Successfully optimized Two PerBar _01_otp.set -> Two PerBar _01_otp_otp.set
2025-04-27 15:16:21,517 - INFO - Successfully optimized Two-20MA-20RSI-20ADX-20EA_01_otp.set -> Two-20MA-20RSI-20ADX-20EA_01_otp_otp.set
2025-04-27 15:16:21,520 - INFO - Successfully optimized Two-20Orders-20Panel_01_otp.set -> Two-20Orders-20Panel_01_otp_otp.set
2025-04-27 15:16:21,526 - INFO - Successfully optimized Two-pending-orders-2_01_otp.set -> Two-pending-orders-2_01_otp_otp.set
2025-04-27 15:16:21,530 - INFO - Successfully optimized UnityPro_01_otp.set -> UnityPro_01_otp_otp.set
2025-04-27 15:16:21,535 - INFO - Successfully optimized UniversalMACrossEA_01_otp.set -> UniversalMACrossEA_01_otp_otp.set
2025-04-27 15:16:21,541 - INFO - Successfully optimized UniversalSignalDemo_01_otp.set -> UniversalSignalDemo_01_otp_otp.set
2025-04-27 15:16:21,547 - INFO - Successfully optimized Universum-3.0_01_otp.set -> Universum-3.0_01_otp_otp.set
2025-04-27 15:16:21,553 - INFO - Successfully optimized UnNomGuai-20EA_01_otp.set -> UnNomGuai-20EA_01_otp_otp.set
2025-04-27 15:16:21,557 - INFO - Successfully optimized up3x1-Investor_01_otp.set -> up3x1-Investor_01_otp_otp.set
2025-04-27 15:16:21,560 - INFO - Successfully optimized up3x1-premium-M_01_otp.set -> up3x1-premium-M_01_otp_otp.set
2025-04-27 15:16:21,564 - INFO - Successfully optimized up3x1_01_otp.set -> up3x1_01_otp_otp.set
2025-04-27 15:16:21,567 - INFO - Successfully optimized Urdala-Trol_01_otp.set -> Urdala-Trol_01_otp_otp.set
2025-04-27 15:16:21,570 - INFO - Successfully optimized Very-Blonde-System_01_otp.set -> Very-Blonde-System_01_otp_otp.set
2025-04-27 15:16:21,573 - INFO - Successfully optimized Virtual-Trailing-Stop_01_otp.set -> Virtual-Trailing-Stop_01_otp_otp.set
2025-04-27 15:16:21,577 - INFO - Successfully optimized VLT-TRADER_01_otp.set -> VLT-TRADER_01_otp_otp.set
2025-04-27 15:16:21,580 - INFO - Successfully optimized Volume-trader_01_otp.set -> Volume-trader_01_otp_otp.set
2025-04-27 15:16:21,582 - INFO - Successfully optimized Vortex-Indicator-System_01_otp.set -> Vortex-Indicator-System_01_otp_otp.set
2025-04-27 15:16:21,585 - INFO - Successfully optimized VR-Overturn_01_otp.set -> VR-Overturn_01_otp_otp.set
2025-04-27 15:16:21,590 - INFO - Successfully optimized VR-ZVER-v.2_01_otp.set -> VR-ZVER-v.2_01_otp_otp.set
2025-04-27 15:16:21,594 - INFO - Successfully optimized VR-ZVER_01_otp.set -> VR-ZVER_01_otp_otp.set
2025-04-27 15:16:21,597 - INFO - Successfully optimized VZO_01_otp.set -> VZO_01_otp_otp.set
2025-04-27 15:16:21,600 - INFO - Successfully optimized Waddah-Attar-Win_01_otp.set -> Waddah-Attar-Win_01_otp_otp.set
2025-04-27 15:16:21,605 - INFO - Successfully optimized WE-TRUST_01_otp.set -> WE-TRUST_01_otp_otp.set
2025-04-27 15:16:21,608 - INFO - Successfully optimized X-RSIOMA_01_otp.set -> X-RSIOMA_01_otp_otp.set
2025-04-27 15:16:21,611 - INFO - Successfully optimized Yesterday-Today_01_otp.set -> Yesterday-Today_01_otp_otp.set
2025-04-27 15:16:21,614 - INFO - Successfully optimized 10-pips-EURUSD_01_standard.set -> 10-pips-EURUSD_01_otp.set
2025-04-27 15:16:21,619 - INFO - Successfully optimized 10-pips_01_standard.set -> 10-pips_01_otp.set
2025-04-27 15:16:21,622 - INFO - Successfully optimized 1H-EUR-USD_01_standard.set -> 1H-EUR-USD_01_otp.set
2025-04-27 15:16:21,625 - INFO - Successfully optimized 20011201-GBPUSD-M1_01_standard.set -> 20011201-GBPUSD-M1_01_otp.set
2025-04-27 15:16:21,628 - INFO - Successfully optimized 21hour_01_standard.set -> 21hour_01_otp.set
2025-04-27 15:16:21,633 - INFO - Successfully optimized 2HR-HL_01_standard.set -> 2HR-HL_01_otp.set
2025-04-27 15:16:21,636 - INFO - Successfully optimized 2MA-4Level_01_standard.set -> 2MA-4Level_01_otp.set
2025-04-27 15:16:21,638 - INFO - Successfully optimized 2MA-Bunny-Cross_01_standard.set -> 2MA-Bunny-Cross_01_otp.set
2025-04-27 15:16:21,641 - INFO - Successfully optimized 3-bars-high-low-indicator_01_standard.set -> 3-bars-high-low-indicator_01_otp.set
2025-04-27 15:16:21,645 - INFO - Successfully optimized 35-Pip-Scalper_01_standard.set -> 35-Pip-Scalper_01_otp.set
2025-04-27 15:16:21,649 - INFO - Successfully optimized 3BarsHighLowEA_01_standard.set -> 3BarsHighLowEA_01_otp.set
2025-04-27 15:16:21,652 - INFO - Successfully optimized 3sma_01_standard.set -> 3sma_01_otp.set
2025-04-27 15:16:21,655 - INFO - Successfully optimized 500_01_standard.set -> 500_01_otp.set
2025-04-27 15:16:21,660 - INFO - Successfully optimized 55-MA_01_standard.set -> 55-MA_01_otp.set
2025-04-27 15:16:21,663 - INFO - Successfully optimized Above-Below-MA_01_standard.set -> Above-Below-MA_01_otp.set
2025-04-27 15:16:21,666 - INFO - Successfully optimized Absorption_01_standard.set -> Absorption_01_otp.set
2025-04-27 15:16:21,669 - INFO - Successfully optimized ADX-MACD-Deev_01_standard.set -> ADX-MACD-Deev_01_otp.set
2025-04-27 15:16:21,673 - INFO - Successfully optimized ADX-MA_01_standard.set -> ADX-MA_01_otp.set
2025-04-27 15:16:21,675 - INFO - Successfully optimized ADX-System_01_standard.set -> ADX-System_01_otp.set
2025-04-27 15:16:21,679 - INFO - Successfully optimized AIS1_01_standard.set -> AIS1_01_otp.set
2025-04-27 15:16:21,682 - INFO - Successfully optimized Alexav-D1-Profit-GBPUSD_01_standard.set -> Alexav-D1-Profit-GBPUSD_01_otp.set
2025-04-27 15:16:21,688 - INFO - Successfully optimized All-Average-Ea_01_standard.set -> All-Average-Ea_01_otp.set
2025-04-27 15:16:21,692 - INFO - Successfully optimized Alligator-Simple_01_standard.set -> Alligator-Simple_01_otp.set
2025-04-27 15:16:21,695 - INFO - Successfully optimized Alligator_01_standard.set -> Alligator_01_otp.set
2025-04-27 15:16:21,699 - INFO - Successfully optimized Altarius-RSI-Stohastic_01_standard.set -> Altarius-RSI-Stohastic_01_otp.set
2025-04-27 15:16:21,702 - INFO - Successfully optimized AMA-Trader-2_01_standard.set -> AMA-Trader-2_01_otp.set
2025-04-27 15:16:21,705 - INFO - Successfully optimized AMA-Trader_01_standard.set -> AMA-Trader_01_otp.set
2025-04-27 15:16:21,707 - INFO - Successfully optimized AO-Lightning_01_standard.set -> AO-Lightning_01_otp.set
2025-04-27 15:16:21,711 - INFO - Successfully optimized AOCCI_01_standard.set -> AOCCI_01_otp.set
2025-04-27 15:16:21,715 - INFO - Successfully optimized Arbitrage_01_standard.set -> Arbitrage_01_otp.set
2025-04-27 15:16:21,719 - INFO - Successfully optimized ArbSint_01_standard.set -> ArbSint_01_otp.set
2025-04-27 15:16:21,722 - INFO - Successfully optimized Area-MACD_01_standard.set -> Area-MACD_01_otp.set
2025-04-27 15:16:21,725 - INFO - Successfully optimized Artificial-Intelligence_01_standard.set -> Artificial-Intelligence_01_otp.set
2025-04-27 15:16:21,728 - INFO - Successfully optimized At-random-Full_01_standard.set -> At-random-Full_01_otp.set
2025-04-27 15:16:21,731 - INFO - Successfully optimized At-random_01_standard.set -> At-random_01_otp.set
2025-04-27 15:16:21,734 - INFO - Successfully optimized Auto-ADX_01_standard.set -> Auto-ADX_01_otp.set
2025-04-27 15:16:21,737 - INFO - Successfully optimized Auto-Pivot-Plotter-28Mid-Levels-29-41_01_standard.set -> Auto-Pivot-Plotter-28Mid-Levels-29-41_01_otp.set
2025-04-27 15:16:21,740 - INFO - Successfully optimized AutoLock-EA_01_standard.set -> AutoLock-EA_01_otp.set
2025-04-27 15:16:21,742 - INFO - Successfully optimized Autotrader-Momentum_01_standard.set -> Autotrader-Momentum_01_otp.set
2025-04-27 15:16:21,745 - INFO - Successfully optimized Avalanche-AV_01_standard.set -> Avalanche-AV_01_otp.set
2025-04-27 15:16:21,748 - INFO - Successfully optimized Backbone_01_standard.set -> Backbone_01_otp.set
2025-04-27 15:16:21,750 - INFO - Successfully optimized BADX_01_standard.set -> BADX_01_otp.set
2025-04-27 15:16:21,753 - INFO - Successfully optimized Bago-EA_01_standard.set -> Bago-EA_01_otp.set
2025-04-27 15:16:21,756 - INFO - Successfully optimized BalancedScalper-20EA_01_standard.set -> BalancedScalper-20EA_01_otp.set
2025-04-27 15:16:21,758 - INFO - Successfully optimized Bands-2_01_standard.set -> Bands-2_01_otp.set
2025-04-27 15:16:21,761 - INFO - Successfully optimized BARS-Alligator_01_standard.set -> BARS-Alligator_01_otp.set
2025-04-27 15:16:21,763 - INFO - Successfully optimized Basic-CCI-RSI_01_standard.set -> Basic-CCI-RSI_01_otp.set
2025-04-27 15:16:21,766 - INFO - Successfully optimized Basic-Martingale-EA-3_01_standard.set -> Basic-Martingale-EA-3_01_otp.set
2025-04-27 15:16:21,769 - INFO - Successfully optimized BBPercentile-EA_01_standard.set -> BBPercentile-EA_01_otp.set
2025-04-27 15:16:21,771 - INFO - Successfully optimized BBPercentile_01_standard.set -> BBPercentile_01_otp.set
2025-04-27 15:16:21,774 - INFO - Successfully optimized BDCrossOver-20EA_01_standard.set -> BDCrossOver-20EA_01_otp.set
2025-04-27 15:16:21,777 - INFO - Successfully optimized BIG-DOG_01_standard.set -> BIG-DOG_01_otp.set
2025-04-27 15:16:21,779 - INFO - Successfully optimized Bill-Williams_01_standard.set -> Bill-Williams_01_otp.set
2025-04-27 15:16:21,782 - INFO - Successfully optimized Bollinger-Band-Two-MA-and-Zig-Zag_01_standard.set -> Bollinger-Band-Two-MA-and-Zig-Zag_01_otp.set
2025-04-27 15:16:21,784 - INFO - Successfully optimized Bollinger-Bands-N-positions_01_standard.set -> Bollinger-Bands-N-positions_01_otp.set
2025-04-27 15:16:21,787 - INFO - Successfully optimized Bollinger-Bands-RSI_01_standard.set -> Bollinger-Bands-RSI_01_otp.set
2025-04-27 15:16:21,790 - INFO - Successfully optimized bollinger_01_standard.set -> bollinger_01_otp.set
2025-04-27 15:16:21,793 - INFO - Successfully optimized Brakeout-Trader_01_standard.set -> Brakeout-Trader_01_otp.set
2025-04-27 15:16:21,795 - INFO - Successfully optimized Brandy_01_standard.set -> Brandy_01_otp.set
2025-04-27 15:16:21,798 - INFO - Successfully optimized Breadandbutter2_01_standard.set -> Breadandbutter2_01_otp.set
2025-04-27 15:16:21,801 - INFO - Successfully optimized Breakdown-catcher_01_standard.set -> Breakdown-catcher_01_otp.set
2025-04-27 15:16:21,808 - INFO - Successfully optimized breakdown_01_standard.set -> breakdown_01_otp.set
2025-04-27 15:16:21,811 - INFO - Successfully optimized Breakout-Str_01_standard.set -> Breakout-Str_01_otp.set
2025-04-27 15:16:21,814 - INFO - Successfully optimized Bronze-Warrioir_01_standard.set -> Bronze-Warrioir_01_otp.set
2025-04-27 15:16:21,817 - INFO - Successfully optimized Bruno_01_standard.set -> Bruno_01_otp.set
2025-04-27 15:16:21,819 - INFO - Successfully optimized BSS-1-0_01_standard.set -> BSS-1-0_01_otp.set
2025-04-27 15:16:21,822 - INFO - Successfully optimized Bullish-and-Bearish-Engulfing_01_standard.set -> Bullish-and-Bearish-Engulfing_01_otp.set
2025-04-27 15:16:21,824 - INFO - Successfully optimized Burg-Extrapolator_01_standard.set -> Burg-Extrapolator_01_otp.set
2025-04-27 15:16:21,827 - INFO - Successfully optimized BykovTrend-EA_01_standard.set -> BykovTrend-EA_01_otp.set
2025-04-27 15:16:21,829 - INFO - Successfully optimized Calculate-lotsize-and-Trailling-stop_01_standard.set -> Calculate-lotsize-and-Trailling-stop_01_otp.set
2025-04-27 15:16:21,832 - INFO - Successfully optimized candlepatternsexample_01_standard.set -> candlepatternsexample_01_otp.set
2025-04-27 15:16:21,834 - INFO - Successfully optimized Candle_01_standard.set -> Candle_01_otp.set
2025-04-27 15:16:21,837 - INFO - Successfully optimized Carbophos_01_standard.set -> Carbophos_01_otp.set
2025-04-27 15:16:21,839 - INFO - Successfully optimized CashMachine-5min_01_standard.set -> CashMachine-5min_01_otp.set
2025-04-27 15:16:21,841 - INFO - Successfully optimized CCI-MACD-Scalper_01_standard.set -> CCI-MACD-Scalper_01_otp.set
2025-04-27 15:16:21,843 - INFO - Successfully optimized Cidomo_01_standard.set -> Cidomo_01_otp.set
2025-04-27 15:16:21,845 - INFO - Successfully optimized CloseAgent_01_standard.set -> CloseAgent_01_otp.set
2025-04-27 15:16:21,848 - INFO - Successfully optimized CloseProfit_01_standard.set -> CloseProfit_01_otp.set
2025-04-27 15:16:21,850 - INFO - Successfully optimized cloud's-trade-2_01_standard.set -> cloud's-trade-2_01_otp.set
2025-04-27 15:16:21,852 - INFO - Successfully optimized CLOUD_01_standard.set -> CLOUD_01_otp.set
2025-04-27 15:16:21,854 - INFO - Successfully optimized Constituents-EA_01_standard.set -> Constituents-EA_01_otp.set
2025-04-27 15:16:21,857 - INFO - Successfully optimized Contrarian-trade-MA_01_standard.set -> Contrarian-trade-MA_01_otp.set
2025-04-27 15:16:21,859 - INFO - Successfully optimized Crossing-Moving-Average_01_standard.set -> Crossing-Moving-Average_01_otp.set
2025-04-27 15:16:21,861 - INFO - Successfully optimized CrossMA_01_standard.set -> CrossMA_01_otp.set
2025-04-27 15:16:21,864 - INFO - Successfully optimized Currencyprofits-01.1_01_standard.set -> Currencyprofits-01.1_01_otp.set
2025-04-27 15:16:21,866 - INFO - Successfully optimized Daily-20reversal-20-20EA_01_standard.set -> Daily-20reversal-20-20EA_01_otp.set
2025-04-27 15:16:21,869 - INFO - Successfully optimized Daily-BreakPoint_01_standard.set -> Daily-BreakPoint_01_otp.set
2025-04-27 15:16:21,872 - INFO - Successfully optimized Daily-Open-EA_01_standard.set -> Daily-Open-EA_01_otp.set
2025-04-27 15:16:21,874 - INFO - Successfully optimized Daily-range_01_standard.set -> Daily-range_01_otp.set
2025-04-27 15:16:21,876 - INFO - Successfully optimized Day-Trading-PAMXA_01_standard.set -> Day-Trading-PAMXA_01_otp.set
2025-04-27 15:16:21,878 - INFO - Successfully optimized Daydream_01_standard.set -> Daydream_01_otp.set
2025-04-27 15:16:21,881 - INFO - Successfully optimized DayTrading_01_standard.set -> DayTrading_01_otp.set
2025-04-27 15:16:21,883 - INFO - Successfully optimized Dealers-Trade-v-7.74-MACD_01_standard.set -> Dealers-Trade-v-7.74-MACD_01_otp.set
2025-04-27 15:16:21,885 - INFO - Successfully optimized Deep-Drawdown-MA_01_standard.set -> Deep-Drawdown-MA_01_otp.set
2025-04-27 15:16:21,887 - INFO - Successfully optimized DeMarker-gaining-position-volume-2_01_standard.set -> DeMarker-gaining-position-volume-2_01_otp.set
2025-04-27 15:16:21,889 - INFO - Successfully optimized DeMarker-gaining-position-volume_01_standard.set -> DeMarker-gaining-position-volume_01_otp.set
2025-04-27 15:16:21,892 - INFO - Successfully optimized DeMarker-Pending-2-5_01_standard.set -> DeMarker-Pending-2-5_01_otp.set
2025-04-27 15:16:21,894 - INFO - Successfully optimized DeMarker-Pending-2_01_standard.set -> DeMarker-Pending-2_01_otp.set
2025-04-27 15:16:21,896 - INFO - Successfully optimized DeMarker-Pending_01_standard.set -> DeMarker-Pending_01_otp.set
2025-04-27 15:16:21,899 - INFO - Successfully optimized Dematus_01_standard.set -> Dematus_01_otp.set
2025-04-27 15:16:21,901 - INFO - Successfully optimized Divergence-20for-20many-20indicator_01_standard.set -> Divergence-20for-20many-20indicator_01_otp.set
2025-04-27 15:16:21,904 - INFO - Successfully optimized Divergence-EA_01_standard.set -> Divergence-EA_01_otp.set
2025-04-27 15:16:21,906 - INFO - Successfully optimized Doji-Arrows_01_standard.set -> Doji-Arrows_01_otp.set
2025-04-27 15:16:21,909 - INFO - Successfully optimized DojiTrader_01_standard.set -> DojiTrader_01_otp.set
2025-04-27 15:16:21,912 - INFO - Successfully optimized Donchian-Chanel-EA_01_standard.set -> Donchian-Chanel-EA_01_otp.set
2025-04-27 15:16:21,915 - INFO - Successfully optimized DoubleHullMA-EA_01_standard.set -> DoubleHullMA-EA_01_otp.set
2025-04-27 15:16:21,917 - INFO - Successfully optimized DoubleHullMA_01_standard.set -> DoubleHullMA_01_otp.set
2025-04-27 15:16:21,920 - INFO - Successfully optimized DoubleMA-Crossover-EA_01_standard.set -> DoubleMA-Crossover-EA_01_otp.set
2025-04-27 15:16:21,922 - INFO - Successfully optimized Doubler_01_standard.set -> Doubler_01_otp.set
2025-04-27 15:16:21,924 - INFO - Successfully optimized dummy_01_standard.set -> dummy_01_otp.set
2025-04-27 15:16:21,927 - INFO - Successfully optimized Dynamic-averaging_01_standard.set -> Dynamic-averaging_01_otp.set
2025-04-27 15:16:21,929 - INFO - Successfully optimized e-Breakeven_01_standard.set -> e-Breakeven_01_otp.set
2025-04-27 15:16:21,932 - INFO - Successfully optimized E-Friday_01_standard.set -> E-Friday_01_otp.set
2025-04-27 15:16:21,934 - INFO - Successfully optimized E-Skoch-Open_01_standard.set -> E-Skoch-Open_01_otp.set
2025-04-27 15:16:21,936 - INFO - Successfully optimized e-Skoch-pending-orders_01_standard.set -> e-Skoch-pending-orders_01_otp.set
2025-04-27 15:16:21,938 - INFO - Successfully optimized e-Smart-Trailing_01_standard.set -> e-Smart-Trailing_01_otp.set
2025-04-27 15:16:21,941 - INFO - Successfully optimized e-TurboFx_01_standard.set -> e-TurboFx_01_otp.set
2025-04-27 15:16:21,943 - INFO - Successfully optimized EA-Close_01_standard.set -> EA-Close_01_otp.set
2025-04-27 15:16:21,946 - INFO - Successfully optimized EA-MA-Stoch-RSI_01_standard.set -> EA-MA-Stoch-RSI_01_otp.set
2025-04-27 15:16:21,948 - INFO - Successfully optimized EA-Moving-Average_01_standard.set -> EA-Moving-Average_01_otp.set
2025-04-27 15:16:21,951 - INFO - Successfully optimized Elite-eFibo-Trader_01_standard.set -> Elite-eFibo-Trader_01_otp.set
2025-04-27 15:16:21,953 - INFO - Successfully optimized EMA-6.12_01_standard.set -> EMA-6.12_01_otp.set
2025-04-27 15:16:21,955 - INFO - Successfully optimized EMA-CROSS_01_standard.set -> EMA-CROSS_01_otp.set
2025-04-27 15:16:21,957 - INFO - Successfully optimized EMA-LWMA-RSI_01_standard.set -> EMA-LWMA-RSI_01_otp.set
2025-04-27 15:16:21,959 - INFO - Successfully optimized EMA-RSI-EA_01_standard.set -> EMA-RSI-EA_01_otp.set
2025-04-27 15:16:21,962 - INFO - Successfully optimized EMA-WMA_01_standard.set -> EMA-WMA_01_otp.set
2025-04-27 15:16:21,964 - INFO - Successfully optimized EMA_01_standard.set -> EMA_01_otp.set
2025-04-27 15:16:21,967 - INFO - Successfully optimized Eugene_01_standard.set -> Eugene_01_otp.set
2025-04-27 15:16:21,969 - INFO - Successfully optimized eur-usd-m5_01_standard.set -> eur-usd-m5_01_otp.set
2025-04-27 15:16:21,972 - INFO - Successfully optimized EURUSD-breakout_01_standard.set -> EURUSD-breakout_01_otp.set
2025-04-27 15:16:21,974 - INFO - Successfully optimized Executer-AC_01_standard.set -> Executer-AC_01_otp.set
2025-04-27 15:16:21,976 - INFO - Successfully optimized Executor-AO_01_standard.set -> Executor-AO_01_otp.set
2025-04-27 15:16:21,979 - INFO - Successfully optimized Executor-Candles_01_standard.set -> Executor-Candles_01_otp.set
2025-04-27 15:16:21,981 - INFO - Successfully optimized exp-Amstell_01_standard.set -> exp-Amstell_01_otp.set
2025-04-27 15:16:21,983 - INFO - Successfully optimized Expert-NEWS_01_standard.set -> Expert-NEWS_01_otp.set
2025-04-27 15:16:21,986 - INFO - Successfully optimized Expert-RSI-Stochastic-MA_01_standard.set -> Expert-RSI-Stochastic-MA_01_otp.set
2025-04-27 15:16:21,988 - INFO - Successfully optimized ExtremePrice-EA_01_standard.set -> ExtremePrice-EA_01_otp.set
2025-04-27 15:16:21,991 - INFO - Successfully optimized FiboRetracement-20EA_01_standard.set -> FiboRetracement-20EA_01_otp.set
2025-04-27 15:16:21,993 - INFO - Successfully optimized Firebird_01_standard.set -> Firebird_01_otp.set
2025-04-27 15:16:21,996 - INFO - Successfully optimized Firestorm-EA_01_standard.set -> Firestorm-EA_01_otp.set
2025-04-27 15:16:21,998 - INFO - Successfully optimized Firestorm-indicator_01_standard.set -> Firestorm-indicator_01_otp.set
2025-04-27 15:16:22,000 - INFO - Successfully optimized Fluctuate_01_standard.set -> Fluctuate_01_otp.set
2025-04-27 15:16:22,003 - INFO - Successfully optimized Forex-Fraus-M1_01_standard.set -> Forex-Fraus-M1_01_otp.set
2025-04-27 15:16:22,005 - INFO - Successfully optimized Forex-Profit_01_standard.set -> Forex-Profit_01_otp.set
2025-04-27 15:16:22,007 - INFO - Successfully optimized Fractals-minimum-distance_01_standard.set -> Fractals-minimum-distance_01_otp.set
2025-04-27 15:16:22,010 - INFO - Successfully optimized Fraktrak-xonax_01_standard.set -> Fraktrak-xonax_01_otp.set
2025-04-27 15:16:22,012 - INFO - Successfully optimized Frank-Ud_01_standard.set -> Frank-Ud_01_otp.set
2025-04-27 15:16:22,014 - INFO - Successfully optimized FT-CCI_01_standard.set -> FT-CCI_01_otp.set
2025-04-27 15:16:22,016 - INFO - Successfully optimized Fuzzy-logic_01_standard.set -> Fuzzy-logic_01_otp.set
2025-04-27 15:16:22,018 - INFO - Successfully optimized GalacticExplosion_01_standard.set -> GalacticExplosion_01_otp.set
2025-04-27 15:16:22,020 - INFO - Successfully optimized Gandalf-PRO_01_standard.set -> Gandalf-PRO_01_otp.set
2025-04-27 15:16:22,023 - INFO - Successfully optimized Gap-DM_01_standard.set -> Gap-DM_01_otp.set
2025-04-27 15:16:22,025 - INFO - Successfully optimized GAP-EA_01_standard.set -> GAP-EA_01_otp.set
2025-04-27 15:16:22,027 - INFO - Successfully optimized Gaps_01_standard.set -> Gaps_01_otp.set
2025-04-27 15:16:22,029 - INFO - Successfully optimized GBP9AM_01_standard.set -> GBP9AM_01_otp.set
2025-04-27 15:16:22,031 - INFO - Successfully optimized GbpChf_01_standard.set -> GbpChf_01_otp.set
2025-04-27 15:16:22,033 - INFO - Successfully optimized Gold-Dust_01_standard.set -> Gold-Dust_01_otp.set
2025-04-27 15:16:22,035 - INFO - Successfully optimized GO_01_standard.set -> GO_01_otp.set
2025-04-27 15:16:22,038 - INFO - Successfully optimized GreenTrade_01_standard.set -> GreenTrade_01_otp.set
2025-04-27 15:16:22,040 - INFO - Successfully optimized Grid-Martingale_01_standard.set -> Grid-Martingale_01_otp.set
2025-04-27 15:16:22,042 - INFO - Successfully optimized GridEA_01_standard.set -> GridEA_01_otp.set
2025-04-27 15:16:22,044 - INFO - Successfully optimized Grid_01_standard.set -> Grid_01_otp.set
2025-04-27 15:16:22,046 - INFO - Successfully optimized HarVesteR_01_standard.set -> HarVesteR_01_otp.set
2025-04-27 15:16:22,048 - INFO - Successfully optimized HedgeEA_01_standard.set -> HedgeEA_01_otp.set
2025-04-27 15:16:22,050 - INFO - Successfully optimized hedger_01_standard.set -> hedger_01_otp.set
2025-04-27 15:16:22,053 - INFO - Successfully optimized Hedging-EA_01_standard.set -> Hedging-EA_01_otp.set
2025-04-27 15:16:22,059 - INFO - Successfully optimized Heiken-Ashi-Smoothed-EA-with-MA_01_standard.set -> Heiken-Ashi-Smoothed-EA-with-MA_01_otp.set
2025-04-27 15:16:22,062 - INFO - Successfully optimized Heiken-Ashi-Smoothed-EA_01_standard.set -> Heiken-Ashi-Smoothed-EA_01_otp.set
2025-04-27 15:16:22,065 - INFO - Successfully optimized heiken-ashi-smoothedLine_01_standard.set -> heiken-ashi-smoothedLine_01_otp.set
2025-04-27 15:16:22,068 - INFO - Successfully optimized heiken-ashi-smoothed_01_standard.set -> heiken-ashi-smoothed_01_otp.set
2025-04-27 15:16:22,072 - INFO - Successfully optimized HeikenAshi-Lines-EA_01_standard.set -> HeikenAshi-Lines-EA_01_otp.set
2025-04-27 15:16:22,074 - INFO - Successfully optimized HeikenAshi-Lines_01_standard.set -> HeikenAshi-Lines_01_otp.set
2025-04-27 15:16:22,076 - INFO - Successfully optimized Heinken-Ashi-Color-Candles_01_standard.set -> Heinken-Ashi-Color-Candles_01_otp.set
2025-04-27 15:16:22,078 - INFO - Successfully optimized HelloSmart_01_standard.set -> HelloSmart_01_otp.set
2025-04-27 15:16:22,081 - INFO - Successfully optimized High-Low-EA_01_standard.set -> High-Low-EA_01_otp.set
2025-04-27 15:16:22,082 - INFO - Successfully optimized High-Low-Indicator_01_standard.set -> High-Low-Indicator_01_otp.set
2025-04-27 15:16:22,084 - INFO - Successfully optimized Hoop-master-2_01_standard.set -> Hoop-master-2_01_otp.set
2025-04-27 15:16:22,087 - INFO - Successfully optimized iCCI-iMA_01_standard.set -> iCCI-iMA_01_otp.set
2025-04-27 15:16:22,089 - INFO - Successfully optimized ICH-With-Alert-Derekers-EA_01_standard.set -> ICH-With-Alert-Derekers-EA_01_otp.set
2025-04-27 15:16:22,091 - INFO - Successfully optimized ICH-With-Alert-Derekers_01_standard.set -> ICH-With-Alert-Derekers_01_otp.set
2025-04-27 15:16:22,093 - INFO - Successfully optimized ichimok2005_01_standard.set -> ichimok2005_01_otp.set
2025-04-27 15:16:22,095 - INFO - Successfully optimized Ichimoku-20Kijun-20Alert_01_standard.set -> Ichimoku-20Kijun-20Alert_01_otp.set
2025-04-27 15:16:22,096 - INFO - Successfully optimized Ichimoku-20Tenkan-20Alert_01_standard.set -> Ichimoku-20Tenkan-20Alert_01_otp.set
2025-04-27 15:16:22,099 - INFO - Successfully optimized Ichimoku-Scanner_01_standard.set -> Ichimoku-Scanner_01_otp.set
2025-04-27 15:16:22,101 - INFO - Successfully optimized Ichimoku-Signals-and-Alert_01_standard.set -> Ichimoku-Signals-and-Alert_01_otp.set
2025-04-27 15:16:22,103 - INFO - Successfully optimized IchimokuMTF-EA_01_standard.set -> IchimokuMTF-EA_01_otp.set
2025-04-27 15:16:22,104 - INFO - Successfully optimized Ichimoku_01_standard.set -> Ichimoku_01_otp.set
2025-04-27 15:16:22,107 - INFO - Successfully optimized Ilan-iMA_01_standard.set -> Ilan-iMA_01_otp.set
2025-04-27 15:16:22,109 - INFO - Successfully optimized Ilan1.4_01_standard.set -> Ilan1.4_01_otp.set
2025-04-27 15:16:22,110 - INFO - Successfully optimized iMA-iStdDev_01_standard.set -> iMA-iStdDev_01_otp.set
2025-04-27 15:16:22,112 - INFO - Successfully optimized Indices-Tester_01_standard.set -> Indices-Tester_01_otp.set
2025-04-27 15:16:22,114 - INFO - Successfully optimized Inka-20Edho-20EA_01_standard.set -> Inka-20Edho-20EA_01_otp.set
2025-04-27 15:16:22,116 - INFO - Successfully optimized Intersection-2-iMA_01_standard.set -> Intersection-2-iMA_01_otp.set
2025-04-27 15:16:22,117 - INFO - Successfully optimized IStochastic-Trading_01_standard.set -> IStochastic-Trading_01_otp.set
2025-04-27 15:16:22,119 - INFO - Successfully optimized Ivan_01_standard.set -> Ivan_01_otp.set
2025-04-27 15:16:22,121 - INFO - Successfully optimized iVIDyA-Simple_01_standard.set -> iVIDyA-Simple_01_otp.set
2025-04-27 15:16:22,123 - INFO - Successfully optimized Jackpot-Strategy-EA_01_standard.set -> Jackpot-Strategy-EA_01_otp.set
2025-04-27 15:16:22,125 - INFO - Successfully optimized JackPot-Strategy-Elite_01_standard.set -> JackPot-Strategy-Elite_01_otp.set
2025-04-27 15:16:22,126 - INFO - Successfully optimized JK-BullP-AutoTrader_01_standard.set -> JK-BullP-AutoTrader_01_otp.set
2025-04-27 15:16:22,128 - INFO - Successfully optimized JS-Chaos_01_standard.set -> JS-Chaos_01_otp.set
2025-04-27 15:16:22,130 - INFO - Successfully optimized JS-MA-Day_01_standard.set -> JS-MA-Day_01_otp.set
2025-04-27 15:16:22,131 - INFO - Successfully optimized JS-MA-SAR-Trades_01_standard.set -> JS-MA-SAR-Trades_01_otp.set
2025-04-27 15:16:22,133 - INFO - Successfully optimized KA-Gold-Bot_01_standard.set -> KA-Gold-Bot_01_otp.set
2025-04-27 15:16:22,135 - INFO - Successfully optimized Kue-Electric-EA_01_standard.set -> Kue-Electric-EA_01_otp.set
2025-04-27 15:16:22,137 - INFO - Successfully optimized KueFx-20Arrows_01_standard.set -> KueFx-20Arrows_01_otp.set
2025-04-27 15:16:22,138 - INFO - Successfully optimized KueFx-20Baseline_01_standard.set -> KueFx-20Baseline_01_otp.set
2025-04-27 15:16:22,140 - INFO - Successfully optimized KueFx-Arrows-20EA_01_standard.set -> KueFx-Arrows-20EA_01_otp.set
2025-04-27 15:16:22,142 - INFO - Successfully optimized KueFx-Arrows-EA_01_standard.set -> KueFx-Arrows-EA_01_otp.set
2025-04-27 15:16:22,144 - INFO - Successfully optimized KueFx-Arrows_01_standard.set -> KueFx-Arrows_01_otp.set
2025-04-27 15:16:22,145 - INFO - Successfully optimized KueFx-Baseline-EA_01_standard.set -> KueFx-Baseline-EA_01_otp.set
2025-04-27 15:16:22,147 - INFO - Successfully optimized KueFx-Baseline_01_standard.set -> KueFx-Baseline_01_otp.set
2025-04-27 15:16:22,149 - INFO - Successfully optimized KueFx-Clean-2025-EA_01_standard.set -> KueFx-Clean-2025-EA_01_otp.set
2025-04-27 15:16:22,151 - INFO - Successfully optimized KueFx-Extreme-EA_01_standard.set -> KueFx-Extreme-EA_01_otp.set
2025-04-27 15:16:22,153 - INFO - Successfully optimized KueFx-Harare-EA_01_standard.set -> KueFx-Harare-EA_01_otp.set
2025-04-27 15:16:22,156 - INFO - Successfully optimized KueFX-Money-Management_01_standard.set -> KueFX-Money-Management_01_otp.set
2025-04-27 15:16:22,158 - INFO - Successfully optimized KueFx-Motor-EA_01_standard.set -> KueFx-Motor-EA_01_otp.set
2025-04-27 15:16:22,161 - INFO - Successfully optimized KueFx-Motor_01_standard.set -> KueFx-Motor_01_otp.set
2025-04-27 15:16:22,163 - INFO - Successfully optimized KueFx-Trend_01_standard.set -> KueFx-Trend_01_otp.set
2025-04-27 15:16:22,165 - INFO - Successfully optimized KueFxTrend-20EA_01_standard.set -> KueFxTrend-20EA_01_otp.set
2025-04-27 15:16:22,167 - INFO - Successfully optimized KueFxTrend-EA_01_standard.set -> KueFxTrend-EA_01_otp.set
2025-04-27 15:16:22,169 - INFO - Successfully optimized LarryConnersRSI2_01_standard.set -> LarryConnersRSI2_01_otp.set
2025-04-27 15:16:22,171 - INFO - Successfully optimized Last-ZZ50_01_standard.set -> Last-ZZ50_01_otp.set
2025-04-27 15:16:22,173 - INFO - Successfully optimized Lavika100_01_standard.set -> Lavika100_01_otp.set
2025-04-27 15:16:22,174 - INFO - Successfully optimized LBS_01_standard.set -> LBS_01_otp.set
2025-04-27 15:16:22,176 - INFO - Successfully optimized Lego-EA_01_standard.set -> Lego-EA_01_otp.set
2025-04-27 15:16:22,178 - INFO - Successfully optimized Lesson-3-Price-Action_01_standard.set -> Lesson-3-Price-Action_01_otp.set
2025-04-27 15:16:22,179 - INFO - Successfully optimized Lesson-4-Price-Action-MA-Filter_01_standard.set -> Lesson-4-Price-Action-MA-Filter_01_otp.set
2025-04-27 15:16:22,181 - INFO - Successfully optimized Lesson-6-Trailling-ATR_01_standard.set -> Lesson-6-Trailling-ATR_01_otp.set
2025-04-27 15:16:22,183 - INFO - Successfully optimized Lesson-7-Price-action-Ket-hop-Volume-VSA_01_standard.set -> Lesson-7-Price-action-Ket-hop-Volume-VSA_01_otp.set
2025-04-27 15:16:22,185 - INFO - Successfully optimized Little-EA_01_standard.set -> Little-EA_01_otp.set
2025-04-27 15:16:22,186 - INFO - Successfully optimized Locker_01_standard.set -> Locker_01_otp.set
2025-04-27 15:16:22,188 - INFO - Successfully optimized Lock_01_standard.set -> Lock_01_otp.set
2025-04-27 15:16:22,190 - INFO - Successfully optimized Lucky_01_standard.set -> Lucky_01_otp.set
2025-04-27 15:16:22,191 - INFO - Successfully optimized MA-20Alert_01_standard.set -> MA-20Alert_01_otp.set
2025-04-27 15:16:22,193 - INFO - Successfully optimized MA-20AO-20Arrow_01_standard.set -> MA-20AO-20Arrow_01_otp.set
2025-04-27 15:16:22,195 - INFO - Successfully optimized MA-AO-EA_01_standard.set -> MA-AO-EA_01_otp.set
2025-04-27 15:16:22,196 - INFO - Successfully optimized ma-channels_01_standard.set -> ma-channels_01_otp.set
2025-04-27 15:16:22,198 - INFO - Successfully optimized MA-Cross_01_standard.set -> MA-Cross_01_otp.set
2025-04-27 15:16:22,200 - INFO - Successfully optimized MA-Envelopes_01_standard.set -> MA-Envelopes_01_otp.set
2025-04-27 15:16:22,201 - INFO - Successfully optimized MA-MACD-Position-averaging_01_standard.set -> MA-MACD-Position-averaging_01_otp.set
2025-04-27 15:16:22,203 - INFO - Successfully optimized MA-Trend_01_standard.set -> MA-Trend_01_otp.set
2025-04-27 15:16:22,205 - INFO - Successfully optimized MA2CCI_01_standard.set -> MA2CCI_01_otp.set
2025-04-27 15:16:22,206 - INFO - Successfully optimized MACD-and-SAR_01_standard.set -> MACD-and-SAR_01_otp.set
2025-04-27 15:16:22,208 - INFO - Successfully optimized MACD-Cleaner_01_standard.set -> MACD-Cleaner_01_otp.set
2025-04-27 15:16:22,210 - INFO - Successfully optimized MACD-EA-H4_01_standard.set -> MACD-EA-H4_01_otp.set
2025-04-27 15:16:22,212 - INFO - Successfully optimized MACD-No-Sample_01_standard.set -> MACD-No-Sample_01_otp.set
2025-04-27 15:16:22,213 - INFO - Successfully optimized MACD-signal_01_standard.set -> MACD-signal_01_otp.set
2025-04-27 15:16:22,215 - INFO - Successfully optimized MACD-Stochastic-2_01_standard.set -> MACD-Stochastic-2_01_otp.set
2025-04-27 15:16:22,217 - INFO - Successfully optimized MACD-Stochastic_01_standard.set -> MACD-Stochastic_01_otp.set
2025-04-27 15:16:22,219 - INFO - Successfully optimized MACDCCI_01_standard.set -> MACDCCI_01_otp.set
2025-04-27 15:16:22,221 - INFO - Successfully optimized MacdPatternTraderAll0.01_01_standard.set -> MacdPatternTraderAll0.01_01_otp.set
2025-04-27 15:16:22,222 - INFO - Successfully optimized MacdPatternTraderAll_01_standard.set -> MacdPatternTraderAll_01_otp.set
2025-04-27 15:16:22,224 - INFO - Successfully optimized MACD_01_standard.set -> MACD_01_otp.set
2025-04-27 15:16:22,226 - INFO - Successfully optimized MAGrid_01_standard.set -> MAGrid_01_otp.set
2025-04-27 15:16:22,227 - INFO - Successfully optimized MAMACD_01_standard.set -> MAMACD_01_otp.set
2025-04-27 15:16:22,229 - INFO - Successfully optimized Market-Capture_01_standard.set -> Market-Capture_01_otp.set
2025-04-27 15:16:22,231 - INFO - Successfully optimized Martin-1_01_standard.set -> Martin-1_01_otp.set
2025-04-27 15:16:22,233 - INFO - Successfully optimized Martin-for-small-deposits_01_standard.set -> Martin-for-small-deposits_01_otp.set
2025-04-27 15:16:22,234 - INFO - Successfully optimized MartingailExpert_01_standard.set -> MartingailExpert_01_otp.set
2025-04-27 15:16:22,236 - INFO - Successfully optimized MartinGaleBreakout_01_standard.set -> MartinGaleBreakout_01_otp.set
2025-04-27 15:16:22,238 - INFO - Successfully optimized Martin_01_standard.set -> Martin_01_otp.set
2025-04-27 15:16:22,240 - INFO - Successfully optimized Marubozu-EA_01_standard.set -> Marubozu-EA_01_otp.set
2025-04-27 15:16:22,242 - INFO - Successfully optimized Marubozu_01_standard.set -> Marubozu_01_otp.set
2025-04-27 15:16:22,244 - INFO - Successfully optimized MelBar-EuSwiss-1.85_01_standard.set -> MelBar-EuSwiss-1.85_01_otp.set
2025-04-27 15:16:22,246 - INFO - Successfully optimized MelBar™Take325-™-5.5Y-NZD-USD_01_standard.set -> MelBar™Take325-™-5.5Y-NZD-USD_01_otp.set
2025-04-27 15:16:22,248 - INFO - Successfully optimized Mobo-Bands-EA_01_standard.set -> Mobo-Bands-EA_01_otp.set
2025-04-27 15:16:22,250 - INFO - Successfully optimized Mobo-Bands_01_standard.set -> Mobo-Bands_01_otp.set
2025-04-27 15:16:22,252 - INFO - Successfully optimized Modified-Moving-Averages_01_standard.set -> Modified-Moving-Averages_01_otp.set
2025-04-27 15:16:22,254 - INFO - Successfully optimized Momentum-M15_01_standard.set -> Momentum-M15_01_otp.set
2025-04-27 15:16:22,255 - INFO - Successfully optimized Momo-trades_01_standard.set -> Momo-trades_01_otp.set
2025-04-27 15:16:22,257 - INFO - Successfully optimized Money-Fixed-Margin_01_standard.set -> Money-Fixed-Margin_01_otp.set
2025-04-27 15:16:22,259 - INFO - Successfully optimized Money-Fixed-Risk_01_standard.set -> Money-Fixed-Risk_01_otp.set
2025-04-27 15:16:22,261 - INFO - Successfully optimized MoneyRain_01_standard.set -> MoneyRain_01_otp.set
2025-04-27 15:16:22,262 - INFO - Successfully optimized Morning-evening-star-EA_01_standard.set -> Morning-evening-star-EA_01_otp.set
2025-04-27 15:16:22,264 - INFO - Successfully optimized MostasHaR15-Pivot_01_standard.set -> MostasHaR15-Pivot_01_otp.set
2025-04-27 15:16:22,266 - INFO - Successfully optimized Moving-20average-20and-20ichimoku-20EA_01_standard.set -> Moving-20average-20and-20ichimoku-20EA_01_otp.set
2025-04-27 15:16:22,267 - INFO - Successfully optimized Moving-Average-Trade-System_01_standard.set -> Moving-Average-Trade-System_01_otp.set
2025-04-27 15:16:22,269 - INFO - Successfully optimized Moving-Averages_01_standard.set -> Moving-Averages_01_otp.set
2025-04-27 15:16:22,271 - INFO - Successfully optimized MovingAverageMartinGale_01_standard.set -> MovingAverageMartinGale_01_otp.set
2025-04-27 15:16:22,272 - INFO - Successfully optimized MovingAverage_01_standard.set -> MovingAverage_01_otp.set
2025-04-27 15:16:22,274 - INFO - Successfully optimized MQL5-Wizard-MA-RSI_01_standard.set -> MQL5-Wizard-MA-RSI_01_otp.set
2025-04-27 15:16:22,276 - INFO - Successfully optimized MQL5-Wizard-MACD-Parabolic-SAR_01_standard.set -> MQL5-Wizard-MACD-Parabolic-SAR_01_otp.set
2025-04-27 15:16:22,277 - INFO - Successfully optimized MTC-Сombo_01_standard.set -> MTC-Сombo_01_otp.set
2025-04-27 15:16:22,279 - INFO - Successfully optimized Multi-Stochastic_01_standard.set -> Multi-Stochastic_01_otp.set
2025-04-27 15:16:22,281 - INFO - Successfully optimized MultiMartin_01_standard.set -> MultiMartin_01_otp.set
2025-04-27 15:16:22,283 - INFO - Successfully optimized MySystem_01_standard.set -> MySystem_01_otp.set
2025-04-27 15:16:22,284 - INFO - Successfully optimized N-Candles_01_standard.set -> N-Candles_01_otp.set
2025-04-27 15:16:22,286 - INFO - Successfully optimized Nevalyashka-BreakdownLevel_01_standard.set -> Nevalyashka-BreakdownLevel_01_otp.set
2025-04-27 15:16:22,287 - INFO - Successfully optimized Nevalyashka3-1_01_standard.set -> Nevalyashka3-1_01_otp.set
2025-04-27 15:16:22,289 - INFO - Successfully optimized Nevalyashka_01_standard.set -> Nevalyashka_01_otp.set
2025-04-27 15:16:22,291 - INFO - Successfully optimized New-Martin_01_standard.set -> New-Martin_01_otp.set
2025-04-27 15:16:22,292 - INFO - Successfully optimized New-Random_01_standard.set -> New-Random_01_otp.set
2025-04-27 15:16:22,294 - INFO - Successfully optimized Nextbar_01_standard.set -> Nextbar_01_otp.set
2025-04-27 15:16:22,295 - INFO - Successfully optimized Night-Flat-Trade_01_standard.set -> Night-Flat-Trade_01_otp.set
2025-04-27 15:16:22,297 - INFO - Successfully optimized NightScalper_01_standard.set -> NightScalper_01_otp.set
2025-04-27 15:16:22,299 - INFO - Successfully optimized NRTR-Revers_01_standard.set -> NRTR-Revers_01_otp.set
2025-04-27 15:16:22,300 - INFO - Successfully optimized NUp1Down_01_standard.set -> NUp1Down_01_otp.set
2025-04-27 15:16:22,302 - INFO - Successfully optimized Open-Candle-EA_01_standard.set -> Open-Candle-EA_01_otp.set
2025-04-27 15:16:22,304 - INFO - Successfully optimized Open-Close_01_standard.set -> Open-Close_01_otp.set
2025-04-27 15:16:22,310 - INFO - Successfully optimized Opening-and-ilosing-on-time_01_standard.set -> Opening-and-ilosing-on-time_01_otp.set
2025-04-27 15:16:22,312 - INFO - Successfully optimized Opening-and-Сlosing-on-time_01_standard.set -> Opening-and-Сlosing-on-time_01_otp.set
2025-04-27 15:16:22,315 - INFO - Successfully optimized OpenPendingorderAfterPositionGetStopLoss_01_standard.set -> OpenPendingorderAfterPositionGetStopLoss_01_otp.set
2025-04-27 15:16:22,317 - INFO - Successfully optimized OpenTicks_01_standard.set -> OpenTicks_01_otp.set
2025-04-27 15:16:22,319 - INFO - Successfully optimized ORB-EA-BOX_01_standard.set -> ORB-EA-BOX_01_otp.set
2025-04-27 15:16:22,320 - INFO - Successfully optimized OsMaSter_01_standard.set -> OsMaSter_01_otp.set
2025-04-27 15:16:22,322 - INFO - Successfully optimized OTT-20AND-20PRICE-20CROSS-20EA_01_standard.set -> OTT-20AND-20PRICE-20CROSS-20EA_01_otp.set
2025-04-27 15:16:22,323 - INFO - Successfully optimized OverHedge_01_standard.set -> OverHedge_01_otp.set
2025-04-27 15:16:22,325 - INFO - Successfully optimized OzFx_01_standard.set -> OzFx_01_otp.set
2025-04-27 15:16:22,326 - INFO - Successfully optimized Parabolic-SAR_01_standard.set -> Parabolic-SAR_01_otp.set
2025-04-27 15:16:22,328 - INFO - Successfully optimized PARSI-EA_01_standard.set -> PARSI-EA_01_otp.set
2025-04-27 15:16:22,330 - INFO - Successfully optimized Peceptron-Mult_01_standard.set -> Peceptron-Mult_01_otp.set
2025-04-27 15:16:22,331 - INFO - Successfully optimized Pending-orders-by-time-2_01_standard.set -> Pending-orders-by-time-2_01_otp.set
2025-04-27 15:16:22,333 - INFO - Successfully optimized Pending-orders-by-time_01_standard.set -> Pending-orders-by-time_01_otp.set
2025-04-27 15:16:22,335 - INFO - Successfully optimized Pendulum_01_standard.set -> Pendulum_01_otp.set
2025-04-27 15:16:22,336 - INFO - Successfully optimized Pinball-machine_01_standard.set -> Pinball-machine_01_otp.set
2025-04-27 15:16:22,339 - INFO - Successfully optimized Pinbar-Magic-EA_01_standard.set -> Pinbar-Magic-EA_01_otp.set
2025-04-27 15:16:22,340 - INFO - Successfully optimized PinBar-Magic-Indicator_01_standard.set -> PinBar-Magic-Indicator_01_otp.set
2025-04-27 15:16:22,342 - INFO - Successfully optimized Pipsover_01_standard.set -> Pipsover_01_otp.set
2025-04-27 15:16:22,344 - INFO - Successfully optimized Plan-X_01_standard.set -> Plan-X_01_otp.set
2025-04-27 15:16:22,346 - INFO - Successfully optimized Plateau_01_standard.set -> Plateau_01_otp.set
2025-04-27 15:16:22,348 - INFO - Successfully optimized Poker-SHOW_01_standard.set -> Poker-SHOW_01_otp.set
2025-04-27 15:16:22,349 - INFO - Successfully optimized Precipice-MartIn_01_standard.set -> Precipice-MartIn_01_otp.set
2025-04-27 15:16:22,351 - INFO - Successfully optimized Precipice_01_standard.set -> Precipice_01_otp.set
2025-04-27 15:16:22,352 - INFO - Successfully optimized Probe_01_standard.set -> Probe_01_otp.set
2025-04-27 15:16:22,354 - INFO - Successfully optimized Proffessor_01_standard.set -> Proffessor_01_otp.set
2025-04-27 15:16:22,356 - INFO - Successfully optimized PropFirmHelper_01_standard.set -> PropFirmHelper_01_otp.set
2025-04-27 15:16:22,357 - INFO - Successfully optimized PROphet_01_standard.set -> PROphet_01_otp.set
2025-04-27 15:16:22,359 - INFO - Successfully optimized Puria-method_01_standard.set -> Puria-method_01_otp.set
2025-04-27 15:16:22,361 - INFO - Successfully optimized Rabbit3_01_standard.set -> Rabbit3_01_otp.set
2025-04-27 15:16:22,362 - INFO - Successfully optimized Range-Breakout_01_standard.set -> Range-Breakout_01_otp.set
2025-04-27 15:16:22,364 - INFO - Successfully optimized Rapid-Doji-EA_01_standard.set -> Rapid-Doji-EA_01_otp.set
2025-04-27 15:16:22,366 - INFO - Successfully optimized Raymond-Cloudy-Day-for-EA_01_standard.set -> Raymond-Cloudy-Day-for-EA_01_otp.set
2025-04-27 15:16:22,368 - INFO - Successfully optimized Reflex-EA_01_standard.set -> Reflex-EA_01_otp.set
2025-04-27 15:16:22,369 - INFO - Successfully optimized REFLEX-INDICATOR_01_standard.set -> REFLEX-INDICATOR_01_otp.set
2025-04-27 15:16:22,371 - INFO - Successfully optimized Reflex_01_standard.set -> Reflex_01_otp.set
2025-04-27 15:16:22,372 - INFO - Successfully optimized Reversing-Martingale_01_standard.set -> Reversing-Martingale_01_otp.set
2025-04-27 15:16:22,374 - INFO - Successfully optimized RideAlligator_01_standard.set -> RideAlligator_01_otp.set
2025-04-27 15:16:22,375 - INFO - Successfully optimized RNN_01_standard.set -> RNN_01_otp.set
2025-04-27 15:16:22,377 - INFO - Successfully optimized Robot-MACD_01_standard.set -> Robot-MACD_01_otp.set
2025-04-27 15:16:22,378 - INFO - Successfully optimized RobotPowerM5-meta4_01_standard.set -> RobotPowerM5-meta4_01_otp.set
2025-04-27 15:16:22,380 - INFO - Successfully optimized Rollback-system_01_standard.set -> Rollback-system_01_otp.set
2025-04-27 15:16:22,381 - INFO - Successfully optimized RSI-and-Bollinger-Bands_01_standard.set -> RSI-and-Bollinger-Bands_01_otp.set
2025-04-27 15:16:22,383 - INFO - Successfully optimized RSI-Arrow-EA_01_standard.set -> RSI-Arrow-EA_01_otp.set
2025-04-27 15:16:22,385 - INFO - Successfully optimized RSI-Arrow_01_standard.set -> RSI-Arrow_01_otp.set
2025-04-27 15:16:22,386 - INFO - Successfully optimized RSI-EA_01_standard.set -> RSI-EA_01_otp.set
2025-04-27 15:16:22,388 - INFO - Successfully optimized RSI-Eraser_01_standard.set -> RSI-Eraser_01_otp.set
2025-04-27 15:16:22,389 - INFO - Successfully optimized RSI-Expert_01_standard.set -> RSI-Expert_01_otp.set
2025-04-27 15:16:22,391 - INFO - Successfully optimized RSI-Levels_01_standard.set -> RSI-Levels_01_otp.set
2025-04-27 15:16:22,393 - INFO - Successfully optimized RSI-trader_01_standard.set -> RSI-trader_01_otp.set
2025-04-27 15:16:22,394 - INFO - Successfully optimized RSI-Trend-EA_01_standard.set -> RSI-Trend-EA_01_otp.set
2025-04-27 15:16:22,396 - INFO - Successfully optimized RSI-Trend_01_standard.set -> RSI-Trend_01_otp.set
2025-04-27 15:16:22,397 - INFO - Successfully optimized RSI-with-channels-EA_01_standard.set -> RSI-with-channels-EA_01_otp.set
2025-04-27 15:16:22,399 - INFO - Successfully optimized RSI-with-channels_01_standard.set -> RSI-with-channels_01_otp.set
2025-04-27 15:16:22,401 - INFO - Successfully optimized Russian20-hp1_01_standard.set -> Russian20-hp1_01_otp.set
2025-04-27 15:16:22,402 - INFO - Successfully optimized SampleCheckPendingOrder_01_standard.set -> SampleCheckPendingOrder_01_otp.set
2025-04-27 15:16:22,404 - INFO - Successfully optimized SAR-trading_01_standard.set -> SAR-trading_01_otp.set
2025-04-27 15:16:22,406 - INFO - Successfully optimized Secwenta_01_standard.set -> Secwenta_01_otp.set
2025-04-27 15:16:22,407 - INFO - Successfully optimized Sell-Stop_01_standard.set -> Sell-Stop_01_otp.set
2025-04-27 15:16:22,409 - INFO - Successfully optimized Sensitive_01_standard.set -> Sensitive_01_otp.set
2025-04-27 15:16:22,411 - INFO - Successfully optimized Separate-trade_01_standard.set -> Separate-trade_01_otp.set
2025-04-27 15:16:22,413 - INFO - Successfully optimized SilverTrend_01_standard.set -> SilverTrend_01_otp.set
2025-04-27 15:16:22,414 - INFO - Successfully optimized Simple-20Price-20Alert-20-20EA_01_standard.set -> Simple-20Price-20Alert-20-20EA_01_otp.set
2025-04-27 15:16:22,416 - INFO - Successfully optimized Simple-20Volume-20EA_01_standard.set -> Simple-20Volume-20EA_01_otp.set
2025-04-27 15:16:22,418 - INFO - Successfully optimized Simple-EA-MA-plus-MACD_01_standard.set -> Simple-EA-MA-plus-MACD_01_otp.set
2025-04-27 15:16:22,420 - INFO - Successfully optimized Simple-FX_01_standard.set -> Simple-FX_01_otp.set
2025-04-27 15:16:22,422 - INFO - Successfully optimized Simple-MACD_01_standard.set -> Simple-MACD_01_otp.set
2025-04-27 15:16:22,424 - INFO - Successfully optimized Simple-Volume-EA_01_standard.set -> Simple-Volume-EA_01_otp.set
2025-04-27 15:16:22,426 - INFO - Successfully optimized SimplePivot_01_standard.set -> SimplePivot_01_otp.set
2025-04-27 15:16:22,428 - INFO - Successfully optimized Simplest-Hedging-EA-ever_01_standard.set -> Simplest-Hedging-EA-ever_01_otp.set
2025-04-27 15:16:22,429 - INFO - Successfully optimized SimpleTrade _01_standard.set -> SimpleTrade _01_otp.set
2025-04-27 15:16:22,431 - INFO - Successfully optimized Six-Soldiers-EA-Grid_01_standard.set -> Six-Soldiers-EA-Grid_01_otp.set
2025-04-27 15:16:22,433 - INFO - Successfully optimized Six-Soldiers-EA_01_standard.set -> Six-Soldiers-EA_01_otp.set
2025-04-27 15:16:22,435 - INFO - Successfully optimized Six-Soldiers_01_standard.set -> Six-Soldiers_01_otp.set
2025-04-27 15:16:22,436 - INFO - Successfully optimized Small-Inside-Bar-Strategy_01_standard.set -> Small-Inside-Bar-Strategy_01_otp.set
2025-04-27 15:16:22,438 - INFO - Successfully optimized Smart-Machine-20EA_01_standard.set -> Smart-Machine-20EA_01_otp.set
2025-04-27 15:16:22,440 - INFO - Successfully optimized Smoothing-Average_01_standard.set -> Smoothing-Average_01_otp.set
2025-04-27 15:16:22,442 - INFO - Successfully optimized Spasm_01_standard.set -> Spasm_01_otp.set
2025-04-27 15:16:22,443 - INFO - Successfully optimized ssb5-123_01_standard.set -> ssb5-123_01_otp.set
2025-04-27 15:16:22,446 - INFO - Successfully optimized Starter_01_standard.set -> Starter_01_otp.set
2025-04-27 15:16:22,448 - INFO - Successfully optimized Steve-Cartwright-Trader-Camel-CCI-MACD_01_standard.set -> Steve-Cartwright-Trader-Camel-CCI-MACD_01_otp.set
2025-04-27 15:16:22,449 - INFO - Successfully optimized Stoch-EA-1192_01_standard.set -> Stoch-EA-1192_01_otp.set
2025-04-27 15:16:22,451 - INFO - Successfully optimized Stochastic-20Alert_01_standard.set -> Stochastic-20Alert_01_otp.set
2025-04-27 15:16:22,453 - INFO - Successfully optimized Stochastic-K-Divergence.lua_01_standard.set -> Stochastic-K-Divergence.lua_01_otp.set
2025-04-27 15:16:22,455 - INFO - Successfully optimized stochastic-three-periods_01_standard.set -> stochastic-three-periods_01_otp.set
2025-04-27 15:16:22,457 - INFO - Successfully optimized StochasticDiffSign-EA_01_standard.set -> StochasticDiffSign-EA_01_otp.set
2025-04-27 15:16:22,459 - INFO - Successfully optimized stochasticdiffsign_01_standard.set -> stochasticdiffsign_01_otp.set
2025-04-27 15:16:22,462 - INFO - Successfully optimized StochMA-EA_01_standard.set -> StochMA-EA_01_otp.set
2025-04-27 15:16:22,463 - INFO - Successfully optimized StochMA_01_standard.set -> StochMA_01_otp.set
2025-04-27 15:16:22,465 - INFO - Successfully optimized Stoch_01_standard.set -> Stoch_01_otp.set
2025-04-27 15:16:22,468 - INFO - Successfully optimized Stop-Loss-Take-Profit_01_standard.set -> Stop-Loss-Take-Profit_01_otp.set
2025-04-27 15:16:22,470 - INFO - Successfully optimized StraddleqTrail_01_standard.set -> StraddleqTrail_01_otp.set
2025-04-27 15:16:22,472 - INFO - Successfully optimized Surefirething_01_standard.set -> Surefirething_01_otp.set
2025-04-27 15:16:22,474 - INFO - Successfully optimized TDSGlobal_01_standard.set -> TDSGlobal_01_otp.set
2025-04-27 15:16:22,476 - INFO - Successfully optimized The-MasterMind-2_01_standard.set -> The-MasterMind-2_01_otp.set
2025-04-27 15:16:22,477 - INFO - Successfully optimized The-MasterMind-3_01_standard.set -> The-MasterMind-3_01_otp.set
2025-04-27 15:16:22,479 - INFO - Successfully optimized The-MasterMind_01_standard.set -> The-MasterMind_01_otp.set
2025-04-27 15:16:22,481 - INFO - Successfully optimized The-Puncher_01_standard.set -> The-Puncher_01_otp.set
2025-04-27 15:16:22,483 - INFO - Successfully optimized TheClassicTurtleTrader-no-dots-EA_01_standard.set -> TheClassicTurtleTrader-no-dots-EA_01_otp.set
2025-04-27 15:16:22,485 - INFO - Successfully optimized TheClassicTurtleTrader-no-dots_01_standard.set -> TheClassicTurtleTrader-no-dots_01_otp.set
2025-04-27 15:16:22,486 - INFO - Successfully optimized Three-indicators_01_standard.set -> Three-indicators_01_otp.set
2025-04-27 15:16:22,488 - INFO - Successfully optimized Three-neural-networks_01_standard.set -> Three-neural-networks_01_otp.set
2025-04-27 15:16:22,491 - INFO - Successfully optimized Three-timeframes_01_standard.set -> Three-timeframes_01_otp.set
2025-04-27 15:16:22,493 - INFO - Successfully optimized Three-Typical-Candles_01_standard.set -> Three-Typical-Candles_01_otp.set
2025-04-27 15:16:22,495 - INFO - Successfully optimized Time-sync-forts_01_standard.set -> Time-sync-forts_01_otp.set
2025-04-27 15:16:22,497 - INFO - Successfully optimized timer-trade_01_standard.set -> timer-trade_01_otp.set
2025-04-27 15:16:22,499 - INFO - Successfully optimized TMA-ATR-Channel_01_standard.set -> TMA-ATR-Channel_01_otp.set
2025-04-27 15:16:22,501 - INFO - Successfully optimized TMA-ATR-EA_01_standard.set -> TMA-ATR-EA_01_otp.set
2025-04-27 15:16:22,503 - INFO - Successfully optimized TMA-CG-EA_01_standard.set -> TMA-CG-EA_01_otp.set
2025-04-27 15:16:22,506 - INFO - Successfully optimized TMA-CG-Martingale-20EA_01_standard.set -> TMA-CG-Martingale-20EA_01_otp.set
2025-04-27 15:16:22,508 - INFO - Successfully optimized TMA-CG-mladen_01_standard.set -> TMA-CG-mladen_01_otp.set
2025-04-27 15:16:22,510 - INFO - Successfully optimized TMA-CG-special_01_standard.set -> TMA-CG-special_01_otp.set
2025-04-27 15:16:22,511 - INFO - Successfully optimized TMA-slope-bands_01_standard.set -> TMA-slope-bands_01_otp.set
2025-04-27 15:16:22,513 - INFO - Successfully optimized TmaTrue-2.0-with-Distances-6xx_01_standard.set -> TmaTrue-2.0-with-Distances-6xx_01_otp.set
2025-04-27 15:16:22,515 - INFO - Successfully optimized TmaTrue-3.0-with-Distances-6xx_01_standard.set -> TmaTrue-3.0-with-Distances-6xx_01_otp.set
2025-04-27 15:16:22,517 - INFO - Successfully optimized TP-with-money_01_standard.set -> TP-with-money_01_otp.set
2025-04-27 15:16:22,519 - INFO - Successfully optimized Trade-in-Channel_01_standard.set -> Trade-in-Channel_01_otp.set
2025-04-27 15:16:22,520 - INFO - Successfully optimized Trade-on-qualified-RSI_01_standard.set -> Trade-on-qualified-RSI_01_otp.set
2025-04-27 15:16:22,522 - INFO - Successfully optimized Trading-Breakout-MrThanhTan_01_standard.set -> Trading-Breakout-MrThanhTan_01_otp.set
2025-04-27 15:16:22,524 - INFO - Successfully optimized Trend-Trader-Strategy-EA_01_standard.set -> Trend-Trader-Strategy-EA_01_otp.set
2025-04-27 15:16:22,526 - INFO - Successfully optimized Trend-Trader-Strategy_01_standard.set -> Trend-Trader-Strategy_01_otp.set
2025-04-27 15:16:22,529 - INFO - Successfully optimized Tru-EA_01_standard.set -> Tru-EA_01_otp.set
2025-04-27 15:16:22,531 - INFO - Successfully optimized True-Scalper-Profit-Lock_01_standard.set -> True-Scalper-Profit-Lock_01_otp.set
2025-04-27 15:16:22,533 - INFO - Successfully optimized TrueSort-1100_01_standard.set -> TrueSort-1100_01_otp.set
2025-04-27 15:16:22,534 - INFO - Successfully optimized Tunnel-gen4_01_standard.set -> Tunnel-gen4_01_otp.set
2025-04-27 15:16:22,537 - INFO - Successfully optimized Tunnel-Method_01_standard.set -> Tunnel-Method_01_otp.set
2025-04-27 15:16:22,539 - INFO - Successfully optimized TurnGrid_01_standard.set -> TurnGrid_01_otp.set
2025-04-27 15:16:22,540 - INFO - Successfully optimized Two PerBar _01_standard.set -> Two PerBar _01_otp.set
2025-04-27 15:16:22,542 - INFO - Successfully optimized Two-20MA-20RSI-20ADX-20EA_01_standard.set -> Two-20MA-20RSI-20ADX-20EA_01_otp.set
2025-04-27 15:16:22,544 - INFO - Successfully optimized Two-20Orders-20Panel_01_standard.set -> Two-20Orders-20Panel_01_otp.set
2025-04-27 15:16:22,547 - INFO - Successfully optimized Two-pending-orders-2_01_standard.set -> Two-pending-orders-2_01_otp.set
2025-04-27 15:16:22,548 - INFO - Successfully optimized UnityPro_01_standard.set -> UnityPro_01_otp.set
2025-04-27 15:16:22,551 - INFO - Successfully optimized UniversalMACrossEA_01_standard.set -> UniversalMACrossEA_01_otp.set
2025-04-27 15:16:22,553 - INFO - Successfully optimized UniversalSignalDemo_01_standard.set -> UniversalSignalDemo_01_otp.set
2025-04-27 15:16:22,554 - INFO - Successfully optimized Universum-3.0_01_standard.set -> Universum-3.0_01_otp.set
2025-04-27 15:16:22,559 - INFO - Successfully optimized UnNomGuai-20EA_01_standard.set -> UnNomGuai-20EA_01_otp.set
2025-04-27 15:16:22,561 - INFO - Successfully optimized up3x1-Investor_01_standard.set -> up3x1-Investor_01_otp.set
2025-04-27 15:16:22,563 - INFO - Successfully optimized up3x1-premium-M_01_standard.set -> up3x1-premium-M_01_otp.set
2025-04-27 15:16:22,565 - INFO - Successfully optimized up3x1_01_standard.set -> up3x1_01_otp.set
2025-04-27 15:16:22,567 - INFO - Successfully optimized Urdala-Trol_01_standard.set -> Urdala-Trol_01_otp.set
2025-04-27 15:16:22,568 - INFO - Successfully optimized Very-Blonde-System_01_standard.set -> Very-Blonde-System_01_otp.set
2025-04-27 15:16:22,570 - INFO - Successfully optimized Virtual-Trailing-Stop_01_standard.set -> Virtual-Trailing-Stop_01_otp.set
2025-04-27 15:16:22,571 - INFO - Successfully optimized VLT-TRADER_01_standard.set -> VLT-TRADER_01_otp.set
2025-04-27 15:16:22,573 - INFO - Successfully optimized Volume-trader_01_standard.set -> Volume-trader_01_otp.set
2025-04-27 15:16:22,575 - INFO - Successfully optimized Vortex-Indicator-System_01_standard.set -> Vortex-Indicator-System_01_otp.set
2025-04-27 15:16:22,577 - INFO - Successfully optimized VR-Overturn_01_standard.set -> VR-Overturn_01_otp.set
2025-04-27 15:16:22,579 - INFO - Successfully optimized VR-ZVER-v.2_01_standard.set -> VR-ZVER-v.2_01_otp.set
2025-04-27 15:16:22,581 - INFO - Successfully optimized VR-ZVER_01_standard.set -> VR-ZVER_01_otp.set
2025-04-27 15:16:22,583 - INFO - Successfully optimized VZO_01_standard.set -> VZO_01_otp.set
2025-04-27 15:16:22,585 - INFO - Successfully optimized Waddah-Attar-Win_01_standard.set -> Waddah-Attar-Win_01_otp.set
2025-04-27 15:16:22,587 - INFO - Successfully optimized WE-TRUST_01_standard.set -> WE-TRUST_01_otp.set
2025-04-27 15:16:22,589 - INFO - Successfully optimized X-RSIOMA_01_standard.set -> X-RSIOMA_01_otp.set
2025-04-27 15:16:22,591 - INFO - Successfully optimized Yesterday-Today_01_standard.set -> Yesterday-Today_01_otp.set
2025-04-27 15:16:22,593 - INFO - Successfully optimized 10-pips-EURUSD_01_standard.set -> 10-pips-EURUSD_01_otp.set
2025-04-27 15:16:22,595 - INFO - Successfully optimized 10-pips_01_standard.set -> 10-pips_01_otp.set
2025-04-27 15:16:22,596 - INFO - Successfully optimized 1H-EUR-USD_01_standard.set -> 1H-EUR-USD_01_otp.set
2025-04-27 15:16:22,598 - INFO - Successfully optimized 20011201-GBPUSD-M1_01_standard.set -> 20011201-GBPUSD-M1_01_otp.set
2025-04-27 15:16:22,600 - INFO - Successfully optimized 21hour_01_standard.set -> 21hour_01_otp.set
2025-04-27 15:16:22,602 - INFO - Successfully optimized 2HR-HL_01_standard.set -> 2HR-HL_01_otp.set
2025-04-27 15:16:22,604 - INFO - Successfully optimized 2MA-4Level_01_standard.set -> 2MA-4Level_01_otp.set
2025-04-27 15:16:22,605 - INFO - Successfully optimized 2MA-Bunny-Cross_01_standard.set -> 2MA-Bunny-Cross_01_otp.set
2025-04-27 15:16:22,607 - INFO - Successfully optimized 3-bars-high-low-indicator_01_standard.set -> 3-bars-high-low-indicator_01_otp.set
2025-04-27 15:16:22,608 - INFO - Successfully optimized 35-Pip-Scalper_01_standard.set -> 35-Pip-Scalper_01_otp.set
2025-04-27 15:16:22,610 - INFO - Successfully optimized 3BarsHighLowEA_01_standard.set -> 3BarsHighLowEA_01_otp.set
2025-04-27 15:16:22,612 - INFO - Successfully optimized 3sma_01_standard.set -> 3sma_01_otp.set
2025-04-27 15:16:22,614 - INFO - Successfully optimized 500_01_standard.set -> 500_01_otp.set
2025-04-27 15:16:22,615 - INFO - Successfully optimized 55-MA_01_standard.set -> 55-MA_01_otp.set
2025-04-27 15:16:22,617 - INFO - Successfully optimized Above-Below-MA_01_standard.set -> Above-Below-MA_01_otp.set
2025-04-27 15:16:22,619 - INFO - Successfully optimized Absorption_01_standard.set -> Absorption_01_otp.set
2025-04-27 15:16:22,621 - INFO - Successfully optimized ADX-MACD-Deev_01_standard.set -> ADX-MACD-Deev_01_otp.set
2025-04-27 15:16:22,623 - INFO - Successfully optimized ADX-MA_01_standard.set -> ADX-MA_01_otp.set
2025-04-27 15:16:22,625 - INFO - Successfully optimized ADX-System_01_standard.set -> ADX-System_01_otp.set
2025-04-27 15:16:22,627 - INFO - Successfully optimized AIS1_01_standard.set -> AIS1_01_otp.set
2025-04-27 15:16:22,629 - INFO - Successfully optimized Alexav-D1-Profit-GBPUSD_01_standard.set -> Alexav-D1-Profit-GBPUSD_01_otp.set
2025-04-27 15:16:22,630 - INFO - Successfully optimized All-Average-Ea_01_standard.set -> All-Average-Ea_01_otp.set
2025-04-27 15:16:22,632 - INFO - Successfully optimized Alligator-Simple_01_standard.set -> Alligator-Simple_01_otp.set
2025-04-27 15:16:22,634 - INFO - Successfully optimized Alligator_01_standard.set -> Alligator_01_otp.set
2025-04-27 15:16:22,635 - INFO - Successfully optimized Altarius-RSI-Stohastic_01_standard.set -> Altarius-RSI-Stohastic_01_otp.set
2025-04-27 15:16:22,637 - INFO - Successfully optimized AMA-Trader-2_01_standard.set -> AMA-Trader-2_01_otp.set
2025-04-27 15:16:22,639 - INFO - Successfully optimized AMA-Trader_01_standard.set -> AMA-Trader_01_otp.set
2025-04-27 15:16:22,641 - INFO - Successfully optimized AO-Lightning_01_standard.set -> AO-Lightning_01_otp.set
2025-04-27 15:16:22,643 - INFO - Successfully optimized AOCCI_01_standard.set -> AOCCI_01_otp.set
2025-04-27 15:16:22,644 - INFO - Successfully optimized Arbitrage_01_standard.set -> Arbitrage_01_otp.set
2025-04-27 15:16:22,646 - INFO - Successfully optimized ArbSint_01_standard.set -> ArbSint_01_otp.set
2025-04-27 15:16:22,648 - INFO - Successfully optimized Area-MACD_01_standard.set -> Area-MACD_01_otp.set
2025-04-27 15:16:22,650 - INFO - Successfully optimized Artificial-Intelligence_01_standard.set -> Artificial-Intelligence_01_otp.set
2025-04-27 15:16:22,652 - INFO - Successfully optimized At-random-Full_01_standard.set -> At-random-Full_01_otp.set
2025-04-27 15:16:22,653 - INFO - Successfully optimized At-random_01_standard.set -> At-random_01_otp.set
2025-04-27 15:16:22,656 - INFO - Successfully optimized Auto-ADX_01_standard.set -> Auto-ADX_01_otp.set
2025-04-27 15:16:22,657 - INFO - Successfully optimized Auto-Pivot-Plotter-28Mid-Levels-29-41_01_standard.set -> Auto-Pivot-Plotter-28Mid-Levels-29-41_01_otp.set
2025-04-27 15:16:22,659 - INFO - Successfully optimized AutoLock-EA_01_standard.set -> AutoLock-EA_01_otp.set
2025-04-27 15:16:22,662 - INFO - Successfully optimized Autotrader-Momentum_01_standard.set -> Autotrader-Momentum_01_otp.set
2025-04-27 15:16:22,664 - INFO - Successfully optimized Avalanche-AV_01_standard.set -> Avalanche-AV_01_otp.set
2025-04-27 15:16:22,666 - INFO - Successfully optimized Backbone_01_standard.set -> Backbone_01_otp.set
2025-04-27 15:16:22,668 - INFO - Successfully optimized BADX_01_standard.set -> BADX_01_otp.set
2025-04-27 15:16:22,671 - INFO - Successfully optimized Bago-EA_01_standard.set -> Bago-EA_01_otp.set
2025-04-27 15:16:22,673 - INFO - Successfully optimized BalancedScalper-20EA_01_standard.set -> BalancedScalper-20EA_01_otp.set
2025-04-27 15:16:22,675 - INFO - Successfully optimized Bands-2_01_standard.set -> Bands-2_01_otp.set
2025-04-27 15:16:22,677 - INFO - Successfully optimized BARS-Alligator_01_standard.set -> BARS-Alligator_01_otp.set
2025-04-27 15:16:22,679 - INFO - Successfully optimized Basic-CCI-RSI_01_standard.set -> Basic-CCI-RSI_01_otp.set
2025-04-27 15:16:22,681 - INFO - Successfully optimized Basic-Martingale-EA-3_01_standard.set -> Basic-Martingale-EA-3_01_otp.set
2025-04-27 15:16:22,683 - INFO - Successfully optimized BBPercentile-EA_01_standard.set -> BBPercentile-EA_01_otp.set
2025-04-27 15:16:22,685 - INFO - Successfully optimized BBPercentile_01_standard.set -> BBPercentile_01_otp.set
2025-04-27 15:16:22,687 - INFO - Successfully optimized BDCrossOver-20EA_01_standard.set -> BDCrossOver-20EA_01_otp.set
2025-04-27 15:16:22,689 - INFO - Successfully optimized BIG-DOG_01_standard.set -> BIG-DOG_01_otp.set
2025-04-27 15:16:22,691 - INFO - Successfully optimized Bill-Williams_01_standard.set -> Bill-Williams_01_otp.set
2025-04-27 15:16:22,693 - INFO - Successfully optimized Bollinger-Band-Two-MA-and-Zig-Zag_01_standard.set -> Bollinger-Band-Two-MA-and-Zig-Zag_01_otp.set
2025-04-27 15:16:22,695 - INFO - Successfully optimized Bollinger-Bands-N-positions_01_standard.set -> Bollinger-Bands-N-positions_01_otp.set
2025-04-27 15:16:22,697 - INFO - Successfully optimized Bollinger-Bands-RSI_01_standard.set -> Bollinger-Bands-RSI_01_otp.set
2025-04-27 15:16:22,699 - INFO - Successfully optimized bollinger_01_standard.set -> bollinger_01_otp.set
2025-04-27 15:16:22,701 - INFO - Successfully optimized Brakeout-Trader_01_standard.set -> Brakeout-Trader_01_otp.set
2025-04-27 15:16:22,702 - INFO - Successfully optimized Brandy_01_standard.set -> Brandy_01_otp.set
2025-04-27 15:16:22,704 - INFO - Successfully optimized Breadandbutter2_01_standard.set -> Breadandbutter2_01_otp.set
2025-04-27 15:16:22,706 - INFO - Successfully optimized Breakdown-catcher_01_standard.set -> Breakdown-catcher_01_otp.set
2025-04-27 15:16:22,707 - INFO - Successfully optimized breakdown_01_standard.set -> breakdown_01_otp.set
2025-04-27 15:16:22,710 - INFO - Successfully optimized Breakout-Str_01_standard.set -> Breakout-Str_01_otp.set
2025-04-27 15:16:22,712 - INFO - Successfully optimized Bronze-Warrioir_01_standard.set -> Bronze-Warrioir_01_otp.set
2025-04-27 15:16:22,713 - INFO - Successfully optimized Bruno_01_standard.set -> Bruno_01_otp.set
2025-04-27 15:16:22,715 - INFO - Successfully optimized BSS-1-0_01_standard.set -> BSS-1-0_01_otp.set
2025-04-27 15:16:22,717 - INFO - Successfully optimized Bullish-and-Bearish-Engulfing_01_standard.set -> Bullish-and-Bearish-Engulfing_01_otp.set
2025-04-27 15:16:22,719 - INFO - Successfully optimized Burg-Extrapolator_01_standard.set -> Burg-Extrapolator_01_otp.set
2025-04-27 15:16:22,721 - INFO - Successfully optimized BykovTrend-EA_01_standard.set -> BykovTrend-EA_01_otp.set
2025-04-27 15:16:22,723 - INFO - Successfully optimized Calculate-lotsize-and-Trailling-stop_01_standard.set -> Calculate-lotsize-and-Trailling-stop_01_otp.set
2025-04-27 15:16:22,726 - INFO - Successfully optimized candlepatternsexample_01_standard.set -> candlepatternsexample_01_otp.set
2025-04-27 15:16:22,728 - INFO - Successfully optimized Candle_01_standard.set -> Candle_01_otp.set
2025-04-27 15:16:22,730 - INFO - Successfully optimized Carbophos_01_standard.set -> Carbophos_01_otp.set
2025-04-27 15:16:22,732 - INFO - Successfully optimized CashMachine-5min_01_standard.set -> CashMachine-5min_01_otp.set
2025-04-27 15:16:22,734 - INFO - Successfully optimized CCI-MACD-Scalper_01_standard.set -> CCI-MACD-Scalper_01_otp.set
2025-04-27 15:16:22,736 - INFO - Successfully optimized Cidomo_01_standard.set -> Cidomo_01_otp.set
2025-04-27 15:16:22,738 - INFO - Successfully optimized CloseAgent_01_standard.set -> CloseAgent_01_otp.set
2025-04-27 15:16:22,741 - INFO - Successfully optimized CloseProfit_01_standard.set -> CloseProfit_01_otp.set
2025-04-27 15:16:22,743 - INFO - Successfully optimized cloud's-trade-2_01_standard.set -> cloud's-trade-2_01_otp.set
2025-04-27 15:16:22,746 - INFO - Successfully optimized CLOUD_01_standard.set -> CLOUD_01_otp.set
2025-04-27 15:16:22,748 - INFO - Successfully optimized Constituents-EA_01_standard.set -> Constituents-EA_01_otp.set
2025-04-27 15:16:22,751 - INFO - Successfully optimized Contrarian-trade-MA_01_standard.set -> Contrarian-trade-MA_01_otp.set
2025-04-27 15:16:22,754 - INFO - Successfully optimized Crossing-Moving-Average_01_standard.set -> Crossing-Moving-Average_01_otp.set
2025-04-27 15:16:22,756 - INFO - Successfully optimized CrossMA_01_standard.set -> CrossMA_01_otp.set
2025-04-27 15:16:22,759 - INFO - Successfully optimized Currencyprofits-01.1_01_standard.set -> Currencyprofits-01.1_01_otp.set
2025-04-27 15:16:22,761 - INFO - Successfully optimized Daily-20reversal-20-20EA_01_standard.set -> Daily-20reversal-20-20EA_01_otp.set
2025-04-27 15:16:22,763 - INFO - Successfully optimized Daily-BreakPoint_01_standard.set -> Daily-BreakPoint_01_otp.set
2025-04-27 15:16:22,766 - INFO - Successfully optimized Daily-Open-EA_01_standard.set -> Daily-Open-EA_01_otp.set
2025-04-27 15:16:22,769 - INFO - Successfully optimized Daily-range_01_standard.set -> Daily-range_01_otp.set
2025-04-27 15:16:22,771 - INFO - Successfully optimized Day-Trading-PAMXA_01_standard.set -> Day-Trading-PAMXA_01_otp.set
2025-04-27 15:16:22,774 - INFO - Successfully optimized Daydream_01_standard.set -> Daydream_01_otp.set
2025-04-27 15:16:22,776 - INFO - Successfully optimized DayTrading_01_standard.set -> DayTrading_01_otp.set
2025-04-27 15:16:22,778 - INFO - Successfully optimized Dealers-Trade-v-7.74-MACD_01_standard.set -> Dealers-Trade-v-7.74-MACD_01_otp.set
2025-04-27 15:16:22,781 - INFO - Successfully optimized Deep-Drawdown-MA_01_standard.set -> Deep-Drawdown-MA_01_otp.set
2025-04-27 15:16:22,784 - INFO - Successfully optimized DeMarker-gaining-position-volume-2_01_standard.set -> DeMarker-gaining-position-volume-2_01_otp.set
2025-04-27 15:16:22,786 - INFO - Successfully optimized DeMarker-gaining-position-volume_01_standard.set -> DeMarker-gaining-position-volume_01_otp.set
2025-04-27 15:16:22,789 - INFO - Successfully optimized DeMarker-Pending-2-5_01_standard.set -> DeMarker-Pending-2-5_01_otp.set
2025-04-27 15:16:22,792 - INFO - Successfully optimized DeMarker-Pending-2_01_standard.set -> DeMarker-Pending-2_01_otp.set
2025-04-27 15:16:22,794 - INFO - Successfully optimized DeMarker-Pending_01_standard.set -> DeMarker-Pending_01_otp.set
2025-04-27 15:16:22,796 - INFO - Successfully optimized Dematus_01_standard.set -> Dematus_01_otp.set
2025-04-27 15:16:22,798 - INFO - Successfully optimized Divergence-20for-20many-20indicator_01_standard.set -> Divergence-20for-20many-20indicator_01_otp.set
2025-04-27 15:16:22,802 - INFO - Successfully optimized Divergence-EA_01_standard.set -> Divergence-EA_01_otp.set
2025-04-27 15:16:22,804 - INFO - Successfully optimized Doji-Arrows_01_standard.set -> Doji-Arrows_01_otp.set
2025-04-27 15:16:22,808 - INFO - Successfully optimized DojiTrader_01_standard.set -> DojiTrader_01_otp.set
2025-04-27 15:16:22,814 - INFO - Successfully optimized Donchian-Chanel-EA_01_standard.set -> Donchian-Chanel-EA_01_otp.set
2025-04-27 15:16:22,817 - INFO - Successfully optimized DoubleHullMA-EA_01_standard.set -> DoubleHullMA-EA_01_otp.set
2025-04-27 15:16:22,819 - INFO - Successfully optimized DoubleHullMA_01_standard.set -> DoubleHullMA_01_otp.set
2025-04-27 15:16:22,823 - INFO - Successfully optimized DoubleMA-Crossover-EA_01_standard.set -> DoubleMA-Crossover-EA_01_otp.set
2025-04-27 15:16:22,825 - INFO - Successfully optimized Doubler_01_standard.set -> Doubler_01_otp.set
2025-04-27 15:16:22,828 - INFO - Successfully optimized dummy_01_standard.set -> dummy_01_otp.set
2025-04-27 15:16:22,830 - INFO - Successfully optimized Dynamic-averaging_01_standard.set -> Dynamic-averaging_01_otp.set
2025-04-27 15:16:22,832 - INFO - Successfully optimized e-Breakeven_01_standard.set -> e-Breakeven_01_otp.set
2025-04-27 15:16:22,835 - INFO - Successfully optimized E-Friday_01_standard.set -> E-Friday_01_otp.set
2025-04-27 15:16:22,837 - INFO - Successfully optimized E-Skoch-Open_01_standard.set -> E-Skoch-Open_01_otp.set
2025-04-27 15:16:22,839 - INFO - Successfully optimized e-Skoch-pending-orders_01_standard.set -> e-Skoch-pending-orders_01_otp.set
2025-04-27 15:16:22,842 - INFO - Successfully optimized e-Smart-Trailing_01_standard.set -> e-Smart-Trailing_01_otp.set
2025-04-27 15:16:22,844 - INFO - Successfully optimized e-TurboFx_01_standard.set -> e-TurboFx_01_otp.set
2025-04-27 15:16:22,846 - INFO - Successfully optimized EA-Close_01_standard.set -> EA-Close_01_otp.set
2025-04-27 15:16:22,850 - INFO - Successfully optimized EA-MA-Stoch-RSI_01_standard.set -> EA-MA-Stoch-RSI_01_otp.set
2025-04-27 15:16:22,852 - INFO - Successfully optimized EA-Moving-Average_01_standard.set -> EA-Moving-Average_01_otp.set
2025-04-27 15:16:22,854 - INFO - Successfully optimized Elite-eFibo-Trader_01_standard.set -> Elite-eFibo-Trader_01_otp.set
2025-04-27 15:16:22,857 - INFO - Successfully optimized EMA-6.12_01_standard.set -> EMA-6.12_01_otp.set
2025-04-27 15:16:22,859 - INFO - Successfully optimized EMA-CROSS_01_standard.set -> EMA-CROSS_01_otp.set
2025-04-27 15:16:22,861 - INFO - Successfully optimized EMA-LWMA-RSI_01_standard.set -> EMA-LWMA-RSI_01_otp.set
2025-04-27 15:16:22,864 - INFO - Successfully optimized EMA-RSI-EA_01_standard.set -> EMA-RSI-EA_01_otp.set
2025-04-27 15:16:22,866 - INFO - Successfully optimized EMA-WMA_01_standard.set -> EMA-WMA_01_otp.set
2025-04-27 15:16:22,868 - INFO - Successfully optimized EMA_01_standard.set -> EMA_01_otp.set
2025-04-27 15:16:22,870 - INFO - Successfully optimized Eugene_01_standard.set -> Eugene_01_otp.set
2025-04-27 15:16:22,872 - INFO - Successfully optimized eur-usd-m5_01_standard.set -> eur-usd-m5_01_otp.set
2025-04-27 15:16:22,874 - INFO - Successfully optimized EURUSD-breakout_01_standard.set -> EURUSD-breakout_01_otp.set
2025-04-27 15:16:22,876 - INFO - Successfully optimized Executer-AC_01_standard.set -> Executer-AC_01_otp.set
2025-04-27 15:16:22,879 - INFO - Successfully optimized Executor-AO_01_standard.set -> Executor-AO_01_otp.set
2025-04-27 15:16:22,881 - INFO - Successfully optimized Executor-Candles_01_standard.set -> Executor-Candles_01_otp.set
2025-04-27 15:16:22,882 - INFO - Successfully optimized exp-Amstell_01_standard.set -> exp-Amstell_01_otp.set
2025-04-27 15:16:22,885 - INFO - Successfully optimized Expert-NEWS_01_standard.set -> Expert-NEWS_01_otp.set
2025-04-27 15:16:22,887 - INFO - Successfully optimized Expert-RSI-Stochastic-MA_01_standard.set -> Expert-RSI-Stochastic-MA_01_otp.set
2025-04-27 15:16:22,889 - INFO - Successfully optimized ExtremePrice-EA_01_standard.set -> ExtremePrice-EA_01_otp.set
2025-04-27 15:16:22,892 - INFO - Successfully optimized FiboRetracement-20EA_01_standard.set -> FiboRetracement-20EA_01_otp.set
2025-04-27 15:16:22,894 - INFO - Successfully optimized Firebird_01_standard.set -> Firebird_01_otp.set
2025-04-27 15:16:22,897 - INFO - Successfully optimized Firestorm-EA_01_standard.set -> Firestorm-EA_01_otp.set
2025-04-27 15:16:22,899 - INFO - Successfully optimized Firestorm-indicator_01_standard.set -> Firestorm-indicator_01_otp.set
2025-04-27 15:16:22,901 - INFO - Successfully optimized Fluctuate_01_standard.set -> Fluctuate_01_otp.set
2025-04-27 15:16:22,903 - INFO - Successfully optimized Forex-Fraus-M1_01_standard.set -> Forex-Fraus-M1_01_otp.set
2025-04-27 15:16:22,905 - INFO - Successfully optimized Forex-Profit_01_standard.set -> Forex-Profit_01_otp.set
2025-04-27 15:16:22,907 - INFO - Successfully optimized Fractals-minimum-distance_01_standard.set -> Fractals-minimum-distance_01_otp.set
2025-04-27 15:16:22,909 - INFO - Successfully optimized Fraktrak-xonax_01_standard.set -> Fraktrak-xonax_01_otp.set
2025-04-27 15:16:22,911 - INFO - Successfully optimized Frank-Ud_01_standard.set -> Frank-Ud_01_otp.set
2025-04-27 15:16:22,913 - INFO - Successfully optimized FT-CCI_01_standard.set -> FT-CCI_01_otp.set
2025-04-27 15:16:22,915 - INFO - Successfully optimized Fuzzy-logic_01_standard.set -> Fuzzy-logic_01_otp.set
2025-04-27 15:16:22,917 - INFO - Successfully optimized GalacticExplosion_01_standard.set -> GalacticExplosion_01_otp.set
2025-04-27 15:16:22,919 - INFO - Successfully optimized Gandalf-PRO_01_standard.set -> Gandalf-PRO_01_otp.set
2025-04-27 15:16:22,921 - INFO - Successfully optimized Gap-DM_01_standard.set -> Gap-DM_01_otp.set
2025-04-27 15:16:22,923 - INFO - Successfully optimized GAP-EA_01_standard.set -> GAP-EA_01_otp.set
2025-04-27 15:16:22,925 - INFO - Successfully optimized Gaps_01_standard.set -> Gaps_01_otp.set
2025-04-27 15:16:22,927 - INFO - Successfully optimized GBP9AM_01_standard.set -> GBP9AM_01_otp.set
2025-04-27 15:16:22,928 - INFO - Successfully optimized GbpChf_01_standard.set -> GbpChf_01_otp.set
2025-04-27 15:16:22,930 - INFO - Successfully optimized Gold-Dust_01_standard.set -> Gold-Dust_01_otp.set
2025-04-27 15:16:22,932 - INFO - Successfully optimized GO_01_standard.set -> GO_01_otp.set
2025-04-27 15:16:22,934 - INFO - Successfully optimized GreenTrade_01_standard.set -> GreenTrade_01_otp.set
2025-04-27 15:16:22,936 - INFO - Successfully optimized Grid-Martingale_01_standard.set -> Grid-Martingale_01_otp.set
2025-04-27 15:16:22,938 - INFO - Successfully optimized GridEA_01_standard.set -> GridEA_01_otp.set
2025-04-27 15:16:22,940 - INFO - Successfully optimized Grid_01_standard.set -> Grid_01_otp.set
2025-04-27 15:16:22,941 - INFO - Successfully optimized HarVesteR_01_standard.set -> HarVesteR_01_otp.set
2025-04-27 15:16:22,943 - INFO - Successfully optimized HedgeEA_01_standard.set -> HedgeEA_01_otp.set
2025-04-27 15:16:22,945 - INFO - Successfully optimized hedger_01_standard.set -> hedger_01_otp.set
2025-04-27 15:16:22,947 - INFO - Successfully optimized Hedging-EA_01_standard.set -> Hedging-EA_01_otp.set
2025-04-27 15:16:22,949 - INFO - Successfully optimized Heiken-Ashi-Smoothed-EA-with-MA_01_standard.set -> Heiken-Ashi-Smoothed-EA-with-MA_01_otp.set
2025-04-27 15:16:22,951 - INFO - Successfully optimized Heiken-Ashi-Smoothed-EA_01_standard.set -> Heiken-Ashi-Smoothed-EA_01_otp.set
2025-04-27 15:16:22,953 - INFO - Successfully optimized heiken-ashi-smoothedLine_01_standard.set -> heiken-ashi-smoothedLine_01_otp.set
2025-04-27 15:16:22,955 - INFO - Successfully optimized heiken-ashi-smoothed_01_standard.set -> heiken-ashi-smoothed_01_otp.set
2025-04-27 15:16:22,957 - INFO - Successfully optimized HeikenAshi-Lines-EA_01_standard.set -> HeikenAshi-Lines-EA_01_otp.set
2025-04-27 15:16:22,958 - INFO - Successfully optimized HeikenAshi-Lines_01_standard.set -> HeikenAshi-Lines_01_otp.set
2025-04-27 15:16:22,960 - INFO - Successfully optimized Heinken-Ashi-Color-Candles_01_standard.set -> Heinken-Ashi-Color-Candles_01_otp.set
2025-04-27 15:16:22,962 - INFO - Successfully optimized HelloSmart_01_standard.set -> HelloSmart_01_otp.set
2025-04-27 15:16:22,964 - INFO - Successfully optimized High-Low-EA_01_standard.set -> High-Low-EA_01_otp.set
2025-04-27 15:16:22,965 - INFO - Successfully optimized High-Low-Indicator_01_standard.set -> High-Low-Indicator_01_otp.set
2025-04-27 15:16:22,967 - INFO - Successfully optimized Hoop-master-2_01_standard.set -> Hoop-master-2_01_otp.set
2025-04-27 15:16:22,969 - INFO - Successfully optimized iCCI-iMA_01_standard.set -> iCCI-iMA_01_otp.set
2025-04-27 15:16:22,971 - INFO - Successfully optimized ICH-With-Alert-Derekers-EA_01_standard.set -> ICH-With-Alert-Derekers-EA_01_otp.set
2025-04-27 15:16:22,972 - INFO - Successfully optimized ICH-With-Alert-Derekers_01_standard.set -> ICH-With-Alert-Derekers_01_otp.set
2025-04-27 15:16:22,974 - INFO - Successfully optimized ichimok2005_01_standard.set -> ichimok2005_01_otp.set
2025-04-27 15:16:22,975 - INFO - Successfully optimized Ichimoku-20Kijun-20Alert_01_standard.set -> Ichimoku-20Kijun-20Alert_01_otp.set
2025-04-27 15:16:22,977 - INFO - Successfully optimized Ichimoku-20Tenkan-20Alert_01_standard.set -> Ichimoku-20Tenkan-20Alert_01_otp.set
2025-04-27 15:16:22,979 - INFO - Successfully optimized Ichimoku-Scanner_01_standard.set -> Ichimoku-Scanner_01_otp.set
2025-04-27 15:16:22,980 - INFO - Successfully optimized Ichimoku-Signals-and-Alert_01_standard.set -> Ichimoku-Signals-and-Alert_01_otp.set
2025-04-27 15:16:22,982 - INFO - Successfully optimized IchimokuMTF-EA_01_standard.set -> IchimokuMTF-EA_01_otp.set
2025-04-27 15:16:22,984 - INFO - Successfully optimized Ichimoku_01_standard.set -> Ichimoku_01_otp.set
2025-04-27 15:16:22,985 - INFO - Successfully optimized Ilan-iMA_01_standard.set -> Ilan-iMA_01_otp.set
2025-04-27 15:16:22,987 - INFO - Successfully optimized Ilan1.4_01_standard.set -> Ilan1.4_01_otp.set
2025-04-27 15:16:22,988 - INFO - Successfully optimized iMA-iStdDev_01_standard.set -> iMA-iStdDev_01_otp.set
2025-04-27 15:16:22,990 - INFO - Successfully optimized Indices-Tester_01_standard.set -> Indices-Tester_01_otp.set
2025-04-27 15:16:22,991 - INFO - Successfully optimized Inka-20Edho-20EA_01_standard.set -> Inka-20Edho-20EA_01_otp.set
2025-04-27 15:16:22,993 - INFO - Successfully optimized Intersection-2-iMA_01_standard.set -> Intersection-2-iMA_01_otp.set
2025-04-27 15:16:22,995 - INFO - Successfully optimized IStochastic-Trading_01_standard.set -> IStochastic-Trading_01_otp.set
2025-04-27 15:16:22,997 - INFO - Successfully optimized Ivan_01_standard.set -> Ivan_01_otp.set
2025-04-27 15:16:22,999 - INFO - Successfully optimized iVIDyA-Simple_01_standard.set -> iVIDyA-Simple_01_otp.set
2025-04-27 15:16:23,002 - INFO - Successfully optimized Jackpot-Strategy-EA_01_standard.set -> Jackpot-Strategy-EA_01_otp.set
2025-04-27 15:16:23,003 - INFO - Successfully optimized JackPot-Strategy-Elite_01_standard.set -> JackPot-Strategy-Elite_01_otp.set
2025-04-27 15:16:23,005 - INFO - Successfully optimized JK-BullP-AutoTrader_01_standard.set -> JK-BullP-AutoTrader_01_otp.set
2025-04-27 15:16:23,007 - INFO - Successfully optimized JS-Chaos_01_standard.set -> JS-Chaos_01_otp.set
2025-04-27 15:16:23,009 - INFO - Successfully optimized JS-MA-Day_01_standard.set -> JS-MA-Day_01_otp.set
2025-04-27 15:16:23,011 - INFO - Successfully optimized JS-MA-SAR-Trades_01_standard.set -> JS-MA-SAR-Trades_01_otp.set
2025-04-27 15:16:23,012 - INFO - Successfully optimized KA-Gold-Bot_01_standard.set -> KA-Gold-Bot_01_otp.set
2025-04-27 15:16:23,014 - INFO - Successfully optimized Kue-Electric-EA_01_standard.set -> Kue-Electric-EA_01_otp.set
2025-04-27 15:16:23,016 - INFO - Successfully optimized KueFx-20Arrows_01_standard.set -> KueFx-20Arrows_01_otp.set
2025-04-27 15:16:23,017 - INFO - Successfully optimized KueFx-20Baseline_01_standard.set -> KueFx-20Baseline_01_otp.set
2025-04-27 15:16:23,019 - INFO - Successfully optimized KueFx-Arrows-20EA_01_standard.set -> KueFx-Arrows-20EA_01_otp.set
2025-04-27 15:16:23,021 - INFO - Successfully optimized KueFx-Arrows-EA_01_standard.set -> KueFx-Arrows-EA_01_otp.set
2025-04-27 15:16:23,023 - INFO - Successfully optimized KueFx-Arrows_01_standard.set -> KueFx-Arrows_01_otp.set
2025-04-27 15:16:23,025 - INFO - Successfully optimized KueFx-Baseline-EA_01_standard.set -> KueFx-Baseline-EA_01_otp.set
2025-04-27 15:16:23,026 - INFO - Successfully optimized KueFx-Baseline_01_standard.set -> KueFx-Baseline_01_otp.set
2025-04-27 15:16:23,028 - INFO - Successfully optimized KueFx-Clean-2025-EA_01_standard.set -> KueFx-Clean-2025-EA_01_otp.set
2025-04-27 15:16:23,031 - INFO - Successfully optimized KueFx-Extreme-EA_01_standard.set -> KueFx-Extreme-EA_01_otp.set
2025-04-27 15:16:23,033 - INFO - Successfully optimized KueFx-Harare-EA_01_standard.set -> KueFx-Harare-EA_01_otp.set
2025-04-27 15:16:23,034 - INFO - Successfully optimized KueFX-Money-Management_01_standard.set -> KueFX-Money-Management_01_otp.set
2025-04-27 15:16:23,037 - INFO - Successfully optimized KueFx-Motor-EA_01_standard.set -> KueFx-Motor-EA_01_otp.set
2025-04-27 15:16:23,038 - INFO - Successfully optimized KueFx-Motor_01_standard.set -> KueFx-Motor_01_otp.set
2025-04-27 15:16:23,040 - INFO - Successfully optimized KueFx-Trend_01_standard.set -> KueFx-Trend_01_otp.set
2025-04-27 15:16:23,042 - INFO - Successfully optimized KueFxTrend-20EA_01_standard.set -> KueFxTrend-20EA_01_otp.set
2025-04-27 15:16:23,044 - INFO - Successfully optimized KueFxTrend-EA_01_standard.set -> KueFxTrend-EA_01_otp.set
2025-04-27 15:16:23,045 - INFO - Successfully optimized LarryConnersRSI2_01_standard.set -> LarryConnersRSI2_01_otp.set
2025-04-27 15:16:23,047 - INFO - Successfully optimized Last-ZZ50_01_standard.set -> Last-ZZ50_01_otp.set
2025-04-27 15:16:23,048 - INFO - Successfully optimized Lavika100_01_standard.set -> Lavika100_01_otp.set
2025-04-27 15:16:23,050 - INFO - Successfully optimized LBS_01_standard.set -> LBS_01_otp.set
2025-04-27 15:16:23,052 - INFO - Successfully optimized Lego-EA_01_standard.set -> Lego-EA_01_otp.set
2025-04-27 15:16:23,054 - INFO - Successfully optimized Lesson-3-Price-Action_01_standard.set -> Lesson-3-Price-Action_01_otp.set
2025-04-27 15:16:23,058 - INFO - Successfully optimized Lesson-4-Price-Action-MA-Filter_01_standard.set -> Lesson-4-Price-Action-MA-Filter_01_otp.set
2025-04-27 15:16:23,061 - INFO - Successfully optimized Lesson-6-Trailling-ATR_01_standard.set -> Lesson-6-Trailling-ATR_01_otp.set
2025-04-27 15:16:23,063 - INFO - Successfully optimized Lesson-7-Price-action-Ket-hop-Volume-VSA_01_standard.set -> Lesson-7-Price-action-Ket-hop-Volume-VSA_01_otp.set
2025-04-27 15:16:23,065 - INFO - Successfully optimized Little-EA_01_standard.set -> Little-EA_01_otp.set
2025-04-27 15:16:23,067 - INFO - Successfully optimized Locker_01_standard.set -> Locker_01_otp.set
2025-04-27 15:16:23,068 - INFO - Successfully optimized Lock_01_standard.set -> Lock_01_otp.set
2025-04-27 15:16:23,070 - INFO - Successfully optimized Lucky_01_standard.set -> Lucky_01_otp.set
2025-04-27 15:16:23,073 - INFO - Successfully optimized MA-20Alert_01_standard.set -> MA-20Alert_01_otp.set
2025-04-27 15:16:23,074 - INFO - Successfully optimized MA-20AO-20Arrow_01_standard.set -> MA-20AO-20Arrow_01_otp.set
2025-04-27 15:16:23,076 - INFO - Successfully optimized MA-AO-EA_01_standard.set -> MA-AO-EA_01_otp.set
2025-04-27 15:16:23,078 - INFO - Successfully optimized ma-channels_01_standard.set -> ma-channels_01_otp.set
2025-04-27 15:16:23,080 - INFO - Successfully optimized MA-Cross_01_standard.set -> MA-Cross_01_otp.set
2025-04-27 15:16:23,082 - INFO - Successfully optimized MA-Envelopes_01_standard.set -> MA-Envelopes_01_otp.set
2025-04-27 15:16:23,083 - INFO - Successfully optimized MA-MACD-Position-averaging_01_standard.set -> MA-MACD-Position-averaging_01_otp.set
2025-04-27 15:16:23,085 - INFO - Successfully optimized MA-Trend_01_standard.set -> MA-Trend_01_otp.set
2025-04-27 15:16:23,087 - INFO - Successfully optimized MA2CCI_01_standard.set -> MA2CCI_01_otp.set
2025-04-27 15:16:23,089 - INFO - Successfully optimized MACD-and-SAR_01_standard.set -> MACD-and-SAR_01_otp.set
2025-04-27 15:16:23,090 - INFO - Successfully optimized MACD-Cleaner_01_standard.set -> MACD-Cleaner_01_otp.set
2025-04-27 15:16:23,092 - INFO - Successfully optimized MACD-EA-H4_01_standard.set -> MACD-EA-H4_01_otp.set
2025-04-27 15:16:23,094 - INFO - Successfully optimized MACD-No-Sample_01_standard.set -> MACD-No-Sample_01_otp.set
2025-04-27 15:16:23,096 - INFO - Successfully optimized MACD-signal_01_standard.set -> MACD-signal_01_otp.set
2025-04-27 15:16:23,098 - INFO - Successfully optimized MACD-Stochastic-2_01_standard.set -> MACD-Stochastic-2_01_otp.set
2025-04-27 15:16:23,100 - INFO - Successfully optimized MACD-Stochastic_01_standard.set -> MACD-Stochastic_01_otp.set
2025-04-27 15:16:23,101 - INFO - Successfully optimized MACDCCI_01_standard.set -> MACDCCI_01_otp.set
2025-04-27 15:16:23,104 - INFO - Successfully optimized MacdPatternTraderAll0.01_01_standard.set -> MacdPatternTraderAll0.01_01_otp.set
2025-04-27 15:16:23,106 - INFO - Successfully optimized MacdPatternTraderAll_01_standard.set -> MacdPatternTraderAll_01_otp.set
2025-04-27 15:16:23,107 - INFO - Successfully optimized MACD_01_standard.set -> MACD_01_otp.set
2025-04-27 15:16:23,109 - INFO - Successfully optimized MAGrid_01_standard.set -> MAGrid_01_otp.set
2025-04-27 15:16:23,111 - INFO - Successfully optimized MAMACD_01_standard.set -> MAMACD_01_otp.set
2025-04-27 15:16:23,113 - INFO - Successfully optimized Market-Capture_01_standard.set -> Market-Capture_01_otp.set
2025-04-27 15:16:23,114 - INFO - Successfully optimized Martin-1_01_standard.set -> Martin-1_01_otp.set
2025-04-27 15:16:23,116 - INFO - Successfully optimized Martin-for-small-deposits_01_standard.set -> Martin-for-small-deposits_01_otp.set
2025-04-27 15:16:23,118 - INFO - Successfully optimized MartingailExpert_01_standard.set -> MartingailExpert_01_otp.set
2025-04-27 15:16:23,120 - INFO - Successfully optimized MartinGaleBreakout_01_standard.set -> MartinGaleBreakout_01_otp.set
2025-04-27 15:16:23,122 - INFO - Successfully optimized Martin_01_standard.set -> Martin_01_otp.set
2025-04-27 15:16:23,123 - INFO - Successfully optimized Marubozu-EA_01_standard.set -> Marubozu-EA_01_otp.set
2025-04-27 15:16:23,125 - INFO - Successfully optimized Marubozu_01_standard.set -> Marubozu_01_otp.set
2025-04-27 15:16:23,127 - INFO - Successfully optimized MelBar-EuSwiss-1.85_01_standard.set -> MelBar-EuSwiss-1.85_01_otp.set
2025-04-27 15:16:23,129 - INFO - Successfully optimized MelBar™Take325-™-5.5Y-NZD-USD_01_standard.set -> MelBar™Take325-™-5.5Y-NZD-USD_01_otp.set
2025-04-27 15:16:23,130 - INFO - Successfully optimized Mobo-Bands-EA_01_standard.set -> Mobo-Bands-EA_01_otp.set
2025-04-27 15:16:23,133 - INFO - Successfully optimized Mobo-Bands_01_standard.set -> Mobo-Bands_01_otp.set
2025-04-27 15:16:23,144 - INFO - Successfully optimized Modified-Moving-Averages_01_standard.set -> Modified-Moving-Averages_01_otp.set
2025-04-27 15:16:23,147 - INFO - Successfully optimized Momentum-M15_01_standard.set -> Momentum-M15_01_otp.set
2025-04-27 15:16:23,155 - INFO - Successfully optimized Momo-trades_01_standard.set -> Momo-trades_01_otp.set
2025-04-27 15:16:23,158 - INFO - Successfully optimized Money-Fixed-Margin_01_standard.set -> Money-Fixed-Margin_01_otp.set
2025-04-27 15:16:23,163 - INFO - Successfully optimized Money-Fixed-Risk_01_standard.set -> Money-Fixed-Risk_01_otp.set
2025-04-27 15:16:23,166 - INFO - Successfully optimized MoneyRain_01_standard.set -> MoneyRain_01_otp.set
2025-04-27 15:16:23,169 - INFO - Successfully optimized Morning-evening-star-EA_01_standard.set -> Morning-evening-star-EA_01_otp.set
2025-04-27 15:16:23,172 - INFO - Successfully optimized MostasHaR15-Pivot_01_standard.set -> MostasHaR15-Pivot_01_otp.set
2025-04-27 15:16:23,176 - INFO - Successfully optimized Moving-20average-20and-20ichimoku-20EA_01_standard.set -> Moving-20average-20and-20ichimoku-20EA_01_otp.set
2025-04-27 15:16:23,179 - INFO - Successfully optimized Moving-Average-Trade-System_01_standard.set -> Moving-Average-Trade-System_01_otp.set
2025-04-27 15:16:23,183 - INFO - Successfully optimized Moving-Averages_01_standard.set -> Moving-Averages_01_otp.set
2025-04-27 15:16:23,186 - INFO - Successfully optimized MovingAverageMartinGale_01_standard.set -> MovingAverageMartinGale_01_otp.set
2025-04-27 15:16:23,190 - INFO - Successfully optimized MovingAverage_01_standard.set -> MovingAverage_01_otp.set
2025-04-27 15:16:23,193 - INFO - Successfully optimized MQL5-Wizard-MA-RSI_01_standard.set -> MQL5-Wizard-MA-RSI_01_otp.set
2025-04-27 15:16:23,198 - INFO - Successfully optimized MQL5-Wizard-MACD-Parabolic-SAR_01_standard.set -> MQL5-Wizard-MACD-Parabolic-SAR_01_otp.set
2025-04-27 15:16:23,201 - INFO - Successfully optimized MTC-Сombo_01_standard.set -> MTC-Сombo_01_otp.set
2025-04-27 15:16:23,204 - INFO - Successfully optimized Multi-Stochastic_01_standard.set -> Multi-Stochastic_01_otp.set
2025-04-27 15:16:23,208 - INFO - Successfully optimized MultiMartin_01_standard.set -> MultiMartin_01_otp.set
2025-04-27 15:16:23,211 - INFO - Successfully optimized MySystem_01_standard.set -> MySystem_01_otp.set
2025-04-27 15:16:23,215 - INFO - Successfully optimized N-Candles_01_standard.set -> N-Candles_01_otp.set
2025-04-27 15:16:23,219 - INFO - Successfully optimized Nevalyashka-BreakdownLevel_01_standard.set -> Nevalyashka-BreakdownLevel_01_otp.set
2025-04-27 15:16:23,223 - INFO - Successfully optimized Nevalyashka3-1_01_standard.set -> Nevalyashka3-1_01_otp.set
2025-04-27 15:16:23,226 - INFO - Successfully optimized Nevalyashka_01_standard.set -> Nevalyashka_01_otp.set
2025-04-27 15:16:23,230 - INFO - Successfully optimized New-Martin_01_standard.set -> New-Martin_01_otp.set
2025-04-27 15:16:23,233 - INFO - Successfully optimized New-Random_01_standard.set -> New-Random_01_otp.set
2025-04-27 15:16:23,238 - INFO - Successfully optimized Nextbar_01_standard.set -> Nextbar_01_otp.set
2025-04-27 15:16:23,243 - INFO - Successfully optimized Night-Flat-Trade_01_standard.set -> Night-Flat-Trade_01_otp.set
2025-04-27 15:16:23,252 - INFO - Successfully optimized NightScalper_01_standard.set -> NightScalper_01_otp.set
2025-04-27 15:16:23,257 - INFO - Successfully optimized NRTR-Revers_01_standard.set -> NRTR-Revers_01_otp.set
2025-04-27 15:16:23,262 - INFO - Successfully optimized NUp1Down_01_standard.set -> NUp1Down_01_otp.set
2025-04-27 15:16:23,266 - INFO - Successfully optimized Open-Candle-EA_01_standard.set -> Open-Candle-EA_01_otp.set
2025-04-27 15:16:23,269 - INFO - Successfully optimized Open-Close_01_standard.set -> Open-Close_01_otp.set
2025-04-27 15:16:23,271 - INFO - Successfully optimized Opening-and-ilosing-on-time_01_standard.set -> Opening-and-ilosing-on-time_01_otp.set
2025-04-27 15:16:23,273 - INFO - Successfully optimized Opening-and-Сlosing-on-time_01_standard.set -> Opening-and-Сlosing-on-time_01_otp.set
2025-04-27 15:16:23,276 - INFO - Successfully optimized OpenPendingorderAfterPositionGetStopLoss_01_standard.set -> OpenPendingorderAfterPositionGetStopLoss_01_otp.set
2025-04-27 15:16:23,278 - INFO - Successfully optimized OpenTicks_01_standard.set -> OpenTicks_01_otp.set
2025-04-27 15:16:23,280 - INFO - Successfully optimized ORB-EA-BOX_01_standard.set -> ORB-EA-BOX_01_otp.set
2025-04-27 15:16:23,282 - INFO - Successfully optimized OsMaSter_01_standard.set -> OsMaSter_01_otp.set
2025-04-27 15:16:23,284 - INFO - Successfully optimized OTT-20AND-20PRICE-20CROSS-20EA_01_standard.set -> OTT-20AND-20PRICE-20CROSS-20EA_01_otp.set
2025-04-27 15:16:23,286 - INFO - Successfully optimized OverHedge_01_standard.set -> OverHedge_01_otp.set
2025-04-27 15:16:23,289 - INFO - Successfully optimized OzFx_01_standard.set -> OzFx_01_otp.set
2025-04-27 15:16:23,293 - INFO - Successfully optimized Parabolic-SAR_01_standard.set -> Parabolic-SAR_01_otp.set
2025-04-27 15:16:23,296 - INFO - Successfully optimized PARSI-EA_01_standard.set -> PARSI-EA_01_otp.set
2025-04-27 15:16:23,299 - INFO - Successfully optimized Peceptron-Mult_01_standard.set -> Peceptron-Mult_01_otp.set
2025-04-27 15:16:23,302 - INFO - Successfully optimized Pending-orders-by-time-2_01_standard.set -> Pending-orders-by-time-2_01_otp.set
2025-04-27 15:16:23,305 - INFO - Successfully optimized Pending-orders-by-time_01_standard.set -> Pending-orders-by-time_01_otp.set
2025-04-27 15:16:23,313 - INFO - Successfully optimized Pendulum_01_standard.set -> Pendulum_01_otp.set
2025-04-27 15:16:23,315 - INFO - Successfully optimized Pinball-machine_01_standard.set -> Pinball-machine_01_otp.set
2025-04-27 15:16:23,318 - INFO - Successfully optimized Pinbar-Magic-EA_01_standard.set -> Pinbar-Magic-EA_01_otp.set
2025-04-27 15:16:23,320 - INFO - Successfully optimized PinBar-Magic-Indicator_01_standard.set -> PinBar-Magic-Indicator_01_otp.set
2025-04-27 15:16:23,322 - INFO - Successfully optimized Pipsover_01_standard.set -> Pipsover_01_otp.set
2025-04-27 15:16:23,324 - INFO - Successfully optimized Plan-X_01_standard.set -> Plan-X_01_otp.set
2025-04-27 15:16:23,326 - INFO - Successfully optimized Plateau_01_standard.set -> Plateau_01_otp.set
2025-04-27 15:16:23,328 - INFO - Successfully optimized Poker-SHOW_01_standard.set -> Poker-SHOW_01_otp.set
2025-04-27 15:16:23,330 - INFO - Successfully optimized Precipice-MartIn_01_standard.set -> Precipice-MartIn_01_otp.set
2025-04-27 15:16:23,331 - INFO - Successfully optimized Precipice_01_standard.set -> Precipice_01_otp.set
2025-04-27 15:16:23,333 - INFO - Successfully optimized Probe_01_standard.set -> Probe_01_otp.set
2025-04-27 15:16:23,336 - INFO - Successfully optimized Proffessor_01_standard.set -> Proffessor_01_otp.set
2025-04-27 15:16:23,338 - INFO - Successfully optimized PropFirmHelper_01_standard.set -> PropFirmHelper_01_otp.set
2025-04-27 15:16:23,339 - INFO - Successfully optimized PROphet_01_standard.set -> PROphet_01_otp.set
2025-04-27 15:16:23,341 - INFO - Successfully optimized Puria-method_01_standard.set -> Puria-method_01_otp.set
2025-04-27 15:16:23,343 - INFO - Successfully optimized Rabbit3_01_standard.set -> Rabbit3_01_otp.set
2025-04-27 15:16:23,345 - INFO - Successfully optimized Range-Breakout_01_standard.set -> Range-Breakout_01_otp.set
2025-04-27 15:16:23,346 - INFO - Successfully optimized Rapid-Doji-EA_01_standard.set -> Rapid-Doji-EA_01_otp.set
2025-04-27 15:16:23,348 - INFO - Successfully optimized Raymond-Cloudy-Day-for-EA_01_standard.set -> Raymond-Cloudy-Day-for-EA_01_otp.set
2025-04-27 15:16:23,350 - INFO - Successfully optimized Reflex-EA_01_standard.set -> Reflex-EA_01_otp.set
2025-04-27 15:16:23,352 - INFO - Successfully optimized REFLEX-INDICATOR_01_standard.set -> REFLEX-INDICATOR_01_otp.set
2025-04-27 15:16:23,353 - INFO - Successfully optimized Reflex_01_standard.set -> Reflex_01_otp.set
2025-04-27 15:16:23,355 - INFO - Successfully optimized Reversing-Martingale_01_standard.set -> Reversing-Martingale_01_otp.set
2025-04-27 15:16:23,357 - INFO - Successfully optimized RideAlligator_01_standard.set -> RideAlligator_01_otp.set
2025-04-27 15:16:23,358 - INFO - Successfully optimized RNN_01_standard.set -> RNN_01_otp.set
2025-04-27 15:16:23,360 - INFO - Successfully optimized Robot-MACD_01_standard.set -> Robot-MACD_01_otp.set
2025-04-27 15:16:23,362 - INFO - Successfully optimized RobotPowerM5-meta4_01_standard.set -> RobotPowerM5-meta4_01_otp.set
2025-04-27 15:16:23,364 - INFO - Successfully optimized Rollback-system_01_standard.set -> Rollback-system_01_otp.set
2025-04-27 15:16:23,366 - INFO - Successfully optimized RSI-and-Bollinger-Bands_01_standard.set -> RSI-and-Bollinger-Bands_01_otp.set
2025-04-27 15:16:23,368 - INFO - Successfully optimized RSI-Arrow-EA_01_standard.set -> RSI-Arrow-EA_01_otp.set
2025-04-27 15:16:23,370 - INFO - Successfully optimized RSI-Arrow_01_standard.set -> RSI-Arrow_01_otp.set
2025-04-27 15:16:23,373 - INFO - Successfully optimized RSI-EA_01_standard.set -> RSI-EA_01_otp.set
2025-04-27 15:16:23,375 - INFO - Successfully optimized RSI-Eraser_01_standard.set -> RSI-Eraser_01_otp.set
2025-04-27 15:16:23,377 - INFO - Successfully optimized RSI-Expert_01_standard.set -> RSI-Expert_01_otp.set
2025-04-27 15:16:23,379 - INFO - Successfully optimized RSI-Levels_01_standard.set -> RSI-Levels_01_otp.set
2025-04-27 15:16:23,381 - INFO - Successfully optimized RSI-trader_01_standard.set -> RSI-trader_01_otp.set
2025-04-27 15:16:23,383 - INFO - Successfully optimized RSI-Trend-EA_01_standard.set -> RSI-Trend-EA_01_otp.set
2025-04-27 15:16:23,385 - INFO - Successfully optimized RSI-Trend_01_standard.set -> RSI-Trend_01_otp.set
2025-04-27 15:16:23,387 - INFO - Successfully optimized RSI-with-channels-EA_01_standard.set -> RSI-with-channels-EA_01_otp.set
2025-04-27 15:16:23,390 - INFO - Successfully optimized RSI-with-channels_01_standard.set -> RSI-with-channels_01_otp.set
2025-04-27 15:16:23,392 - INFO - Successfully optimized Russian20-hp1_01_standard.set -> Russian20-hp1_01_otp.set
2025-04-27 15:16:23,394 - INFO - Successfully optimized SampleCheckPendingOrder_01_standard.set -> SampleCheckPendingOrder_01_otp.set
2025-04-27 15:16:23,396 - INFO - Successfully optimized SAR-trading_01_standard.set -> SAR-trading_01_otp.set
2025-04-27 15:16:23,398 - INFO - Successfully optimized Secwenta_01_standard.set -> Secwenta_01_otp.set
2025-04-27 15:16:23,400 - INFO - Successfully optimized Sell-Stop_01_standard.set -> Sell-Stop_01_otp.set
2025-04-27 15:16:23,402 - INFO - Successfully optimized Sensitive_01_standard.set -> Sensitive_01_otp.set
2025-04-27 15:16:23,405 - INFO - Successfully optimized Separate-trade_01_standard.set -> Separate-trade_01_otp.set
2025-04-27 15:16:23,406 - INFO - Successfully optimized SilverTrend_01_standard.set -> SilverTrend_01_otp.set
2025-04-27 15:16:23,408 - INFO - Successfully optimized Simple-20Price-20Alert-20-20EA_01_standard.set -> Simple-20Price-20Alert-20-20EA_01_otp.set
2025-04-27 15:16:23,411 - INFO - Successfully optimized Simple-20Volume-20EA_01_standard.set -> Simple-20Volume-20EA_01_otp.set
2025-04-27 15:16:23,413 - INFO - Successfully optimized Simple-EA-MA-plus-MACD_01_standard.set -> Simple-EA-MA-plus-MACD_01_otp.set
2025-04-27 15:16:23,414 - INFO - Successfully optimized Simple-FX_01_standard.set -> Simple-FX_01_otp.set
2025-04-27 15:16:23,416 - INFO - Successfully optimized Simple-MACD_01_standard.set -> Simple-MACD_01_otp.set
2025-04-27 15:16:23,418 - INFO - Successfully optimized Simple-Volume-EA_01_standard.set -> Simple-Volume-EA_01_otp.set
2025-04-27 15:16:23,420 - INFO - Successfully optimized SimplePivot_01_standard.set -> SimplePivot_01_otp.set
2025-04-27 15:16:23,422 - INFO - Successfully optimized Simplest-Hedging-EA-ever_01_standard.set -> Simplest-Hedging-EA-ever_01_otp.set
2025-04-27 15:16:23,424 - INFO - Successfully optimized SimpleTrade _01_standard.set -> SimpleTrade _01_otp.set
2025-04-27 15:16:23,427 - INFO - Successfully optimized Six-Soldiers-EA-Grid_01_standard.set -> Six-Soldiers-EA-Grid_01_otp.set
2025-04-27 15:16:23,430 - INFO - Successfully optimized Six-Soldiers-EA_01_standard.set -> Six-Soldiers-EA_01_otp.set
2025-04-27 15:16:23,432 - INFO - Successfully optimized Six-Soldiers_01_standard.set -> Six-Soldiers_01_otp.set
2025-04-27 15:16:23,434 - INFO - Successfully optimized Small-Inside-Bar-Strategy_01_standard.set -> Small-Inside-Bar-Strategy_01_otp.set
2025-04-27 15:16:23,436 - INFO - Successfully optimized Smart-Machine-20EA_01_standard.set -> Smart-Machine-20EA_01_otp.set
2025-04-27 15:16:23,439 - INFO - Successfully optimized Smoothing-Average_01_standard.set -> Smoothing-Average_01_otp.set
2025-04-27 15:16:23,441 - INFO - Successfully optimized Spasm_01_standard.set -> Spasm_01_otp.set
2025-04-27 15:16:23,443 - INFO - Successfully optimized ssb5-123_01_standard.set -> ssb5-123_01_otp.set
2025-04-27 15:16:23,445 - INFO - Successfully optimized Starter_01_standard.set -> Starter_01_otp.set
2025-04-27 15:16:23,447 - INFO - Successfully optimized Steve-Cartwright-Trader-Camel-CCI-MACD_01_standard.set -> Steve-Cartwright-Trader-Camel-CCI-MACD_01_otp.set
2025-04-27 15:16:23,449 - INFO - Successfully optimized Stoch-EA-1192_01_standard.set -> Stoch-EA-1192_01_otp.set
2025-04-27 15:16:23,452 - INFO - Successfully optimized Stochastic-20Alert_01_standard.set -> Stochastic-20Alert_01_otp.set
2025-04-27 15:16:23,454 - INFO - Successfully optimized Stochastic-K-Divergence.lua_01_standard.set -> Stochastic-K-Divergence.lua_01_otp.set
2025-04-27 15:16:23,456 - INFO - Successfully optimized stochastic-three-periods_01_standard.set -> stochastic-three-periods_01_otp.set
2025-04-27 15:16:23,458 - INFO - Successfully optimized StochasticDiffSign-EA_01_standard.set -> StochasticDiffSign-EA_01_otp.set
2025-04-27 15:16:23,460 - INFO - Successfully optimized stochasticdiffsign_01_standard.set -> stochasticdiffsign_01_otp.set
2025-04-27 15:16:23,463 - INFO - Successfully optimized StochMA-EA_01_standard.set -> StochMA-EA_01_otp.set
2025-04-27 15:16:23,464 - INFO - Successfully optimized StochMA_01_standard.set -> StochMA_01_otp.set
2025-04-27 15:16:23,466 - INFO - Successfully optimized Stoch_01_standard.set -> Stoch_01_otp.set
2025-04-27 15:16:23,469 - INFO - Successfully optimized Stop-Loss-Take-Profit_01_standard.set -> Stop-Loss-Take-Profit_01_otp.set
2025-04-27 15:16:23,471 - INFO - Successfully optimized StraddleqTrail_01_standard.set -> StraddleqTrail_01_otp.set
2025-04-27 15:16:23,473 - INFO - Successfully optimized Surefirething_01_standard.set -> Surefirething_01_otp.set
2025-04-27 15:16:23,475 - INFO - Successfully optimized TDSGlobal_01_standard.set -> TDSGlobal_01_otp.set
2025-04-27 15:16:23,476 - INFO - Successfully optimized The-MasterMind-2_01_standard.set -> The-MasterMind-2_01_otp.set
2025-04-27 15:16:23,478 - INFO - Successfully optimized The-MasterMind-3_01_standard.set -> The-MasterMind-3_01_otp.set
2025-04-27 15:16:23,480 - INFO - Successfully optimized The-MasterMind_01_standard.set -> The-MasterMind_01_otp.set
2025-04-27 15:16:23,482 - INFO - Successfully optimized The-Puncher_01_standard.set -> The-Puncher_01_otp.set
2025-04-27 15:16:23,485 - INFO - Successfully optimized TheClassicTurtleTrader-no-dots-EA_01_standard.set -> TheClassicTurtleTrader-no-dots-EA_01_otp.set
2025-04-27 15:16:23,487 - INFO - Successfully optimized TheClassicTurtleTrader-no-dots_01_standard.set -> TheClassicTurtleTrader-no-dots_01_otp.set
2025-04-27 15:16:23,490 - INFO - Successfully optimized Three-indicators_01_standard.set -> Three-indicators_01_otp.set
2025-04-27 15:16:23,492 - INFO - Successfully optimized Three-neural-networks_01_standard.set -> Three-neural-networks_01_otp.set
2025-04-27 15:16:23,494 - INFO - Successfully optimized Three-timeframes_01_standard.set -> Three-timeframes_01_otp.set
2025-04-27 15:16:23,496 - INFO - Successfully optimized Three-Typical-Candles_01_standard.set -> Three-Typical-Candles_01_otp.set
2025-04-27 15:16:23,498 - INFO - Successfully optimized Time-sync-forts_01_standard.set -> Time-sync-forts_01_otp.set
2025-04-27 15:16:23,500 - INFO - Successfully optimized timer-trade_01_standard.set -> timer-trade_01_otp.set
2025-04-27 15:16:23,503 - INFO - Successfully optimized TMA-ATR-Channel_01_standard.set -> TMA-ATR-Channel_01_otp.set
2025-04-27 15:16:23,505 - INFO - Successfully optimized TMA-ATR-EA_01_standard.set -> TMA-ATR-EA_01_otp.set
2025-04-27 15:16:23,508 - INFO - Successfully optimized TMA-CG-EA_01_standard.set -> TMA-CG-EA_01_otp.set
2025-04-27 15:16:23,511 - INFO - Successfully optimized TMA-CG-Martingale-20EA_01_standard.set -> TMA-CG-Martingale-20EA_01_otp.set
2025-04-27 15:16:23,513 - INFO - Successfully optimized TMA-CG-mladen_01_standard.set -> TMA-CG-mladen_01_otp.set
2025-04-27 15:16:23,516 - INFO - Successfully optimized TMA-CG-special_01_standard.set -> TMA-CG-special_01_otp.set
2025-04-27 15:16:23,518 - INFO - Successfully optimized TMA-slope-bands_01_standard.set -> TMA-slope-bands_01_otp.set
2025-04-27 15:16:23,521 - INFO - Successfully optimized TmaTrue-2.0-with-Distances-6xx_01_standard.set -> TmaTrue-2.0-with-Distances-6xx_01_otp.set
2025-04-27 15:16:23,524 - INFO - Successfully optimized TmaTrue-3.0-with-Distances-6xx_01_standard.set -> TmaTrue-3.0-with-Distances-6xx_01_otp.set
2025-04-27 15:16:23,526 - INFO - Successfully optimized TP-with-money_01_standard.set -> TP-with-money_01_otp.set
2025-04-27 15:16:23,529 - INFO - Successfully optimized Trade-in-Channel_01_standard.set -> Trade-in-Channel_01_otp.set
2025-04-27 15:16:23,531 - INFO - Successfully optimized Trade-on-qualified-RSI_01_standard.set -> Trade-on-qualified-RSI_01_otp.set
2025-04-27 15:16:23,534 - INFO - Successfully optimized Trading-Breakout-MrThanhTan_01_standard.set -> Trading-Breakout-MrThanhTan_01_otp.set
2025-04-27 15:16:23,537 - INFO - Successfully optimized Trend-Trader-Strategy-EA_01_standard.set -> Trend-Trader-Strategy-EA_01_otp.set
2025-04-27 15:16:23,540 - INFO - Successfully optimized Trend-Trader-Strategy_01_standard.set -> Trend-Trader-Strategy_01_otp.set
2025-04-27 15:16:23,542 - INFO - Successfully optimized Tru-EA_01_standard.set -> Tru-EA_01_otp.set
2025-04-27 15:16:23,545 - INFO - Successfully optimized True-Scalper-Profit-Lock_01_standard.set -> True-Scalper-Profit-Lock_01_otp.set
2025-04-27 15:16:23,547 - INFO - Successfully optimized TrueSort-1100_01_standard.set -> TrueSort-1100_01_otp.set
2025-04-27 15:16:23,550 - INFO - Successfully optimized Tunnel-gen4_01_standard.set -> Tunnel-gen4_01_otp.set
2025-04-27 15:16:23,552 - INFO - Successfully optimized Tunnel-Method_01_standard.set -> Tunnel-Method_01_otp.set
2025-04-27 15:16:23,554 - INFO - Successfully optimized TurnGrid_01_standard.set -> TurnGrid_01_otp.set
2025-04-27 15:16:23,556 - INFO - Successfully optimized Two PerBar _01_standard.set -> Two PerBar _01_otp.set
2025-04-27 15:16:23,561 - INFO - Successfully optimized Two-20MA-20RSI-20ADX-20EA_01_standard.set -> Two-20MA-20RSI-20ADX-20EA_01_otp.set
2025-04-27 15:16:23,566 - INFO - Successfully optimized Two-20Orders-20Panel_01_standard.set -> Two-20Orders-20Panel_01_otp.set
2025-04-27 15:16:23,569 - INFO - Successfully optimized Two-pending-orders-2_01_standard.set -> Two-pending-orders-2_01_otp.set
2025-04-27 15:16:23,572 - INFO - Successfully optimized UnityPro_01_standard.set -> UnityPro_01_otp.set
2025-04-27 15:16:23,574 - INFO - Successfully optimized UniversalMACrossEA_01_standard.set -> UniversalMACrossEA_01_otp.set
2025-04-27 15:16:23,577 - INFO - Successfully optimized UniversalSignalDemo_01_standard.set -> UniversalSignalDemo_01_otp.set
2025-04-27 15:16:23,579 - INFO - Successfully optimized Universum-3.0_01_standard.set -> Universum-3.0_01_otp.set
2025-04-27 15:16:23,582 - INFO - Successfully optimized UnNomGuai-20EA_01_standard.set -> UnNomGuai-20EA_01_otp.set
2025-04-27 15:16:23,585 - INFO - Successfully optimized up3x1-Investor_01_standard.set -> up3x1-Investor_01_otp.set
2025-04-27 15:16:23,587 - INFO - Successfully optimized up3x1-premium-M_01_standard.set -> up3x1-premium-M_01_otp.set
2025-04-27 15:16:23,589 - INFO - Successfully optimized up3x1_01_standard.set -> up3x1_01_otp.set
2025-04-27 15:16:23,592 - INFO - Successfully optimized Urdala-Trol_01_standard.set -> Urdala-Trol_01_otp.set
2025-04-27 15:16:23,594 - INFO - Successfully optimized Very-Blonde-System_01_standard.set -> Very-Blonde-System_01_otp.set
2025-04-27 15:16:23,596 - INFO - Successfully optimized Virtual-Trailing-Stop_01_standard.set -> Virtual-Trailing-Stop_01_otp.set
2025-04-27 15:16:23,600 - INFO - Successfully optimized VLT-TRADER_01_standard.set -> VLT-TRADER_01_otp.set
2025-04-27 15:16:23,602 - INFO - Successfully optimized Volume-trader_01_standard.set -> Volume-trader_01_otp.set
2025-04-27 15:16:23,604 - INFO - Successfully optimized Vortex-Indicator-System_01_standard.set -> Vortex-Indicator-System_01_otp.set
2025-04-27 15:16:23,607 - INFO - Successfully optimized VR-Overturn_01_standard.set -> VR-Overturn_01_otp.set
2025-04-27 15:16:23,610 - INFO - Successfully optimized VR-ZVER-v.2_01_standard.set -> VR-ZVER-v.2_01_otp.set
2025-04-27 15:16:23,613 - INFO - Successfully optimized VR-ZVER_01_standard.set -> VR-ZVER_01_otp.set
2025-04-27 15:16:23,615 - INFO - Successfully optimized VZO_01_standard.set -> VZO_01_otp.set
2025-04-27 15:16:23,617 - INFO - Successfully optimized Waddah-Attar-Win_01_standard.set -> Waddah-Attar-Win_01_otp.set
2025-04-27 15:16:23,619 - INFO - Successfully optimized WE-TRUST_01_standard.set -> WE-TRUST_01_otp.set
2025-04-27 15:16:23,621 - INFO - Successfully optimized X-RSIOMA_01_standard.set -> X-RSIOMA_01_otp.set
2025-04-27 15:16:23,623 - INFO - Successfully optimized Yesterday-Today_01_standard.set -> Yesterday-Today_01_otp.set
2025-04-27 15:16:23,625 - INFO - Successfully optimized 10-pips-EURUSD_01_standard.set -> 10-pips-EURUSD_01_otp.set
2025-04-27 15:16:23,628 - INFO - Successfully optimized 10-pips_01_standard.set -> 10-pips_01_otp.set
2025-04-27 15:16:23,630 - INFO - Successfully optimized 1H-EUR-USD_01_standard.set -> 1H-EUR-USD_01_otp.set
2025-04-27 15:16:23,631 - INFO - Successfully optimized 20011201-GBPUSD-M1_01_standard.set -> 20011201-GBPUSD-M1_01_otp.set
2025-04-27 15:16:23,633 - INFO - Successfully optimized 21hour_01_standard.set -> 21hour_01_otp.set
2025-04-27 15:16:23,636 - INFO - Successfully optimized 2HR-HL_01_standard.set -> 2HR-HL_01_otp.set
2025-04-27 15:16:23,638 - INFO - Successfully optimized 2MA-4Level_01_standard.set -> 2MA-4Level_01_otp.set
2025-04-27 15:16:23,639 - INFO - Successfully optimized 2MA-Bunny-Cross_01_standard.set -> 2MA-Bunny-Cross_01_otp.set
2025-04-27 15:16:23,642 - INFO - Successfully optimized 3-bars-high-low-indicator_01_standard.set -> 3-bars-high-low-indicator_01_otp.set
2025-04-27 15:16:23,644 - INFO - Successfully optimized 35-Pip-Scalper_01_standard.set -> 35-Pip-Scalper_01_otp.set
2025-04-27 15:16:23,645 - INFO - Successfully optimized 3BarsHighLowEA_01_standard.set -> 3BarsHighLowEA_01_otp.set
2025-04-27 15:16:23,647 - INFO - Successfully optimized 3sma_01_standard.set -> 3sma_01_otp.set
2025-04-27 15:16:23,649 - INFO - Successfully optimized 500_01_standard.set -> 500_01_otp.set
2025-04-27 15:16:23,651 - INFO - Successfully optimized 55-MA_01_standard.set -> 55-MA_01_otp.set
2025-04-27 15:16:23,653 - INFO - Successfully optimized Above-Below-MA_01_standard.set -> Above-Below-MA_01_otp.set
2025-04-27 15:16:23,654 - INFO - Successfully optimized Absorption_01_standard.set -> Absorption_01_otp.set
2025-04-27 15:16:23,656 - INFO - Successfully optimized ADX-MACD-Deev_01_standard.set -> ADX-MACD-Deev_01_otp.set
2025-04-27 15:16:23,658 - INFO - Successfully optimized ADX-MA_01_standard.set -> ADX-MA_01_otp.set
2025-04-27 15:16:23,660 - INFO - Successfully optimized ADX-System_01_standard.set -> ADX-System_01_otp.set
2025-04-27 15:16:23,662 - INFO - Successfully optimized AIS1_01_standard.set -> AIS1_01_otp.set
2025-04-27 15:16:23,663 - INFO - Successfully optimized Alexav-D1-Profit-GBPUSD_01_standard.set -> Alexav-D1-Profit-GBPUSD_01_otp.set
2025-04-27 15:16:23,665 - INFO - Successfully optimized All-Average-Ea_01_standard.set -> All-Average-Ea_01_otp.set
2025-04-27 15:16:23,667 - INFO - Successfully optimized Alligator-Simple_01_standard.set -> Alligator-Simple_01_otp.set
2025-04-27 15:16:23,669 - INFO - Successfully optimized Alligator_01_standard.set -> Alligator_01_otp.set
2025-04-27 15:16:23,670 - INFO - Successfully optimized Altarius-RSI-Stohastic_01_standard.set -> Altarius-RSI-Stohastic_01_otp.set
2025-04-27 15:16:23,672 - INFO - Successfully optimized AMA-Trader-2_01_standard.set -> AMA-Trader-2_01_otp.set
2025-04-27 15:16:23,674 - INFO - Successfully optimized AMA-Trader_01_standard.set -> AMA-Trader_01_otp.set
2025-04-27 15:16:23,676 - INFO - Successfully optimized AO-Lightning_01_standard.set -> AO-Lightning_01_otp.set
2025-04-27 15:16:23,678 - INFO - Successfully optimized AOCCI_01_standard.set -> AOCCI_01_otp.set
2025-04-27 15:16:23,679 - INFO - Successfully optimized Arbitrage_01_standard.set -> Arbitrage_01_otp.set
2025-04-27 15:16:23,681 - INFO - Successfully optimized ArbSint_01_standard.set -> ArbSint_01_otp.set
2025-04-27 15:16:23,683 - INFO - Successfully optimized Area-MACD_01_standard.set -> Area-MACD_01_otp.set
2025-04-27 15:16:23,684 - INFO - Successfully optimized Artificial-Intelligence_01_standard.set -> Artificial-Intelligence_01_otp.set
2025-04-27 15:16:23,686 - INFO - Successfully optimized At-random-Full_01_standard.set -> At-random-Full_01_otp.set
2025-04-27 15:16:23,688 - INFO - Successfully optimized At-random_01_standard.set -> At-random_01_otp.set
2025-04-27 15:16:23,690 - INFO - Successfully optimized Auto-ADX_01_standard.set -> Auto-ADX_01_otp.set
2025-04-27 15:16:23,692 - INFO - Successfully optimized Auto-Pivot-Plotter-28Mid-Levels-29-41_01_standard.set -> Auto-Pivot-Plotter-28Mid-Levels-29-41_01_otp.set
2025-04-27 15:16:23,694 - INFO - Successfully optimized AutoLock-EA_01_standard.set -> AutoLock-EA_01_otp.set
2025-04-27 15:16:23,696 - INFO - Successfully optimized Autotrader-Momentum_01_standard.set -> Autotrader-Momentum_01_otp.set
2025-04-27 15:16:23,698 - INFO - Successfully optimized Avalanche-AV_01_standard.set -> Avalanche-AV_01_otp.set
2025-04-27 15:16:23,699 - INFO - Successfully optimized Backbone_01_standard.set -> Backbone_01_otp.set
2025-04-27 15:16:23,701 - INFO - Successfully optimized BADX_01_standard.set -> BADX_01_otp.set
2025-04-27 15:16:23,703 - INFO - Successfully optimized Bago-EA_01_standard.set -> Bago-EA_01_otp.set
2025-04-27 15:16:23,705 - INFO - Successfully optimized BalancedScalper-20EA_01_standard.set -> BalancedScalper-20EA_01_otp.set
2025-04-27 15:16:23,706 - INFO - Successfully optimized Bands-2_01_standard.set -> Bands-2_01_otp.set
2025-04-27 15:16:23,709 - INFO - Successfully optimized BARS-Alligator_01_standard.set -> BARS-Alligator_01_otp.set
2025-04-27 15:16:23,710 - INFO - Successfully optimized Basic-CCI-RSI_01_standard.set -> Basic-CCI-RSI_01_otp.set
2025-04-27 15:16:23,712 - INFO - Successfully optimized Basic-Martingale-EA-3_01_standard.set -> Basic-Martingale-EA-3_01_otp.set
2025-04-27 15:16:23,714 - INFO - Successfully optimized BBPercentile-EA_01_standard.set -> BBPercentile-EA_01_otp.set
2025-04-27 15:16:23,716 - INFO - Successfully optimized BBPercentile_01_standard.set -> BBPercentile_01_otp.set
2025-04-27 15:16:23,718 - INFO - Successfully optimized BDCrossOver-20EA_01_standard.set -> BDCrossOver-20EA_01_otp.set
2025-04-27 15:16:23,719 - INFO - Successfully optimized BIG-DOG_01_standard.set -> BIG-DOG_01_otp.set
2025-04-27 15:16:23,721 - INFO - Successfully optimized Bill-Williams_01_standard.set -> Bill-Williams_01_otp.set
2025-04-27 15:16:23,723 - INFO - Successfully optimized Bollinger-Band-Two-MA-and-Zig-Zag_01_standard.set -> Bollinger-Band-Two-MA-and-Zig-Zag_01_otp.set
2025-04-27 15:16:23,724 - INFO - Successfully optimized Bollinger-Bands-N-positions_01_standard.set -> Bollinger-Bands-N-positions_01_otp.set
2025-04-27 15:16:23,726 - INFO - Successfully optimized Bollinger-Bands-RSI_01_standard.set -> Bollinger-Bands-RSI_01_otp.set
2025-04-27 15:16:23,727 - INFO - Successfully optimized bollinger_01_standard.set -> bollinger_01_otp.set
2025-04-27 15:16:23,729 - INFO - Successfully optimized Brakeout-Trader_01_standard.set -> Brakeout-Trader_01_otp.set
2025-04-27 15:16:23,731 - INFO - Successfully optimized Brandy_01_standard.set -> Brandy_01_otp.set
2025-04-27 15:16:23,733 - INFO - Successfully optimized Breadandbutter2_01_standard.set -> Breadandbutter2_01_otp.set
2025-04-27 15:16:23,734 - INFO - Successfully optimized Breakdown-catcher_01_standard.set -> Breakdown-catcher_01_otp.set
2025-04-27 15:16:23,736 - INFO - Successfully optimized breakdown_01_standard.set -> breakdown_01_otp.set
2025-04-27 15:16:23,738 - INFO - Successfully optimized Breakout-Str_01_standard.set -> Breakout-Str_01_otp.set
2025-04-27 15:16:23,740 - INFO - Successfully optimized Bronze-Warrioir_01_standard.set -> Bronze-Warrioir_01_otp.set
2025-04-27 15:16:23,741 - INFO - Successfully optimized Bruno_01_standard.set -> Bruno_01_otp.set
2025-04-27 15:16:23,743 - INFO - Successfully optimized BSS-1-0_01_standard.set -> BSS-1-0_01_otp.set
2025-04-27 15:16:23,744 - INFO - Successfully optimized Bullish-and-Bearish-Engulfing_01_standard.set -> Bullish-and-Bearish-Engulfing_01_otp.set
2025-04-27 15:16:23,746 - INFO - Successfully optimized Burg-Extrapolator_01_standard.set -> Burg-Extrapolator_01_otp.set
2025-04-27 15:16:23,748 - INFO - Successfully optimized BykovTrend-EA_01_standard.set -> BykovTrend-EA_01_otp.set
2025-04-27 15:16:23,750 - INFO - Successfully optimized Calculate-lotsize-and-Trailling-stop_01_standard.set -> Calculate-lotsize-and-Trailling-stop_01_otp.set
2025-04-27 15:16:23,752 - INFO - Successfully optimized candlepatternsexample_01_standard.set -> candlepatternsexample_01_otp.set
2025-04-27 15:16:23,753 - INFO - Successfully optimized Candle_01_standard.set -> Candle_01_otp.set
2025-04-27 15:16:23,755 - INFO - Successfully optimized Carbophos_01_standard.set -> Carbophos_01_otp.set
2025-04-27 15:16:23,756 - INFO - Successfully optimized CashMachine-5min_01_standard.set -> CashMachine-5min_01_otp.set
2025-04-27 15:16:23,758 - INFO - Successfully optimized CCI-MACD-Scalper_01_standard.set -> CCI-MACD-Scalper_01_otp.set
2025-04-27 15:16:23,759 - INFO - Successfully optimized Cidomo_01_standard.set -> Cidomo_01_otp.set
2025-04-27 15:16:23,761 - INFO - Successfully optimized CloseAgent_01_standard.set -> CloseAgent_01_otp.set
2025-04-27 15:16:23,762 - INFO - Successfully optimized CloseProfit_01_standard.set -> CloseProfit_01_otp.set
2025-04-27 15:16:23,764 - INFO - Successfully optimized cloud's-trade-2_01_standard.set -> cloud's-trade-2_01_otp.set
2025-04-27 15:16:23,766 - INFO - Successfully optimized CLOUD_01_standard.set -> CLOUD_01_otp.set
2025-04-27 15:16:23,768 - INFO - Successfully optimized Constituents-EA_01_standard.set -> Constituents-EA_01_otp.set
2025-04-27 15:16:23,769 - INFO - Successfully optimized Contrarian-trade-MA_01_standard.set -> Contrarian-trade-MA_01_otp.set
2025-04-27 15:16:23,771 - INFO - Successfully optimized Crossing-Moving-Average_01_standard.set -> Crossing-Moving-Average_01_otp.set
2025-04-27 15:16:23,773 - INFO - Successfully optimized CrossMA_01_standard.set -> CrossMA_01_otp.set
2025-04-27 15:16:23,775 - INFO - Successfully optimized Currencyprofits-01.1_01_standard.set -> Currencyprofits-01.1_01_otp.set
2025-04-27 15:16:23,777 - INFO - Successfully optimized Daily-20reversal-20-20EA_01_standard.set -> Daily-20reversal-20-20EA_01_otp.set
2025-04-27 15:16:23,779 - INFO - Successfully optimized Daily-BreakPoint_01_standard.set -> Daily-BreakPoint_01_otp.set
2025-04-27 15:16:23,781 - INFO - Successfully optimized Daily-Open-EA_01_standard.set -> Daily-Open-EA_01_otp.set
2025-04-27 15:16:23,783 - INFO - Successfully optimized Daily-range_01_standard.set -> Daily-range_01_otp.set
2025-04-27 15:16:23,784 - INFO - Successfully optimized Day-Trading-PAMXA_01_standard.set -> Day-Trading-PAMXA_01_otp.set
2025-04-27 15:16:23,786 - INFO - Successfully optimized Daydream_01_standard.set -> Daydream_01_otp.set
2025-04-27 15:16:23,788 - INFO - Successfully optimized DayTrading_01_standard.set -> DayTrading_01_otp.set
2025-04-27 15:16:23,790 - INFO - Successfully optimized Dealers-Trade-v-7.74-MACD_01_standard.set -> Dealers-Trade-v-7.74-MACD_01_otp.set
2025-04-27 15:16:23,792 - INFO - Successfully optimized Deep-Drawdown-MA_01_standard.set -> Deep-Drawdown-MA_01_otp.set
2025-04-27 15:16:23,794 - INFO - Successfully optimized DeMarker-gaining-position-volume-2_01_standard.set -> DeMarker-gaining-position-volume-2_01_otp.set
2025-04-27 15:16:23,796 - INFO - Successfully optimized DeMarker-gaining-position-volume_01_standard.set -> DeMarker-gaining-position-volume_01_otp.set
2025-04-27 15:16:23,797 - INFO - Successfully optimized DeMarker-Pending-2-5_01_standard.set -> DeMarker-Pending-2-5_01_otp.set
2025-04-27 15:16:23,799 - INFO - Successfully optimized DeMarker-Pending-2_01_standard.set -> DeMarker-Pending-2_01_otp.set
2025-04-27 15:16:23,801 - INFO - Successfully optimized DeMarker-Pending_01_standard.set -> DeMarker-Pending_01_otp.set
2025-04-27 15:16:23,803 - INFO - Successfully optimized Dematus_01_standard.set -> Dematus_01_otp.set
2025-04-27 15:16:23,805 - INFO - Successfully optimized Divergence-20for-20many-20indicator_01_standard.set -> Divergence-20for-20many-20indicator_01_otp.set
2025-04-27 15:16:23,807 - INFO - Successfully optimized Divergence-EA_01_standard.set -> Divergence-EA_01_otp.set
2025-04-27 15:16:23,809 - INFO - Successfully optimized Doji-Arrows_01_standard.set -> Doji-Arrows_01_otp.set
2025-04-27 15:16:23,812 - INFO - Successfully optimized DojiTrader_01_standard.set -> DojiTrader_01_otp.set
2025-04-27 15:16:23,814 - INFO - Successfully optimized Donchian-Chanel-EA_01_standard.set -> Donchian-Chanel-EA_01_otp.set
2025-04-27 15:16:23,816 - INFO - Successfully optimized DoubleHullMA-EA_01_standard.set -> DoubleHullMA-EA_01_otp.set
2025-04-27 15:16:23,818 - INFO - Successfully optimized DoubleHullMA_01_standard.set -> DoubleHullMA_01_otp.set
2025-04-27 15:16:23,820 - INFO - Successfully optimized DoubleMA-Crossover-EA_01_standard.set -> DoubleMA-Crossover-EA_01_otp.set
2025-04-27 15:16:23,821 - INFO - Successfully optimized Doubler_01_standard.set -> Doubler_01_otp.set
2025-04-27 15:16:23,823 - INFO - Successfully optimized dummy_01_standard.set -> dummy_01_otp.set
2025-04-27 15:16:23,824 - INFO - Successfully optimized Dynamic-averaging_01_standard.set -> Dynamic-averaging_01_otp.set
2025-04-27 15:16:23,826 - INFO - Successfully optimized e-Breakeven_01_standard.set -> e-Breakeven_01_otp.set
2025-04-27 15:16:23,828 - INFO - Successfully optimized E-Friday_01_standard.set -> E-Friday_01_otp.set
2025-04-27 15:16:23,830 - INFO - Successfully optimized E-Skoch-Open_01_standard.set -> E-Skoch-Open_01_otp.set
2025-04-27 15:16:23,831 - INFO - Successfully optimized e-Skoch-pending-orders_01_standard.set -> e-Skoch-pending-orders_01_otp.set
2025-04-27 15:16:23,833 - INFO - Successfully optimized e-Smart-Trailing_01_standard.set -> e-Smart-Trailing_01_otp.set
2025-04-27 15:16:23,834 - INFO - Successfully optimized e-TurboFx_01_standard.set -> e-TurboFx_01_otp.set
2025-04-27 15:16:23,836 - INFO - Successfully optimized EA-Close_01_standard.set -> EA-Close_01_otp.set
2025-04-27 15:16:23,838 - INFO - Successfully optimized EA-MA-Stoch-RSI_01_standard.set -> EA-MA-Stoch-RSI_01_otp.set
2025-04-27 15:16:23,840 - INFO - Successfully optimized EA-Moving-Average_01_standard.set -> EA-Moving-Average_01_otp.set
2025-04-27 15:16:23,842 - INFO - Successfully optimized Elite-eFibo-Trader_01_standard.set -> Elite-eFibo-Trader_01_otp.set
2025-04-27 15:16:23,843 - INFO - Successfully optimized EMA-6.12_01_standard.set -> EMA-6.12_01_otp.set
2025-04-27 15:16:23,845 - INFO - Successfully optimized EMA-CROSS_01_standard.set -> EMA-CROSS_01_otp.set
2025-04-27 15:16:23,847 - INFO - Successfully optimized EMA-LWMA-RSI_01_standard.set -> EMA-LWMA-RSI_01_otp.set
2025-04-27 15:16:23,849 - INFO - Successfully optimized EMA-RSI-EA_01_standard.set -> EMA-RSI-EA_01_otp.set
2025-04-27 15:16:23,850 - INFO - Successfully optimized EMA-WMA_01_standard.set -> EMA-WMA_01_otp.set
2025-04-27 15:16:23,852 - INFO - Successfully optimized EMA_01_standard.set -> EMA_01_otp.set
2025-04-27 15:16:23,853 - INFO - Successfully optimized Eugene_01_standard.set -> Eugene_01_otp.set
2025-04-27 15:16:23,855 - INFO - Successfully optimized eur-usd-m5_01_standard.set -> eur-usd-m5_01_otp.set
2025-04-27 15:16:23,857 - INFO - Successfully optimized EURUSD-breakout_01_standard.set -> EURUSD-breakout_01_otp.set
2025-04-27 15:16:23,858 - INFO - Successfully optimized Executer-AC_01_standard.set -> Executer-AC_01_otp.set
2025-04-27 15:16:23,860 - INFO - Successfully optimized Executor-AO_01_standard.set -> Executor-AO_01_otp.set
2025-04-27 15:16:23,862 - INFO - Successfully optimized Executor-Candles_01_standard.set -> Executor-Candles_01_otp.set
2025-04-27 15:16:23,864 - INFO - Successfully optimized exp-Amstell_01_standard.set -> exp-Amstell_01_otp.set
2025-04-27 15:16:23,866 - INFO - Successfully optimized Expert-NEWS_01_standard.set -> Expert-NEWS_01_otp.set
2025-04-27 15:16:23,867 - INFO - Successfully optimized Expert-RSI-Stochastic-MA_01_standard.set -> Expert-RSI-Stochastic-MA_01_otp.set
2025-04-27 15:16:23,870 - INFO - Successfully optimized ExtremePrice-EA_01_standard.set -> ExtremePrice-EA_01_otp.set
2025-04-27 15:16:23,873 - INFO - Successfully optimized FiboRetracement-20EA_01_standard.set -> FiboRetracement-20EA_01_otp.set
2025-04-27 15:16:23,875 - INFO - Successfully optimized Firebird_01_standard.set -> Firebird_01_otp.set
2025-04-27 15:16:23,877 - INFO - Successfully optimized Firestorm-EA_01_standard.set -> Firestorm-EA_01_otp.set
2025-04-27 15:16:23,880 - INFO - Successfully optimized Firestorm-indicator_01_standard.set -> Firestorm-indicator_01_otp.set
2025-04-27 15:16:23,882 - INFO - Successfully optimized Fluctuate_01_standard.set -> Fluctuate_01_otp.set
2025-04-27 15:16:23,884 - INFO - Successfully optimized Forex-Fraus-M1_01_standard.set -> Forex-Fraus-M1_01_otp.set
2025-04-27 15:16:23,886 - INFO - Successfully optimized Forex-Profit_01_standard.set -> Forex-Profit_01_otp.set
2025-04-27 15:16:23,888 - INFO - Successfully optimized Fractals-minimum-distance_01_standard.set -> Fractals-minimum-distance_01_otp.set
2025-04-27 15:16:23,890 - INFO - Successfully optimized Fraktrak-xonax_01_standard.set -> Fraktrak-xonax_01_otp.set
2025-04-27 15:16:23,891 - INFO - Successfully optimized Frank-Ud_01_standard.set -> Frank-Ud_01_otp.set
2025-04-27 15:16:23,893 - INFO - Successfully optimized FT-CCI_01_standard.set -> FT-CCI_01_otp.set
2025-04-27 15:16:23,895 - INFO - Successfully optimized Fuzzy-logic_01_standard.set -> Fuzzy-logic_01_otp.set
2025-04-27 15:16:23,897 - INFO - Successfully optimized GalacticExplosion_01_standard.set -> GalacticExplosion_01_otp.set
2025-04-27 15:16:23,899 - INFO - Successfully optimized Gandalf-PRO_01_standard.set -> Gandalf-PRO_01_otp.set
2025-04-27 15:16:23,901 - INFO - Successfully optimized Gap-DM_01_standard.set -> Gap-DM_01_otp.set
2025-04-27 15:16:23,904 - INFO - Successfully optimized GAP-EA_01_standard.set -> GAP-EA_01_otp.set
2025-04-27 15:16:23,906 - INFO - Successfully optimized Gaps_01_standard.set -> Gaps_01_otp.set
2025-04-27 15:16:23,908 - INFO - Successfully optimized GBP9AM_01_standard.set -> GBP9AM_01_otp.set
2025-04-27 15:16:23,910 - INFO - Successfully optimized GbpChf_01_standard.set -> GbpChf_01_otp.set
2025-04-27 15:16:23,912 - INFO - Successfully optimized Gold-Dust_01_standard.set -> Gold-Dust_01_otp.set
2025-04-27 15:16:23,914 - INFO - Successfully optimized GO_01_standard.set -> GO_01_otp.set
2025-04-27 15:16:23,916 - INFO - Successfully optimized GreenTrade_01_standard.set -> GreenTrade_01_otp.set
2025-04-27 15:16:23,919 - INFO - Successfully optimized Grid-Martingale_01_standard.set -> Grid-Martingale_01_otp.set
2025-04-27 15:16:23,921 - INFO - Successfully optimized GridEA_01_standard.set -> GridEA_01_otp.set
2025-04-27 15:16:23,923 - INFO - Successfully optimized Grid_01_standard.set -> Grid_01_otp.set
2025-04-27 15:16:23,925 - INFO - Successfully optimized HarVesteR_01_standard.set -> HarVesteR_01_otp.set
2025-04-27 15:16:23,927 - INFO - Successfully optimized HedgeEA_01_standard.set -> HedgeEA_01_otp.set
2025-04-27 15:16:23,930 - INFO - Successfully optimized hedger_01_standard.set -> hedger_01_otp.set
2025-04-27 15:16:23,933 - INFO - Successfully optimized Hedging-EA_01_standard.set -> Hedging-EA_01_otp.set
2025-04-27 15:16:23,936 - INFO - Successfully optimized Heiken-Ashi-Smoothed-EA-with-MA_01_standard.set -> Heiken-Ashi-Smoothed-EA-with-MA_01_otp.set
2025-04-27 15:16:23,939 - INFO - Successfully optimized Heiken-Ashi-Smoothed-EA_01_standard.set -> Heiken-Ashi-Smoothed-EA_01_otp.set
2025-04-27 15:16:23,941 - INFO - Successfully optimized heiken-ashi-smoothedLine_01_standard.set -> heiken-ashi-smoothedLine_01_otp.set
2025-04-27 15:16:23,943 - INFO - Successfully optimized heiken-ashi-smoothed_01_standard.set -> heiken-ashi-smoothed_01_otp.set
2025-04-27 15:16:23,947 - INFO - Successfully optimized HeikenAshi-Lines-EA_01_standard.set -> HeikenAshi-Lines-EA_01_otp.set
2025-04-27 15:16:23,949 - INFO - Successfully optimized HeikenAshi-Lines_01_standard.set -> HeikenAshi-Lines_01_otp.set
2025-04-27 15:16:23,951 - INFO - Successfully optimized Heinken-Ashi-Color-Candles_01_standard.set -> Heinken-Ashi-Color-Candles_01_otp.set
2025-04-27 15:16:23,954 - INFO - Successfully optimized HelloSmart_01_standard.set -> HelloSmart_01_otp.set
2025-04-27 15:16:23,957 - INFO - Successfully optimized High-Low-EA_01_standard.set -> High-Low-EA_01_otp.set
2025-04-27 15:16:23,959 - INFO - Successfully optimized High-Low-Indicator_01_standard.set -> High-Low-Indicator_01_otp.set
2025-04-27 15:16:23,962 - INFO - Successfully optimized Hoop-master-2_01_standard.set -> Hoop-master-2_01_otp.set
2025-04-27 15:16:23,964 - INFO - Successfully optimized iCCI-iMA_01_standard.set -> iCCI-iMA_01_otp.set
2025-04-27 15:16:23,967 - INFO - Successfully optimized ICH-With-Alert-Derekers-EA_01_standard.set -> ICH-With-Alert-Derekers-EA_01_otp.set
2025-04-27 15:16:23,969 - INFO - Successfully optimized ICH-With-Alert-Derekers_01_standard.set -> ICH-With-Alert-Derekers_01_otp.set
2025-04-27 15:16:23,971 - INFO - Successfully optimized ichimok2005_01_standard.set -> ichimok2005_01_otp.set
2025-04-27 15:16:23,974 - INFO - Successfully optimized Ichimoku-20Kijun-20Alert_01_standard.set -> Ichimoku-20Kijun-20Alert_01_otp.set
2025-04-27 15:16:23,976 - INFO - Successfully optimized Ichimoku-20Tenkan-20Alert_01_standard.set -> Ichimoku-20Tenkan-20Alert_01_otp.set
2025-04-27 15:16:23,978 - INFO - Successfully optimized Ichimoku-Scanner_01_standard.set -> Ichimoku-Scanner_01_otp.set
2025-04-27 15:16:23,981 - INFO - Successfully optimized Ichimoku-Signals-and-Alert_01_standard.set -> Ichimoku-Signals-and-Alert_01_otp.set
2025-04-27 15:16:23,984 - INFO - Successfully optimized IchimokuMTF-EA_01_standard.set -> IchimokuMTF-EA_01_otp.set
2025-04-27 15:16:23,986 - INFO - Successfully optimized Ichimoku_01_standard.set -> Ichimoku_01_otp.set
2025-04-27 15:16:23,989 - INFO - Successfully optimized Ilan-iMA_01_standard.set -> Ilan-iMA_01_otp.set
2025-04-27 15:16:23,992 - INFO - Successfully optimized Ilan1.4_01_standard.set -> Ilan1.4_01_otp.set
2025-04-27 15:16:23,994 - INFO - Successfully optimized iMA-iStdDev_01_standard.set -> iMA-iStdDev_01_otp.set
2025-04-27 15:16:23,996 - INFO - Successfully optimized Indices-Tester_01_standard.set -> Indices-Tester_01_otp.set
2025-04-27 15:16:23,999 - INFO - Successfully optimized Inka-20Edho-20EA_01_standard.set -> Inka-20Edho-20EA_01_otp.set
2025-04-27 15:16:24,001 - INFO - Successfully optimized Intersection-2-iMA_01_standard.set -> Intersection-2-iMA_01_otp.set
2025-04-27 15:16:24,003 - INFO - Successfully optimized IStochastic-Trading_01_standard.set -> IStochastic-Trading_01_otp.set
2025-04-27 15:16:24,005 - INFO - Successfully optimized Ivan_01_standard.set -> Ivan_01_otp.set
2025-04-27 15:16:24,007 - INFO - Successfully optimized iVIDyA-Simple_01_standard.set -> iVIDyA-Simple_01_otp.set
2025-04-27 15:16:24,010 - INFO - Successfully optimized Jackpot-Strategy-EA_01_standard.set -> Jackpot-Strategy-EA_01_otp.set
2025-04-27 15:16:24,013 - INFO - Successfully optimized JackPot-Strategy-Elite_01_standard.set -> JackPot-Strategy-Elite_01_otp.set
2025-04-27 15:16:24,015 - INFO - Successfully optimized JK-BullP-AutoTrader_01_standard.set -> JK-BullP-AutoTrader_01_otp.set
2025-04-27 15:16:24,017 - INFO - Successfully optimized JS-Chaos_01_standard.set -> JS-Chaos_01_otp.set
2025-04-27 15:16:24,019 - INFO - Successfully optimized JS-MA-Day_01_standard.set -> JS-MA-Day_01_otp.set
2025-04-27 15:16:24,022 - INFO - Successfully optimized JS-MA-SAR-Trades_01_standard.set -> JS-MA-SAR-Trades_01_otp.set
2025-04-27 15:16:24,024 - INFO - Successfully optimized KA-Gold-Bot_01_standard.set -> KA-Gold-Bot_01_otp.set
2025-04-27 15:16:24,027 - INFO - Successfully optimized Kue-Electric-EA_01_standard.set -> Kue-Electric-EA_01_otp.set
2025-04-27 15:16:24,030 - INFO - Successfully optimized KueFx-20Arrows_01_standard.set -> KueFx-20Arrows_01_otp.set
2025-04-27 15:16:24,032 - INFO - Successfully optimized KueFx-20Baseline_01_standard.set -> KueFx-20Baseline_01_otp.set
2025-04-27 15:16:24,034 - INFO - Successfully optimized KueFx-Arrows-20EA_01_standard.set -> KueFx-Arrows-20EA_01_otp.set
2025-04-27 15:16:24,037 - INFO - Successfully optimized KueFx-Arrows-EA_01_standard.set -> KueFx-Arrows-EA_01_otp.set
2025-04-27 15:16:24,039 - INFO - Successfully optimized KueFx-Arrows_01_standard.set -> KueFx-Arrows_01_otp.set
2025-04-27 15:16:24,042 - INFO - Successfully optimized KueFx-Baseline-EA_01_standard.set -> KueFx-Baseline-EA_01_otp.set
2025-04-27 15:16:24,045 - INFO - Successfully optimized KueFx-Baseline_01_standard.set -> KueFx-Baseline_01_otp.set
2025-04-27 15:16:24,048 - INFO - Successfully optimized KueFx-Clean-2025-EA_01_standard.set -> KueFx-Clean-2025-EA_01_otp.set
2025-04-27 15:16:24,051 - INFO - Successfully optimized KueFx-Extreme-EA_01_standard.set -> KueFx-Extreme-EA_01_otp.set
2025-04-27 15:16:24,053 - INFO - Successfully optimized KueFx-Harare-EA_01_standard.set -> KueFx-Harare-EA_01_otp.set
2025-04-27 15:16:24,055 - INFO - Successfully optimized KueFX-Money-Management_01_standard.set -> KueFX-Money-Management_01_otp.set
2025-04-27 15:16:24,060 - INFO - Successfully optimized KueFx-Motor-EA_01_standard.set -> KueFx-Motor-EA_01_otp.set
2025-04-27 15:16:24,064 - INFO - Successfully optimized KueFx-Motor_01_standard.set -> KueFx-Motor_01_otp.set
2025-04-27 15:16:24,067 - INFO - Successfully optimized KueFx-Trend_01_standard.set -> KueFx-Trend_01_otp.set
2025-04-27 15:16:24,071 - INFO - Successfully optimized KueFxTrend-20EA_01_standard.set -> KueFxTrend-20EA_01_otp.set
2025-04-27 15:16:24,074 - INFO - Successfully optimized KueFxTrend-EA_01_standard.set -> KueFxTrend-EA_01_otp.set
2025-04-27 15:16:24,076 - INFO - Successfully optimized LarryConnersRSI2_01_standard.set -> LarryConnersRSI2_01_otp.set
2025-04-27 15:16:24,079 - INFO - Successfully optimized Last-ZZ50_01_standard.set -> Last-ZZ50_01_otp.set
2025-04-27 15:16:24,081 - INFO - Successfully optimized Lavika100_01_standard.set -> Lavika100_01_otp.set
2025-04-27 15:16:24,084 - INFO - Successfully optimized LBS_01_standard.set -> LBS_01_otp.set
2025-04-27 15:16:24,087 - INFO - Successfully optimized Lego-EA_01_standard.set -> Lego-EA_01_otp.set
2025-04-27 15:16:24,090 - INFO - Successfully optimized Lesson-3-Price-Action_01_standard.set -> Lesson-3-Price-Action_01_otp.set
2025-04-27 15:16:24,093 - INFO - Successfully optimized Lesson-4-Price-Action-MA-Filter_01_standard.set -> Lesson-4-Price-Action-MA-Filter_01_otp.set
2025-04-27 15:16:24,095 - INFO - Successfully optimized Lesson-6-Trailling-ATR_01_standard.set -> Lesson-6-Trailling-ATR_01_otp.set
2025-04-27 15:16:24,099 - INFO - Successfully optimized Lesson-7-Price-action-Ket-hop-Volume-VSA_01_standard.set -> Lesson-7-Price-action-Ket-hop-Volume-VSA_01_otp.set
2025-04-27 15:16:24,102 - INFO - Successfully optimized Little-EA_01_standard.set -> Little-EA_01_otp.set
2025-04-27 15:16:24,104 - INFO - Successfully optimized Locker_01_standard.set -> Locker_01_otp.set
2025-04-27 15:16:24,107 - INFO - Successfully optimized Lock_01_standard.set -> Lock_01_otp.set
2025-04-27 15:16:24,109 - INFO - Successfully optimized Lucky_01_standard.set -> Lucky_01_otp.set
2025-04-27 15:16:24,112 - INFO - Successfully optimized MA-20Alert_01_standard.set -> MA-20Alert_01_otp.set
2025-04-27 15:16:24,115 - INFO - Successfully optimized MA-20AO-20Arrow_01_standard.set -> MA-20AO-20Arrow_01_otp.set
2025-04-27 15:16:24,118 - INFO - Successfully optimized MA-AO-EA_01_standard.set -> MA-AO-EA_01_otp.set
2025-04-27 15:16:24,121 - INFO - Successfully optimized ma-channels_01_standard.set -> ma-channels_01_otp.set
2025-04-27 15:16:24,123 - INFO - Successfully optimized MA-Cross_01_standard.set -> MA-Cross_01_otp.set
2025-04-27 15:16:24,126 - INFO - Successfully optimized MA-Envelopes_01_standard.set -> MA-Envelopes_01_otp.set
2025-04-27 15:16:24,129 - INFO - Successfully optimized MA-MACD-Position-averaging_01_standard.set -> MA-MACD-Position-averaging_01_otp.set
2025-04-27 15:16:24,131 - INFO - Successfully optimized MA-Trend_01_standard.set -> MA-Trend_01_otp.set
2025-04-27 15:16:24,135 - INFO - Successfully optimized MA2CCI_01_standard.set -> MA2CCI_01_otp.set
2025-04-27 15:16:24,137 - INFO - Successfully optimized MACD-and-SAR_01_standard.set -> MACD-and-SAR_01_otp.set
2025-04-27 15:16:24,140 - INFO - Successfully optimized MACD-Cleaner_01_standard.set -> MACD-Cleaner_01_otp.set
2025-04-27 15:16:24,143 - INFO - Successfully optimized MACD-EA-H4_01_standard.set -> MACD-EA-H4_01_otp.set
2025-04-27 15:16:24,145 - INFO - Successfully optimized MACD-No-Sample_01_standard.set -> MACD-No-Sample_01_otp.set
2025-04-27 15:16:24,149 - INFO - Successfully optimized MACD-signal_01_standard.set -> MACD-signal_01_otp.set
2025-04-27 15:16:24,151 - INFO - Successfully optimized MACD-Stochastic-2_01_standard.set -> MACD-Stochastic-2_01_otp.set
2025-04-27 15:16:24,155 - INFO - Successfully optimized MACD-Stochastic_01_standard.set -> MACD-Stochastic_01_otp.set
2025-04-27 15:16:24,157 - INFO - Successfully optimized MACDCCI_01_standard.set -> MACDCCI_01_otp.set
2025-04-27 15:16:24,161 - INFO - Successfully optimized MacdPatternTraderAll0.01_01_standard.set -> MacdPatternTraderAll0.01_01_otp.set
2025-04-27 15:16:24,164 - INFO - Successfully optimized MacdPatternTraderAll_01_standard.set -> MacdPatternTraderAll_01_otp.set
2025-04-27 15:16:24,166 - INFO - Successfully optimized MACD_01_standard.set -> MACD_01_otp.set
2025-04-27 15:16:24,170 - INFO - Successfully optimized MAGrid_01_standard.set -> MAGrid_01_otp.set
2025-04-27 15:16:24,172 - INFO - Successfully optimized MAMACD_01_standard.set -> MAMACD_01_otp.set
2025-04-27 15:16:24,175 - INFO - Successfully optimized Market-Capture_01_standard.set -> Market-Capture_01_otp.set
2025-04-27 15:16:24,178 - INFO - Successfully optimized Martin-1_01_standard.set -> Martin-1_01_otp.set
2025-04-27 15:16:24,180 - INFO - Successfully optimized Martin-for-small-deposits_01_standard.set -> Martin-for-small-deposits_01_otp.set
2025-04-27 15:16:24,183 - INFO - Successfully optimized MartingailExpert_01_standard.set -> MartingailExpert_01_otp.set
2025-04-27 15:16:24,185 - INFO - Successfully optimized MartinGaleBreakout_01_standard.set -> MartinGaleBreakout_01_otp.set
2025-04-27 15:16:24,187 - INFO - Successfully optimized Martin_01_standard.set -> Martin_01_otp.set
2025-04-27 15:16:24,190 - INFO - Successfully optimized Marubozu-EA_01_standard.set -> Marubozu-EA_01_otp.set
2025-04-27 15:16:24,192 - INFO - Successfully optimized Marubozu_01_standard.set -> Marubozu_01_otp.set
2025-04-27 15:16:24,194 - INFO - Successfully optimized MelBar-EuSwiss-1.85_01_standard.set -> MelBar-EuSwiss-1.85_01_otp.set
2025-04-27 15:16:24,197 - INFO - Successfully optimized MelBar™Take325-™-5.5Y-NZD-USD_01_standard.set -> MelBar™Take325-™-5.5Y-NZD-USD_01_otp.set
2025-04-27 15:16:24,199 - INFO - Successfully optimized Mobo-Bands-EA_01_standard.set -> Mobo-Bands-EA_01_otp.set
2025-04-27 15:16:24,201 - INFO - Successfully optimized Mobo-Bands_01_standard.set -> Mobo-Bands_01_otp.set
2025-04-27 15:16:24,204 - INFO - Successfully optimized Modified-Moving-Averages_01_standard.set -> Modified-Moving-Averages_01_otp.set
2025-04-27 15:16:24,206 - INFO - Successfully optimized Momentum-M15_01_standard.set -> Momentum-M15_01_otp.set
2025-04-27 15:16:24,208 - INFO - Successfully optimized Momo-trades_01_standard.set -> Momo-trades_01_otp.set
2025-04-27 15:16:24,211 - INFO - Successfully optimized Money-Fixed-Margin_01_standard.set -> Money-Fixed-Margin_01_otp.set
2025-04-27 15:16:24,213 - INFO - Successfully optimized Money-Fixed-Risk_01_standard.set -> Money-Fixed-Risk_01_otp.set
2025-04-27 15:16:24,215 - INFO - Successfully optimized MoneyRain_01_standard.set -> MoneyRain_01_otp.set
2025-04-27 15:16:24,218 - INFO - Successfully optimized Morning-evening-star-EA_01_standard.set -> Morning-evening-star-EA_01_otp.set
2025-04-27 15:16:24,220 - INFO - Successfully optimized MostasHaR15-Pivot_01_standard.set -> MostasHaR15-Pivot_01_otp.set
2025-04-27 15:16:24,223 - INFO - Successfully optimized Moving-20average-20and-20ichimoku-20EA_01_standard.set -> Moving-20average-20and-20ichimoku-20EA_01_otp.set
2025-04-27 15:16:24,225 - INFO - Successfully optimized Moving-Average-Trade-System_01_standard.set -> Moving-Average-Trade-System_01_otp.set
2025-04-27 15:16:24,228 - INFO - Successfully optimized Moving-Averages_01_standard.set -> Moving-Averages_01_otp.set
2025-04-27 15:16:24,232 - INFO - Successfully optimized MovingAverageMartinGale_01_standard.set -> MovingAverageMartinGale_01_otp.set
2025-04-27 15:16:24,234 - INFO - Successfully optimized MovingAverage_01_standard.set -> MovingAverage_01_otp.set
2025-04-27 15:16:24,236 - INFO - Successfully optimized MQL5-Wizard-MA-RSI_01_standard.set -> MQL5-Wizard-MA-RSI_01_otp.set
2025-04-27 15:16:24,239 - INFO - Successfully optimized MQL5-Wizard-MACD-Parabolic-SAR_01_standard.set -> MQL5-Wizard-MACD-Parabolic-SAR_01_otp.set
2025-04-27 15:16:24,242 - INFO - Successfully optimized MTC-Сombo_01_standard.set -> MTC-Сombo_01_otp.set
2025-04-27 15:16:24,245 - INFO - Successfully optimized Multi-Stochastic_01_standard.set -> Multi-Stochastic_01_otp.set
2025-04-27 15:16:24,248 - INFO - Successfully optimized MultiMartin_01_standard.set -> MultiMartin_01_otp.set
2025-04-27 15:16:24,250 - INFO - Successfully optimized MySystem_01_standard.set -> MySystem_01_otp.set
2025-04-27 15:16:24,253 - INFO - Successfully optimized N-Candles_01_standard.set -> N-Candles_01_otp.set
2025-04-27 15:16:24,255 - INFO - Successfully optimized Nevalyashka-BreakdownLevel_01_standard.set -> Nevalyashka-BreakdownLevel_01_otp.set
2025-04-27 15:16:24,258 - INFO - Successfully optimized Nevalyashka3-1_01_standard.set -> Nevalyashka3-1_01_otp.set
2025-04-27 15:16:24,260 - INFO - Successfully optimized Nevalyashka_01_standard.set -> Nevalyashka_01_otp.set
2025-04-27 15:16:24,262 - INFO - Successfully optimized New-Martin_01_standard.set -> New-Martin_01_otp.set
2025-04-27 15:16:24,264 - INFO - Successfully optimized New-Random_01_standard.set -> New-Random_01_otp.set
2025-04-27 15:16:24,266 - INFO - Successfully optimized Nextbar_01_standard.set -> Nextbar_01_otp.set
2025-04-27 15:16:24,268 - INFO - Successfully optimized Night-Flat-Trade_01_standard.set -> Night-Flat-Trade_01_otp.set
2025-04-27 15:16:24,271 - INFO - Successfully optimized NightScalper_01_standard.set -> NightScalper_01_otp.set
2025-04-27 15:16:24,274 - INFO - Successfully optimized NRTR-Revers_01_standard.set -> NRTR-Revers_01_otp.set
2025-04-27 15:16:24,276 - INFO - Successfully optimized NUp1Down_01_standard.set -> NUp1Down_01_otp.set
2025-04-27 15:16:24,280 - INFO - Successfully optimized Open-Candle-EA_01_standard.set -> Open-Candle-EA_01_otp.set
2025-04-27 15:16:24,282 - INFO - Successfully optimized Open-Close_01_standard.set -> Open-Close_01_otp.set
2025-04-27 15:16:24,284 - INFO - Successfully optimized Opening-and-ilosing-on-time_01_standard.set -> Opening-and-ilosing-on-time_01_otp.set
2025-04-27 15:16:24,287 - INFO - Successfully optimized Opening-and-Сlosing-on-time_01_standard.set -> Opening-and-Сlosing-on-time_01_otp.set
2025-04-27 15:16:24,289 - INFO - Successfully optimized OpenPendingorderAfterPositionGetStopLoss_01_standard.set -> OpenPendingorderAfterPositionGetStopLoss_01_otp.set
2025-04-27 15:16:24,292 - INFO - Successfully optimized OpenTicks_01_standard.set -> OpenTicks_01_otp.set
2025-04-27 15:16:24,295 - INFO - Successfully optimized ORB-EA-BOX_01_standard.set -> ORB-EA-BOX_01_otp.set
2025-04-27 15:16:24,297 - INFO - Successfully optimized OsMaSter_01_standard.set -> OsMaSter_01_otp.set
2025-04-27 15:16:24,301 - INFO - Successfully optimized OTT-20AND-20PRICE-20CROSS-20EA_01_standard.set -> OTT-20AND-20PRICE-20CROSS-20EA_01_otp.set
2025-04-27 15:16:24,304 - INFO - Successfully optimized OverHedge_01_standard.set -> OverHedge_01_otp.set
2025-04-27 15:16:24,307 - INFO - Successfully optimized OzFx_01_standard.set -> OzFx_01_otp.set
2025-04-27 15:16:24,312 - INFO - Successfully optimized Parabolic-SAR_01_standard.set -> Parabolic-SAR_01_otp.set
2025-04-27 15:16:24,316 - INFO - Successfully optimized PARSI-EA_01_standard.set -> PARSI-EA_01_otp.set
2025-04-27 15:16:24,318 - INFO - Successfully optimized Peceptron-Mult_01_standard.set -> Peceptron-Mult_01_otp.set
2025-04-27 15:16:24,321 - INFO - Successfully optimized Pending-orders-by-time-2_01_standard.set -> Pending-orders-by-time-2_01_otp.set
2025-04-27 15:16:24,323 - INFO - Successfully optimized Pending-orders-by-time_01_standard.set -> Pending-orders-by-time_01_otp.set
2025-04-27 15:16:24,325 - INFO - Successfully optimized Pendulum_01_standard.set -> Pendulum_01_otp.set
2025-04-27 15:16:24,328 - INFO - Successfully optimized Pinball-machine_01_standard.set -> Pinball-machine_01_otp.set
2025-04-27 15:16:24,330 - INFO - Successfully optimized Pinbar-Magic-EA_01_standard.set -> Pinbar-Magic-EA_01_otp.set
2025-04-27 15:16:24,332 - INFO - Successfully optimized PinBar-Magic-Indicator_01_standard.set -> PinBar-Magic-Indicator_01_otp.set
2025-04-27 15:16:24,335 - INFO - Successfully optimized Pipsover_01_standard.set -> Pipsover_01_otp.set
2025-04-27 15:16:24,337 - INFO - Successfully optimized Plan-X_01_standard.set -> Plan-X_01_otp.set
2025-04-27 15:16:24,339 - INFO - Successfully optimized Plateau_01_standard.set -> Plateau_01_otp.set
2025-04-27 15:16:24,342 - INFO - Successfully optimized Poker-SHOW_01_standard.set -> Poker-SHOW_01_otp.set
2025-04-27 15:16:24,344 - INFO - Successfully optimized Precipice-MartIn_01_standard.set -> Precipice-MartIn_01_otp.set
2025-04-27 15:16:24,346 - INFO - Successfully optimized Precipice_01_standard.set -> Precipice_01_otp.set
2025-04-27 15:16:24,348 - INFO - Successfully optimized Probe_01_standard.set -> Probe_01_otp.set
2025-04-27 15:16:24,350 - INFO - Successfully optimized Proffessor_01_standard.set -> Proffessor_01_otp.set
2025-04-27 15:16:24,352 - INFO - Successfully optimized PropFirmHelper_01_standard.set -> PropFirmHelper_01_otp.set
2025-04-27 15:16:24,354 - INFO - Successfully optimized PROphet_01_standard.set -> PROphet_01_otp.set
2025-04-27 15:16:24,357 - INFO - Successfully optimized Puria-method_01_standard.set -> Puria-method_01_otp.set
2025-04-27 15:16:24,359 - INFO - Successfully optimized Rabbit3_01_standard.set -> Rabbit3_01_otp.set
2025-04-27 15:16:24,361 - INFO - Successfully optimized Range-Breakout_01_standard.set -> Range-Breakout_01_otp.set
2025-04-27 15:16:24,364 - INFO - Successfully optimized Rapid-Doji-EA_01_standard.set -> Rapid-Doji-EA_01_otp.set
2025-04-27 15:16:24,366 - INFO - Successfully optimized Raymond-Cloudy-Day-for-EA_01_standard.set -> Raymond-Cloudy-Day-for-EA_01_otp.set
2025-04-27 15:16:24,369 - INFO - Successfully optimized Reflex-EA_01_standard.set -> Reflex-EA_01_otp.set
2025-04-27 15:16:24,372 - INFO - Successfully optimized REFLEX-INDICATOR_01_standard.set -> REFLEX-INDICATOR_01_otp.set
2025-04-27 15:16:24,374 - INFO - Successfully optimized Reflex_01_standard.set -> Reflex_01_otp.set
2025-04-27 15:16:24,376 - INFO - Successfully optimized Reversing-Martingale_01_standard.set -> Reversing-Martingale_01_otp.set
2025-04-27 15:16:24,379 - INFO - Successfully optimized RideAlligator_01_standard.set -> RideAlligator_01_otp.set
2025-04-27 15:16:24,381 - INFO - Successfully optimized RNN_01_standard.set -> RNN_01_otp.set
2025-04-27 15:16:24,383 - INFO - Successfully optimized Robot-MACD_01_standard.set -> Robot-MACD_01_otp.set
2025-04-27 15:16:24,385 - INFO - Successfully optimized RobotPowerM5-meta4_01_standard.set -> RobotPowerM5-meta4_01_otp.set
2025-04-27 15:16:24,387 - INFO - Successfully optimized Rollback-system_01_standard.set -> Rollback-system_01_otp.set
2025-04-27 15:16:24,391 - INFO - Successfully optimized RSI-and-Bollinger-Bands_01_standard.set -> RSI-and-Bollinger-Bands_01_otp.set
2025-04-27 15:16:24,393 - INFO - Successfully optimized RSI-Arrow-EA_01_standard.set -> RSI-Arrow-EA_01_otp.set
2025-04-27 15:16:24,395 - INFO - Successfully optimized RSI-Arrow_01_standard.set -> RSI-Arrow_01_otp.set
2025-04-27 15:16:24,397 - INFO - Successfully optimized RSI-EA_01_standard.set -> RSI-EA_01_otp.set
2025-04-27 15:16:24,399 - INFO - Successfully optimized RSI-Eraser_01_standard.set -> RSI-Eraser_01_otp.set
2025-04-27 15:16:24,401 - INFO - Successfully optimized RSI-Expert_01_standard.set -> RSI-Expert_01_otp.set
2025-04-27 15:16:24,403 - INFO - Successfully optimized RSI-Levels_01_standard.set -> RSI-Levels_01_otp.set
2025-04-27 15:16:24,405 - INFO - Successfully optimized RSI-trader_01_standard.set -> RSI-trader_01_otp.set
2025-04-27 15:16:24,407 - INFO - Successfully optimized RSI-Trend-EA_01_standard.set -> RSI-Trend-EA_01_otp.set
2025-04-27 15:16:24,409 - INFO - Successfully optimized RSI-Trend_01_standard.set -> RSI-Trend_01_otp.set
2025-04-27 15:16:24,413 - INFO - Successfully optimized RSI-with-channels-EA_01_standard.set -> RSI-with-channels-EA_01_otp.set
2025-04-27 15:16:24,415 - INFO - Successfully optimized RSI-with-channels_01_standard.set -> RSI-with-channels_01_otp.set
2025-04-27 15:16:24,417 - INFO - Successfully optimized Russian20-hp1_01_standard.set -> Russian20-hp1_01_otp.set
2025-04-27 15:16:24,419 - INFO - Successfully optimized SampleCheckPendingOrder_01_standard.set -> SampleCheckPendingOrder_01_otp.set
2025-04-27 15:16:24,422 - INFO - Successfully optimized SAR-trading_01_standard.set -> SAR-trading_01_otp.set
2025-04-27 15:16:24,424 - INFO - Successfully optimized Secwenta_01_standard.set -> Secwenta_01_otp.set
2025-04-27 15:16:24,426 - INFO - Successfully optimized Sell-Stop_01_standard.set -> Sell-Stop_01_otp.set
2025-04-27 15:16:24,428 - INFO - Successfully optimized Sensitive_01_standard.set -> Sensitive_01_otp.set
2025-04-27 15:16:24,430 - INFO - Successfully optimized Separate-trade_01_standard.set -> Separate-trade_01_otp.set
2025-04-27 15:16:24,432 - INFO - Successfully optimized SilverTrend_01_standard.set -> SilverTrend_01_otp.set
2025-04-27 15:16:24,435 - INFO - Successfully optimized Simple-20Price-20Alert-20-20EA_01_standard.set -> Simple-20Price-20Alert-20-20EA_01_otp.set
2025-04-27 15:16:24,436 - INFO - Successfully optimized Simple-20Volume-20EA_01_standard.set -> Simple-20Volume-20EA_01_otp.set
2025-04-27 15:16:24,439 - INFO - Successfully optimized Simple-EA-MA-plus-MACD_01_standard.set -> Simple-EA-MA-plus-MACD_01_otp.set
2025-04-27 15:16:24,441 - INFO - Successfully optimized Simple-FX_01_standard.set -> Simple-FX_01_otp.set
2025-04-27 15:16:24,442 - INFO - Successfully optimized Simple-MACD_01_standard.set -> Simple-MACD_01_otp.set
2025-04-27 15:16:24,444 - INFO - Successfully optimized Simple-Volume-EA_01_standard.set -> Simple-Volume-EA_01_otp.set
2025-04-27 15:16:24,447 - INFO - Successfully optimized SimplePivot_01_standard.set -> SimplePivot_01_otp.set
2025-04-27 15:16:24,449 - INFO - Successfully optimized Simplest-Hedging-EA-ever_01_standard.set -> Simplest-Hedging-EA-ever_01_otp.set
2025-04-27 15:16:24,450 - INFO - Successfully optimized SimpleTrade _01_standard.set -> SimpleTrade _01_otp.set
2025-04-27 15:16:24,453 - INFO - Successfully optimized Six-Soldiers-EA-Grid_01_standard.set -> Six-Soldiers-EA-Grid_01_otp.set
2025-04-27 15:16:24,456 - INFO - Successfully optimized Six-Soldiers-EA_01_standard.set -> Six-Soldiers-EA_01_otp.set
2025-04-27 15:16:24,457 - INFO - Successfully optimized Six-Soldiers_01_standard.set -> Six-Soldiers_01_otp.set
2025-04-27 15:16:24,460 - INFO - Successfully optimized Small-Inside-Bar-Strategy_01_standard.set -> Small-Inside-Bar-Strategy_01_otp.set
2025-04-27 15:16:24,462 - INFO - Successfully optimized Smart-Machine-20EA_01_standard.set -> Smart-Machine-20EA_01_otp.set
2025-04-27 15:16:24,464 - INFO - Successfully optimized Smoothing-Average_01_standard.set -> Smoothing-Average_01_otp.set
2025-04-27 15:16:24,467 - INFO - Successfully optimized Spasm_01_standard.set -> Spasm_01_otp.set
2025-04-27 15:16:24,469 - INFO - Successfully optimized ssb5-123_01_standard.set -> ssb5-123_01_otp.set
2025-04-27 15:16:24,471 - INFO - Successfully optimized Starter_01_standard.set -> Starter_01_otp.set
2025-04-27 15:16:24,473 - INFO - Successfully optimized Steve-Cartwright-Trader-Camel-CCI-MACD_01_standard.set -> Steve-Cartwright-Trader-Camel-CCI-MACD_01_otp.set
2025-04-27 15:16:24,476 - INFO - Successfully optimized Stoch-EA-1192_01_standard.set -> Stoch-EA-1192_01_otp.set
2025-04-27 15:16:24,478 - INFO - Successfully optimized Stochastic-20Alert_01_standard.set -> Stochastic-20Alert_01_otp.set
2025-04-27 15:16:24,480 - INFO - Successfully optimized Stochastic-K-Divergence.lua_01_standard.set -> Stochastic-K-Divergence.lua_01_otp.set
2025-04-27 15:16:24,482 - INFO - Successfully optimized stochastic-three-periods_01_standard.set -> stochastic-three-periods_01_otp.set
2025-04-27 15:16:24,484 - INFO - Successfully optimized StochasticDiffSign-EA_01_standard.set -> StochasticDiffSign-EA_01_otp.set
2025-04-27 15:16:24,487 - INFO - Successfully optimized stochasticdiffsign_01_standard.set -> stochasticdiffsign_01_otp.set
2025-04-27 15:16:24,490 - INFO - Successfully optimized StochMA-EA_01_standard.set -> StochMA-EA_01_otp.set
2025-04-27 15:16:24,492 - INFO - Successfully optimized StochMA_01_standard.set -> StochMA_01_otp.set
2025-04-27 15:16:24,494 - INFO - Successfully optimized Stoch_01_standard.set -> Stoch_01_otp.set
2025-04-27 15:16:24,496 - INFO - Successfully optimized Stop-Loss-Take-Profit_01_standard.set -> Stop-Loss-Take-Profit_01_otp.set
2025-04-27 15:16:24,498 - INFO - Successfully optimized StraddleqTrail_01_standard.set -> StraddleqTrail_01_otp.set
2025-04-27 15:16:24,501 - INFO - Successfully optimized Surefirething_01_standard.set -> Surefirething_01_otp.set
2025-04-27 15:16:24,504 - INFO - Successfully optimized TDSGlobal_01_standard.set -> TDSGlobal_01_otp.set
2025-04-27 15:16:24,506 - INFO - Successfully optimized The-MasterMind-2_01_standard.set -> The-MasterMind-2_01_otp.set
2025-04-27 15:16:24,509 - INFO - Successfully optimized The-MasterMind-3_01_standard.set -> The-MasterMind-3_01_otp.set
2025-04-27 15:16:24,511 - INFO - Successfully optimized The-MasterMind_01_standard.set -> The-MasterMind_01_otp.set
2025-04-27 15:16:24,513 - INFO - Successfully optimized The-Puncher_01_standard.set -> The-Puncher_01_otp.set
2025-04-27 15:16:24,516 - INFO - Successfully optimized TheClassicTurtleTrader-no-dots-EA_01_standard.set -> TheClassicTurtleTrader-no-dots-EA_01_otp.set
2025-04-27 15:16:24,518 - INFO - Successfully optimized TheClassicTurtleTrader-no-dots_01_standard.set -> TheClassicTurtleTrader-no-dots_01_otp.set
2025-04-27 15:16:24,521 - INFO - Successfully optimized Three-indicators_01_standard.set -> Three-indicators_01_otp.set
2025-04-27 15:16:24,524 - INFO - Successfully optimized Three-neural-networks_01_standard.set -> Three-neural-networks_01_otp.set
2025-04-27 15:16:24,526 - INFO - Successfully optimized Three-timeframes_01_standard.set -> Three-timeframes_01_otp.set
2025-04-27 15:16:24,529 - INFO - Successfully optimized Three-Typical-Candles_01_standard.set -> Three-Typical-Candles_01_otp.set
2025-04-27 15:16:24,532 - INFO - Successfully optimized Time-sync-forts_01_standard.set -> Time-sync-forts_01_otp.set
2025-04-27 15:16:24,535 - INFO - Successfully optimized timer-trade_01_standard.set -> timer-trade_01_otp.set
2025-04-27 15:16:24,539 - INFO - Successfully optimized TMA-ATR-Channel_01_standard.set -> TMA-ATR-Channel_01_otp.set
2025-04-27 15:16:24,542 - INFO - Successfully optimized TMA-ATR-EA_01_standard.set -> TMA-ATR-EA_01_otp.set
2025-04-27 15:16:24,545 - INFO - Successfully optimized TMA-CG-EA_01_standard.set -> TMA-CG-EA_01_otp.set
2025-04-27 15:16:24,549 - INFO - Successfully optimized TMA-CG-Martingale-20EA_01_standard.set -> TMA-CG-Martingale-20EA_01_otp.set
2025-04-27 15:16:24,552 - INFO - Successfully optimized TMA-CG-mladen_01_standard.set -> TMA-CG-mladen_01_otp.set
2025-04-27 15:16:24,554 - INFO - Successfully optimized TMA-CG-special_01_standard.set -> TMA-CG-special_01_otp.set
2025-04-27 15:16:24,558 - INFO - Successfully optimized TMA-slope-bands_01_standard.set -> TMA-slope-bands_01_otp.set
2025-04-27 15:16:24,565 - INFO - Successfully optimized TmaTrue-2.0-with-Distances-6xx_01_standard.set -> TmaTrue-2.0-with-Distances-6xx_01_otp.set
2025-04-27 15:16:24,568 - INFO - Successfully optimized TmaTrue-3.0-with-Distances-6xx_01_standard.set -> TmaTrue-3.0-with-Distances-6xx_01_otp.set
2025-04-27 15:16:24,571 - INFO - Successfully optimized TP-with-money_01_standard.set -> TP-with-money_01_otp.set
2025-04-27 15:16:24,573 - INFO - Successfully optimized Trade-in-Channel_01_standard.set -> Trade-in-Channel_01_otp.set
2025-04-27 15:16:24,576 - INFO - Successfully optimized Trade-on-qualified-RSI_01_standard.set -> Trade-on-qualified-RSI_01_otp.set
2025-04-27 15:16:24,579 - INFO - Successfully optimized Trading-Breakout-MrThanhTan_01_standard.set -> Trading-Breakout-MrThanhTan_01_otp.set
2025-04-27 15:16:24,581 - INFO - Successfully optimized Trend-Trader-Strategy-EA_01_standard.set -> Trend-Trader-Strategy-EA_01_otp.set
2025-04-27 15:16:24,584 - INFO - Successfully optimized Trend-Trader-Strategy_01_standard.set -> Trend-Trader-Strategy_01_otp.set
2025-04-27 15:16:24,588 - INFO - Successfully optimized Tru-EA_01_standard.set -> Tru-EA_01_otp.set
2025-04-27 15:16:24,590 - INFO - Successfully optimized True-Scalper-Profit-Lock_01_standard.set -> True-Scalper-Profit-Lock_01_otp.set
2025-04-27 15:16:24,593 - INFO - Successfully optimized TrueSort-1100_01_standard.set -> TrueSort-1100_01_otp.set
2025-04-27 15:16:24,595 - INFO - Successfully optimized Tunnel-gen4_01_standard.set -> Tunnel-gen4_01_otp.set
2025-04-27 15:16:24,599 - INFO - Successfully optimized Tunnel-Method_01_standard.set -> Tunnel-Method_01_otp.set
2025-04-27 15:16:24,602 - INFO - Successfully optimized TurnGrid_01_standard.set -> TurnGrid_01_otp.set
2025-04-27 15:16:24,605 - INFO - Successfully optimized Two PerBar _01_standard.set -> Two PerBar _01_otp.set
2025-04-27 15:16:24,608 - INFO - Successfully optimized Two-20MA-20RSI-20ADX-20EA_01_standard.set -> Two-20MA-20RSI-20ADX-20EA_01_otp.set
2025-04-27 15:16:24,613 - INFO - Successfully optimized Two-20Orders-20Panel_01_standard.set -> Two-20Orders-20Panel_01_otp.set
2025-04-27 15:16:24,618 - INFO - Successfully optimized Two-pending-orders-2_01_standard.set -> Two-pending-orders-2_01_otp.set
2025-04-27 15:16:24,623 - INFO - Successfully optimized UnityPro_01_standard.set -> UnityPro_01_otp.set
2025-04-27 15:16:24,628 - INFO - Successfully optimized UniversalMACrossEA_01_standard.set -> UniversalMACrossEA_01_otp.set
2025-04-27 15:16:24,632 - INFO - Successfully optimized UniversalSignalDemo_01_standard.set -> UniversalSignalDemo_01_otp.set
2025-04-27 15:16:24,636 - INFO - Successfully optimized Universum-3.0_01_standard.set -> Universum-3.0_01_otp.set
2025-04-27 15:16:24,640 - INFO - Successfully optimized UnNomGuai-20EA_01_standard.set -> UnNomGuai-20EA_01_otp.set
2025-04-27 15:16:24,644 - INFO - Successfully optimized up3x1-Investor_01_standard.set -> up3x1-Investor_01_otp.set
2025-04-27 15:16:24,650 - INFO - Successfully optimized up3x1-premium-M_01_standard.set -> up3x1-premium-M_01_otp.set
2025-04-27 15:16:24,654 - INFO - Successfully optimized up3x1_01_standard.set -> up3x1_01_otp.set
2025-04-27 15:16:24,657 - INFO - Successfully optimized Urdala-Trol_01_standard.set -> Urdala-Trol_01_otp.set
2025-04-27 15:16:24,660 - INFO - Successfully optimized Very-Blonde-System_01_standard.set -> Very-Blonde-System_01_otp.set
2025-04-27 15:16:24,664 - INFO - Successfully optimized Virtual-Trailing-Stop_01_standard.set -> Virtual-Trailing-Stop_01_otp.set
2025-04-27 15:16:24,667 - INFO - Successfully optimized VLT-TRADER_01_standard.set -> VLT-TRADER_01_otp.set
2025-04-27 15:16:24,670 - INFO - Successfully optimized Volume-trader_01_standard.set -> Volume-trader_01_otp.set
2025-04-27 15:16:24,673 - INFO - Successfully optimized Vortex-Indicator-System_01_standard.set -> Vortex-Indicator-System_01_otp.set
2025-04-27 15:16:24,676 - INFO - Successfully optimized VR-Overturn_01_standard.set -> VR-Overturn_01_otp.set
2025-04-27 15:16:24,679 - INFO - Successfully optimized VR-ZVER-v.2_01_standard.set -> VR-ZVER-v.2_01_otp.set
2025-04-27 15:16:24,683 - INFO - Successfully optimized VR-ZVER_01_standard.set -> VR-ZVER_01_otp.set
2025-04-27 15:16:24,686 - INFO - Successfully optimized VZO_01_standard.set -> VZO_01_otp.set
2025-04-27 15:16:24,688 - INFO - Successfully optimized Waddah-Attar-Win_01_standard.set -> Waddah-Attar-Win_01_otp.set
2025-04-27 15:16:24,691 - INFO - Successfully optimized WE-TRUST_01_standard.set -> WE-TRUST_01_otp.set
2025-04-27 15:16:24,694 - INFO - Successfully optimized X-RSIOMA_01_standard.set -> X-RSIOMA_01_otp.set
2025-04-27 15:16:24,696 - INFO - Successfully optimized Yesterday-Today_01_standard.set -> Yesterday-Today_01_otp.set
2025-04-27 15:16:24,698 - INFO - Successfully optimized 10-pips-EURUSD_01_standard.set -> 10-pips-EURUSD_01_otp.set
2025-04-27 15:16:24,700 - INFO - Successfully optimized 10-pips_01_standard.set -> 10-pips_01_otp.set
2025-04-27 15:16:24,703 - INFO - Successfully optimized 1H-EUR-USD_01_standard.set -> 1H-EUR-USD_01_otp.set
2025-04-27 15:16:24,705 - INFO - Successfully optimized 20011201-GBPUSD-M1_01_standard.set -> 20011201-GBPUSD-M1_01_otp.set
2025-04-27 15:16:24,706 - INFO - Successfully optimized 21hour_01_standard.set -> 21hour_01_otp.set
2025-04-27 15:16:24,708 - INFO - Successfully optimized 2HR-HL_01_standard.set -> 2HR-HL_01_otp.set
2025-04-27 15:16:24,711 - INFO - Successfully optimized 2MA-4Level_01_standard.set -> 2MA-4Level_01_otp.set
2025-04-27 15:16:24,712 - INFO - Successfully optimized 2MA-Bunny-Cross_01_standard.set -> 2MA-Bunny-Cross_01_otp.set
2025-04-27 15:16:24,714 - INFO - Successfully optimized 3-bars-high-low-indicator_01_standard.set -> 3-bars-high-low-indicator_01_otp.set
2025-04-27 15:16:24,716 - INFO - Successfully optimized 35-Pip-Scalper_01_standard.set -> 35-Pip-Scalper_01_otp.set
2025-04-27 15:16:24,718 - INFO - Successfully optimized 3BarsHighLowEA_01_standard.set -> 3BarsHighLowEA_01_otp.set
2025-04-27 15:16:24,720 - INFO - Successfully optimized 3sma_01_standard.set -> 3sma_01_otp.set
2025-04-27 15:16:24,721 - INFO - Successfully optimized 500_01_standard.set -> 500_01_otp.set
2025-04-27 15:16:24,723 - INFO - Successfully optimized 55-MA_01_standard.set -> 55-MA_01_otp.set
2025-04-27 15:16:24,725 - INFO - Successfully optimized Above-Below-MA_01_standard.set -> Above-Below-MA_01_otp.set
2025-04-27 15:16:24,727 - INFO - Successfully optimized Absorption_01_standard.set -> Absorption_01_otp.set
2025-04-27 15:16:24,729 - INFO - Successfully optimized ADX-MACD-Deev_01_standard.set -> ADX-MACD-Deev_01_otp.set
2025-04-27 15:16:24,731 - INFO - Successfully optimized ADX-MA_01_standard.set -> ADX-MA_01_otp.set
2025-04-27 15:16:24,733 - INFO - Successfully optimized ADX-System_01_standard.set -> ADX-System_01_otp.set
2025-04-27 15:16:24,734 - INFO - Successfully optimized AIS1_01_standard.set -> AIS1_01_otp.set
2025-04-27 15:16:24,737 - INFO - Successfully optimized Alexav-D1-Profit-GBPUSD_01_standard.set -> Alexav-D1-Profit-GBPUSD_01_otp.set
2025-04-27 15:16:24,739 - INFO - Successfully optimized All-Average-Ea_01_standard.set -> All-Average-Ea_01_otp.set
2025-04-27 15:16:24,741 - INFO - Successfully optimized Alligator-Simple_01_standard.set -> Alligator-Simple_01_otp.set
2025-04-27 15:16:24,743 - INFO - Successfully optimized Alligator_01_standard.set -> Alligator_01_otp.set
2025-04-27 15:16:24,745 - INFO - Successfully optimized Altarius-RSI-Stohastic_01_standard.set -> Altarius-RSI-Stohastic_01_otp.set
2025-04-27 15:16:24,747 - INFO - Successfully optimized AMA-Trader-2_01_standard.set -> AMA-Trader-2_01_otp.set
2025-04-27 15:16:24,749 - INFO - Successfully optimized AMA-Trader_01_standard.set -> AMA-Trader_01_otp.set
2025-04-27 15:16:24,751 - INFO - Successfully optimized AO-Lightning_01_standard.set -> AO-Lightning_01_otp.set
2025-04-27 15:16:24,753 - INFO - Successfully optimized AOCCI_01_standard.set -> AOCCI_01_otp.set
2025-04-27 15:16:24,754 - INFO - Successfully optimized Arbitrage_01_standard.set -> Arbitrage_01_otp.set
2025-04-27 15:16:24,756 - INFO - Successfully optimized ArbSint_01_standard.set -> ArbSint_01_otp.set
2025-04-27 15:16:24,758 - INFO - Successfully optimized Area-MACD_01_standard.set -> Area-MACD_01_otp.set
2025-04-27 15:16:24,759 - INFO - Successfully optimized Artificial-Intelligence_01_standard.set -> Artificial-Intelligence_01_otp.set
2025-04-27 15:16:24,761 - INFO - Successfully optimized At-random-Full_01_standard.set -> At-random-Full_01_otp.set
2025-04-27 15:16:24,763 - INFO - Successfully optimized At-random_01_standard.set -> At-random_01_otp.set
2025-04-27 15:16:24,765 - INFO - Successfully optimized Auto-ADX_01_standard.set -> Auto-ADX_01_otp.set
2025-04-27 15:16:24,766 - INFO - Successfully optimized Auto-Pivot-Plotter-28Mid-Levels-29-41_01_standard.set -> Auto-Pivot-Plotter-28Mid-Levels-29-41_01_otp.set
2025-04-27 15:16:24,768 - INFO - Successfully optimized AutoLock-EA_01_standard.set -> AutoLock-EA_01_otp.set
2025-04-27 15:16:24,770 - INFO - Successfully optimized Autotrader-Momentum_01_standard.set -> Autotrader-Momentum_01_otp.set
2025-04-27 15:16:24,771 - INFO - Successfully optimized Avalanche-AV_01_standard.set -> Avalanche-AV_01_otp.set
2025-04-27 15:16:24,773 - INFO - Successfully optimized Backbone_01_standard.set -> Backbone_01_otp.set
2025-04-27 15:16:24,775 - INFO - Successfully optimized BADX_01_standard.set -> BADX_01_otp.set
2025-04-27 15:16:24,776 - INFO - Successfully optimized Bago-EA_01_standard.set -> Bago-EA_01_otp.set
2025-04-27 15:16:24,779 - INFO - Successfully optimized BalancedScalper-20EA_01_standard.set -> BalancedScalper-20EA_01_otp.set
2025-04-27 15:16:24,780 - INFO - Successfully optimized Bands-2_01_standard.set -> Bands-2_01_otp.set
2025-04-27 15:16:24,782 - INFO - Successfully optimized BARS-Alligator_01_standard.set -> BARS-Alligator_01_otp.set
2025-04-27 15:16:24,784 - INFO - Successfully optimized Basic-CCI-RSI_01_standard.set -> Basic-CCI-RSI_01_otp.set
2025-04-27 15:16:24,786 - INFO - Successfully optimized Basic-Martingale-EA-3_01_standard.set -> Basic-Martingale-EA-3_01_otp.set
2025-04-27 15:16:24,788 - INFO - Successfully optimized BBPercentile-EA_01_standard.set -> BBPercentile-EA_01_otp.set
2025-04-27 15:16:24,790 - INFO - Successfully optimized BBPercentile_01_standard.set -> BBPercentile_01_otp.set
2025-04-27 15:16:24,792 - INFO - Successfully optimized BDCrossOver-20EA_01_standard.set -> BDCrossOver-20EA_01_otp.set
2025-04-27 15:16:24,794 - INFO - Successfully optimized BIG-DOG_01_standard.set -> BIG-DOG_01_otp.set
2025-04-27 15:16:24,796 - INFO - Successfully optimized Bill-Williams_01_standard.set -> Bill-Williams_01_otp.set
2025-04-27 15:16:24,798 - INFO - Successfully optimized Bollinger-Band-Two-MA-and-Zig-Zag_01_standard.set -> Bollinger-Band-Two-MA-and-Zig-Zag_01_otp.set
2025-04-27 15:16:24,800 - INFO - Successfully optimized Bollinger-Bands-N-positions_01_standard.set -> Bollinger-Bands-N-positions_01_otp.set
2025-04-27 15:16:24,802 - INFO - Successfully optimized Bollinger-Bands-RSI_01_standard.set -> Bollinger-Bands-RSI_01_otp.set
2025-04-27 15:16:24,803 - INFO - Successfully optimized bollinger_01_standard.set -> bollinger_01_otp.set
2025-04-27 15:16:24,805 - INFO - Successfully optimized Brakeout-Trader_01_standard.set -> Brakeout-Trader_01_otp.set
2025-04-27 15:16:24,807 - INFO - Successfully optimized Brandy_01_standard.set -> Brandy_01_otp.set
2025-04-27 15:16:24,809 - INFO - Successfully optimized Breadandbutter2_01_standard.set -> Breadandbutter2_01_otp.set
2025-04-27 15:16:24,810 - INFO - Successfully optimized Breakdown-catcher_01_standard.set -> Breakdown-catcher_01_otp.set
2025-04-27 15:16:24,816 - INFO - Successfully optimized breakdown_01_standard.set -> breakdown_01_otp.set
2025-04-27 15:16:24,818 - INFO - Successfully optimized Breakout-Str_01_standard.set -> Breakout-Str_01_otp.set
2025-04-27 15:16:24,820 - INFO - Successfully optimized Bronze-Warrioir_01_standard.set -> Bronze-Warrioir_01_otp.set
2025-04-27 15:16:24,822 - INFO - Successfully optimized Bruno_01_standard.set -> Bruno_01_otp.set
2025-04-27 15:16:24,824 - INFO - Successfully optimized BSS-1-0_01_standard.set -> BSS-1-0_01_otp.set
2025-04-27 15:16:24,825 - INFO - Successfully optimized Bullish-and-Bearish-Engulfing_01_standard.set -> Bullish-and-Bearish-Engulfing_01_otp.set
2025-04-27 15:16:24,827 - INFO - Successfully optimized Burg-Extrapolator_01_standard.set -> Burg-Extrapolator_01_otp.set
2025-04-27 15:16:24,830 - INFO - Successfully optimized BykovTrend-EA_01_standard.set -> BykovTrend-EA_01_otp.set
2025-04-27 15:16:24,832 - INFO - Successfully optimized Calculate-lotsize-and-Trailling-stop_01_standard.set -> Calculate-lotsize-and-Trailling-stop_01_otp.set
2025-04-27 15:16:24,834 - INFO - Successfully optimized candlepatternsexample_01_standard.set -> candlepatternsexample_01_otp.set
2025-04-27 15:16:24,836 - INFO - Successfully optimized Candle_01_standard.set -> Candle_01_otp.set
2025-04-27 15:16:24,838 - INFO - Successfully optimized Carbophos_01_standard.set -> Carbophos_01_otp.set
2025-04-27 15:16:24,839 - INFO - Successfully optimized CashMachine-5min_01_standard.set -> CashMachine-5min_01_otp.set
2025-04-27 15:16:24,841 - INFO - Successfully optimized CCI-MACD-Scalper_01_standard.set -> CCI-MACD-Scalper_01_otp.set
2025-04-27 15:16:24,843 - INFO - Successfully optimized Cidomo_01_standard.set -> Cidomo_01_otp.set
2025-04-27 15:16:24,844 - INFO - Successfully optimized CloseAgent_01_standard.set -> CloseAgent_01_otp.set
2025-04-27 15:16:24,846 - INFO - Successfully optimized CloseProfit_01_standard.set -> CloseProfit_01_otp.set
2025-04-27 15:16:24,847 - INFO - Successfully optimized cloud's-trade-2_01_standard.set -> cloud's-trade-2_01_otp.set
2025-04-27 15:16:24,849 - INFO - Successfully optimized CLOUD_01_standard.set -> CLOUD_01_otp.set
2025-04-27 15:16:24,851 - INFO - Successfully optimized Constituents-EA_01_standard.set -> Constituents-EA_01_otp.set
2025-04-27 15:16:24,852 - INFO - Successfully optimized Contrarian-trade-MA_01_standard.set -> Contrarian-trade-MA_01_otp.set
2025-04-27 15:16:24,854 - INFO - Successfully optimized Crossing-Moving-Average_01_standard.set -> Crossing-Moving-Average_01_otp.set
2025-04-27 15:16:24,855 - INFO - Successfully optimized CrossMA_01_standard.set -> CrossMA_01_otp.set
2025-04-27 15:16:24,857 - INFO - Successfully optimized Currencyprofits-01.1_01_standard.set -> Currencyprofits-01.1_01_otp.set
2025-04-27 15:16:24,859 - INFO - Successfully optimized Daily-20reversal-20-20EA_01_standard.set -> Daily-20reversal-20-20EA_01_otp.set
2025-04-27 15:16:24,860 - INFO - Successfully optimized Daily-BreakPoint_01_standard.set -> Daily-BreakPoint_01_otp.set
2025-04-27 15:16:24,862 - INFO - Successfully optimized Daily-Open-EA_01_standard.set -> Daily-Open-EA_01_otp.set
2025-04-27 15:16:24,864 - INFO - Successfully optimized Daily-range_01_standard.set -> Daily-range_01_otp.set
2025-04-27 15:16:24,866 - INFO - Successfully optimized Day-Trading-PAMXA_01_standard.set -> Day-Trading-PAMXA_01_otp.set
2025-04-27 15:16:24,867 - INFO - Successfully optimized Daydream_01_standard.set -> Daydream_01_otp.set
2025-04-27 15:16:24,869 - INFO - Successfully optimized DayTrading_01_standard.set -> DayTrading_01_otp.set
2025-04-27 15:16:24,871 - INFO - Successfully optimized Dealers-Trade-v-7.74-MACD_01_standard.set -> Dealers-Trade-v-7.74-MACD_01_otp.set
2025-04-27 15:16:24,872 - INFO - Successfully optimized Deep-Drawdown-MA_01_standard.set -> Deep-Drawdown-MA_01_otp.set
2025-04-27 15:16:24,874 - INFO - Successfully optimized DeMarker-gaining-position-volume-2_01_standard.set -> DeMarker-gaining-position-volume-2_01_otp.set
2025-04-27 15:16:24,875 - INFO - Successfully optimized DeMarker-gaining-position-volume_01_standard.set -> DeMarker-gaining-position-volume_01_otp.set
2025-04-27 15:16:24,877 - INFO - Successfully optimized DeMarker-Pending-2-5_01_standard.set -> DeMarker-Pending-2-5_01_otp.set
2025-04-27 15:16:24,879 - INFO - Successfully optimized DeMarker-Pending-2_01_standard.set -> DeMarker-Pending-2_01_otp.set
2025-04-27 15:16:24,881 - INFO - Successfully optimized DeMarker-Pending_01_standard.set -> DeMarker-Pending_01_otp.set
2025-04-27 15:16:24,883 - INFO - Successfully optimized Dematus_01_standard.set -> Dematus_01_otp.set
2025-04-27 15:16:24,884 - INFO - Successfully optimized Divergence-20for-20many-20indicator_01_standard.set -> Divergence-20for-20many-20indicator_01_otp.set
2025-04-27 15:16:24,886 - INFO - Successfully optimized Divergence-EA_01_standard.set -> Divergence-EA_01_otp.set
2025-04-27 15:16:24,888 - INFO - Successfully optimized Doji-Arrows_01_standard.set -> Doji-Arrows_01_otp.set
2025-04-27 15:16:24,890 - INFO - Successfully optimized DojiTrader_01_standard.set -> DojiTrader_01_otp.set
2025-04-27 15:16:24,892 - INFO - Successfully optimized Donchian-Chanel-EA_01_standard.set -> Donchian-Chanel-EA_01_otp.set
2025-04-27 15:16:24,893 - INFO - Successfully optimized DoubleHullMA-EA_01_standard.set -> DoubleHullMA-EA_01_otp.set
2025-04-27 15:16:24,895 - INFO - Successfully optimized DoubleHullMA_01_standard.set -> DoubleHullMA_01_otp.set
2025-04-27 15:16:24,897 - INFO - Successfully optimized DoubleMA-Crossover-EA_01_standard.set -> DoubleMA-Crossover-EA_01_otp.set
2025-04-27 15:16:24,899 - INFO - Successfully optimized Doubler_01_standard.set -> Doubler_01_otp.set
2025-04-27 15:16:24,900 - INFO - Successfully optimized dummy_01_standard.set -> dummy_01_otp.set
2025-04-27 15:16:24,902 - INFO - Successfully optimized Dynamic-averaging_01_standard.set -> Dynamic-averaging_01_otp.set
2025-04-27 15:16:24,903 - INFO - Successfully optimized e-Breakeven_01_standard.set -> e-Breakeven_01_otp.set
2025-04-27 15:16:24,905 - INFO - Successfully optimized E-Friday_01_standard.set -> E-Friday_01_otp.set
2025-04-27 15:16:24,907 - INFO - Successfully optimized E-Skoch-Open_01_standard.set -> E-Skoch-Open_01_otp.set
2025-04-27 15:16:24,908 - INFO - Successfully optimized e-Skoch-pending-orders_01_standard.set -> e-Skoch-pending-orders_01_otp.set
2025-04-27 15:16:24,910 - INFO - Successfully optimized e-Smart-Trailing_01_standard.set -> e-Smart-Trailing_01_otp.set
2025-04-27 15:16:24,912 - INFO - Successfully optimized e-TurboFx_01_standard.set -> e-TurboFx_01_otp.set
2025-04-27 15:16:24,914 - INFO - Successfully optimized EA-Close_01_standard.set -> EA-Close_01_otp.set
2025-04-27 15:16:24,916 - INFO - Successfully optimized EA-MA-Stoch-RSI_01_standard.set -> EA-MA-Stoch-RSI_01_otp.set
2025-04-27 15:16:24,918 - INFO - Successfully optimized EA-Moving-Average_01_standard.set -> EA-Moving-Average_01_otp.set
2025-04-27 15:16:24,920 - INFO - Successfully optimized Elite-eFibo-Trader_01_standard.set -> Elite-eFibo-Trader_01_otp.set
2025-04-27 15:16:24,922 - INFO - Successfully optimized EMA-6.12_01_standard.set -> EMA-6.12_01_otp.set
2025-04-27 15:16:24,924 - INFO - Successfully optimized EMA-CROSS_01_standard.set -> EMA-CROSS_01_otp.set
2025-04-27 15:16:24,926 - INFO - Successfully optimized EMA-LWMA-RSI_01_standard.set -> EMA-LWMA-RSI_01_otp.set
2025-04-27 15:16:24,928 - INFO - Successfully optimized EMA-RSI-EA_01_standard.set -> EMA-RSI-EA_01_otp.set
2025-04-27 15:16:24,929 - INFO - Successfully optimized EMA-WMA_01_standard.set -> EMA-WMA_01_otp.set
2025-04-27 15:16:24,931 - INFO - Successfully optimized EMA_01_standard.set -> EMA_01_otp.set
2025-04-27 15:16:24,933 - INFO - Successfully optimized Eugene_01_standard.set -> Eugene_01_otp.set
2025-04-27 15:16:24,934 - INFO - Successfully optimized eur-usd-m5_01_standard.set -> eur-usd-m5_01_otp.set
2025-04-27 15:16:24,936 - INFO - Successfully optimized EURUSD-breakout_01_standard.set -> EURUSD-breakout_01_otp.set
2025-04-27 15:16:24,937 - INFO - Successfully optimized Executer-AC_01_standard.set -> Executer-AC_01_otp.set
2025-04-27 15:16:24,939 - INFO - Successfully optimized Executor-AO_01_standard.set -> Executor-AO_01_otp.set
2025-04-27 15:16:24,941 - INFO - Successfully optimized Executor-Candles_01_standard.set -> Executor-Candles_01_otp.set
2025-04-27 15:16:24,942 - INFO - Successfully optimized exp-Amstell_01_standard.set -> exp-Amstell_01_otp.set
2025-04-27 15:16:24,944 - INFO - Successfully optimized Expert-NEWS_01_standard.set -> Expert-NEWS_01_otp.set
2025-04-27 15:16:24,946 - INFO - Successfully optimized Expert-RSI-Stochastic-MA_01_standard.set -> Expert-RSI-Stochastic-MA_01_otp.set
2025-04-27 15:16:24,948 - INFO - Successfully optimized ExtremePrice-EA_01_standard.set -> ExtremePrice-EA_01_otp.set
2025-04-27 15:16:24,950 - INFO - Successfully optimized FiboRetracement-20EA_01_standard.set -> FiboRetracement-20EA_01_otp.set
2025-04-27 15:16:24,952 - INFO - Successfully optimized Firebird_01_standard.set -> Firebird_01_otp.set
2025-04-27 15:16:24,954 - INFO - Successfully optimized Firestorm-EA_01_standard.set -> Firestorm-EA_01_otp.set
2025-04-27 15:16:24,955 - INFO - Successfully optimized Firestorm-indicator_01_standard.set -> Firestorm-indicator_01_otp.set
2025-04-27 15:16:24,957 - INFO - Successfully optimized Fluctuate_01_standard.set -> Fluctuate_01_otp.set
2025-04-27 15:16:24,959 - INFO - Successfully optimized Forex-Fraus-M1_01_standard.set -> Forex-Fraus-M1_01_otp.set
2025-04-27 15:16:24,961 - INFO - Successfully optimized Forex-Profit_01_standard.set -> Forex-Profit_01_otp.set
2025-04-27 15:16:24,962 - INFO - Successfully optimized Fractals-minimum-distance_01_standard.set -> Fractals-minimum-distance_01_otp.set
2025-04-27 15:16:24,964 - INFO - Successfully optimized Fraktrak-xonax_01_standard.set -> Fraktrak-xonax_01_otp.set
2025-04-27 15:16:24,966 - INFO - Successfully optimized Frank-Ud_01_standard.set -> Frank-Ud_01_otp.set
2025-04-27 15:16:24,968 - INFO - Successfully optimized FT-CCI_01_standard.set -> FT-CCI_01_otp.set
2025-04-27 15:16:24,970 - INFO - Successfully optimized Fuzzy-logic_01_standard.set -> Fuzzy-logic_01_otp.set
2025-04-27 15:16:24,972 - INFO - Successfully optimized GalacticExplosion_01_standard.set -> GalacticExplosion_01_otp.set
2025-04-27 15:16:24,974 - INFO - Successfully optimized Gandalf-PRO_01_standard.set -> Gandalf-PRO_01_otp.set
2025-04-27 15:16:24,976 - INFO - Successfully optimized Gap-DM_01_standard.set -> Gap-DM_01_otp.set
2025-04-27 15:16:24,978 - INFO - Successfully optimized GAP-EA_01_standard.set -> GAP-EA_01_otp.set
2025-04-27 15:16:24,980 - INFO - Successfully optimized Gaps_01_standard.set -> Gaps_01_otp.set
2025-04-27 15:16:24,982 - INFO - Successfully optimized GBP9AM_01_standard.set -> GBP9AM_01_otp.set
2025-04-27 15:16:24,984 - INFO - Successfully optimized GbpChf_01_standard.set -> GbpChf_01_otp.set
2025-04-27 15:16:24,985 - INFO - Successfully optimized Gold-Dust_01_standard.set -> Gold-Dust_01_otp.set
2025-04-27 15:16:24,987 - INFO - Successfully optimized GO_01_standard.set -> GO_01_otp.set
2025-04-27 15:16:24,990 - INFO - Successfully optimized GreenTrade_01_standard.set -> GreenTrade_01_otp.set
2025-04-27 15:16:24,992 - INFO - Successfully optimized Grid-Martingale_01_standard.set -> Grid-Martingale_01_otp.set
2025-04-27 15:16:24,994 - INFO - Successfully optimized GridEA_01_standard.set -> GridEA_01_otp.set
2025-04-27 15:16:24,996 - INFO - Successfully optimized Grid_01_standard.set -> Grid_01_otp.set
2025-04-27 15:16:24,998 - INFO - Successfully optimized HarVesteR_01_standard.set -> HarVesteR_01_otp.set
2025-04-27 15:16:25,000 - INFO - Successfully optimized HedgeEA_01_standard.set -> HedgeEA_01_otp.set
2025-04-27 15:16:25,002 - INFO - Successfully optimized hedger_01_standard.set -> hedger_01_otp.set
2025-04-27 15:16:25,004 - INFO - Successfully optimized Hedging-EA_01_standard.set -> Hedging-EA_01_otp.set
2025-04-27 15:16:25,006 - INFO - Successfully optimized Heiken-Ashi-Smoothed-EA-with-MA_01_standard.set -> Heiken-Ashi-Smoothed-EA-with-MA_01_otp.set
2025-04-27 15:16:25,009 - INFO - Successfully optimized Heiken-Ashi-Smoothed-EA_01_standard.set -> Heiken-Ashi-Smoothed-EA_01_otp.set
2025-04-27 15:16:25,012 - INFO - Successfully optimized heiken-ashi-smoothedLine_01_standard.set -> heiken-ashi-smoothedLine_01_otp.set
2025-04-27 15:16:25,014 - INFO - Successfully optimized heiken-ashi-smoothed_01_standard.set -> heiken-ashi-smoothed_01_otp.set
2025-04-27 15:16:25,017 - INFO - Successfully optimized HeikenAshi-Lines-EA_01_standard.set -> HeikenAshi-Lines-EA_01_otp.set
2025-04-27 15:16:25,020 - INFO - Successfully optimized HeikenAshi-Lines_01_standard.set -> HeikenAshi-Lines_01_otp.set
2025-04-27 15:16:25,023 - INFO - Successfully optimized Heinken-Ashi-Color-Candles_01_standard.set -> Heinken-Ashi-Color-Candles_01_otp.set
2025-04-27 15:16:25,026 - INFO - Successfully optimized HelloSmart_01_standard.set -> HelloSmart_01_otp.set
2025-04-27 15:16:25,030 - INFO - Successfully optimized High-Low-EA_01_standard.set -> High-Low-EA_01_otp.set
2025-04-27 15:16:25,032 - INFO - Successfully optimized High-Low-Indicator_01_standard.set -> High-Low-Indicator_01_otp.set
2025-04-27 15:16:25,034 - INFO - Successfully optimized Hoop-master-2_01_standard.set -> Hoop-master-2_01_otp.set
2025-04-27 15:16:25,037 - INFO - Successfully optimized iCCI-iMA_01_standard.set -> iCCI-iMA_01_otp.set
2025-04-27 15:16:25,040 - INFO - Successfully optimized ICH-With-Alert-Derekers-EA_01_standard.set -> ICH-With-Alert-Derekers-EA_01_otp.set
2025-04-27 15:16:25,043 - INFO - Successfully optimized ICH-With-Alert-Derekers_01_standard.set -> ICH-With-Alert-Derekers_01_otp.set
2025-04-27 15:16:25,046 - INFO - Successfully optimized ichimok2005_01_standard.set -> ichimok2005_01_otp.set
2025-04-27 15:16:25,048 - INFO - Successfully optimized Ichimoku-20Kijun-20Alert_01_standard.set -> Ichimoku-20Kijun-20Alert_01_otp.set
2025-04-27 15:16:25,051 - INFO - Successfully optimized Ichimoku-20Tenkan-20Alert_01_standard.set -> Ichimoku-20Tenkan-20Alert_01_otp.set
2025-04-27 15:16:25,053 - INFO - Successfully optimized Ichimoku-Scanner_01_standard.set -> Ichimoku-Scanner_01_otp.set
2025-04-27 15:16:25,057 - INFO - Successfully optimized Ichimoku-Signals-and-Alert_01_standard.set -> Ichimoku-Signals-and-Alert_01_otp.set
2025-04-27 15:16:25,060 - INFO - Successfully optimized IchimokuMTF-EA_01_standard.set -> IchimokuMTF-EA_01_otp.set
2025-04-27 15:16:25,066 - INFO - Successfully optimized Ichimoku_01_standard.set -> Ichimoku_01_otp.set
2025-04-27 15:16:25,069 - INFO - Successfully optimized Ilan-iMA_01_standard.set -> Ilan-iMA_01_otp.set
2025-04-27 15:16:25,072 - INFO - Successfully optimized Ilan1.4_01_standard.set -> Ilan1.4_01_otp.set
2025-04-27 15:16:25,075 - INFO - Successfully optimized iMA-iStdDev_01_standard.set -> iMA-iStdDev_01_otp.set
2025-04-27 15:16:25,079 - INFO - Successfully optimized Indices-Tester_01_standard.set -> Indices-Tester_01_otp.set
2025-04-27 15:16:25,082 - INFO - Successfully optimized Inka-20Edho-20EA_01_standard.set -> Inka-20Edho-20EA_01_otp.set
2025-04-27 15:16:25,085 - INFO - Successfully optimized Intersection-2-iMA_01_standard.set -> Intersection-2-iMA_01_otp.set
2025-04-27 15:16:25,088 - INFO - Successfully optimized IStochastic-Trading_01_standard.set -> IStochastic-Trading_01_otp.set
2025-04-27 15:16:25,092 - INFO - Successfully optimized Ivan_01_standard.set -> Ivan_01_otp.set
2025-04-27 15:16:25,095 - INFO - Successfully optimized iVIDyA-Simple_01_standard.set -> iVIDyA-Simple_01_otp.set
2025-04-27 15:16:25,098 - INFO - Successfully optimized Jackpot-Strategy-EA_01_standard.set -> Jackpot-Strategy-EA_01_otp.set
2025-04-27 15:16:25,101 - INFO - Successfully optimized JackPot-Strategy-Elite_01_standard.set -> JackPot-Strategy-Elite_01_otp.set
2025-04-27 15:16:25,104 - INFO - Successfully optimized JK-BullP-AutoTrader_01_standard.set -> JK-BullP-AutoTrader_01_otp.set
2025-04-27 15:16:25,107 - INFO - Successfully optimized JS-Chaos_01_standard.set -> JS-Chaos_01_otp.set
2025-04-27 15:16:25,110 - INFO - Successfully optimized JS-MA-Day_01_standard.set -> JS-MA-Day_01_otp.set
2025-04-27 15:16:25,114 - INFO - Successfully optimized JS-MA-SAR-Trades_01_standard.set -> JS-MA-SAR-Trades_01_otp.set
2025-04-27 15:16:25,116 - INFO - Successfully optimized KA-Gold-Bot_01_standard.set -> KA-Gold-Bot_01_otp.set
2025-04-27 15:16:25,120 - INFO - Successfully optimized Kue-Electric-EA_01_standard.set -> Kue-Electric-EA_01_otp.set
2025-04-27 15:16:25,123 - INFO - Successfully optimized KueFx-20Arrows_01_standard.set -> KueFx-20Arrows_01_otp.set
2025-04-27 15:16:25,126 - INFO - Successfully optimized KueFx-20Baseline_01_standard.set -> KueFx-20Baseline_01_otp.set
2025-04-27 15:16:25,130 - INFO - Successfully optimized KueFx-Arrows-20EA_01_standard.set -> KueFx-Arrows-20EA_01_otp.set
2025-04-27 15:16:25,134 - INFO - Successfully optimized KueFx-Arrows-EA_01_standard.set -> KueFx-Arrows-EA_01_otp.set
2025-04-27 15:16:25,136 - INFO - Successfully optimized KueFx-Arrows_01_standard.set -> KueFx-Arrows_01_otp.set
2025-04-27 15:16:25,140 - INFO - Successfully optimized KueFx-Baseline-EA_01_standard.set -> KueFx-Baseline-EA_01_otp.set
2025-04-27 15:16:25,142 - INFO - Successfully optimized KueFx-Baseline_01_standard.set -> KueFx-Baseline_01_otp.set
2025-04-27 15:16:25,145 - INFO - Successfully optimized KueFx-Clean-2025-EA_01_standard.set -> KueFx-Clean-2025-EA_01_otp.set
2025-04-27 15:16:25,148 - INFO - Successfully optimized KueFx-Extreme-EA_01_standard.set -> KueFx-Extreme-EA_01_otp.set
2025-04-27 15:16:25,151 - INFO - Successfully optimized KueFx-Harare-EA_01_standard.set -> KueFx-Harare-EA_01_otp.set
2025-04-27 15:16:25,155 - INFO - Successfully optimized KueFX-Money-Management_01_standard.set -> KueFX-Money-Management_01_otp.set
2025-04-27 15:16:25,158 - INFO - Successfully optimized KueFx-Motor-EA_01_standard.set -> KueFx-Motor-EA_01_otp.set
2025-04-27 15:16:25,160 - INFO - Successfully optimized KueFx-Motor_01_standard.set -> KueFx-Motor_01_otp.set
2025-04-27 15:16:25,163 - INFO - Successfully optimized KueFx-Trend_01_standard.set -> KueFx-Trend_01_otp.set
2025-04-27 15:16:25,166 - INFO - Successfully optimized KueFxTrend-20EA_01_standard.set -> KueFxTrend-20EA_01_otp.set
2025-04-27 15:16:25,169 - INFO - Successfully optimized KueFxTrend-EA_01_standard.set -> KueFxTrend-EA_01_otp.set
2025-04-27 15:16:25,172 - INFO - Successfully optimized LarryConnersRSI2_01_standard.set -> LarryConnersRSI2_01_otp.set
2025-04-27 15:16:25,175 - INFO - Successfully optimized Last-ZZ50_01_standard.set -> Last-ZZ50_01_otp.set
2025-04-27 15:16:25,177 - INFO - Successfully optimized Lavika100_01_standard.set -> Lavika100_01_otp.set
2025-04-27 15:16:25,179 - INFO - Successfully optimized LBS_01_standard.set -> LBS_01_otp.set
2025-04-27 15:16:25,188 - INFO - Successfully optimized Lego-EA_01_standard.set -> Lego-EA_01_otp.set
2025-04-27 15:16:25,205 - INFO - Successfully optimized Lesson-3-Price-Action_01_standard.set -> Lesson-3-Price-Action_01_otp.set
2025-04-27 15:16:25,210 - INFO - Successfully optimized Lesson-4-Price-Action-MA-Filter_01_standard.set -> Lesson-4-Price-Action-MA-Filter_01_otp.set
2025-04-27 15:16:25,221 - INFO - Successfully optimized Lesson-6-Trailling-ATR_01_standard.set -> Lesson-6-Trailling-ATR_01_otp.set
2025-04-27 15:16:25,226 - INFO - Successfully optimized Lesson-7-Price-action-Ket-hop-Volume-VSA_01_standard.set -> Lesson-7-Price-action-Ket-hop-Volume-VSA_01_otp.set
2025-04-27 15:16:25,230 - INFO - Successfully optimized Little-EA_01_standard.set -> Little-EA_01_otp.set
2025-04-27 15:16:25,233 - INFO - Successfully optimized Locker_01_standard.set -> Locker_01_otp.set
2025-04-27 15:16:25,237 - INFO - Successfully optimized Lock_01_standard.set -> Lock_01_otp.set
2025-04-27 15:16:25,241 - INFO - Successfully optimized Lucky_01_standard.set -> Lucky_01_otp.set
2025-04-27 15:16:25,250 - INFO - Successfully optimized MA-20Alert_01_standard.set -> MA-20Alert_01_otp.set
2025-04-27 15:16:25,254 - INFO - Successfully optimized MA-20AO-20Arrow_01_standard.set -> MA-20AO-20Arrow_01_otp.set
2025-04-27 15:16:25,258 - INFO - Successfully optimized MA-AO-EA_01_standard.set -> MA-AO-EA_01_otp.set
2025-04-27 15:16:25,261 - INFO - Successfully optimized ma-channels_01_standard.set -> ma-channels_01_otp.set
2025-04-27 15:16:25,264 - INFO - Successfully optimized MA-Cross_01_standard.set -> MA-Cross_01_otp.set
2025-04-27 15:16:25,268 - INFO - Successfully optimized MA-Envelopes_01_standard.set -> MA-Envelopes_01_otp.set
2025-04-27 15:16:25,274 - INFO - Successfully optimized MA-MACD-Position-averaging_01_standard.set -> MA-MACD-Position-averaging_01_otp.set
2025-04-27 15:16:25,280 - INFO - Successfully optimized MA-Trend_01_standard.set -> MA-Trend_01_otp.set
2025-04-27 15:16:25,286 - INFO - Successfully optimized MA2CCI_01_standard.set -> MA2CCI_01_otp.set
2025-04-27 15:16:25,290 - INFO - Successfully optimized MACD-and-SAR_01_standard.set -> MACD-and-SAR_01_otp.set
2025-04-27 15:16:25,296 - INFO - Successfully optimized MACD-Cleaner_01_standard.set -> MACD-Cleaner_01_otp.set
2025-04-27 15:16:25,302 - INFO - Successfully optimized MACD-EA-H4_01_standard.set -> MACD-EA-H4_01_otp.set
2025-04-27 15:16:25,307 - INFO - Successfully optimized MACD-No-Sample_01_standard.set -> MACD-No-Sample_01_otp.set
2025-04-27 15:16:25,318 - INFO - Successfully optimized MACD-signal_01_standard.set -> MACD-signal_01_otp.set
2025-04-27 15:16:25,321 - INFO - Successfully optimized MACD-Stochastic-2_01_standard.set -> MACD-Stochastic-2_01_otp.set
2025-04-27 15:16:25,326 - INFO - Successfully optimized MACD-Stochastic_01_standard.set -> MACD-Stochastic_01_otp.set
2025-04-27 15:16:25,329 - INFO - Successfully optimized MACDCCI_01_standard.set -> MACDCCI_01_otp.set
2025-04-27 15:16:25,333 - INFO - Successfully optimized MacdPatternTraderAll0.01_01_standard.set -> MacdPatternTraderAll0.01_01_otp.set
2025-04-27 15:16:25,336 - INFO - Successfully optimized MacdPatternTraderAll_01_standard.set -> MacdPatternTraderAll_01_otp.set
2025-04-27 15:16:25,339 - INFO - Successfully optimized MACD_01_standard.set -> MACD_01_otp.set
2025-04-27 15:16:25,343 - INFO - Successfully optimized MAGrid_01_standard.set -> MAGrid_01_otp.set
2025-04-27 15:16:25,347 - INFO - Successfully optimized MAMACD_01_standard.set -> MAMACD_01_otp.set
2025-04-27 15:16:25,350 - INFO - Successfully optimized Market-Capture_01_standard.set -> Market-Capture_01_otp.set
2025-04-27 15:16:25,352 - INFO - Successfully optimized Martin-1_01_standard.set -> Martin-1_01_otp.set
2025-04-27 15:16:25,356 - INFO - Successfully optimized Martin-for-small-deposits_01_standard.set -> Martin-for-small-deposits_01_otp.set
2025-04-27 15:16:25,359 - INFO - Successfully optimized MartingailExpert_01_standard.set -> MartingailExpert_01_otp.set
2025-04-27 15:16:25,363 - INFO - Successfully optimized MartinGaleBreakout_01_standard.set -> MartinGaleBreakout_01_otp.set
2025-04-27 15:16:25,367 - INFO - Successfully optimized Martin_01_standard.set -> Martin_01_otp.set
2025-04-27 15:16:25,371 - INFO - Successfully optimized Marubozu-EA_01_standard.set -> Marubozu-EA_01_otp.set
2025-04-27 15:16:25,374 - INFO - Successfully optimized Marubozu_01_standard.set -> Marubozu_01_otp.set
2025-04-27 15:16:25,376 - INFO - Successfully optimized MelBar-EuSwiss-1.85_01_standard.set -> MelBar-EuSwiss-1.85_01_otp.set
2025-04-27 15:16:25,379 - INFO - Successfully optimized MelBar™Take325-™-5.5Y-NZD-USD_01_standard.set -> MelBar™Take325-™-5.5Y-NZD-USD_01_otp.set
2025-04-27 15:16:25,381 - INFO - Successfully optimized Mobo-Bands-EA_01_standard.set -> Mobo-Bands-EA_01_otp.set
2025-04-27 15:16:25,384 - INFO - Successfully optimized Mobo-Bands_01_standard.set -> Mobo-Bands_01_otp.set
2025-04-27 15:16:25,386 - INFO - Successfully optimized Modified-Moving-Averages_01_standard.set -> Modified-Moving-Averages_01_otp.set
2025-04-27 15:16:25,389 - INFO - Successfully optimized Momentum-M15_01_standard.set -> Momentum-M15_01_otp.set
2025-04-27 15:16:25,391 - INFO - Successfully optimized Momo-trades_01_standard.set -> Momo-trades_01_otp.set
2025-04-27 15:16:25,393 - INFO - Successfully optimized Money-Fixed-Margin_01_standard.set -> Money-Fixed-Margin_01_otp.set
2025-04-27 15:16:25,395 - INFO - Successfully optimized Money-Fixed-Risk_01_standard.set -> Money-Fixed-Risk_01_otp.set
2025-04-27 15:16:25,397 - INFO - Successfully optimized MoneyRain_01_standard.set -> MoneyRain_01_otp.set
2025-04-27 15:16:25,399 - INFO - Successfully optimized Morning-evening-star-EA_01_standard.set -> Morning-evening-star-EA_01_otp.set
2025-04-27 15:16:25,401 - INFO - Successfully optimized MostasHaR15-Pivot_01_standard.set -> MostasHaR15-Pivot_01_otp.set
2025-04-27 15:16:25,403 - INFO - Successfully optimized Moving-20average-20and-20ichimoku-20EA_01_standard.set -> Moving-20average-20and-20ichimoku-20EA_01_otp.set
2025-04-27 15:16:25,405 - INFO - Successfully optimized Moving-Average-Trade-System_01_standard.set -> Moving-Average-Trade-System_01_otp.set
2025-04-27 15:16:25,407 - INFO - Successfully optimized Moving-Averages_01_standard.set -> Moving-Averages_01_otp.set
2025-04-27 15:16:25,409 - INFO - Successfully optimized MovingAverageMartinGale_01_standard.set -> MovingAverageMartinGale_01_otp.set
2025-04-27 15:16:25,411 - INFO - Successfully optimized MovingAverage_01_standard.set -> MovingAverage_01_otp.set
2025-04-27 15:16:25,413 - INFO - Successfully optimized MQL5-Wizard-MA-RSI_01_standard.set -> MQL5-Wizard-MA-RSI_01_otp.set
2025-04-27 15:16:25,415 - INFO - Successfully optimized MQL5-Wizard-MACD-Parabolic-SAR_01_standard.set -> MQL5-Wizard-MACD-Parabolic-SAR_01_otp.set
2025-04-27 15:16:25,418 - INFO - Successfully optimized MTC-Сombo_01_standard.set -> MTC-Сombo_01_otp.set
2025-04-27 15:16:25,420 - INFO - Successfully optimized Multi-Stochastic_01_standard.set -> Multi-Stochastic_01_otp.set
2025-04-27 15:16:25,422 - INFO - Successfully optimized MultiMartin_01_standard.set -> MultiMartin_01_otp.set
2025-04-27 15:16:25,424 - INFO - Successfully optimized MySystem_01_standard.set -> MySystem_01_otp.set
2025-04-27 15:16:25,426 - INFO - Successfully optimized N-Candles_01_standard.set -> N-Candles_01_otp.set
2025-04-27 15:16:25,428 - INFO - Successfully optimized Nevalyashka-BreakdownLevel_01_standard.set -> Nevalyashka-BreakdownLevel_01_otp.set
2025-04-27 15:16:25,431 - INFO - Successfully optimized Nevalyashka3-1_01_standard.set -> Nevalyashka3-1_01_otp.set
2025-04-27 15:16:25,433 - INFO - Successfully optimized Nevalyashka_01_standard.set -> Nevalyashka_01_otp.set
2025-04-27 15:16:25,435 - INFO - Successfully optimized New-Martin_01_standard.set -> New-Martin_01_otp.set
2025-04-27 15:16:25,437 - INFO - Successfully optimized New-Random_01_standard.set -> New-Random_01_otp.set
2025-04-27 15:16:25,439 - INFO - Successfully optimized Nextbar_01_standard.set -> Nextbar_01_otp.set
2025-04-27 15:16:25,441 - INFO - Successfully optimized Night-Flat-Trade_01_standard.set -> Night-Flat-Trade_01_otp.set
2025-04-27 15:16:25,443 - INFO - Successfully optimized NightScalper_01_standard.set -> NightScalper_01_otp.set
2025-04-27 15:16:25,445 - INFO - Successfully optimized NRTR-Revers_01_standard.set -> NRTR-Revers_01_otp.set
2025-04-27 15:16:25,447 - INFO - Successfully optimized NUp1Down_01_standard.set -> NUp1Down_01_otp.set
2025-04-27 15:16:25,448 - INFO - Successfully optimized Open-Candle-EA_01_standard.set -> Open-Candle-EA_01_otp.set
2025-04-27 15:16:25,450 - INFO - Successfully optimized Open-Close_01_standard.set -> Open-Close_01_otp.set
2025-04-27 15:16:25,452 - INFO - Successfully optimized Opening-and-ilosing-on-time_01_standard.set -> Opening-and-ilosing-on-time_01_otp.set
2025-04-27 15:16:25,454 - INFO - Successfully optimized Opening-and-Сlosing-on-time_01_standard.set -> Opening-and-Сlosing-on-time_01_otp.set
2025-04-27 15:16:25,456 - INFO - Successfully optimized OpenPendingorderAfterPositionGetStopLoss_01_standard.set -> OpenPendingorderAfterPositionGetStopLoss_01_otp.set
2025-04-27 15:16:25,458 - INFO - Successfully optimized OpenTicks_01_standard.set -> OpenTicks_01_otp.set
2025-04-27 15:16:25,460 - INFO - Successfully optimized ORB-EA-BOX_01_standard.set -> ORB-EA-BOX_01_otp.set
2025-04-27 15:16:25,462 - INFO - Successfully optimized OsMaSter_01_standard.set -> OsMaSter_01_otp.set
2025-04-27 15:16:25,464 - INFO - Successfully optimized OTT-20AND-20PRICE-20CROSS-20EA_01_standard.set -> OTT-20AND-20PRICE-20CROSS-20EA_01_otp.set
2025-04-27 15:16:25,466 - INFO - Successfully optimized OverHedge_01_standard.set -> OverHedge_01_otp.set
2025-04-27 15:16:25,469 - INFO - Successfully optimized OzFx_01_standard.set -> OzFx_01_otp.set
2025-04-27 15:16:25,471 - INFO - Successfully optimized Parabolic-SAR_01_standard.set -> Parabolic-SAR_01_otp.set
2025-04-27 15:16:25,474 - INFO - Successfully optimized PARSI-EA_01_standard.set -> PARSI-EA_01_otp.set
2025-04-27 15:16:25,477 - INFO - Successfully optimized Peceptron-Mult_01_standard.set -> Peceptron-Mult_01_otp.set
2025-04-27 15:16:25,479 - INFO - Successfully optimized Pending-orders-by-time-2_01_standard.set -> Pending-orders-by-time-2_01_otp.set
2025-04-27 15:16:25,482 - INFO - Successfully optimized Pending-orders-by-time_01_standard.set -> Pending-orders-by-time_01_otp.set
2025-04-27 15:16:25,483 - INFO - Successfully optimized Pendulum_01_standard.set -> Pendulum_01_otp.set
2025-04-27 15:16:25,485 - INFO - Successfully optimized Pinball-machine_01_standard.set -> Pinball-machine_01_otp.set
2025-04-27 15:16:25,488 - INFO - Successfully optimized Pinbar-Magic-EA_01_standard.set -> Pinbar-Magic-EA_01_otp.set
2025-04-27 15:16:25,490 - INFO - Successfully optimized PinBar-Magic-Indicator_01_standard.set -> PinBar-Magic-Indicator_01_otp.set
2025-04-27 15:16:25,492 - INFO - Successfully optimized Pipsover_01_standard.set -> Pipsover_01_otp.set
2025-04-27 15:16:25,495 - INFO - Successfully optimized Plan-X_01_standard.set -> Plan-X_01_otp.set
2025-04-27 15:16:25,497 - INFO - Successfully optimized Plateau_01_standard.set -> Plateau_01_otp.set
2025-04-27 15:16:25,499 - INFO - Successfully optimized Poker-SHOW_01_standard.set -> Poker-SHOW_01_otp.set
2025-04-27 15:16:25,501 - INFO - Successfully optimized Precipice-MartIn_01_standard.set -> Precipice-MartIn_01_otp.set
2025-04-27 15:16:25,503 - INFO - Successfully optimized Precipice_01_standard.set -> Precipice_01_otp.set
2025-04-27 15:16:25,505 - INFO - Successfully optimized Probe_01_standard.set -> Probe_01_otp.set
2025-04-27 15:16:25,507 - INFO - Successfully optimized Proffessor_01_standard.set -> Proffessor_01_otp.set
2025-04-27 15:16:25,509 - INFO - Successfully optimized PropFirmHelper_01_standard.set -> PropFirmHelper_01_otp.set
2025-04-27 15:16:25,511 - INFO - Successfully optimized PROphet_01_standard.set -> PROphet_01_otp.set
2025-04-27 15:16:25,513 - INFO - Successfully optimized Puria-method_01_standard.set -> Puria-method_01_otp.set
2025-04-27 15:16:25,515 - INFO - Successfully optimized Rabbit3_01_standard.set -> Rabbit3_01_otp.set
2025-04-27 15:16:25,517 - INFO - Successfully optimized Range-Breakout_01_standard.set -> Range-Breakout_01_otp.set
2025-04-27 15:16:25,519 - INFO - Successfully optimized Rapid-Doji-EA_01_standard.set -> Rapid-Doji-EA_01_otp.set
2025-04-27 15:16:25,521 - INFO - Successfully optimized Raymond-Cloudy-Day-for-EA_01_standard.set -> Raymond-Cloudy-Day-for-EA_01_otp.set
2025-04-27 15:16:25,524 - INFO - Successfully optimized Reflex-EA_01_standard.set -> Reflex-EA_01_otp.set
2025-04-27 15:16:25,525 - INFO - Successfully optimized REFLEX-INDICATOR_01_standard.set -> REFLEX-INDICATOR_01_otp.set
2025-04-27 15:16:25,528 - INFO - Successfully optimized Reflex_01_standard.set -> Reflex_01_otp.set
2025-04-27 15:16:25,530 - INFO - Successfully optimized Reversing-Martingale_01_standard.set -> Reversing-Martingale_01_otp.set
2025-04-27 15:16:25,532 - INFO - Successfully optimized RideAlligator_01_standard.set -> RideAlligator_01_otp.set
2025-04-27 15:16:25,534 - INFO - Successfully optimized RNN_01_standard.set -> RNN_01_otp.set
2025-04-27 15:16:25,536 - INFO - Successfully optimized Robot-MACD_01_standard.set -> Robot-MACD_01_otp.set
2025-04-27 15:16:25,538 - INFO - Successfully optimized RobotPowerM5-meta4_01_standard.set -> RobotPowerM5-meta4_01_otp.set
2025-04-27 15:16:25,540 - INFO - Successfully optimized Rollback-system_01_standard.set -> Rollback-system_01_otp.set
2025-04-27 15:16:25,542 - INFO - Successfully optimized RSI-and-Bollinger-Bands_01_standard.set -> RSI-and-Bollinger-Bands_01_otp.set
2025-04-27 15:16:25,544 - INFO - Successfully optimized RSI-Arrow-EA_01_standard.set -> RSI-Arrow-EA_01_otp.set
2025-04-27 15:16:25,546 - INFO - Successfully optimized RSI-Arrow_01_standard.set -> RSI-Arrow_01_otp.set
2025-04-27 15:16:25,547 - INFO - Successfully optimized RSI-EA_01_standard.set -> RSI-EA_01_otp.set
2025-04-27 15:16:25,550 - INFO - Successfully optimized RSI-Eraser_01_standard.set -> RSI-Eraser_01_otp.set
2025-04-27 15:16:25,552 - INFO - Successfully optimized RSI-Expert_01_standard.set -> RSI-Expert_01_otp.set
2025-04-27 15:16:25,554 - INFO - Successfully optimized RSI-Levels_01_standard.set -> RSI-Levels_01_otp.set
2025-04-27 15:16:25,556 - INFO - Successfully optimized RSI-trader_01_standard.set -> RSI-trader_01_otp.set
2025-04-27 15:16:25,558 - INFO - Successfully optimized RSI-Trend-EA_01_standard.set -> RSI-Trend-EA_01_otp.set
2025-04-27 15:16:25,560 - INFO - Successfully optimized RSI-Trend_01_standard.set -> RSI-Trend_01_otp.set
2025-04-27 15:16:25,563 - INFO - Successfully optimized RSI-with-channels-EA_01_standard.set -> RSI-with-channels-EA_01_otp.set
2025-04-27 15:16:25,565 - INFO - Successfully optimized RSI-with-channels_01_standard.set -> RSI-with-channels_01_otp.set
2025-04-27 15:16:25,567 - INFO - Successfully optimized Russian20-hp1_01_standard.set -> Russian20-hp1_01_otp.set
2025-04-27 15:16:25,569 - INFO - Successfully optimized SampleCheckPendingOrder_01_standard.set -> SampleCheckPendingOrder_01_otp.set
2025-04-27 15:16:25,571 - INFO - Successfully optimized SAR-trading_01_standard.set -> SAR-trading_01_otp.set
2025-04-27 15:16:25,575 - INFO - Successfully optimized Secwenta_01_standard.set -> Secwenta_01_otp.set
2025-04-27 15:16:25,577 - INFO - Successfully optimized Sell-Stop_01_standard.set -> Sell-Stop_01_otp.set
2025-04-27 15:16:25,579 - INFO - Successfully optimized Sensitive_01_standard.set -> Sensitive_01_otp.set
2025-04-27 15:16:25,581 - INFO - Successfully optimized Separate-trade_01_standard.set -> Separate-trade_01_otp.set
2025-04-27 15:16:25,582 - INFO - Successfully optimized SilverTrend_01_standard.set -> SilverTrend_01_otp.set
2025-04-27 15:16:25,585 - INFO - Successfully optimized Simple-20Price-20Alert-20-20EA_01_standard.set -> Simple-20Price-20Alert-20-20EA_01_otp.set
2025-04-27 15:16:25,586 - INFO - Successfully optimized Simple-20Volume-20EA_01_standard.set -> Simple-20Volume-20EA_01_otp.set
2025-04-27 15:16:25,588 - INFO - Successfully optimized Simple-EA-MA-plus-MACD_01_standard.set -> Simple-EA-MA-plus-MACD_01_otp.set
2025-04-27 15:16:25,590 - INFO - Successfully optimized Simple-FX_01_standard.set -> Simple-FX_01_otp.set
2025-04-27 15:16:25,592 - INFO - Successfully optimized Simple-MACD_01_standard.set -> Simple-MACD_01_otp.set
2025-04-27 15:16:25,594 - INFO - Successfully optimized Simple-Volume-EA_01_standard.set -> Simple-Volume-EA_01_otp.set
2025-04-27 15:16:25,595 - INFO - Successfully optimized SimplePivot_01_standard.set -> SimplePivot_01_otp.set
2025-04-27 15:16:25,597 - INFO - Successfully optimized Simplest-Hedging-EA-ever_01_standard.set -> Simplest-Hedging-EA-ever_01_otp.set
2025-04-27 15:16:25,599 - INFO - Successfully optimized SimpleTrade _01_standard.set -> SimpleTrade _01_otp.set
2025-04-27 15:16:25,601 - INFO - Successfully optimized Six-Soldiers-EA-Grid_01_standard.set -> Six-Soldiers-EA-Grid_01_otp.set
2025-04-27 15:16:25,603 - INFO - Successfully optimized Six-Soldiers-EA_01_standard.set -> Six-Soldiers-EA_01_otp.set
2025-04-27 15:16:25,605 - INFO - Successfully optimized Six-Soldiers_01_standard.set -> Six-Soldiers_01_otp.set
2025-04-27 15:16:25,607 - INFO - Successfully optimized Small-Inside-Bar-Strategy_01_standard.set -> Small-Inside-Bar-Strategy_01_otp.set
2025-04-27 15:16:25,609 - INFO - Successfully optimized Smart-Machine-20EA_01_standard.set -> Smart-Machine-20EA_01_otp.set
2025-04-27 15:16:25,611 - INFO - Successfully optimized Smoothing-Average_01_standard.set -> Smoothing-Average_01_otp.set
2025-04-27 15:16:25,613 - INFO - Successfully optimized Spasm_01_standard.set -> Spasm_01_otp.set
2025-04-27 15:16:25,614 - INFO - Successfully optimized ssb5-123_01_standard.set -> ssb5-123_01_otp.set
2025-04-27 15:16:25,616 - INFO - Successfully optimized Starter_01_standard.set -> Starter_01_otp.set
2025-04-27 15:16:25,618 - INFO - Successfully optimized Steve-Cartwright-Trader-Camel-CCI-MACD_01_standard.set -> Steve-Cartwright-Trader-Camel-CCI-MACD_01_otp.set
2025-04-27 15:16:25,620 - INFO - Successfully optimized Stoch-EA-1192_01_standard.set -> Stoch-EA-1192_01_otp.set
2025-04-27 15:16:25,622 - INFO - Successfully optimized Stochastic-20Alert_01_standard.set -> Stochastic-20Alert_01_otp.set
2025-04-27 15:16:25,624 - INFO - Successfully optimized Stochastic-K-Divergence.lua_01_standard.set -> Stochastic-K-Divergence.lua_01_otp.set
2025-04-27 15:16:25,625 - INFO - Successfully optimized stochastic-three-periods_01_standard.set -> stochastic-three-periods_01_otp.set
2025-04-27 15:16:25,627 - INFO - Successfully optimized StochasticDiffSign-EA_01_standard.set -> StochasticDiffSign-EA_01_otp.set
2025-04-27 15:16:25,629 - INFO - Successfully optimized stochasticdiffsign_01_standard.set -> stochasticdiffsign_01_otp.set
2025-04-27 15:16:25,631 - INFO - Successfully optimized StochMA-EA_01_standard.set -> StochMA-EA_01_otp.set
2025-04-27 15:16:25,633 - INFO - Successfully optimized StochMA_01_standard.set -> StochMA_01_otp.set
2025-04-27 15:16:25,635 - INFO - Successfully optimized Stoch_01_standard.set -> Stoch_01_otp.set
2025-04-27 15:16:25,637 - INFO - Successfully optimized Stop-Loss-Take-Profit_01_standard.set -> Stop-Loss-Take-Profit_01_otp.set
2025-04-27 15:16:25,640 - INFO - Successfully optimized StraddleqTrail_01_standard.set -> StraddleqTrail_01_otp.set
2025-04-27 15:16:25,642 - INFO - Successfully optimized Surefirething_01_standard.set -> Surefirething_01_otp.set
2025-04-27 15:16:25,644 - INFO - Successfully optimized TDSGlobal_01_standard.set -> TDSGlobal_01_otp.set
2025-04-27 15:16:25,646 - INFO - Successfully optimized The-MasterMind-2_01_standard.set -> The-MasterMind-2_01_otp.set
2025-04-27 15:16:25,648 - INFO - Successfully optimized The-MasterMind-3_01_standard.set -> The-MasterMind-3_01_otp.set
2025-04-27 15:16:25,650 - INFO - Successfully optimized The-MasterMind_01_standard.set -> The-MasterMind_01_otp.set
2025-04-27 15:16:25,652 - INFO - Successfully optimized The-Puncher_01_standard.set -> The-Puncher_01_otp.set
2025-04-27 15:16:25,654 - INFO - Successfully optimized TheClassicTurtleTrader-no-dots-EA_01_standard.set -> TheClassicTurtleTrader-no-dots-EA_01_otp.set
2025-04-27 15:16:25,656 - INFO - Successfully optimized TheClassicTurtleTrader-no-dots_01_standard.set -> TheClassicTurtleTrader-no-dots_01_otp.set
2025-04-27 15:16:25,658 - INFO - Successfully optimized Three-indicators_01_standard.set -> Three-indicators_01_otp.set
2025-04-27 15:16:25,661 - INFO - Successfully optimized Three-neural-networks_01_standard.set -> Three-neural-networks_01_otp.set
2025-04-27 15:16:25,663 - INFO - Successfully optimized Three-timeframes_01_standard.set -> Three-timeframes_01_otp.set
2025-04-27 15:16:25,665 - INFO - Successfully optimized Three-Typical-Candles_01_standard.set -> Three-Typical-Candles_01_otp.set
2025-04-27 15:16:25,666 - INFO - Successfully optimized Time-sync-forts_01_standard.set -> Time-sync-forts_01_otp.set
2025-04-27 15:16:25,668 - INFO - Successfully optimized timer-trade_01_standard.set -> timer-trade_01_otp.set
2025-04-27 15:16:25,670 - INFO - Successfully optimized TMA-ATR-Channel_01_standard.set -> TMA-ATR-Channel_01_otp.set
2025-04-27 15:16:25,672 - INFO - Successfully optimized TMA-ATR-EA_01_standard.set -> TMA-ATR-EA_01_otp.set
2025-04-27 15:16:25,674 - INFO - Successfully optimized TMA-CG-EA_01_standard.set -> TMA-CG-EA_01_otp.set
2025-04-27 15:16:25,676 - INFO - Successfully optimized TMA-CG-Martingale-20EA_01_standard.set -> TMA-CG-Martingale-20EA_01_otp.set
2025-04-27 15:16:25,678 - INFO - Successfully optimized TMA-CG-mladen_01_standard.set -> TMA-CG-mladen_01_otp.set
2025-04-27 15:16:25,680 - INFO - Successfully optimized TMA-CG-special_01_standard.set -> TMA-CG-special_01_otp.set
2025-04-27 15:16:25,682 - INFO - Successfully optimized TMA-slope-bands_01_standard.set -> TMA-slope-bands_01_otp.set
2025-04-27 15:16:25,684 - INFO - Successfully optimized TmaTrue-2.0-with-Distances-6xx_01_standard.set -> TmaTrue-2.0-with-Distances-6xx_01_otp.set
2025-04-27 15:16:25,685 - INFO - Successfully optimized TmaTrue-3.0-with-Distances-6xx_01_standard.set -> TmaTrue-3.0-with-Distances-6xx_01_otp.set
2025-04-27 15:16:25,687 - INFO - Successfully optimized TP-with-money_01_standard.set -> TP-with-money_01_otp.set
2025-04-27 15:16:25,690 - INFO - Successfully optimized Trade-in-Channel_01_standard.set -> Trade-in-Channel_01_otp.set
2025-04-27 15:16:25,691 - INFO - Successfully optimized Trade-on-qualified-RSI_01_standard.set -> Trade-on-qualified-RSI_01_otp.set
2025-04-27 15:16:25,693 - INFO - Successfully optimized Trading-Breakout-MrThanhTan_01_standard.set -> Trading-Breakout-MrThanhTan_01_otp.set
2025-04-27 15:16:25,696 - INFO - Successfully optimized Trend-Trader-Strategy-EA_01_standard.set -> Trend-Trader-Strategy-EA_01_otp.set
2025-04-27 15:16:25,698 - INFO - Successfully optimized Trend-Trader-Strategy_01_standard.set -> Trend-Trader-Strategy_01_otp.set
2025-04-27 15:16:25,700 - INFO - Successfully optimized Tru-EA_01_standard.set -> Tru-EA_01_otp.set
2025-04-27 15:16:25,702 - INFO - Successfully optimized True-Scalper-Profit-Lock_01_standard.set -> True-Scalper-Profit-Lock_01_otp.set
2025-04-27 15:16:25,704 - INFO - Successfully optimized TrueSort-1100_01_standard.set -> TrueSort-1100_01_otp.set
2025-04-27 15:16:25,706 - INFO - Successfully optimized Tunnel-gen4_01_standard.set -> Tunnel-gen4_01_otp.set
2025-04-27 15:16:25,709 - INFO - Successfully optimized Tunnel-Method_01_standard.set -> Tunnel-Method_01_otp.set
2025-04-27 15:16:25,711 - INFO - Successfully optimized TurnGrid_01_standard.set -> TurnGrid_01_otp.set
2025-04-27 15:16:25,713 - INFO - Successfully optimized Two PerBar _01_standard.set -> Two PerBar _01_otp.set
2025-04-27 15:16:25,715 - INFO - Successfully optimized Two-20MA-20RSI-20ADX-20EA_01_standard.set -> Two-20MA-20RSI-20ADX-20EA_01_otp.set
2025-04-27 15:16:25,717 - INFO - Successfully optimized Two-20Orders-20Panel_01_standard.set -> Two-20Orders-20Panel_01_otp.set
2025-04-27 15:16:25,719 - INFO - Successfully optimized Two-pending-orders-2_01_standard.set -> Two-pending-orders-2_01_otp.set
2025-04-27 15:16:25,721 - INFO - Successfully optimized UnityPro_01_standard.set -> UnityPro_01_otp.set
2025-04-27 15:16:25,724 - INFO - Successfully optimized UniversalMACrossEA_01_standard.set -> UniversalMACrossEA_01_otp.set
2025-04-27 15:16:25,726 - INFO - Successfully optimized UniversalSignalDemo_01_standard.set -> UniversalSignalDemo_01_otp.set
2025-04-27 15:16:25,728 - INFO - Successfully optimized Universum-3.0_01_standard.set -> Universum-3.0_01_otp.set
2025-04-27 15:16:25,731 - INFO - Successfully optimized UnNomGuai-20EA_01_standard.set -> UnNomGuai-20EA_01_otp.set
2025-04-27 15:16:25,734 - INFO - Successfully optimized up3x1-Investor_01_standard.set -> up3x1-Investor_01_otp.set
2025-04-27 15:16:25,736 - INFO - Successfully optimized up3x1-premium-M_01_standard.set -> up3x1-premium-M_01_otp.set
2025-04-27 15:16:25,739 - INFO - Successfully optimized up3x1_01_standard.set -> up3x1_01_otp.set
2025-04-27 15:16:25,741 - INFO - Successfully optimized Urdala-Trol_01_standard.set -> Urdala-Trol_01_otp.set
2025-04-27 15:16:25,744 - INFO - Successfully optimized Very-Blonde-System_01_standard.set -> Very-Blonde-System_01_otp.set
2025-04-27 15:16:25,748 - INFO - Successfully optimized Virtual-Trailing-Stop_01_standard.set -> Virtual-Trailing-Stop_01_otp.set
2025-04-27 15:16:25,752 - INFO - Successfully optimized VLT-TRADER_01_standard.set -> VLT-TRADER_01_otp.set
2025-04-27 15:16:25,754 - INFO - Successfully optimized Volume-trader_01_standard.set -> Volume-trader_01_otp.set
2025-04-27 15:16:25,757 - INFO - Successfully optimized Vortex-Indicator-System_01_standard.set -> Vortex-Indicator-System_01_otp.set
2025-04-27 15:16:25,760 - INFO - Successfully optimized VR-Overturn_01_standard.set -> VR-Overturn_01_otp.set
2025-04-27 15:16:25,763 - INFO - Successfully optimized VR-ZVER-v.2_01_standard.set -> VR-ZVER-v.2_01_otp.set
2025-04-27 15:16:25,766 - INFO - Successfully optimized VR-ZVER_01_standard.set -> VR-ZVER_01_otp.set
2025-04-27 15:16:25,768 - INFO - Successfully optimized VZO_01_standard.set -> VZO_01_otp.set
2025-04-27 15:16:25,770 - INFO - Successfully optimized Waddah-Attar-Win_01_standard.set -> Waddah-Attar-Win_01_otp.set
2025-04-27 15:16:25,773 - INFO - Successfully optimized WE-TRUST_01_standard.set -> WE-TRUST_01_otp.set
2025-04-27 15:16:25,775 - INFO - Successfully optimized X-RSIOMA_01_standard.set -> X-RSIOMA_01_otp.set
2025-04-27 15:16:25,777 - INFO - Successfully optimized Yesterday-Today_01_standard.set -> Yesterday-Today_01_otp.set
